cluster,city,date,id,latitude,longitude,message,type,userId
cluster_E,Évora,2023-04-05 16:34:27,match_00000,39.193063,-7.912367,Mensagem de cluster cluster_C para utilizador,suggestion,user_0026
cluster_A,Faro,2024-02-15 17:21:12,match_00001,36.924042,-7.730222,Mensagem de cluster cluster_D para utilizador,suggestion,user_0152
cluster_A,Évora,2024-01-15 09:14:44,match_00002,37.975982,-6.142231,Mensagem de cluster cluster_D para utilizador,suggestion,user_0060
cluster_C,Lisboa,2024-04-06 06:08:43,match_00003,41.895786,-6.518535,Mensagem de cluster cluster_E para utilizador,alert,user_0058
cluster_B,Viseu,2023-12-26 12:40:40,match_00004,38.926725,-8.451291,Mensagem de cluster cluster_A para utilizador,suggestion,user_0191
cluster_C,Porto,2023-05-12 07:58:28,match_00005,40.001176,-7.624978,Mensagem de cluster cluster_B para utilizador,invite,user_0008
cluster_C,Porto,2024-03-20 20:47:19,match_00006,41.424658,-9.498943,Mensagem de cluster cluster_A para utilizador,suggestion,user_0026
cluster_B,Évora,2024-06-01 06:26:43,match_00007,37.002621,-8.107465,Mensagem de cluster cluster_C para utilizador,info,user_0110
cluster_A,Leiria,2024-12-15 20:35:39,match_00008,40.198037,-8.942828,Mensagem de cluster cluster_A para utilizador,alert,user_0186
cluster_D,Évora,2023-01-02 03:41:51,match_00009,38.341885,-7.081374,Mensagem de cluster cluster_D para utilizador,invite,user_0166
cluster_E,Setúbal,2023-01-18 12:14:55,match_00010,38.296241,-8.748295,Mensagem de cluster cluster_A para utilizador,alert,user_0049
cluster_D,Braga,2024-04-01 14:04:19,match_00011,38.024257,-6.953755,Mensagem de cluster cluster_C para utilizador,info,user_0043
cluster_E,Faro,2023-03-28 02:03:31,match_00012,41.013646,-8.435257,Mensagem de cluster cluster_A para utilizador,suggestion,user_0187
cluster_B,Viseu,2024-09-11 02:10:57,match_00013,38.764739,-6.352183,Mensagem de cluster cluster_C para utilizador,alert,user_0021
cluster_B,Porto,2024-08-06 16:22:02,match_00014,37.235583,-7.985584,Mensagem de cluster cluster_A para utilizador,alert,user_0141
cluster_C,Leiria,2024-12-30 06:15:08,match_00015,37.384256,-6.64564,Mensagem de cluster cluster_E para utilizador,suggestion,user_0099
cluster_B,Setúbal,2023-10-30 06:00:02,match_00016,37.643072,-7.364236,Mensagem de cluster cluster_B para utilizador,alert,user_0131
cluster_E,Leiria,2023-09-01 16:02:25,match_00017,41.394638,-6.176846,Mensagem de cluster cluster_D para utilizador,alert,user_0089
cluster_D,Leiria,2024-02-14 02:28:46,match_00018,39.037217,-6.974743,Mensagem de cluster cluster_D para utilizador,alert,user_0160
cluster_D,Évora,2024-04-10 09:03:43,match_00019,41.480247,-7.025809,Mensagem de cluster cluster_A para utilizador,info,user_0021
cluster_D,Faro,2023-01-09 05:55:41,match_00020,40.987397,-8.599456,Mensagem de cluster cluster_A para utilizador,info,user_0014
cluster_D,Coimbra,2023-05-27 20:47:55,match_00021,41.089413,-7.783477,Mensagem de cluster cluster_A para utilizador,info,user_0136
cluster_C,Lisboa,2023-07-25 14:05:59,match_00022,38.334159,-8.513613,Mensagem de cluster cluster_C para utilizador,invite,user_0007
cluster_D,Leiria,2024-07-30 20:13:30,match_00023,38.256572,-9.434402,Mensagem de cluster cluster_A para utilizador,alert,user_0099
cluster_E,Setúbal,2023-08-13 16:10:30,match_00024,39.700342,-7.08401,Mensagem de cluster cluster_E para utilizador,suggestion,user_0187
cluster_C,Porto,2024-01-05 21:12:08,match_00025,38.989625,-8.698156,Mensagem de cluster cluster_A para utilizador,suggestion,user_0130
cluster_C,Évora,2023-08-25 11:08:44,match_00026,39.445303,-8.149098,Mensagem de cluster cluster_A para utilizador,alert,user_0069
cluster_C,Setúbal,2023-01-05 11:25:10,match_00027,37.166021,-8.532228,Mensagem de cluster cluster_B para utilizador,suggestion,user_0172
cluster_B,Coimbra,2024-05-15 15:50:34,match_00028,41.757951,-8.821238,Mensagem de cluster cluster_E para utilizador,invite,user_0066
cluster_C,Setúbal,2023-09-07 04:39:17,match_00029,37.190844,-9.271794,Mensagem de cluster cluster_A para utilizador,suggestion,user_0018
cluster_E,Setúbal,2024-06-12 19:25:45,match_00030,37.794156,-8.351174,Mensagem de cluster cluster_D para utilizador,info,user_0144
cluster_D,Faro,2024-03-25 16:12:12,match_00031,40.291003,-9.222067,Mensagem de cluster cluster_E para utilizador,info,user_0012
cluster_B,Lisboa,2023-01-22 06:08:11,match_00032,37.677508,-7.662915,Mensagem de cluster cluster_E para utilizador,info,user_0108
cluster_D,Braga,2023-05-09 05:01:17,match_00033,37.43435,-9.433278,Mensagem de cluster cluster_C para utilizador,info,user_0060
cluster_A,Évora,2023-08-30 06:37:11,match_00034,37.668102,-6.303932,Mensagem de cluster cluster_D para utilizador,suggestion,user_0054
cluster_B,Porto,2023-09-04 16:39:13,match_00035,37.209601,-6.213985,Mensagem de cluster cluster_D para utilizador,alert,user_0040
cluster_E,Viseu,2024-05-05 21:43:34,match_00036,38.156594,-8.464177,Mensagem de cluster cluster_C para utilizador,invite,user_0171
cluster_B,Viseu,2024-10-30 19:10:36,match_00037,38.255596,-8.615338,Mensagem de cluster cluster_E para utilizador,invite,user_0150
cluster_C,Lisboa,2024-08-04 23:53:48,match_00038,39.39311,-9.145022,Mensagem de cluster cluster_D para utilizador,suggestion,user_0004
cluster_B,Aveiro,2024-04-16 07:49:36,match_00039,39.093613,-6.423276,Mensagem de cluster cluster_C para utilizador,suggestion,user_0021
cluster_C,Évora,2023-12-18 11:48:05,match_00040,39.268567,-7.504663,Mensagem de cluster cluster_C para utilizador,info,user_0151
cluster_D,Setúbal,2024-04-02 20:33:09,match_00041,39.980198,-7.425575,Mensagem de cluster cluster_C para utilizador,alert,user_0170
cluster_B,Viseu,2024-10-13 04:51:42,match_00042,38.054807,-6.454088,Mensagem de cluster cluster_C para utilizador,info,user_0091
cluster_B,Faro,2024-01-27 23:40:16,match_00043,37.573521,-6.403325,Mensagem de cluster cluster_B para utilizador,alert,user_0041
cluster_E,Setúbal,2023-09-02 15:07:16,match_00044,41.294391,-6.683638,Mensagem de cluster cluster_C para utilizador,info,user_0144
cluster_A,Lisboa,2024-07-26 07:29:16,match_00045,40.069707,-6.870299,Mensagem de cluster cluster_D para utilizador,invite,user_0096
cluster_B,Leiria,2023-10-30 04:27:27,match_00046,37.203316,-6.51738,Mensagem de cluster cluster_D para utilizador,alert,user_0036
cluster_D,Lisboa,2024-06-26 02:04:58,match_00047,41.705258,-6.5217,Mensagem de cluster cluster_E para utilizador,invite,user_0122
cluster_C,Coimbra,2024-09-01 15:03:08,match_00048,40.365343,-8.246607,Mensagem de cluster cluster_A para utilizador,info,user_0017
cluster_D,Braga,2023-08-07 12:30:08,match_00049,37.658523,-6.19047,Mensagem de cluster cluster_C para utilizador,invite,user_0182
cluster_E,Coimbra,2024-06-13 05:22:19,match_00050,41.745672,-7.08895,Mensagem de cluster cluster_C para utilizador,suggestion,user_0091
cluster_B,Lisboa,2023-08-19 07:36:35,match_00051,38.727037,-8.241288,Mensagem de cluster cluster_A para utilizador,invite,user_0135
cluster_A,Viseu,2024-01-27 04:42:48,match_00052,41.82255,-7.997032,Mensagem de cluster cluster_A para utilizador,invite,user_0118
cluster_A,Coimbra,2023-06-02 00:45:30,match_00053,37.416378,-7.163754,Mensagem de cluster cluster_D para utilizador,info,user_0169
cluster_B,Coimbra,2024-05-15 09:50:33,match_00054,37.699846,-8.272264,Mensagem de cluster cluster_D para utilizador,invite,user_0102
cluster_A,Braga,2024-08-06 15:51:32,match_00055,40.187098,-6.689704,Mensagem de cluster cluster_B para utilizador,invite,user_0062
cluster_D,Aveiro,2024-10-10 06:16:34,match_00056,37.010717,-8.996584,Mensagem de cluster cluster_A para utilizador,suggestion,user_0118
cluster_C,Évora,2023-09-16 02:59:37,match_00057,36.993448,-6.414179,Mensagem de cluster cluster_E para utilizador,alert,user_0084
cluster_B,Leiria,2024-12-08 19:37:29,match_00058,40.859914,-8.475928,Mensagem de cluster cluster_A para utilizador,alert,user_0057
cluster_C,Porto,2023-07-24 17:39:34,match_00059,37.738902,-8.980777,Mensagem de cluster cluster_E para utilizador,invite,user_0099
cluster_A,Viseu,2023-01-23 18:09:13,match_00060,41.49395,-6.582717,Mensagem de cluster cluster_C para utilizador,alert,user_0033
cluster_E,Braga,2024-12-19 01:00:02,match_00061,39.029481,-8.685825,Mensagem de cluster cluster_B para utilizador,alert,user_0026
cluster_C,Setúbal,2024-04-02 08:28:12,match_00062,41.268262,-6.632454,Mensagem de cluster cluster_C para utilizador,invite,user_0088
cluster_E,Porto,2024-09-06 22:56:57,match_00063,38.988818,-8.492701,Mensagem de cluster cluster_D para utilizador,info,user_0024
cluster_D,Porto,2024-02-21 19:35:54,match_00064,39.55115,-6.324861,Mensagem de cluster cluster_E para utilizador,invite,user_0031
cluster_E,Viseu,2023-10-12 09:12:04,match_00065,38.482571,-8.755136,Mensagem de cluster cluster_D para utilizador,alert,user_0027
cluster_C,Porto,2024-03-10 11:45:41,match_00066,40.190382,-9.26319,Mensagem de cluster cluster_E para utilizador,suggestion,user_0049
cluster_C,Porto,2024-09-23 03:40:53,match_00067,38.491006,-6.315794,Mensagem de cluster cluster_D para utilizador,alert,user_0073
cluster_B,Faro,2024-07-02 14:59:04,match_00068,38.01585,-8.936872,Mensagem de cluster cluster_B para utilizador,info,user_0194
cluster_E,Lisboa,2024-05-29 20:15:48,match_00069,37.305237,-6.289949,Mensagem de cluster cluster_A para utilizador,invite,user_0198
cluster_D,Évora,2023-08-18 14:01:46,match_00070,37.188347,-6.698477,Mensagem de cluster cluster_C para utilizador,alert,user_0159
cluster_B,Lisboa,2023-01-24 02:07:34,match_00071,38.429872,-9.221454,Mensagem de cluster cluster_A para utilizador,alert,user_0153
cluster_B,Lisboa,2023-10-30 02:59:41,match_00072,40.582367,-7.98654,Mensagem de cluster cluster_C para utilizador,suggestion,user_0016
cluster_D,Faro,2023-12-29 20:23:37,match_00073,37.9281,-9.250441,Mensagem de cluster cluster_A para utilizador,info,user_0109
cluster_B,Évora,2023-06-23 11:29:31,match_00074,38.396137,-8.378726,Mensagem de cluster cluster_C para utilizador,alert,user_0134
cluster_D,Braga,2023-11-26 21:23:56,match_00075,41.425857,-8.30489,Mensagem de cluster cluster_D para utilizador,alert,user_0087
cluster_A,Évora,2024-11-25 00:43:57,match_00076,40.095787,-7.461247,Mensagem de cluster cluster_B para utilizador,invite,user_0111
cluster_B,Leiria,2023-06-07 18:46:14,match_00077,41.498612,-6.181955,Mensagem de cluster cluster_E para utilizador,info,user_0121
cluster_C,Coimbra,2023-08-09 16:36:59,match_00078,41.45613,-8.922804,Mensagem de cluster cluster_D para utilizador,suggestion,user_0197
cluster_A,Faro,2023-03-23 22:17:30,match_00079,37.217053,-8.380887,Mensagem de cluster cluster_D para utilizador,alert,user_0145
cluster_B,Aveiro,2024-07-27 00:13:06,match_00080,41.675047,-7.503852,Mensagem de cluster cluster_E para utilizador,info,user_0009
cluster_D,Leiria,2024-07-21 18:53:15,match_00081,37.15589,-8.917169,Mensagem de cluster cluster_A para utilizador,info,user_0090
cluster_A,Faro,2024-10-28 17:57:33,match_00082,41.528095,-7.083587,Mensagem de cluster cluster_C para utilizador,info,user_0190
cluster_A,Faro,2023-11-20 22:55:19,match_00083,39.633667,-8.127557,Mensagem de cluster cluster_D para utilizador,info,user_0013
cluster_C,Porto,2023-01-19 04:51:26,match_00084,39.565948,-6.271454,Mensagem de cluster cluster_D para utilizador,alert,user_0135
cluster_B,Leiria,2023-12-19 08:15:32,match_00085,40.46632,-7.358439,Mensagem de cluster cluster_A para utilizador,info,user_0018
cluster_B,Setúbal,2024-01-01 00:57:05,match_00086,41.296056,-8.265526,Mensagem de cluster cluster_D para utilizador,invite,user_0101
cluster_D,Faro,2023-05-19 20:30:30,match_00087,39.985023,-7.053791,Mensagem de cluster cluster_C para utilizador,invite,user_0045
cluster_A,Faro,2024-11-05 06:06:58,match_00088,39.026999,-6.648234,Mensagem de cluster cluster_E para utilizador,suggestion,user_0152
cluster_C,Coimbra,2024-06-18 16:22:02,match_00089,37.459447,-6.778369,Mensagem de cluster cluster_B para utilizador,suggestion,user_0183
cluster_D,Lisboa,2024-01-18 05:57:42,match_00090,40.846047,-8.606601,Mensagem de cluster cluster_B para utilizador,info,user_0032
cluster_D,Setúbal,2024-07-20 03:20:30,match_00091,37.541467,-8.082257,Mensagem de cluster cluster_E para utilizador,suggestion,user_0007
cluster_C,Lisboa,2023-04-15 14:31:45,match_00092,40.531829,-7.962596,Mensagem de cluster cluster_E para utilizador,info,user_0020
cluster_B,Viseu,2024-09-28 09:55:05,match_00093,39.539625,-8.179496,Mensagem de cluster cluster_E para utilizador,invite,user_0122
cluster_C,Porto,2024-08-23 03:52:00,match_00094,38.82918,-8.443064,Mensagem de cluster cluster_A para utilizador,invite,user_0147
cluster_B,Évora,2024-11-15 18:10:40,match_00095,39.964932,-6.940657,Mensagem de cluster cluster_B para utilizador,invite,user_0110
cluster_E,Lisboa,2024-05-09 00:05:12,match_00096,40.76178,-9.458438,Mensagem de cluster cluster_D para utilizador,invite,user_0190
cluster_A,Aveiro,2023-04-07 21:12:16,match_00097,41.605698,-8.50195,Mensagem de cluster cluster_A para utilizador,suggestion,user_0014
cluster_C,Aveiro,2024-06-12 22:28:38,match_00098,38.223484,-9.018501,Mensagem de cluster cluster_C para utilizador,suggestion,user_0160
cluster_D,Évora,2023-12-02 08:08:04,match_00099,41.635651,-9.062184,Mensagem de cluster cluster_E para utilizador,info,user_0009
cluster_B,Évora,2024-06-04 23:37:40,match_00100,41.70474,-8.558341,Mensagem de cluster cluster_D para utilizador,suggestion,user_0100
cluster_A,Lisboa,2024-01-17 07:28:55,match_00101,40.968153,-6.908679,Mensagem de cluster cluster_B para utilizador,invite,user_0177
cluster_A,Braga,2023-01-04 00:00:17,match_00102,41.307186,-6.203966,Mensagem de cluster cluster_D para utilizador,invite,user_0090
cluster_C,Leiria,2024-11-11 14:33:00,match_00103,40.362138,-7.750297,Mensagem de cluster cluster_A para utilizador,info,user_0093
cluster_D,Faro,2024-05-16 13:09:24,match_00104,37.095486,-8.347496,Mensagem de cluster cluster_D para utilizador,invite,user_0016
cluster_C,Faro,2024-03-09 19:55:06,match_00105,39.775393,-6.68082,Mensagem de cluster cluster_E para utilizador,invite,user_0152
cluster_D,Évora,2023-03-05 13:34:10,match_00106,40.636023,-9.271848,Mensagem de cluster cluster_B para utilizador,info,user_0158
cluster_E,Viseu,2023-12-07 19:39:56,match_00107,41.608516,-9.183229,Mensagem de cluster cluster_B para utilizador,info,user_0136
cluster_C,Aveiro,2023-02-03 16:22:07,match_00108,39.752259,-8.325755,Mensagem de cluster cluster_B para utilizador,alert,user_0079
cluster_B,Setúbal,2024-01-16 00:31:17,match_00109,40.871003,-7.975411,Mensagem de cluster cluster_B para utilizador,suggestion,user_0114
cluster_C,Faro,2024-04-26 01:24:16,match_00110,40.425194,-6.787351,Mensagem de cluster cluster_A para utilizador,suggestion,user_0138
cluster_C,Lisboa,2023-08-17 02:39:49,match_00111,38.304014,-6.354103,Mensagem de cluster cluster_A para utilizador,info,user_0164
cluster_E,Viseu,2024-02-26 14:50:53,match_00112,37.67364,-7.69366,Mensagem de cluster cluster_D para utilizador,alert,user_0024
cluster_E,Viseu,2023-08-16 20:44:36,match_00113,40.654527,-7.814808,Mensagem de cluster cluster_A para utilizador,suggestion,user_0136
cluster_C,Viseu,2024-10-13 06:12:55,match_00114,38.068842,-8.775763,Mensagem de cluster cluster_B para utilizador,invite,user_0001
cluster_D,Leiria,2023-08-23 05:49:26,match_00115,38.123458,-7.965983,Mensagem de cluster cluster_C para utilizador,info,user_0074
cluster_E,Setúbal,2023-05-21 13:23:58,match_00116,40.119731,-6.35961,Mensagem de cluster cluster_D para utilizador,info,user_0111
cluster_E,Braga,2023-07-21 22:53:59,match_00117,40.845342,-8.164142,Mensagem de cluster cluster_C para utilizador,suggestion,user_0102
cluster_D,Viseu,2023-08-21 23:30:15,match_00118,39.81166,-8.78368,Mensagem de cluster cluster_B para utilizador,invite,user_0161
cluster_A,Évora,2023-11-19 00:20:44,match_00119,41.324916,-8.353197,Mensagem de cluster cluster_C para utilizador,invite,user_0031
cluster_E,Coimbra,2023-03-27 21:14:33,match_00120,37.957216,-7.750378,Mensagem de cluster cluster_D para utilizador,info,user_0077
cluster_E,Braga,2023-04-20 00:05:56,match_00121,38.162072,-7.464811,Mensagem de cluster cluster_A para utilizador,info,user_0062
cluster_D,Évora,2023-07-19 18:07:05,match_00122,40.084778,-8.029738,Mensagem de cluster cluster_B para utilizador,invite,user_0035
cluster_D,Setúbal,2023-01-12 03:17:51,match_00123,41.046841,-6.920977,Mensagem de cluster cluster_E para utilizador,info,user_0172
cluster_C,Coimbra,2024-03-30 17:59:44,match_00124,39.596759,-7.512859,Mensagem de cluster cluster_D para utilizador,alert,user_0175
cluster_C,Viseu,2024-01-11 06:20:34,match_00125,36.951908,-7.238836,Mensagem de cluster cluster_A para utilizador,suggestion,user_0160
cluster_A,Aveiro,2023-05-31 19:14:08,match_00126,40.284716,-6.566076,Mensagem de cluster cluster_C para utilizador,invite,user_0191
cluster_A,Porto,2023-09-13 17:34:25,match_00127,40.967912,-6.556659,Mensagem de cluster cluster_B para utilizador,suggestion,user_0022
cluster_A,Setúbal,2023-08-21 11:51:20,match_00128,38.282718,-8.808072,Mensagem de cluster cluster_E para utilizador,alert,user_0135
cluster_B,Braga,2023-04-14 08:04:32,match_00129,37.170991,-7.380628,Mensagem de cluster cluster_E para utilizador,info,user_0134
cluster_D,Aveiro,2024-05-29 04:16:36,match_00130,39.48976,-7.063421,Mensagem de cluster cluster_A para utilizador,suggestion,user_0169
cluster_E,Aveiro,2023-07-26 18:51:00,match_00131,37.110776,-9.0041,Mensagem de cluster cluster_C para utilizador,suggestion,user_0012
cluster_D,Lisboa,2023-06-28 17:20:07,match_00132,38.980084,-6.634583,Mensagem de cluster cluster_D para utilizador,info,user_0168
cluster_D,Porto,2023-02-22 00:10:30,match_00133,36.989089,-8.886402,Mensagem de cluster cluster_D para utilizador,suggestion,user_0197
cluster_A,Coimbra,2024-03-23 16:21:56,match_00134,38.024834,-6.78245,Mensagem de cluster cluster_E para utilizador,suggestion,user_0186
cluster_D,Lisboa,2023-09-05 06:42:19,match_00135,38.844112,-8.951016,Mensagem de cluster cluster_D para utilizador,alert,user_0131
cluster_B,Braga,2023-11-20 20:42:23,match_00136,37.458529,-6.977953,Mensagem de cluster cluster_B para utilizador,suggestion,user_0100
cluster_E,Coimbra,2023-04-05 22:53:47,match_00137,37.47078,-8.996297,Mensagem de cluster cluster_B para utilizador,info,user_0043
cluster_A,Viseu,2023-12-10 15:17:14,match_00138,41.035309,-8.21198,Mensagem de cluster cluster_C para utilizador,info,user_0074
cluster_C,Braga,2024-05-08 02:41:19,match_00139,37.107119,-9.012045,Mensagem de cluster cluster_A para utilizador,info,user_0008
cluster_E,Faro,2023-03-19 07:50:22,match_00140,40.344831,-8.579569,Mensagem de cluster cluster_C para utilizador,invite,user_0141
cluster_C,Viseu,2023-02-09 06:34:25,match_00141,40.97241,-6.15265,Mensagem de cluster cluster_A para utilizador,alert,user_0184
cluster_C,Évora,2023-11-08 07:40:47,match_00142,37.553612,-9.133903,Mensagem de cluster cluster_A para utilizador,suggestion,user_0147
cluster_D,Aveiro,2023-05-11 15:46:55,match_00143,37.876854,-8.11802,Mensagem de cluster cluster_A para utilizador,suggestion,user_0023
cluster_E,Aveiro,2024-03-11 04:02:46,match_00144,40.107467,-7.198474,Mensagem de cluster cluster_C para utilizador,info,user_0043
cluster_B,Porto,2024-03-08 17:05:20,match_00145,38.478233,-9.178365,Mensagem de cluster cluster_E para utilizador,info,user_0024
cluster_D,Lisboa,2024-09-02 09:46:31,match_00146,39.282115,-9.129288,Mensagem de cluster cluster_B para utilizador,info,user_0131
cluster_C,Setúbal,2024-05-25 12:53:00,match_00147,41.080014,-9.012906,Mensagem de cluster cluster_A para utilizador,info,user_0142
cluster_E,Lisboa,2024-03-25 21:50:40,match_00148,37.589916,-7.307046,Mensagem de cluster cluster_E para utilizador,invite,user_0161
cluster_D,Setúbal,2023-08-17 01:57:36,match_00149,39.998263,-6.408254,Mensagem de cluster cluster_C para utilizador,alert,user_0087
cluster_E,Évora,2024-08-19 17:35:00,match_00150,41.611989,-6.691636,Mensagem de cluster cluster_B para utilizador,alert,user_0155
cluster_A,Leiria,2024-06-04 09:59:05,match_00151,37.187333,-6.157612,Mensagem de cluster cluster_C para utilizador,invite,user_0140
cluster_B,Viseu,2024-05-04 17:38:49,match_00152,37.200034,-7.534331,Mensagem de cluster cluster_D para utilizador,suggestion,user_0046
cluster_B,Viseu,2024-01-25 10:39:21,match_00153,39.673712,-6.230977,Mensagem de cluster cluster_E para utilizador,suggestion,user_0111
cluster_B,Lisboa,2024-12-11 18:54:24,match_00154,41.700379,-8.463224,Mensagem de cluster cluster_A para utilizador,alert,user_0199
cluster_C,Évora,2024-07-05 16:36:58,match_00155,38.002368,-8.066884,Mensagem de cluster cluster_C para utilizador,alert,user_0046
cluster_C,Coimbra,2023-12-06 22:58:57,match_00156,38.55396,-8.153459,Mensagem de cluster cluster_A para utilizador,suggestion,user_0082
cluster_B,Leiria,2023-04-07 05:03:11,match_00157,37.39324,-9.338985,Mensagem de cluster cluster_E para utilizador,invite,user_0144
cluster_E,Coimbra,2024-08-16 09:08:59,match_00158,38.711236,-6.679002,Mensagem de cluster cluster_E para utilizador,invite,user_0058
cluster_A,Porto,2024-11-02 08:57:07,match_00159,37.121662,-9.415958,Mensagem de cluster cluster_B para utilizador,suggestion,user_0142
cluster_C,Lisboa,2023-12-08 20:11:37,match_00160,38.84547,-7.018421,Mensagem de cluster cluster_D para utilizador,invite,user_0085
cluster_D,Évora,2023-11-29 13:50:04,match_00161,39.677439,-8.11598,Mensagem de cluster cluster_D para utilizador,info,user_0171
cluster_D,Évora,2024-05-14 16:03:14,match_00162,41.775024,-9.478758,Mensagem de cluster cluster_C para utilizador,alert,user_0025
cluster_C,Braga,2024-06-02 10:58:57,match_00163,40.99194,-8.514181,Mensagem de cluster cluster_C para utilizador,suggestion,user_0102
cluster_B,Faro,2023-12-06 17:44:52,match_00164,41.010327,-8.323166,Mensagem de cluster cluster_B para utilizador,info,user_0143
cluster_E,Viseu,2023-06-19 03:16:57,match_00165,38.040722,-6.220012,Mensagem de cluster cluster_E para utilizador,info,user_0074
cluster_A,Évora,2023-06-13 08:52:43,match_00166,37.336174,-7.252331,Mensagem de cluster cluster_E para utilizador,invite,user_0158
cluster_D,Aveiro,2024-09-20 14:24:24,match_00167,39.915374,-7.651857,Mensagem de cluster cluster_E para utilizador,invite,user_0044
cluster_C,Leiria,2024-03-26 08:49:31,match_00168,39.505691,-9.068028,Mensagem de cluster cluster_B para utilizador,alert,user_0137
cluster_E,Viseu,2024-10-28 09:20:07,match_00169,39.482519,-8.170245,Mensagem de cluster cluster_A para utilizador,alert,user_0092
cluster_B,Viseu,2023-10-14 05:11:15,match_00170,37.44504,-9.378401,Mensagem de cluster cluster_D para utilizador,suggestion,user_0082
cluster_A,Lisboa,2024-05-25 17:14:53,match_00171,39.369424,-6.91027,Mensagem de cluster cluster_A para utilizador,alert,user_0139
cluster_A,Leiria,2024-04-30 13:57:51,match_00172,37.651779,-8.946559,Mensagem de cluster cluster_E para utilizador,info,user_0102
cluster_D,Setúbal,2024-07-29 19:24:10,match_00173,39.010573,-7.478919,Mensagem de cluster cluster_D para utilizador,alert,user_0066
cluster_D,Setúbal,2024-10-06 03:42:58,match_00174,37.210813,-7.122069,Mensagem de cluster cluster_C para utilizador,info,user_0022
cluster_C,Évora,2023-11-27 21:31:09,match_00175,41.184463,-8.253869,Mensagem de cluster cluster_B para utilizador,info,user_0087
cluster_A,Leiria,2023-01-23 02:13:39,match_00176,36.9659,-7.349183,Mensagem de cluster cluster_C para utilizador,suggestion,user_0148
cluster_B,Évora,2023-12-13 23:51:28,match_00177,41.596616,-6.901608,Mensagem de cluster cluster_B para utilizador,invite,user_0109
cluster_B,Évora,2023-09-14 13:14:35,match_00178,41.214459,-8.873979,Mensagem de cluster cluster_D para utilizador,alert,user_0157
cluster_C,Braga,2023-12-03 16:57:15,match_00179,40.66304,-7.457075,Mensagem de cluster cluster_D para utilizador,suggestion,user_0090
cluster_A,Viseu,2023-05-05 16:26:35,match_00180,41.812753,-7.004797,Mensagem de cluster cluster_B para utilizador,alert,user_0191
cluster_D,Leiria,2024-07-14 14:20:07,match_00181,37.1691,-8.286036,Mensagem de cluster cluster_E para utilizador,info,user_0041
cluster_B,Coimbra,2024-03-17 05:47:34,match_00182,40.107986,-8.94753,Mensagem de cluster cluster_C para utilizador,alert,user_0123
cluster_E,Setúbal,2023-04-03 23:56:34,match_00183,41.14651,-8.527206,Mensagem de cluster cluster_B para utilizador,invite,user_0112
cluster_C,Évora,2023-03-17 03:22:20,match_00184,37.533085,-6.327546,Mensagem de cluster cluster_A para utilizador,alert,user_0093
cluster_B,Leiria,2024-08-19 19:31:36,match_00185,39.823875,-8.284677,Mensagem de cluster cluster_E para utilizador,alert,user_0083
cluster_E,Viseu,2024-08-04 15:11:46,match_00186,38.86961,-9.133818,Mensagem de cluster cluster_C para utilizador,info,user_0048
cluster_E,Braga,2023-08-26 21:14:15,match_00187,39.079136,-9.21873,Mensagem de cluster cluster_C para utilizador,alert,user_0027
cluster_B,Porto,2024-04-19 02:23:19,match_00188,41.46262,-8.886317,Mensagem de cluster cluster_E para utilizador,invite,user_0094
cluster_C,Porto,2024-08-01 11:23:24,match_00189,39.593257,-9.066458,Mensagem de cluster cluster_A para utilizador,alert,user_0159
cluster_E,Porto,2024-01-24 21:42:08,match_00190,37.36631,-7.816852,Mensagem de cluster cluster_C para utilizador,info,user_0092
cluster_E,Leiria,2023-10-20 14:18:16,match_00191,41.586081,-8.318325,Mensagem de cluster cluster_E para utilizador,suggestion,user_0153
cluster_A,Aveiro,2023-10-29 19:30:07,match_00192,37.826056,-6.639221,Mensagem de cluster cluster_D para utilizador,info,user_0177
cluster_A,Leiria,2024-03-29 05:43:37,match_00193,41.363184,-6.504333,Mensagem de cluster cluster_B para utilizador,info,user_0198
cluster_A,Leiria,2024-02-05 00:04:00,match_00194,41.754604,-7.89085,Mensagem de cluster cluster_D para utilizador,info,user_0192
cluster_E,Lisboa,2024-12-11 22:34:59,match_00195,41.289187,-6.479008,Mensagem de cluster cluster_C para utilizador,suggestion,user_0056
cluster_E,Viseu,2023-10-08 04:27:51,match_00196,40.285669,-7.96843,Mensagem de cluster cluster_D para utilizador,invite,user_0135
cluster_C,Viseu,2023-09-06 17:18:43,match_00197,40.617759,-7.317329,Mensagem de cluster cluster_A para utilizador,info,user_0070
cluster_D,Leiria,2024-08-17 03:48:11,match_00198,40.399336,-8.947382,Mensagem de cluster cluster_C para utilizador,info,user_0163
cluster_A,Lisboa,2024-03-07 09:47:52,match_00199,39.202622,-9.321219,Mensagem de cluster cluster_B para utilizador,invite,user_0021
cluster_D,Faro,2024-07-26 13:10:51,match_00200,38.272099,-8.95571,Mensagem de cluster cluster_B para utilizador,invite,user_0047
cluster_A,Coimbra,2023-11-14 19:23:49,match_00201,38.325014,-8.643726,Mensagem de cluster cluster_B para utilizador,alert,user_0060
cluster_A,Aveiro,2024-07-28 17:57:54,match_00202,40.555839,-6.946662,Mensagem de cluster cluster_A para utilizador,invite,user_0112
cluster_C,Faro,2024-02-02 12:06:39,match_00203,40.030182,-8.910082,Mensagem de cluster cluster_B para utilizador,suggestion,user_0145
cluster_C,Leiria,2023-06-22 09:25:25,match_00204,39.82442,-9.055774,Mensagem de cluster cluster_D para utilizador,info,user_0090
cluster_B,Lisboa,2024-04-28 16:58:00,match_00205,40.163044,-6.346128,Mensagem de cluster cluster_D para utilizador,info,user_0017
cluster_A,Aveiro,2023-02-26 20:42:35,match_00206,40.773931,-7.158072,Mensagem de cluster cluster_C para utilizador,suggestion,user_0199
cluster_A,Setúbal,2024-11-10 12:43:27,match_00207,40.641705,-7.890761,Mensagem de cluster cluster_B para utilizador,alert,user_0153
cluster_A,Lisboa,2024-02-24 03:46:43,match_00208,37.426982,-9.177107,Mensagem de cluster cluster_A para utilizador,info,user_0162
cluster_C,Porto,2023-12-22 05:45:46,match_00209,38.715175,-6.603911,Mensagem de cluster cluster_E para utilizador,info,user_0026
cluster_A,Coimbra,2024-03-08 06:41:53,match_00210,38.219836,-9.131921,Mensagem de cluster cluster_D para utilizador,alert,user_0006
cluster_B,Faro,2023-12-04 22:09:20,match_00211,39.591193,-7.422442,Mensagem de cluster cluster_C para utilizador,alert,user_0010
cluster_E,Lisboa,2024-02-10 05:08:11,match_00212,37.20708,-7.2299,Mensagem de cluster cluster_D para utilizador,alert,user_0081
cluster_B,Viseu,2024-08-23 01:50:37,match_00213,40.71232,-8.139528,Mensagem de cluster cluster_D para utilizador,suggestion,user_0131
cluster_E,Évora,2023-05-09 14:34:06,match_00214,37.432637,-6.401863,Mensagem de cluster cluster_C para utilizador,suggestion,user_0059
cluster_C,Coimbra,2024-11-28 19:04:40,match_00215,38.25701,-9.327618,Mensagem de cluster cluster_D para utilizador,invite,user_0112
cluster_D,Lisboa,2023-02-20 19:31:32,match_00216,40.813708,-6.718403,Mensagem de cluster cluster_D para utilizador,alert,user_0080
cluster_C,Setúbal,2023-03-21 09:12:21,match_00217,37.1578,-7.617099,Mensagem de cluster cluster_A para utilizador,suggestion,user_0197
cluster_D,Leiria,2024-08-17 06:26:56,match_00218,40.201005,-7.421907,Mensagem de cluster cluster_E para utilizador,suggestion,user_0048
cluster_E,Leiria,2024-07-17 01:56:09,match_00219,41.522391,-6.144793,Mensagem de cluster cluster_C para utilizador,invite,user_0151
cluster_D,Coimbra,2023-10-04 14:31:15,match_00220,39.988189,-7.518997,Mensagem de cluster cluster_C para utilizador,suggestion,user_0091
cluster_E,Évora,2023-12-27 20:03:03,match_00221,40.463287,-6.790105,Mensagem de cluster cluster_B para utilizador,info,user_0133
cluster_D,Viseu,2024-04-26 22:05:11,match_00222,40.861334,-8.977995,Mensagem de cluster cluster_E para utilizador,suggestion,user_0184
cluster_E,Lisboa,2023-03-08 02:08:17,match_00223,38.011232,-6.748415,Mensagem de cluster cluster_D para utilizador,alert,user_0166
cluster_D,Viseu,2024-08-19 10:25:42,match_00224,39.80482,-6.912352,Mensagem de cluster cluster_A para utilizador,invite,user_0076
cluster_E,Leiria,2024-10-09 16:49:19,match_00225,38.445284,-6.208426,Mensagem de cluster cluster_B para utilizador,alert,user_0085
cluster_B,Lisboa,2024-10-21 09:02:42,match_00226,38.147477,-6.318584,Mensagem de cluster cluster_C para utilizador,alert,user_0007
cluster_A,Leiria,2024-04-09 09:02:49,match_00227,37.862282,-8.772446,Mensagem de cluster cluster_E para utilizador,invite,user_0145
cluster_B,Setúbal,2023-01-01 03:13:46,match_00228,39.827153,-7.919227,Mensagem de cluster cluster_A para utilizador,info,user_0009
cluster_C,Viseu,2023-04-18 02:37:41,match_00229,40.87266,-6.400957,Mensagem de cluster cluster_C para utilizador,invite,user_0089
cluster_D,Évora,2023-04-19 22:16:18,match_00230,41.279445,-7.321399,Mensagem de cluster cluster_D para utilizador,info,user_0174
cluster_E,Coimbra,2024-01-23 19:36:07,match_00231,39.04293,-7.923419,Mensagem de cluster cluster_B para utilizador,info,user_0037
cluster_B,Leiria,2023-10-12 16:29:46,match_00232,38.764495,-9.129608,Mensagem de cluster cluster_E para utilizador,alert,user_0135
cluster_B,Setúbal,2024-02-26 21:21:30,match_00233,40.336535,-8.304024,Mensagem de cluster cluster_B para utilizador,alert,user_0017
cluster_E,Setúbal,2023-05-23 20:04:45,match_00234,40.801796,-7.238184,Mensagem de cluster cluster_D para utilizador,alert,user_0119
cluster_D,Viseu,2024-05-12 12:10:26,match_00235,38.166597,-6.858491,Mensagem de cluster cluster_D para utilizador,alert,user_0041
cluster_C,Setúbal,2023-08-20 02:47:31,match_00236,38.386454,-7.979632,Mensagem de cluster cluster_C para utilizador,invite,user_0064
cluster_C,Coimbra,2024-02-21 07:14:33,match_00237,39.566967,-9.310129,Mensagem de cluster cluster_B para utilizador,suggestion,user_0083
cluster_C,Évora,2024-10-28 15:20:19,match_00238,39.121928,-7.347215,Mensagem de cluster cluster_B para utilizador,invite,user_0057
cluster_E,Porto,2023-08-11 07:43:05,match_00239,40.428939,-6.366606,Mensagem de cluster cluster_B para utilizador,suggestion,user_0045
cluster_B,Porto,2024-11-19 15:11:57,match_00240,39.422425,-7.812203,Mensagem de cluster cluster_B para utilizador,invite,user_0073
cluster_C,Setúbal,2023-11-14 08:25:03,match_00241,37.457996,-6.343356,Mensagem de cluster cluster_A para utilizador,alert,user_0109
cluster_B,Leiria,2024-12-18 06:48:24,match_00242,37.729766,-8.296058,Mensagem de cluster cluster_C para utilizador,suggestion,user_0110
cluster_C,Braga,2023-09-09 07:30:58,match_00243,41.409544,-6.486356,Mensagem de cluster cluster_E para utilizador,invite,user_0136
cluster_C,Évora,2023-03-07 04:18:55,match_00244,38.036992,-6.826445,Mensagem de cluster cluster_A para utilizador,invite,user_0110
cluster_D,Leiria,2023-01-06 22:14:57,match_00245,37.15043,-6.230079,Mensagem de cluster cluster_B para utilizador,info,user_0109
cluster_E,Leiria,2024-12-21 02:06:26,match_00246,40.557273,-6.810528,Mensagem de cluster cluster_D para utilizador,invite,user_0091
cluster_D,Braga,2023-10-23 01:32:19,match_00247,40.320056,-8.406969,Mensagem de cluster cluster_D para utilizador,alert,user_0087
cluster_B,Lisboa,2023-04-04 02:46:32,match_00248,39.90038,-6.43807,Mensagem de cluster cluster_B para utilizador,invite,user_0138
cluster_B,Porto,2023-08-03 18:06:55,match_00249,39.411281,-7.222914,Mensagem de cluster cluster_A para utilizador,invite,user_0182
cluster_E,Aveiro,2023-09-27 12:47:06,match_00250,41.747902,-8.948964,Mensagem de cluster cluster_A para utilizador,alert,user_0194
cluster_C,Évora,2024-02-05 16:28:03,match_00251,37.499161,-9.343719,Mensagem de cluster cluster_C para utilizador,suggestion,user_0044
cluster_E,Lisboa,2023-02-08 18:47:25,match_00252,39.450814,-8.256125,Mensagem de cluster cluster_D para utilizador,suggestion,user_0048
cluster_C,Braga,2024-05-28 10:45:51,match_00253,39.720225,-6.824662,Mensagem de cluster cluster_B para utilizador,alert,user_0071
cluster_A,Aveiro,2024-08-22 03:35:51,match_00254,37.012465,-7.39807,Mensagem de cluster cluster_A para utilizador,suggestion,user_0002
cluster_A,Évora,2023-09-20 05:57:57,match_00255,38.959962,-7.707768,Mensagem de cluster cluster_A para utilizador,info,user_0080
cluster_E,Faro,2024-09-20 17:03:43,match_00256,40.814011,-9.487326,Mensagem de cluster cluster_E para utilizador,invite,user_0118
cluster_A,Braga,2024-09-23 22:42:26,match_00257,39.255494,-8.019298,Mensagem de cluster cluster_C para utilizador,invite,user_0006
cluster_A,Évora,2023-06-21 17:25:31,match_00258,41.276392,-8.96374,Mensagem de cluster cluster_E para utilizador,suggestion,user_0080
cluster_B,Faro,2024-05-27 14:55:38,match_00259,40.123995,-7.954471,Mensagem de cluster cluster_D para utilizador,suggestion,user_0089
cluster_C,Lisboa,2023-10-15 19:34:51,match_00260,40.730427,-6.127981,Mensagem de cluster cluster_B para utilizador,suggestion,user_0045
cluster_A,Faro,2023-08-21 05:35:25,match_00261,40.922401,-6.509568,Mensagem de cluster cluster_D para utilizador,alert,user_0010
cluster_D,Braga,2023-10-07 10:28:26,match_00262,40.347501,-8.443856,Mensagem de cluster cluster_B para utilizador,info,user_0137
cluster_B,Porto,2023-10-06 13:01:10,match_00263,40.646903,-7.482075,Mensagem de cluster cluster_A para utilizador,info,user_0032
cluster_C,Braga,2024-02-02 22:28:52,match_00264,40.376553,-7.792876,Mensagem de cluster cluster_A para utilizador,suggestion,user_0002
cluster_B,Viseu,2024-04-28 14:46:55,match_00265,39.652319,-9.05784,Mensagem de cluster cluster_B para utilizador,alert,user_0021
cluster_D,Coimbra,2023-12-13 15:44:49,match_00266,39.732665,-6.134658,Mensagem de cluster cluster_D para utilizador,suggestion,user_0131
cluster_C,Lisboa,2023-05-18 09:44:03,match_00267,37.849424,-8.054404,Mensagem de cluster cluster_D para utilizador,alert,user_0093
cluster_E,Coimbra,2023-10-08 18:06:19,match_00268,41.037196,-7.780759,Mensagem de cluster cluster_C para utilizador,alert,user_0121
cluster_E,Leiria,2024-11-05 20:55:31,match_00269,38.460687,-7.298162,Mensagem de cluster cluster_E para utilizador,invite,user_0023
cluster_B,Lisboa,2024-09-05 04:08:46,match_00270,39.578684,-8.848749,Mensagem de cluster cluster_B para utilizador,suggestion,user_0165
cluster_E,Évora,2023-04-23 14:45:46,match_00271,38.147728,-8.74443,Mensagem de cluster cluster_D para utilizador,invite,user_0200
cluster_C,Aveiro,2024-12-29 03:25:47,match_00272,40.379325,-8.845301,Mensagem de cluster cluster_A para utilizador,invite,user_0036
cluster_D,Leiria,2024-05-04 03:33:27,match_00273,41.775845,-8.192817,Mensagem de cluster cluster_D para utilizador,info,user_0014
cluster_D,Évora,2023-04-09 00:32:27,match_00274,40.909701,-8.821098,Mensagem de cluster cluster_D para utilizador,alert,user_0015
cluster_E,Leiria,2023-02-22 08:59:23,match_00275,39.995477,-6.350254,Mensagem de cluster cluster_C para utilizador,alert,user_0035
cluster_A,Viseu,2023-01-12 11:12:02,match_00276,39.737533,-7.071332,Mensagem de cluster cluster_D para utilizador,alert,user_0120
cluster_A,Braga,2024-06-10 13:51:48,match_00277,39.348856,-6.447359,Mensagem de cluster cluster_C para utilizador,alert,user_0022
cluster_A,Lisboa,2023-12-22 07:00:26,match_00278,37.924857,-6.615154,Mensagem de cluster cluster_A para utilizador,invite,user_0175
cluster_E,Porto,2023-11-15 19:35:57,match_00279,38.64005,-7.109283,Mensagem de cluster cluster_A para utilizador,alert,user_0036
cluster_E,Viseu,2024-12-23 20:36:47,match_00280,38.93197,-8.674663,Mensagem de cluster cluster_A para utilizador,info,user_0015
cluster_E,Lisboa,2023-03-03 19:18:12,match_00281,41.622845,-7.407916,Mensagem de cluster cluster_A para utilizador,info,user_0121
cluster_C,Porto,2024-04-13 20:05:44,match_00282,39.027914,-8.866584,Mensagem de cluster cluster_A para utilizador,invite,user_0096
cluster_A,Leiria,2023-10-31 13:47:15,match_00283,39.830952,-9.049581,Mensagem de cluster cluster_D para utilizador,invite,user_0186
cluster_B,Faro,2023-11-29 21:37:19,match_00284,41.512123,-7.349244,Mensagem de cluster cluster_E para utilizador,suggestion,user_0159
cluster_C,Coimbra,2024-07-29 22:01:33,match_00285,39.492132,-7.376273,Mensagem de cluster cluster_B para utilizador,suggestion,user_0169
cluster_C,Porto,2024-03-17 05:36:18,match_00286,38.157249,-8.967485,Mensagem de cluster cluster_A para utilizador,alert,user_0100
cluster_E,Braga,2023-11-07 18:20:13,match_00287,38.805031,-8.301746,Mensagem de cluster cluster_E para utilizador,invite,user_0089
cluster_E,Leiria,2023-05-12 06:03:00,match_00288,38.777696,-9.274644,Mensagem de cluster cluster_E para utilizador,invite,user_0074
cluster_C,Braga,2024-01-07 20:56:57,match_00289,40.473588,-7.066507,Mensagem de cluster cluster_E para utilizador,info,user_0026
cluster_E,Aveiro,2024-02-07 23:54:59,match_00290,38.380604,-6.142515,Mensagem de cluster cluster_D para utilizador,info,user_0030
cluster_A,Lisboa,2023-11-25 12:48:06,match_00291,40.551443,-6.984319,Mensagem de cluster cluster_C para utilizador,info,user_0122
cluster_C,Faro,2023-09-17 08:58:57,match_00292,41.346214,-6.629883,Mensagem de cluster cluster_A para utilizador,invite,user_0103
cluster_C,Porto,2023-05-16 15:03:32,match_00293,38.580365,-7.880433,Mensagem de cluster cluster_E para utilizador,suggestion,user_0140
cluster_C,Coimbra,2024-03-17 08:07:24,match_00294,37.576706,-9.175014,Mensagem de cluster cluster_B para utilizador,invite,user_0031
cluster_E,Porto,2024-02-26 21:28:57,match_00295,40.092772,-7.029538,Mensagem de cluster cluster_D para utilizador,invite,user_0109
cluster_C,Braga,2024-09-10 04:00:14,match_00296,38.704272,-8.627831,Mensagem de cluster cluster_D para utilizador,invite,user_0111
cluster_B,Faro,2023-06-22 19:51:33,match_00297,39.569931,-8.179801,Mensagem de cluster cluster_D para utilizador,suggestion,user_0111
cluster_B,Porto,2024-01-02 06:17:19,match_00298,40.070828,-7.109463,Mensagem de cluster cluster_C para utilizador,info,user_0082
cluster_A,Leiria,2023-10-27 21:52:42,match_00299,38.938715,-6.423733,Mensagem de cluster cluster_E para utilizador,alert,user_0002
cluster_C,Aveiro,2024-02-03 16:49:58,match_00300,41.523472,-7.846753,Mensagem de cluster cluster_B para utilizador,alert,user_0078
cluster_C,Faro,2023-09-25 21:18:53,match_00301,38.898073,-6.230541,Mensagem de cluster cluster_A para utilizador,alert,user_0148
cluster_E,Lisboa,2024-12-15 02:39:00,match_00302,38.436872,-7.732328,Mensagem de cluster cluster_C para utilizador,suggestion,user_0186
cluster_D,Faro,2024-02-19 17:58:50,match_00303,41.328376,-9.083464,Mensagem de cluster cluster_A para utilizador,suggestion,user_0148
cluster_D,Coimbra,2024-05-29 13:32:31,match_00304,37.581509,-7.737325,Mensagem de cluster cluster_E para utilizador,alert,user_0034
cluster_C,Leiria,2023-03-24 14:38:23,match_00305,37.521045,-6.573866,Mensagem de cluster cluster_B para utilizador,alert,user_0060
cluster_A,Porto,2023-12-18 12:27:23,match_00306,41.578491,-7.670647,Mensagem de cluster cluster_D para utilizador,suggestion,user_0034
cluster_B,Évora,2024-05-19 01:30:43,match_00307,37.944842,-6.957632,Mensagem de cluster cluster_A para utilizador,alert,user_0165
cluster_C,Porto,2023-04-14 17:22:21,match_00308,37.642187,-7.636944,Mensagem de cluster cluster_D para utilizador,invite,user_0195
cluster_C,Braga,2024-06-17 20:15:23,match_00309,39.575842,-7.643414,Mensagem de cluster cluster_E para utilizador,info,user_0127
cluster_A,Braga,2024-12-19 00:18:20,match_00310,37.133942,-8.531813,Mensagem de cluster cluster_E para utilizador,suggestion,user_0019
cluster_A,Viseu,2024-12-19 01:52:11,match_00311,40.000075,-8.815714,Mensagem de cluster cluster_E para utilizador,info,user_0052
cluster_D,Aveiro,2024-07-22 13:47:57,match_00312,39.164654,-8.551676,Mensagem de cluster cluster_D para utilizador,alert,user_0044
cluster_C,Porto,2023-12-06 09:41:04,match_00313,40.10206,-8.001151,Mensagem de cluster cluster_A para utilizador,alert,user_0086
cluster_C,Lisboa,2023-02-27 02:40:12,match_00314,38.319685,-6.747394,Mensagem de cluster cluster_E para utilizador,suggestion,user_0155
cluster_E,Setúbal,2024-10-11 15:19:09,match_00315,41.427361,-6.68143,Mensagem de cluster cluster_E para utilizador,suggestion,user_0038
cluster_B,Setúbal,2023-03-06 13:34:48,match_00316,38.252904,-8.944515,Mensagem de cluster cluster_E para utilizador,invite,user_0092
cluster_E,Lisboa,2023-12-11 21:21:05,match_00317,40.087823,-7.620293,Mensagem de cluster cluster_A para utilizador,suggestion,user_0149
cluster_E,Faro,2024-06-25 10:20:26,match_00318,41.625459,-8.085506,Mensagem de cluster cluster_B para utilizador,info,user_0166
cluster_B,Leiria,2024-12-02 02:24:05,match_00319,38.904046,-7.558819,Mensagem de cluster cluster_A para utilizador,suggestion,user_0013
cluster_C,Viseu,2023-02-26 23:59:42,match_00320,37.707133,-7.29808,Mensagem de cluster cluster_B para utilizador,invite,user_0093
cluster_D,Viseu,2024-04-07 14:12:28,match_00321,37.241912,-8.549319,Mensagem de cluster cluster_E para utilizador,info,user_0149
cluster_B,Faro,2024-08-05 14:40:52,match_00322,41.71509,-6.374576,Mensagem de cluster cluster_B para utilizador,alert,user_0042
cluster_A,Évora,2023-08-17 02:59:42,match_00323,40.718507,-6.319476,Mensagem de cluster cluster_A para utilizador,suggestion,user_0096
cluster_C,Setúbal,2023-02-08 12:36:18,match_00324,41.49476,-9.141784,Mensagem de cluster cluster_E para utilizador,alert,user_0048
cluster_B,Viseu,2023-09-08 18:55:44,match_00325,40.394165,-7.109737,Mensagem de cluster cluster_D para utilizador,invite,user_0046
cluster_B,Coimbra,2024-07-22 07:47:43,match_00326,38.612243,-9.387011,Mensagem de cluster cluster_C para utilizador,suggestion,user_0114
cluster_B,Porto,2023-12-09 06:34:53,match_00327,37.515083,-9.341683,Mensagem de cluster cluster_A para utilizador,invite,user_0078
cluster_D,Viseu,2024-01-10 05:51:27,match_00328,41.546534,-6.24348,Mensagem de cluster cluster_A para utilizador,alert,user_0057
cluster_E,Faro,2023-12-09 12:57:05,match_00329,39.348095,-7.137499,Mensagem de cluster cluster_B para utilizador,info,user_0052
cluster_E,Viseu,2024-06-19 16:25:51,match_00330,38.882545,-8.396558,Mensagem de cluster cluster_E para utilizador,invite,user_0022
cluster_B,Leiria,2023-11-04 08:12:07,match_00331,39.78896,-7.222416,Mensagem de cluster cluster_B para utilizador,suggestion,user_0017
cluster_B,Braga,2024-12-02 05:23:03,match_00332,37.432797,-6.624161,Mensagem de cluster cluster_B para utilizador,suggestion,user_0097
cluster_E,Braga,2024-08-05 16:52:15,match_00333,38.446019,-6.538928,Mensagem de cluster cluster_A para utilizador,alert,user_0102
cluster_D,Évora,2023-07-31 02:55:54,match_00334,40.089381,-9.430233,Mensagem de cluster cluster_E para utilizador,alert,user_0026
cluster_C,Viseu,2023-01-26 18:54:56,match_00335,37.400615,-6.718025,Mensagem de cluster cluster_C para utilizador,alert,user_0167
cluster_E,Porto,2024-11-04 16:35:10,match_00336,37.576214,-6.599111,Mensagem de cluster cluster_A para utilizador,alert,user_0071
cluster_B,Aveiro,2024-07-01 01:55:51,match_00337,39.452939,-7.475061,Mensagem de cluster cluster_A para utilizador,suggestion,user_0191
cluster_D,Évora,2024-06-14 16:32:39,match_00338,40.017286,-7.868327,Mensagem de cluster cluster_A para utilizador,suggestion,user_0179
cluster_D,Aveiro,2024-02-16 12:08:02,match_00339,37.835009,-9.122604,Mensagem de cluster cluster_E para utilizador,suggestion,user_0158
cluster_B,Viseu,2023-02-14 20:02:21,match_00340,37.065423,-8.685313,Mensagem de cluster cluster_C para utilizador,invite,user_0041
cluster_A,Setúbal,2023-12-12 09:46:21,match_00341,41.691834,-7.832351,Mensagem de cluster cluster_C para utilizador,info,user_0161
cluster_D,Faro,2023-05-04 10:16:05,match_00342,37.037463,-6.558729,Mensagem de cluster cluster_E para utilizador,info,user_0050
cluster_E,Coimbra,2023-02-07 16:22:49,match_00343,36.91026,-6.769343,Mensagem de cluster cluster_B para utilizador,info,user_0191
cluster_A,Aveiro,2024-12-23 23:11:30,match_00344,38.516703,-7.813839,Mensagem de cluster cluster_D para utilizador,invite,user_0167
cluster_C,Porto,2024-08-13 11:51:14,match_00345,38.012266,-6.828868,Mensagem de cluster cluster_A para utilizador,alert,user_0028
cluster_E,Setúbal,2024-03-31 18:02:02,match_00346,39.767932,-6.896507,Mensagem de cluster cluster_B para utilizador,alert,user_0146
cluster_B,Viseu,2023-07-29 09:00:36,match_00347,41.371044,-7.531348,Mensagem de cluster cluster_C para utilizador,alert,user_0074
cluster_A,Setúbal,2023-03-02 05:34:41,match_00348,39.305538,-8.750893,Mensagem de cluster cluster_A para utilizador,suggestion,user_0187
cluster_E,Faro,2024-01-05 02:02:37,match_00349,40.766506,-8.316787,Mensagem de cluster cluster_E para utilizador,invite,user_0128
cluster_D,Porto,2024-09-13 13:19:15,match_00350,41.446135,-8.942181,Mensagem de cluster cluster_C para utilizador,info,user_0066
cluster_B,Faro,2023-07-22 19:54:39,match_00351,37.846998,-9.475688,Mensagem de cluster cluster_E para utilizador,alert,user_0114
cluster_A,Braga,2023-04-07 18:04:44,match_00352,39.341554,-9.226214,Mensagem de cluster cluster_D para utilizador,info,user_0171
cluster_D,Évora,2023-07-25 02:37:41,match_00353,40.11035,-6.917273,Mensagem de cluster cluster_B para utilizador,alert,user_0013
cluster_B,Évora,2024-09-18 05:40:44,match_00354,38.559416,-9.386147,Mensagem de cluster cluster_E para utilizador,info,user_0001
cluster_B,Aveiro,2023-01-11 08:50:12,match_00355,40.598761,-8.140501,Mensagem de cluster cluster_D para utilizador,suggestion,user_0160
cluster_A,Viseu,2023-03-23 10:20:44,match_00356,40.426575,-6.148347,Mensagem de cluster cluster_C para utilizador,invite,user_0089
cluster_A,Leiria,2023-05-08 11:14:04,match_00357,39.005471,-6.796187,Mensagem de cluster cluster_E para utilizador,alert,user_0010
cluster_A,Lisboa,2024-03-07 23:48:45,match_00358,37.339769,-6.9479,Mensagem de cluster cluster_C para utilizador,alert,user_0143
cluster_E,Coimbra,2023-04-21 07:53:45,match_00359,36.957844,-8.56599,Mensagem de cluster cluster_E para utilizador,alert,user_0127
cluster_B,Setúbal,2023-11-23 01:21:48,match_00360,38.746748,-7.318117,Mensagem de cluster cluster_E para utilizador,alert,user_0145
cluster_C,Évora,2024-08-12 17:22:08,match_00361,37.310344,-7.80438,Mensagem de cluster cluster_E para utilizador,invite,user_0191
cluster_D,Faro,2023-07-10 17:08:43,match_00362,40.808122,-7.378997,Mensagem de cluster cluster_B para utilizador,invite,user_0054
cluster_A,Setúbal,2024-05-26 13:34:32,match_00363,38.571629,-8.018225,Mensagem de cluster cluster_A para utilizador,alert,user_0151
cluster_B,Lisboa,2023-12-20 23:46:20,match_00364,40.230491,-7.694726,Mensagem de cluster cluster_A para utilizador,info,user_0071
cluster_D,Faro,2024-08-06 12:59:51,match_00365,38.631895,-6.139453,Mensagem de cluster cluster_B para utilizador,suggestion,user_0050
cluster_C,Porto,2024-09-21 06:29:34,match_00366,40.879692,-8.380336,Mensagem de cluster cluster_A para utilizador,alert,user_0059
cluster_D,Porto,2023-09-08 06:41:48,match_00367,41.342062,-8.764061,Mensagem de cluster cluster_B para utilizador,suggestion,user_0164
cluster_C,Lisboa,2023-03-03 14:42:49,match_00368,41.087571,-7.975119,Mensagem de cluster cluster_B para utilizador,info,user_0006
cluster_A,Viseu,2023-04-16 21:37:50,match_00369,39.322368,-7.71731,Mensagem de cluster cluster_C para utilizador,alert,user_0194
cluster_E,Leiria,2024-11-12 18:39:40,match_00370,37.319758,-9.208862,Mensagem de cluster cluster_B para utilizador,alert,user_0109
cluster_C,Coimbra,2023-04-23 12:42:47,match_00371,38.758556,-6.759695,Mensagem de cluster cluster_B para utilizador,suggestion,user_0032
cluster_A,Coimbra,2023-12-29 01:00:49,match_00372,39.02228,-8.065021,Mensagem de cluster cluster_E para utilizador,alert,user_0053
cluster_D,Leiria,2024-12-26 07:37:09,match_00373,41.70127,-8.095165,Mensagem de cluster cluster_E para utilizador,info,user_0108
cluster_D,Faro,2024-07-16 08:50:37,match_00374,39.727487,-7.259945,Mensagem de cluster cluster_B para utilizador,invite,user_0069
cluster_D,Coimbra,2023-06-23 16:50:20,match_00375,40.104231,-6.870969,Mensagem de cluster cluster_E para utilizador,suggestion,user_0083
cluster_E,Évora,2023-11-18 08:02:28,match_00376,40.810018,-6.147803,Mensagem de cluster cluster_C para utilizador,invite,user_0002
cluster_B,Faro,2024-04-10 10:18:29,match_00377,39.741012,-8.910033,Mensagem de cluster cluster_C para utilizador,suggestion,user_0043
cluster_C,Aveiro,2023-06-03 22:12:36,match_00378,39.892423,-8.325111,Mensagem de cluster cluster_B para utilizador,invite,user_0040
cluster_B,Braga,2024-06-20 02:00:23,match_00379,38.126639,-8.927925,Mensagem de cluster cluster_E para utilizador,info,user_0196
cluster_D,Aveiro,2023-09-09 21:43:35,match_00380,37.194333,-6.505093,Mensagem de cluster cluster_D para utilizador,info,user_0004
cluster_E,Setúbal,2024-04-13 20:24:51,match_00381,40.506929,-7.635123,Mensagem de cluster cluster_A para utilizador,alert,user_0075
cluster_A,Leiria,2024-07-05 12:04:42,match_00382,41.143423,-6.601704,Mensagem de cluster cluster_E para utilizador,info,user_0174
cluster_E,Setúbal,2023-03-26 16:13:16,match_00383,38.960001,-6.150234,Mensagem de cluster cluster_C para utilizador,info,user_0105
cluster_B,Coimbra,2023-05-03 08:21:32,match_00384,39.644572,-7.629297,Mensagem de cluster cluster_C para utilizador,alert,user_0148
cluster_D,Porto,2023-10-19 02:00:32,match_00385,38.436426,-9.098284,Mensagem de cluster cluster_D para utilizador,suggestion,user_0122
cluster_C,Braga,2023-08-08 23:57:07,match_00386,39.151103,-8.27169,Mensagem de cluster cluster_B para utilizador,info,user_0014
cluster_E,Évora,2024-06-28 16:33:27,match_00387,37.944449,-9.376956,Mensagem de cluster cluster_D para utilizador,info,user_0099
cluster_B,Viseu,2024-07-03 06:32:09,match_00388,40.699434,-6.612377,Mensagem de cluster cluster_D para utilizador,invite,user_0109
cluster_B,Faro,2024-01-24 17:45:53,match_00389,39.359559,-9.439184,Mensagem de cluster cluster_A para utilizador,info,user_0142
cluster_A,Évora,2023-10-05 06:06:35,match_00390,39.635783,-7.486571,Mensagem de cluster cluster_C para utilizador,alert,user_0177
cluster_C,Évora,2024-05-30 02:14:55,match_00391,37.08544,-9.139147,Mensagem de cluster cluster_D para utilizador,info,user_0131
cluster_B,Setúbal,2023-12-13 10:48:34,match_00392,40.011992,-9.474303,Mensagem de cluster cluster_B para utilizador,invite,user_0021
cluster_C,Porto,2023-04-16 23:01:30,match_00393,37.913279,-8.629088,Mensagem de cluster cluster_E para utilizador,info,user_0061
cluster_D,Faro,2024-09-27 07:15:57,match_00394,38.816973,-7.623703,Mensagem de cluster cluster_B para utilizador,invite,user_0002
cluster_E,Viseu,2023-01-09 15:50:25,match_00395,38.963579,-9.244701,Mensagem de cluster cluster_A para utilizador,info,user_0149
cluster_B,Setúbal,2024-11-07 20:56:19,match_00396,39.143663,-7.409381,Mensagem de cluster cluster_C para utilizador,suggestion,user_0010
cluster_D,Aveiro,2023-11-24 15:20:14,match_00397,38.037182,-7.215226,Mensagem de cluster cluster_B para utilizador,alert,user_0091
cluster_A,Lisboa,2024-05-10 07:12:16,match_00398,41.150551,-6.203026,Mensagem de cluster cluster_C para utilizador,info,user_0118
cluster_C,Viseu,2024-12-03 02:04:58,match_00399,39.039251,-6.441574,Mensagem de cluster cluster_E para utilizador,suggestion,user_0147
cluster_D,Évora,2024-05-13 11:59:34,match_00400,39.960672,-7.57291,Mensagem de cluster cluster_E para utilizador,suggestion,user_0181
cluster_C,Faro,2023-01-30 22:37:43,match_00401,39.969688,-6.80256,Mensagem de cluster cluster_E para utilizador,alert,user_0076
cluster_C,Évora,2024-10-31 22:19:00,match_00402,39.934923,-8.26362,Mensagem de cluster cluster_B para utilizador,invite,user_0177
cluster_B,Braga,2024-04-10 07:40:16,match_00403,39.69659,-7.508578,Mensagem de cluster cluster_D para utilizador,suggestion,user_0080
cluster_C,Coimbra,2024-11-29 00:20:15,match_00404,41.013129,-8.128596,Mensagem de cluster cluster_B para utilizador,alert,user_0008
cluster_D,Porto,2023-11-12 04:53:18,match_00405,40.963089,-8.354058,Mensagem de cluster cluster_C para utilizador,info,user_0185
cluster_A,Setúbal,2024-11-01 04:05:46,match_00406,38.985723,-7.026026,Mensagem de cluster cluster_D para utilizador,invite,user_0101
cluster_B,Faro,2024-09-18 14:23:29,match_00407,40.07923,-8.49132,Mensagem de cluster cluster_D para utilizador,invite,user_0089
cluster_E,Lisboa,2023-09-02 12:37:44,match_00408,37.414146,-8.206122,Mensagem de cluster cluster_A para utilizador,invite,user_0152
cluster_A,Lisboa,2023-07-14 23:22:42,match_00409,37.353863,-8.251617,Mensagem de cluster cluster_E para utilizador,suggestion,user_0047
cluster_D,Aveiro,2023-03-13 17:48:33,match_00410,39.299582,-6.540628,Mensagem de cluster cluster_B para utilizador,suggestion,user_0082
cluster_B,Aveiro,2024-04-22 16:05:39,match_00411,41.40102,-8.920625,Mensagem de cluster cluster_A para utilizador,alert,user_0149
cluster_C,Setúbal,2023-10-13 13:00:50,match_00412,40.149999,-8.202982,Mensagem de cluster cluster_C para utilizador,invite,user_0124
cluster_A,Leiria,2024-07-18 09:36:20,match_00413,40.246082,-6.481243,Mensagem de cluster cluster_A para utilizador,invite,user_0008
cluster_B,Lisboa,2024-06-30 20:04:21,match_00414,37.688367,-9.447965,Mensagem de cluster cluster_E para utilizador,alert,user_0147
cluster_E,Viseu,2024-06-20 01:10:18,match_00415,39.166522,-6.277252,Mensagem de cluster cluster_A para utilizador,info,user_0030
cluster_E,Aveiro,2024-03-05 18:26:58,match_00416,38.903955,-6.443739,Mensagem de cluster cluster_E para utilizador,invite,user_0091
cluster_E,Porto,2023-05-23 07:05:52,match_00417,40.814892,-8.079316,Mensagem de cluster cluster_D para utilizador,invite,user_0154
cluster_B,Aveiro,2023-09-04 07:21:49,match_00418,37.58912,-7.279714,Mensagem de cluster cluster_A para utilizador,alert,user_0148
cluster_A,Braga,2024-05-18 21:40:34,match_00419,39.595955,-6.130373,Mensagem de cluster cluster_C para utilizador,alert,user_0116
cluster_C,Setúbal,2023-05-12 08:08:23,match_00420,41.456758,-7.613176,Mensagem de cluster cluster_A para utilizador,suggestion,user_0105
cluster_A,Évora,2024-02-04 18:10:19,match_00421,41.362299,-9.170544,Mensagem de cluster cluster_C para utilizador,info,user_0078
cluster_C,Braga,2024-05-06 03:29:18,match_00422,41.161686,-6.597621,Mensagem de cluster cluster_C para utilizador,suggestion,user_0173
cluster_A,Porto,2024-08-30 03:12:00,match_00423,38.774927,-9.043885,Mensagem de cluster cluster_C para utilizador,suggestion,user_0064
cluster_A,Lisboa,2023-01-09 17:33:50,match_00424,41.605503,-8.625276,Mensagem de cluster cluster_B para utilizador,alert,user_0030
cluster_B,Faro,2023-03-13 07:40:56,match_00425,40.926503,-6.530048,Mensagem de cluster cluster_B para utilizador,suggestion,user_0181
cluster_E,Lisboa,2023-03-17 20:27:20,match_00426,41.155707,-8.629501,Mensagem de cluster cluster_C para utilizador,info,user_0178
cluster_E,Lisboa,2023-11-22 12:54:26,match_00427,41.561769,-6.966708,Mensagem de cluster cluster_A para utilizador,invite,user_0190
cluster_E,Faro,2023-06-10 04:10:26,match_00428,41.585006,-7.977909,Mensagem de cluster cluster_A para utilizador,suggestion,user_0170
cluster_E,Braga,2023-07-26 19:21:49,match_00429,38.100325,-6.916854,Mensagem de cluster cluster_D para utilizador,suggestion,user_0156
cluster_A,Viseu,2023-05-21 22:45:12,match_00430,37.538439,-8.710002,Mensagem de cluster cluster_B para utilizador,suggestion,user_0058
cluster_E,Braga,2023-01-18 07:13:56,match_00431,40.354375,-8.073477,Mensagem de cluster cluster_D para utilizador,info,user_0031
cluster_A,Évora,2023-03-09 02:48:40,match_00432,39.71607,-8.418251,Mensagem de cluster cluster_A para utilizador,info,user_0090
cluster_C,Braga,2024-11-16 02:36:56,match_00433,38.537133,-8.65325,Mensagem de cluster cluster_A para utilizador,info,user_0100
cluster_D,Porto,2024-04-24 07:43:43,match_00434,40.322248,-8.430938,Mensagem de cluster cluster_B para utilizador,alert,user_0128
cluster_D,Braga,2024-09-01 21:14:38,match_00435,37.209984,-8.401827,Mensagem de cluster cluster_E para utilizador,invite,user_0059
cluster_C,Coimbra,2024-11-24 20:33:59,match_00436,37.136042,-6.251714,Mensagem de cluster cluster_C para utilizador,alert,user_0111
cluster_A,Leiria,2024-04-10 19:12:43,match_00437,38.671553,-7.687017,Mensagem de cluster cluster_E para utilizador,invite,user_0116
cluster_E,Porto,2024-05-31 21:28:33,match_00438,37.869233,-7.929023,Mensagem de cluster cluster_D para utilizador,suggestion,user_0012
cluster_B,Setúbal,2023-03-29 13:59:56,match_00439,40.49278,-7.788717,Mensagem de cluster cluster_A para utilizador,info,user_0045
cluster_A,Faro,2024-09-17 04:50:35,match_00440,41.640109,-6.113155,Mensagem de cluster cluster_E para utilizador,info,user_0066
cluster_A,Setúbal,2023-04-05 19:58:30,match_00441,40.208137,-7.277797,Mensagem de cluster cluster_C para utilizador,info,user_0104
cluster_C,Faro,2024-04-24 04:02:02,match_00442,40.173922,-7.108145,Mensagem de cluster cluster_E para utilizador,suggestion,user_0196
cluster_C,Setúbal,2024-10-18 22:11:57,match_00443,36.932978,-8.433686,Mensagem de cluster cluster_C para utilizador,invite,user_0160
cluster_B,Coimbra,2024-02-18 05:31:31,match_00444,39.461385,-7.896772,Mensagem de cluster cluster_E para utilizador,alert,user_0169
cluster_E,Aveiro,2024-12-07 00:44:22,match_00445,40.985507,-8.874178,Mensagem de cluster cluster_C para utilizador,alert,user_0098
cluster_D,Leiria,2024-10-16 01:56:54,match_00446,40.170602,-7.170356,Mensagem de cluster cluster_E para utilizador,suggestion,user_0183
cluster_E,Viseu,2024-05-22 19:51:05,match_00447,38.038912,-8.328719,Mensagem de cluster cluster_A para utilizador,invite,user_0069
cluster_E,Évora,2023-07-04 22:26:31,match_00448,41.142376,-6.95582,Mensagem de cluster cluster_A para utilizador,info,user_0005
cluster_A,Lisboa,2023-12-07 21:03:42,match_00449,41.721884,-8.775252,Mensagem de cluster cluster_B para utilizador,invite,user_0063
cluster_B,Faro,2024-11-14 09:54:34,match_00450,38.294964,-8.12809,Mensagem de cluster cluster_C para utilizador,invite,user_0004
cluster_A,Évora,2024-04-11 07:26:04,match_00451,37.935472,-7.897973,Mensagem de cluster cluster_D para utilizador,info,user_0115
cluster_C,Faro,2024-11-04 13:37:23,match_00452,38.592635,-8.933814,Mensagem de cluster cluster_B para utilizador,invite,user_0041
cluster_D,Faro,2023-07-21 18:14:24,match_00453,37.215791,-9.26339,Mensagem de cluster cluster_C para utilizador,suggestion,user_0140
cluster_B,Faro,2023-11-08 16:44:56,match_00454,41.267163,-8.42197,Mensagem de cluster cluster_E para utilizador,alert,user_0165
cluster_B,Faro,2024-10-21 11:25:08,match_00455,41.546497,-7.647367,Mensagem de cluster cluster_E para utilizador,suggestion,user_0098
cluster_E,Faro,2024-07-16 00:18:23,match_00456,40.066515,-7.280892,Mensagem de cluster cluster_E para utilizador,invite,user_0055
cluster_A,Lisboa,2023-08-25 02:02:25,match_00457,40.721674,-8.054077,Mensagem de cluster cluster_D para utilizador,info,user_0045
cluster_E,Setúbal,2023-04-29 05:38:41,match_00458,40.243253,-7.799056,Mensagem de cluster cluster_D para utilizador,alert,user_0156
cluster_E,Setúbal,2023-02-24 00:25:42,match_00459,38.786771,-7.653144,Mensagem de cluster cluster_E para utilizador,suggestion,user_0059
cluster_B,Aveiro,2024-07-21 06:53:46,match_00460,40.060212,-7.759503,Mensagem de cluster cluster_B para utilizador,invite,user_0135
cluster_D,Faro,2023-10-07 10:38:18,match_00461,41.081601,-9.192883,Mensagem de cluster cluster_C para utilizador,info,user_0188
cluster_C,Porto,2023-08-31 20:06:39,match_00462,40.949537,-8.122996,Mensagem de cluster cluster_A para utilizador,suggestion,user_0181
cluster_E,Évora,2023-02-13 20:13:39,match_00463,37.305288,-8.805273,Mensagem de cluster cluster_E para utilizador,invite,user_0168
cluster_D,Lisboa,2024-11-28 14:12:42,match_00464,39.213005,-7.685298,Mensagem de cluster cluster_B para utilizador,info,user_0121
cluster_E,Faro,2023-07-13 04:55:41,match_00465,38.886607,-6.922541,Mensagem de cluster cluster_B para utilizador,suggestion,user_0125
cluster_D,Faro,2023-11-18 14:52:15,match_00466,40.660044,-7.529747,Mensagem de cluster cluster_B para utilizador,info,user_0052
cluster_A,Braga,2023-12-25 22:57:56,match_00467,39.40688,-8.745806,Mensagem de cluster cluster_D para utilizador,suggestion,user_0011
cluster_C,Porto,2024-11-08 20:49:55,match_00468,38.648506,-8.793627,Mensagem de cluster cluster_E para utilizador,suggestion,user_0096
cluster_B,Coimbra,2024-03-21 12:29:20,match_00469,40.431749,-9.374206,Mensagem de cluster cluster_C para utilizador,invite,user_0178
cluster_A,Évora,2023-05-11 06:18:24,match_00470,39.267893,-8.050305,Mensagem de cluster cluster_A para utilizador,alert,user_0050
cluster_E,Viseu,2023-12-26 04:50:37,match_00471,38.18312,-8.028271,Mensagem de cluster cluster_C para utilizador,alert,user_0096
cluster_E,Braga,2023-04-16 00:38:52,match_00472,41.352085,-8.696116,Mensagem de cluster cluster_B para utilizador,info,user_0123
cluster_C,Setúbal,2024-07-15 03:45:08,match_00473,37.465239,-6.901521,Mensagem de cluster cluster_E para utilizador,info,user_0048
cluster_C,Évora,2023-06-09 10:07:53,match_00474,36.990439,-8.185945,Mensagem de cluster cluster_D para utilizador,info,user_0182
cluster_C,Porto,2024-04-14 15:17:04,match_00475,37.619555,-7.224035,Mensagem de cluster cluster_D para utilizador,info,user_0134
cluster_E,Braga,2024-10-28 04:54:48,match_00476,37.718216,-7.323761,Mensagem de cluster cluster_B para utilizador,info,user_0050
cluster_E,Leiria,2024-06-06 05:48:48,match_00477,39.590211,-7.443882,Mensagem de cluster cluster_D para utilizador,invite,user_0082
cluster_B,Lisboa,2023-03-17 09:35:24,match_00478,40.024328,-6.412575,Mensagem de cluster cluster_C para utilizador,info,user_0131
cluster_C,Aveiro,2023-02-23 05:32:58,match_00479,39.143056,-9.445974,Mensagem de cluster cluster_D para utilizador,alert,user_0041
cluster_D,Lisboa,2024-02-22 01:57:24,match_00480,37.920856,-9.268673,Mensagem de cluster cluster_E para utilizador,alert,user_0028
cluster_B,Braga,2023-07-02 22:26:53,match_00481,37.560954,-7.044722,Mensagem de cluster cluster_C para utilizador,suggestion,user_0160
cluster_D,Setúbal,2023-11-22 11:51:12,match_00482,39.36076,-8.298012,Mensagem de cluster cluster_C para utilizador,suggestion,user_0167
cluster_A,Aveiro,2024-10-16 10:53:49,match_00483,39.727415,-6.145824,Mensagem de cluster cluster_D para utilizador,invite,user_0199
cluster_C,Évora,2023-04-19 15:55:36,match_00484,38.419807,-8.764197,Mensagem de cluster cluster_E para utilizador,invite,user_0191
cluster_B,Braga,2024-04-12 10:40:26,match_00485,38.0022,-8.876375,Mensagem de cluster cluster_B para utilizador,info,user_0147
cluster_B,Setúbal,2024-11-12 00:17:52,match_00486,37.302964,-7.500046,Mensagem de cluster cluster_C para utilizador,suggestion,user_0129
cluster_A,Lisboa,2024-04-30 03:53:39,match_00487,37.031222,-8.549954,Mensagem de cluster cluster_A para utilizador,invite,user_0161
cluster_A,Aveiro,2023-07-14 11:58:01,match_00488,37.428682,-8.342324,Mensagem de cluster cluster_C para utilizador,invite,user_0033
cluster_A,Leiria,2024-05-26 00:58:01,match_00489,40.610397,-6.368517,Mensagem de cluster cluster_D para utilizador,alert,user_0011
cluster_B,Leiria,2024-10-22 08:53:57,match_00490,38.620093,-9.410775,Mensagem de cluster cluster_C para utilizador,invite,user_0188
cluster_E,Coimbra,2024-02-24 11:41:49,match_00491,37.037095,-7.693718,Mensagem de cluster cluster_A para utilizador,invite,user_0028
cluster_D,Coimbra,2024-01-12 05:30:36,match_00492,39.440826,-8.361342,Mensagem de cluster cluster_A para utilizador,suggestion,user_0190
cluster_D,Évora,2024-11-17 03:14:31,match_00493,39.580336,-8.323627,Mensagem de cluster cluster_A para utilizador,info,user_0047
cluster_A,Évora,2023-12-25 04:42:14,match_00494,39.043444,-8.65745,Mensagem de cluster cluster_B para utilizador,info,user_0145
cluster_E,Setúbal,2023-11-15 07:43:49,match_00495,37.453414,-9.04151,Mensagem de cluster cluster_A para utilizador,invite,user_0074
cluster_E,Évora,2024-09-08 03:44:28,match_00496,40.674837,-9.382762,Mensagem de cluster cluster_B para utilizador,suggestion,user_0072
cluster_A,Lisboa,2024-07-24 02:01:00,match_00497,40.345408,-6.141835,Mensagem de cluster cluster_E para utilizador,info,user_0137
cluster_C,Leiria,2024-07-27 07:53:14,match_00498,38.873646,-7.254756,Mensagem de cluster cluster_A para utilizador,info,user_0083
cluster_B,Setúbal,2024-01-30 07:03:18,match_00499,38.804077,-6.857502,Mensagem de cluster cluster_A para utilizador,invite,user_0114
cluster_C,Aveiro,2023-01-03 09:56:41,match_00500,37.679676,-9.278992,Mensagem de cluster cluster_C para utilizador,info,user_0008
cluster_E,Faro,2024-11-27 12:48:05,match_00501,40.667747,-9.449553,Mensagem de cluster cluster_E para utilizador,info,user_0187
cluster_A,Évora,2024-08-20 02:57:03,match_00502,39.89787,-7.459018,Mensagem de cluster cluster_D para utilizador,alert,user_0069
cluster_B,Braga,2023-12-18 21:48:08,match_00503,37.328967,-7.038973,Mensagem de cluster cluster_A para utilizador,suggestion,user_0078
cluster_D,Viseu,2024-02-19 02:06:46,match_00504,38.790317,-8.157455,Mensagem de cluster cluster_D para utilizador,invite,user_0045
cluster_E,Lisboa,2024-11-13 13:56:20,match_00505,41.417805,-8.181633,Mensagem de cluster cluster_E para utilizador,invite,user_0161
cluster_B,Évora,2023-09-20 00:14:56,match_00506,39.161873,-8.19277,Mensagem de cluster cluster_B para utilizador,alert,user_0107
cluster_B,Faro,2024-05-12 17:45:43,match_00507,38.524637,-8.98063,Mensagem de cluster cluster_D para utilizador,invite,user_0038
cluster_C,Lisboa,2023-10-20 10:46:16,match_00508,40.11892,-6.936694,Mensagem de cluster cluster_D para utilizador,alert,user_0191
cluster_D,Leiria,2024-04-06 13:24:52,match_00509,37.914862,-8.768345,Mensagem de cluster cluster_E para utilizador,suggestion,user_0140
cluster_C,Leiria,2024-11-30 22:35:40,match_00510,39.519017,-8.397004,Mensagem de cluster cluster_E para utilizador,info,user_0067
cluster_C,Setúbal,2023-03-08 04:29:07,match_00511,40.247614,-7.217717,Mensagem de cluster cluster_A para utilizador,info,user_0104
cluster_C,Leiria,2024-01-26 06:39:09,match_00512,41.174392,-9.499644,Mensagem de cluster cluster_D para utilizador,suggestion,user_0157
cluster_C,Évora,2024-12-02 11:24:54,match_00513,40.362522,-6.894726,Mensagem de cluster cluster_A para utilizador,invite,user_0150
cluster_E,Aveiro,2023-02-28 17:36:10,match_00514,38.822049,-6.443078,Mensagem de cluster cluster_E para utilizador,suggestion,user_0162
cluster_D,Porto,2023-12-02 12:52:53,match_00515,40.739001,-9.324501,Mensagem de cluster cluster_B para utilizador,info,user_0070
cluster_C,Porto,2024-07-13 13:13:18,match_00516,41.392,-7.488479,Mensagem de cluster cluster_A para utilizador,alert,user_0099
cluster_E,Coimbra,2024-04-17 21:19:33,match_00517,39.288818,-8.11124,Mensagem de cluster cluster_D para utilizador,alert,user_0167
cluster_E,Lisboa,2023-05-09 22:21:09,match_00518,36.922504,-9.233224,Mensagem de cluster cluster_E para utilizador,invite,user_0144
cluster_B,Aveiro,2023-01-29 17:04:56,match_00519,41.30459,-7.180415,Mensagem de cluster cluster_C para utilizador,info,user_0159
cluster_B,Faro,2023-10-08 10:32:51,match_00520,37.72721,-7.418117,Mensagem de cluster cluster_B para utilizador,alert,user_0177
cluster_A,Évora,2023-05-20 10:22:31,match_00521,37.531628,-7.314955,Mensagem de cluster cluster_E para utilizador,alert,user_0044
cluster_E,Porto,2024-05-22 23:51:27,match_00522,38.438393,-6.734116,Mensagem de cluster cluster_E para utilizador,alert,user_0046
cluster_A,Faro,2024-10-16 09:59:29,match_00523,38.799919,-8.524475,Mensagem de cluster cluster_A para utilizador,invite,user_0129
cluster_E,Leiria,2024-04-05 08:24:39,match_00524,40.896883,-7.197969,Mensagem de cluster cluster_E para utilizador,info,user_0122
cluster_C,Leiria,2023-09-20 06:15:17,match_00525,38.845917,-6.97272,Mensagem de cluster cluster_D para utilizador,suggestion,user_0044
cluster_C,Porto,2023-03-03 22:47:26,match_00526,37.144106,-8.926029,Mensagem de cluster cluster_B para utilizador,alert,user_0084
cluster_A,Porto,2024-04-06 22:30:10,match_00527,40.079808,-6.245973,Mensagem de cluster cluster_E para utilizador,suggestion,user_0087
cluster_C,Faro,2024-06-20 18:52:46,match_00528,40.256105,-8.344064,Mensagem de cluster cluster_B para utilizador,suggestion,user_0084
cluster_C,Braga,2023-04-13 03:48:01,match_00529,40.971105,-7.073392,Mensagem de cluster cluster_B para utilizador,invite,user_0096
cluster_B,Lisboa,2023-05-21 22:59:03,match_00530,38.89433,-6.936332,Mensagem de cluster cluster_A para utilizador,invite,user_0046
cluster_C,Lisboa,2024-06-09 09:49:40,match_00531,37.330355,-7.786295,Mensagem de cluster cluster_C para utilizador,suggestion,user_0072
cluster_B,Faro,2024-03-08 20:24:14,match_00532,39.665311,-9.062361,Mensagem de cluster cluster_B para utilizador,invite,user_0181
cluster_D,Braga,2023-12-24 03:21:15,match_00533,37.504987,-8.562746,Mensagem de cluster cluster_E para utilizador,suggestion,user_0161
cluster_E,Leiria,2023-02-15 23:37:51,match_00534,36.985377,-8.70356,Mensagem de cluster cluster_C para utilizador,alert,user_0173
cluster_B,Braga,2024-01-30 14:28:18,match_00535,40.792917,-7.736616,Mensagem de cluster cluster_A para utilizador,info,user_0192
cluster_B,Braga,2023-08-13 15:26:42,match_00536,38.917053,-8.611686,Mensagem de cluster cluster_D para utilizador,suggestion,user_0094
cluster_B,Braga,2024-01-25 18:37:46,match_00537,39.525026,-7.64098,Mensagem de cluster cluster_D para utilizador,info,user_0131
cluster_E,Lisboa,2024-09-01 00:03:54,match_00538,40.214246,-8.520097,Mensagem de cluster cluster_D para utilizador,suggestion,user_0152
cluster_E,Braga,2023-11-24 23:51:48,match_00539,38.905138,-9.496671,Mensagem de cluster cluster_B para utilizador,alert,user_0159
cluster_E,Faro,2024-12-27 23:00:18,match_00540,37.155658,-8.264927,Mensagem de cluster cluster_C para utilizador,invite,user_0071
cluster_C,Aveiro,2023-01-28 00:59:15,match_00541,38.163718,-7.436707,Mensagem de cluster cluster_A para utilizador,suggestion,user_0040
cluster_B,Évora,2023-02-10 22:04:26,match_00542,37.871706,-6.869431,Mensagem de cluster cluster_C para utilizador,invite,user_0178
cluster_E,Coimbra,2024-07-29 01:52:47,match_00543,41.78697,-9.403561,Mensagem de cluster cluster_B para utilizador,alert,user_0074
cluster_D,Coimbra,2023-02-01 06:06:38,match_00544,40.597527,-8.621736,Mensagem de cluster cluster_E para utilizador,info,user_0015
cluster_E,Coimbra,2023-03-28 06:38:17,match_00545,39.15775,-6.149429,Mensagem de cluster cluster_A para utilizador,suggestion,user_0119
cluster_A,Aveiro,2024-08-12 04:27:24,match_00546,37.216837,-8.609828,Mensagem de cluster cluster_C para utilizador,suggestion,user_0021
cluster_A,Aveiro,2024-05-02 03:23:01,match_00547,37.479253,-6.857528,Mensagem de cluster cluster_C para utilizador,info,user_0021
cluster_B,Porto,2023-12-01 14:38:55,match_00548,40.964498,-7.76813,Mensagem de cluster cluster_D para utilizador,suggestion,user_0060
cluster_B,Évora,2024-05-09 23:55:24,match_00549,41.627245,-9.084608,Mensagem de cluster cluster_C para utilizador,suggestion,user_0106
cluster_B,Faro,2024-09-30 04:57:16,match_00550,37.056751,-7.31244,Mensagem de cluster cluster_C para utilizador,info,user_0065
cluster_C,Porto,2023-04-19 17:40:03,match_00551,41.451986,-6.214441,Mensagem de cluster cluster_B para utilizador,invite,user_0149
cluster_A,Braga,2024-02-27 22:08:12,match_00552,38.802819,-6.484781,Mensagem de cluster cluster_A para utilizador,invite,user_0183
cluster_A,Évora,2024-11-06 02:46:22,match_00553,37.968163,-7.153005,Mensagem de cluster cluster_E para utilizador,info,user_0069
cluster_B,Setúbal,2023-01-27 22:05:48,match_00554,37.411162,-7.758696,Mensagem de cluster cluster_D para utilizador,alert,user_0110
cluster_A,Setúbal,2023-04-14 08:39:54,match_00555,40.758745,-8.414268,Mensagem de cluster cluster_B para utilizador,info,user_0026
cluster_A,Évora,2024-04-22 07:07:42,match_00556,39.244552,-8.286313,Mensagem de cluster cluster_C para utilizador,info,user_0075
cluster_C,Setúbal,2023-12-10 23:46:04,match_00557,41.062119,-8.322897,Mensagem de cluster cluster_E para utilizador,invite,user_0055
cluster_D,Porto,2024-11-01 03:41:39,match_00558,38.030786,-6.364921,Mensagem de cluster cluster_A para utilizador,suggestion,user_0113
cluster_B,Aveiro,2023-02-03 10:26:44,match_00559,40.29284,-8.781538,Mensagem de cluster cluster_D para utilizador,alert,user_0046
cluster_D,Évora,2024-05-26 22:43:12,match_00560,37.490609,-8.214699,Mensagem de cluster cluster_E para utilizador,suggestion,user_0190
cluster_D,Setúbal,2023-04-06 07:01:15,match_00561,37.348753,-8.031325,Mensagem de cluster cluster_D para utilizador,suggestion,user_0070
cluster_C,Faro,2023-05-06 17:48:09,match_00562,37.566999,-8.109737,Mensagem de cluster cluster_A para utilizador,alert,user_0182
cluster_A,Setúbal,2023-02-06 11:15:50,match_00563,40.944507,-9.485726,Mensagem de cluster cluster_C para utilizador,info,user_0132
cluster_B,Braga,2023-08-13 08:33:00,match_00564,40.178099,-8.57869,Mensagem de cluster cluster_A para utilizador,info,user_0173
cluster_E,Porto,2024-08-02 09:34:23,match_00565,37.729819,-7.804867,Mensagem de cluster cluster_E para utilizador,suggestion,user_0054
cluster_D,Leiria,2023-11-30 00:21:14,match_00566,38.823861,-6.914323,Mensagem de cluster cluster_D para utilizador,suggestion,user_0181
cluster_D,Lisboa,2023-05-05 14:28:41,match_00567,40.71843,-7.563788,Mensagem de cluster cluster_C para utilizador,alert,user_0172
cluster_C,Porto,2024-03-07 11:03:51,match_00568,38.328372,-8.191469,Mensagem de cluster cluster_C para utilizador,invite,user_0087
cluster_D,Viseu,2024-08-19 23:51:32,match_00569,41.506319,-7.238521,Mensagem de cluster cluster_C para utilizador,alert,user_0096
cluster_D,Viseu,2023-03-19 14:55:21,match_00570,41.473014,-7.235963,Mensagem de cluster cluster_A para utilizador,alert,user_0120
cluster_D,Lisboa,2023-12-29 21:57:14,match_00571,39.664504,-8.657056,Mensagem de cluster cluster_A para utilizador,alert,user_0036
cluster_C,Aveiro,2024-08-06 09:32:59,match_00572,40.059871,-9.147168,Mensagem de cluster cluster_C para utilizador,invite,user_0034
cluster_A,Coimbra,2023-06-11 00:25:50,match_00573,40.166092,-6.769176,Mensagem de cluster cluster_B para utilizador,info,user_0180
cluster_D,Setúbal,2024-08-10 06:01:33,match_00574,38.192342,-7.69874,Mensagem de cluster cluster_D para utilizador,alert,user_0134
cluster_B,Faro,2023-11-08 03:13:29,match_00575,38.726607,-8.899816,Mensagem de cluster cluster_C para utilizador,invite,user_0166
cluster_D,Aveiro,2024-08-15 09:50:54,match_00576,37.579706,-8.608958,Mensagem de cluster cluster_A para utilizador,suggestion,user_0086
cluster_D,Viseu,2024-12-18 00:01:01,match_00577,41.524357,-6.894157,Mensagem de cluster cluster_A para utilizador,alert,user_0033
cluster_B,Évora,2024-05-10 05:31:48,match_00578,40.519247,-7.278874,Mensagem de cluster cluster_D para utilizador,suggestion,user_0055
cluster_C,Lisboa,2023-08-25 16:35:46,match_00579,37.131781,-6.286434,Mensagem de cluster cluster_D para utilizador,suggestion,user_0023
cluster_E,Aveiro,2024-12-13 08:56:57,match_00580,39.646937,-7.919179,Mensagem de cluster cluster_B para utilizador,invite,user_0125
cluster_B,Coimbra,2024-02-25 10:56:31,match_00581,38.615369,-9.322565,Mensagem de cluster cluster_A para utilizador,suggestion,user_0044
cluster_E,Évora,2023-04-11 06:00:40,match_00582,40.976439,-7.118562,Mensagem de cluster cluster_E para utilizador,suggestion,user_0100
cluster_A,Braga,2024-09-02 14:12:09,match_00583,38.619,-8.633303,Mensagem de cluster cluster_E para utilizador,alert,user_0028
cluster_A,Porto,2024-08-01 23:08:28,match_00584,40.120751,-8.398895,Mensagem de cluster cluster_B para utilizador,suggestion,user_0064
cluster_D,Lisboa,2024-07-11 21:16:20,match_00585,37.728702,-8.831396,Mensagem de cluster cluster_D para utilizador,alert,user_0048
cluster_D,Viseu,2024-03-08 22:51:13,match_00586,39.693777,-8.44962,Mensagem de cluster cluster_A para utilizador,suggestion,user_0059
cluster_C,Faro,2023-09-02 22:01:31,match_00587,38.369429,-6.679766,Mensagem de cluster cluster_D para utilizador,info,user_0059
cluster_E,Braga,2023-03-30 03:27:39,match_00588,37.724442,-7.539175,Mensagem de cluster cluster_A para utilizador,info,user_0043
cluster_A,Braga,2023-04-14 02:28:07,match_00589,39.996296,-9.128877,Mensagem de cluster cluster_B para utilizador,invite,user_0171
cluster_A,Aveiro,2023-10-31 01:30:13,match_00590,40.093206,-7.505548,Mensagem de cluster cluster_C para utilizador,suggestion,user_0141
cluster_D,Lisboa,2024-05-23 07:06:07,match_00591,41.816769,-7.345885,Mensagem de cluster cluster_B para utilizador,invite,user_0072
cluster_D,Porto,2024-02-08 23:42:12,match_00592,40.24553,-6.491599,Mensagem de cluster cluster_D para utilizador,alert,user_0043
cluster_C,Lisboa,2023-11-17 05:20:39,match_00593,39.47855,-6.577205,Mensagem de cluster cluster_D para utilizador,alert,user_0013
cluster_D,Évora,2024-11-06 17:50:07,match_00594,41.463104,-9.286225,Mensagem de cluster cluster_C para utilizador,suggestion,user_0163
cluster_D,Coimbra,2023-01-30 17:02:40,match_00595,41.041404,-6.553226,Mensagem de cluster cluster_C para utilizador,suggestion,user_0139
cluster_C,Braga,2023-03-14 23:26:12,match_00596,39.643731,-9.326992,Mensagem de cluster cluster_C para utilizador,info,user_0149
cluster_D,Braga,2024-09-10 13:51:53,match_00597,39.456745,-8.975985,Mensagem de cluster cluster_D para utilizador,alert,user_0200
cluster_D,Viseu,2024-03-23 01:58:30,match_00598,41.609846,-9.12073,Mensagem de cluster cluster_B para utilizador,alert,user_0106
cluster_D,Braga,2024-07-21 16:37:54,match_00599,39.985635,-8.882229,Mensagem de cluster cluster_E para utilizador,alert,user_0154
cluster_E,Porto,2023-01-12 09:50:35,match_00600,40.468896,-6.768909,Mensagem de cluster cluster_C para utilizador,invite,user_0094
cluster_A,Faro,2023-12-22 11:40:12,match_00601,37.333395,-7.167194,Mensagem de cluster cluster_A para utilizador,suggestion,user_0050
cluster_B,Lisboa,2023-01-05 15:14:40,match_00602,40.491528,-7.164328,Mensagem de cluster cluster_D para utilizador,alert,user_0049
cluster_A,Faro,2023-05-11 23:18:47,match_00603,38.223409,-6.364766,Mensagem de cluster cluster_D para utilizador,alert,user_0103
cluster_E,Viseu,2023-03-07 01:45:16,match_00604,37.47769,-8.167706,Mensagem de cluster cluster_B para utilizador,suggestion,user_0090
cluster_B,Aveiro,2024-04-20 18:45:41,match_00605,41.148331,-9.488823,Mensagem de cluster cluster_B para utilizador,suggestion,user_0091
cluster_A,Évora,2024-10-09 10:45:11,match_00606,40.355955,-7.324787,Mensagem de cluster cluster_C para utilizador,invite,user_0086
cluster_C,Braga,2023-10-31 20:12:49,match_00607,38.937822,-6.548547,Mensagem de cluster cluster_D para utilizador,info,user_0013
cluster_E,Leiria,2024-08-12 09:51:17,match_00608,39.057084,-6.180715,Mensagem de cluster cluster_A para utilizador,alert,user_0167
cluster_C,Viseu,2024-07-17 23:17:55,match_00609,37.885589,-8.262765,Mensagem de cluster cluster_C para utilizador,info,user_0183
cluster_C,Évora,2024-05-20 10:07:04,match_00610,36.947755,-6.704683,Mensagem de cluster cluster_B para utilizador,suggestion,user_0007
cluster_A,Lisboa,2023-05-31 11:55:37,match_00611,38.646796,-6.612626,Mensagem de cluster cluster_A para utilizador,info,user_0171
cluster_B,Setúbal,2024-04-12 01:44:46,match_00612,37.642072,-9.008911,Mensagem de cluster cluster_B para utilizador,invite,user_0042
cluster_D,Coimbra,2024-01-17 20:28:54,match_00613,39.008634,-7.352905,Mensagem de cluster cluster_C para utilizador,info,user_0186
cluster_D,Setúbal,2023-10-28 18:47:19,match_00614,41.069125,-8.911324,Mensagem de cluster cluster_A para utilizador,alert,user_0140
cluster_E,Braga,2024-11-15 19:19:47,match_00615,37.473772,-7.981455,Mensagem de cluster cluster_B para utilizador,invite,user_0013
cluster_C,Faro,2024-03-21 16:37:32,match_00616,37.358768,-6.510492,Mensagem de cluster cluster_D para utilizador,suggestion,user_0012
cluster_E,Braga,2023-01-28 11:07:25,match_00617,41.410511,-6.815812,Mensagem de cluster cluster_D para utilizador,invite,user_0038
cluster_A,Évora,2023-05-12 09:36:29,match_00618,40.625698,-7.560846,Mensagem de cluster cluster_C para utilizador,alert,user_0003
cluster_C,Faro,2023-12-31 22:01:52,match_00619,37.165349,-6.750389,Mensagem de cluster cluster_A para utilizador,suggestion,user_0200
cluster_D,Coimbra,2024-11-24 17:13:19,match_00620,37.297852,-8.980386,Mensagem de cluster cluster_B para utilizador,info,user_0062
cluster_A,Viseu,2024-04-02 20:23:52,match_00621,40.324621,-8.837274,Mensagem de cluster cluster_B para utilizador,alert,user_0159
cluster_A,Évora,2024-07-25 06:51:16,match_00622,38.751721,-8.78986,Mensagem de cluster cluster_D para utilizador,invite,user_0200
cluster_E,Évora,2023-09-11 22:23:40,match_00623,40.520866,-6.861554,Mensagem de cluster cluster_C para utilizador,invite,user_0037
cluster_E,Viseu,2023-01-04 08:04:01,match_00624,38.92227,-6.470717,Mensagem de cluster cluster_A para utilizador,invite,user_0024
cluster_B,Leiria,2023-06-22 00:23:43,match_00625,41.738933,-7.586357,Mensagem de cluster cluster_D para utilizador,suggestion,user_0092
cluster_D,Braga,2023-03-27 18:44:13,match_00626,40.372083,-6.242896,Mensagem de cluster cluster_D para utilizador,invite,user_0068
cluster_D,Viseu,2024-01-23 01:05:12,match_00627,37.133079,-7.024697,Mensagem de cluster cluster_E para utilizador,suggestion,user_0064
cluster_E,Aveiro,2023-03-11 20:22:52,match_00628,38.552509,-7.583475,Mensagem de cluster cluster_D para utilizador,invite,user_0144
cluster_D,Évora,2023-09-22 04:30:39,match_00629,39.718031,-7.420592,Mensagem de cluster cluster_B para utilizador,invite,user_0018
cluster_D,Leiria,2024-07-09 14:58:00,match_00630,37.609368,-6.611584,Mensagem de cluster cluster_C para utilizador,suggestion,user_0068
cluster_A,Porto,2024-01-29 23:56:38,match_00631,36.912602,-9.193386,Mensagem de cluster cluster_D para utilizador,suggestion,user_0168
cluster_C,Setúbal,2023-06-10 01:43:04,match_00632,37.296541,-8.928741,Mensagem de cluster cluster_E para utilizador,suggestion,user_0058
cluster_C,Faro,2024-07-16 08:12:14,match_00633,39.521317,-8.594597,Mensagem de cluster cluster_D para utilizador,alert,user_0123
cluster_B,Braga,2024-04-26 07:24:42,match_00634,40.061275,-6.457762,Mensagem de cluster cluster_B para utilizador,info,user_0045
cluster_C,Évora,2023-07-21 18:59:37,match_00635,37.364517,-6.287187,Mensagem de cluster cluster_A para utilizador,invite,user_0053
cluster_D,Faro,2023-05-22 09:57:24,match_00636,40.225783,-8.28902,Mensagem de cluster cluster_A para utilizador,alert,user_0027
cluster_A,Setúbal,2024-08-04 12:39:33,match_00637,39.985621,-6.358885,Mensagem de cluster cluster_A para utilizador,info,user_0118
cluster_C,Coimbra,2024-05-15 05:28:14,match_00638,41.599485,-7.640717,Mensagem de cluster cluster_B para utilizador,invite,user_0036
cluster_D,Évora,2024-12-08 01:24:49,match_00639,41.103377,-7.890869,Mensagem de cluster cluster_B para utilizador,invite,user_0196
cluster_D,Évora,2023-12-13 07:42:46,match_00640,41.616209,-6.6686,Mensagem de cluster cluster_C para utilizador,invite,user_0100
cluster_E,Faro,2023-05-09 17:11:35,match_00641,41.730538,-7.643316,Mensagem de cluster cluster_E para utilizador,info,user_0141
cluster_E,Évora,2024-05-04 04:53:56,match_00642,39.104043,-7.95476,Mensagem de cluster cluster_A para utilizador,invite,user_0179
cluster_C,Évora,2023-02-01 11:23:07,match_00643,39.339553,-9.445724,Mensagem de cluster cluster_B para utilizador,alert,user_0176
cluster_E,Viseu,2024-04-15 17:57:42,match_00644,38.30811,-9.456148,Mensagem de cluster cluster_A para utilizador,invite,user_0188
cluster_D,Aveiro,2023-07-28 02:19:49,match_00645,39.442162,-7.366189,Mensagem de cluster cluster_C para utilizador,alert,user_0106
cluster_D,Lisboa,2023-11-14 07:26:49,match_00646,37.653573,-9.250382,Mensagem de cluster cluster_D para utilizador,suggestion,user_0101
cluster_E,Coimbra,2023-09-02 00:50:30,match_00647,40.257155,-6.994386,Mensagem de cluster cluster_E para utilizador,info,user_0111
cluster_A,Lisboa,2024-08-10 18:17:32,match_00648,37.024663,-7.384039,Mensagem de cluster cluster_A para utilizador,alert,user_0198
cluster_E,Braga,2024-07-07 15:18:30,match_00649,38.078139,-7.94372,Mensagem de cluster cluster_D para utilizador,invite,user_0179
cluster_A,Aveiro,2023-02-01 14:55:20,match_00650,37.940358,-7.086668,Mensagem de cluster cluster_D para utilizador,alert,user_0014
cluster_E,Évora,2024-06-24 12:06:13,match_00651,41.589445,-6.123557,Mensagem de cluster cluster_C para utilizador,alert,user_0171
cluster_D,Braga,2024-11-06 03:34:14,match_00652,37.624509,-8.662387,Mensagem de cluster cluster_C para utilizador,suggestion,user_0003
cluster_D,Coimbra,2023-05-09 09:33:03,match_00653,41.353877,-7.606011,Mensagem de cluster cluster_D para utilizador,info,user_0153
cluster_E,Porto,2024-07-27 09:49:12,match_00654,37.521791,-6.63429,Mensagem de cluster cluster_A para utilizador,suggestion,user_0034
cluster_B,Porto,2023-12-21 02:16:32,match_00655,40.15349,-9.442625,Mensagem de cluster cluster_D para utilizador,info,user_0198
cluster_A,Faro,2023-03-26 17:27:37,match_00656,38.49943,-8.808072,Mensagem de cluster cluster_B para utilizador,suggestion,user_0184
cluster_B,Porto,2024-10-15 09:47:13,match_00657,38.480012,-7.728741,Mensagem de cluster cluster_E para utilizador,info,user_0193
cluster_D,Évora,2024-06-10 14:58:55,match_00658,41.891356,-7.622364,Mensagem de cluster cluster_B para utilizador,invite,user_0188
cluster_A,Lisboa,2024-03-08 16:13:14,match_00659,38.030214,-9.206467,Mensagem de cluster cluster_E para utilizador,alert,user_0048
cluster_E,Leiria,2023-08-26 23:02:05,match_00660,37.9128,-8.11474,Mensagem de cluster cluster_B para utilizador,alert,user_0072
cluster_A,Viseu,2023-05-26 02:07:28,match_00661,39.846674,-7.732732,Mensagem de cluster cluster_B para utilizador,suggestion,user_0147
cluster_A,Lisboa,2024-05-09 02:27:23,match_00662,40.603762,-8.061883,Mensagem de cluster cluster_C para utilizador,invite,user_0105
cluster_C,Lisboa,2023-08-26 18:00:01,match_00663,41.812523,-7.117973,Mensagem de cluster cluster_A para utilizador,invite,user_0035
cluster_A,Leiria,2024-07-22 15:38:48,match_00664,40.407069,-6.877363,Mensagem de cluster cluster_C para utilizador,invite,user_0097
cluster_D,Évora,2023-08-27 01:50:11,match_00665,39.709355,-7.93511,Mensagem de cluster cluster_B para utilizador,suggestion,user_0109
cluster_B,Viseu,2023-03-13 14:05:01,match_00666,38.945659,-8.052757,Mensagem de cluster cluster_D para utilizador,info,user_0109
cluster_B,Coimbra,2024-06-22 13:20:33,match_00667,39.875564,-7.101764,Mensagem de cluster cluster_B para utilizador,invite,user_0033
cluster_E,Braga,2024-09-27 00:24:28,match_00668,39.904175,-7.611972,Mensagem de cluster cluster_D para utilizador,invite,user_0170
cluster_C,Faro,2023-10-02 03:19:38,match_00669,37.988557,-6.540506,Mensagem de cluster cluster_A para utilizador,info,user_0115
cluster_B,Porto,2023-06-11 02:00:41,match_00670,40.256043,-7.864103,Mensagem de cluster cluster_E para utilizador,info,user_0054
cluster_B,Setúbal,2023-12-10 19:44:57,match_00671,37.922119,-7.547287,Mensagem de cluster cluster_E para utilizador,invite,user_0039
cluster_A,Setúbal,2023-12-20 14:49:23,match_00672,39.349774,-9.062062,Mensagem de cluster cluster_B para utilizador,suggestion,user_0110
cluster_D,Lisboa,2024-10-12 01:21:52,match_00673,38.199348,-6.657609,Mensagem de cluster cluster_B para utilizador,suggestion,user_0192
cluster_D,Viseu,2023-04-16 19:22:15,match_00674,38.464005,-8.064207,Mensagem de cluster cluster_E para utilizador,alert,user_0166
cluster_E,Leiria,2024-11-08 08:34:56,match_00675,39.969385,-7.055185,Mensagem de cluster cluster_B para utilizador,alert,user_0038
cluster_D,Lisboa,2023-11-29 03:26:24,match_00676,37.222426,-8.039759,Mensagem de cluster cluster_B para utilizador,alert,user_0073
cluster_B,Setúbal,2023-10-10 18:01:36,match_00677,36.960174,-9.496558,Mensagem de cluster cluster_A para utilizador,suggestion,user_0180
cluster_A,Évora,2023-04-10 13:48:31,match_00678,37.5531,-8.138605,Mensagem de cluster cluster_B para utilizador,alert,user_0112
cluster_D,Aveiro,2024-06-09 11:16:03,match_00679,37.743535,-8.998493,Mensagem de cluster cluster_D para utilizador,invite,user_0101
cluster_C,Porto,2024-04-06 09:00:35,match_00680,37.889365,-8.144709,Mensagem de cluster cluster_A para utilizador,suggestion,user_0047
cluster_C,Aveiro,2024-12-13 03:44:21,match_00681,40.769655,-8.407431,Mensagem de cluster cluster_C para utilizador,suggestion,user_0126
cluster_C,Viseu,2023-05-28 14:44:05,match_00682,39.13429,-8.811339,Mensagem de cluster cluster_B para utilizador,alert,user_0065
cluster_D,Porto,2023-04-03 20:45:00,match_00683,39.249681,-9.079175,Mensagem de cluster cluster_B para utilizador,invite,user_0100
cluster_A,Porto,2024-05-20 07:31:42,match_00684,40.121671,-7.022892,Mensagem de cluster cluster_D para utilizador,invite,user_0042
cluster_D,Leiria,2023-02-13 13:05:53,match_00685,40.545544,-6.933475,Mensagem de cluster cluster_A para utilizador,suggestion,user_0102
cluster_B,Évora,2023-04-10 15:30:22,match_00686,36.917542,-8.599008,Mensagem de cluster cluster_E para utilizador,suggestion,user_0055
cluster_D,Aveiro,2024-09-13 16:55:54,match_00687,41.183627,-7.816353,Mensagem de cluster cluster_B para utilizador,alert,user_0059
cluster_C,Lisboa,2023-12-01 18:18:09,match_00688,41.842174,-7.922159,Mensagem de cluster cluster_A para utilizador,invite,user_0194
cluster_C,Viseu,2023-05-05 23:26:49,match_00689,37.509037,-8.292158,Mensagem de cluster cluster_A para utilizador,suggestion,user_0074
cluster_A,Setúbal,2023-09-08 19:27:05,match_00690,40.155403,-8.556034,Mensagem de cluster cluster_D para utilizador,info,user_0182
cluster_E,Lisboa,2024-10-09 01:53:06,match_00691,36.912069,-8.867492,Mensagem de cluster cluster_D para utilizador,invite,user_0051
cluster_C,Faro,2024-03-16 15:42:08,match_00692,37.145147,-6.532165,Mensagem de cluster cluster_E para utilizador,info,user_0151
cluster_C,Porto,2024-07-30 08:51:46,match_00693,38.325005,-6.666738,Mensagem de cluster cluster_C para utilizador,suggestion,user_0139
cluster_E,Leiria,2024-04-10 17:44:46,match_00694,41.13202,-8.08159,Mensagem de cluster cluster_B para utilizador,alert,user_0036
cluster_D,Braga,2024-03-22 09:58:19,match_00695,40.162505,-7.047916,Mensagem de cluster cluster_B para utilizador,suggestion,user_0184
cluster_C,Viseu,2023-05-05 01:16:10,match_00696,39.129105,-7.805671,Mensagem de cluster cluster_C para utilizador,suggestion,user_0042
cluster_A,Évora,2024-12-09 04:46:47,match_00697,39.092992,-9.209697,Mensagem de cluster cluster_D para utilizador,info,user_0102
cluster_D,Porto,2024-09-16 03:40:13,match_00698,39.230268,-6.703872,Mensagem de cluster cluster_D para utilizador,suggestion,user_0099
cluster_D,Viseu,2023-03-05 03:01:49,match_00699,38.455166,-8.754477,Mensagem de cluster cluster_A para utilizador,alert,user_0128
cluster_C,Coimbra,2024-09-17 14:10:49,match_00700,41.288573,-7.09682,Mensagem de cluster cluster_E para utilizador,info,user_0013
cluster_D,Viseu,2023-12-24 03:01:07,match_00701,39.739346,-7.706847,Mensagem de cluster cluster_D para utilizador,info,user_0099
cluster_D,Braga,2024-12-27 20:02:21,match_00702,39.31975,-7.152164,Mensagem de cluster cluster_A para utilizador,alert,user_0052
cluster_A,Lisboa,2024-03-07 20:29:48,match_00703,39.225383,-7.89791,Mensagem de cluster cluster_C para utilizador,info,user_0158
cluster_D,Viseu,2024-09-03 00:02:51,match_00704,41.579132,-7.111292,Mensagem de cluster cluster_A para utilizador,alert,user_0140
cluster_C,Setúbal,2023-07-23 19:04:25,match_00705,40.51831,-9.388437,Mensagem de cluster cluster_C para utilizador,info,user_0149
cluster_C,Faro,2024-06-16 21:54:39,match_00706,37.624073,-9.3611,Mensagem de cluster cluster_C para utilizador,suggestion,user_0140
cluster_E,Setúbal,2024-06-21 09:51:13,match_00707,39.084851,-6.452444,Mensagem de cluster cluster_C para utilizador,suggestion,user_0062
cluster_B,Lisboa,2023-06-30 01:22:52,match_00708,38.341861,-6.95104,Mensagem de cluster cluster_C para utilizador,invite,user_0120
cluster_E,Aveiro,2023-08-27 22:13:29,match_00709,41.834343,-6.68321,Mensagem de cluster cluster_D para utilizador,info,user_0093
cluster_A,Coimbra,2024-02-28 00:15:44,match_00710,38.976979,-7.94761,Mensagem de cluster cluster_B para utilizador,alert,user_0167
cluster_A,Évora,2024-10-13 00:43:56,match_00711,37.239351,-7.937201,Mensagem de cluster cluster_C para utilizador,alert,user_0044
cluster_C,Aveiro,2024-03-07 23:50:20,match_00712,38.95606,-7.684386,Mensagem de cluster cluster_A para utilizador,info,user_0132
cluster_B,Braga,2023-04-19 17:56:57,match_00713,38.506751,-8.671549,Mensagem de cluster cluster_B para utilizador,suggestion,user_0159
cluster_E,Coimbra,2024-02-23 19:14:15,match_00714,39.897913,-7.006092,Mensagem de cluster cluster_A para utilizador,alert,user_0152
cluster_B,Leiria,2023-01-04 16:57:33,match_00715,38.030391,-6.679855,Mensagem de cluster cluster_A para utilizador,invite,user_0170
cluster_C,Leiria,2024-12-16 12:49:27,match_00716,37.079868,-6.415438,Mensagem de cluster cluster_A para utilizador,alert,user_0123
cluster_D,Évora,2023-01-30 05:49:41,match_00717,37.379402,-7.742085,Mensagem de cluster cluster_C para utilizador,alert,user_0177
cluster_C,Braga,2023-12-10 13:50:02,match_00718,38.315738,-8.09044,Mensagem de cluster cluster_B para utilizador,alert,user_0090
cluster_C,Coimbra,2024-07-15 01:59:02,match_00719,38.641613,-6.674827,Mensagem de cluster cluster_C para utilizador,invite,user_0148
cluster_B,Évora,2023-01-25 13:01:55,match_00720,41.072253,-6.940936,Mensagem de cluster cluster_D para utilizador,invite,user_0136
cluster_A,Setúbal,2024-01-23 17:15:09,match_00721,38.250348,-6.551271,Mensagem de cluster cluster_C para utilizador,alert,user_0161
cluster_D,Setúbal,2023-12-16 20:47:55,match_00722,37.057465,-7.270514,Mensagem de cluster cluster_E para utilizador,invite,user_0196
cluster_D,Coimbra,2024-08-05 13:16:00,match_00723,40.803667,-6.496735,Mensagem de cluster cluster_A para utilizador,suggestion,user_0166
cluster_A,Viseu,2024-08-22 13:01:26,match_00724,41.244588,-9.197258,Mensagem de cluster cluster_D para utilizador,alert,user_0164
cluster_B,Aveiro,2023-11-27 06:46:21,match_00725,39.361531,-7.189491,Mensagem de cluster cluster_B para utilizador,invite,user_0048
cluster_B,Leiria,2023-06-25 13:45:40,match_00726,38.324636,-9.198097,Mensagem de cluster cluster_C para utilizador,invite,user_0136
cluster_A,Viseu,2024-02-12 16:41:29,match_00727,40.760699,-6.953714,Mensagem de cluster cluster_D para utilizador,invite,user_0060
cluster_E,Évora,2023-01-10 01:39:02,match_00728,36.944492,-7.363291,Mensagem de cluster cluster_C para utilizador,suggestion,user_0024
cluster_B,Aveiro,2024-06-18 04:53:44,match_00729,41.520141,-9.445627,Mensagem de cluster cluster_C para utilizador,invite,user_0017
cluster_A,Viseu,2024-11-24 10:50:30,match_00730,41.227658,-7.462513,Mensagem de cluster cluster_C para utilizador,info,user_0065
cluster_E,Porto,2023-04-07 21:06:51,match_00731,39.624166,-9.002649,Mensagem de cluster cluster_A para utilizador,info,user_0167
cluster_C,Coimbra,2023-08-04 22:14:53,match_00732,38.287906,-9.015801,Mensagem de cluster cluster_A para utilizador,suggestion,user_0106
cluster_D,Braga,2024-04-17 18:39:22,match_00733,37.064224,-8.988426,Mensagem de cluster cluster_A para utilizador,suggestion,user_0055
cluster_A,Setúbal,2023-03-08 05:34:51,match_00734,41.899119,-7.855,Mensagem de cluster cluster_E para utilizador,invite,user_0077
cluster_B,Porto,2023-12-17 05:47:50,match_00735,40.710369,-9.107231,Mensagem de cluster cluster_B para utilizador,suggestion,user_0061
cluster_D,Évora,2023-08-11 12:44:14,match_00736,38.593549,-9.07277,Mensagem de cluster cluster_C para utilizador,invite,user_0031
cluster_E,Aveiro,2024-05-28 09:53:40,match_00737,36.99636,-8.629029,Mensagem de cluster cluster_C para utilizador,invite,user_0101
cluster_D,Coimbra,2024-09-18 06:47:43,match_00738,40.096459,-9.497082,Mensagem de cluster cluster_C para utilizador,invite,user_0028
cluster_A,Aveiro,2024-06-29 12:27:46,match_00739,41.83452,-8.562315,Mensagem de cluster cluster_E para utilizador,info,user_0032
cluster_C,Aveiro,2023-01-18 19:43:26,match_00740,40.435364,-7.397414,Mensagem de cluster cluster_E para utilizador,info,user_0007
cluster_E,Braga,2023-11-29 00:48:38,match_00741,37.318572,-7.45466,Mensagem de cluster cluster_E para utilizador,alert,user_0014
cluster_E,Lisboa,2024-07-17 10:32:57,match_00742,38.911392,-6.203586,Mensagem de cluster cluster_C para utilizador,suggestion,user_0073
cluster_E,Braga,2024-09-30 03:58:01,match_00743,37.445917,-9.093258,Mensagem de cluster cluster_B para utilizador,info,user_0182
cluster_D,Viseu,2023-10-23 21:54:49,match_00744,41.460803,-6.557057,Mensagem de cluster cluster_C para utilizador,suggestion,user_0070
cluster_C,Lisboa,2024-07-30 14:19:28,match_00745,38.552072,-8.169955,Mensagem de cluster cluster_B para utilizador,invite,user_0179
cluster_A,Porto,2023-09-28 09:45:59,match_00746,40.566883,-8.184077,Mensagem de cluster cluster_E para utilizador,suggestion,user_0030
cluster_A,Aveiro,2023-12-05 22:27:43,match_00747,37.323452,-8.314043,Mensagem de cluster cluster_D para utilizador,invite,user_0158
cluster_D,Coimbra,2024-04-07 09:12:30,match_00748,37.542073,-9.075896,Mensagem de cluster cluster_A para utilizador,suggestion,user_0144
cluster_A,Leiria,2024-09-20 01:54:14,match_00749,40.297438,-7.873083,Mensagem de cluster cluster_A para utilizador,info,user_0151
cluster_A,Évora,2023-02-21 14:38:21,match_00750,41.1174,-6.822915,Mensagem de cluster cluster_B para utilizador,suggestion,user_0159
cluster_C,Braga,2024-10-14 04:58:17,match_00751,37.90725,-6.52353,Mensagem de cluster cluster_E para utilizador,invite,user_0012
cluster_D,Lisboa,2023-09-01 00:30:55,match_00752,38.991686,-6.226279,Mensagem de cluster cluster_A para utilizador,info,user_0003
cluster_D,Lisboa,2023-01-24 21:09:08,match_00753,39.997085,-6.830006,Mensagem de cluster cluster_A para utilizador,invite,user_0067
cluster_E,Lisboa,2023-11-07 21:48:26,match_00754,40.881382,-7.381488,Mensagem de cluster cluster_E para utilizador,invite,user_0166
cluster_A,Viseu,2023-07-16 22:42:35,match_00755,40.040983,-7.808385,Mensagem de cluster cluster_B para utilizador,info,user_0086
cluster_B,Braga,2024-11-21 15:35:34,match_00756,37.37713,-6.525349,Mensagem de cluster cluster_B para utilizador,suggestion,user_0115
cluster_C,Faro,2024-01-31 23:27:47,match_00757,39.614097,-6.985654,Mensagem de cluster cluster_D para utilizador,alert,user_0108
cluster_C,Aveiro,2024-08-02 23:16:03,match_00758,41.323033,-8.951722,Mensagem de cluster cluster_A para utilizador,alert,user_0144
cluster_B,Aveiro,2024-07-29 00:21:39,match_00759,41.240119,-7.179328,Mensagem de cluster cluster_A para utilizador,suggestion,user_0082
cluster_E,Porto,2023-03-01 02:24:08,match_00760,39.825078,-8.034469,Mensagem de cluster cluster_E para utilizador,suggestion,user_0004
cluster_B,Leiria,2024-10-05 00:26:37,match_00761,41.878481,-7.474281,Mensagem de cluster cluster_E para utilizador,info,user_0020
cluster_B,Leiria,2024-06-21 02:31:44,match_00762,37.425619,-6.4456,Mensagem de cluster cluster_C para utilizador,invite,user_0045
cluster_E,Évora,2023-02-10 00:18:01,match_00763,39.292977,-7.28126,Mensagem de cluster cluster_C para utilizador,info,user_0141
cluster_B,Viseu,2024-11-21 02:02:43,match_00764,40.775618,-6.308337,Mensagem de cluster cluster_D para utilizador,info,user_0095
cluster_E,Faro,2024-05-07 11:55:11,match_00765,37.605191,-6.554343,Mensagem de cluster cluster_B para utilizador,invite,user_0130
cluster_A,Faro,2024-10-10 05:22:22,match_00766,41.763749,-9.061736,Mensagem de cluster cluster_E para utilizador,invite,user_0094
cluster_E,Aveiro,2023-03-23 00:08:01,match_00767,38.670233,-9.460383,Mensagem de cluster cluster_B para utilizador,suggestion,user_0031
cluster_D,Aveiro,2023-09-24 21:09:06,match_00768,38.650699,-8.193001,Mensagem de cluster cluster_A para utilizador,invite,user_0028
cluster_D,Faro,2024-03-27 23:13:04,match_00769,37.965972,-6.557878,Mensagem de cluster cluster_B para utilizador,invite,user_0073
cluster_B,Setúbal,2023-09-24 20:48:23,match_00770,38.340087,-8.717572,Mensagem de cluster cluster_B para utilizador,suggestion,user_0059
cluster_D,Setúbal,2023-05-08 22:41:05,match_00771,39.787945,-7.14924,Mensagem de cluster cluster_D para utilizador,info,user_0139
cluster_E,Setúbal,2024-02-12 22:00:31,match_00772,39.046771,-7.881616,Mensagem de cluster cluster_E para utilizador,alert,user_0163
cluster_A,Faro,2023-02-18 21:56:37,match_00773,37.866891,-6.963336,Mensagem de cluster cluster_C para utilizador,invite,user_0049
cluster_E,Leiria,2024-06-01 19:35:11,match_00774,40.9457,-8.939079,Mensagem de cluster cluster_E para utilizador,info,user_0172
cluster_C,Lisboa,2023-05-30 10:33:52,match_00775,37.211197,-8.68709,Mensagem de cluster cluster_C para utilizador,info,user_0186
cluster_B,Viseu,2024-12-17 07:31:42,match_00776,41.073264,-8.675417,Mensagem de cluster cluster_C para utilizador,alert,user_0179
cluster_A,Braga,2023-06-24 04:50:41,match_00777,38.274694,-7.635216,Mensagem de cluster cluster_D para utilizador,invite,user_0118
cluster_B,Évora,2023-03-24 21:31:49,match_00778,39.379517,-8.515277,Mensagem de cluster cluster_A para utilizador,info,user_0017
cluster_C,Leiria,2023-12-16 07:12:19,match_00779,38.805323,-6.740144,Mensagem de cluster cluster_D para utilizador,info,user_0126
cluster_D,Porto,2024-11-16 13:52:18,match_00780,39.753011,-8.3209,Mensagem de cluster cluster_A para utilizador,invite,user_0132
cluster_C,Coimbra,2024-02-28 11:41:29,match_00781,40.87995,-7.253106,Mensagem de cluster cluster_D para utilizador,invite,user_0161
cluster_D,Aveiro,2024-12-01 03:29:50,match_00782,41.846599,-6.275094,Mensagem de cluster cluster_D para utilizador,info,user_0190
cluster_B,Faro,2023-06-03 03:35:25,match_00783,38.430296,-7.436459,Mensagem de cluster cluster_E para utilizador,suggestion,user_0081
cluster_B,Aveiro,2024-06-27 20:41:34,match_00784,39.669022,-8.676678,Mensagem de cluster cluster_E para utilizador,suggestion,user_0106
cluster_B,Porto,2023-06-14 13:39:36,match_00785,39.230038,-6.676447,Mensagem de cluster cluster_A para utilizador,info,user_0200
cluster_E,Aveiro,2023-09-15 11:30:30,match_00786,41.894641,-9.457355,Mensagem de cluster cluster_B para utilizador,invite,user_0090
cluster_A,Setúbal,2023-07-15 04:06:34,match_00787,40.944568,-8.627774,Mensagem de cluster cluster_E para utilizador,invite,user_0171
cluster_E,Faro,2024-05-11 13:34:20,match_00788,38.885419,-8.182532,Mensagem de cluster cluster_C para utilizador,suggestion,user_0084
cluster_C,Porto,2023-07-22 07:35:10,match_00789,39.284395,-8.833672,Mensagem de cluster cluster_B para utilizador,suggestion,user_0042
cluster_A,Évora,2023-02-16 06:13:40,match_00790,38.129783,-7.446338,Mensagem de cluster cluster_C para utilizador,alert,user_0179
cluster_B,Lisboa,2023-09-10 00:22:10,match_00791,40.676237,-7.602798,Mensagem de cluster cluster_A para utilizador,suggestion,user_0166
cluster_B,Setúbal,2023-12-21 22:41:43,match_00792,41.126059,-8.117912,Mensagem de cluster cluster_E para utilizador,invite,user_0171
cluster_B,Braga,2024-01-20 11:28:44,match_00793,41.724934,-8.49911,Mensagem de cluster cluster_A para utilizador,suggestion,user_0048
cluster_D,Setúbal,2023-03-31 13:52:09,match_00794,39.729144,-8.024715,Mensagem de cluster cluster_B para utilizador,info,user_0042
cluster_C,Lisboa,2024-06-02 04:08:20,match_00795,40.253415,-8.509912,Mensagem de cluster cluster_D para utilizador,alert,user_0185
cluster_E,Lisboa,2024-05-10 03:57:40,match_00796,39.130294,-8.747721,Mensagem de cluster cluster_D para utilizador,alert,user_0054
cluster_C,Porto,2024-01-24 23:37:39,match_00797,39.945643,-8.305682,Mensagem de cluster cluster_E para utilizador,invite,user_0097
cluster_D,Viseu,2023-08-02 08:28:17,match_00798,38.643745,-7.452059,Mensagem de cluster cluster_E para utilizador,info,user_0145
cluster_D,Évora,2024-03-29 07:03:58,match_00799,40.588446,-7.295471,Mensagem de cluster cluster_A para utilizador,suggestion,user_0179
cluster_C,Coimbra,2024-08-06 22:18:56,match_00800,37.013502,-8.48902,Mensagem de cluster cluster_B para utilizador,alert,user_0137
cluster_D,Coimbra,2024-11-21 02:48:01,match_00801,37.042284,-6.278847,Mensagem de cluster cluster_D para utilizador,alert,user_0008
cluster_A,Coimbra,2024-08-13 10:06:13,match_00802,40.480604,-8.609339,Mensagem de cluster cluster_E para utilizador,info,user_0191
cluster_B,Faro,2024-11-17 20:08:43,match_00803,41.553414,-7.078751,Mensagem de cluster cluster_D para utilizador,alert,user_0112
cluster_E,Porto,2023-02-17 21:47:43,match_00804,40.061245,-9.222968,Mensagem de cluster cluster_E para utilizador,info,user_0110
cluster_D,Évora,2024-10-13 02:08:39,match_00805,40.532641,-7.239529,Mensagem de cluster cluster_D para utilizador,invite,user_0184
cluster_E,Braga,2023-12-01 05:57:16,match_00806,41.019671,-7.936174,Mensagem de cluster cluster_D para utilizador,alert,user_0070
cluster_B,Braga,2023-02-28 12:35:07,match_00807,38.708371,-7.565033,Mensagem de cluster cluster_E para utilizador,suggestion,user_0137
cluster_C,Porto,2024-10-17 12:00:41,match_00808,37.440568,-8.874153,Mensagem de cluster cluster_C para utilizador,info,user_0111
cluster_B,Setúbal,2023-07-30 12:17:22,match_00809,41.565461,-8.025883,Mensagem de cluster cluster_B para utilizador,invite,user_0111
cluster_E,Coimbra,2024-11-29 08:06:13,match_00810,41.592853,-6.894655,Mensagem de cluster cluster_B para utilizador,suggestion,user_0005
cluster_A,Coimbra,2023-03-21 20:04:24,match_00811,39.109203,-6.891912,Mensagem de cluster cluster_A para utilizador,info,user_0072
cluster_C,Aveiro,2023-07-21 10:31:00,match_00812,37.985848,-8.69231,Mensagem de cluster cluster_B para utilizador,suggestion,user_0064
cluster_D,Porto,2024-05-23 20:52:42,match_00813,41.361772,-8.301162,Mensagem de cluster cluster_E para utilizador,alert,user_0180
cluster_A,Évora,2023-12-29 07:40:45,match_00814,40.442133,-9.487034,Mensagem de cluster cluster_B para utilizador,invite,user_0035
cluster_B,Porto,2024-09-30 17:52:47,match_00815,36.941142,-9.194129,Mensagem de cluster cluster_E para utilizador,info,user_0060
cluster_E,Setúbal,2024-01-16 02:26:50,match_00816,37.438599,-9.069117,Mensagem de cluster cluster_A para utilizador,info,user_0089
cluster_E,Faro,2024-04-02 21:52:44,match_00817,41.815998,-8.501585,Mensagem de cluster cluster_E para utilizador,invite,user_0100
cluster_E,Aveiro,2023-08-03 00:19:43,match_00818,37.090641,-6.919347,Mensagem de cluster cluster_D para utilizador,suggestion,user_0039
cluster_B,Setúbal,2024-12-08 18:56:49,match_00819,38.312775,-7.76515,Mensagem de cluster cluster_E para utilizador,invite,user_0113
cluster_C,Évora,2024-01-31 05:56:25,match_00820,39.642482,-6.805132,Mensagem de cluster cluster_E para utilizador,invite,user_0134
cluster_D,Setúbal,2023-04-07 09:07:10,match_00821,37.821778,-6.933321,Mensagem de cluster cluster_C para utilizador,invite,user_0088
cluster_A,Aveiro,2023-09-11 02:11:17,match_00822,38.06027,-7.50373,Mensagem de cluster cluster_C para utilizador,invite,user_0119
cluster_B,Porto,2023-11-21 00:25:41,match_00823,38.664837,-7.800475,Mensagem de cluster cluster_B para utilizador,alert,user_0149
cluster_E,Évora,2024-04-15 14:52:17,match_00824,38.247771,-6.333509,Mensagem de cluster cluster_C para utilizador,info,user_0164
cluster_D,Faro,2023-08-01 19:22:27,match_00825,40.916781,-7.564481,Mensagem de cluster cluster_C para utilizador,suggestion,user_0018
cluster_E,Leiria,2023-02-15 22:52:31,match_00826,39.401372,-7.858398,Mensagem de cluster cluster_E para utilizador,suggestion,user_0112
cluster_B,Leiria,2024-09-28 09:49:32,match_00827,38.293101,-6.544989,Mensagem de cluster cluster_A para utilizador,invite,user_0001
cluster_E,Aveiro,2023-06-19 14:23:15,match_00828,38.46548,-9.257108,Mensagem de cluster cluster_B para utilizador,invite,user_0017
cluster_B,Aveiro,2024-11-22 15:18:05,match_00829,37.099325,-7.269511,Mensagem de cluster cluster_B para utilizador,suggestion,user_0197
cluster_E,Coimbra,2024-04-15 14:39:14,match_00830,37.14696,-9.115707,Mensagem de cluster cluster_A para utilizador,suggestion,user_0121
cluster_B,Aveiro,2023-10-28 12:50:20,match_00831,40.489538,-6.712606,Mensagem de cluster cluster_E para utilizador,alert,user_0114
cluster_E,Porto,2023-09-08 05:43:27,match_00832,37.464554,-6.804935,Mensagem de cluster cluster_B para utilizador,invite,user_0134
cluster_D,Faro,2024-04-16 14:49:02,match_00833,39.278984,-7.78776,Mensagem de cluster cluster_C para utilizador,suggestion,user_0058
cluster_D,Coimbra,2023-08-27 04:53:18,match_00834,41.111828,-7.25245,Mensagem de cluster cluster_A para utilizador,info,user_0173
cluster_E,Faro,2024-03-09 03:37:08,match_00835,38.742268,-6.873086,Mensagem de cluster cluster_B para utilizador,alert,user_0072
cluster_E,Faro,2024-05-23 17:02:59,match_00836,38.628761,-7.856767,Mensagem de cluster cluster_C para utilizador,alert,user_0123
cluster_B,Faro,2024-09-06 14:13:33,match_00837,41.265241,-6.419743,Mensagem de cluster cluster_B para utilizador,invite,user_0124
cluster_B,Évora,2023-11-22 00:53:25,match_00838,41.224252,-8.014098,Mensagem de cluster cluster_C para utilizador,alert,user_0048
cluster_B,Lisboa,2023-08-10 23:31:21,match_00839,41.300684,-6.467123,Mensagem de cluster cluster_A para utilizador,alert,user_0178
cluster_C,Porto,2023-04-07 07:50:18,match_00840,39.75957,-7.51867,Mensagem de cluster cluster_B para utilizador,info,user_0056
cluster_E,Évora,2024-07-30 05:22:53,match_00841,41.661521,-8.050773,Mensagem de cluster cluster_B para utilizador,alert,user_0137
cluster_E,Lisboa,2023-05-06 08:50:03,match_00842,40.99482,-9.486068,Mensagem de cluster cluster_E para utilizador,info,user_0190
cluster_E,Leiria,2023-07-09 19:19:50,match_00843,38.978172,-8.49511,Mensagem de cluster cluster_A para utilizador,alert,user_0121
cluster_E,Braga,2023-12-20 11:56:21,match_00844,40.047776,-6.549067,Mensagem de cluster cluster_A para utilizador,alert,user_0031
cluster_B,Setúbal,2024-12-09 15:05:07,match_00845,37.508945,-8.042377,Mensagem de cluster cluster_C para utilizador,invite,user_0065
cluster_B,Coimbra,2024-07-15 22:00:55,match_00846,39.656661,-8.067007,Mensagem de cluster cluster_E para utilizador,invite,user_0105
cluster_C,Braga,2023-02-04 13:01:39,match_00847,38.215745,-7.836004,Mensagem de cluster cluster_C para utilizador,invite,user_0061
cluster_B,Aveiro,2023-09-15 18:40:41,match_00848,38.317736,-8.526566,Mensagem de cluster cluster_C para utilizador,invite,user_0138
cluster_E,Porto,2023-11-29 19:49:58,match_00849,37.528591,-7.828726,Mensagem de cluster cluster_A para utilizador,suggestion,user_0181
cluster_E,Braga,2023-05-02 10:40:51,match_00850,38.690996,-8.222405,Mensagem de cluster cluster_E para utilizador,invite,user_0126
cluster_A,Aveiro,2024-11-05 14:47:10,match_00851,39.306952,-6.407895,Mensagem de cluster cluster_C para utilizador,invite,user_0192
cluster_B,Braga,2024-06-03 14:56:57,match_00852,39.901772,-7.582513,Mensagem de cluster cluster_B para utilizador,invite,user_0192
cluster_A,Aveiro,2023-07-28 05:31:12,match_00853,38.424347,-6.663887,Mensagem de cluster cluster_D para utilizador,alert,user_0178
cluster_E,Évora,2024-12-11 10:34:14,match_00854,40.861241,-7.164628,Mensagem de cluster cluster_E para utilizador,alert,user_0193
cluster_B,Porto,2024-09-04 17:05:27,match_00855,39.5048,-8.77715,Mensagem de cluster cluster_C para utilizador,alert,user_0077
cluster_E,Lisboa,2024-05-20 18:53:39,match_00856,40.090261,-6.549937,Mensagem de cluster cluster_C para utilizador,invite,user_0142
cluster_A,Lisboa,2024-05-01 10:33:23,match_00857,38.290718,-9.203279,Mensagem de cluster cluster_A para utilizador,info,user_0023
cluster_A,Porto,2023-04-23 01:03:13,match_00858,40.970679,-7.974631,Mensagem de cluster cluster_A para utilizador,suggestion,user_0127
cluster_D,Évora,2023-06-23 16:06:04,match_00859,40.021372,-8.686872,Mensagem de cluster cluster_C para utilizador,info,user_0156
cluster_D,Leiria,2023-01-31 00:58:24,match_00860,41.211744,-7.672312,Mensagem de cluster cluster_B para utilizador,info,user_0093
cluster_B,Évora,2023-08-20 03:17:04,match_00861,37.699758,-8.479831,Mensagem de cluster cluster_C para utilizador,info,user_0058
cluster_B,Braga,2023-04-03 07:48:57,match_00862,38.803316,-7.042391,Mensagem de cluster cluster_B para utilizador,info,user_0168
cluster_B,Aveiro,2023-07-10 02:20:02,match_00863,37.465081,-6.314476,Mensagem de cluster cluster_C para utilizador,suggestion,user_0192
cluster_B,Aveiro,2023-05-15 16:22:48,match_00864,37.977637,-7.089094,Mensagem de cluster cluster_A para utilizador,info,user_0097
cluster_B,Leiria,2024-02-15 14:46:35,match_00865,38.872738,-8.291945,Mensagem de cluster cluster_E para utilizador,invite,user_0130
cluster_B,Leiria,2023-01-26 07:45:10,match_00866,41.37291,-7.459762,Mensagem de cluster cluster_E para utilizador,info,user_0171
cluster_B,Leiria,2023-08-20 08:51:17,match_00867,39.685203,-6.479011,Mensagem de cluster cluster_A para utilizador,suggestion,user_0012
cluster_A,Coimbra,2023-09-09 00:11:58,match_00868,38.551892,-8.581903,Mensagem de cluster cluster_D para utilizador,suggestion,user_0104
cluster_A,Viseu,2023-09-30 05:28:10,match_00869,40.634496,-9.098104,Mensagem de cluster cluster_C para utilizador,info,user_0092
cluster_A,Coimbra,2024-01-30 02:27:45,match_00870,36.998414,-9.055402,Mensagem de cluster cluster_E para utilizador,invite,user_0035
cluster_E,Porto,2023-04-29 16:42:36,match_00871,38.750461,-7.8175,Mensagem de cluster cluster_E para utilizador,info,user_0074
cluster_C,Aveiro,2023-08-09 03:19:37,match_00872,39.904158,-7.010737,Mensagem de cluster cluster_B para utilizador,alert,user_0111
cluster_E,Porto,2024-11-02 22:00:11,match_00873,39.816187,-7.265324,Mensagem de cluster cluster_D para utilizador,suggestion,user_0108
cluster_B,Braga,2023-10-23 07:55:55,match_00874,39.937789,-7.956776,Mensagem de cluster cluster_B para utilizador,info,user_0121
cluster_C,Leiria,2023-12-31 13:47:03,match_00875,37.957504,-7.020387,Mensagem de cluster cluster_C para utilizador,alert,user_0197
cluster_A,Porto,2023-04-17 03:07:32,match_00876,38.585396,-7.344502,Mensagem de cluster cluster_C para utilizador,invite,user_0191
cluster_A,Lisboa,2023-12-01 08:52:25,match_00877,41.557827,-7.364015,Mensagem de cluster cluster_B para utilizador,alert,user_0169
cluster_D,Faro,2023-08-22 18:13:05,match_00878,41.769878,-8.81192,Mensagem de cluster cluster_E para utilizador,suggestion,user_0064
cluster_B,Évora,2023-01-04 03:14:10,match_00879,38.460192,-8.437216,Mensagem de cluster cluster_D para utilizador,alert,user_0018
cluster_B,Coimbra,2024-06-23 02:25:55,match_00880,40.122519,-8.328957,Mensagem de cluster cluster_B para utilizador,alert,user_0198
cluster_D,Coimbra,2024-12-13 04:31:48,match_00881,38.106484,-6.752151,Mensagem de cluster cluster_D para utilizador,alert,user_0139
cluster_E,Braga,2023-08-30 20:02:12,match_00882,38.742643,-6.864624,Mensagem de cluster cluster_B para utilizador,invite,user_0065
cluster_D,Setúbal,2024-05-29 23:30:27,match_00883,40.861673,-8.640913,Mensagem de cluster cluster_D para utilizador,invite,user_0151
cluster_B,Aveiro,2023-12-12 22:54:54,match_00884,39.405894,-9.312482,Mensagem de cluster cluster_C para utilizador,invite,user_0004
cluster_A,Porto,2023-07-31 13:46:20,match_00885,41.14795,-6.889535,Mensagem de cluster cluster_B para utilizador,invite,user_0007
cluster_D,Setúbal,2024-11-20 03:02:48,match_00886,40.043701,-8.106455,Mensagem de cluster cluster_D para utilizador,info,user_0169
cluster_C,Aveiro,2024-12-16 21:41:05,match_00887,40.044606,-8.752669,Mensagem de cluster cluster_A para utilizador,alert,user_0177
cluster_A,Lisboa,2024-02-23 19:42:26,match_00888,37.0694,-9.102143,Mensagem de cluster cluster_D para utilizador,suggestion,user_0145
cluster_E,Coimbra,2023-04-18 08:54:08,match_00889,40.648352,-9.45643,Mensagem de cluster cluster_B para utilizador,alert,user_0075
cluster_A,Lisboa,2024-02-17 14:51:22,match_00890,41.789333,-8.045719,Mensagem de cluster cluster_D para utilizador,info,user_0055
cluster_E,Coimbra,2024-10-24 00:33:05,match_00891,39.265143,-8.344803,Mensagem de cluster cluster_B para utilizador,alert,user_0122
cluster_A,Leiria,2023-11-19 17:41:20,match_00892,37.6929,-7.132001,Mensagem de cluster cluster_B para utilizador,alert,user_0027
cluster_B,Setúbal,2024-05-18 01:51:18,match_00893,41.784888,-6.179338,Mensagem de cluster cluster_B para utilizador,suggestion,user_0140
cluster_E,Setúbal,2024-06-18 02:20:30,match_00894,38.350629,-8.796939,Mensagem de cluster cluster_E para utilizador,suggestion,user_0175
cluster_E,Faro,2024-10-19 03:03:24,match_00895,38.94599,-8.673677,Mensagem de cluster cluster_D para utilizador,suggestion,user_0162
cluster_D,Braga,2023-04-12 18:41:45,match_00896,37.286832,-8.353171,Mensagem de cluster cluster_B para utilizador,alert,user_0136
cluster_A,Porto,2024-02-07 04:49:08,match_00897,37.454184,-7.915812,Mensagem de cluster cluster_C para utilizador,info,user_0116
cluster_E,Leiria,2023-08-13 21:36:00,match_00898,37.982828,-7.127824,Mensagem de cluster cluster_A para utilizador,invite,user_0023
cluster_E,Leiria,2023-10-21 04:33:22,match_00899,39.64233,-8.303093,Mensagem de cluster cluster_C para utilizador,invite,user_0026
cluster_A,Évora,2024-09-05 20:09:48,match_00900,39.688946,-9.145718,Mensagem de cluster cluster_B para utilizador,alert,user_0162
cluster_A,Porto,2023-11-22 13:26:29,match_00901,39.931219,-7.016838,Mensagem de cluster cluster_B para utilizador,invite,user_0160
cluster_C,Coimbra,2023-03-09 12:16:09,match_00902,39.819085,-6.798218,Mensagem de cluster cluster_D para utilizador,invite,user_0006
cluster_D,Aveiro,2023-02-10 04:11:21,match_00903,39.376185,-8.657995,Mensagem de cluster cluster_E para utilizador,alert,user_0193
cluster_E,Viseu,2024-04-13 03:47:51,match_00904,40.910493,-9.035029,Mensagem de cluster cluster_B para utilizador,alert,user_0121
cluster_A,Setúbal,2024-03-01 21:43:07,match_00905,41.569498,-7.705476,Mensagem de cluster cluster_A para utilizador,info,user_0059
cluster_E,Faro,2023-06-12 03:57:37,match_00906,38.248807,-8.791731,Mensagem de cluster cluster_B para utilizador,invite,user_0178
cluster_C,Viseu,2024-11-14 00:51:07,match_00907,37.550968,-8.227844,Mensagem de cluster cluster_A para utilizador,alert,user_0196
cluster_C,Porto,2023-07-22 21:17:02,match_00908,39.025436,-6.856972,Mensagem de cluster cluster_D para utilizador,invite,user_0008
cluster_E,Lisboa,2023-01-17 11:03:08,match_00909,37.032112,-8.753336,Mensagem de cluster cluster_B para utilizador,suggestion,user_0040
cluster_D,Lisboa,2024-01-29 00:59:00,match_00910,41.316594,-6.758719,Mensagem de cluster cluster_D para utilizador,suggestion,user_0174
cluster_B,Lisboa,2023-11-22 04:25:32,match_00911,38.098531,-7.208332,Mensagem de cluster cluster_D para utilizador,info,user_0084
cluster_E,Setúbal,2024-05-05 05:41:32,match_00912,39.646483,-8.752932,Mensagem de cluster cluster_A para utilizador,alert,user_0161
cluster_C,Coimbra,2023-03-05 18:50:38,match_00913,37.475475,-7.710224,Mensagem de cluster cluster_E para utilizador,invite,user_0058
cluster_D,Leiria,2024-01-09 14:31:02,match_00914,39.666287,-7.412159,Mensagem de cluster cluster_B para utilizador,suggestion,user_0116
cluster_A,Leiria,2023-05-22 22:45:52,match_00915,37.094967,-8.819061,Mensagem de cluster cluster_A para utilizador,alert,user_0131
cluster_D,Braga,2023-08-20 23:07:00,match_00916,40.744033,-9.007172,Mensagem de cluster cluster_E para utilizador,suggestion,user_0079
cluster_D,Setúbal,2024-03-17 16:57:48,match_00917,41.677107,-7.694029,Mensagem de cluster cluster_A para utilizador,suggestion,user_0155
cluster_E,Setúbal,2024-11-19 16:24:21,match_00918,38.43488,-7.14094,Mensagem de cluster cluster_D para utilizador,alert,user_0065
cluster_D,Viseu,2024-10-25 03:59:26,match_00919,38.191073,-7.918766,Mensagem de cluster cluster_D para utilizador,suggestion,user_0057
cluster_A,Viseu,2023-09-21 13:51:23,match_00920,39.139975,-9.261867,Mensagem de cluster cluster_A para utilizador,alert,user_0163
cluster_E,Lisboa,2023-04-19 00:00:46,match_00921,39.999868,-6.354277,Mensagem de cluster cluster_A para utilizador,info,user_0180
cluster_C,Leiria,2024-09-15 06:38:50,match_00922,37.844812,-7.137117,Mensagem de cluster cluster_A para utilizador,alert,user_0179
cluster_A,Coimbra,2023-09-27 19:55:01,match_00923,40.91654,-7.387933,Mensagem de cluster cluster_A para utilizador,suggestion,user_0017
cluster_E,Setúbal,2023-09-30 04:00:06,match_00924,37.892674,-7.311668,Mensagem de cluster cluster_B para utilizador,suggestion,user_0052
cluster_E,Viseu,2023-07-27 19:04:27,match_00925,36.927371,-8.144741,Mensagem de cluster cluster_B para utilizador,invite,user_0176
cluster_B,Aveiro,2023-09-14 11:44:24,match_00926,39.521253,-6.153038,Mensagem de cluster cluster_A para utilizador,info,user_0058
cluster_A,Lisboa,2024-12-14 14:12:50,match_00927,37.475749,-9.048891,Mensagem de cluster cluster_C para utilizador,suggestion,user_0076
cluster_D,Aveiro,2024-09-30 05:45:59,match_00928,40.391194,-6.986919,Mensagem de cluster cluster_B para utilizador,info,user_0103
cluster_A,Setúbal,2023-03-05 22:43:40,match_00929,37.73735,-8.069022,Mensagem de cluster cluster_E para utilizador,invite,user_0026
cluster_A,Lisboa,2024-06-15 07:59:26,match_00930,40.986902,-6.504273,Mensagem de cluster cluster_A para utilizador,info,user_0027
cluster_B,Leiria,2023-11-21 06:44:26,match_00931,39.251841,-7.061312,Mensagem de cluster cluster_A para utilizador,alert,user_0024
cluster_D,Leiria,2024-12-25 14:18:08,match_00932,39.73139,-7.588342,Mensagem de cluster cluster_A para utilizador,info,user_0081
cluster_B,Viseu,2024-08-09 16:34:12,match_00933,37.832926,-6.311842,Mensagem de cluster cluster_E para utilizador,suggestion,user_0139
cluster_B,Aveiro,2023-07-30 16:52:04,match_00934,37.63344,-6.397693,Mensagem de cluster cluster_C para utilizador,suggestion,user_0086
cluster_B,Évora,2024-08-11 03:23:13,match_00935,40.056462,-9.322064,Mensagem de cluster cluster_A para utilizador,alert,user_0136
cluster_A,Lisboa,2024-12-09 08:43:08,match_00936,38.177303,-8.845201,Mensagem de cluster cluster_B para utilizador,suggestion,user_0176
cluster_B,Lisboa,2023-11-06 09:32:24,match_00937,38.829628,-7.201442,Mensagem de cluster cluster_B para utilizador,invite,user_0032
cluster_C,Aveiro,2024-10-16 09:25:58,match_00938,39.297246,-6.365746,Mensagem de cluster cluster_D para utilizador,suggestion,user_0029
cluster_D,Viseu,2023-04-12 21:13:33,match_00939,38.048168,-8.036878,Mensagem de cluster cluster_E para utilizador,invite,user_0106
cluster_D,Aveiro,2024-03-04 15:23:41,match_00940,40.877119,-9.369762,Mensagem de cluster cluster_D para utilizador,info,user_0096
cluster_B,Lisboa,2023-03-04 20:05:09,match_00941,41.597122,-7.312789,Mensagem de cluster cluster_B para utilizador,info,user_0121
cluster_A,Aveiro,2023-06-01 16:22:19,match_00942,39.059466,-8.838064,Mensagem de cluster cluster_C para utilizador,suggestion,user_0104
cluster_E,Aveiro,2023-12-13 11:13:19,match_00943,41.487742,-7.622106,Mensagem de cluster cluster_C para utilizador,suggestion,user_0133
cluster_E,Viseu,2024-09-25 07:03:08,match_00944,41.313414,-8.192077,Mensagem de cluster cluster_D para utilizador,alert,user_0177
cluster_A,Viseu,2024-12-21 05:54:13,match_00945,37.730236,-7.602708,Mensagem de cluster cluster_B para utilizador,info,user_0141
cluster_B,Braga,2023-02-18 06:20:54,match_00946,37.76691,-6.329717,Mensagem de cluster cluster_B para utilizador,invite,user_0128
cluster_B,Lisboa,2024-12-01 20:52:10,match_00947,39.287025,-7.848278,Mensagem de cluster cluster_A para utilizador,alert,user_0089
cluster_C,Braga,2024-07-05 23:07:05,match_00948,39.529286,-9.382602,Mensagem de cluster cluster_E para utilizador,alert,user_0042
cluster_E,Aveiro,2023-03-06 13:36:49,match_00949,38.605649,-7.524879,Mensagem de cluster cluster_C para utilizador,info,user_0010
cluster_E,Aveiro,2023-10-26 21:45:01,match_00950,38.464605,-8.392465,Mensagem de cluster cluster_E para utilizador,alert,user_0154
cluster_D,Évora,2024-10-29 12:28:18,match_00951,39.056836,-6.854341,Mensagem de cluster cluster_A para utilizador,invite,user_0026
cluster_B,Porto,2023-10-30 14:17:07,match_00952,40.352396,-7.902243,Mensagem de cluster cluster_A para utilizador,alert,user_0151
cluster_A,Faro,2024-02-10 17:51:30,match_00953,37.321968,-6.979339,Mensagem de cluster cluster_A para utilizador,invite,user_0172
cluster_B,Viseu,2024-06-02 11:31:39,match_00954,40.45291,-6.410009,Mensagem de cluster cluster_A para utilizador,invite,user_0076
cluster_B,Aveiro,2024-07-05 07:52:13,match_00955,41.531201,-8.268268,Mensagem de cluster cluster_E para utilizador,suggestion,user_0039
cluster_C,Braga,2023-04-10 22:57:42,match_00956,40.717534,-6.136115,Mensagem de cluster cluster_C para utilizador,info,user_0171
cluster_A,Setúbal,2023-05-16 18:49:56,match_00957,37.858384,-8.990636,Mensagem de cluster cluster_A para utilizador,info,user_0052
cluster_C,Porto,2023-10-06 16:36:07,match_00958,37.337406,-7.310632,Mensagem de cluster cluster_E para utilizador,info,user_0123
cluster_C,Aveiro,2024-02-09 07:44:54,match_00959,39.351902,-9.38179,Mensagem de cluster cluster_D para utilizador,info,user_0058
cluster_C,Leiria,2023-01-31 19:55:14,match_00960,41.68203,-8.775607,Mensagem de cluster cluster_B para utilizador,invite,user_0076
cluster_C,Lisboa,2024-08-26 03:52:13,match_00961,40.995296,-7.345153,Mensagem de cluster cluster_A para utilizador,info,user_0100
cluster_B,Coimbra,2024-09-01 05:55:57,match_00962,39.713668,-9.342948,Mensagem de cluster cluster_B para utilizador,info,user_0160
cluster_D,Setúbal,2023-08-10 20:34:47,match_00963,37.614907,-9.153924,Mensagem de cluster cluster_A para utilizador,invite,user_0018
cluster_B,Porto,2024-02-13 06:36:14,match_00964,40.469184,-8.510564,Mensagem de cluster cluster_B para utilizador,suggestion,user_0042
cluster_C,Setúbal,2023-12-05 07:40:34,match_00965,40.964991,-7.542834,Mensagem de cluster cluster_D para utilizador,info,user_0002
cluster_C,Évora,2023-01-20 14:14:13,match_00966,41.575346,-9.445659,Mensagem de cluster cluster_D para utilizador,alert,user_0188
cluster_D,Setúbal,2023-01-02 18:51:56,match_00967,39.960581,-7.859996,Mensagem de cluster cluster_B para utilizador,suggestion,user_0033
cluster_E,Viseu,2023-07-11 18:06:05,match_00968,39.472329,-7.372471,Mensagem de cluster cluster_C para utilizador,suggestion,user_0174
cluster_A,Viseu,2024-11-28 21:35:09,match_00969,39.99591,-8.131423,Mensagem de cluster cluster_C para utilizador,suggestion,user_0059
cluster_C,Aveiro,2024-08-31 23:56:18,match_00970,41.616263,-9.270025,Mensagem de cluster cluster_B para utilizador,info,user_0100
cluster_C,Faro,2023-12-11 22:55:16,match_00971,40.040635,-7.423026,Mensagem de cluster cluster_D para utilizador,invite,user_0185
cluster_B,Braga,2024-04-22 06:48:11,match_00972,38.187959,-7.44016,Mensagem de cluster cluster_A para utilizador,info,user_0190
cluster_C,Porto,2024-10-13 15:52:04,match_00973,40.080757,-7.779456,Mensagem de cluster cluster_D para utilizador,info,user_0191
cluster_C,Porto,2023-11-01 12:35:11,match_00974,41.298723,-7.143305,Mensagem de cluster cluster_B para utilizador,suggestion,user_0073
cluster_A,Porto,2023-12-26 01:51:05,match_00975,39.73501,-8.793474,Mensagem de cluster cluster_A para utilizador,invite,user_0159
cluster_B,Viseu,2024-05-17 03:00:45,match_00976,39.413494,-7.192961,Mensagem de cluster cluster_B para utilizador,info,user_0167
cluster_E,Faro,2023-06-28 16:01:28,match_00977,40.566846,-8.951054,Mensagem de cluster cluster_A para utilizador,info,user_0085
cluster_C,Viseu,2023-03-29 03:05:37,match_00978,40.204943,-8.164842,Mensagem de cluster cluster_C para utilizador,info,user_0022
cluster_C,Coimbra,2023-07-22 08:50:32,match_00979,37.183438,-9.270273,Mensagem de cluster cluster_C para utilizador,info,user_0017
cluster_E,Porto,2024-12-26 20:42:48,match_00980,40.526556,-6.714967,Mensagem de cluster cluster_A para utilizador,invite,user_0131
cluster_D,Faro,2023-02-18 17:01:08,match_00981,38.937747,-7.670006,Mensagem de cluster cluster_E para utilizador,invite,user_0032
cluster_E,Évora,2024-06-28 06:18:31,match_00982,41.604491,-6.198433,Mensagem de cluster cluster_C para utilizador,invite,user_0033
cluster_E,Faro,2024-02-29 04:16:20,match_00983,41.754015,-6.29609,Mensagem de cluster cluster_A para utilizador,alert,user_0192
cluster_B,Aveiro,2024-02-17 20:52:00,match_00984,39.143694,-6.104892,Mensagem de cluster cluster_C para utilizador,invite,user_0010
cluster_E,Setúbal,2024-09-25 21:25:13,match_00985,41.743974,-9.155695,Mensagem de cluster cluster_A para utilizador,invite,user_0005
cluster_B,Leiria,2024-04-03 10:29:26,match_00986,38.454103,-7.437627,Mensagem de cluster cluster_A para utilizador,suggestion,user_0068
cluster_E,Viseu,2023-12-14 12:13:59,match_00987,40.313222,-8.114244,Mensagem de cluster cluster_E para utilizador,info,user_0166
cluster_C,Faro,2024-05-21 19:10:26,match_00988,37.275274,-7.68894,Mensagem de cluster cluster_B para utilizador,info,user_0102
cluster_C,Aveiro,2023-03-29 07:06:22,match_00989,37.624947,-8.450191,Mensagem de cluster cluster_B para utilizador,suggestion,user_0169
cluster_D,Setúbal,2024-01-10 03:27:11,match_00990,41.22263,-9.336566,Mensagem de cluster cluster_D para utilizador,invite,user_0073
cluster_E,Évora,2024-02-24 22:37:11,match_00991,41.36892,-7.093649,Mensagem de cluster cluster_E para utilizador,info,user_0189
cluster_A,Aveiro,2024-09-09 01:18:24,match_00992,39.563056,-6.216222,Mensagem de cluster cluster_C para utilizador,alert,user_0143
cluster_E,Coimbra,2023-04-29 21:05:00,match_00993,38.598867,-7.689902,Mensagem de cluster cluster_E para utilizador,alert,user_0052
cluster_A,Coimbra,2023-02-12 17:06:07,match_00994,39.15512,-8.379428,Mensagem de cluster cluster_B para utilizador,suggestion,user_0008
cluster_E,Setúbal,2023-08-22 08:48:47,match_00995,41.248122,-6.309854,Mensagem de cluster cluster_D para utilizador,alert,user_0184
cluster_B,Porto,2024-10-03 04:07:06,match_00996,37.954967,-8.260134,Mensagem de cluster cluster_B para utilizador,suggestion,user_0098
cluster_C,Leiria,2023-04-09 21:54:51,match_00997,38.374351,-6.390601,Mensagem de cluster cluster_C para utilizador,alert,user_0030
cluster_A,Aveiro,2023-04-30 05:10:15,match_00998,40.827215,-6.590651,Mensagem de cluster cluster_E para utilizador,alert,user_0074
cluster_A,Porto,2023-07-19 01:11:04,match_00999,41.576347,-7.702383,Mensagem de cluster cluster_C para utilizador,alert,user_0078
cluster_E,Lisboa,2023-11-03 05:53:07,match_01000,37.364637,-7.198633,Mensagem de cluster cluster_C para utilizador,suggestion,user_0124
cluster_C,Viseu,2024-10-27 20:04:22,match_01001,40.918862,-7.118921,Mensagem de cluster cluster_A para utilizador,info,user_0162
cluster_D,Coimbra,2023-09-17 20:50:43,match_01002,40.125342,-7.320288,Mensagem de cluster cluster_C para utilizador,suggestion,user_0187
cluster_A,Coimbra,2023-07-31 14:16:50,match_01003,38.053858,-8.95345,Mensagem de cluster cluster_D para utilizador,invite,user_0184
cluster_C,Porto,2024-01-22 14:48:28,match_01004,40.679086,-7.144561,Mensagem de cluster cluster_C para utilizador,invite,user_0141
cluster_C,Faro,2024-11-14 12:16:27,match_01005,40.53958,-9.489059,Mensagem de cluster cluster_C para utilizador,alert,user_0179
cluster_A,Braga,2024-01-11 02:56:27,match_01006,37.610149,-7.085875,Mensagem de cluster cluster_A para utilizador,alert,user_0059
cluster_B,Braga,2024-07-13 12:04:17,match_01007,39.411255,-7.613557,Mensagem de cluster cluster_A para utilizador,info,user_0062
cluster_B,Viseu,2023-05-14 18:29:46,match_01008,40.691455,-8.616815,Mensagem de cluster cluster_B para utilizador,info,user_0029
cluster_E,Braga,2023-03-10 23:47:29,match_01009,37.857721,-6.767201,Mensagem de cluster cluster_B para utilizador,info,user_0093
cluster_E,Coimbra,2024-07-03 10:03:05,match_01010,39.21383,-8.122052,Mensagem de cluster cluster_C para utilizador,alert,user_0062
cluster_C,Faro,2024-02-01 21:50:24,match_01011,37.503706,-7.848358,Mensagem de cluster cluster_B para utilizador,suggestion,user_0135
cluster_A,Coimbra,2024-09-28 21:12:13,match_01012,38.434175,-9.405907,Mensagem de cluster cluster_D para utilizador,alert,user_0172
cluster_B,Leiria,2024-08-26 13:55:16,match_01013,37.989725,-8.135513,Mensagem de cluster cluster_D para utilizador,invite,user_0134
cluster_C,Coimbra,2024-05-15 00:37:28,match_01014,39.425356,-8.930967,Mensagem de cluster cluster_D para utilizador,alert,user_0062
cluster_B,Évora,2023-08-08 18:47:12,match_01015,37.606077,-8.561113,Mensagem de cluster cluster_A para utilizador,info,user_0068
cluster_A,Viseu,2024-05-15 08:58:26,match_01016,38.815754,-8.642726,Mensagem de cluster cluster_A para utilizador,invite,user_0198
cluster_B,Faro,2024-05-17 11:49:59,match_01017,38.275815,-9.343529,Mensagem de cluster cluster_E para utilizador,alert,user_0017
cluster_D,Viseu,2023-03-11 23:00:04,match_01018,40.630245,-7.934319,Mensagem de cluster cluster_D para utilizador,info,user_0177
cluster_E,Leiria,2024-02-28 10:25:01,match_01019,40.398349,-7.723186,Mensagem de cluster cluster_C para utilizador,alert,user_0152
cluster_B,Leiria,2024-08-24 00:28:32,match_01020,37.374653,-7.558387,Mensagem de cluster cluster_B para utilizador,alert,user_0140
cluster_A,Aveiro,2023-01-10 09:58:01,match_01021,41.667419,-7.928453,Mensagem de cluster cluster_A para utilizador,info,user_0057
cluster_A,Setúbal,2024-01-14 06:21:05,match_01022,40.623415,-6.543609,Mensagem de cluster cluster_C para utilizador,invite,user_0157
cluster_D,Setúbal,2023-09-30 07:12:31,match_01023,39.979793,-9.371889,Mensagem de cluster cluster_B para utilizador,invite,user_0088
cluster_A,Porto,2023-12-20 23:25:51,match_01024,39.288507,-7.413051,Mensagem de cluster cluster_B para utilizador,suggestion,user_0062
cluster_D,Évora,2023-09-06 10:17:07,match_01025,37.789612,-6.555152,Mensagem de cluster cluster_D para utilizador,invite,user_0098
cluster_C,Leiria,2024-10-26 21:00:19,match_01026,41.71008,-9.360463,Mensagem de cluster cluster_C para utilizador,alert,user_0078
cluster_B,Leiria,2023-03-16 18:21:39,match_01027,36.939292,-7.812556,Mensagem de cluster cluster_C para utilizador,info,user_0027
cluster_A,Porto,2023-04-23 19:48:07,match_01028,40.362406,-7.497308,Mensagem de cluster cluster_D para utilizador,invite,user_0133
cluster_E,Leiria,2023-06-11 09:54:30,match_01029,39.437222,-8.85092,Mensagem de cluster cluster_D para utilizador,alert,user_0040
cluster_B,Évora,2023-05-18 13:03:43,match_01030,41.412909,-8.6415,Mensagem de cluster cluster_D para utilizador,alert,user_0175
cluster_D,Faro,2024-10-16 20:26:02,match_01031,38.803486,-6.828983,Mensagem de cluster cluster_D para utilizador,invite,user_0137
cluster_B,Faro,2024-03-23 19:15:53,match_01032,39.493222,-7.570848,Mensagem de cluster cluster_E para utilizador,info,user_0144
cluster_B,Setúbal,2024-08-29 22:24:41,match_01033,40.611697,-8.426352,Mensagem de cluster cluster_C para utilizador,info,user_0013
cluster_A,Aveiro,2024-01-19 17:26:14,match_01034,37.137833,-6.899832,Mensagem de cluster cluster_B para utilizador,suggestion,user_0182
cluster_E,Porto,2024-01-24 10:18:57,match_01035,37.172376,-6.961167,Mensagem de cluster cluster_B para utilizador,info,user_0143
cluster_C,Braga,2024-02-07 07:29:48,match_01036,37.958364,-8.325634,Mensagem de cluster cluster_D para utilizador,info,user_0153
cluster_E,Viseu,2024-07-06 02:29:38,match_01037,37.632123,-7.838598,Mensagem de cluster cluster_D para utilizador,invite,user_0144
cluster_D,Évora,2023-03-25 04:41:49,match_01038,36.932217,-7.240636,Mensagem de cluster cluster_E para utilizador,invite,user_0044
cluster_E,Braga,2023-12-03 03:48:30,match_01039,40.014949,-8.332953,Mensagem de cluster cluster_D para utilizador,alert,user_0116
cluster_E,Lisboa,2023-02-25 18:32:01,match_01040,40.87969,-7.361368,Mensagem de cluster cluster_E para utilizador,invite,user_0118
cluster_D,Setúbal,2024-08-20 18:09:35,match_01041,41.685575,-8.646349,Mensagem de cluster cluster_E para utilizador,suggestion,user_0095
cluster_E,Évora,2024-11-05 02:08:19,match_01042,39.104502,-8.507129,Mensagem de cluster cluster_D para utilizador,alert,user_0047
cluster_C,Leiria,2023-12-17 01:09:33,match_01043,38.298603,-8.443713,Mensagem de cluster cluster_E para utilizador,info,user_0161
cluster_B,Lisboa,2023-08-16 10:46:01,match_01044,41.219512,-6.317414,Mensagem de cluster cluster_E para utilizador,invite,user_0084
cluster_C,Leiria,2023-09-22 16:12:04,match_01045,41.121978,-6.665515,Mensagem de cluster cluster_B para utilizador,suggestion,user_0154
cluster_B,Viseu,2024-08-19 10:31:05,match_01046,40.024216,-7.578436,Mensagem de cluster cluster_D para utilizador,alert,user_0040
cluster_B,Évora,2024-10-11 12:00:22,match_01047,38.265745,-7.582834,Mensagem de cluster cluster_A para utilizador,suggestion,user_0071
cluster_E,Aveiro,2024-03-12 06:48:14,match_01048,41.442588,-9.309102,Mensagem de cluster cluster_E para utilizador,suggestion,user_0173
cluster_B,Braga,2024-07-11 10:05:19,match_01049,37.792007,-7.291673,Mensagem de cluster cluster_D para utilizador,info,user_0106
cluster_D,Faro,2023-09-07 16:37:50,match_01050,37.118233,-8.384392,Mensagem de cluster cluster_E para utilizador,alert,user_0095
cluster_C,Braga,2024-06-02 05:21:30,match_01051,40.883091,-7.418182,Mensagem de cluster cluster_E para utilizador,invite,user_0171
cluster_B,Évora,2023-01-21 23:52:01,match_01052,39.718295,-6.643205,Mensagem de cluster cluster_B para utilizador,info,user_0200
cluster_E,Porto,2024-08-17 15:20:18,match_01053,38.132339,-9.345306,Mensagem de cluster cluster_A para utilizador,suggestion,user_0023
cluster_E,Setúbal,2023-06-12 07:42:34,match_01054,40.254478,-7.435984,Mensagem de cluster cluster_B para utilizador,alert,user_0047
cluster_E,Viseu,2024-09-17 11:24:08,match_01055,40.733583,-7.581718,Mensagem de cluster cluster_C para utilizador,info,user_0044
cluster_A,Porto,2023-04-14 22:08:08,match_01056,41.12273,-8.796994,Mensagem de cluster cluster_A para utilizador,invite,user_0082
cluster_C,Leiria,2023-06-15 09:35:02,match_01057,38.31063,-7.302128,Mensagem de cluster cluster_B para utilizador,suggestion,user_0170
cluster_E,Setúbal,2023-04-02 12:01:48,match_01058,37.027937,-7.61356,Mensagem de cluster cluster_A para utilizador,alert,user_0012
cluster_D,Faro,2023-04-06 01:25:25,match_01059,39.450194,-6.891112,Mensagem de cluster cluster_C para utilizador,info,user_0094
cluster_E,Setúbal,2023-02-27 09:09:32,match_01060,41.180393,-9.123897,Mensagem de cluster cluster_E para utilizador,info,user_0164
cluster_A,Setúbal,2024-05-19 07:08:01,match_01061,37.939107,-7.991735,Mensagem de cluster cluster_D para utilizador,suggestion,user_0079
cluster_C,Setúbal,2024-07-26 08:12:02,match_01062,39.005627,-6.107028,Mensagem de cluster cluster_B para utilizador,info,user_0141
cluster_B,Viseu,2023-02-26 17:55:20,match_01063,38.182104,-7.156445,Mensagem de cluster cluster_A para utilizador,invite,user_0081
cluster_C,Setúbal,2024-07-19 12:36:33,match_01064,36.966813,-7.173386,Mensagem de cluster cluster_A para utilizador,invite,user_0193
cluster_B,Leiria,2024-07-06 20:29:32,match_01065,41.39262,-8.419238,Mensagem de cluster cluster_C para utilizador,invite,user_0120
cluster_B,Évora,2023-02-01 00:53:48,match_01066,37.575266,-9.18078,Mensagem de cluster cluster_C para utilizador,alert,user_0101
cluster_E,Lisboa,2023-03-20 16:57:37,match_01067,40.733836,-6.271719,Mensagem de cluster cluster_B para utilizador,info,user_0113
cluster_D,Viseu,2024-08-01 22:19:36,match_01068,38.633016,-9.141397,Mensagem de cluster cluster_C para utilizador,invite,user_0027
cluster_D,Leiria,2024-01-10 20:09:19,match_01069,38.28841,-6.124799,Mensagem de cluster cluster_D para utilizador,invite,user_0148
cluster_E,Setúbal,2023-02-13 06:19:37,match_01070,41.605144,-9.072345,Mensagem de cluster cluster_B para utilizador,alert,user_0018
cluster_A,Viseu,2023-03-28 19:31:02,match_01071,40.185997,-8.918915,Mensagem de cluster cluster_E para utilizador,info,user_0064
cluster_B,Aveiro,2023-07-04 16:46:42,match_01072,40.334613,-8.451552,Mensagem de cluster cluster_D para utilizador,invite,user_0009
cluster_D,Braga,2023-02-18 08:39:13,match_01073,40.698265,-7.757924,Mensagem de cluster cluster_B para utilizador,invite,user_0118
cluster_C,Braga,2024-05-02 08:06:50,match_01074,38.604667,-6.812634,Mensagem de cluster cluster_B para utilizador,invite,user_0123
cluster_A,Leiria,2024-07-04 19:43:14,match_01075,39.718322,-6.198572,Mensagem de cluster cluster_B para utilizador,alert,user_0025
cluster_E,Leiria,2024-07-25 03:08:11,match_01076,38.251117,-8.279995,Mensagem de cluster cluster_A para utilizador,info,user_0113
cluster_A,Faro,2024-11-02 16:07:05,match_01077,41.072708,-9.430595,Mensagem de cluster cluster_B para utilizador,invite,user_0129
cluster_D,Faro,2023-05-30 22:37:43,match_01078,39.896537,-7.40329,Mensagem de cluster cluster_A para utilizador,suggestion,user_0059
cluster_E,Braga,2024-10-19 20:35:01,match_01079,38.117034,-7.083314,Mensagem de cluster cluster_B para utilizador,alert,user_0164
cluster_D,Évora,2023-05-15 21:22:39,match_01080,41.398792,-8.14869,Mensagem de cluster cluster_D para utilizador,suggestion,user_0018
cluster_B,Évora,2023-09-14 14:52:11,match_01081,39.8042,-8.876181,Mensagem de cluster cluster_A para utilizador,info,user_0047
cluster_A,Braga,2023-03-08 06:27:12,match_01082,39.375153,-8.459547,Mensagem de cluster cluster_D para utilizador,alert,user_0079
cluster_B,Aveiro,2024-09-09 11:29:37,match_01083,37.072438,-7.270281,Mensagem de cluster cluster_C para utilizador,alert,user_0161
cluster_C,Setúbal,2024-11-18 13:07:26,match_01084,41.44901,-7.819778,Mensagem de cluster cluster_A para utilizador,alert,user_0022
cluster_B,Braga,2024-11-23 14:49:44,match_01085,41.66137,-6.972358,Mensagem de cluster cluster_A para utilizador,info,user_0088
cluster_A,Setúbal,2023-09-11 22:05:46,match_01086,39.712993,-8.758221,Mensagem de cluster cluster_E para utilizador,suggestion,user_0065
cluster_C,Lisboa,2023-04-28 04:57:52,match_01087,39.112567,-6.637249,Mensagem de cluster cluster_A para utilizador,invite,user_0139
cluster_D,Setúbal,2024-01-01 11:06:53,match_01088,38.697825,-8.969991,Mensagem de cluster cluster_D para utilizador,info,user_0107
cluster_C,Évora,2024-06-15 20:16:03,match_01089,38.24024,-8.378288,Mensagem de cluster cluster_E para utilizador,invite,user_0154
cluster_A,Coimbra,2023-06-26 12:43:50,match_01090,39.772647,-7.489894,Mensagem de cluster cluster_B para utilizador,invite,user_0090
cluster_E,Coimbra,2024-02-21 06:31:24,match_01091,37.540475,-6.994665,Mensagem de cluster cluster_A para utilizador,invite,user_0198
cluster_C,Braga,2023-03-14 08:19:53,match_01092,41.495868,-8.594983,Mensagem de cluster cluster_B para utilizador,alert,user_0191
cluster_D,Faro,2024-02-27 00:54:07,match_01093,37.779794,-6.276393,Mensagem de cluster cluster_C para utilizador,alert,user_0038
cluster_C,Lisboa,2023-01-11 05:00:18,match_01094,40.627566,-7.099222,Mensagem de cluster cluster_B para utilizador,suggestion,user_0126
cluster_B,Setúbal,2023-06-08 09:48:22,match_01095,38.434439,-8.759905,Mensagem de cluster cluster_A para utilizador,info,user_0049
cluster_E,Porto,2023-05-20 19:54:45,match_01096,38.030355,-7.032397,Mensagem de cluster cluster_B para utilizador,invite,user_0105
cluster_A,Coimbra,2023-07-25 18:07:51,match_01097,39.689346,-7.132465,Mensagem de cluster cluster_A para utilizador,info,user_0145
cluster_E,Setúbal,2024-10-20 05:05:17,match_01098,40.725625,-6.940874,Mensagem de cluster cluster_A para utilizador,info,user_0057
cluster_B,Setúbal,2024-01-28 02:27:21,match_01099,40.533683,-6.386006,Mensagem de cluster cluster_E para utilizador,info,user_0014
cluster_E,Viseu,2024-12-11 17:07:11,match_01100,38.068782,-7.080162,Mensagem de cluster cluster_D para utilizador,alert,user_0083
cluster_B,Évora,2023-03-14 00:58:25,match_01101,38.552512,-8.303505,Mensagem de cluster cluster_B para utilizador,invite,user_0008
cluster_C,Lisboa,2023-06-06 05:32:58,match_01102,41.244161,-6.812241,Mensagem de cluster cluster_B para utilizador,invite,user_0184
cluster_A,Setúbal,2024-01-04 01:30:04,match_01103,40.516219,-7.13407,Mensagem de cluster cluster_D para utilizador,info,user_0023
cluster_B,Leiria,2024-05-31 15:53:12,match_01104,40.46347,-7.547519,Mensagem de cluster cluster_B para utilizador,suggestion,user_0044
cluster_B,Aveiro,2023-09-25 12:25:55,match_01105,38.244525,-8.296968,Mensagem de cluster cluster_E para utilizador,alert,user_0066
cluster_C,Aveiro,2024-03-06 05:56:51,match_01106,40.860022,-6.368433,Mensagem de cluster cluster_C para utilizador,info,user_0003
cluster_B,Setúbal,2023-11-17 22:56:43,match_01107,38.692089,-7.756634,Mensagem de cluster cluster_D para utilizador,info,user_0181
cluster_A,Coimbra,2024-11-30 03:44:25,match_01108,38.906953,-7.364449,Mensagem de cluster cluster_D para utilizador,invite,user_0141
cluster_D,Lisboa,2023-05-13 00:27:58,match_01109,38.337805,-8.087766,Mensagem de cluster cluster_C para utilizador,suggestion,user_0069
cluster_E,Faro,2023-09-17 00:29:14,match_01110,37.506951,-6.845228,Mensagem de cluster cluster_D para utilizador,info,user_0082
cluster_B,Faro,2023-10-05 02:51:20,match_01111,39.001968,-8.340466,Mensagem de cluster cluster_A para utilizador,suggestion,user_0001
cluster_E,Évora,2023-06-06 10:04:49,match_01112,36.984698,-6.743843,Mensagem de cluster cluster_C para utilizador,invite,user_0021
cluster_E,Lisboa,2023-06-16 02:44:59,match_01113,39.179551,-9.132999,Mensagem de cluster cluster_A para utilizador,invite,user_0083
cluster_D,Setúbal,2023-03-24 09:03:10,match_01114,40.525032,-7.08953,Mensagem de cluster cluster_B para utilizador,info,user_0056
cluster_B,Évora,2024-12-19 18:24:55,match_01115,41.703725,-7.878601,Mensagem de cluster cluster_A para utilizador,suggestion,user_0102
cluster_A,Lisboa,2023-04-01 05:44:30,match_01116,37.293066,-7.124238,Mensagem de cluster cluster_A para utilizador,info,user_0130
cluster_B,Braga,2023-03-22 12:44:20,match_01117,38.306454,-7.693255,Mensagem de cluster cluster_E para utilizador,info,user_0031
cluster_E,Viseu,2023-04-10 05:11:04,match_01118,39.370655,-9.043358,Mensagem de cluster cluster_B para utilizador,info,user_0141
cluster_C,Leiria,2024-07-10 11:02:05,match_01119,37.75194,-7.878229,Mensagem de cluster cluster_E para utilizador,info,user_0014
cluster_D,Aveiro,2024-05-29 10:53:08,match_01120,37.484143,-6.220499,Mensagem de cluster cluster_B para utilizador,suggestion,user_0076
cluster_A,Viseu,2024-02-11 16:57:17,match_01121,39.161591,-6.933542,Mensagem de cluster cluster_A para utilizador,info,user_0185
cluster_A,Setúbal,2023-01-30 15:27:43,match_01122,39.803653,-8.479356,Mensagem de cluster cluster_D para utilizador,invite,user_0013
cluster_E,Aveiro,2023-08-28 12:34:54,match_01123,41.001039,-6.290012,Mensagem de cluster cluster_D para utilizador,invite,user_0088
cluster_A,Porto,2023-03-26 11:27:36,match_01124,41.889017,-6.851583,Mensagem de cluster cluster_D para utilizador,suggestion,user_0095
cluster_E,Évora,2023-07-27 00:52:20,match_01125,40.771354,-8.26088,Mensagem de cluster cluster_E para utilizador,info,user_0142
cluster_A,Porto,2024-03-14 06:49:27,match_01126,38.006702,-7.447849,Mensagem de cluster cluster_C para utilizador,info,user_0114
cluster_A,Braga,2023-08-16 18:21:39,match_01127,40.63989,-8.049269,Mensagem de cluster cluster_E para utilizador,alert,user_0094
cluster_E,Porto,2024-12-13 14:39:24,match_01128,39.585768,-9.171253,Mensagem de cluster cluster_E para utilizador,info,user_0155
cluster_D,Faro,2023-11-21 02:06:24,match_01129,39.154048,-6.7595,Mensagem de cluster cluster_C para utilizador,suggestion,user_0100
cluster_A,Viseu,2024-02-09 08:36:23,match_01130,41.578642,-8.850334,Mensagem de cluster cluster_B para utilizador,suggestion,user_0070
cluster_B,Faro,2023-08-01 03:07:29,match_01131,40.410463,-7.94267,Mensagem de cluster cluster_D para utilizador,alert,user_0126
cluster_C,Setúbal,2024-09-16 10:00:23,match_01132,40.308465,-7.11103,Mensagem de cluster cluster_B para utilizador,invite,user_0118
cluster_E,Setúbal,2023-05-18 19:30:46,match_01133,36.95878,-6.330473,Mensagem de cluster cluster_C para utilizador,suggestion,user_0127
cluster_A,Évora,2023-02-20 19:33:08,match_01134,41.225357,-9.286731,Mensagem de cluster cluster_A para utilizador,info,user_0188
cluster_D,Aveiro,2024-09-05 23:20:27,match_01135,40.866502,-8.163006,Mensagem de cluster cluster_E para utilizador,info,user_0070
cluster_B,Coimbra,2023-12-14 05:51:26,match_01136,38.394709,-7.410198,Mensagem de cluster cluster_D para utilizador,invite,user_0143
cluster_E,Leiria,2024-05-10 18:22:37,match_01137,38.360567,-6.850348,Mensagem de cluster cluster_B para utilizador,alert,user_0056
cluster_B,Braga,2023-05-11 21:17:18,match_01138,37.167392,-6.368834,Mensagem de cluster cluster_B para utilizador,suggestion,user_0088
cluster_C,Faro,2024-12-30 01:37:57,match_01139,37.154282,-9.498309,Mensagem de cluster cluster_D para utilizador,info,user_0190
cluster_D,Braga,2023-12-25 21:40:46,match_01140,40.242973,-7.365604,Mensagem de cluster cluster_E para utilizador,invite,user_0013
cluster_E,Porto,2023-03-18 18:36:41,match_01141,37.831188,-9.476414,Mensagem de cluster cluster_A para utilizador,invite,user_0135
cluster_E,Faro,2023-11-16 18:46:56,match_01142,41.517739,-6.823332,Mensagem de cluster cluster_B para utilizador,invite,user_0109
cluster_A,Leiria,2024-04-25 17:45:56,match_01143,41.112022,-8.991134,Mensagem de cluster cluster_D para utilizador,info,user_0149
cluster_B,Setúbal,2023-03-04 01:18:12,match_01144,38.644426,-6.45829,Mensagem de cluster cluster_B para utilizador,invite,user_0102
cluster_E,Coimbra,2023-04-15 15:47:58,match_01145,38.800343,-8.972578,Mensagem de cluster cluster_E para utilizador,invite,user_0102
cluster_B,Évora,2023-10-20 10:56:15,match_01146,38.536383,-6.901281,Mensagem de cluster cluster_E para utilizador,invite,user_0142
cluster_C,Viseu,2024-03-07 02:33:45,match_01147,37.361975,-8.516367,Mensagem de cluster cluster_A para utilizador,suggestion,user_0003
cluster_A,Faro,2023-03-16 06:10:19,match_01148,37.057151,-7.605337,Mensagem de cluster cluster_D para utilizador,info,user_0063
cluster_C,Évora,2024-11-06 11:05:10,match_01149,39.160666,-7.431324,Mensagem de cluster cluster_D para utilizador,suggestion,user_0171
cluster_A,Porto,2024-12-14 19:59:25,match_01150,41.615201,-8.797014,Mensagem de cluster cluster_C para utilizador,alert,user_0109
cluster_A,Porto,2023-02-17 05:43:35,match_01151,41.486247,-8.484431,Mensagem de cluster cluster_D para utilizador,invite,user_0012
cluster_B,Leiria,2024-12-12 21:38:07,match_01152,40.949194,-9.134474,Mensagem de cluster cluster_D para utilizador,info,user_0055
cluster_A,Coimbra,2023-09-05 04:49:35,match_01153,40.042975,-9.482017,Mensagem de cluster cluster_B para utilizador,alert,user_0187
cluster_C,Lisboa,2024-03-10 07:42:49,match_01154,41.181112,-8.685809,Mensagem de cluster cluster_A para utilizador,suggestion,user_0118
cluster_C,Leiria,2024-12-24 04:23:10,match_01155,39.475343,-7.745592,Mensagem de cluster cluster_C para utilizador,alert,user_0148
cluster_C,Lisboa,2023-03-31 14:47:35,match_01156,37.800801,-7.073769,Mensagem de cluster cluster_D para utilizador,suggestion,user_0124
cluster_B,Porto,2024-09-03 19:40:19,match_01157,40.320852,-6.801897,Mensagem de cluster cluster_B para utilizador,info,user_0091
cluster_B,Leiria,2024-06-13 09:30:45,match_01158,41.50323,-9.262796,Mensagem de cluster cluster_C para utilizador,suggestion,user_0069
cluster_D,Braga,2023-07-23 07:38:28,match_01159,36.998025,-8.573796,Mensagem de cluster cluster_A para utilizador,alert,user_0173
cluster_E,Lisboa,2024-06-04 20:24:41,match_01160,38.15722,-6.881238,Mensagem de cluster cluster_A para utilizador,suggestion,user_0055
cluster_D,Braga,2024-02-29 19:12:51,match_01161,38.227191,-7.865046,Mensagem de cluster cluster_A para utilizador,suggestion,user_0187
cluster_D,Leiria,2023-07-19 06:28:59,match_01162,37.395198,-8.880564,Mensagem de cluster cluster_C para utilizador,alert,user_0075
cluster_A,Porto,2024-07-30 07:54:45,match_01163,38.027471,-8.166472,Mensagem de cluster cluster_E para utilizador,alert,user_0060
cluster_A,Faro,2024-04-14 23:55:20,match_01164,38.81991,-8.581884,Mensagem de cluster cluster_C para utilizador,invite,user_0189
cluster_D,Lisboa,2023-10-20 04:07:35,match_01165,41.599177,-9.327778,Mensagem de cluster cluster_A para utilizador,alert,user_0042
cluster_E,Viseu,2023-12-14 08:28:35,match_01166,41.201329,-6.903668,Mensagem de cluster cluster_B para utilizador,suggestion,user_0172
cluster_D,Lisboa,2024-03-16 07:27:30,match_01167,41.630031,-8.508242,Mensagem de cluster cluster_C para utilizador,info,user_0134
cluster_B,Évora,2023-10-23 05:51:06,match_01168,37.502859,-6.286553,Mensagem de cluster cluster_B para utilizador,info,user_0069
cluster_C,Viseu,2023-12-20 17:00:56,match_01169,37.040242,-6.480375,Mensagem de cluster cluster_E para utilizador,invite,user_0022
cluster_D,Viseu,2023-07-23 14:09:50,match_01170,37.449416,-7.064657,Mensagem de cluster cluster_A para utilizador,suggestion,user_0065
cluster_A,Braga,2024-07-14 15:21:07,match_01171,41.471478,-8.389443,Mensagem de cluster cluster_A para utilizador,alert,user_0084
cluster_E,Lisboa,2023-03-20 20:48:08,match_01172,37.687443,-8.54826,Mensagem de cluster cluster_B para utilizador,suggestion,user_0088
cluster_A,Lisboa,2023-07-03 00:05:10,match_01173,39.763184,-7.884077,Mensagem de cluster cluster_E para utilizador,alert,user_0148
cluster_B,Faro,2023-12-30 00:14:11,match_01174,38.037912,-8.294351,Mensagem de cluster cluster_A para utilizador,alert,user_0047
cluster_A,Braga,2024-04-03 17:03:37,match_01175,37.003177,-6.436062,Mensagem de cluster cluster_C para utilizador,alert,user_0176
cluster_A,Coimbra,2023-04-09 06:20:19,match_01176,37.323107,-9.080117,Mensagem de cluster cluster_B para utilizador,invite,user_0024
cluster_E,Setúbal,2023-03-14 17:03:05,match_01177,40.448985,-7.03681,Mensagem de cluster cluster_E para utilizador,alert,user_0072
cluster_E,Porto,2023-02-08 13:58:27,match_01178,37.811832,-7.422951,Mensagem de cluster cluster_B para utilizador,suggestion,user_0098
cluster_A,Évora,2023-02-19 19:21:58,match_01179,38.045696,-6.758576,Mensagem de cluster cluster_A para utilizador,invite,user_0039
cluster_A,Faro,2024-05-10 00:26:32,match_01180,38.786283,-7.655543,Mensagem de cluster cluster_B para utilizador,invite,user_0055
cluster_D,Aveiro,2024-12-10 14:42:39,match_01181,40.186208,-7.359562,Mensagem de cluster cluster_C para utilizador,info,user_0116
cluster_B,Coimbra,2023-10-07 07:43:47,match_01182,39.246862,-6.226682,Mensagem de cluster cluster_A para utilizador,invite,user_0183
cluster_D,Aveiro,2024-05-10 19:39:37,match_01183,41.623051,-9.187331,Mensagem de cluster cluster_E para utilizador,suggestion,user_0198
cluster_E,Coimbra,2023-04-22 11:56:46,match_01184,39.070911,-9.143457,Mensagem de cluster cluster_E para utilizador,info,user_0191
cluster_D,Faro,2024-03-30 00:51:27,match_01185,37.895655,-8.161734,Mensagem de cluster cluster_A para utilizador,alert,user_0077
cluster_D,Braga,2023-03-12 07:45:54,match_01186,39.580714,-7.892709,Mensagem de cluster cluster_E para utilizador,info,user_0108
cluster_A,Coimbra,2023-02-25 20:34:56,match_01187,39.154448,-8.820435,Mensagem de cluster cluster_D para utilizador,invite,user_0147
cluster_A,Leiria,2024-07-02 16:12:09,match_01188,40.835692,-9.218929,Mensagem de cluster cluster_A para utilizador,alert,user_0058
cluster_B,Faro,2024-07-14 07:51:48,match_01189,41.575606,-9.424601,Mensagem de cluster cluster_A para utilizador,alert,user_0154
cluster_C,Coimbra,2024-08-01 16:39:15,match_01190,41.081476,-6.900386,Mensagem de cluster cluster_C para utilizador,suggestion,user_0101
cluster_C,Coimbra,2023-05-28 09:50:39,match_01191,38.845199,-7.850805,Mensagem de cluster cluster_A para utilizador,invite,user_0091
cluster_D,Évora,2024-04-28 07:52:24,match_01192,37.980581,-6.632428,Mensagem de cluster cluster_C para utilizador,suggestion,user_0088
cluster_B,Porto,2023-12-24 21:11:10,match_01193,41.472445,-8.273153,Mensagem de cluster cluster_A para utilizador,invite,user_0175
cluster_B,Coimbra,2023-07-11 00:22:32,match_01194,38.829698,-7.108283,Mensagem de cluster cluster_C para utilizador,invite,user_0142
cluster_E,Braga,2023-09-08 20:08:46,match_01195,40.751033,-7.83903,Mensagem de cluster cluster_C para utilizador,alert,user_0131
cluster_A,Évora,2024-09-19 13:27:32,match_01196,41.847637,-7.418962,Mensagem de cluster cluster_D para utilizador,alert,user_0197
cluster_E,Coimbra,2024-02-04 00:46:58,match_01197,39.787213,-8.241331,Mensagem de cluster cluster_E para utilizador,info,user_0127
cluster_C,Aveiro,2024-11-26 09:12:36,match_01198,39.299402,-9.224023,Mensagem de cluster cluster_B para utilizador,invite,user_0142
cluster_B,Faro,2023-01-24 01:36:22,match_01199,40.399354,-6.27893,Mensagem de cluster cluster_C para utilizador,invite,user_0008
cluster_C,Leiria,2023-11-11 04:43:12,match_01200,37.869655,-6.657295,Mensagem de cluster cluster_D para utilizador,alert,user_0015
cluster_A,Leiria,2024-10-29 21:44:02,match_01201,39.341199,-8.439568,Mensagem de cluster cluster_C para utilizador,invite,user_0173
cluster_A,Braga,2023-10-08 01:11:43,match_01202,38.461654,-6.24041,Mensagem de cluster cluster_B para utilizador,invite,user_0173
cluster_A,Leiria,2023-08-18 15:04:37,match_01203,37.721139,-8.478338,Mensagem de cluster cluster_A para utilizador,invite,user_0003
cluster_C,Coimbra,2023-10-02 17:24:59,match_01204,39.950683,-7.993834,Mensagem de cluster cluster_C para utilizador,suggestion,user_0109
cluster_B,Leiria,2023-12-02 13:10:38,match_01205,39.77853,-6.932539,Mensagem de cluster cluster_D para utilizador,info,user_0139
cluster_E,Porto,2023-01-24 23:42:13,match_01206,40.706018,-8.449386,Mensagem de cluster cluster_E para utilizador,info,user_0009
cluster_B,Faro,2024-02-11 08:47:52,match_01207,41.264851,-8.396673,Mensagem de cluster cluster_A para utilizador,invite,user_0004
cluster_B,Setúbal,2024-09-20 01:31:10,match_01208,38.00188,-8.105721,Mensagem de cluster cluster_E para utilizador,invite,user_0113
cluster_D,Braga,2023-08-10 05:20:27,match_01209,40.798513,-7.907476,Mensagem de cluster cluster_B para utilizador,alert,user_0178
cluster_B,Porto,2024-05-30 10:09:26,match_01210,38.736926,-9.079705,Mensagem de cluster cluster_A para utilizador,info,user_0080
cluster_E,Lisboa,2023-12-25 18:43:21,match_01211,40.044028,-9.440528,Mensagem de cluster cluster_E para utilizador,info,user_0134
cluster_D,Évora,2023-04-09 04:14:02,match_01212,41.1512,-6.374866,Mensagem de cluster cluster_D para utilizador,alert,user_0172
cluster_B,Coimbra,2024-06-06 11:28:13,match_01213,38.180926,-8.299159,Mensagem de cluster cluster_D para utilizador,info,user_0005
cluster_D,Aveiro,2023-12-22 20:12:37,match_01214,39.904806,-9.154259,Mensagem de cluster cluster_E para utilizador,suggestion,user_0185
cluster_B,Aveiro,2023-03-21 20:22:21,match_01215,39.301594,-6.918817,Mensagem de cluster cluster_A para utilizador,alert,user_0049
cluster_A,Aveiro,2024-05-07 18:25:50,match_01216,40.852886,-8.496794,Mensagem de cluster cluster_C para utilizador,invite,user_0083
cluster_A,Porto,2024-04-26 20:34:36,match_01217,40.386206,-8.882342,Mensagem de cluster cluster_B para utilizador,suggestion,user_0069
cluster_B,Faro,2024-05-15 07:45:19,match_01218,40.748159,-6.227122,Mensagem de cluster cluster_B para utilizador,info,user_0156
cluster_D,Aveiro,2024-02-22 17:07:23,match_01219,38.339716,-6.370154,Mensagem de cluster cluster_D para utilizador,invite,user_0120
cluster_E,Viseu,2023-12-14 09:57:42,match_01220,40.421781,-9.140464,Mensagem de cluster cluster_A para utilizador,info,user_0167
cluster_A,Porto,2024-09-15 16:14:15,match_01221,39.929029,-6.44243,Mensagem de cluster cluster_A para utilizador,info,user_0162
cluster_D,Porto,2024-01-05 21:07:19,match_01222,39.183402,-6.47105,Mensagem de cluster cluster_B para utilizador,invite,user_0190
cluster_E,Lisboa,2023-10-13 17:03:43,match_01223,38.791718,-7.343127,Mensagem de cluster cluster_B para utilizador,invite,user_0012
cluster_D,Setúbal,2023-12-28 02:59:18,match_01224,38.558,-7.698891,Mensagem de cluster cluster_B para utilizador,suggestion,user_0197
cluster_B,Faro,2024-12-09 17:39:20,match_01225,36.948372,-8.760709,Mensagem de cluster cluster_B para utilizador,info,user_0054
cluster_A,Lisboa,2024-03-26 08:46:59,match_01226,37.747793,-9.087293,Mensagem de cluster cluster_E para utilizador,alert,user_0104
cluster_A,Aveiro,2023-09-15 12:25:16,match_01227,37.194891,-7.438345,Mensagem de cluster cluster_E para utilizador,alert,user_0080
cluster_A,Aveiro,2024-12-14 18:45:25,match_01228,41.141788,-6.705345,Mensagem de cluster cluster_E para utilizador,alert,user_0073
cluster_B,Faro,2023-08-22 22:51:30,match_01229,41.200444,-7.158611,Mensagem de cluster cluster_E para utilizador,info,user_0165
cluster_E,Braga,2023-01-21 13:08:06,match_01230,41.130967,-8.885279,Mensagem de cluster cluster_C para utilizador,info,user_0161
cluster_E,Aveiro,2023-02-02 22:28:31,match_01231,40.989599,-8.513937,Mensagem de cluster cluster_D para utilizador,invite,user_0177
cluster_A,Braga,2024-09-02 23:05:10,match_01232,38.006652,-7.64218,Mensagem de cluster cluster_B para utilizador,suggestion,user_0001
cluster_E,Coimbra,2023-09-12 16:19:16,match_01233,39.358931,-7.375025,Mensagem de cluster cluster_C para utilizador,info,user_0175
cluster_A,Évora,2024-06-25 16:50:27,match_01234,41.439219,-9.254341,Mensagem de cluster cluster_C para utilizador,alert,user_0165
cluster_E,Évora,2023-01-20 15:17:06,match_01235,40.698909,-7.412224,Mensagem de cluster cluster_C para utilizador,info,user_0137
cluster_A,Coimbra,2024-10-12 16:19:38,match_01236,36.909101,-6.996514,Mensagem de cluster cluster_E para utilizador,suggestion,user_0018
cluster_E,Leiria,2023-09-07 02:48:51,match_01237,39.197133,-8.883383,Mensagem de cluster cluster_D para utilizador,info,user_0102
cluster_D,Setúbal,2023-03-13 01:34:22,match_01238,36.953351,-8.662856,Mensagem de cluster cluster_A para utilizador,suggestion,user_0085
cluster_A,Aveiro,2023-09-09 22:54:21,match_01239,38.303305,-8.619752,Mensagem de cluster cluster_D para utilizador,invite,user_0172
cluster_A,Évora,2023-09-18 21:03:13,match_01240,39.078812,-6.304645,Mensagem de cluster cluster_B para utilizador,suggestion,user_0115
cluster_C,Coimbra,2023-09-14 10:14:14,match_01241,41.364496,-8.116145,Mensagem de cluster cluster_B para utilizador,alert,user_0198
cluster_A,Porto,2024-04-27 16:55:29,match_01242,40.171921,-7.696057,Mensagem de cluster cluster_E para utilizador,info,user_0063
cluster_E,Porto,2023-06-30 18:11:45,match_01243,38.712423,-7.037331,Mensagem de cluster cluster_E para utilizador,info,user_0003
cluster_D,Aveiro,2024-04-18 02:24:39,match_01244,39.353275,-8.237035,Mensagem de cluster cluster_A para utilizador,alert,user_0112
cluster_D,Aveiro,2024-03-08 13:09:17,match_01245,40.986947,-9.141111,Mensagem de cluster cluster_B para utilizador,suggestion,user_0146
cluster_E,Lisboa,2024-10-26 14:00:56,match_01246,38.398278,-7.275306,Mensagem de cluster cluster_E para utilizador,info,user_0165
cluster_B,Lisboa,2023-02-17 19:33:50,match_01247,39.975174,-7.231271,Mensagem de cluster cluster_D para utilizador,info,user_0020
cluster_A,Coimbra,2023-08-11 14:03:58,match_01248,38.211234,-8.614137,Mensagem de cluster cluster_A para utilizador,suggestion,user_0093
cluster_D,Lisboa,2023-09-04 10:39:04,match_01249,39.299817,-9.380222,Mensagem de cluster cluster_A para utilizador,suggestion,user_0036
cluster_E,Viseu,2023-01-15 09:21:14,match_01250,37.023293,-7.237799,Mensagem de cluster cluster_B para utilizador,suggestion,user_0004
cluster_D,Lisboa,2023-08-27 01:34:01,match_01251,41.161377,-7.108353,Mensagem de cluster cluster_C para utilizador,info,user_0120
cluster_D,Viseu,2023-12-03 11:07:56,match_01252,37.141744,-9.411379,Mensagem de cluster cluster_E para utilizador,alert,user_0109
cluster_E,Faro,2024-09-22 06:12:59,match_01253,38.021802,-7.143177,Mensagem de cluster cluster_A para utilizador,alert,user_0078
cluster_C,Lisboa,2024-02-19 16:13:32,match_01254,38.567559,-6.307643,Mensagem de cluster cluster_D para utilizador,invite,user_0017
cluster_D,Viseu,2024-10-20 00:42:01,match_01255,40.025806,-8.89213,Mensagem de cluster cluster_A para utilizador,suggestion,user_0185
cluster_D,Setúbal,2023-07-14 15:09:46,match_01256,40.500167,-7.727499,Mensagem de cluster cluster_D para utilizador,alert,user_0049
cluster_B,Coimbra,2024-05-23 01:11:33,match_01257,37.302255,-7.13096,Mensagem de cluster cluster_C para utilizador,suggestion,user_0109
cluster_C,Viseu,2024-03-05 05:34:16,match_01258,37.117327,-8.71773,Mensagem de cluster cluster_B para utilizador,info,user_0181
cluster_B,Faro,2024-12-20 14:35:56,match_01259,40.894949,-6.944734,Mensagem de cluster cluster_C para utilizador,alert,user_0116
cluster_E,Leiria,2023-10-03 17:57:45,match_01260,40.460833,-6.548499,Mensagem de cluster cluster_B para utilizador,info,user_0010
cluster_A,Porto,2023-10-12 22:04:11,match_01261,41.057752,-6.730527,Mensagem de cluster cluster_A para utilizador,invite,user_0157
cluster_E,Braga,2024-02-22 22:52:37,match_01262,40.282691,-8.619744,Mensagem de cluster cluster_C para utilizador,alert,user_0120
cluster_C,Braga,2024-08-13 01:52:53,match_01263,40.655061,-6.765664,Mensagem de cluster cluster_E para utilizador,alert,user_0123
cluster_E,Leiria,2023-03-15 00:59:35,match_01264,38.795192,-8.094633,Mensagem de cluster cluster_C para utilizador,invite,user_0076
cluster_C,Braga,2024-05-07 19:56:59,match_01265,39.850922,-8.594024,Mensagem de cluster cluster_C para utilizador,suggestion,user_0123
cluster_B,Viseu,2023-09-03 06:08:59,match_01266,40.926962,-8.928897,Mensagem de cluster cluster_A para utilizador,alert,user_0137
cluster_D,Faro,2024-01-03 00:30:16,match_01267,37.760588,-6.409463,Mensagem de cluster cluster_A para utilizador,invite,user_0090
cluster_E,Setúbal,2024-07-12 09:06:58,match_01268,39.014115,-8.048548,Mensagem de cluster cluster_B para utilizador,info,user_0149
cluster_E,Setúbal,2023-09-05 20:43:50,match_01269,40.602449,-6.556514,Mensagem de cluster cluster_D para utilizador,invite,user_0001
cluster_D,Setúbal,2024-03-24 19:47:03,match_01270,39.563183,-8.957547,Mensagem de cluster cluster_C para utilizador,info,user_0164
cluster_E,Lisboa,2023-09-23 05:37:01,match_01271,40.308287,-6.892222,Mensagem de cluster cluster_D para utilizador,invite,user_0006
cluster_E,Setúbal,2023-11-15 06:33:52,match_01272,38.364346,-9.125955,Mensagem de cluster cluster_C para utilizador,alert,user_0111
cluster_A,Lisboa,2023-12-29 18:35:38,match_01273,37.061712,-9.440279,Mensagem de cluster cluster_D para utilizador,suggestion,user_0146
cluster_A,Setúbal,2024-09-10 13:17:35,match_01274,37.045729,-6.116832,Mensagem de cluster cluster_B para utilizador,alert,user_0101
cluster_D,Viseu,2024-07-28 14:51:40,match_01275,41.613906,-9.249973,Mensagem de cluster cluster_A para utilizador,alert,user_0200
cluster_B,Setúbal,2024-09-05 11:27:58,match_01276,41.6227,-7.930762,Mensagem de cluster cluster_E para utilizador,info,user_0139
cluster_E,Braga,2024-01-27 03:48:43,match_01277,37.956412,-6.51349,Mensagem de cluster cluster_D para utilizador,alert,user_0069
cluster_E,Braga,2023-07-29 18:28:09,match_01278,37.637328,-6.71411,Mensagem de cluster cluster_A para utilizador,invite,user_0149
cluster_B,Setúbal,2023-02-04 16:44:58,match_01279,36.990699,-7.898003,Mensagem de cluster cluster_C para utilizador,suggestion,user_0107
cluster_E,Porto,2024-12-28 05:54:33,match_01280,38.056284,-7.423115,Mensagem de cluster cluster_C para utilizador,alert,user_0106
cluster_B,Faro,2023-10-21 11:31:09,match_01281,38.571757,-7.358999,Mensagem de cluster cluster_D para utilizador,suggestion,user_0009
cluster_D,Viseu,2023-06-14 21:31:20,match_01282,38.106213,-9.126595,Mensagem de cluster cluster_D para utilizador,info,user_0002
cluster_D,Braga,2024-06-26 07:23:53,match_01283,40.886921,-8.531326,Mensagem de cluster cluster_E para utilizador,alert,user_0113
cluster_B,Faro,2023-03-09 03:06:04,match_01284,40.647152,-8.476657,Mensagem de cluster cluster_B para utilizador,suggestion,user_0132
cluster_B,Braga,2024-09-08 06:09:15,match_01285,37.305071,-8.214364,Mensagem de cluster cluster_D para utilizador,invite,user_0090
cluster_C,Porto,2023-03-11 03:43:58,match_01286,40.386608,-8.56868,Mensagem de cluster cluster_C para utilizador,suggestion,user_0012
cluster_A,Coimbra,2023-09-03 21:24:10,match_01287,39.502926,-8.644905,Mensagem de cluster cluster_E para utilizador,invite,user_0083
cluster_A,Faro,2023-02-19 02:33:59,match_01288,37.560831,-8.293729,Mensagem de cluster cluster_E para utilizador,invite,user_0083
cluster_E,Setúbal,2024-08-07 20:46:22,match_01289,40.597677,-8.21063,Mensagem de cluster cluster_C para utilizador,info,user_0093
cluster_E,Porto,2023-12-13 22:42:06,match_01290,37.330228,-7.843438,Mensagem de cluster cluster_C para utilizador,suggestion,user_0039
cluster_B,Braga,2023-06-03 02:37:48,match_01291,37.785753,-8.90998,Mensagem de cluster cluster_A para utilizador,alert,user_0188
cluster_B,Braga,2024-08-03 19:49:07,match_01292,37.646132,-6.819655,Mensagem de cluster cluster_D para utilizador,alert,user_0162
cluster_A,Setúbal,2024-04-20 14:55:29,match_01293,41.595167,-6.57373,Mensagem de cluster cluster_E para utilizador,alert,user_0059
cluster_E,Lisboa,2023-08-09 08:21:34,match_01294,40.39078,-8.656239,Mensagem de cluster cluster_D para utilizador,alert,user_0128
cluster_A,Évora,2024-08-10 00:17:59,match_01295,38.95643,-9.080778,Mensagem de cluster cluster_C para utilizador,suggestion,user_0072
cluster_D,Aveiro,2023-11-13 00:35:30,match_01296,41.011021,-7.044139,Mensagem de cluster cluster_A para utilizador,info,user_0134
cluster_A,Évora,2024-01-30 03:52:53,match_01297,37.979797,-6.357567,Mensagem de cluster cluster_E para utilizador,alert,user_0160
cluster_A,Coimbra,2023-05-27 01:20:55,match_01298,41.555466,-9.380496,Mensagem de cluster cluster_A para utilizador,alert,user_0028
cluster_B,Évora,2023-10-21 16:18:45,match_01299,40.384987,-9.450918,Mensagem de cluster cluster_B para utilizador,invite,user_0075
cluster_E,Lisboa,2024-04-01 05:22:01,match_01300,39.697903,-8.876353,Mensagem de cluster cluster_E para utilizador,suggestion,user_0041
cluster_D,Aveiro,2023-11-27 20:33:54,match_01301,40.873242,-7.171706,Mensagem de cluster cluster_A para utilizador,invite,user_0072
cluster_A,Viseu,2024-07-11 07:30:27,match_01302,40.123905,-6.219745,Mensagem de cluster cluster_B para utilizador,invite,user_0088
cluster_A,Viseu,2023-05-12 20:07:36,match_01303,41.335546,-6.948705,Mensagem de cluster cluster_A para utilizador,info,user_0155
cluster_B,Braga,2023-01-14 13:55:48,match_01304,41.045763,-7.551689,Mensagem de cluster cluster_C para utilizador,alert,user_0053
cluster_C,Leiria,2024-05-28 10:22:13,match_01305,37.889153,-7.118132,Mensagem de cluster cluster_D para utilizador,alert,user_0123
cluster_E,Lisboa,2024-09-21 18:40:32,match_01306,38.098319,-8.715626,Mensagem de cluster cluster_B para utilizador,suggestion,user_0011
cluster_E,Setúbal,2024-02-26 02:17:40,match_01307,37.225487,-7.158923,Mensagem de cluster cluster_E para utilizador,invite,user_0087
cluster_E,Lisboa,2023-06-05 10:55:59,match_01308,38.000995,-8.407087,Mensagem de cluster cluster_D para utilizador,alert,user_0150
cluster_A,Aveiro,2024-12-03 08:17:28,match_01309,38.617444,-8.743765,Mensagem de cluster cluster_A para utilizador,info,user_0005
cluster_A,Braga,2024-06-25 19:29:03,match_01310,37.044137,-8.69571,Mensagem de cluster cluster_B para utilizador,invite,user_0112
cluster_A,Coimbra,2023-12-08 03:00:50,match_01311,38.474813,-7.229522,Mensagem de cluster cluster_D para utilizador,info,user_0162
cluster_C,Setúbal,2024-11-15 03:05:40,match_01312,40.757729,-6.891433,Mensagem de cluster cluster_D para utilizador,info,user_0062
cluster_A,Coimbra,2024-01-24 21:14:33,match_01313,41.101638,-7.521873,Mensagem de cluster cluster_A para utilizador,info,user_0159
cluster_E,Aveiro,2024-03-24 12:40:43,match_01314,36.944366,-9.282892,Mensagem de cluster cluster_C para utilizador,alert,user_0047
cluster_E,Leiria,2024-07-15 10:58:03,match_01315,36.935735,-9.370768,Mensagem de cluster cluster_D para utilizador,info,user_0037
cluster_B,Faro,2023-11-13 14:51:10,match_01316,37.631536,-8.761633,Mensagem de cluster cluster_D para utilizador,info,user_0111
cluster_C,Lisboa,2024-02-18 06:21:36,match_01317,41.262885,-8.526006,Mensagem de cluster cluster_E para utilizador,alert,user_0026
cluster_D,Aveiro,2024-04-02 12:48:30,match_01318,39.24639,-8.123612,Mensagem de cluster cluster_D para utilizador,alert,user_0043
cluster_A,Porto,2024-01-17 06:09:47,match_01319,41.81451,-9.241505,Mensagem de cluster cluster_A para utilizador,alert,user_0061
cluster_D,Setúbal,2023-09-23 22:05:31,match_01320,41.336657,-7.03446,Mensagem de cluster cluster_A para utilizador,suggestion,user_0166
cluster_A,Setúbal,2023-04-18 20:28:09,match_01321,41.350641,-7.080906,Mensagem de cluster cluster_B para utilizador,invite,user_0128
cluster_C,Évora,2023-04-20 20:16:51,match_01322,37.542382,-8.321296,Mensagem de cluster cluster_A para utilizador,invite,user_0160
cluster_C,Leiria,2024-05-15 06:34:20,match_01323,39.276147,-7.585791,Mensagem de cluster cluster_D para utilizador,suggestion,user_0069
cluster_E,Lisboa,2023-08-08 04:49:47,match_01324,41.867953,-9.156886,Mensagem de cluster cluster_D para utilizador,suggestion,user_0190
cluster_C,Viseu,2023-11-14 20:00:41,match_01325,37.645221,-8.088257,Mensagem de cluster cluster_B para utilizador,suggestion,user_0126
cluster_D,Aveiro,2023-08-21 14:48:13,match_01326,39.771167,-6.58428,Mensagem de cluster cluster_D para utilizador,alert,user_0127
cluster_D,Faro,2024-08-29 01:21:21,match_01327,38.6214,-7.253884,Mensagem de cluster cluster_C para utilizador,info,user_0153
cluster_C,Setúbal,2023-02-17 00:46:13,match_01328,38.839291,-9.146591,Mensagem de cluster cluster_A para utilizador,alert,user_0033
cluster_D,Aveiro,2023-05-29 14:20:12,match_01329,41.353963,-6.618235,Mensagem de cluster cluster_C para utilizador,info,user_0064
cluster_A,Aveiro,2023-10-29 01:55:13,match_01330,39.839513,-7.185633,Mensagem de cluster cluster_C para utilizador,invite,user_0199
cluster_B,Évora,2024-08-24 07:24:41,match_01331,40.693882,-7.959609,Mensagem de cluster cluster_E para utilizador,info,user_0144
cluster_E,Évora,2024-04-16 14:40:02,match_01332,40.266172,-7.14689,Mensagem de cluster cluster_D para utilizador,suggestion,user_0177
cluster_B,Lisboa,2023-07-07 04:56:42,match_01333,39.545078,-8.912411,Mensagem de cluster cluster_B para utilizador,invite,user_0093
cluster_D,Aveiro,2024-03-14 21:35:21,match_01334,40.858556,-7.628346,Mensagem de cluster cluster_D para utilizador,info,user_0123
cluster_E,Braga,2023-10-24 06:46:16,match_01335,41.753665,-7.399048,Mensagem de cluster cluster_A para utilizador,suggestion,user_0015
cluster_B,Faro,2023-03-24 21:32:46,match_01336,41.734098,-6.345668,Mensagem de cluster cluster_C para utilizador,info,user_0020
cluster_B,Coimbra,2023-05-21 02:22:06,match_01337,40.84726,-9.272568,Mensagem de cluster cluster_D para utilizador,info,user_0022
cluster_D,Viseu,2023-06-29 06:40:38,match_01338,39.336649,-8.225739,Mensagem de cluster cluster_A para utilizador,info,user_0010
cluster_E,Braga,2024-08-26 21:02:56,match_01339,37.715795,-6.31483,Mensagem de cluster cluster_E para utilizador,invite,user_0200
cluster_E,Viseu,2023-12-05 20:04:40,match_01340,37.122353,-8.761448,Mensagem de cluster cluster_B para utilizador,info,user_0183
cluster_B,Faro,2024-02-13 16:08:03,match_01341,38.057225,-6.735119,Mensagem de cluster cluster_D para utilizador,suggestion,user_0096
cluster_E,Braga,2023-11-15 09:02:54,match_01342,38.60129,-9.494541,Mensagem de cluster cluster_B para utilizador,info,user_0156
cluster_E,Leiria,2024-04-17 06:04:27,match_01343,37.549248,-9.411994,Mensagem de cluster cluster_B para utilizador,suggestion,user_0137
cluster_A,Leiria,2023-01-28 00:18:19,match_01344,38.023827,-8.386082,Mensagem de cluster cluster_C para utilizador,alert,user_0031
cluster_D,Setúbal,2023-04-27 07:57:38,match_01345,37.317727,-6.887087,Mensagem de cluster cluster_E para utilizador,invite,user_0096
cluster_D,Braga,2023-04-10 14:15:52,match_01346,39.518385,-9.145912,Mensagem de cluster cluster_A para utilizador,alert,user_0074
cluster_A,Faro,2023-07-08 15:06:45,match_01347,37.531591,-8.198298,Mensagem de cluster cluster_E para utilizador,alert,user_0185
cluster_B,Aveiro,2024-08-09 13:59:20,match_01348,40.613843,-9.053008,Mensagem de cluster cluster_D para utilizador,invite,user_0159
cluster_C,Leiria,2024-04-25 19:54:39,match_01349,38.563249,-8.739782,Mensagem de cluster cluster_A para utilizador,alert,user_0075
cluster_B,Braga,2023-05-09 11:15:39,match_01350,40.260314,-7.78982,Mensagem de cluster cluster_C para utilizador,suggestion,user_0171
cluster_A,Faro,2024-09-14 08:10:05,match_01351,41.312597,-8.414928,Mensagem de cluster cluster_D para utilizador,suggestion,user_0074
cluster_E,Porto,2024-12-04 13:32:46,match_01352,37.330083,-8.779497,Mensagem de cluster cluster_D para utilizador,suggestion,user_0137
cluster_A,Porto,2023-12-21 15:57:04,match_01353,41.845004,-8.16211,Mensagem de cluster cluster_B para utilizador,suggestion,user_0042
cluster_D,Porto,2023-01-15 12:48:04,match_01354,40.126217,-7.116413,Mensagem de cluster cluster_A para utilizador,alert,user_0074
cluster_E,Setúbal,2024-09-19 11:54:42,match_01355,37.16683,-9.093978,Mensagem de cluster cluster_B para utilizador,invite,user_0178
cluster_B,Braga,2023-03-03 06:26:44,match_01356,38.470011,-7.869379,Mensagem de cluster cluster_A para utilizador,alert,user_0165
cluster_E,Viseu,2024-03-15 04:01:38,match_01357,41.331226,-8.565953,Mensagem de cluster cluster_D para utilizador,invite,user_0199
cluster_D,Faro,2024-09-25 00:50:58,match_01358,39.881168,-8.212689,Mensagem de cluster cluster_C para utilizador,invite,user_0084
cluster_A,Aveiro,2024-10-19 10:04:19,match_01359,38.336112,-6.706712,Mensagem de cluster cluster_C para utilizador,alert,user_0200
cluster_B,Faro,2023-10-25 02:45:36,match_01360,41.602473,-6.338918,Mensagem de cluster cluster_B para utilizador,alert,user_0145
cluster_C,Porto,2023-09-23 07:22:04,match_01361,40.836263,-8.673875,Mensagem de cluster cluster_A para utilizador,suggestion,user_0176
cluster_C,Setúbal,2024-04-24 22:11:03,match_01362,40.577692,-7.358099,Mensagem de cluster cluster_B para utilizador,invite,user_0002
cluster_A,Porto,2023-03-07 22:09:58,match_01363,41.342136,-7.199297,Mensagem de cluster cluster_A para utilizador,invite,user_0042
cluster_B,Aveiro,2024-11-19 12:12:02,match_01364,40.7489,-6.635548,Mensagem de cluster cluster_C para utilizador,info,user_0106
cluster_B,Porto,2024-06-12 16:35:15,match_01365,38.333692,-6.443256,Mensagem de cluster cluster_D para utilizador,invite,user_0191
cluster_E,Évora,2023-04-13 14:36:49,match_01366,39.81943,-7.908828,Mensagem de cluster cluster_A para utilizador,suggestion,user_0139
cluster_A,Coimbra,2023-03-23 17:03:18,match_01367,41.111431,-6.159243,Mensagem de cluster cluster_C para utilizador,invite,user_0127
cluster_E,Coimbra,2024-06-20 04:05:48,match_01368,37.804241,-6.199181,Mensagem de cluster cluster_D para utilizador,info,user_0184
cluster_A,Aveiro,2024-11-12 01:01:44,match_01369,37.715116,-7.778009,Mensagem de cluster cluster_D para utilizador,info,user_0073
cluster_D,Coimbra,2024-01-17 00:41:47,match_01370,37.694881,-7.657091,Mensagem de cluster cluster_E para utilizador,invite,user_0173
cluster_A,Aveiro,2024-08-28 03:45:26,match_01371,37.871276,-7.229651,Mensagem de cluster cluster_B para utilizador,suggestion,user_0173
cluster_E,Leiria,2024-11-24 06:17:50,match_01372,37.416154,-8.229025,Mensagem de cluster cluster_C para utilizador,info,user_0157
cluster_B,Aveiro,2024-11-11 00:51:16,match_01373,41.088145,-7.249051,Mensagem de cluster cluster_B para utilizador,info,user_0162
cluster_A,Coimbra,2023-07-03 19:40:37,match_01374,40.991591,-7.75143,Mensagem de cluster cluster_A para utilizador,info,user_0197
cluster_B,Faro,2024-10-07 17:34:34,match_01375,37.656845,-9.379515,Mensagem de cluster cluster_A para utilizador,alert,user_0095
cluster_D,Setúbal,2023-06-23 19:06:23,match_01376,40.427686,-6.600722,Mensagem de cluster cluster_D para utilizador,suggestion,user_0090
cluster_C,Leiria,2023-03-31 06:17:24,match_01377,40.034878,-6.302484,Mensagem de cluster cluster_C para utilizador,suggestion,user_0121
cluster_C,Faro,2024-08-11 21:09:37,match_01378,38.280971,-9.410821,Mensagem de cluster cluster_C para utilizador,alert,user_0020
cluster_E,Porto,2023-08-29 09:05:20,match_01379,38.036842,-6.81651,Mensagem de cluster cluster_B para utilizador,invite,user_0072
cluster_A,Évora,2024-03-02 13:23:43,match_01380,38.152929,-8.188235,Mensagem de cluster cluster_B para utilizador,info,user_0070
cluster_D,Setúbal,2023-10-12 15:56:08,match_01381,40.553153,-7.508852,Mensagem de cluster cluster_C para utilizador,info,user_0146
cluster_D,Braga,2024-06-30 07:30:59,match_01382,38.496585,-7.800017,Mensagem de cluster cluster_D para utilizador,alert,user_0200
cluster_B,Aveiro,2023-06-22 05:38:06,match_01383,38.289796,-7.625544,Mensagem de cluster cluster_D para utilizador,invite,user_0188
cluster_E,Braga,2023-11-05 16:39:53,match_01384,37.012405,-7.816367,Mensagem de cluster cluster_D para utilizador,suggestion,user_0117
cluster_D,Viseu,2023-04-16 07:44:56,match_01385,41.441182,-6.598524,Mensagem de cluster cluster_E para utilizador,invite,user_0183
cluster_A,Coimbra,2023-05-08 20:42:09,match_01386,40.663521,-7.176077,Mensagem de cluster cluster_B para utilizador,suggestion,user_0052
cluster_D,Leiria,2024-12-09 01:03:33,match_01387,39.263918,-8.097033,Mensagem de cluster cluster_D para utilizador,info,user_0025
cluster_C,Coimbra,2023-11-17 19:36:33,match_01388,41.614635,-7.158867,Mensagem de cluster cluster_C para utilizador,invite,user_0066
cluster_E,Porto,2023-07-05 15:26:23,match_01389,38.367661,-6.218837,Mensagem de cluster cluster_E para utilizador,suggestion,user_0028
cluster_B,Leiria,2024-03-06 07:42:22,match_01390,40.273525,-9.226952,Mensagem de cluster cluster_D para utilizador,invite,user_0089
cluster_A,Viseu,2023-12-24 23:04:56,match_01391,38.425752,-8.180494,Mensagem de cluster cluster_A para utilizador,invite,user_0020
cluster_C,Aveiro,2023-10-01 12:49:52,match_01392,38.472862,-6.540456,Mensagem de cluster cluster_E para utilizador,invite,user_0070
cluster_D,Coimbra,2024-11-23 13:24:53,match_01393,41.123546,-6.987213,Mensagem de cluster cluster_E para utilizador,alert,user_0037
cluster_E,Setúbal,2023-08-20 00:54:13,match_01394,40.83511,-6.321242,Mensagem de cluster cluster_B para utilizador,suggestion,user_0016
cluster_E,Setúbal,2023-11-06 08:38:55,match_01395,38.370537,-9.364646,Mensagem de cluster cluster_A para utilizador,suggestion,user_0163
cluster_A,Porto,2024-05-13 09:34:39,match_01396,37.306948,-6.566563,Mensagem de cluster cluster_E para utilizador,info,user_0183
cluster_B,Leiria,2024-12-04 05:17:05,match_01397,38.687921,-6.807884,Mensagem de cluster cluster_E para utilizador,suggestion,user_0100
cluster_C,Setúbal,2024-10-03 23:40:32,match_01398,40.700288,-6.728867,Mensagem de cluster cluster_B para utilizador,info,user_0193
cluster_B,Faro,2024-11-14 23:45:16,match_01399,37.402722,-7.469307,Mensagem de cluster cluster_C para utilizador,alert,user_0078
cluster_A,Porto,2023-09-22 23:43:30,match_01400,40.260504,-9.323482,Mensagem de cluster cluster_C para utilizador,info,user_0014
cluster_A,Viseu,2024-06-06 10:33:35,match_01401,41.348816,-7.666958,Mensagem de cluster cluster_A para utilizador,info,user_0024
cluster_C,Lisboa,2024-08-22 14:19:16,match_01402,37.796136,-8.113646,Mensagem de cluster cluster_B para utilizador,alert,user_0083
cluster_E,Évora,2023-01-16 09:13:12,match_01403,41.211022,-7.708058,Mensagem de cluster cluster_D para utilizador,alert,user_0038
cluster_E,Coimbra,2024-12-06 18:25:35,match_01404,37.156819,-6.982994,Mensagem de cluster cluster_B para utilizador,alert,user_0082
cluster_C,Évora,2024-03-18 05:52:26,match_01405,40.234401,-7.473734,Mensagem de cluster cluster_D para utilizador,invite,user_0009
cluster_B,Faro,2024-09-06 06:36:22,match_01406,40.855195,-8.505286,Mensagem de cluster cluster_C para utilizador,suggestion,user_0121
cluster_C,Lisboa,2024-04-28 10:09:16,match_01407,39.123831,-7.461675,Mensagem de cluster cluster_A para utilizador,invite,user_0059
cluster_E,Faro,2024-11-17 19:39:42,match_01408,37.918643,-9.217329,Mensagem de cluster cluster_D para utilizador,info,user_0051
cluster_B,Coimbra,2024-05-19 04:45:23,match_01409,41.523647,-9.481756,Mensagem de cluster cluster_C para utilizador,alert,user_0109
cluster_D,Lisboa,2024-07-29 19:49:24,match_01410,36.999844,-8.134805,Mensagem de cluster cluster_E para utilizador,alert,user_0051
cluster_B,Viseu,2023-06-24 23:07:13,match_01411,39.675356,-6.925566,Mensagem de cluster cluster_A para utilizador,invite,user_0019
cluster_E,Porto,2024-02-08 11:47:34,match_01412,38.764247,-6.703044,Mensagem de cluster cluster_D para utilizador,info,user_0062
cluster_A,Leiria,2023-08-14 18:23:02,match_01413,39.205286,-7.630546,Mensagem de cluster cluster_B para utilizador,suggestion,user_0010
cluster_B,Lisboa,2024-11-30 16:37:58,match_01414,39.582825,-6.548777,Mensagem de cluster cluster_D para utilizador,info,user_0166
cluster_B,Viseu,2023-09-22 21:13:16,match_01415,39.573743,-9.07189,Mensagem de cluster cluster_E para utilizador,alert,user_0131
cluster_A,Coimbra,2024-08-15 22:37:30,match_01416,37.918118,-6.22204,Mensagem de cluster cluster_A para utilizador,info,user_0176
cluster_E,Aveiro,2023-03-31 02:22:55,match_01417,40.298512,-6.366015,Mensagem de cluster cluster_A para utilizador,invite,user_0169
cluster_D,Faro,2024-09-24 21:00:55,match_01418,36.995741,-7.462593,Mensagem de cluster cluster_B para utilizador,info,user_0145
cluster_D,Viseu,2024-09-18 01:58:40,match_01419,37.00592,-9.300345,Mensagem de cluster cluster_B para utilizador,invite,user_0087
cluster_C,Évora,2023-10-11 14:00:43,match_01420,39.292437,-7.95571,Mensagem de cluster cluster_D para utilizador,info,user_0073
cluster_D,Porto,2024-10-26 03:30:18,match_01421,39.609514,-8.890472,Mensagem de cluster cluster_E para utilizador,info,user_0197
cluster_D,Coimbra,2023-10-14 20:55:55,match_01422,38.274447,-7.363354,Mensagem de cluster cluster_B para utilizador,invite,user_0083
cluster_B,Coimbra,2024-12-14 22:26:05,match_01423,39.658378,-8.854118,Mensagem de cluster cluster_E para utilizador,invite,user_0093
cluster_C,Lisboa,2023-07-06 12:57:00,match_01424,39.480546,-7.861888,Mensagem de cluster cluster_D para utilizador,suggestion,user_0015
cluster_D,Aveiro,2023-03-07 21:11:08,match_01425,38.646103,-8.800868,Mensagem de cluster cluster_B para utilizador,suggestion,user_0106
cluster_B,Braga,2024-08-23 13:50:21,match_01426,40.158873,-8.881727,Mensagem de cluster cluster_C para utilizador,info,user_0100
cluster_C,Coimbra,2023-06-21 21:16:01,match_01427,41.689686,-8.65706,Mensagem de cluster cluster_B para utilizador,alert,user_0184
cluster_B,Porto,2023-06-03 13:58:16,match_01428,39.354013,-9.400732,Mensagem de cluster cluster_B para utilizador,alert,user_0076
cluster_A,Viseu,2024-10-11 21:07:21,match_01429,40.830254,-7.065209,Mensagem de cluster cluster_E para utilizador,suggestion,user_0078
cluster_E,Faro,2024-10-30 14:24:24,match_01430,38.137983,-8.45713,Mensagem de cluster cluster_A para utilizador,suggestion,user_0143
cluster_E,Faro,2024-04-05 21:17:57,match_01431,40.709753,-7.126433,Mensagem de cluster cluster_C para utilizador,info,user_0115
cluster_E,Braga,2024-10-04 00:15:58,match_01432,40.14453,-7.278174,Mensagem de cluster cluster_C para utilizador,invite,user_0095
cluster_D,Aveiro,2024-07-13 17:18:02,match_01433,40.098489,-9.275217,Mensagem de cluster cluster_A para utilizador,invite,user_0133
cluster_E,Lisboa,2023-10-24 14:10:48,match_01434,41.365177,-8.439082,Mensagem de cluster cluster_C para utilizador,invite,user_0044
cluster_E,Porto,2023-01-25 17:36:25,match_01435,38.066751,-7.572674,Mensagem de cluster cluster_C para utilizador,alert,user_0003
cluster_C,Lisboa,2024-09-24 12:06:33,match_01436,38.742251,-6.377436,Mensagem de cluster cluster_E para utilizador,alert,user_0047
cluster_C,Setúbal,2024-08-23 22:25:30,match_01437,37.315337,-8.135513,Mensagem de cluster cluster_A para utilizador,alert,user_0158
cluster_C,Coimbra,2024-11-17 13:28:47,match_01438,40.5306,-7.783709,Mensagem de cluster cluster_D para utilizador,alert,user_0012
cluster_D,Viseu,2023-12-10 21:31:09,match_01439,41.119336,-6.94946,Mensagem de cluster cluster_D para utilizador,invite,user_0015
cluster_E,Lisboa,2023-10-29 11:04:56,match_01440,38.929168,-6.768795,Mensagem de cluster cluster_D para utilizador,info,user_0166
cluster_D,Évora,2024-09-06 01:11:02,match_01441,38.684134,-6.360642,Mensagem de cluster cluster_D para utilizador,info,user_0028
cluster_D,Leiria,2024-06-07 16:36:10,match_01442,40.193259,-7.809556,Mensagem de cluster cluster_C para utilizador,alert,user_0177
cluster_D,Faro,2024-10-02 00:51:24,match_01443,37.277952,-8.840951,Mensagem de cluster cluster_C para utilizador,alert,user_0087
cluster_D,Évora,2024-08-21 18:37:39,match_01444,38.369209,-6.900968,Mensagem de cluster cluster_E para utilizador,invite,user_0175
cluster_D,Coimbra,2024-08-24 19:30:11,match_01445,38.731064,-9.073044,Mensagem de cluster cluster_D para utilizador,invite,user_0075
cluster_D,Coimbra,2024-05-24 21:24:28,match_01446,39.492951,-8.077636,Mensagem de cluster cluster_E para utilizador,info,user_0094
cluster_E,Coimbra,2024-01-05 14:58:50,match_01447,39.282846,-7.364076,Mensagem de cluster cluster_C para utilizador,suggestion,user_0012
cluster_C,Faro,2023-09-14 20:31:23,match_01448,37.943402,-7.147689,Mensagem de cluster cluster_A para utilizador,info,user_0054
cluster_B,Aveiro,2024-03-15 13:04:16,match_01449,39.603939,-7.007706,Mensagem de cluster cluster_B para utilizador,info,user_0083
cluster_B,Coimbra,2024-08-16 19:15:33,match_01450,41.529343,-8.84199,Mensagem de cluster cluster_D para utilizador,info,user_0032
cluster_B,Évora,2024-06-22 14:00:08,match_01451,37.035439,-6.162393,Mensagem de cluster cluster_D para utilizador,invite,user_0129
cluster_A,Leiria,2023-11-27 21:08:45,match_01452,40.301533,-8.893377,Mensagem de cluster cluster_C para utilizador,alert,user_0144
cluster_C,Setúbal,2023-01-20 23:11:15,match_01453,40.023545,-9.17335,Mensagem de cluster cluster_B para utilizador,invite,user_0011
cluster_E,Coimbra,2023-02-08 00:46:16,match_01454,41.522135,-7.242229,Mensagem de cluster cluster_E para utilizador,alert,user_0097
cluster_D,Faro,2024-04-13 08:42:02,match_01455,40.126725,-6.406,Mensagem de cluster cluster_E para utilizador,suggestion,user_0055
cluster_B,Aveiro,2024-04-05 00:20:20,match_01456,40.024214,-7.598095,Mensagem de cluster cluster_B para utilizador,suggestion,user_0164
cluster_C,Coimbra,2024-07-31 10:39:30,match_01457,40.749028,-7.47536,Mensagem de cluster cluster_E para utilizador,suggestion,user_0030
cluster_E,Coimbra,2023-04-10 08:20:08,match_01458,38.23903,-7.669152,Mensagem de cluster cluster_D para utilizador,alert,user_0068
cluster_B,Évora,2023-10-20 11:35:44,match_01459,39.878661,-9.354656,Mensagem de cluster cluster_D para utilizador,info,user_0056
cluster_C,Setúbal,2024-04-03 15:45:02,match_01460,39.497106,-7.183541,Mensagem de cluster cluster_C para utilizador,alert,user_0188
cluster_E,Lisboa,2023-08-18 00:24:21,match_01461,39.092363,-8.282123,Mensagem de cluster cluster_D para utilizador,suggestion,user_0089
cluster_C,Leiria,2023-03-02 00:42:19,match_01462,37.297436,-6.318709,Mensagem de cluster cluster_C para utilizador,info,user_0098
cluster_D,Faro,2023-04-26 05:02:56,match_01463,38.363144,-8.864914,Mensagem de cluster cluster_E para utilizador,suggestion,user_0017
cluster_C,Viseu,2024-01-12 22:43:49,match_01464,38.299909,-8.472806,Mensagem de cluster cluster_A para utilizador,alert,user_0161
cluster_C,Porto,2024-12-08 20:31:24,match_01465,40.521255,-7.783494,Mensagem de cluster cluster_A para utilizador,info,user_0158
cluster_A,Faro,2024-08-29 08:29:11,match_01466,41.503281,-7.876993,Mensagem de cluster cluster_A para utilizador,alert,user_0013
cluster_D,Aveiro,2024-07-11 02:36:38,match_01467,38.053936,-8.138964,Mensagem de cluster cluster_A para utilizador,alert,user_0140
cluster_C,Setúbal,2024-09-10 06:44:48,match_01468,37.27312,-8.43103,Mensagem de cluster cluster_A para utilizador,alert,user_0124
cluster_D,Aveiro,2024-05-15 14:23:57,match_01469,41.899785,-8.999572,Mensagem de cluster cluster_E para utilizador,info,user_0032
cluster_C,Faro,2024-08-01 15:05:34,match_01470,40.356027,-6.708866,Mensagem de cluster cluster_D para utilizador,suggestion,user_0087
cluster_D,Coimbra,2023-08-22 03:52:21,match_01471,41.332354,-7.974183,Mensagem de cluster cluster_A para utilizador,suggestion,user_0093
cluster_E,Viseu,2023-12-16 04:57:47,match_01472,37.619397,-7.551948,Mensagem de cluster cluster_D para utilizador,info,user_0034
cluster_B,Braga,2024-06-20 16:12:55,match_01473,40.90384,-7.64172,Mensagem de cluster cluster_E para utilizador,invite,user_0083
cluster_A,Porto,2023-07-10 07:06:41,match_01474,40.966619,-7.543338,Mensagem de cluster cluster_E para utilizador,info,user_0012
cluster_B,Leiria,2024-05-16 20:25:10,match_01475,37.657445,-7.103543,Mensagem de cluster cluster_A para utilizador,invite,user_0004
cluster_C,Lisboa,2024-08-26 12:59:09,match_01476,37.707021,-7.360105,Mensagem de cluster cluster_D para utilizador,alert,user_0089
cluster_C,Viseu,2024-08-06 15:44:32,match_01477,38.377256,-8.56873,Mensagem de cluster cluster_E para utilizador,suggestion,user_0154
cluster_E,Porto,2023-05-26 00:35:18,match_01478,37.983937,-7.617386,Mensagem de cluster cluster_E para utilizador,alert,user_0082
cluster_C,Setúbal,2023-10-30 13:58:38,match_01479,41.77705,-8.668656,Mensagem de cluster cluster_A para utilizador,invite,user_0192
cluster_D,Setúbal,2023-05-13 18:41:59,match_01480,38.714719,-7.497956,Mensagem de cluster cluster_C para utilizador,info,user_0128
cluster_B,Lisboa,2024-10-01 18:21:10,match_01481,40.706532,-8.031422,Mensagem de cluster cluster_D para utilizador,alert,user_0158
cluster_C,Aveiro,2024-11-20 16:08:43,match_01482,40.925254,-9.365978,Mensagem de cluster cluster_B para utilizador,info,user_0122
cluster_E,Coimbra,2024-10-07 13:39:42,match_01483,38.829704,-7.004449,Mensagem de cluster cluster_B para utilizador,info,user_0162
cluster_A,Évora,2023-06-13 21:00:52,match_01484,40.312928,-8.566134,Mensagem de cluster cluster_D para utilizador,invite,user_0033
cluster_B,Viseu,2024-11-23 02:52:24,match_01485,37.439001,-6.371339,Mensagem de cluster cluster_E para utilizador,info,user_0159
cluster_E,Leiria,2024-11-04 20:55:42,match_01486,38.88481,-8.546105,Mensagem de cluster cluster_D para utilizador,invite,user_0056
cluster_E,Porto,2024-04-17 09:18:33,match_01487,41.736553,-6.111483,Mensagem de cluster cluster_A para utilizador,info,user_0062
cluster_B,Évora,2024-04-02 10:30:40,match_01488,37.742653,-7.925966,Mensagem de cluster cluster_B para utilizador,info,user_0031
cluster_E,Lisboa,2024-10-23 23:55:13,match_01489,38.828557,-9.410215,Mensagem de cluster cluster_D para utilizador,info,user_0024
cluster_A,Braga,2024-12-12 02:42:54,match_01490,40.852608,-9.240685,Mensagem de cluster cluster_A para utilizador,suggestion,user_0069
cluster_A,Coimbra,2023-05-25 17:37:25,match_01491,40.227116,-9.220901,Mensagem de cluster cluster_C para utilizador,info,user_0179
cluster_C,Braga,2024-05-26 22:05:43,match_01492,40.057593,-9.308871,Mensagem de cluster cluster_D para utilizador,alert,user_0193
cluster_D,Aveiro,2023-05-04 04:36:15,match_01493,41.166287,-8.589516,Mensagem de cluster cluster_D para utilizador,suggestion,user_0098
cluster_C,Évora,2023-10-20 18:07:53,match_01494,37.045469,-8.396398,Mensagem de cluster cluster_D para utilizador,invite,user_0009
cluster_D,Braga,2023-11-10 02:23:13,match_01495,40.755822,-9.121628,Mensagem de cluster cluster_A para utilizador,info,user_0008
cluster_B,Évora,2023-07-09 21:57:51,match_01496,41.312745,-8.010353,Mensagem de cluster cluster_C para utilizador,invite,user_0107
cluster_E,Porto,2023-03-07 00:21:12,match_01497,36.980872,-8.257807,Mensagem de cluster cluster_B para utilizador,alert,user_0164
cluster_C,Braga,2023-09-26 13:57:39,match_01498,39.694815,-7.336498,Mensagem de cluster cluster_E para utilizador,alert,user_0093
cluster_E,Évora,2024-11-22 11:42:22,match_01499,38.642942,-8.83406,Mensagem de cluster cluster_C para utilizador,alert,user_0069
cluster_C,Viseu,2023-03-27 15:58:51,match_01500,37.153814,-6.392449,Mensagem de cluster cluster_C para utilizador,alert,user_0184
cluster_C,Faro,2024-06-08 13:34:53,match_01501,38.988741,-7.745631,Mensagem de cluster cluster_C para utilizador,info,user_0046
cluster_A,Leiria,2023-11-14 15:58:51,match_01502,40.120151,-7.379308,Mensagem de cluster cluster_C para utilizador,invite,user_0138
cluster_D,Aveiro,2024-11-02 14:12:29,match_01503,41.495068,-9.365631,Mensagem de cluster cluster_D para utilizador,invite,user_0102
cluster_B,Setúbal,2023-11-28 04:57:42,match_01504,40.002652,-7.599098,Mensagem de cluster cluster_B para utilizador,invite,user_0074
cluster_E,Coimbra,2024-05-06 17:38:52,match_01505,41.183715,-8.248459,Mensagem de cluster cluster_A para utilizador,suggestion,user_0127
cluster_C,Braga,2023-03-28 12:20:10,match_01506,37.507858,-6.357815,Mensagem de cluster cluster_D para utilizador,suggestion,user_0139
cluster_E,Setúbal,2024-06-04 21:38:10,match_01507,37.952606,-6.488813,Mensagem de cluster cluster_A para utilizador,info,user_0116
cluster_A,Leiria,2023-05-20 02:20:01,match_01508,41.751464,-7.331994,Mensagem de cluster cluster_A para utilizador,suggestion,user_0008
cluster_B,Faro,2024-09-21 05:07:53,match_01509,41.337003,-6.889305,Mensagem de cluster cluster_A para utilizador,alert,user_0068
cluster_D,Évora,2024-07-24 22:46:35,match_01510,38.076135,-7.308383,Mensagem de cluster cluster_B para utilizador,info,user_0146
cluster_D,Évora,2023-07-30 05:05:37,match_01511,40.004869,-9.442308,Mensagem de cluster cluster_C para utilizador,info,user_0128
cluster_C,Évora,2023-12-27 17:49:34,match_01512,38.713164,-7.10937,Mensagem de cluster cluster_E para utilizador,info,user_0122
cluster_B,Leiria,2023-04-06 01:05:32,match_01513,39.242993,-8.897891,Mensagem de cluster cluster_E para utilizador,invite,user_0003
cluster_D,Porto,2024-09-17 03:02:13,match_01514,41.204391,-7.179259,Mensagem de cluster cluster_C para utilizador,suggestion,user_0108
cluster_B,Aveiro,2024-03-14 01:27:01,match_01515,40.578563,-9.464277,Mensagem de cluster cluster_C para utilizador,alert,user_0143
cluster_E,Porto,2024-12-27 12:02:04,match_01516,38.092213,-8.442917,Mensagem de cluster cluster_B para utilizador,info,user_0188
cluster_A,Lisboa,2023-07-26 13:35:10,match_01517,38.479965,-7.742445,Mensagem de cluster cluster_E para utilizador,alert,user_0128
cluster_B,Viseu,2024-05-09 08:20:42,match_01518,38.348552,-8.36722,Mensagem de cluster cluster_D para utilizador,info,user_0120
cluster_B,Setúbal,2023-11-02 09:09:32,match_01519,40.803314,-7.140443,Mensagem de cluster cluster_B para utilizador,alert,user_0200
cluster_D,Porto,2023-10-26 05:20:32,match_01520,39.350442,-7.722788,Mensagem de cluster cluster_E para utilizador,invite,user_0055
cluster_C,Faro,2023-04-17 12:55:07,match_01521,41.653622,-6.237131,Mensagem de cluster cluster_D para utilizador,alert,user_0070
cluster_C,Lisboa,2023-07-31 20:10:50,match_01522,40.983436,-8.283438,Mensagem de cluster cluster_B para utilizador,suggestion,user_0121
cluster_E,Évora,2023-07-11 02:43:35,match_01523,37.955972,-7.045678,Mensagem de cluster cluster_E para utilizador,alert,user_0100
cluster_D,Lisboa,2024-03-26 21:45:28,match_01524,40.829714,-6.658138,Mensagem de cluster cluster_D para utilizador,info,user_0032
cluster_D,Aveiro,2024-10-24 08:23:26,match_01525,39.430397,-8.6377,Mensagem de cluster cluster_A para utilizador,info,user_0006
cluster_A,Faro,2023-09-27 20:03:11,match_01526,38.168551,-6.935953,Mensagem de cluster cluster_E para utilizador,invite,user_0144
cluster_C,Faro,2024-05-14 12:21:33,match_01527,38.716659,-8.162732,Mensagem de cluster cluster_D para utilizador,invite,user_0194
cluster_D,Braga,2023-12-01 11:02:06,match_01528,41.760631,-9.062328,Mensagem de cluster cluster_B para utilizador,info,user_0016
cluster_E,Porto,2023-01-08 12:48:38,match_01529,39.319807,-9.4876,Mensagem de cluster cluster_D para utilizador,info,user_0014
cluster_A,Setúbal,2023-04-08 05:45:01,match_01530,40.498029,-6.971224,Mensagem de cluster cluster_B para utilizador,alert,user_0062
cluster_C,Coimbra,2023-08-24 23:16:10,match_01531,39.285426,-8.86677,Mensagem de cluster cluster_D para utilizador,info,user_0146
cluster_C,Viseu,2024-05-20 21:46:21,match_01532,38.757786,-9.325942,Mensagem de cluster cluster_C para utilizador,invite,user_0008
cluster_C,Coimbra,2024-05-16 09:39:17,match_01533,40.8821,-7.809489,Mensagem de cluster cluster_E para utilizador,invite,user_0133
cluster_A,Setúbal,2024-06-04 17:38:44,match_01534,41.141622,-8.321227,Mensagem de cluster cluster_B para utilizador,suggestion,user_0088
cluster_E,Porto,2024-06-01 04:05:58,match_01535,37.259446,-7.147857,Mensagem de cluster cluster_D para utilizador,suggestion,user_0041
cluster_E,Porto,2024-06-21 08:32:38,match_01536,38.294888,-9.134961,Mensagem de cluster cluster_B para utilizador,info,user_0111
cluster_D,Viseu,2023-07-07 01:04:20,match_01537,39.439355,-9.048979,Mensagem de cluster cluster_A para utilizador,alert,user_0059
cluster_D,Viseu,2023-03-11 13:17:43,match_01538,38.482489,-8.126034,Mensagem de cluster cluster_B para utilizador,info,user_0009
cluster_C,Coimbra,2023-02-12 21:20:25,match_01539,40.817915,-7.730612,Mensagem de cluster cluster_E para utilizador,invite,user_0042
cluster_B,Setúbal,2023-08-31 23:45:06,match_01540,37.473667,-6.697741,Mensagem de cluster cluster_A para utilizador,invite,user_0018
cluster_D,Porto,2023-06-21 10:25:19,match_01541,40.888991,-7.508874,Mensagem de cluster cluster_E para utilizador,invite,user_0046
cluster_E,Évora,2024-10-25 00:07:44,match_01542,39.989432,-6.431169,Mensagem de cluster cluster_D para utilizador,info,user_0123
cluster_C,Aveiro,2024-12-28 14:52:29,match_01543,38.346839,-8.759589,Mensagem de cluster cluster_C para utilizador,info,user_0176
cluster_E,Leiria,2024-11-16 16:55:13,match_01544,38.622273,-7.472854,Mensagem de cluster cluster_E para utilizador,suggestion,user_0028
cluster_C,Setúbal,2024-12-07 01:30:59,match_01545,37.814496,-7.272189,Mensagem de cluster cluster_B para utilizador,invite,user_0037
cluster_A,Porto,2024-03-12 17:01:32,match_01546,38.162867,-7.032263,Mensagem de cluster cluster_C para utilizador,suggestion,user_0074
cluster_D,Setúbal,2024-06-30 05:11:49,match_01547,40.486344,-6.138588,Mensagem de cluster cluster_B para utilizador,invite,user_0020
cluster_A,Aveiro,2023-02-03 05:22:04,match_01548,38.779421,-7.908685,Mensagem de cluster cluster_A para utilizador,suggestion,user_0166
cluster_D,Viseu,2023-07-05 04:04:06,match_01549,40.337421,-8.244313,Mensagem de cluster cluster_A para utilizador,info,user_0169
cluster_E,Lisboa,2024-03-28 08:24:21,match_01550,39.470538,-6.602497,Mensagem de cluster cluster_A para utilizador,alert,user_0112
cluster_E,Setúbal,2023-08-09 19:55:43,match_01551,37.626489,-8.898911,Mensagem de cluster cluster_D para utilizador,alert,user_0124
cluster_B,Lisboa,2023-10-16 03:05:17,match_01552,39.395353,-9.374104,Mensagem de cluster cluster_A para utilizador,invite,user_0190
cluster_E,Setúbal,2023-09-28 18:11:21,match_01553,40.682349,-7.991797,Mensagem de cluster cluster_E para utilizador,info,user_0148
cluster_C,Viseu,2024-12-07 16:22:22,match_01554,38.388378,-8.6595,Mensagem de cluster cluster_B para utilizador,invite,user_0151
cluster_B,Coimbra,2024-02-13 11:29:52,match_01555,40.140408,-8.151814,Mensagem de cluster cluster_A para utilizador,suggestion,user_0050
cluster_C,Braga,2024-02-28 18:07:50,match_01556,37.895163,-6.147317,Mensagem de cluster cluster_E para utilizador,info,user_0133
cluster_B,Braga,2023-07-10 00:18:35,match_01557,37.578495,-8.31514,Mensagem de cluster cluster_E para utilizador,suggestion,user_0188
cluster_C,Coimbra,2024-01-03 17:38:33,match_01558,38.701131,-7.092917,Mensagem de cluster cluster_A para utilizador,suggestion,user_0073
cluster_B,Braga,2024-11-10 03:19:40,match_01559,38.846018,-8.648633,Mensagem de cluster cluster_E para utilizador,invite,user_0043
cluster_D,Leiria,2024-10-02 20:45:03,match_01560,40.705048,-8.468362,Mensagem de cluster cluster_D para utilizador,suggestion,user_0126
cluster_D,Coimbra,2023-04-07 07:13:48,match_01561,39.200394,-8.673272,Mensagem de cluster cluster_A para utilizador,invite,user_0105
cluster_B,Lisboa,2023-08-20 15:24:02,match_01562,37.306174,-7.554653,Mensagem de cluster cluster_B para utilizador,suggestion,user_0036
cluster_A,Coimbra,2024-01-23 05:01:29,match_01563,40.069997,-8.731231,Mensagem de cluster cluster_D para utilizador,invite,user_0101
cluster_B,Lisboa,2023-04-14 12:15:40,match_01564,39.246266,-7.057562,Mensagem de cluster cluster_C para utilizador,suggestion,user_0003
cluster_A,Viseu,2023-03-27 07:04:22,match_01565,38.558216,-7.187068,Mensagem de cluster cluster_B para utilizador,suggestion,user_0189
cluster_C,Viseu,2023-02-02 05:43:15,match_01566,40.911094,-8.067683,Mensagem de cluster cluster_B para utilizador,suggestion,user_0182
cluster_B,Braga,2023-04-04 08:18:30,match_01567,37.671924,-9.413038,Mensagem de cluster cluster_B para utilizador,invite,user_0036
cluster_A,Coimbra,2024-09-28 07:49:33,match_01568,41.466062,-9.422986,Mensagem de cluster cluster_C para utilizador,info,user_0112
cluster_B,Coimbra,2024-09-01 09:46:00,match_01569,38.570307,-7.688457,Mensagem de cluster cluster_B para utilizador,alert,user_0045
cluster_D,Leiria,2024-06-29 21:51:55,match_01570,39.204707,-6.646724,Mensagem de cluster cluster_E para utilizador,alert,user_0100
cluster_D,Setúbal,2024-11-07 03:40:22,match_01571,41.546165,-7.46383,Mensagem de cluster cluster_B para utilizador,invite,user_0157
cluster_B,Braga,2023-07-26 12:51:17,match_01572,40.706199,-8.018788,Mensagem de cluster cluster_D para utilizador,invite,user_0154
cluster_B,Évora,2024-10-02 03:55:31,match_01573,37.271512,-6.500796,Mensagem de cluster cluster_C para utilizador,alert,user_0136
cluster_E,Coimbra,2024-03-23 10:33:40,match_01574,39.791484,-8.830215,Mensagem de cluster cluster_A para utilizador,info,user_0073
cluster_D,Évora,2024-07-09 22:35:59,match_01575,38.451814,-8.277957,Mensagem de cluster cluster_C para utilizador,info,user_0150
cluster_C,Porto,2023-07-12 13:02:20,match_01576,39.442441,-7.577948,Mensagem de cluster cluster_A para utilizador,alert,user_0069
cluster_B,Évora,2023-08-17 11:56:26,match_01577,40.614845,-8.508324,Mensagem de cluster cluster_B para utilizador,suggestion,user_0172
cluster_E,Aveiro,2024-10-13 15:36:36,match_01578,39.380865,-6.107778,Mensagem de cluster cluster_A para utilizador,suggestion,user_0169
cluster_B,Évora,2023-08-19 08:18:43,match_01579,37.255109,-7.962109,Mensagem de cluster cluster_E para utilizador,invite,user_0164
cluster_D,Setúbal,2024-12-27 00:46:47,match_01580,39.549903,-9.324144,Mensagem de cluster cluster_A para utilizador,alert,user_0158
cluster_A,Coimbra,2024-07-11 11:35:35,match_01581,37.020648,-8.901316,Mensagem de cluster cluster_A para utilizador,alert,user_0049
cluster_A,Leiria,2023-04-21 10:09:30,match_01582,38.642047,-7.689565,Mensagem de cluster cluster_D para utilizador,invite,user_0109
cluster_D,Lisboa,2024-09-14 17:08:59,match_01583,39.290153,-7.629809,Mensagem de cluster cluster_E para utilizador,info,user_0119
cluster_C,Faro,2024-04-24 21:59:21,match_01584,40.123368,-6.153909,Mensagem de cluster cluster_A para utilizador,info,user_0017
cluster_E,Lisboa,2024-08-05 16:49:03,match_01585,39.431034,-7.460114,Mensagem de cluster cluster_A para utilizador,alert,user_0158
cluster_B,Viseu,2023-02-08 20:27:09,match_01586,37.659734,-7.233467,Mensagem de cluster cluster_B para utilizador,suggestion,user_0124
cluster_B,Lisboa,2023-04-19 11:50:11,match_01587,41.561088,-8.773343,Mensagem de cluster cluster_C para utilizador,alert,user_0004
cluster_B,Setúbal,2023-06-17 19:09:24,match_01588,40.151498,-9.136659,Mensagem de cluster cluster_C para utilizador,alert,user_0163
cluster_E,Setúbal,2023-01-27 04:18:23,match_01589,38.484839,-7.453166,Mensagem de cluster cluster_B para utilizador,suggestion,user_0084
cluster_E,Évora,2023-07-09 23:07:25,match_01590,41.729698,-6.559408,Mensagem de cluster cluster_A para utilizador,alert,user_0145
cluster_D,Viseu,2024-05-30 08:28:09,match_01591,41.312888,-7.502932,Mensagem de cluster cluster_A para utilizador,info,user_0135
cluster_E,Leiria,2023-11-15 14:15:04,match_01592,37.61745,-7.994537,Mensagem de cluster cluster_D para utilizador,info,user_0103
cluster_B,Setúbal,2024-12-27 11:56:04,match_01593,40.177145,-7.534097,Mensagem de cluster cluster_C para utilizador,suggestion,user_0117
cluster_B,Porto,2024-11-07 20:39:18,match_01594,39.700347,-7.906177,Mensagem de cluster cluster_B para utilizador,info,user_0062
cluster_E,Coimbra,2023-01-30 18:40:14,match_01595,37.864045,-9.017603,Mensagem de cluster cluster_D para utilizador,suggestion,user_0058
cluster_E,Leiria,2023-09-18 06:13:56,match_01596,38.067376,-6.979973,Mensagem de cluster cluster_A para utilizador,suggestion,user_0172
cluster_D,Porto,2024-06-01 14:11:26,match_01597,39.718869,-7.68767,Mensagem de cluster cluster_D para utilizador,alert,user_0058
cluster_A,Évora,2023-12-21 04:41:43,match_01598,38.506441,-8.142302,Mensagem de cluster cluster_A para utilizador,suggestion,user_0181
cluster_E,Coimbra,2023-12-26 21:09:33,match_01599,41.074157,-7.597229,Mensagem de cluster cluster_D para utilizador,info,user_0106
cluster_A,Viseu,2024-09-09 11:05:16,match_01600,37.388696,-8.679828,Mensagem de cluster cluster_A para utilizador,info,user_0072
cluster_C,Setúbal,2024-09-24 19:43:31,match_01601,41.470154,-8.044944,Mensagem de cluster cluster_D para utilizador,invite,user_0137
cluster_A,Lisboa,2023-04-01 06:25:19,match_01602,41.102763,-7.383686,Mensagem de cluster cluster_A para utilizador,info,user_0006
cluster_E,Aveiro,2023-03-10 07:29:03,match_01603,40.593117,-8.730942,Mensagem de cluster cluster_B para utilizador,alert,user_0019
cluster_B,Setúbal,2024-09-25 18:23:34,match_01604,38.212836,-6.953417,Mensagem de cluster cluster_D para utilizador,suggestion,user_0086
cluster_B,Évora,2023-05-12 21:04:29,match_01605,40.474789,-7.728563,Mensagem de cluster cluster_D para utilizador,info,user_0111
cluster_E,Setúbal,2023-05-03 20:31:42,match_01606,39.093849,-6.570197,Mensagem de cluster cluster_C para utilizador,invite,user_0148
cluster_D,Évora,2024-01-07 09:05:08,match_01607,40.068789,-6.619396,Mensagem de cluster cluster_D para utilizador,invite,user_0064
cluster_E,Faro,2023-07-19 03:18:28,match_01608,38.462772,-7.818642,Mensagem de cluster cluster_B para utilizador,suggestion,user_0155
cluster_E,Braga,2024-10-12 08:28:19,match_01609,41.079289,-8.835417,Mensagem de cluster cluster_B para utilizador,info,user_0135
cluster_D,Setúbal,2024-03-03 13:04:05,match_01610,37.10288,-6.995418,Mensagem de cluster cluster_C para utilizador,info,user_0118
cluster_D,Viseu,2024-03-01 23:45:01,match_01611,40.357299,-8.076494,Mensagem de cluster cluster_A para utilizador,invite,user_0024
cluster_C,Leiria,2024-12-10 06:54:40,match_01612,41.043156,-7.478267,Mensagem de cluster cluster_B para utilizador,info,user_0123
cluster_C,Setúbal,2024-01-19 23:47:23,match_01613,40.132141,-9.135298,Mensagem de cluster cluster_E para utilizador,info,user_0008
cluster_C,Leiria,2024-02-21 16:12:08,match_01614,37.859959,-7.352614,Mensagem de cluster cluster_E para utilizador,suggestion,user_0067
cluster_D,Porto,2023-10-31 23:39:38,match_01615,38.324904,-8.229928,Mensagem de cluster cluster_A para utilizador,info,user_0011
cluster_A,Lisboa,2023-02-26 02:09:26,match_01616,39.474526,-8.363755,Mensagem de cluster cluster_A para utilizador,info,user_0100
cluster_E,Coimbra,2024-07-14 19:48:00,match_01617,38.547245,-6.168287,Mensagem de cluster cluster_C para utilizador,invite,user_0066
cluster_C,Faro,2024-05-09 03:26:13,match_01618,36.924582,-8.029736,Mensagem de cluster cluster_C para utilizador,alert,user_0129
cluster_A,Viseu,2024-10-09 18:40:55,match_01619,37.103391,-7.19467,Mensagem de cluster cluster_D para utilizador,info,user_0007
cluster_E,Évora,2023-01-19 22:51:25,match_01620,40.738842,-7.365726,Mensagem de cluster cluster_E para utilizador,suggestion,user_0024
cluster_A,Aveiro,2024-05-12 08:35:32,match_01621,37.318536,-9.145368,Mensagem de cluster cluster_E para utilizador,invite,user_0140
cluster_B,Lisboa,2024-05-11 20:48:08,match_01622,41.540109,-6.957046,Mensagem de cluster cluster_E para utilizador,invite,user_0063
cluster_B,Setúbal,2023-10-15 17:51:17,match_01623,39.113682,-8.401259,Mensagem de cluster cluster_A para utilizador,suggestion,user_0072
cluster_E,Lisboa,2024-03-06 22:43:49,match_01624,40.690933,-6.783606,Mensagem de cluster cluster_B para utilizador,alert,user_0141
cluster_A,Aveiro,2024-11-25 09:22:18,match_01625,37.527523,-7.434021,Mensagem de cluster cluster_E para utilizador,info,user_0198
cluster_A,Lisboa,2024-09-02 23:50:26,match_01626,41.532537,-8.421889,Mensagem de cluster cluster_C para utilizador,info,user_0088
cluster_D,Coimbra,2023-04-23 06:08:46,match_01627,37.069044,-8.288604,Mensagem de cluster cluster_A para utilizador,suggestion,user_0116
cluster_C,Braga,2023-03-01 04:13:40,match_01628,37.110686,-7.012875,Mensagem de cluster cluster_B para utilizador,invite,user_0024
cluster_E,Porto,2024-08-29 09:51:01,match_01629,37.172929,-7.629798,Mensagem de cluster cluster_E para utilizador,suggestion,user_0038
cluster_A,Aveiro,2024-04-26 11:07:44,match_01630,37.417041,-7.227606,Mensagem de cluster cluster_A para utilizador,alert,user_0199
cluster_C,Setúbal,2023-11-28 11:03:09,match_01631,39.334158,-8.961718,Mensagem de cluster cluster_E para utilizador,invite,user_0010
cluster_E,Coimbra,2024-11-28 07:07:50,match_01632,40.841382,-6.824279,Mensagem de cluster cluster_A para utilizador,alert,user_0158
cluster_A,Braga,2024-03-09 18:27:31,match_01633,38.324739,-8.41067,Mensagem de cluster cluster_E para utilizador,alert,user_0088
cluster_B,Setúbal,2023-01-05 05:42:35,match_01634,40.628884,-7.392472,Mensagem de cluster cluster_E para utilizador,invite,user_0027
cluster_A,Setúbal,2024-12-08 22:22:45,match_01635,40.770305,-9.110089,Mensagem de cluster cluster_B para utilizador,alert,user_0030
cluster_B,Faro,2024-04-24 00:08:48,match_01636,41.441387,-8.407171,Mensagem de cluster cluster_B para utilizador,invite,user_0128
cluster_B,Braga,2024-11-25 03:41:50,match_01637,37.64676,-7.293851,Mensagem de cluster cluster_C para utilizador,alert,user_0117
cluster_D,Viseu,2023-08-26 04:31:08,match_01638,37.577673,-8.567699,Mensagem de cluster cluster_A para utilizador,alert,user_0002
cluster_D,Leiria,2024-06-18 00:40:19,match_01639,37.510475,-6.506939,Mensagem de cluster cluster_B para utilizador,invite,user_0008
cluster_C,Setúbal,2024-06-20 01:16:43,match_01640,38.696553,-7.251823,Mensagem de cluster cluster_A para utilizador,alert,user_0145
cluster_E,Faro,2024-11-29 21:41:48,match_01641,39.347063,-6.541053,Mensagem de cluster cluster_C para utilizador,alert,user_0048
cluster_C,Évora,2024-02-20 11:39:20,match_01642,39.208047,-8.155672,Mensagem de cluster cluster_B para utilizador,info,user_0064
cluster_D,Lisboa,2023-06-04 07:08:50,match_01643,38.185244,-9.384451,Mensagem de cluster cluster_B para utilizador,alert,user_0189
cluster_C,Évora,2023-02-05 12:54:46,match_01644,40.009898,-7.541124,Mensagem de cluster cluster_A para utilizador,suggestion,user_0141
cluster_E,Lisboa,2024-04-14 20:38:36,match_01645,38.591368,-8.346742,Mensagem de cluster cluster_B para utilizador,alert,user_0149
cluster_E,Leiria,2023-08-24 21:57:11,match_01646,38.730415,-7.97616,Mensagem de cluster cluster_C para utilizador,suggestion,user_0107
cluster_A,Setúbal,2023-02-10 12:58:25,match_01647,37.42765,-7.184225,Mensagem de cluster cluster_C para utilizador,invite,user_0130
cluster_C,Évora,2023-02-21 15:05:09,match_01648,39.861157,-7.11774,Mensagem de cluster cluster_D para utilizador,invite,user_0127
cluster_D,Évora,2024-11-25 21:17:28,match_01649,40.176402,-9.406308,Mensagem de cluster cluster_B para utilizador,info,user_0084
cluster_A,Lisboa,2023-10-06 09:58:08,match_01650,40.689751,-6.884371,Mensagem de cluster cluster_A para utilizador,invite,user_0151
cluster_C,Porto,2023-10-19 04:00:03,match_01651,41.420046,-7.822036,Mensagem de cluster cluster_C para utilizador,suggestion,user_0016
cluster_E,Viseu,2023-05-10 22:44:57,match_01652,40.730022,-7.607224,Mensagem de cluster cluster_E para utilizador,invite,user_0141
cluster_D,Braga,2024-12-05 11:39:50,match_01653,38.078718,-8.48682,Mensagem de cluster cluster_C para utilizador,invite,user_0132
cluster_C,Aveiro,2024-09-23 19:49:54,match_01654,38.078276,-8.069165,Mensagem de cluster cluster_D para utilizador,alert,user_0002
cluster_E,Leiria,2023-03-07 02:34:44,match_01655,41.475436,-7.084725,Mensagem de cluster cluster_D para utilizador,suggestion,user_0114
cluster_E,Aveiro,2024-09-14 05:05:56,match_01656,40.850668,-6.859173,Mensagem de cluster cluster_D para utilizador,suggestion,user_0065
cluster_C,Setúbal,2023-04-29 22:43:14,match_01657,40.811232,-8.183839,Mensagem de cluster cluster_E para utilizador,suggestion,user_0026
cluster_C,Porto,2024-07-23 00:42:33,match_01658,40.498568,-7.1502,Mensagem de cluster cluster_D para utilizador,invite,user_0030
cluster_D,Porto,2023-07-28 00:04:36,match_01659,38.23601,-8.622652,Mensagem de cluster cluster_B para utilizador,suggestion,user_0118
cluster_A,Viseu,2024-07-03 08:49:33,match_01660,41.137052,-6.671123,Mensagem de cluster cluster_C para utilizador,invite,user_0038
cluster_E,Évora,2024-04-22 11:12:23,match_01661,37.614423,-7.426632,Mensagem de cluster cluster_B para utilizador,invite,user_0148
cluster_A,Leiria,2023-03-30 00:56:48,match_01662,38.650088,-6.864366,Mensagem de cluster cluster_B para utilizador,info,user_0025
cluster_A,Setúbal,2023-12-25 07:36:21,match_01663,38.632373,-7.877674,Mensagem de cluster cluster_C para utilizador,info,user_0125
cluster_E,Lisboa,2023-11-12 14:55:10,match_01664,39.700661,-8.721028,Mensagem de cluster cluster_D para utilizador,invite,user_0052
cluster_C,Leiria,2024-08-11 15:18:28,match_01665,39.217218,-8.040614,Mensagem de cluster cluster_A para utilizador,invite,user_0083
cluster_E,Évora,2023-08-15 08:58:29,match_01666,39.199041,-8.20295,Mensagem de cluster cluster_E para utilizador,alert,user_0091
cluster_A,Braga,2024-05-15 00:31:59,match_01667,39.667862,-8.368764,Mensagem de cluster cluster_E para utilizador,info,user_0138
cluster_D,Porto,2023-04-06 20:08:32,match_01668,38.977092,-8.778609,Mensagem de cluster cluster_C para utilizador,suggestion,user_0169
cluster_E,Braga,2024-04-30 19:54:56,match_01669,38.149916,-6.918832,Mensagem de cluster cluster_B para utilizador,info,user_0061
cluster_D,Porto,2024-08-30 09:33:58,match_01670,40.220604,-9.206404,Mensagem de cluster cluster_B para utilizador,info,user_0111
cluster_C,Viseu,2024-01-10 05:41:04,match_01671,40.853167,-6.482293,Mensagem de cluster cluster_D para utilizador,info,user_0002
cluster_C,Porto,2023-12-24 10:11:44,match_01672,39.294979,-8.904916,Mensagem de cluster cluster_D para utilizador,suggestion,user_0081
cluster_D,Coimbra,2024-10-08 08:26:11,match_01673,40.147416,-6.16843,Mensagem de cluster cluster_D para utilizador,invite,user_0135
cluster_D,Setúbal,2023-12-14 19:13:23,match_01674,39.576816,-6.139209,Mensagem de cluster cluster_D para utilizador,info,user_0060
cluster_E,Braga,2024-02-16 00:45:35,match_01675,37.194982,-8.145484,Mensagem de cluster cluster_E para utilizador,info,user_0189
cluster_C,Leiria,2023-11-05 20:11:47,match_01676,39.015423,-6.141408,Mensagem de cluster cluster_C para utilizador,invite,user_0080
cluster_D,Faro,2024-07-06 05:42:57,match_01677,36.949262,-6.545167,Mensagem de cluster cluster_C para utilizador,invite,user_0113
cluster_B,Faro,2024-08-15 00:37:16,match_01678,40.209396,-9.219737,Mensagem de cluster cluster_E para utilizador,alert,user_0027
cluster_E,Évora,2024-03-24 02:57:48,match_01679,39.440807,-6.279083,Mensagem de cluster cluster_A para utilizador,info,user_0001
cluster_E,Leiria,2023-11-13 21:32:08,match_01680,37.534158,-9.355451,Mensagem de cluster cluster_E para utilizador,invite,user_0086
cluster_B,Lisboa,2023-11-07 23:49:10,match_01681,39.610958,-8.881491,Mensagem de cluster cluster_D para utilizador,suggestion,user_0155
cluster_C,Leiria,2023-01-30 12:28:31,match_01682,41.39213,-7.512375,Mensagem de cluster cluster_D para utilizador,suggestion,user_0080
cluster_D,Porto,2023-09-07 11:22:11,match_01683,38.602454,-9.225494,Mensagem de cluster cluster_B para utilizador,alert,user_0060
cluster_D,Braga,2023-12-05 08:57:20,match_01684,41.811844,-8.950126,Mensagem de cluster cluster_E para utilizador,info,user_0053
cluster_C,Faro,2023-06-13 16:30:47,match_01685,41.6969,-6.258128,Mensagem de cluster cluster_C para utilizador,invite,user_0036
cluster_B,Viseu,2024-05-15 22:51:50,match_01686,40.826549,-6.118061,Mensagem de cluster cluster_C para utilizador,suggestion,user_0152
cluster_B,Coimbra,2023-04-24 04:49:16,match_01687,40.969,-6.786336,Mensagem de cluster cluster_A para utilizador,alert,user_0035
cluster_B,Faro,2023-12-28 14:02:45,match_01688,38.952727,-7.748288,Mensagem de cluster cluster_D para utilizador,info,user_0033
cluster_E,Viseu,2024-04-04 13:53:01,match_01689,38.912705,-6.438977,Mensagem de cluster cluster_B para utilizador,suggestion,user_0145
cluster_D,Faro,2024-01-19 00:21:17,match_01690,41.671987,-9.119544,Mensagem de cluster cluster_A para utilizador,alert,user_0069
cluster_A,Faro,2023-08-01 05:07:01,match_01691,38.730981,-6.294168,Mensagem de cluster cluster_E para utilizador,invite,user_0163
cluster_E,Viseu,2023-11-16 06:28:07,match_01692,37.384364,-8.30472,Mensagem de cluster cluster_C para utilizador,suggestion,user_0107
cluster_E,Viseu,2024-10-24 06:16:44,match_01693,37.663505,-6.570936,Mensagem de cluster cluster_E para utilizador,info,user_0175
cluster_D,Viseu,2023-12-15 15:45:04,match_01694,40.451995,-7.22753,Mensagem de cluster cluster_D para utilizador,suggestion,user_0098
cluster_C,Faro,2023-04-19 11:35:11,match_01695,38.814905,-6.235067,Mensagem de cluster cluster_C para utilizador,invite,user_0096
cluster_D,Porto,2023-04-04 06:52:35,match_01696,37.896714,-6.560095,Mensagem de cluster cluster_E para utilizador,invite,user_0089
cluster_C,Lisboa,2024-10-21 02:52:17,match_01697,40.968931,-6.481147,Mensagem de cluster cluster_E para utilizador,alert,user_0059
cluster_D,Viseu,2024-09-06 07:44:41,match_01698,39.343367,-7.352035,Mensagem de cluster cluster_C para utilizador,invite,user_0061
cluster_E,Aveiro,2024-01-17 20:34:22,match_01699,39.738206,-6.667261,Mensagem de cluster cluster_D para utilizador,info,user_0150
cluster_B,Braga,2023-08-04 16:50:17,match_01700,37.669747,-6.925754,Mensagem de cluster cluster_A para utilizador,info,user_0027
cluster_E,Évora,2023-02-04 20:11:57,match_01701,37.863771,-8.950481,Mensagem de cluster cluster_A para utilizador,suggestion,user_0200
cluster_E,Aveiro,2023-02-25 20:50:59,match_01702,37.52928,-7.294771,Mensagem de cluster cluster_B para utilizador,suggestion,user_0112
cluster_A,Setúbal,2023-02-02 22:03:45,match_01703,39.472714,-8.996203,Mensagem de cluster cluster_C para utilizador,invite,user_0090
cluster_E,Setúbal,2023-03-20 13:42:56,match_01704,40.778285,-6.543849,Mensagem de cluster cluster_D para utilizador,invite,user_0015
cluster_E,Braga,2023-11-07 04:29:05,match_01705,40.561426,-9.275771,Mensagem de cluster cluster_B para utilizador,invite,user_0164
cluster_E,Leiria,2023-03-10 23:21:57,match_01706,38.206154,-6.144041,Mensagem de cluster cluster_C para utilizador,invite,user_0109
cluster_A,Braga,2024-04-27 10:11:02,match_01707,41.157751,-8.137869,Mensagem de cluster cluster_B para utilizador,suggestion,user_0185
cluster_C,Faro,2024-02-19 23:44:17,match_01708,37.428304,-8.91986,Mensagem de cluster cluster_A para utilizador,info,user_0041
cluster_A,Setúbal,2023-07-04 23:13:24,match_01709,37.47025,-6.318705,Mensagem de cluster cluster_B para utilizador,alert,user_0173
cluster_B,Lisboa,2023-07-06 01:09:02,match_01710,41.146521,-9.345552,Mensagem de cluster cluster_C para utilizador,suggestion,user_0171
cluster_C,Leiria,2023-03-01 16:36:09,match_01711,38.122098,-7.901641,Mensagem de cluster cluster_C para utilizador,suggestion,user_0012
cluster_A,Évora,2024-01-03 12:20:55,match_01712,40.440579,-6.881228,Mensagem de cluster cluster_B para utilizador,info,user_0196
cluster_B,Lisboa,2023-03-25 04:08:59,match_01713,36.945398,-8.423048,Mensagem de cluster cluster_C para utilizador,alert,user_0195
cluster_B,Setúbal,2024-04-27 22:51:08,match_01714,37.368005,-7.701962,Mensagem de cluster cluster_A para utilizador,info,user_0096
cluster_D,Évora,2023-05-12 01:45:16,match_01715,39.946444,-7.118596,Mensagem de cluster cluster_A para utilizador,invite,user_0004
cluster_D,Faro,2023-05-14 00:17:11,match_01716,37.81208,-6.26328,Mensagem de cluster cluster_C para utilizador,alert,user_0193
cluster_E,Faro,2023-10-14 20:36:45,match_01717,37.041068,-9.150811,Mensagem de cluster cluster_A para utilizador,suggestion,user_0119
cluster_C,Évora,2023-03-02 19:15:02,match_01718,39.234734,-8.965429,Mensagem de cluster cluster_C para utilizador,invite,user_0005
cluster_A,Braga,2024-10-02 00:45:13,match_01719,38.552602,-7.769839,Mensagem de cluster cluster_B para utilizador,invite,user_0130
cluster_E,Braga,2023-08-06 06:47:04,match_01720,40.911285,-8.077185,Mensagem de cluster cluster_D para utilizador,invite,user_0046
cluster_C,Lisboa,2024-03-04 15:53:27,match_01721,40.994145,-8.103293,Mensagem de cluster cluster_E para utilizador,invite,user_0075
cluster_D,Aveiro,2023-11-29 03:34:03,match_01722,39.972116,-8.490331,Mensagem de cluster cluster_C para utilizador,invite,user_0126
cluster_A,Porto,2024-05-04 06:57:10,match_01723,38.365169,-7.593672,Mensagem de cluster cluster_B para utilizador,invite,user_0137
cluster_B,Braga,2024-03-31 09:09:29,match_01724,39.208133,-6.49682,Mensagem de cluster cluster_E para utilizador,alert,user_0136
cluster_B,Évora,2023-07-13 12:06:11,match_01725,40.41128,-8.952857,Mensagem de cluster cluster_A para utilizador,invite,user_0058
cluster_E,Viseu,2024-12-06 16:55:40,match_01726,37.246543,-8.768026,Mensagem de cluster cluster_D para utilizador,alert,user_0103
cluster_E,Viseu,2024-09-28 01:57:40,match_01727,38.562485,-7.2192,Mensagem de cluster cluster_C para utilizador,alert,user_0063
cluster_A,Aveiro,2023-05-17 15:35:57,match_01728,41.011849,-9.308928,Mensagem de cluster cluster_E para utilizador,info,user_0189
cluster_B,Leiria,2023-05-16 02:43:51,match_01729,38.930143,-7.209202,Mensagem de cluster cluster_B para utilizador,info,user_0143
cluster_E,Aveiro,2024-06-29 07:57:13,match_01730,40.02334,-8.430849,Mensagem de cluster cluster_E para utilizador,alert,user_0073
cluster_B,Évora,2024-03-16 23:00:22,match_01731,37.381672,-8.283297,Mensagem de cluster cluster_B para utilizador,invite,user_0170
cluster_D,Viseu,2024-09-28 06:42:31,match_01732,40.78523,-8.121132,Mensagem de cluster cluster_A para utilizador,info,user_0178
cluster_E,Lisboa,2023-03-19 14:54:47,match_01733,37.402327,-8.311402,Mensagem de cluster cluster_E para utilizador,invite,user_0094
cluster_C,Lisboa,2024-01-26 02:16:03,match_01734,41.207626,-6.639887,Mensagem de cluster cluster_C para utilizador,invite,user_0179
cluster_E,Aveiro,2023-01-05 06:26:26,match_01735,37.433005,-6.283367,Mensagem de cluster cluster_E para utilizador,info,user_0153
cluster_D,Évora,2023-03-27 04:12:11,match_01736,41.354464,-7.636761,Mensagem de cluster cluster_A para utilizador,info,user_0150
cluster_A,Porto,2023-05-06 08:48:12,match_01737,38.718849,-7.521613,Mensagem de cluster cluster_E para utilizador,info,user_0022
cluster_B,Leiria,2023-12-15 07:08:24,match_01738,40.022654,-9.260357,Mensagem de cluster cluster_D para utilizador,invite,user_0094
cluster_A,Viseu,2024-05-20 00:26:42,match_01739,41.132753,-7.075147,Mensagem de cluster cluster_D para utilizador,suggestion,user_0117
cluster_E,Évora,2024-09-26 05:02:05,match_01740,36.951207,-7.514064,Mensagem de cluster cluster_C para utilizador,suggestion,user_0074
cluster_C,Leiria,2024-12-06 00:52:57,match_01741,38.228466,-9.328659,Mensagem de cluster cluster_C para utilizador,info,user_0197
cluster_A,Lisboa,2024-03-15 09:04:04,match_01742,41.441692,-8.825353,Mensagem de cluster cluster_B para utilizador,invite,user_0197
cluster_C,Braga,2023-12-22 07:22:41,match_01743,38.84088,-8.813392,Mensagem de cluster cluster_B para utilizador,suggestion,user_0194
cluster_E,Viseu,2024-03-27 12:06:32,match_01744,40.43188,-8.918709,Mensagem de cluster cluster_A para utilizador,info,user_0064
cluster_C,Porto,2024-12-11 23:06:41,match_01745,37.60006,-7.260604,Mensagem de cluster cluster_D para utilizador,invite,user_0150
cluster_C,Setúbal,2023-09-21 07:58:05,match_01746,40.291858,-6.343305,Mensagem de cluster cluster_D para utilizador,invite,user_0141
cluster_D,Viseu,2024-05-06 21:01:51,match_01747,37.265805,-6.905884,Mensagem de cluster cluster_A para utilizador,invite,user_0155
cluster_A,Coimbra,2024-05-18 21:56:22,match_01748,40.486626,-7.87693,Mensagem de cluster cluster_C para utilizador,invite,user_0047
cluster_E,Porto,2023-10-16 08:21:05,match_01749,38.519025,-8.126226,Mensagem de cluster cluster_D para utilizador,invite,user_0091
cluster_D,Porto,2023-08-09 22:32:40,match_01750,39.229238,-8.186042,Mensagem de cluster cluster_A para utilizador,invite,user_0021
cluster_C,Setúbal,2023-04-02 07:34:04,match_01751,37.731301,-7.45576,Mensagem de cluster cluster_A para utilizador,invite,user_0031
cluster_D,Leiria,2023-01-11 03:06:21,match_01752,40.039245,-8.27865,Mensagem de cluster cluster_D para utilizador,info,user_0121
cluster_D,Setúbal,2023-03-23 16:42:25,match_01753,38.587838,-8.731185,Mensagem de cluster cluster_B para utilizador,info,user_0038
cluster_C,Coimbra,2023-01-12 14:18:34,match_01754,38.816875,-7.450334,Mensagem de cluster cluster_E para utilizador,alert,user_0039
cluster_E,Leiria,2024-12-09 11:31:00,match_01755,40.160965,-8.171602,Mensagem de cluster cluster_C para utilizador,info,user_0164
cluster_B,Porto,2024-09-19 01:53:26,match_01756,37.794308,-9.451976,Mensagem de cluster cluster_E para utilizador,info,user_0100
cluster_D,Setúbal,2023-06-02 17:42:01,match_01757,41.160044,-9.424414,Mensagem de cluster cluster_D para utilizador,alert,user_0193
cluster_A,Évora,2024-04-18 11:52:43,match_01758,40.596432,-8.567936,Mensagem de cluster cluster_B para utilizador,info,user_0011
cluster_C,Braga,2024-04-19 07:26:30,match_01759,39.78865,-7.757765,Mensagem de cluster cluster_E para utilizador,suggestion,user_0069
cluster_B,Coimbra,2023-11-15 03:00:50,match_01760,37.541665,-8.295586,Mensagem de cluster cluster_A para utilizador,suggestion,user_0034
cluster_D,Évora,2024-04-02 00:33:22,match_01761,40.335548,-9.418212,Mensagem de cluster cluster_C para utilizador,info,user_0005
cluster_C,Leiria,2024-07-30 17:00:07,match_01762,36.990497,-8.741284,Mensagem de cluster cluster_A para utilizador,info,user_0020
cluster_C,Faro,2023-05-20 08:49:16,match_01763,40.921979,-9.172174,Mensagem de cluster cluster_E para utilizador,info,user_0063
cluster_D,Porto,2023-08-08 16:04:51,match_01764,38.418988,-6.274651,Mensagem de cluster cluster_A para utilizador,info,user_0045
cluster_A,Aveiro,2023-12-05 07:12:56,match_01765,37.486058,-8.436364,Mensagem de cluster cluster_D para utilizador,alert,user_0170
cluster_C,Leiria,2023-12-13 00:17:19,match_01766,37.722445,-9.449794,Mensagem de cluster cluster_C para utilizador,alert,user_0013
cluster_C,Porto,2023-01-16 22:13:50,match_01767,41.715672,-7.254085,Mensagem de cluster cluster_B para utilizador,info,user_0137
cluster_D,Viseu,2023-05-02 06:10:05,match_01768,40.769152,-8.709677,Mensagem de cluster cluster_D para utilizador,info,user_0133
cluster_B,Viseu,2023-04-22 06:26:15,match_01769,38.08936,-7.573097,Mensagem de cluster cluster_A para utilizador,alert,user_0166
cluster_C,Lisboa,2024-05-27 21:31:07,match_01770,41.717331,-8.987465,Mensagem de cluster cluster_E para utilizador,suggestion,user_0094
cluster_C,Coimbra,2024-12-04 14:56:51,match_01771,37.600588,-6.154355,Mensagem de cluster cluster_E para utilizador,invite,user_0177
cluster_D,Lisboa,2023-12-11 04:29:26,match_01772,40.567636,-6.201119,Mensagem de cluster cluster_A para utilizador,info,user_0092
cluster_C,Lisboa,2024-09-19 15:38:01,match_01773,40.183698,-7.269657,Mensagem de cluster cluster_C para utilizador,suggestion,user_0101
cluster_D,Faro,2024-03-03 05:09:51,match_01774,41.007384,-7.095511,Mensagem de cluster cluster_A para utilizador,invite,user_0156
cluster_A,Évora,2023-05-27 23:26:56,match_01775,38.808494,-8.052012,Mensagem de cluster cluster_A para utilizador,invite,user_0121
cluster_D,Braga,2024-02-20 16:25:18,match_01776,38.909177,-6.22859,Mensagem de cluster cluster_D para utilizador,suggestion,user_0124
cluster_B,Évora,2024-08-31 16:51:03,match_01777,40.022835,-8.059285,Mensagem de cluster cluster_A para utilizador,info,user_0171
cluster_C,Faro,2023-02-07 04:09:23,match_01778,38.891029,-8.685809,Mensagem de cluster cluster_D para utilizador,invite,user_0198
cluster_A,Viseu,2023-01-06 17:57:26,match_01779,37.106754,-9.107713,Mensagem de cluster cluster_C para utilizador,info,user_0169
cluster_C,Aveiro,2024-04-05 04:46:51,match_01780,40.54854,-8.792374,Mensagem de cluster cluster_C para utilizador,info,user_0172
cluster_C,Évora,2024-06-04 13:23:10,match_01781,40.10473,-7.554474,Mensagem de cluster cluster_C para utilizador,suggestion,user_0157
cluster_D,Lisboa,2024-12-16 00:36:40,match_01782,39.018564,-8.666688,Mensagem de cluster cluster_C para utilizador,alert,user_0068
cluster_C,Lisboa,2024-09-11 11:45:24,match_01783,38.414148,-7.275552,Mensagem de cluster cluster_D para utilizador,info,user_0025
cluster_A,Évora,2024-06-22 01:36:43,match_01784,38.503629,-8.200573,Mensagem de cluster cluster_A para utilizador,alert,user_0196
cluster_E,Setúbal,2024-03-10 23:06:32,match_01785,40.605143,-6.484632,Mensagem de cluster cluster_E para utilizador,suggestion,user_0014
cluster_C,Leiria,2024-02-09 15:24:55,match_01786,40.545804,-7.601175,Mensagem de cluster cluster_C para utilizador,suggestion,user_0187
cluster_D,Aveiro,2023-08-01 06:22:11,match_01787,40.994592,-7.383146,Mensagem de cluster cluster_D para utilizador,suggestion,user_0062
cluster_B,Setúbal,2023-12-22 20:56:20,match_01788,40.710902,-7.607697,Mensagem de cluster cluster_E para utilizador,suggestion,user_0145
cluster_C,Setúbal,2023-12-21 20:29:19,match_01789,40.689721,-6.489066,Mensagem de cluster cluster_A para utilizador,invite,user_0117
cluster_D,Leiria,2024-03-07 11:00:29,match_01790,38.158866,-9.284373,Mensagem de cluster cluster_D para utilizador,alert,user_0147
cluster_C,Coimbra,2024-03-22 09:23:51,match_01791,37.408063,-9.271014,Mensagem de cluster cluster_C para utilizador,suggestion,user_0157
cluster_E,Leiria,2024-05-10 10:15:42,match_01792,40.708761,-7.114083,Mensagem de cluster cluster_D para utilizador,suggestion,user_0100
cluster_E,Aveiro,2024-08-19 04:23:43,match_01793,37.39309,-6.888923,Mensagem de cluster cluster_D para utilizador,info,user_0066
cluster_A,Braga,2023-12-23 04:02:03,match_01794,41.810557,-8.025796,Mensagem de cluster cluster_A para utilizador,alert,user_0045
cluster_E,Coimbra,2024-06-05 10:21:59,match_01795,41.275446,-8.302162,Mensagem de cluster cluster_C para utilizador,suggestion,user_0071
cluster_D,Évora,2024-01-21 15:58:13,match_01796,39.567308,-8.554987,Mensagem de cluster cluster_E para utilizador,alert,user_0028
cluster_E,Braga,2023-11-05 01:31:10,match_01797,38.660918,-8.703057,Mensagem de cluster cluster_A para utilizador,alert,user_0059
cluster_D,Braga,2023-08-19 13:41:40,match_01798,39.534215,-6.399341,Mensagem de cluster cluster_A para utilizador,suggestion,user_0182
cluster_C,Aveiro,2023-02-16 08:42:18,match_01799,40.571509,-8.496526,Mensagem de cluster cluster_B para utilizador,invite,user_0008
cluster_A,Faro,2024-10-13 19:12:30,match_01800,40.68165,-7.296532,Mensagem de cluster cluster_A para utilizador,suggestion,user_0010
cluster_A,Faro,2023-11-01 12:14:53,match_01801,37.26833,-6.823878,Mensagem de cluster cluster_A para utilizador,invite,user_0021
cluster_E,Aveiro,2023-12-12 12:52:52,match_01802,40.92427,-9.425314,Mensagem de cluster cluster_B para utilizador,suggestion,user_0035
cluster_B,Setúbal,2023-12-28 04:41:59,match_01803,40.107485,-9.384828,Mensagem de cluster cluster_A para utilizador,invite,user_0004
cluster_E,Faro,2024-11-16 10:39:27,match_01804,37.102898,-8.367333,Mensagem de cluster cluster_C para utilizador,info,user_0181
cluster_B,Lisboa,2023-09-11 03:18:26,match_01805,38.465806,-7.133546,Mensagem de cluster cluster_D para utilizador,alert,user_0085
cluster_E,Faro,2024-05-24 04:27:10,match_01806,39.453207,-8.613285,Mensagem de cluster cluster_B para utilizador,alert,user_0025
cluster_D,Aveiro,2023-01-16 04:32:14,match_01807,37.842257,-9.494957,Mensagem de cluster cluster_B para utilizador,suggestion,user_0020
cluster_D,Leiria,2023-07-30 05:56:56,match_01808,37.676203,-8.520297,Mensagem de cluster cluster_A para utilizador,suggestion,user_0199
cluster_B,Setúbal,2023-05-21 07:22:00,match_01809,36.971406,-9.193555,Mensagem de cluster cluster_B para utilizador,invite,user_0199
cluster_A,Viseu,2023-09-09 00:12:22,match_01810,41.457753,-8.753995,Mensagem de cluster cluster_C para utilizador,invite,user_0096
cluster_B,Braga,2023-06-19 10:26:47,match_01811,37.18054,-8.367154,Mensagem de cluster cluster_E para utilizador,invite,user_0096
cluster_C,Aveiro,2023-06-10 09:11:06,match_01812,38.730057,-9.064605,Mensagem de cluster cluster_A para utilizador,invite,user_0127
cluster_A,Faro,2024-10-25 14:54:32,match_01813,37.928858,-7.09836,Mensagem de cluster cluster_A para utilizador,invite,user_0022
cluster_B,Porto,2023-09-05 13:57:37,match_01814,40.605166,-8.629871,Mensagem de cluster cluster_C para utilizador,suggestion,user_0049
cluster_C,Lisboa,2024-03-15 12:47:39,match_01815,40.435923,-7.252278,Mensagem de cluster cluster_A para utilizador,alert,user_0089
cluster_C,Aveiro,2024-09-07 00:01:27,match_01816,40.931112,-7.463288,Mensagem de cluster cluster_A para utilizador,invite,user_0006
cluster_E,Porto,2024-04-24 13:54:23,match_01817,39.984042,-6.446645,Mensagem de cluster cluster_A para utilizador,alert,user_0179
cluster_B,Braga,2023-04-06 17:53:53,match_01818,39.858266,-9.201027,Mensagem de cluster cluster_C para utilizador,alert,user_0155
cluster_D,Leiria,2023-08-03 04:15:49,match_01819,38.935554,-8.770332,Mensagem de cluster cluster_A para utilizador,suggestion,user_0146
cluster_E,Lisboa,2024-06-03 07:28:06,match_01820,40.081794,-6.558393,Mensagem de cluster cluster_C para utilizador,info,user_0012
cluster_A,Aveiro,2024-12-01 15:45:18,match_01821,37.476028,-6.704753,Mensagem de cluster cluster_C para utilizador,invite,user_0028
cluster_D,Porto,2024-08-31 03:34:28,match_01822,40.322564,-8.846841,Mensagem de cluster cluster_E para utilizador,invite,user_0019
cluster_C,Aveiro,2024-05-06 08:50:23,match_01823,37.419489,-9.133698,Mensagem de cluster cluster_D para utilizador,invite,user_0043
cluster_A,Porto,2024-06-20 05:55:21,match_01824,41.2087,-6.588779,Mensagem de cluster cluster_C para utilizador,invite,user_0099
cluster_E,Évora,2024-08-04 01:26:27,match_01825,39.428414,-8.894331,Mensagem de cluster cluster_B para utilizador,suggestion,user_0143
cluster_C,Braga,2024-08-06 19:42:31,match_01826,39.551785,-6.538227,Mensagem de cluster cluster_B para utilizador,info,user_0197
cluster_C,Coimbra,2024-09-08 12:11:17,match_01827,39.824288,-6.23221,Mensagem de cluster cluster_E para utilizador,suggestion,user_0036
cluster_C,Lisboa,2024-03-29 22:40:42,match_01828,40.780262,-8.749257,Mensagem de cluster cluster_D para utilizador,invite,user_0097
cluster_D,Viseu,2023-07-26 04:39:01,match_01829,39.292353,-6.642682,Mensagem de cluster cluster_A para utilizador,invite,user_0085
cluster_E,Lisboa,2024-06-30 22:56:07,match_01830,39.03794,-8.058974,Mensagem de cluster cluster_B para utilizador,alert,user_0042
cluster_E,Viseu,2024-05-01 22:49:44,match_01831,38.341667,-6.818153,Mensagem de cluster cluster_C para utilizador,alert,user_0091
cluster_D,Aveiro,2023-04-05 05:46:17,match_01832,37.540197,-8.114855,Mensagem de cluster cluster_B para utilizador,info,user_0126
cluster_E,Aveiro,2023-05-26 14:57:48,match_01833,37.851713,-9.260655,Mensagem de cluster cluster_E para utilizador,invite,user_0045
cluster_C,Porto,2024-03-18 04:43:21,match_01834,36.902639,-7.076836,Mensagem de cluster cluster_D para utilizador,invite,user_0030
cluster_C,Coimbra,2023-03-15 15:49:59,match_01835,41.247108,-8.987659,Mensagem de cluster cluster_D para utilizador,info,user_0039
cluster_C,Porto,2023-10-31 16:02:45,match_01836,40.724792,-6.348115,Mensagem de cluster cluster_A para utilizador,alert,user_0174
cluster_E,Aveiro,2024-12-26 10:48:07,match_01837,37.993412,-8.079663,Mensagem de cluster cluster_E para utilizador,alert,user_0186
cluster_B,Évora,2023-08-10 15:58:52,match_01838,36.91195,-9.221199,Mensagem de cluster cluster_E para utilizador,invite,user_0030
cluster_A,Évora,2023-06-02 21:15:54,match_01839,39.360582,-8.723168,Mensagem de cluster cluster_B para utilizador,alert,user_0109
cluster_B,Viseu,2023-02-04 08:18:15,match_01840,38.962866,-6.56744,Mensagem de cluster cluster_E para utilizador,info,user_0184
cluster_D,Braga,2023-01-14 05:38:52,match_01841,40.780033,-8.408309,Mensagem de cluster cluster_D para utilizador,suggestion,user_0088
cluster_B,Faro,2024-10-05 01:28:29,match_01842,38.914478,-6.588485,Mensagem de cluster cluster_D para utilizador,alert,user_0182
cluster_B,Lisboa,2023-09-18 15:24:31,match_01843,41.220564,-8.914225,Mensagem de cluster cluster_C para utilizador,info,user_0086
cluster_D,Viseu,2023-04-26 18:46:03,match_01844,37.379191,-7.908058,Mensagem de cluster cluster_C para utilizador,invite,user_0037
cluster_B,Coimbra,2024-08-27 09:39:39,match_01845,38.72929,-6.513918,Mensagem de cluster cluster_D para utilizador,suggestion,user_0090
cluster_A,Coimbra,2024-10-14 22:53:41,match_01846,41.569704,-9.335424,Mensagem de cluster cluster_B para utilizador,info,user_0150
cluster_E,Lisboa,2023-01-24 08:06:52,match_01847,36.958648,-8.465458,Mensagem de cluster cluster_A para utilizador,suggestion,user_0097
cluster_D,Évora,2023-02-16 11:25:15,match_01848,38.853947,-6.406505,Mensagem de cluster cluster_C para utilizador,alert,user_0024
cluster_B,Faro,2023-11-11 08:28:13,match_01849,38.198516,-7.47181,Mensagem de cluster cluster_C para utilizador,invite,user_0069
cluster_C,Lisboa,2024-03-26 19:42:08,match_01850,39.559304,-7.064811,Mensagem de cluster cluster_A para utilizador,alert,user_0088
cluster_C,Faro,2023-03-30 02:27:15,match_01851,38.293834,-6.636763,Mensagem de cluster cluster_C para utilizador,alert,user_0099
cluster_D,Aveiro,2023-06-13 14:09:20,match_01852,41.24954,-7.719772,Mensagem de cluster cluster_E para utilizador,info,user_0122
cluster_C,Viseu,2023-07-08 05:02:38,match_01853,41.585691,-6.625756,Mensagem de cluster cluster_B para utilizador,info,user_0086
cluster_A,Aveiro,2023-09-06 10:28:48,match_01854,41.145671,-7.3282,Mensagem de cluster cluster_B para utilizador,alert,user_0161
cluster_B,Porto,2023-09-17 07:49:18,match_01855,38.892839,-7.168788,Mensagem de cluster cluster_A para utilizador,info,user_0017
cluster_A,Lisboa,2023-02-04 01:46:11,match_01856,41.849669,-8.980295,Mensagem de cluster cluster_A para utilizador,info,user_0190
cluster_A,Porto,2024-10-02 17:32:35,match_01857,40.575182,-6.307336,Mensagem de cluster cluster_D para utilizador,suggestion,user_0012
cluster_E,Setúbal,2023-07-15 06:26:47,match_01858,38.678045,-6.793313,Mensagem de cluster cluster_A para utilizador,alert,user_0030
cluster_B,Faro,2023-04-21 08:38:42,match_01859,37.368464,-8.635734,Mensagem de cluster cluster_B para utilizador,alert,user_0141
cluster_D,Coimbra,2024-05-18 19:10:31,match_01860,40.235232,-7.528018,Mensagem de cluster cluster_A para utilizador,info,user_0006
cluster_C,Aveiro,2024-01-12 05:35:16,match_01861,40.542837,-8.220016,Mensagem de cluster cluster_B para utilizador,alert,user_0195
cluster_E,Faro,2024-05-03 17:23:34,match_01862,37.512296,-7.254633,Mensagem de cluster cluster_D para utilizador,alert,user_0125
cluster_A,Coimbra,2024-05-30 16:12:50,match_01863,39.648682,-6.121261,Mensagem de cluster cluster_D para utilizador,info,user_0011
cluster_C,Aveiro,2024-11-07 10:35:39,match_01864,41.83544,-9.344462,Mensagem de cluster cluster_B para utilizador,invite,user_0128
cluster_B,Lisboa,2023-11-16 14:43:26,match_01865,38.531211,-6.26142,Mensagem de cluster cluster_D para utilizador,info,user_0124
cluster_A,Leiria,2023-11-30 17:00:59,match_01866,38.409475,-9.253869,Mensagem de cluster cluster_A para utilizador,invite,user_0060
cluster_A,Porto,2024-09-06 08:46:44,match_01867,41.416511,-7.9334,Mensagem de cluster cluster_C para utilizador,invite,user_0010
cluster_B,Aveiro,2023-03-22 23:30:30,match_01868,37.48708,-7.860829,Mensagem de cluster cluster_B para utilizador,suggestion,user_0016
cluster_D,Leiria,2023-03-19 07:13:31,match_01869,41.567638,-8.586337,Mensagem de cluster cluster_E para utilizador,invite,user_0084
cluster_E,Viseu,2024-03-21 17:13:51,match_01870,40.797435,-7.573222,Mensagem de cluster cluster_E para utilizador,alert,user_0170
cluster_B,Aveiro,2024-07-24 23:22:39,match_01871,38.854202,-6.664522,Mensagem de cluster cluster_E para utilizador,info,user_0172
cluster_C,Leiria,2024-11-22 14:09:31,match_01872,37.317738,-8.500529,Mensagem de cluster cluster_C para utilizador,alert,user_0147
cluster_C,Coimbra,2024-08-24 05:39:04,match_01873,36.995873,-9.260623,Mensagem de cluster cluster_C para utilizador,invite,user_0100
cluster_A,Porto,2023-01-31 15:18:16,match_01874,38.779156,-7.350235,Mensagem de cluster cluster_D para utilizador,info,user_0015
cluster_E,Braga,2023-03-18 22:48:07,match_01875,40.426768,-6.944067,Mensagem de cluster cluster_B para utilizador,info,user_0085
cluster_D,Aveiro,2024-04-04 20:18:19,match_01876,39.337646,-6.254622,Mensagem de cluster cluster_E para utilizador,info,user_0039
cluster_D,Faro,2024-09-27 17:37:59,match_01877,40.593259,-8.957616,Mensagem de cluster cluster_A para utilizador,info,user_0005
cluster_C,Coimbra,2024-10-27 00:28:14,match_01878,40.252854,-6.435376,Mensagem de cluster cluster_B para utilizador,suggestion,user_0086
cluster_D,Braga,2023-04-25 15:12:36,match_01879,39.764536,-7.86078,Mensagem de cluster cluster_B para utilizador,suggestion,user_0031
cluster_C,Braga,2023-08-02 05:59:41,match_01880,41.737495,-8.698422,Mensagem de cluster cluster_C para utilizador,suggestion,user_0156
cluster_E,Viseu,2023-11-19 07:23:37,match_01881,40.541922,-6.226655,Mensagem de cluster cluster_D para utilizador,info,user_0038
cluster_A,Viseu,2024-01-05 07:18:31,match_01882,41.473067,-8.68934,Mensagem de cluster cluster_D para utilizador,alert,user_0180
cluster_C,Évora,2024-06-18 18:18:33,match_01883,38.110803,-7.00629,Mensagem de cluster cluster_E para utilizador,invite,user_0143
cluster_E,Aveiro,2023-03-14 11:38:06,match_01884,40.468198,-6.831385,Mensagem de cluster cluster_E para utilizador,suggestion,user_0019
cluster_C,Faro,2024-04-17 09:04:07,match_01885,39.889014,-8.036235,Mensagem de cluster cluster_B para utilizador,alert,user_0163
cluster_B,Aveiro,2023-09-02 06:19:25,match_01886,41.52148,-7.154052,Mensagem de cluster cluster_D para utilizador,suggestion,user_0015
cluster_C,Leiria,2023-04-11 13:46:24,match_01887,39.452265,-7.553578,Mensagem de cluster cluster_B para utilizador,suggestion,user_0114
cluster_E,Coimbra,2024-09-11 11:23:09,match_01888,38.298207,-8.847089,Mensagem de cluster cluster_A para utilizador,invite,user_0088
cluster_D,Porto,2023-11-17 13:10:48,match_01889,38.824195,-6.916381,Mensagem de cluster cluster_C para utilizador,info,user_0175
cluster_C,Faro,2023-10-31 11:56:13,match_01890,37.994149,-6.344745,Mensagem de cluster cluster_D para utilizador,alert,user_0184
cluster_A,Porto,2024-07-15 09:27:39,match_01891,37.999865,-7.838631,Mensagem de cluster cluster_B para utilizador,suggestion,user_0148
cluster_E,Viseu,2023-06-29 01:56:14,match_01892,39.252108,-6.119345,Mensagem de cluster cluster_C para utilizador,info,user_0009
cluster_D,Porto,2024-08-13 16:13:27,match_01893,41.362844,-8.044918,Mensagem de cluster cluster_E para utilizador,alert,user_0005
cluster_E,Setúbal,2023-09-07 03:55:39,match_01894,37.859347,-7.868896,Mensagem de cluster cluster_A para utilizador,suggestion,user_0139
cluster_C,Viseu,2024-01-04 15:59:53,match_01895,38.33935,-7.208748,Mensagem de cluster cluster_B para utilizador,info,user_0118
cluster_B,Viseu,2023-03-04 05:17:50,match_01896,41.164941,-8.868382,Mensagem de cluster cluster_D para utilizador,invite,user_0103
cluster_B,Lisboa,2023-09-29 21:05:05,match_01897,38.596281,-6.433384,Mensagem de cluster cluster_A para utilizador,suggestion,user_0091
cluster_A,Porto,2024-07-05 00:53:17,match_01898,41.712067,-6.775672,Mensagem de cluster cluster_A para utilizador,info,user_0002
cluster_A,Faro,2023-09-21 06:28:20,match_01899,38.244601,-6.533781,Mensagem de cluster cluster_B para utilizador,invite,user_0180
cluster_D,Viseu,2024-04-30 10:43:00,match_01900,39.110717,-7.427501,Mensagem de cluster cluster_A para utilizador,info,user_0148
cluster_B,Faro,2023-04-21 16:13:42,match_01901,37.37805,-6.495257,Mensagem de cluster cluster_D para utilizador,suggestion,user_0021
cluster_C,Viseu,2024-07-04 01:26:44,match_01902,41.860879,-7.188094,Mensagem de cluster cluster_B para utilizador,invite,user_0051
cluster_E,Braga,2023-11-04 20:34:23,match_01903,41.35071,-7.760693,Mensagem de cluster cluster_C para utilizador,suggestion,user_0158
cluster_E,Faro,2023-06-16 13:44:55,match_01904,40.987811,-6.331911,Mensagem de cluster cluster_A para utilizador,info,user_0176
cluster_B,Leiria,2024-08-08 06:59:14,match_01905,37.686712,-8.004953,Mensagem de cluster cluster_D para utilizador,info,user_0001
cluster_B,Porto,2023-10-29 18:55:58,match_01906,41.74679,-7.798062,Mensagem de cluster cluster_E para utilizador,suggestion,user_0163
cluster_E,Setúbal,2023-10-26 19:05:57,match_01907,41.545756,-8.923551,Mensagem de cluster cluster_D para utilizador,suggestion,user_0154
cluster_D,Aveiro,2023-12-01 21:21:13,match_01908,39.078357,-6.277959,Mensagem de cluster cluster_C para utilizador,alert,user_0009
cluster_E,Braga,2024-09-14 05:52:52,match_01909,40.308185,-8.74842,Mensagem de cluster cluster_C para utilizador,alert,user_0113
cluster_A,Porto,2024-08-03 01:31:14,match_01910,41.862292,-8.815186,Mensagem de cluster cluster_A para utilizador,suggestion,user_0168
cluster_C,Lisboa,2023-09-22 02:17:13,match_01911,38.948726,-9.155938,Mensagem de cluster cluster_E para utilizador,info,user_0021
cluster_B,Lisboa,2023-01-22 17:26:47,match_01912,37.465228,-7.958578,Mensagem de cluster cluster_A para utilizador,info,user_0080
cluster_B,Coimbra,2023-04-17 06:38:13,match_01913,41.238895,-8.569711,Mensagem de cluster cluster_C para utilizador,info,user_0140
cluster_D,Setúbal,2023-01-08 06:18:05,match_01914,39.282426,-6.981345,Mensagem de cluster cluster_D para utilizador,alert,user_0037
cluster_A,Évora,2024-08-11 13:26:42,match_01915,41.834847,-8.454426,Mensagem de cluster cluster_B para utilizador,info,user_0091
cluster_E,Aveiro,2024-11-19 20:37:21,match_01916,39.654464,-7.049381,Mensagem de cluster cluster_B para utilizador,alert,user_0071
cluster_A,Aveiro,2023-03-03 21:18:51,match_01917,37.047388,-8.833732,Mensagem de cluster cluster_D para utilizador,info,user_0152
cluster_A,Viseu,2023-08-18 19:22:33,match_01918,39.358635,-8.718116,Mensagem de cluster cluster_E para utilizador,suggestion,user_0178
cluster_D,Lisboa,2024-12-17 19:40:30,match_01919,40.490311,-6.759008,Mensagem de cluster cluster_D para utilizador,info,user_0182
cluster_D,Aveiro,2023-04-30 22:58:06,match_01920,37.03015,-8.238282,Mensagem de cluster cluster_E para utilizador,suggestion,user_0110
cluster_E,Viseu,2023-02-14 20:55:30,match_01921,38.967244,-9.119968,Mensagem de cluster cluster_C para utilizador,suggestion,user_0104
cluster_E,Lisboa,2024-07-08 05:03:02,match_01922,37.677801,-6.231227,Mensagem de cluster cluster_A para utilizador,info,user_0109
cluster_C,Braga,2024-04-26 22:17:11,match_01923,40.115484,-8.896867,Mensagem de cluster cluster_D para utilizador,alert,user_0156
cluster_A,Faro,2024-04-13 06:28:48,match_01924,41.686729,-8.98933,Mensagem de cluster cluster_C para utilizador,alert,user_0004
cluster_E,Viseu,2024-10-20 19:59:42,match_01925,40.022925,-8.281501,Mensagem de cluster cluster_C para utilizador,alert,user_0140
cluster_D,Viseu,2023-02-12 04:49:41,match_01926,40.374389,-9.174845,Mensagem de cluster cluster_A para utilizador,info,user_0067
cluster_C,Aveiro,2024-04-06 01:45:52,match_01927,38.882815,-8.970904,Mensagem de cluster cluster_A para utilizador,suggestion,user_0165
cluster_C,Aveiro,2024-06-04 18:14:02,match_01928,39.715704,-6.622088,Mensagem de cluster cluster_D para utilizador,alert,user_0004
cluster_D,Setúbal,2024-04-27 01:32:08,match_01929,39.619289,-8.916877,Mensagem de cluster cluster_D para utilizador,alert,user_0015
cluster_E,Coimbra,2024-01-15 10:31:00,match_01930,40.698032,-9.121149,Mensagem de cluster cluster_B para utilizador,invite,user_0156
cluster_D,Coimbra,2023-08-04 21:05:30,match_01931,41.184558,-6.508144,Mensagem de cluster cluster_C para utilizador,info,user_0037
cluster_E,Aveiro,2023-10-21 11:05:21,match_01932,40.21443,-7.991092,Mensagem de cluster cluster_B para utilizador,info,user_0137
cluster_D,Braga,2024-05-12 00:51:14,match_01933,41.799044,-8.965646,Mensagem de cluster cluster_D para utilizador,info,user_0014
cluster_D,Aveiro,2024-02-09 03:15:16,match_01934,41.041442,-7.522841,Mensagem de cluster cluster_B para utilizador,invite,user_0123
cluster_B,Coimbra,2023-08-11 03:44:21,match_01935,37.523234,-9.35888,Mensagem de cluster cluster_E para utilizador,suggestion,user_0195
cluster_E,Viseu,2024-06-26 04:03:36,match_01936,39.437377,-8.046899,Mensagem de cluster cluster_C para utilizador,suggestion,user_0111
cluster_A,Leiria,2024-10-25 17:43:28,match_01937,41.41618,-7.492933,Mensagem de cluster cluster_E para utilizador,alert,user_0126
cluster_B,Porto,2023-01-06 18:26:49,match_01938,41.619674,-6.245792,Mensagem de cluster cluster_E para utilizador,invite,user_0082
cluster_B,Viseu,2023-07-24 05:45:31,match_01939,38.80103,-8.39002,Mensagem de cluster cluster_D para utilizador,invite,user_0050
cluster_B,Lisboa,2024-01-21 06:54:40,match_01940,40.52852,-6.898826,Mensagem de cluster cluster_E para utilizador,suggestion,user_0078
cluster_B,Coimbra,2024-11-02 22:17:39,match_01941,38.952727,-9.048821,Mensagem de cluster cluster_D para utilizador,alert,user_0025
cluster_A,Leiria,2024-05-26 05:10:10,match_01942,37.518299,-8.02582,Mensagem de cluster cluster_A para utilizador,info,user_0039
cluster_B,Évora,2023-11-22 17:13:55,match_01943,41.323057,-8.741342,Mensagem de cluster cluster_A para utilizador,info,user_0026
cluster_A,Leiria,2023-05-30 17:56:24,match_01944,41.559766,-7.825609,Mensagem de cluster cluster_B para utilizador,info,user_0060
cluster_A,Leiria,2024-02-02 10:19:51,match_01945,39.423753,-8.081412,Mensagem de cluster cluster_A para utilizador,suggestion,user_0052
cluster_B,Viseu,2024-07-29 11:44:40,match_01946,36.991537,-6.168731,Mensagem de cluster cluster_B para utilizador,info,user_0070
cluster_C,Leiria,2024-04-20 23:41:23,match_01947,40.980181,-6.380507,Mensagem de cluster cluster_A para utilizador,alert,user_0154
cluster_A,Leiria,2024-05-24 03:41:28,match_01948,39.284802,-7.5205,Mensagem de cluster cluster_A para utilizador,invite,user_0048
cluster_B,Évora,2024-10-10 00:03:51,match_01949,37.275142,-8.899867,Mensagem de cluster cluster_A para utilizador,alert,user_0054
cluster_D,Aveiro,2024-07-24 12:59:07,match_01950,37.846957,-7.606346,Mensagem de cluster cluster_E para utilizador,invite,user_0115
cluster_D,Porto,2023-10-23 06:56:23,match_01951,37.660597,-6.80692,Mensagem de cluster cluster_C para utilizador,info,user_0169
cluster_E,Leiria,2023-05-25 00:37:17,match_01952,40.331394,-9.370708,Mensagem de cluster cluster_B para utilizador,invite,user_0116
cluster_A,Porto,2023-08-09 02:49:49,match_01953,38.397047,-8.0243,Mensagem de cluster cluster_A para utilizador,info,user_0129
cluster_A,Aveiro,2023-01-27 23:43:02,match_01954,37.538453,-9.355,Mensagem de cluster cluster_E para utilizador,invite,user_0114
cluster_D,Porto,2023-09-02 04:18:57,match_01955,41.488244,-8.670543,Mensagem de cluster cluster_A para utilizador,suggestion,user_0021
cluster_A,Aveiro,2024-06-13 07:43:44,match_01956,41.682655,-9.18681,Mensagem de cluster cluster_C para utilizador,suggestion,user_0110
cluster_A,Braga,2024-06-24 05:42:53,match_01957,37.592879,-6.234034,Mensagem de cluster cluster_B para utilizador,suggestion,user_0072
cluster_D,Porto,2023-04-02 23:37:08,match_01958,38.051179,-8.925983,Mensagem de cluster cluster_E para utilizador,alert,user_0153
cluster_B,Setúbal,2024-12-25 02:30:28,match_01959,39.860604,-8.989647,Mensagem de cluster cluster_D para utilizador,suggestion,user_0018
cluster_D,Setúbal,2023-07-27 06:24:57,match_01960,37.652539,-6.195013,Mensagem de cluster cluster_D para utilizador,invite,user_0015
cluster_C,Lisboa,2023-03-09 18:11:55,match_01961,37.692958,-7.745711,Mensagem de cluster cluster_D para utilizador,info,user_0042
cluster_D,Évora,2024-02-07 19:17:17,match_01962,38.58288,-6.922851,Mensagem de cluster cluster_A para utilizador,suggestion,user_0020
cluster_D,Lisboa,2024-01-16 13:48:15,match_01963,41.645852,-8.38713,Mensagem de cluster cluster_B para utilizador,info,user_0016
cluster_B,Coimbra,2024-07-06 15:27:05,match_01964,41.712211,-7.688274,Mensagem de cluster cluster_C para utilizador,invite,user_0135
cluster_D,Setúbal,2023-04-27 19:40:44,match_01965,41.108941,-9.476697,Mensagem de cluster cluster_D para utilizador,suggestion,user_0095
cluster_D,Aveiro,2023-01-21 08:39:15,match_01966,40.378565,-8.110017,Mensagem de cluster cluster_B para utilizador,alert,user_0093
cluster_B,Aveiro,2024-08-04 12:24:33,match_01967,40.503367,-7.612695,Mensagem de cluster cluster_B para utilizador,alert,user_0081
cluster_D,Viseu,2024-03-08 12:39:47,match_01968,39.247864,-7.751005,Mensagem de cluster cluster_B para utilizador,invite,user_0133
cluster_B,Évora,2023-06-26 04:16:22,match_01969,39.550773,-8.120213,Mensagem de cluster cluster_C para utilizador,suggestion,user_0146
cluster_C,Faro,2024-07-19 03:14:39,match_01970,40.072263,-6.821114,Mensagem de cluster cluster_C para utilizador,suggestion,user_0078
cluster_B,Setúbal,2024-06-14 08:26:31,match_01971,40.556433,-7.794421,Mensagem de cluster cluster_E para utilizador,invite,user_0095
cluster_A,Aveiro,2024-12-21 11:26:46,match_01972,37.384231,-7.33719,Mensagem de cluster cluster_C para utilizador,alert,user_0146
cluster_A,Braga,2023-03-22 14:56:31,match_01973,38.024435,-8.872288,Mensagem de cluster cluster_A para utilizador,suggestion,user_0064
cluster_B,Setúbal,2023-02-13 18:14:57,match_01974,41.714716,-6.5709,Mensagem de cluster cluster_A para utilizador,suggestion,user_0153
cluster_D,Coimbra,2023-09-30 06:35:23,match_01975,38.575711,-8.266357,Mensagem de cluster cluster_B para utilizador,suggestion,user_0026
cluster_E,Braga,2024-04-02 16:51:23,match_01976,38.242371,-7.860848,Mensagem de cluster cluster_E para utilizador,info,user_0197
cluster_E,Braga,2023-09-16 18:22:22,match_01977,39.009557,-8.302538,Mensagem de cluster cluster_E para utilizador,info,user_0144
cluster_C,Coimbra,2023-02-04 20:16:47,match_01978,38.354604,-6.467516,Mensagem de cluster cluster_D para utilizador,alert,user_0191
cluster_C,Setúbal,2024-04-20 04:51:41,match_01979,37.355901,-6.437484,Mensagem de cluster cluster_C para utilizador,suggestion,user_0200
cluster_E,Lisboa,2023-04-02 01:36:59,match_01980,37.939806,-8.737433,Mensagem de cluster cluster_B para utilizador,alert,user_0077
cluster_E,Porto,2023-08-06 12:16:43,match_01981,40.100799,-6.940771,Mensagem de cluster cluster_B para utilizador,info,user_0058
cluster_B,Coimbra,2024-06-21 21:45:51,match_01982,38.015913,-9.150196,Mensagem de cluster cluster_C para utilizador,info,user_0096
cluster_E,Viseu,2023-11-27 19:08:17,match_01983,40.138336,-9.398509,Mensagem de cluster cluster_A para utilizador,suggestion,user_0155
cluster_A,Leiria,2024-12-18 13:17:37,match_01984,37.400404,-6.655614,Mensagem de cluster cluster_B para utilizador,alert,user_0177
cluster_C,Aveiro,2024-08-10 22:23:24,match_01985,37.109382,-9.053994,Mensagem de cluster cluster_B para utilizador,invite,user_0047
cluster_C,Viseu,2024-12-22 23:16:52,match_01986,41.207838,-8.973739,Mensagem de cluster cluster_C para utilizador,alert,user_0071
cluster_A,Aveiro,2024-02-17 21:15:48,match_01987,40.700131,-7.4376,Mensagem de cluster cluster_D para utilizador,invite,user_0123
cluster_C,Évora,2024-10-14 20:49:02,match_01988,40.230138,-6.722987,Mensagem de cluster cluster_B para utilizador,suggestion,user_0178
cluster_E,Setúbal,2024-04-03 06:04:51,match_01989,37.054496,-8.855357,Mensagem de cluster cluster_A para utilizador,info,user_0046
cluster_C,Évora,2024-01-25 07:13:02,match_01990,38.09677,-9.111746,Mensagem de cluster cluster_D para utilizador,suggestion,user_0008
cluster_A,Setúbal,2024-03-10 18:01:01,match_01991,40.961572,-9.237104,Mensagem de cluster cluster_D para utilizador,info,user_0002
cluster_C,Braga,2023-09-13 17:54:23,match_01992,37.623338,-9.415522,Mensagem de cluster cluster_C para utilizador,suggestion,user_0146
cluster_E,Setúbal,2023-07-27 17:03:42,match_01993,40.964267,-9.103971,Mensagem de cluster cluster_A para utilizador,invite,user_0036
cluster_B,Évora,2024-07-26 21:30:28,match_01994,39.821168,-6.294848,Mensagem de cluster cluster_B para utilizador,suggestion,user_0088
cluster_E,Setúbal,2024-06-05 20:15:01,match_01995,40.601842,-9.176039,Mensagem de cluster cluster_C para utilizador,alert,user_0119
cluster_C,Porto,2024-05-05 21:02:24,match_01996,40.122535,-7.468299,Mensagem de cluster cluster_A para utilizador,alert,user_0042
cluster_D,Setúbal,2024-06-05 11:25:44,match_01997,38.984948,-6.368714,Mensagem de cluster cluster_B para utilizador,invite,user_0102
cluster_C,Porto,2024-01-15 08:33:34,match_01998,38.359887,-7.365412,Mensagem de cluster cluster_A para utilizador,alert,user_0139
cluster_C,Lisboa,2023-06-30 18:32:09,match_01999,40.263646,-9.388664,Mensagem de cluster cluster_E para utilizador,invite,user_0059
cluster_A,Viseu,2023-08-28 07:52:43,match_02000,40.934564,-7.472193,Mensagem de cluster cluster_C para utilizador,invite,user_0180
cluster_D,Viseu,2024-03-01 03:06:20,match_02001,37.123663,-6.429578,Mensagem de cluster cluster_D para utilizador,info,user_0049
cluster_A,Viseu,2024-08-23 16:12:16,match_02002,38.799545,-8.403299,Mensagem de cluster cluster_E para utilizador,info,user_0184
cluster_A,Faro,2023-09-21 17:24:25,match_02003,38.653649,-8.433665,Mensagem de cluster cluster_A para utilizador,suggestion,user_0104
cluster_E,Coimbra,2023-03-13 12:44:48,match_02004,39.697354,-8.653864,Mensagem de cluster cluster_D para utilizador,info,user_0198
cluster_B,Leiria,2024-06-03 11:56:24,match_02005,37.469625,-7.781148,Mensagem de cluster cluster_B para utilizador,invite,user_0128
cluster_C,Leiria,2024-08-27 18:13:38,match_02006,41.567097,-8.690994,Mensagem de cluster cluster_D para utilizador,info,user_0074
cluster_D,Leiria,2023-03-01 19:42:51,match_02007,39.642551,-7.039118,Mensagem de cluster cluster_A para utilizador,alert,user_0030
cluster_C,Braga,2023-02-15 09:37:59,match_02008,41.518764,-7.30747,Mensagem de cluster cluster_A para utilizador,alert,user_0183
cluster_A,Viseu,2024-10-10 14:40:58,match_02009,40.984705,-8.13737,Mensagem de cluster cluster_A para utilizador,suggestion,user_0028
cluster_B,Braga,2023-12-14 15:57:13,match_02010,37.858194,-7.043313,Mensagem de cluster cluster_E para utilizador,invite,user_0093
cluster_A,Braga,2023-11-22 16:47:41,match_02011,37.561695,-9.165113,Mensagem de cluster cluster_C para utilizador,suggestion,user_0179
cluster_C,Viseu,2023-09-27 14:02:04,match_02012,41.206251,-6.951603,Mensagem de cluster cluster_B para utilizador,suggestion,user_0027
cluster_E,Faro,2024-01-20 03:59:53,match_02013,39.580501,-7.450112,Mensagem de cluster cluster_E para utilizador,info,user_0127
cluster_C,Setúbal,2024-03-05 09:57:19,match_02014,36.998714,-7.357718,Mensagem de cluster cluster_E para utilizador,suggestion,user_0098
cluster_A,Setúbal,2024-01-14 19:54:59,match_02015,41.571134,-9.280143,Mensagem de cluster cluster_B para utilizador,info,user_0052
cluster_D,Braga,2023-10-16 04:35:20,match_02016,39.265142,-7.398341,Mensagem de cluster cluster_B para utilizador,info,user_0162
cluster_D,Porto,2023-07-12 11:54:49,match_02017,38.404682,-7.819985,Mensagem de cluster cluster_A para utilizador,suggestion,user_0160
cluster_D,Setúbal,2023-12-31 03:27:15,match_02018,39.482989,-7.848067,Mensagem de cluster cluster_A para utilizador,suggestion,user_0044
cluster_D,Coimbra,2023-11-06 02:21:24,match_02019,41.014592,-8.405698,Mensagem de cluster cluster_C para utilizador,invite,user_0132
cluster_D,Leiria,2023-11-18 06:12:02,match_02020,37.451464,-9.474113,Mensagem de cluster cluster_C para utilizador,info,user_0048
cluster_B,Porto,2024-11-10 15:44:37,match_02021,38.694665,-8.063033,Mensagem de cluster cluster_D para utilizador,alert,user_0098
cluster_B,Coimbra,2023-12-24 08:45:34,match_02022,38.494333,-8.136885,Mensagem de cluster cluster_D para utilizador,invite,user_0016
cluster_E,Porto,2024-12-11 11:44:02,match_02023,41.098248,-8.062462,Mensagem de cluster cluster_C para utilizador,info,user_0188
cluster_D,Faro,2024-08-24 09:10:59,match_02024,40.792336,-7.41922,Mensagem de cluster cluster_E para utilizador,info,user_0047
cluster_A,Braga,2023-04-16 08:56:42,match_02025,38.90052,-8.480319,Mensagem de cluster cluster_C para utilizador,info,user_0110
cluster_A,Coimbra,2023-04-03 19:12:43,match_02026,40.222442,-8.584096,Mensagem de cluster cluster_D para utilizador,info,user_0075
cluster_C,Leiria,2024-06-03 03:21:28,match_02027,38.872227,-7.807544,Mensagem de cluster cluster_C para utilizador,info,user_0015
cluster_D,Viseu,2023-04-05 10:49:42,match_02028,39.756569,-7.48612,Mensagem de cluster cluster_C para utilizador,invite,user_0102
cluster_A,Faro,2024-05-29 07:16:20,match_02029,41.856076,-7.571083,Mensagem de cluster cluster_D para utilizador,info,user_0094
cluster_E,Leiria,2024-09-22 04:31:09,match_02030,39.577872,-6.502418,Mensagem de cluster cluster_A para utilizador,suggestion,user_0184
cluster_A,Faro,2023-03-28 04:22:44,match_02031,41.842874,-6.88491,Mensagem de cluster cluster_C para utilizador,alert,user_0144
cluster_E,Viseu,2023-06-05 05:29:50,match_02032,40.635996,-9.322554,Mensagem de cluster cluster_C para utilizador,invite,user_0129
cluster_D,Leiria,2023-12-12 13:11:21,match_02033,37.503611,-7.584184,Mensagem de cluster cluster_C para utilizador,invite,user_0153
cluster_C,Aveiro,2024-06-28 22:36:55,match_02034,40.879831,-8.079432,Mensagem de cluster cluster_E para utilizador,alert,user_0064
cluster_C,Lisboa,2024-11-20 04:05:55,match_02035,37.706428,-8.272426,Mensagem de cluster cluster_E para utilizador,invite,user_0092
cluster_B,Braga,2023-09-27 14:41:51,match_02036,39.561643,-6.243154,Mensagem de cluster cluster_D para utilizador,info,user_0043
cluster_D,Faro,2024-11-25 19:55:01,match_02037,39.966226,-7.946894,Mensagem de cluster cluster_A para utilizador,info,user_0014
cluster_A,Braga,2024-03-15 04:02:08,match_02038,41.361152,-7.053921,Mensagem de cluster cluster_C para utilizador,alert,user_0176
cluster_C,Viseu,2023-10-26 07:01:11,match_02039,37.952121,-6.211904,Mensagem de cluster cluster_E para utilizador,invite,user_0068
cluster_E,Lisboa,2023-03-30 05:34:47,match_02040,41.27971,-8.9866,Mensagem de cluster cluster_A para utilizador,suggestion,user_0014
cluster_E,Porto,2024-02-22 09:19:06,match_02041,41.572469,-9.314305,Mensagem de cluster cluster_B para utilizador,alert,user_0143
cluster_A,Porto,2023-01-30 09:44:35,match_02042,37.347437,-8.433691,Mensagem de cluster cluster_D para utilizador,invite,user_0145
cluster_A,Coimbra,2023-04-22 21:53:42,match_02043,41.326426,-9.348889,Mensagem de cluster cluster_B para utilizador,invite,user_0092
cluster_D,Setúbal,2023-09-29 04:06:28,match_02044,38.1959,-9.103,Mensagem de cluster cluster_B para utilizador,alert,user_0180
cluster_A,Porto,2024-12-24 10:40:19,match_02045,37.305005,-6.128187,Mensagem de cluster cluster_C para utilizador,info,user_0138
cluster_A,Setúbal,2023-08-10 09:06:59,match_02046,41.692872,-6.235392,Mensagem de cluster cluster_D para utilizador,alert,user_0017
cluster_A,Lisboa,2023-12-21 17:24:55,match_02047,38.861017,-7.149605,Mensagem de cluster cluster_A para utilizador,alert,user_0136
cluster_C,Aveiro,2024-07-31 13:53:19,match_02048,40.014918,-6.939844,Mensagem de cluster cluster_B para utilizador,alert,user_0002
cluster_D,Braga,2023-04-14 18:17:21,match_02049,39.664366,-9.022327,Mensagem de cluster cluster_E para utilizador,alert,user_0184
cluster_A,Aveiro,2024-03-06 10:13:00,match_02050,37.96591,-7.476199,Mensagem de cluster cluster_D para utilizador,alert,user_0065
cluster_A,Braga,2023-02-05 12:21:58,match_02051,40.247829,-8.974997,Mensagem de cluster cluster_C para utilizador,info,user_0183
cluster_E,Lisboa,2024-10-14 19:18:40,match_02052,37.130575,-8.213487,Mensagem de cluster cluster_B para utilizador,suggestion,user_0119
cluster_C,Coimbra,2024-10-11 00:16:56,match_02053,37.915475,-8.325827,Mensagem de cluster cluster_A para utilizador,info,user_0197
cluster_A,Braga,2023-06-07 08:59:13,match_02054,41.623319,-7.412534,Mensagem de cluster cluster_B para utilizador,suggestion,user_0099
cluster_C,Aveiro,2024-08-20 23:04:16,match_02055,41.667538,-9.229043,Mensagem de cluster cluster_D para utilizador,info,user_0107
cluster_D,Lisboa,2023-12-23 19:39:53,match_02056,39.313276,-9.148229,Mensagem de cluster cluster_A para utilizador,alert,user_0117
cluster_D,Leiria,2023-03-31 07:11:05,match_02057,37.745359,-7.426231,Mensagem de cluster cluster_C para utilizador,invite,user_0164
cluster_B,Leiria,2023-09-12 12:19:46,match_02058,39.0081,-7.3372,Mensagem de cluster cluster_E para utilizador,suggestion,user_0009
cluster_E,Setúbal,2024-09-27 09:52:22,match_02059,41.285354,-8.3444,Mensagem de cluster cluster_D para utilizador,suggestion,user_0142
cluster_B,Faro,2023-11-01 19:55:00,match_02060,37.25137,-9.000638,Mensagem de cluster cluster_E para utilizador,invite,user_0074
cluster_C,Faro,2024-02-23 07:59:43,match_02061,37.539343,-6.487328,Mensagem de cluster cluster_B para utilizador,suggestion,user_0022
cluster_E,Setúbal,2024-02-18 00:11:05,match_02062,41.378264,-9.319974,Mensagem de cluster cluster_C para utilizador,info,user_0016
cluster_A,Évora,2024-10-19 05:01:59,match_02063,38.976917,-7.060923,Mensagem de cluster cluster_C para utilizador,suggestion,user_0169
cluster_E,Aveiro,2024-07-24 09:14:26,match_02064,37.317293,-9.023848,Mensagem de cluster cluster_C para utilizador,info,user_0195
cluster_E,Braga,2023-12-13 21:59:11,match_02065,37.596045,-7.332929,Mensagem de cluster cluster_D para utilizador,alert,user_0156
cluster_D,Viseu,2024-06-09 14:59:12,match_02066,41.312241,-7.24357,Mensagem de cluster cluster_E para utilizador,suggestion,user_0094
cluster_B,Lisboa,2024-03-18 04:02:02,match_02067,39.350517,-6.765517,Mensagem de cluster cluster_D para utilizador,suggestion,user_0157
cluster_D,Faro,2024-07-10 05:23:08,match_02068,37.714972,-8.156915,Mensagem de cluster cluster_C para utilizador,suggestion,user_0193
cluster_D,Lisboa,2024-01-04 11:27:46,match_02069,41.370299,-9.425892,Mensagem de cluster cluster_C para utilizador,info,user_0156
cluster_B,Porto,2023-12-03 11:36:05,match_02070,41.126394,-6.742432,Mensagem de cluster cluster_B para utilizador,alert,user_0086
cluster_D,Aveiro,2023-11-25 10:45:46,match_02071,37.015117,-7.990169,Mensagem de cluster cluster_A para utilizador,invite,user_0032
cluster_E,Braga,2023-11-24 19:47:21,match_02072,39.804951,-6.619895,Mensagem de cluster cluster_E para utilizador,invite,user_0180
cluster_C,Viseu,2024-09-24 10:22:26,match_02073,38.121683,-6.861651,Mensagem de cluster cluster_E para utilizador,invite,user_0011
cluster_A,Coimbra,2023-08-26 09:47:21,match_02074,39.565679,-7.805757,Mensagem de cluster cluster_C para utilizador,info,user_0154
cluster_A,Setúbal,2024-08-06 20:41:58,match_02075,38.296342,-6.102042,Mensagem de cluster cluster_E para utilizador,invite,user_0159
cluster_D,Aveiro,2024-04-30 02:04:49,match_02076,38.479381,-7.928945,Mensagem de cluster cluster_A para utilizador,suggestion,user_0020
cluster_B,Lisboa,2023-10-27 00:41:17,match_02077,39.909263,-7.131884,Mensagem de cluster cluster_D para utilizador,alert,user_0084
cluster_E,Porto,2023-06-19 23:02:47,match_02078,39.594296,-7.222667,Mensagem de cluster cluster_D para utilizador,alert,user_0197
cluster_D,Setúbal,2023-10-16 15:21:27,match_02079,38.875962,-7.738573,Mensagem de cluster cluster_E para utilizador,info,user_0169
cluster_E,Aveiro,2024-01-30 22:13:22,match_02080,37.43784,-7.509809,Mensagem de cluster cluster_C para utilizador,suggestion,user_0067
cluster_E,Aveiro,2024-11-30 09:33:09,match_02081,41.747119,-6.78473,Mensagem de cluster cluster_C para utilizador,invite,user_0044
cluster_A,Braga,2024-10-11 17:33:22,match_02082,37.773028,-7.556515,Mensagem de cluster cluster_A para utilizador,alert,user_0188
cluster_C,Coimbra,2024-06-21 05:11:31,match_02083,40.065586,-7.969496,Mensagem de cluster cluster_A para utilizador,suggestion,user_0095
cluster_C,Viseu,2024-04-16 12:27:27,match_02084,37.313724,-7.24892,Mensagem de cluster cluster_D para utilizador,suggestion,user_0106
cluster_B,Coimbra,2024-09-24 03:30:23,match_02085,40.341564,-9.379269,Mensagem de cluster cluster_B para utilizador,info,user_0135
cluster_C,Coimbra,2024-05-31 06:17:42,match_02086,37.374199,-9.128741,Mensagem de cluster cluster_D para utilizador,info,user_0094
cluster_D,Porto,2024-02-22 13:20:55,match_02087,38.047542,-9.07355,Mensagem de cluster cluster_B para utilizador,suggestion,user_0054
cluster_A,Setúbal,2024-08-04 04:42:06,match_02088,40.134926,-8.05239,Mensagem de cluster cluster_E para utilizador,info,user_0191
cluster_A,Aveiro,2024-05-31 09:37:40,match_02089,38.314676,-6.535964,Mensagem de cluster cluster_C para utilizador,suggestion,user_0082
cluster_E,Leiria,2024-02-14 13:29:49,match_02090,39.564254,-7.312798,Mensagem de cluster cluster_E para utilizador,info,user_0013
cluster_D,Lisboa,2023-04-01 08:39:13,match_02091,37.522527,-6.193097,Mensagem de cluster cluster_E para utilizador,alert,user_0033
cluster_D,Lisboa,2024-02-13 07:51:41,match_02092,37.912003,-9.364201,Mensagem de cluster cluster_B para utilizador,info,user_0135
cluster_E,Leiria,2023-05-21 11:18:58,match_02093,40.56888,-7.045176,Mensagem de cluster cluster_C para utilizador,suggestion,user_0158
cluster_E,Coimbra,2024-03-27 15:41:42,match_02094,37.075694,-8.431715,Mensagem de cluster cluster_D para utilizador,alert,user_0011
cluster_A,Évora,2024-02-26 02:30:35,match_02095,37.459001,-9.42083,Mensagem de cluster cluster_C para utilizador,suggestion,user_0070
cluster_D,Porto,2023-02-08 14:21:33,match_02096,37.97478,-6.691849,Mensagem de cluster cluster_A para utilizador,suggestion,user_0021
cluster_C,Viseu,2024-02-21 06:40:53,match_02097,37.000953,-8.946842,Mensagem de cluster cluster_C para utilizador,info,user_0032
cluster_C,Lisboa,2023-05-19 06:12:56,match_02098,37.376893,-8.772145,Mensagem de cluster cluster_A para utilizador,alert,user_0133
cluster_A,Évora,2023-12-14 08:38:28,match_02099,38.306957,-8.342416,Mensagem de cluster cluster_D para utilizador,suggestion,user_0106
cluster_C,Setúbal,2024-10-16 17:03:43,match_02100,37.364587,-6.819586,Mensagem de cluster cluster_A para utilizador,invite,user_0093
cluster_C,Braga,2023-03-29 19:21:40,match_02101,41.230597,-7.376392,Mensagem de cluster cluster_B para utilizador,info,user_0035
cluster_D,Viseu,2024-11-14 09:54:19,match_02102,37.230369,-8.599472,Mensagem de cluster cluster_C para utilizador,alert,user_0047
cluster_D,Coimbra,2023-05-12 05:06:15,match_02103,41.204918,-8.927136,Mensagem de cluster cluster_E para utilizador,alert,user_0012
cluster_B,Lisboa,2023-01-14 20:25:01,match_02104,41.0143,-9.127536,Mensagem de cluster cluster_A para utilizador,suggestion,user_0037
cluster_D,Évora,2024-07-28 07:59:00,match_02105,37.403808,-8.990624,Mensagem de cluster cluster_A para utilizador,alert,user_0044
cluster_B,Leiria,2023-06-29 01:25:22,match_02106,37.025957,-6.548306,Mensagem de cluster cluster_D para utilizador,alert,user_0022
cluster_D,Lisboa,2024-05-30 02:25:19,match_02107,37.14996,-6.362877,Mensagem de cluster cluster_C para utilizador,invite,user_0139
cluster_E,Porto,2024-10-09 23:43:48,match_02108,39.85189,-6.208943,Mensagem de cluster cluster_A para utilizador,alert,user_0087
cluster_D,Porto,2023-11-21 06:54:01,match_02109,40.251768,-6.661912,Mensagem de cluster cluster_D para utilizador,invite,user_0055
cluster_B,Setúbal,2024-08-12 01:15:22,match_02110,40.003267,-6.482873,Mensagem de cluster cluster_C para utilizador,info,user_0010
cluster_C,Faro,2024-03-19 00:05:47,match_02111,39.607384,-6.725248,Mensagem de cluster cluster_A para utilizador,info,user_0170
cluster_D,Setúbal,2023-10-21 07:29:54,match_02112,37.77342,-6.24261,Mensagem de cluster cluster_A para utilizador,info,user_0117
cluster_C,Lisboa,2023-02-02 20:06:48,match_02113,41.104769,-6.624787,Mensagem de cluster cluster_C para utilizador,alert,user_0080
cluster_C,Setúbal,2024-09-21 05:47:25,match_02114,38.537775,-7.929191,Mensagem de cluster cluster_B para utilizador,info,user_0076
cluster_D,Setúbal,2023-01-17 23:34:19,match_02115,41.830891,-8.400935,Mensagem de cluster cluster_C para utilizador,invite,user_0183
cluster_D,Évora,2023-11-16 00:32:42,match_02116,38.824289,-7.51368,Mensagem de cluster cluster_C para utilizador,alert,user_0178
cluster_E,Porto,2023-10-30 21:41:10,match_02117,38.215024,-7.432177,Mensagem de cluster cluster_E para utilizador,alert,user_0160
cluster_B,Setúbal,2024-09-19 13:02:24,match_02118,41.371254,-7.545291,Mensagem de cluster cluster_E para utilizador,invite,user_0088
cluster_D,Leiria,2023-08-20 16:32:24,match_02119,39.737071,-7.09713,Mensagem de cluster cluster_B para utilizador,invite,user_0196
cluster_C,Leiria,2023-07-07 17:45:17,match_02120,40.509252,-7.12348,Mensagem de cluster cluster_A para utilizador,invite,user_0097
cluster_C,Porto,2023-03-25 16:34:25,match_02121,38.941994,-9.203539,Mensagem de cluster cluster_C para utilizador,info,user_0018
cluster_D,Faro,2023-03-14 12:19:30,match_02122,41.334578,-8.529224,Mensagem de cluster cluster_B para utilizador,alert,user_0111
cluster_B,Évora,2023-05-03 18:05:34,match_02123,41.488626,-6.474475,Mensagem de cluster cluster_B para utilizador,suggestion,user_0085
cluster_C,Faro,2023-04-16 03:28:48,match_02124,39.083845,-7.493881,Mensagem de cluster cluster_D para utilizador,suggestion,user_0065
cluster_E,Braga,2023-07-06 13:18:55,match_02125,38.103619,-8.383016,Mensagem de cluster cluster_E para utilizador,alert,user_0123
cluster_C,Lisboa,2023-03-07 10:17:32,match_02126,40.138357,-6.608441,Mensagem de cluster cluster_A para utilizador,alert,user_0108
cluster_B,Évora,2023-08-12 23:02:04,match_02127,41.672922,-8.653256,Mensagem de cluster cluster_C para utilizador,invite,user_0153
cluster_A,Aveiro,2023-10-25 07:28:59,match_02128,40.012232,-8.10872,Mensagem de cluster cluster_B para utilizador,info,user_0123
cluster_E,Setúbal,2023-05-04 12:13:37,match_02129,41.671112,-8.560734,Mensagem de cluster cluster_A para utilizador,invite,user_0031
cluster_E,Évora,2024-03-24 13:36:34,match_02130,38.61904,-6.53741,Mensagem de cluster cluster_D para utilizador,invite,user_0147
cluster_A,Leiria,2023-08-26 11:05:34,match_02131,41.475395,-7.023818,Mensagem de cluster cluster_C para utilizador,suggestion,user_0089
cluster_E,Porto,2023-01-20 20:02:21,match_02132,37.462834,-7.935233,Mensagem de cluster cluster_B para utilizador,info,user_0113
cluster_E,Faro,2023-02-12 16:57:04,match_02133,38.694172,-6.330177,Mensagem de cluster cluster_D para utilizador,alert,user_0018
cluster_E,Braga,2023-10-12 15:44:37,match_02134,39.372356,-6.346688,Mensagem de cluster cluster_D para utilizador,alert,user_0196
cluster_C,Porto,2023-08-22 15:07:35,match_02135,40.165552,-7.080815,Mensagem de cluster cluster_D para utilizador,suggestion,user_0161
cluster_C,Braga,2023-10-29 08:39:20,match_02136,38.370696,-6.467222,Mensagem de cluster cluster_A para utilizador,invite,user_0070
cluster_D,Coimbra,2023-08-25 16:17:44,match_02137,41.521197,-7.054063,Mensagem de cluster cluster_C para utilizador,info,user_0007
cluster_D,Porto,2023-10-02 02:59:25,match_02138,41.417481,-7.36408,Mensagem de cluster cluster_C para utilizador,invite,user_0001
cluster_C,Porto,2024-08-27 06:01:45,match_02139,40.896683,-8.069338,Mensagem de cluster cluster_E para utilizador,info,user_0102
cluster_E,Aveiro,2023-03-30 07:19:44,match_02140,37.471813,-8.570203,Mensagem de cluster cluster_C para utilizador,invite,user_0099
cluster_B,Braga,2023-05-28 20:50:30,match_02141,37.291455,-9.295125,Mensagem de cluster cluster_B para utilizador,info,user_0087
cluster_A,Braga,2024-07-03 01:22:59,match_02142,39.390657,-6.777042,Mensagem de cluster cluster_E para utilizador,invite,user_0080
cluster_D,Coimbra,2024-03-03 19:13:45,match_02143,40.726719,-9.084646,Mensagem de cluster cluster_D para utilizador,suggestion,user_0059
cluster_E,Faro,2023-12-26 20:59:59,match_02144,37.516179,-8.104813,Mensagem de cluster cluster_C para utilizador,info,user_0034
cluster_D,Braga,2024-07-03 05:52:20,match_02145,40.107187,-8.702244,Mensagem de cluster cluster_E para utilizador,invite,user_0180
cluster_B,Setúbal,2023-10-09 02:03:10,match_02146,39.539277,-7.954271,Mensagem de cluster cluster_B para utilizador,info,user_0139
cluster_E,Viseu,2023-03-26 00:13:32,match_02147,40.529947,-8.429055,Mensagem de cluster cluster_B para utilizador,invite,user_0008
cluster_C,Braga,2023-02-14 06:16:20,match_02148,39.076876,-6.679041,Mensagem de cluster cluster_C para utilizador,suggestion,user_0088
cluster_B,Aveiro,2023-12-06 07:42:29,match_02149,40.366483,-6.174193,Mensagem de cluster cluster_B para utilizador,info,user_0053
cluster_D,Coimbra,2023-10-25 03:58:46,match_02150,37.698043,-6.298714,Mensagem de cluster cluster_D para utilizador,invite,user_0143
cluster_E,Faro,2023-12-20 10:41:05,match_02151,37.972971,-7.383942,Mensagem de cluster cluster_E para utilizador,suggestion,user_0028
cluster_E,Braga,2023-10-25 11:17:28,match_02152,41.41667,-6.17046,Mensagem de cluster cluster_B para utilizador,invite,user_0142
cluster_A,Faro,2023-06-20 15:07:58,match_02153,38.546875,-8.137543,Mensagem de cluster cluster_C para utilizador,alert,user_0090
cluster_A,Évora,2024-10-08 21:27:04,match_02154,41.827529,-7.723543,Mensagem de cluster cluster_C para utilizador,invite,user_0186
cluster_A,Braga,2023-07-16 11:40:43,match_02155,37.131023,-8.626711,Mensagem de cluster cluster_A para utilizador,alert,user_0057
cluster_C,Braga,2024-12-04 08:04:35,match_02156,39.379379,-6.446859,Mensagem de cluster cluster_C para utilizador,suggestion,user_0180
cluster_E,Lisboa,2024-05-07 19:42:25,match_02157,38.524936,-8.888989,Mensagem de cluster cluster_E para utilizador,invite,user_0037
cluster_E,Porto,2023-06-29 19:27:28,match_02158,41.879825,-7.424343,Mensagem de cluster cluster_D para utilizador,info,user_0002
cluster_D,Coimbra,2024-02-09 22:28:28,match_02159,41.850174,-6.781856,Mensagem de cluster cluster_E para utilizador,info,user_0162
cluster_C,Leiria,2024-07-27 04:57:09,match_02160,38.076216,-7.475644,Mensagem de cluster cluster_B para utilizador,info,user_0034
cluster_A,Braga,2023-08-11 08:49:01,match_02161,38.236284,-9.232164,Mensagem de cluster cluster_D para utilizador,info,user_0058
cluster_E,Viseu,2023-10-24 22:11:18,match_02162,40.648361,-7.421081,Mensagem de cluster cluster_D para utilizador,invite,user_0073
cluster_A,Faro,2023-03-03 06:04:27,match_02163,41.348372,-6.89193,Mensagem de cluster cluster_A para utilizador,invite,user_0189
cluster_B,Leiria,2024-04-09 03:11:54,match_02164,40.218485,-8.861384,Mensagem de cluster cluster_B para utilizador,alert,user_0108
cluster_C,Coimbra,2023-05-29 12:33:54,match_02165,41.223545,-6.99436,Mensagem de cluster cluster_E para utilizador,invite,user_0117
cluster_A,Coimbra,2024-12-07 13:48:34,match_02166,37.216462,-6.512836,Mensagem de cluster cluster_D para utilizador,suggestion,user_0182
cluster_C,Setúbal,2023-09-30 12:18:26,match_02167,40.102642,-6.146041,Mensagem de cluster cluster_C para utilizador,info,user_0116
cluster_E,Évora,2024-12-20 06:36:31,match_02168,40.400854,-8.105799,Mensagem de cluster cluster_E para utilizador,invite,user_0114
cluster_B,Setúbal,2024-07-24 21:03:16,match_02169,37.851595,-9.414448,Mensagem de cluster cluster_C para utilizador,suggestion,user_0195
cluster_D,Coimbra,2024-01-28 09:37:27,match_02170,40.789851,-8.075131,Mensagem de cluster cluster_D para utilizador,alert,user_0030
cluster_B,Évora,2023-11-06 08:08:34,match_02171,41.621326,-7.255225,Mensagem de cluster cluster_C para utilizador,suggestion,user_0083
cluster_C,Viseu,2024-10-27 09:21:09,match_02172,41.389832,-6.469359,Mensagem de cluster cluster_D para utilizador,alert,user_0107
cluster_B,Braga,2023-11-26 18:31:11,match_02173,38.124837,-6.31044,Mensagem de cluster cluster_D para utilizador,info,user_0059
cluster_E,Braga,2023-01-01 17:32:18,match_02174,38.519963,-6.407442,Mensagem de cluster cluster_D para utilizador,alert,user_0186
cluster_C,Évora,2023-12-06 04:42:14,match_02175,39.398057,-7.262937,Mensagem de cluster cluster_D para utilizador,alert,user_0120
cluster_C,Setúbal,2024-08-28 10:35:37,match_02176,37.691806,-7.179422,Mensagem de cluster cluster_D para utilizador,suggestion,user_0152
cluster_E,Porto,2023-07-31 03:39:01,match_02177,41.669766,-9.491895,Mensagem de cluster cluster_A para utilizador,info,user_0143
cluster_A,Lisboa,2024-12-10 14:52:23,match_02178,37.707983,-8.263314,Mensagem de cluster cluster_E para utilizador,suggestion,user_0150
cluster_D,Setúbal,2023-01-01 09:30:43,match_02179,40.707115,-6.416689,Mensagem de cluster cluster_A para utilizador,info,user_0160
cluster_B,Leiria,2024-11-12 11:02:21,match_02180,38.607141,-7.1553,Mensagem de cluster cluster_D para utilizador,suggestion,user_0075
cluster_D,Braga,2023-12-18 23:54:11,match_02181,39.768604,-7.909069,Mensagem de cluster cluster_A para utilizador,invite,user_0093
cluster_D,Leiria,2024-03-12 10:38:34,match_02182,37.135869,-9.145542,Mensagem de cluster cluster_B para utilizador,suggestion,user_0170
cluster_E,Setúbal,2024-09-04 19:49:29,match_02183,37.925059,-8.662523,Mensagem de cluster cluster_E para utilizador,alert,user_0187
cluster_A,Coimbra,2023-10-05 12:17:22,match_02184,39.121956,-7.613263,Mensagem de cluster cluster_C para utilizador,suggestion,user_0088
cluster_D,Viseu,2023-09-14 12:50:31,match_02185,40.285956,-6.448495,Mensagem de cluster cluster_B para utilizador,alert,user_0083
cluster_C,Viseu,2024-04-06 12:15:56,match_02186,40.78781,-9.174238,Mensagem de cluster cluster_E para utilizador,suggestion,user_0055
cluster_A,Viseu,2024-03-03 03:59:18,match_02187,37.050703,-8.977231,Mensagem de cluster cluster_E para utilizador,suggestion,user_0133
cluster_E,Porto,2024-01-08 12:57:14,match_02188,37.662451,-7.272983,Mensagem de cluster cluster_C para utilizador,alert,user_0169
cluster_D,Leiria,2023-02-03 04:53:32,match_02189,40.548959,-8.499891,Mensagem de cluster cluster_B para utilizador,info,user_0057
cluster_E,Faro,2024-06-23 14:29:06,match_02190,40.965277,-8.923007,Mensagem de cluster cluster_E para utilizador,suggestion,user_0053
cluster_B,Faro,2024-02-16 01:11:21,match_02191,38.082858,-8.893318,Mensagem de cluster cluster_E para utilizador,invite,user_0166
cluster_E,Porto,2023-08-08 11:11:01,match_02192,38.048265,-7.825115,Mensagem de cluster cluster_E para utilizador,invite,user_0001
cluster_C,Faro,2023-10-16 13:44:30,match_02193,37.340147,-7.51527,Mensagem de cluster cluster_C para utilizador,alert,user_0060
cluster_E,Setúbal,2023-03-31 18:33:23,match_02194,37.65147,-6.425212,Mensagem de cluster cluster_A para utilizador,alert,user_0076
cluster_A,Porto,2023-04-12 22:40:21,match_02195,36.940079,-7.698622,Mensagem de cluster cluster_D para utilizador,alert,user_0046
cluster_B,Lisboa,2024-02-11 05:30:48,match_02196,39.849156,-7.14967,Mensagem de cluster cluster_B para utilizador,invite,user_0004
cluster_C,Setúbal,2023-07-24 00:06:33,match_02197,41.419457,-8.885668,Mensagem de cluster cluster_D para utilizador,alert,user_0015
cluster_B,Leiria,2023-11-12 07:58:54,match_02198,37.64788,-7.074235,Mensagem de cluster cluster_A para utilizador,alert,user_0081
cluster_C,Leiria,2024-03-21 15:00:06,match_02199,40.657218,-7.294442,Mensagem de cluster cluster_D para utilizador,info,user_0116
cluster_B,Leiria,2024-11-29 21:56:55,match_02200,39.768293,-8.764981,Mensagem de cluster cluster_E para utilizador,invite,user_0012
cluster_D,Faro,2023-08-21 08:41:06,match_02201,41.599609,-7.224117,Mensagem de cluster cluster_D para utilizador,info,user_0001
cluster_E,Viseu,2024-05-12 22:24:34,match_02202,40.890613,-8.780927,Mensagem de cluster cluster_A para utilizador,info,user_0077
cluster_A,Lisboa,2023-09-08 02:58:10,match_02203,41.163645,-7.481836,Mensagem de cluster cluster_A para utilizador,alert,user_0030
cluster_A,Braga,2023-07-10 19:02:11,match_02204,40.095711,-7.225911,Mensagem de cluster cluster_A para utilizador,info,user_0134
cluster_D,Aveiro,2024-07-03 11:11:56,match_02205,40.956681,-7.142608,Mensagem de cluster cluster_C para utilizador,suggestion,user_0073
cluster_B,Leiria,2023-11-27 11:37:14,match_02206,38.654348,-6.408494,Mensagem de cluster cluster_A para utilizador,suggestion,user_0050
cluster_E,Coimbra,2023-06-29 12:39:48,match_02207,37.945088,-6.277353,Mensagem de cluster cluster_C para utilizador,suggestion,user_0130
cluster_D,Braga,2024-12-18 14:32:40,match_02208,41.4626,-6.745327,Mensagem de cluster cluster_E para utilizador,info,user_0006
cluster_B,Porto,2023-09-07 09:21:15,match_02209,40.571679,-6.512256,Mensagem de cluster cluster_A para utilizador,suggestion,user_0075
cluster_E,Faro,2023-12-02 15:41:04,match_02210,37.353514,-9.434282,Mensagem de cluster cluster_C para utilizador,invite,user_0090
cluster_B,Porto,2024-03-13 15:28:46,match_02211,41.234548,-8.266928,Mensagem de cluster cluster_E para utilizador,suggestion,user_0092
cluster_A,Leiria,2023-01-12 14:07:23,match_02212,38.64452,-9.364944,Mensagem de cluster cluster_D para utilizador,suggestion,user_0077
cluster_E,Viseu,2024-05-20 01:07:31,match_02213,38.391389,-8.735526,Mensagem de cluster cluster_C para utilizador,info,user_0166
cluster_A,Leiria,2024-04-16 21:41:11,match_02214,40.016568,-8.202137,Mensagem de cluster cluster_A para utilizador,invite,user_0076
cluster_A,Braga,2023-01-02 11:52:20,match_02215,39.742993,-6.550243,Mensagem de cluster cluster_A para utilizador,info,user_0083
cluster_E,Coimbra,2023-12-14 20:47:13,match_02216,39.591284,-7.760036,Mensagem de cluster cluster_E para utilizador,invite,user_0018
cluster_D,Leiria,2024-10-20 01:18:58,match_02217,38.174386,-7.293872,Mensagem de cluster cluster_E para utilizador,invite,user_0147
cluster_B,Lisboa,2024-05-06 01:48:58,match_02218,41.698869,-8.266427,Mensagem de cluster cluster_A para utilizador,info,user_0156
cluster_E,Évora,2023-10-29 14:36:58,match_02219,41.650605,-7.450086,Mensagem de cluster cluster_B para utilizador,suggestion,user_0012
cluster_A,Porto,2024-10-15 13:05:54,match_02220,36.920811,-6.727176,Mensagem de cluster cluster_E para utilizador,alert,user_0052
cluster_B,Leiria,2024-05-28 09:48:37,match_02221,38.589138,-8.475779,Mensagem de cluster cluster_B para utilizador,alert,user_0087
cluster_E,Braga,2024-07-10 14:23:27,match_02222,37.127743,-6.330327,Mensagem de cluster cluster_E para utilizador,suggestion,user_0100
cluster_D,Setúbal,2024-01-28 20:03:47,match_02223,41.151244,-8.774734,Mensagem de cluster cluster_D para utilizador,alert,user_0186
cluster_E,Faro,2024-07-28 17:35:15,match_02224,41.332591,-6.374376,Mensagem de cluster cluster_B para utilizador,alert,user_0022
cluster_E,Porto,2024-04-18 20:11:03,match_02225,39.491491,-9.403788,Mensagem de cluster cluster_B para utilizador,invite,user_0102
cluster_C,Leiria,2023-02-26 14:12:17,match_02226,41.09839,-7.654642,Mensagem de cluster cluster_B para utilizador,info,user_0173
cluster_B,Braga,2023-01-23 14:12:02,match_02227,40.416802,-6.150412,Mensagem de cluster cluster_C para utilizador,info,user_0062
cluster_E,Setúbal,2024-08-30 10:06:33,match_02228,39.39787,-7.426752,Mensagem de cluster cluster_C para utilizador,suggestion,user_0042
cluster_A,Leiria,2024-05-05 06:39:40,match_02229,38.719057,-7.61347,Mensagem de cluster cluster_A para utilizador,suggestion,user_0067
cluster_A,Aveiro,2024-05-05 17:44:54,match_02230,38.231125,-7.179601,Mensagem de cluster cluster_D para utilizador,info,user_0137
cluster_C,Viseu,2023-09-15 16:28:03,match_02231,38.197146,-8.516372,Mensagem de cluster cluster_E para utilizador,alert,user_0192
cluster_A,Faro,2024-08-16 07:55:38,match_02232,39.710322,-9.316688,Mensagem de cluster cluster_B para utilizador,suggestion,user_0143
cluster_E,Setúbal,2024-08-27 01:13:08,match_02233,37.734044,-8.646382,Mensagem de cluster cluster_A para utilizador,invite,user_0158
cluster_B,Braga,2023-09-19 07:33:35,match_02234,37.773959,-8.90076,Mensagem de cluster cluster_A para utilizador,info,user_0154
cluster_C,Faro,2023-05-10 08:18:35,match_02235,36.951967,-6.359865,Mensagem de cluster cluster_A para utilizador,alert,user_0094
cluster_C,Setúbal,2024-07-14 14:45:41,match_02236,39.96664,-6.602309,Mensagem de cluster cluster_B para utilizador,invite,user_0197
cluster_D,Braga,2024-05-23 19:58:04,match_02237,41.871721,-8.419773,Mensagem de cluster cluster_E para utilizador,info,user_0122
cluster_D,Viseu,2023-01-07 03:43:03,match_02238,41.346097,-6.657364,Mensagem de cluster cluster_A para utilizador,info,user_0095
cluster_B,Porto,2023-12-04 18:22:23,match_02239,40.428449,-8.780041,Mensagem de cluster cluster_E para utilizador,alert,user_0127
cluster_B,Viseu,2024-11-14 11:03:44,match_02240,40.827626,-8.821431,Mensagem de cluster cluster_A para utilizador,suggestion,user_0022
cluster_C,Leiria,2023-11-21 13:00:01,match_02241,38.984264,-6.89038,Mensagem de cluster cluster_B para utilizador,invite,user_0054
cluster_E,Évora,2023-06-11 17:02:37,match_02242,38.390398,-8.388436,Mensagem de cluster cluster_B para utilizador,invite,user_0125
cluster_E,Coimbra,2023-01-15 10:34:29,match_02243,38.743141,-9.279705,Mensagem de cluster cluster_A para utilizador,invite,user_0058
cluster_D,Braga,2023-07-25 05:28:34,match_02244,37.30711,-7.052046,Mensagem de cluster cluster_D para utilizador,info,user_0181
cluster_B,Coimbra,2024-11-03 14:54:18,match_02245,40.068976,-6.135355,Mensagem de cluster cluster_A para utilizador,alert,user_0099
cluster_B,Leiria,2023-09-19 05:01:27,match_02246,37.774325,-7.575676,Mensagem de cluster cluster_E para utilizador,alert,user_0019
cluster_E,Leiria,2023-03-07 16:12:48,match_02247,40.714391,-8.60353,Mensagem de cluster cluster_D para utilizador,info,user_0162
cluster_D,Setúbal,2024-03-23 19:30:58,match_02248,37.849882,-8.232121,Mensagem de cluster cluster_D para utilizador,invite,user_0142
cluster_E,Leiria,2023-08-10 07:41:16,match_02249,38.04062,-7.294592,Mensagem de cluster cluster_A para utilizador,invite,user_0022
cluster_E,Leiria,2024-06-08 00:01:22,match_02250,41.686528,-7.115309,Mensagem de cluster cluster_A para utilizador,alert,user_0141
cluster_C,Setúbal,2023-06-21 00:11:57,match_02251,37.42698,-6.48647,Mensagem de cluster cluster_C para utilizador,suggestion,user_0123
cluster_B,Faro,2023-12-27 11:31:40,match_02252,39.394213,-6.40996,Mensagem de cluster cluster_D para utilizador,info,user_0192
cluster_C,Braga,2023-09-22 23:44:44,match_02253,37.213433,-6.571653,Mensagem de cluster cluster_D para utilizador,suggestion,user_0056
cluster_C,Lisboa,2023-07-24 22:51:05,match_02254,37.351955,-7.295131,Mensagem de cluster cluster_B para utilizador,invite,user_0200
cluster_E,Coimbra,2024-10-22 06:58:22,match_02255,40.067502,-7.970502,Mensagem de cluster cluster_B para utilizador,info,user_0042
cluster_D,Lisboa,2024-05-31 02:04:46,match_02256,40.053636,-7.190361,Mensagem de cluster cluster_E para utilizador,info,user_0066
cluster_E,Lisboa,2023-06-02 15:11:32,match_02257,37.865601,-7.233677,Mensagem de cluster cluster_C para utilizador,suggestion,user_0191
cluster_D,Setúbal,2023-05-24 03:26:26,match_02258,41.262433,-8.758858,Mensagem de cluster cluster_E para utilizador,info,user_0170
cluster_B,Faro,2024-08-22 10:04:59,match_02259,40.410935,-7.774318,Mensagem de cluster cluster_D para utilizador,alert,user_0034
cluster_A,Évora,2023-10-17 03:25:47,match_02260,38.403053,-8.79207,Mensagem de cluster cluster_E para utilizador,suggestion,user_0029
cluster_B,Lisboa,2024-09-27 00:55:56,match_02261,38.141933,-6.442979,Mensagem de cluster cluster_A para utilizador,alert,user_0154
cluster_E,Lisboa,2024-02-20 10:40:15,match_02262,40.671426,-8.400957,Mensagem de cluster cluster_D para utilizador,invite,user_0151
cluster_D,Aveiro,2023-12-27 15:04:42,match_02263,40.56812,-6.761552,Mensagem de cluster cluster_B para utilizador,suggestion,user_0036
cluster_A,Setúbal,2024-02-07 19:16:35,match_02264,37.64416,-8.217428,Mensagem de cluster cluster_A para utilizador,info,user_0118
cluster_D,Aveiro,2024-04-26 16:22:08,match_02265,38.645939,-6.903297,Mensagem de cluster cluster_B para utilizador,suggestion,user_0009
cluster_D,Setúbal,2024-02-17 23:11:14,match_02266,37.983386,-8.748898,Mensagem de cluster cluster_B para utilizador,alert,user_0085
cluster_A,Setúbal,2024-05-13 03:21:38,match_02267,38.370721,-6.903273,Mensagem de cluster cluster_B para utilizador,alert,user_0042
cluster_A,Viseu,2024-02-17 13:15:24,match_02268,38.33782,-8.889591,Mensagem de cluster cluster_B para utilizador,invite,user_0067
cluster_B,Évora,2023-02-17 17:07:05,match_02269,41.780118,-7.83122,Mensagem de cluster cluster_E para utilizador,info,user_0007
cluster_C,Porto,2023-04-04 14:52:36,match_02270,40.651057,-9.113669,Mensagem de cluster cluster_E para utilizador,info,user_0023
cluster_A,Braga,2023-02-17 11:39:50,match_02271,40.80026,-7.705147,Mensagem de cluster cluster_B para utilizador,invite,user_0160
cluster_C,Coimbra,2023-07-09 12:37:15,match_02272,38.287116,-6.709571,Mensagem de cluster cluster_D para utilizador,alert,user_0023
cluster_C,Lisboa,2024-02-21 00:42:20,match_02273,36.902635,-6.93114,Mensagem de cluster cluster_D para utilizador,info,user_0016
cluster_C,Leiria,2023-06-16 09:56:59,match_02274,37.190785,-9.327568,Mensagem de cluster cluster_C para utilizador,info,user_0069
cluster_C,Leiria,2024-01-17 20:21:39,match_02275,39.664999,-7.826596,Mensagem de cluster cluster_C para utilizador,alert,user_0013
cluster_A,Coimbra,2024-07-25 01:04:02,match_02276,38.327406,-6.602434,Mensagem de cluster cluster_A para utilizador,invite,user_0010
cluster_D,Lisboa,2023-05-21 01:14:20,match_02277,37.864773,-7.289648,Mensagem de cluster cluster_E para utilizador,alert,user_0059
cluster_A,Lisboa,2024-05-09 22:11:13,match_02278,37.148205,-9.298716,Mensagem de cluster cluster_D para utilizador,info,user_0002
cluster_A,Setúbal,2024-12-25 02:59:15,match_02279,41.279409,-8.392851,Mensagem de cluster cluster_C para utilizador,suggestion,user_0180
cluster_E,Porto,2024-05-20 21:06:41,match_02280,39.900637,-7.607605,Mensagem de cluster cluster_C para utilizador,invite,user_0129
cluster_E,Lisboa,2024-01-25 01:08:07,match_02281,37.436866,-8.912985,Mensagem de cluster cluster_D para utilizador,suggestion,user_0198
cluster_B,Viseu,2023-07-04 15:10:37,match_02282,40.73202,-7.181492,Mensagem de cluster cluster_D para utilizador,alert,user_0054
cluster_C,Porto,2024-02-13 21:13:54,match_02283,40.679128,-7.341522,Mensagem de cluster cluster_A para utilizador,invite,user_0019
cluster_C,Évora,2023-11-28 08:47:08,match_02284,38.347018,-8.811689,Mensagem de cluster cluster_D para utilizador,invite,user_0097
cluster_E,Coimbra,2024-11-15 15:50:21,match_02285,37.842134,-7.628647,Mensagem de cluster cluster_D para utilizador,invite,user_0028
cluster_D,Évora,2024-04-12 21:43:45,match_02286,40.969909,-6.740157,Mensagem de cluster cluster_D para utilizador,alert,user_0133
cluster_B,Évora,2024-11-19 10:39:37,match_02287,38.547824,-8.225589,Mensagem de cluster cluster_B para utilizador,invite,user_0076
cluster_D,Coimbra,2023-02-07 20:38:10,match_02288,41.13714,-8.660246,Mensagem de cluster cluster_A para utilizador,invite,user_0158
cluster_E,Porto,2024-11-16 07:03:48,match_02289,37.118258,-7.11585,Mensagem de cluster cluster_C para utilizador,info,user_0019
cluster_D,Leiria,2023-11-12 18:14:38,match_02290,39.396445,-9.259265,Mensagem de cluster cluster_D para utilizador,invite,user_0104
cluster_C,Viseu,2024-12-27 10:15:55,match_02291,37.797976,-6.668909,Mensagem de cluster cluster_A para utilizador,info,user_0042
cluster_E,Viseu,2023-07-20 01:06:13,match_02292,40.260224,-6.29224,Mensagem de cluster cluster_E para utilizador,invite,user_0153
cluster_D,Braga,2024-05-11 12:38:21,match_02293,41.886069,-6.219724,Mensagem de cluster cluster_D para utilizador,alert,user_0035
cluster_B,Lisboa,2023-12-07 14:35:58,match_02294,38.962555,-8.029368,Mensagem de cluster cluster_A para utilizador,invite,user_0009
cluster_B,Aveiro,2023-09-21 20:59:12,match_02295,37.401553,-7.38111,Mensagem de cluster cluster_E para utilizador,invite,user_0039
cluster_A,Coimbra,2024-07-08 02:03:37,match_02296,38.488366,-6.584961,Mensagem de cluster cluster_C para utilizador,alert,user_0184
cluster_E,Leiria,2024-10-07 04:13:07,match_02297,41.357532,-8.740358,Mensagem de cluster cluster_A para utilizador,invite,user_0038
cluster_E,Aveiro,2023-06-13 22:05:04,match_02298,40.728805,-9.405811,Mensagem de cluster cluster_E para utilizador,suggestion,user_0015
cluster_E,Évora,2023-07-22 21:23:12,match_02299,38.061058,-8.192475,Mensagem de cluster cluster_D para utilizador,invite,user_0109
cluster_C,Leiria,2023-11-03 15:29:14,match_02300,41.667994,-6.493138,Mensagem de cluster cluster_A para utilizador,invite,user_0174
cluster_C,Porto,2023-11-24 16:03:12,match_02301,40.01094,-7.782756,Mensagem de cluster cluster_C para utilizador,info,user_0165
cluster_E,Coimbra,2023-01-04 18:23:26,match_02302,37.740247,-7.697256,Mensagem de cluster cluster_B para utilizador,info,user_0090
cluster_D,Faro,2023-05-23 01:32:04,match_02303,39.761611,-7.148988,Mensagem de cluster cluster_D para utilizador,suggestion,user_0125
cluster_C,Faro,2023-03-01 17:17:31,match_02304,39.156384,-7.546641,Mensagem de cluster cluster_D para utilizador,alert,user_0060
cluster_E,Lisboa,2024-02-22 10:16:46,match_02305,40.998488,-9.314779,Mensagem de cluster cluster_C para utilizador,invite,user_0062
cluster_C,Leiria,2023-01-19 12:30:58,match_02306,38.6208,-7.593076,Mensagem de cluster cluster_A para utilizador,info,user_0031
cluster_A,Leiria,2024-06-22 08:01:19,match_02307,41.274892,-7.29694,Mensagem de cluster cluster_B para utilizador,suggestion,user_0030
cluster_B,Faro,2024-12-15 00:14:06,match_02308,40.959852,-7.318574,Mensagem de cluster cluster_C para utilizador,alert,user_0066
cluster_A,Viseu,2023-11-06 09:19:51,match_02309,40.273017,-7.02363,Mensagem de cluster cluster_E para utilizador,info,user_0007
cluster_E,Braga,2023-02-24 08:11:42,match_02310,38.193036,-7.732271,Mensagem de cluster cluster_E para utilizador,alert,user_0158
cluster_B,Aveiro,2023-07-02 11:43:21,match_02311,41.751648,-6.4398,Mensagem de cluster cluster_B para utilizador,suggestion,user_0161
cluster_D,Évora,2023-05-01 01:43:01,match_02312,39.643334,-7.921514,Mensagem de cluster cluster_C para utilizador,alert,user_0112
cluster_E,Faro,2023-08-15 21:19:07,match_02313,41.43757,-7.738166,Mensagem de cluster cluster_E para utilizador,alert,user_0103
cluster_D,Lisboa,2024-04-01 23:25:36,match_02314,37.978649,-6.84696,Mensagem de cluster cluster_D para utilizador,suggestion,user_0111
cluster_D,Évora,2023-03-12 14:38:28,match_02315,41.816892,-6.667001,Mensagem de cluster cluster_E para utilizador,alert,user_0038
cluster_C,Lisboa,2023-12-17 09:00:42,match_02316,40.980296,-7.295571,Mensagem de cluster cluster_A para utilizador,suggestion,user_0147
cluster_C,Lisboa,2024-08-12 21:11:41,match_02317,41.646134,-9.070331,Mensagem de cluster cluster_B para utilizador,alert,user_0137
cluster_B,Leiria,2024-03-08 13:08:20,match_02318,37.961829,-8.371363,Mensagem de cluster cluster_B para utilizador,info,user_0086
cluster_B,Setúbal,2024-04-02 04:43:31,match_02319,39.05329,-9.431471,Mensagem de cluster cluster_C para utilizador,info,user_0160
cluster_C,Évora,2023-09-02 00:58:49,match_02320,37.38817,-8.495471,Mensagem de cluster cluster_E para utilizador,info,user_0158
cluster_B,Porto,2023-07-02 19:10:26,match_02321,37.584848,-7.561169,Mensagem de cluster cluster_C para utilizador,info,user_0134
cluster_A,Aveiro,2023-03-20 17:22:05,match_02322,38.319793,-6.762215,Mensagem de cluster cluster_D para utilizador,suggestion,user_0189
cluster_E,Évora,2023-06-24 00:03:12,match_02323,41.658128,-7.508791,Mensagem de cluster cluster_B para utilizador,alert,user_0165
cluster_A,Faro,2023-09-06 18:51:01,match_02324,40.235958,-9.364358,Mensagem de cluster cluster_C para utilizador,suggestion,user_0079
cluster_E,Aveiro,2023-02-09 17:39:49,match_02325,38.473162,-8.619038,Mensagem de cluster cluster_C para utilizador,invite,user_0199
cluster_C,Porto,2023-09-01 12:28:11,match_02326,41.672867,-7.53459,Mensagem de cluster cluster_D para utilizador,alert,user_0148
cluster_A,Setúbal,2024-08-02 16:49:36,match_02327,40.598657,-7.089238,Mensagem de cluster cluster_A para utilizador,suggestion,user_0030
cluster_D,Coimbra,2024-11-19 18:57:12,match_02328,41.434895,-6.554057,Mensagem de cluster cluster_D para utilizador,alert,user_0018
cluster_A,Évora,2024-07-20 07:07:50,match_02329,41.536104,-6.210006,Mensagem de cluster cluster_D para utilizador,alert,user_0191
cluster_B,Setúbal,2024-03-28 06:48:21,match_02330,40.653849,-6.467925,Mensagem de cluster cluster_D para utilizador,invite,user_0189
cluster_A,Setúbal,2024-07-11 19:00:25,match_02331,38.115667,-7.911085,Mensagem de cluster cluster_E para utilizador,info,user_0185
cluster_C,Faro,2024-04-01 12:06:36,match_02332,41.882945,-6.96044,Mensagem de cluster cluster_B para utilizador,alert,user_0150
cluster_C,Faro,2024-02-27 14:55:54,match_02333,38.525454,-8.682205,Mensagem de cluster cluster_E para utilizador,alert,user_0088
cluster_B,Porto,2023-03-04 10:34:04,match_02334,40.258529,-9.282975,Mensagem de cluster cluster_E para utilizador,invite,user_0095
cluster_E,Évora,2023-02-14 07:14:07,match_02335,41.124058,-9.312765,Mensagem de cluster cluster_E para utilizador,suggestion,user_0177
cluster_B,Évora,2023-01-25 08:10:52,match_02336,37.775755,-8.679561,Mensagem de cluster cluster_C para utilizador,info,user_0018
cluster_E,Aveiro,2023-08-17 16:39:20,match_02337,39.945208,-9.37236,Mensagem de cluster cluster_B para utilizador,suggestion,user_0061
cluster_C,Coimbra,2024-09-10 19:33:58,match_02338,38.775864,-6.609074,Mensagem de cluster cluster_C para utilizador,suggestion,user_0082
cluster_C,Leiria,2023-02-17 11:17:39,match_02339,38.121445,-7.834269,Mensagem de cluster cluster_E para utilizador,suggestion,user_0078
cluster_E,Viseu,2023-04-04 02:25:37,match_02340,36.958859,-6.74294,Mensagem de cluster cluster_E para utilizador,info,user_0196
cluster_A,Braga,2024-11-01 22:54:30,match_02341,41.25987,-6.304346,Mensagem de cluster cluster_C para utilizador,suggestion,user_0135
cluster_A,Braga,2023-11-19 14:24:37,match_02342,37.579408,-6.120713,Mensagem de cluster cluster_E para utilizador,suggestion,user_0135
cluster_B,Porto,2023-08-09 01:46:23,match_02343,41.290586,-6.313642,Mensagem de cluster cluster_E para utilizador,info,user_0065
cluster_C,Viseu,2024-04-02 02:45:53,match_02344,39.903453,-7.063707,Mensagem de cluster cluster_D para utilizador,info,user_0040
cluster_A,Évora,2023-02-18 00:38:43,match_02345,40.005278,-7.997269,Mensagem de cluster cluster_A para utilizador,invite,user_0116
cluster_C,Viseu,2024-05-09 14:55:45,match_02346,41.043259,-7.466852,Mensagem de cluster cluster_A para utilizador,suggestion,user_0024
cluster_B,Porto,2024-02-13 06:12:03,match_02347,39.447206,-6.723912,Mensagem de cluster cluster_A para utilizador,invite,user_0160
cluster_D,Évora,2023-08-04 06:56:30,match_02348,38.686423,-6.448315,Mensagem de cluster cluster_B para utilizador,alert,user_0010
cluster_C,Braga,2023-10-06 11:06:00,match_02349,37.594033,-6.248007,Mensagem de cluster cluster_B para utilizador,invite,user_0137
cluster_D,Lisboa,2023-03-11 22:56:45,match_02350,39.752077,-7.015941,Mensagem de cluster cluster_A para utilizador,invite,user_0039
cluster_C,Aveiro,2024-07-02 22:23:52,match_02351,39.665835,-7.664158,Mensagem de cluster cluster_A para utilizador,invite,user_0131
cluster_E,Aveiro,2023-06-20 04:07:19,match_02352,38.369482,-6.207536,Mensagem de cluster cluster_D para utilizador,invite,user_0108
cluster_D,Viseu,2024-03-13 16:34:08,match_02353,39.900285,-6.240675,Mensagem de cluster cluster_D para utilizador,suggestion,user_0069
cluster_E,Lisboa,2024-04-26 14:21:54,match_02354,39.096834,-7.87632,Mensagem de cluster cluster_C para utilizador,alert,user_0007
cluster_E,Setúbal,2023-01-08 17:49:36,match_02355,40.927651,-7.294561,Mensagem de cluster cluster_B para utilizador,alert,user_0140
cluster_B,Coimbra,2023-10-08 06:16:43,match_02356,39.697431,-6.748492,Mensagem de cluster cluster_B para utilizador,info,user_0023
cluster_B,Faro,2024-08-03 11:17:06,match_02357,41.568393,-8.027531,Mensagem de cluster cluster_A para utilizador,alert,user_0089
cluster_A,Aveiro,2024-10-04 08:31:00,match_02358,39.489915,-6.680116,Mensagem de cluster cluster_B para utilizador,invite,user_0191
cluster_D,Aveiro,2024-03-28 00:55:09,match_02359,41.337477,-9.121051,Mensagem de cluster cluster_D para utilizador,info,user_0017
cluster_A,Évora,2023-09-05 22:04:50,match_02360,39.502626,-7.864084,Mensagem de cluster cluster_D para utilizador,invite,user_0078
cluster_D,Faro,2024-11-15 10:29:11,match_02361,39.690174,-7.859118,Mensagem de cluster cluster_A para utilizador,suggestion,user_0192
cluster_B,Setúbal,2024-07-25 12:55:06,match_02362,38.73404,-7.172166,Mensagem de cluster cluster_A para utilizador,suggestion,user_0065
cluster_B,Aveiro,2023-11-28 11:25:29,match_02363,38.900846,-9.104196,Mensagem de cluster cluster_E para utilizador,alert,user_0086
cluster_B,Faro,2023-08-28 13:57:11,match_02364,41.565507,-9.149085,Mensagem de cluster cluster_C para utilizador,invite,user_0028
cluster_D,Braga,2023-05-21 12:16:21,match_02365,38.016412,-6.437978,Mensagem de cluster cluster_A para utilizador,invite,user_0058
cluster_B,Leiria,2023-03-16 23:07:21,match_02366,37.507289,-8.467279,Mensagem de cluster cluster_A para utilizador,invite,user_0018
cluster_A,Leiria,2024-03-10 11:28:04,match_02367,41.051055,-8.388464,Mensagem de cluster cluster_A para utilizador,info,user_0110
cluster_E,Viseu,2023-02-19 07:22:44,match_02368,39.784554,-6.858671,Mensagem de cluster cluster_D para utilizador,info,user_0121
cluster_D,Lisboa,2024-07-30 06:34:32,match_02369,38.323237,-8.089309,Mensagem de cluster cluster_C para utilizador,info,user_0044
cluster_E,Évora,2023-05-22 08:07:36,match_02370,39.062001,-6.668059,Mensagem de cluster cluster_E para utilizador,alert,user_0064
cluster_A,Coimbra,2024-02-23 10:40:35,match_02371,39.524526,-8.135006,Mensagem de cluster cluster_A para utilizador,alert,user_0037
cluster_C,Setúbal,2024-04-10 06:36:45,match_02372,39.860701,-6.913961,Mensagem de cluster cluster_B para utilizador,invite,user_0003
cluster_B,Évora,2023-07-07 02:07:57,match_02373,41.005255,-7.713946,Mensagem de cluster cluster_C para utilizador,invite,user_0014
cluster_A,Aveiro,2023-11-04 08:02:33,match_02374,38.871762,-6.318184,Mensagem de cluster cluster_A para utilizador,alert,user_0135
cluster_C,Faro,2024-06-12 23:23:44,match_02375,40.282516,-8.386877,Mensagem de cluster cluster_D para utilizador,info,user_0145
cluster_D,Faro,2023-11-21 13:49:04,match_02376,41.073835,-8.266852,Mensagem de cluster cluster_D para utilizador,info,user_0198
cluster_A,Setúbal,2023-06-27 12:01:53,match_02377,41.118867,-6.202046,Mensagem de cluster cluster_B para utilizador,info,user_0083
cluster_D,Évora,2024-08-04 19:53:17,match_02378,38.171226,-6.992415,Mensagem de cluster cluster_E para utilizador,info,user_0167
cluster_E,Faro,2023-02-14 03:48:19,match_02379,38.650865,-6.873271,Mensagem de cluster cluster_E para utilizador,info,user_0133
cluster_E,Faro,2023-08-16 12:24:12,match_02380,39.87453,-8.493679,Mensagem de cluster cluster_B para utilizador,alert,user_0079
cluster_D,Coimbra,2023-11-15 04:03:33,match_02381,41.328862,-7.691049,Mensagem de cluster cluster_B para utilizador,suggestion,user_0052
cluster_E,Lisboa,2024-12-01 14:40:06,match_02382,40.85223,-8.433961,Mensagem de cluster cluster_C para utilizador,suggestion,user_0109
cluster_E,Évora,2024-07-04 16:37:33,match_02383,39.819815,-8.616446,Mensagem de cluster cluster_D para utilizador,suggestion,user_0026
cluster_B,Évora,2023-08-16 04:01:04,match_02384,41.818668,-7.68018,Mensagem de cluster cluster_D para utilizador,invite,user_0167
cluster_D,Setúbal,2024-10-08 05:05:16,match_02385,39.094936,-6.141614,Mensagem de cluster cluster_C para utilizador,invite,user_0173
cluster_D,Viseu,2024-07-20 02:41:02,match_02386,41.112253,-8.770283,Mensagem de cluster cluster_B para utilizador,info,user_0077
cluster_C,Porto,2023-04-18 14:36:24,match_02387,40.992102,-8.675432,Mensagem de cluster cluster_B para utilizador,invite,user_0031
cluster_B,Porto,2023-08-14 07:58:32,match_02388,41.440192,-8.673361,Mensagem de cluster cluster_B para utilizador,alert,user_0151
cluster_A,Setúbal,2023-09-08 07:36:48,match_02389,41.838392,-6.808212,Mensagem de cluster cluster_D para utilizador,suggestion,user_0040
cluster_B,Leiria,2023-09-27 05:54:05,match_02390,39.378483,-7.764361,Mensagem de cluster cluster_E para utilizador,alert,user_0032
cluster_A,Faro,2023-01-06 21:35:37,match_02391,37.878148,-8.19179,Mensagem de cluster cluster_B para utilizador,alert,user_0101
cluster_D,Évora,2024-03-04 02:25:38,match_02392,39.204477,-6.631115,Mensagem de cluster cluster_A para utilizador,alert,user_0004
cluster_B,Porto,2024-05-10 03:49:21,match_02393,41.169424,-8.488532,Mensagem de cluster cluster_E para utilizador,info,user_0081
cluster_C,Setúbal,2023-02-11 20:12:18,match_02394,41.080533,-8.166459,Mensagem de cluster cluster_A para utilizador,info,user_0084
cluster_E,Setúbal,2024-01-06 04:31:47,match_02395,38.57985,-9.24969,Mensagem de cluster cluster_A para utilizador,info,user_0174
cluster_A,Viseu,2024-09-01 16:15:53,match_02396,37.136534,-9.095706,Mensagem de cluster cluster_B para utilizador,invite,user_0075
cluster_E,Setúbal,2024-09-18 20:27:45,match_02397,39.44921,-9.035114,Mensagem de cluster cluster_A para utilizador,info,user_0042
cluster_D,Setúbal,2023-11-05 02:30:40,match_02398,39.270505,-8.320284,Mensagem de cluster cluster_B para utilizador,invite,user_0097
cluster_D,Coimbra,2023-05-23 15:31:58,match_02399,37.32882,-7.71811,Mensagem de cluster cluster_A para utilizador,alert,user_0167
cluster_D,Faro,2023-05-27 06:30:56,match_02400,40.87445,-9.497469,Mensagem de cluster cluster_C para utilizador,suggestion,user_0198
cluster_E,Coimbra,2024-10-25 04:55:25,match_02401,38.317951,-8.85423,Mensagem de cluster cluster_D para utilizador,info,user_0103
cluster_D,Setúbal,2024-07-27 05:49:18,match_02402,40.12876,-8.90279,Mensagem de cluster cluster_E para utilizador,invite,user_0184
cluster_D,Leiria,2023-09-07 07:59:22,match_02403,37.407439,-8.638621,Mensagem de cluster cluster_E para utilizador,invite,user_0047
cluster_E,Faro,2024-05-02 12:54:34,match_02404,41.203516,-8.935325,Mensagem de cluster cluster_A para utilizador,info,user_0166
cluster_D,Faro,2024-05-22 04:34:23,match_02405,40.596373,-8.836564,Mensagem de cluster cluster_C para utilizador,info,user_0018
cluster_A,Braga,2024-12-17 19:17:43,match_02406,38.842114,-6.154807,Mensagem de cluster cluster_B para utilizador,alert,user_0002
cluster_B,Évora,2024-03-13 19:50:07,match_02407,40.047445,-7.477917,Mensagem de cluster cluster_E para utilizador,invite,user_0105
cluster_A,Faro,2023-08-30 17:40:04,match_02408,37.837269,-6.906843,Mensagem de cluster cluster_D para utilizador,suggestion,user_0102
cluster_D,Porto,2024-02-27 05:45:22,match_02409,41.827112,-6.714233,Mensagem de cluster cluster_B para utilizador,alert,user_0182
cluster_D,Leiria,2024-12-04 00:53:48,match_02410,40.88054,-7.229886,Mensagem de cluster cluster_B para utilizador,invite,user_0088
cluster_D,Faro,2024-03-25 18:07:37,match_02411,40.8447,-7.106127,Mensagem de cluster cluster_E para utilizador,alert,user_0158
cluster_D,Évora,2023-11-02 15:32:29,match_02412,37.666901,-7.350236,Mensagem de cluster cluster_D para utilizador,alert,user_0004
cluster_E,Évora,2023-04-29 11:08:43,match_02413,36.988668,-7.29213,Mensagem de cluster cluster_E para utilizador,info,user_0007
cluster_B,Viseu,2023-11-28 15:22:21,match_02414,39.826857,-6.343271,Mensagem de cluster cluster_C para utilizador,suggestion,user_0057
cluster_E,Aveiro,2024-07-30 02:37:59,match_02415,37.620603,-8.868489,Mensagem de cluster cluster_C para utilizador,suggestion,user_0030
cluster_E,Coimbra,2023-01-31 19:12:23,match_02416,40.802167,-8.565918,Mensagem de cluster cluster_E para utilizador,invite,user_0172
cluster_D,Évora,2023-06-10 03:59:27,match_02417,38.980381,-9.182921,Mensagem de cluster cluster_E para utilizador,alert,user_0157
cluster_A,Braga,2023-01-03 16:46:21,match_02418,38.592971,-6.653097,Mensagem de cluster cluster_B para utilizador,info,user_0090
cluster_A,Leiria,2023-06-12 19:23:58,match_02419,37.268246,-7.974232,Mensagem de cluster cluster_A para utilizador,invite,user_0036
cluster_C,Aveiro,2023-06-18 02:24:02,match_02420,41.880325,-6.415844,Mensagem de cluster cluster_D para utilizador,invite,user_0099
cluster_B,Viseu,2024-03-31 11:04:43,match_02421,41.680054,-8.100303,Mensagem de cluster cluster_D para utilizador,invite,user_0113
cluster_C,Leiria,2023-06-24 11:36:48,match_02422,37.557985,-7.995112,Mensagem de cluster cluster_D para utilizador,suggestion,user_0176
cluster_E,Porto,2024-06-20 05:56:59,match_02423,38.564058,-7.975588,Mensagem de cluster cluster_A para utilizador,alert,user_0147
cluster_C,Coimbra,2024-11-26 09:20:44,match_02424,38.853938,-7.417523,Mensagem de cluster cluster_E para utilizador,alert,user_0191
cluster_C,Lisboa,2023-08-31 00:08:40,match_02425,38.384005,-6.895178,Mensagem de cluster cluster_A para utilizador,info,user_0002
cluster_C,Aveiro,2024-06-24 06:13:33,match_02426,41.572343,-8.305606,Mensagem de cluster cluster_B para utilizador,suggestion,user_0142
cluster_B,Coimbra,2023-05-30 21:08:33,match_02427,40.506709,-7.357437,Mensagem de cluster cluster_E para utilizador,suggestion,user_0113
cluster_A,Coimbra,2023-05-15 11:57:49,match_02428,41.679582,-8.806511,Mensagem de cluster cluster_C para utilizador,invite,user_0100
cluster_A,Évora,2024-12-23 14:39:47,match_02429,41.272527,-7.61624,Mensagem de cluster cluster_A para utilizador,info,user_0104
cluster_C,Setúbal,2023-09-22 20:33:23,match_02430,40.672708,-7.641611,Mensagem de cluster cluster_A para utilizador,invite,user_0112
cluster_B,Braga,2023-02-23 19:46:11,match_02431,40.384836,-6.478366,Mensagem de cluster cluster_D para utilizador,info,user_0035
cluster_A,Aveiro,2023-01-22 21:54:29,match_02432,41.230812,-6.454126,Mensagem de cluster cluster_B para utilizador,info,user_0149
cluster_D,Porto,2023-03-26 02:06:59,match_02433,40.320749,-7.843482,Mensagem de cluster cluster_A para utilizador,suggestion,user_0145
cluster_A,Lisboa,2023-08-01 02:53:43,match_02434,37.843599,-9.416362,Mensagem de cluster cluster_E para utilizador,suggestion,user_0082
cluster_A,Porto,2023-05-22 21:56:54,match_02435,40.140633,-6.628285,Mensagem de cluster cluster_E para utilizador,alert,user_0032
cluster_B,Leiria,2024-03-03 13:13:32,match_02436,39.475008,-9.497884,Mensagem de cluster cluster_C para utilizador,alert,user_0151
cluster_B,Faro,2024-07-12 20:08:00,match_02437,41.809473,-7.873938,Mensagem de cluster cluster_A para utilizador,alert,user_0134
cluster_A,Faro,2023-02-02 01:12:45,match_02438,39.449828,-9.432713,Mensagem de cluster cluster_B para utilizador,suggestion,user_0029
cluster_D,Setúbal,2023-01-22 16:05:28,match_02439,37.092275,-8.30119,Mensagem de cluster cluster_C para utilizador,invite,user_0063
cluster_D,Braga,2023-05-25 09:53:38,match_02440,38.220948,-7.335,Mensagem de cluster cluster_C para utilizador,info,user_0198
cluster_C,Lisboa,2023-05-08 03:02:54,match_02441,41.486909,-8.237917,Mensagem de cluster cluster_D para utilizador,info,user_0125
cluster_C,Aveiro,2024-10-08 07:53:47,match_02442,41.711782,-6.348569,Mensagem de cluster cluster_C para utilizador,alert,user_0096
cluster_A,Évora,2024-06-08 18:01:06,match_02443,40.542493,-7.321404,Mensagem de cluster cluster_A para utilizador,info,user_0081
cluster_A,Aveiro,2023-09-06 01:36:08,match_02444,37.184319,-7.302091,Mensagem de cluster cluster_B para utilizador,info,user_0132
cluster_A,Leiria,2024-02-09 18:55:36,match_02445,37.017707,-8.226914,Mensagem de cluster cluster_C para utilizador,suggestion,user_0058
cluster_D,Porto,2023-05-11 08:02:45,match_02446,39.297975,-9.368952,Mensagem de cluster cluster_A para utilizador,suggestion,user_0159
cluster_E,Faro,2023-01-16 16:32:25,match_02447,41.898362,-6.990189,Mensagem de cluster cluster_E para utilizador,info,user_0150
cluster_C,Porto,2024-09-07 07:16:56,match_02448,41.246484,-7.064768,Mensagem de cluster cluster_E para utilizador,invite,user_0155
cluster_C,Aveiro,2024-10-26 18:34:10,match_02449,41.565538,-7.697575,Mensagem de cluster cluster_B para utilizador,alert,user_0118
cluster_E,Coimbra,2023-01-16 07:48:38,match_02450,40.017708,-8.084689,Mensagem de cluster cluster_E para utilizador,info,user_0085
cluster_A,Coimbra,2024-05-09 12:57:56,match_02451,41.195624,-7.669722,Mensagem de cluster cluster_E para utilizador,info,user_0084
cluster_C,Viseu,2023-10-04 14:43:36,match_02452,38.498492,-6.960828,Mensagem de cluster cluster_E para utilizador,alert,user_0087
cluster_D,Aveiro,2024-07-28 19:29:40,match_02453,37.03682,-7.07653,Mensagem de cluster cluster_C para utilizador,suggestion,user_0016
cluster_E,Évora,2023-03-23 00:10:37,match_02454,41.491253,-7.262427,Mensagem de cluster cluster_D para utilizador,alert,user_0006
cluster_D,Lisboa,2024-11-14 08:43:08,match_02455,37.992153,-6.427157,Mensagem de cluster cluster_E para utilizador,invite,user_0007
cluster_A,Évora,2023-08-11 16:52:05,match_02456,40.542432,-7.42638,Mensagem de cluster cluster_A para utilizador,info,user_0014
cluster_C,Viseu,2023-06-25 07:25:36,match_02457,40.194837,-9.450667,Mensagem de cluster cluster_E para utilizador,info,user_0003
cluster_D,Braga,2024-08-13 22:13:32,match_02458,37.690818,-7.398583,Mensagem de cluster cluster_A para utilizador,info,user_0049
cluster_E,Faro,2024-04-27 11:07:14,match_02459,37.878895,-7.417299,Mensagem de cluster cluster_E para utilizador,alert,user_0036
cluster_A,Aveiro,2024-11-18 01:09:14,match_02460,38.545362,-9.263237,Mensagem de cluster cluster_D para utilizador,invite,user_0029
cluster_C,Setúbal,2024-12-14 06:49:27,match_02461,40.684653,-8.045719,Mensagem de cluster cluster_C para utilizador,info,user_0132
cluster_C,Aveiro,2024-12-29 07:36:53,match_02462,37.096221,-7.286273,Mensagem de cluster cluster_A para utilizador,suggestion,user_0168
cluster_A,Faro,2024-10-05 14:44:58,match_02463,38.935344,-7.104696,Mensagem de cluster cluster_A para utilizador,invite,user_0169
cluster_A,Viseu,2024-10-03 05:21:17,match_02464,40.225566,-6.463631,Mensagem de cluster cluster_C para utilizador,invite,user_0150
cluster_A,Leiria,2023-02-17 17:24:50,match_02465,37.757355,-6.639305,Mensagem de cluster cluster_D para utilizador,invite,user_0132
cluster_D,Setúbal,2023-04-16 10:27:10,match_02466,37.497086,-9.103724,Mensagem de cluster cluster_C para utilizador,invite,user_0121
cluster_B,Leiria,2024-11-05 15:12:13,match_02467,38.851061,-7.430133,Mensagem de cluster cluster_B para utilizador,suggestion,user_0023
cluster_C,Coimbra,2024-08-03 06:36:54,match_02468,38.332796,-7.471963,Mensagem de cluster cluster_C para utilizador,invite,user_0102
cluster_D,Porto,2023-05-20 22:15:22,match_02469,40.145478,-8.467257,Mensagem de cluster cluster_A para utilizador,suggestion,user_0132
cluster_E,Aveiro,2023-10-04 01:59:08,match_02470,41.747843,-8.874041,Mensagem de cluster cluster_B para utilizador,alert,user_0196
cluster_C,Faro,2023-10-01 04:57:10,match_02471,36.922345,-8.821671,Mensagem de cluster cluster_B para utilizador,alert,user_0018
cluster_B,Porto,2024-03-13 16:06:04,match_02472,41.4119,-8.896338,Mensagem de cluster cluster_E para utilizador,alert,user_0001
cluster_E,Setúbal,2024-12-14 04:42:59,match_02473,39.066115,-6.758704,Mensagem de cluster cluster_C para utilizador,alert,user_0032
cluster_C,Braga,2023-06-28 12:30:34,match_02474,40.220039,-8.995464,Mensagem de cluster cluster_A para utilizador,suggestion,user_0149
cluster_B,Lisboa,2023-02-03 17:20:23,match_02475,41.155135,-8.601067,Mensagem de cluster cluster_B para utilizador,info,user_0166
cluster_A,Setúbal,2024-03-25 16:48:38,match_02476,39.767293,-8.759519,Mensagem de cluster cluster_D para utilizador,suggestion,user_0154
cluster_B,Aveiro,2023-05-19 01:04:11,match_02477,37.386559,-7.076287,Mensagem de cluster cluster_A para utilizador,alert,user_0041
cluster_C,Lisboa,2024-01-26 21:24:19,match_02478,37.602976,-8.961454,Mensagem de cluster cluster_E para utilizador,info,user_0177
cluster_B,Braga,2024-07-30 09:34:41,match_02479,40.8464,-9.418179,Mensagem de cluster cluster_E para utilizador,info,user_0085
cluster_C,Setúbal,2023-08-28 04:57:51,match_02480,38.045491,-8.227634,Mensagem de cluster cluster_A para utilizador,info,user_0093
cluster_C,Viseu,2023-02-08 21:05:50,match_02481,39.745188,-8.46268,Mensagem de cluster cluster_C para utilizador,info,user_0117
cluster_B,Braga,2024-08-03 19:07:15,match_02482,39.040403,-8.147804,Mensagem de cluster cluster_A para utilizador,invite,user_0169
cluster_B,Évora,2024-09-29 04:21:29,match_02483,38.418195,-6.937026,Mensagem de cluster cluster_D para utilizador,alert,user_0096
cluster_E,Setúbal,2024-09-13 14:19:34,match_02484,40.834838,-9.457953,Mensagem de cluster cluster_E para utilizador,alert,user_0059
cluster_E,Leiria,2024-12-07 22:05:35,match_02485,40.556083,-9.371794,Mensagem de cluster cluster_E para utilizador,alert,user_0132
cluster_D,Setúbal,2024-10-08 15:49:00,match_02486,40.130544,-8.630808,Mensagem de cluster cluster_A para utilizador,suggestion,user_0141
cluster_C,Évora,2023-06-02 17:50:32,match_02487,38.763357,-6.476691,Mensagem de cluster cluster_E para utilizador,alert,user_0061
cluster_E,Porto,2023-03-01 10:15:46,match_02488,38.032352,-8.925147,Mensagem de cluster cluster_D para utilizador,alert,user_0051
cluster_D,Viseu,2023-12-10 14:05:27,match_02489,39.479475,-6.110071,Mensagem de cluster cluster_B para utilizador,alert,user_0163
cluster_C,Coimbra,2024-04-29 08:33:30,match_02490,40.985521,-6.760645,Mensagem de cluster cluster_C para utilizador,suggestion,user_0091
cluster_D,Faro,2023-02-17 08:34:32,match_02491,39.778325,-7.949136,Mensagem de cluster cluster_A para utilizador,alert,user_0065
cluster_E,Porto,2024-01-07 06:54:49,match_02492,41.750698,-6.957268,Mensagem de cluster cluster_A para utilizador,alert,user_0049
cluster_D,Viseu,2024-07-02 10:55:00,match_02493,36.977187,-7.736029,Mensagem de cluster cluster_A para utilizador,invite,user_0177
cluster_B,Viseu,2024-04-15 21:39:13,match_02494,41.891734,-7.575626,Mensagem de cluster cluster_D para utilizador,alert,user_0103
cluster_D,Viseu,2024-01-07 16:27:25,match_02495,40.357045,-7.525376,Mensagem de cluster cluster_E para utilizador,info,user_0142
cluster_A,Évora,2023-12-30 23:15:28,match_02496,41.06337,-7.29435,Mensagem de cluster cluster_B para utilizador,suggestion,user_0165
cluster_A,Coimbra,2023-12-05 21:57:45,match_02497,38.574762,-9.293402,Mensagem de cluster cluster_C para utilizador,info,user_0030
cluster_D,Leiria,2023-08-23 22:20:28,match_02498,39.441707,-7.403906,Mensagem de cluster cluster_D para utilizador,invite,user_0142
cluster_A,Aveiro,2023-09-30 22:21:18,match_02499,40.884946,-7.062375,Mensagem de cluster cluster_D para utilizador,alert,user_0092
cluster_D,Viseu,2024-05-21 23:48:34,match_02500,40.703247,-8.443541,Mensagem de cluster cluster_C para utilizador,suggestion,user_0155
cluster_D,Leiria,2024-06-06 10:11:08,match_02501,38.570172,-6.172832,Mensagem de cluster cluster_B para utilizador,invite,user_0062
cluster_D,Aveiro,2023-12-28 04:45:22,match_02502,38.522051,-9.008887,Mensagem de cluster cluster_A para utilizador,suggestion,user_0003
cluster_A,Faro,2023-07-15 21:14:14,match_02503,40.214056,-6.404495,Mensagem de cluster cluster_A para utilizador,info,user_0198
cluster_C,Leiria,2023-10-20 16:34:30,match_02504,41.568296,-7.200072,Mensagem de cluster cluster_A para utilizador,invite,user_0039
cluster_D,Faro,2024-11-03 11:09:54,match_02505,39.09393,-7.241331,Mensagem de cluster cluster_B para utilizador,suggestion,user_0019
cluster_D,Aveiro,2024-03-02 07:22:31,match_02506,38.664709,-6.521523,Mensagem de cluster cluster_E para utilizador,info,user_0105
cluster_B,Coimbra,2023-01-27 17:18:38,match_02507,41.373435,-6.672121,Mensagem de cluster cluster_E para utilizador,invite,user_0098
cluster_B,Faro,2023-06-10 06:06:01,match_02508,40.31528,-8.325523,Mensagem de cluster cluster_D para utilizador,alert,user_0128
cluster_E,Coimbra,2023-05-29 04:34:07,match_02509,38.84138,-7.101743,Mensagem de cluster cluster_A para utilizador,alert,user_0167
cluster_A,Porto,2024-09-22 02:42:28,match_02510,37.186381,-9.327951,Mensagem de cluster cluster_E para utilizador,info,user_0010
cluster_C,Coimbra,2023-10-17 00:10:03,match_02511,40.507446,-7.922337,Mensagem de cluster cluster_D para utilizador,alert,user_0175
cluster_D,Faro,2023-08-12 09:06:11,match_02512,38.664432,-6.311557,Mensagem de cluster cluster_A para utilizador,alert,user_0128
cluster_D,Setúbal,2024-10-10 18:10:49,match_02513,37.252831,-8.568096,Mensagem de cluster cluster_D para utilizador,invite,user_0089
cluster_A,Coimbra,2024-02-22 02:24:33,match_02514,39.961445,-9.330099,Mensagem de cluster cluster_D para utilizador,invite,user_0151
cluster_E,Viseu,2024-11-13 21:56:27,match_02515,38.515034,-7.517987,Mensagem de cluster cluster_B para utilizador,invite,user_0059
cluster_E,Coimbra,2023-10-01 02:21:39,match_02516,38.592283,-8.292661,Mensagem de cluster cluster_D para utilizador,invite,user_0083
cluster_B,Setúbal,2024-02-06 21:40:14,match_02517,39.295851,-8.209076,Mensagem de cluster cluster_D para utilizador,invite,user_0102
cluster_A,Évora,2023-04-09 01:28:01,match_02518,40.487374,-7.519646,Mensagem de cluster cluster_E para utilizador,invite,user_0148
cluster_E,Évora,2023-03-03 08:10:23,match_02519,38.281652,-7.386597,Mensagem de cluster cluster_B para utilizador,alert,user_0173
cluster_E,Coimbra,2023-11-21 11:43:59,match_02520,37.30473,-8.013105,Mensagem de cluster cluster_A para utilizador,invite,user_0044
cluster_C,Faro,2023-09-14 15:35:35,match_02521,39.022129,-7.774333,Mensagem de cluster cluster_D para utilizador,suggestion,user_0018
cluster_B,Braga,2024-03-02 07:01:05,match_02522,37.174627,-6.12293,Mensagem de cluster cluster_A para utilizador,suggestion,user_0048
cluster_B,Faro,2023-12-06 15:14:04,match_02523,40.386343,-6.245697,Mensagem de cluster cluster_E para utilizador,info,user_0075
cluster_B,Viseu,2024-03-29 10:07:27,match_02524,41.696217,-7.095122,Mensagem de cluster cluster_C para utilizador,suggestion,user_0001
cluster_E,Faro,2023-11-08 01:18:47,match_02525,40.193794,-8.95097,Mensagem de cluster cluster_C para utilizador,invite,user_0160
cluster_D,Coimbra,2023-12-08 07:29:35,match_02526,38.276952,-8.276136,Mensagem de cluster cluster_B para utilizador,alert,user_0097
cluster_E,Setúbal,2023-10-26 12:51:09,match_02527,37.808512,-6.4975,Mensagem de cluster cluster_C para utilizador,suggestion,user_0192
cluster_E,Faro,2024-08-10 06:55:05,match_02528,38.063918,-8.059876,Mensagem de cluster cluster_D para utilizador,invite,user_0007
cluster_A,Aveiro,2023-08-20 10:11:52,match_02529,38.00805,-6.25175,Mensagem de cluster cluster_A para utilizador,invite,user_0095
cluster_B,Porto,2023-10-07 03:08:19,match_02530,38.469153,-7.839774,Mensagem de cluster cluster_B para utilizador,alert,user_0090
cluster_B,Setúbal,2023-05-12 01:59:29,match_02531,37.386733,-6.569985,Mensagem de cluster cluster_B para utilizador,invite,user_0199
cluster_C,Porto,2023-06-20 16:00:28,match_02532,41.378595,-9.379712,Mensagem de cluster cluster_A para utilizador,invite,user_0100
cluster_B,Setúbal,2024-04-16 02:37:01,match_02533,41.325602,-8.023843,Mensagem de cluster cluster_E para utilizador,suggestion,user_0174
cluster_E,Coimbra,2023-09-20 03:18:29,match_02534,39.976181,-7.11911,Mensagem de cluster cluster_A para utilizador,suggestion,user_0152
cluster_A,Lisboa,2023-03-02 03:58:20,match_02535,37.209602,-6.563881,Mensagem de cluster cluster_B para utilizador,info,user_0069
cluster_C,Setúbal,2024-09-07 02:24:40,match_02536,40.920004,-7.427248,Mensagem de cluster cluster_D para utilizador,info,user_0108
cluster_E,Braga,2024-01-10 08:05:53,match_02537,37.208943,-8.910909,Mensagem de cluster cluster_E para utilizador,suggestion,user_0164
cluster_E,Évora,2024-04-14 20:49:30,match_02538,37.432106,-6.4883,Mensagem de cluster cluster_E para utilizador,suggestion,user_0195
cluster_C,Braga,2024-07-27 16:30:00,match_02539,38.526482,-7.545635,Mensagem de cluster cluster_A para utilizador,info,user_0050
cluster_E,Viseu,2024-11-07 10:08:08,match_02540,39.057352,-9.132738,Mensagem de cluster cluster_A para utilizador,info,user_0187
cluster_E,Coimbra,2023-03-13 20:07:39,match_02541,38.669445,-7.922921,Mensagem de cluster cluster_B para utilizador,suggestion,user_0186
cluster_A,Leiria,2023-02-22 02:01:43,match_02542,37.726149,-7.123592,Mensagem de cluster cluster_A para utilizador,invite,user_0046
cluster_A,Évora,2023-01-28 22:41:23,match_02543,37.460649,-7.966546,Mensagem de cluster cluster_A para utilizador,invite,user_0198
cluster_A,Coimbra,2023-05-27 05:22:17,match_02544,41.197076,-6.539314,Mensagem de cluster cluster_A para utilizador,alert,user_0023
cluster_B,Porto,2023-05-24 13:14:36,match_02545,38.715906,-8.059439,Mensagem de cluster cluster_B para utilizador,suggestion,user_0012
cluster_C,Faro,2023-08-29 08:18:26,match_02546,37.992997,-7.516261,Mensagem de cluster cluster_D para utilizador,suggestion,user_0156
cluster_A,Aveiro,2023-08-09 23:34:37,match_02547,39.334957,-8.782021,Mensagem de cluster cluster_B para utilizador,suggestion,user_0186
cluster_E,Porto,2024-08-18 08:41:41,match_02548,37.084117,-7.756866,Mensagem de cluster cluster_C para utilizador,suggestion,user_0061
cluster_B,Leiria,2024-05-13 23:36:32,match_02549,39.901406,-8.742285,Mensagem de cluster cluster_A para utilizador,suggestion,user_0183
cluster_C,Faro,2023-07-20 08:37:08,match_02550,38.142448,-8.734364,Mensagem de cluster cluster_C para utilizador,info,user_0034
cluster_A,Setúbal,2024-05-30 02:51:32,match_02551,39.890982,-8.548331,Mensagem de cluster cluster_C para utilizador,info,user_0094
cluster_A,Évora,2024-12-29 12:53:05,match_02552,39.970626,-9.349722,Mensagem de cluster cluster_E para utilizador,invite,user_0101
cluster_C,Leiria,2024-12-29 20:03:26,match_02553,40.946121,-8.944747,Mensagem de cluster cluster_B para utilizador,invite,user_0018
cluster_A,Évora,2024-07-03 05:45:23,match_02554,38.049524,-8.057174,Mensagem de cluster cluster_C para utilizador,suggestion,user_0120
cluster_C,Coimbra,2024-06-24 01:39:50,match_02555,39.217323,-9.054394,Mensagem de cluster cluster_B para utilizador,info,user_0163
cluster_C,Faro,2024-10-28 00:56:30,match_02556,41.709437,-9.046492,Mensagem de cluster cluster_E para utilizador,invite,user_0176
cluster_E,Braga,2023-01-07 05:30:48,match_02557,40.535624,-6.209032,Mensagem de cluster cluster_D para utilizador,suggestion,user_0037
cluster_C,Lisboa,2023-08-07 14:47:13,match_02558,41.776719,-8.047869,Mensagem de cluster cluster_D para utilizador,alert,user_0041
cluster_D,Braga,2024-08-23 06:51:04,match_02559,41.536829,-8.127309,Mensagem de cluster cluster_A para utilizador,suggestion,user_0134
cluster_A,Lisboa,2024-07-25 16:24:25,match_02560,39.953743,-8.589699,Mensagem de cluster cluster_A para utilizador,alert,user_0128
cluster_E,Faro,2023-10-22 18:46:16,match_02561,38.219652,-7.75768,Mensagem de cluster cluster_A para utilizador,alert,user_0086
cluster_B,Évora,2023-10-24 04:53:19,match_02562,40.684621,-7.473379,Mensagem de cluster cluster_C para utilizador,suggestion,user_0091
cluster_D,Leiria,2024-02-28 08:47:24,match_02563,40.390596,-8.078169,Mensagem de cluster cluster_E para utilizador,suggestion,user_0039
cluster_C,Coimbra,2024-04-23 09:00:18,match_02564,39.844451,-8.161051,Mensagem de cluster cluster_B para utilizador,suggestion,user_0004
cluster_B,Viseu,2023-12-11 13:30:35,match_02565,40.389146,-7.118549,Mensagem de cluster cluster_D para utilizador,suggestion,user_0144
cluster_B,Viseu,2024-01-10 05:34:29,match_02566,39.967932,-6.270759,Mensagem de cluster cluster_C para utilizador,invite,user_0052
cluster_B,Lisboa,2024-07-09 15:31:57,match_02567,39.496895,-6.515405,Mensagem de cluster cluster_B para utilizador,invite,user_0113
cluster_B,Évora,2023-04-19 23:24:20,match_02568,38.979777,-9.096691,Mensagem de cluster cluster_D para utilizador,alert,user_0019
cluster_E,Braga,2023-10-18 04:17:33,match_02569,37.123542,-7.282151,Mensagem de cluster cluster_C para utilizador,suggestion,user_0092
cluster_E,Lisboa,2023-06-15 15:44:55,match_02570,41.22844,-9.476038,Mensagem de cluster cluster_C para utilizador,invite,user_0121
cluster_B,Coimbra,2024-06-30 20:52:53,match_02571,41.227703,-7.347488,Mensagem de cluster cluster_E para utilizador,invite,user_0017
cluster_D,Leiria,2023-12-13 08:09:29,match_02572,39.870237,-7.921198,Mensagem de cluster cluster_C para utilizador,info,user_0173
cluster_A,Setúbal,2024-01-12 13:15:36,match_02573,38.239422,-7.830216,Mensagem de cluster cluster_B para utilizador,info,user_0130
cluster_A,Setúbal,2024-07-27 18:16:33,match_02574,37.040655,-7.500713,Mensagem de cluster cluster_E para utilizador,invite,user_0130
cluster_E,Évora,2024-07-07 01:31:30,match_02575,36.907144,-6.974972,Mensagem de cluster cluster_C para utilizador,alert,user_0088
cluster_D,Lisboa,2024-06-11 10:22:52,match_02576,37.264537,-7.019843,Mensagem de cluster cluster_C para utilizador,invite,user_0055
cluster_D,Faro,2023-12-03 19:44:52,match_02577,38.699432,-9.348771,Mensagem de cluster cluster_E para utilizador,suggestion,user_0091
cluster_C,Coimbra,2024-08-01 02:20:55,match_02578,37.84198,-6.995919,Mensagem de cluster cluster_E para utilizador,invite,user_0004
cluster_E,Coimbra,2023-08-17 13:04:15,match_02579,38.22529,-6.678626,Mensagem de cluster cluster_A para utilizador,info,user_0123
cluster_D,Évora,2023-05-18 03:04:17,match_02580,40.398302,-9.268213,Mensagem de cluster cluster_A para utilizador,info,user_0100
cluster_D,Porto,2024-07-16 04:41:46,match_02581,41.695749,-8.401982,Mensagem de cluster cluster_C para utilizador,suggestion,user_0140
cluster_A,Faro,2024-05-24 11:55:51,match_02582,37.933879,-6.806982,Mensagem de cluster cluster_D para utilizador,invite,user_0182
cluster_D,Évora,2023-06-02 23:55:29,match_02583,39.22822,-7.823437,Mensagem de cluster cluster_E para utilizador,suggestion,user_0060
cluster_D,Braga,2023-11-25 11:30:29,match_02584,41.857397,-7.13737,Mensagem de cluster cluster_D para utilizador,alert,user_0029
cluster_B,Porto,2024-02-12 15:59:17,match_02585,41.558372,-7.792126,Mensagem de cluster cluster_C para utilizador,info,user_0189
cluster_A,Lisboa,2023-10-01 12:44:48,match_02586,38.661582,-6.174044,Mensagem de cluster cluster_A para utilizador,invite,user_0046
cluster_A,Faro,2024-02-26 13:56:52,match_02587,38.498445,-6.316944,Mensagem de cluster cluster_B para utilizador,invite,user_0097
cluster_B,Faro,2023-04-04 16:36:56,match_02588,38.110853,-8.544106,Mensagem de cluster cluster_B para utilizador,alert,user_0049
cluster_A,Coimbra,2024-11-19 15:33:43,match_02589,37.677014,-8.187992,Mensagem de cluster cluster_E para utilizador,alert,user_0120
cluster_C,Aveiro,2023-01-08 01:36:49,match_02590,39.20026,-8.033424,Mensagem de cluster cluster_B para utilizador,info,user_0146
cluster_C,Porto,2024-08-14 14:13:56,match_02591,38.605603,-9.145705,Mensagem de cluster cluster_C para utilizador,alert,user_0076
cluster_E,Coimbra,2024-09-01 00:54:59,match_02592,40.624188,-8.126145,Mensagem de cluster cluster_E para utilizador,info,user_0074
cluster_A,Faro,2023-09-06 01:41:08,match_02593,38.084333,-6.865517,Mensagem de cluster cluster_B para utilizador,info,user_0152
cluster_A,Leiria,2023-11-02 23:27:39,match_02594,40.581661,-6.620553,Mensagem de cluster cluster_A para utilizador,suggestion,user_0017
cluster_C,Braga,2024-05-15 14:33:51,match_02595,38.340733,-6.487149,Mensagem de cluster cluster_C para utilizador,suggestion,user_0107
cluster_E,Lisboa,2023-10-22 11:01:11,match_02596,39.863644,-9.450499,Mensagem de cluster cluster_B para utilizador,info,user_0096
cluster_E,Coimbra,2024-07-22 09:49:56,match_02597,40.09215,-6.818059,Mensagem de cluster cluster_A para utilizador,invite,user_0184
cluster_C,Viseu,2024-01-28 10:49:19,match_02598,40.258907,-7.791066,Mensagem de cluster cluster_B para utilizador,suggestion,user_0089
cluster_C,Setúbal,2023-08-27 00:54:47,match_02599,37.776695,-8.799059,Mensagem de cluster cluster_D para utilizador,invite,user_0052
cluster_B,Évora,2023-01-17 23:09:43,match_02600,38.313557,-7.804267,Mensagem de cluster cluster_D para utilizador,alert,user_0071
cluster_E,Coimbra,2024-07-27 07:28:07,match_02601,38.130578,-6.629514,Mensagem de cluster cluster_A para utilizador,invite,user_0020
cluster_E,Coimbra,2024-11-04 03:57:58,match_02602,39.780802,-8.023552,Mensagem de cluster cluster_A para utilizador,alert,user_0157
cluster_B,Setúbal,2023-04-23 04:40:13,match_02603,37.278732,-6.132432,Mensagem de cluster cluster_D para utilizador,info,user_0083
cluster_C,Lisboa,2024-11-26 10:12:35,match_02604,39.491282,-7.403277,Mensagem de cluster cluster_A para utilizador,info,user_0178
cluster_B,Faro,2023-08-30 01:59:21,match_02605,37.337335,-7.834804,Mensagem de cluster cluster_C para utilizador,info,user_0119
cluster_B,Braga,2024-04-04 18:47:04,match_02606,38.58528,-8.497376,Mensagem de cluster cluster_C para utilizador,alert,user_0118
cluster_D,Aveiro,2024-03-16 04:36:31,match_02607,40.33353,-9.462426,Mensagem de cluster cluster_E para utilizador,invite,user_0143
cluster_E,Faro,2024-03-19 17:18:32,match_02608,38.96282,-7.424136,Mensagem de cluster cluster_D para utilizador,suggestion,user_0159
cluster_C,Évora,2024-09-24 20:52:19,match_02609,38.301709,-7.536515,Mensagem de cluster cluster_C para utilizador,suggestion,user_0013
cluster_D,Aveiro,2024-12-16 12:36:55,match_02610,39.979286,-7.742831,Mensagem de cluster cluster_A para utilizador,invite,user_0056
cluster_D,Aveiro,2023-05-30 01:39:53,match_02611,40.601346,-7.671805,Mensagem de cluster cluster_A para utilizador,suggestion,user_0019
cluster_D,Porto,2023-10-13 03:56:43,match_02612,38.172925,-6.632024,Mensagem de cluster cluster_C para utilizador,alert,user_0070
cluster_C,Porto,2024-01-26 04:16:29,match_02613,38.397,-8.422642,Mensagem de cluster cluster_E para utilizador,alert,user_0156
cluster_B,Viseu,2023-05-18 11:41:37,match_02614,40.10147,-7.629137,Mensagem de cluster cluster_D para utilizador,suggestion,user_0150
cluster_C,Faro,2023-03-21 07:20:38,match_02615,41.726116,-7.188178,Mensagem de cluster cluster_D para utilizador,suggestion,user_0156
cluster_E,Braga,2024-02-20 17:54:10,match_02616,37.969358,-8.786616,Mensagem de cluster cluster_A para utilizador,alert,user_0080
cluster_E,Viseu,2023-11-26 14:53:56,match_02617,40.171238,-6.355614,Mensagem de cluster cluster_D para utilizador,invite,user_0114
cluster_B,Lisboa,2024-10-15 03:54:40,match_02618,41.432949,-6.993783,Mensagem de cluster cluster_D para utilizador,suggestion,user_0033
cluster_C,Aveiro,2023-03-10 01:35:28,match_02619,39.209834,-9.318796,Mensagem de cluster cluster_D para utilizador,suggestion,user_0114
cluster_B,Setúbal,2023-03-18 03:34:00,match_02620,38.484221,-6.558637,Mensagem de cluster cluster_A para utilizador,info,user_0173
cluster_B,Braga,2024-02-08 14:55:36,match_02621,40.234355,-6.338442,Mensagem de cluster cluster_B para utilizador,info,user_0176
cluster_C,Aveiro,2023-01-24 09:40:34,match_02622,37.057159,-6.801522,Mensagem de cluster cluster_B para utilizador,invite,user_0115
cluster_E,Lisboa,2024-05-17 23:42:36,match_02623,38.700803,-8.050836,Mensagem de cluster cluster_D para utilizador,alert,user_0063
cluster_C,Braga,2023-12-23 16:30:19,match_02624,38.18987,-6.119119,Mensagem de cluster cluster_B para utilizador,invite,user_0026
cluster_E,Leiria,2023-05-17 06:50:44,match_02625,38.023109,-9.076918,Mensagem de cluster cluster_D para utilizador,invite,user_0087
cluster_A,Setúbal,2023-02-20 17:28:58,match_02626,37.798796,-7.67554,Mensagem de cluster cluster_E para utilizador,invite,user_0001
cluster_A,Lisboa,2024-12-03 23:39:52,match_02627,40.585317,-8.920671,Mensagem de cluster cluster_A para utilizador,suggestion,user_0190
cluster_A,Leiria,2023-07-27 04:29:04,match_02628,41.675499,-8.006214,Mensagem de cluster cluster_C para utilizador,alert,user_0093
cluster_D,Évora,2023-06-20 02:51:02,match_02629,38.823853,-6.346757,Mensagem de cluster cluster_A para utilizador,alert,user_0200
cluster_E,Lisboa,2024-04-26 11:39:52,match_02630,37.145517,-6.799512,Mensagem de cluster cluster_E para utilizador,suggestion,user_0106
cluster_E,Lisboa,2023-02-21 02:02:22,match_02631,40.494559,-6.840921,Mensagem de cluster cluster_C para utilizador,invite,user_0131
cluster_C,Faro,2023-02-11 22:34:47,match_02632,39.591022,-8.296897,Mensagem de cluster cluster_A para utilizador,info,user_0084
cluster_E,Coimbra,2024-01-14 12:40:30,match_02633,40.518223,-6.323481,Mensagem de cluster cluster_E para utilizador,suggestion,user_0107
cluster_C,Aveiro,2023-05-06 10:23:11,match_02634,40.139521,-8.247913,Mensagem de cluster cluster_C para utilizador,invite,user_0116
cluster_D,Porto,2024-09-19 14:04:21,match_02635,41.42718,-9.36409,Mensagem de cluster cluster_C para utilizador,invite,user_0005
cluster_C,Setúbal,2023-10-27 22:17:19,match_02636,37.602201,-7.331476,Mensagem de cluster cluster_E para utilizador,invite,user_0173
cluster_A,Aveiro,2023-04-25 15:15:40,match_02637,37.745809,-8.266998,Mensagem de cluster cluster_B para utilizador,invite,user_0012
cluster_C,Lisboa,2023-03-22 20:14:02,match_02638,38.607846,-8.977335,Mensagem de cluster cluster_A para utilizador,info,user_0048
cluster_C,Braga,2024-01-27 14:39:24,match_02639,39.356944,-6.322163,Mensagem de cluster cluster_C para utilizador,info,user_0014
cluster_C,Lisboa,2023-12-16 02:57:36,match_02640,41.528569,-7.333386,Mensagem de cluster cluster_E para utilizador,suggestion,user_0053
cluster_E,Évora,2023-02-20 04:43:39,match_02641,41.434821,-6.302199,Mensagem de cluster cluster_D para utilizador,invite,user_0045
cluster_B,Lisboa,2024-11-28 05:17:43,match_02642,41.259361,-7.517872,Mensagem de cluster cluster_D para utilizador,suggestion,user_0160
cluster_B,Leiria,2024-09-23 23:03:18,match_02643,38.012635,-9.282864,Mensagem de cluster cluster_A para utilizador,invite,user_0158
cluster_B,Aveiro,2023-04-05 20:24:48,match_02644,40.548382,-9.398202,Mensagem de cluster cluster_A para utilizador,info,user_0012
cluster_E,Braga,2023-05-31 03:27:40,match_02645,38.817459,-6.438091,Mensagem de cluster cluster_E para utilizador,suggestion,user_0100
cluster_A,Coimbra,2023-11-12 12:09:21,match_02646,41.555915,-9.368325,Mensagem de cluster cluster_D para utilizador,alert,user_0083
cluster_B,Leiria,2024-06-02 01:26:48,match_02647,37.972679,-7.408402,Mensagem de cluster cluster_C para utilizador,suggestion,user_0044
cluster_B,Viseu,2023-12-13 14:08:45,match_02648,37.60629,-8.486882,Mensagem de cluster cluster_E para utilizador,alert,user_0153
cluster_D,Setúbal,2024-03-16 16:59:22,match_02649,41.111926,-7.161962,Mensagem de cluster cluster_D para utilizador,suggestion,user_0170
cluster_D,Faro,2024-11-16 13:58:57,match_02650,40.484538,-8.531944,Mensagem de cluster cluster_D para utilizador,info,user_0021
cluster_A,Faro,2024-03-04 20:51:32,match_02651,41.007108,-9.373445,Mensagem de cluster cluster_E para utilizador,alert,user_0189
cluster_C,Lisboa,2024-01-02 19:21:44,match_02652,37.689717,-7.015149,Mensagem de cluster cluster_E para utilizador,info,user_0066
cluster_C,Lisboa,2024-05-14 22:19:31,match_02653,41.323963,-8.442931,Mensagem de cluster cluster_E para utilizador,suggestion,user_0101
cluster_D,Braga,2023-07-21 01:43:33,match_02654,40.288102,-7.627284,Mensagem de cluster cluster_C para utilizador,info,user_0021
cluster_D,Porto,2023-01-06 10:24:24,match_02655,40.157804,-6.868856,Mensagem de cluster cluster_B para utilizador,invite,user_0026
cluster_A,Viseu,2023-04-15 03:57:49,match_02656,39.812919,-7.110401,Mensagem de cluster cluster_D para utilizador,alert,user_0160
cluster_A,Lisboa,2023-02-16 16:45:18,match_02657,40.724382,-8.314858,Mensagem de cluster cluster_D para utilizador,invite,user_0017
cluster_E,Faro,2023-10-19 10:37:50,match_02658,38.978042,-6.957389,Mensagem de cluster cluster_B para utilizador,alert,user_0004
cluster_C,Braga,2024-08-12 12:33:12,match_02659,37.564106,-6.352685,Mensagem de cluster cluster_B para utilizador,info,user_0039
cluster_E,Évora,2024-01-19 21:00:21,match_02660,39.596324,-7.426086,Mensagem de cluster cluster_A para utilizador,info,user_0015
cluster_B,Aveiro,2024-10-26 12:30:01,match_02661,40.64051,-7.108079,Mensagem de cluster cluster_C para utilizador,invite,user_0033
cluster_A,Viseu,2024-10-03 20:16:26,match_02662,37.668237,-6.555912,Mensagem de cluster cluster_C para utilizador,invite,user_0189
cluster_C,Setúbal,2023-12-02 22:47:02,match_02663,38.020103,-6.631622,Mensagem de cluster cluster_A para utilizador,suggestion,user_0142
cluster_C,Faro,2024-02-25 13:50:44,match_02664,40.382728,-8.304555,Mensagem de cluster cluster_B para utilizador,invite,user_0090
cluster_E,Viseu,2024-06-22 05:19:59,match_02665,38.248255,-6.128218,Mensagem de cluster cluster_E para utilizador,alert,user_0047
cluster_D,Faro,2023-07-30 04:12:52,match_02666,37.749704,-9.402876,Mensagem de cluster cluster_C para utilizador,alert,user_0130
cluster_D,Lisboa,2024-10-05 03:00:58,match_02667,41.34696,-6.145194,Mensagem de cluster cluster_C para utilizador,alert,user_0090
cluster_A,Setúbal,2023-11-30 02:29:31,match_02668,37.704477,-8.66361,Mensagem de cluster cluster_E para utilizador,suggestion,user_0066
cluster_D,Setúbal,2024-05-26 05:32:44,match_02669,38.620743,-8.002514,Mensagem de cluster cluster_D para utilizador,suggestion,user_0176
cluster_B,Braga,2024-06-03 12:04:18,match_02670,39.042151,-6.495458,Mensagem de cluster cluster_A para utilizador,alert,user_0192
cluster_C,Coimbra,2023-08-06 03:18:06,match_02671,39.2807,-8.669282,Mensagem de cluster cluster_E para utilizador,invite,user_0194
cluster_D,Coimbra,2024-03-23 12:14:31,match_02672,38.70655,-8.735742,Mensagem de cluster cluster_C para utilizador,info,user_0176
cluster_A,Setúbal,2024-08-14 06:55:59,match_02673,41.462692,-7.31343,Mensagem de cluster cluster_C para utilizador,suggestion,user_0081
cluster_B,Aveiro,2023-05-08 20:12:45,match_02674,40.193126,-7.101468,Mensagem de cluster cluster_C para utilizador,invite,user_0018
cluster_E,Leiria,2023-07-01 20:50:31,match_02675,38.697473,-9.4746,Mensagem de cluster cluster_C para utilizador,suggestion,user_0179
cluster_E,Leiria,2024-10-18 23:22:48,match_02676,38.688599,-7.96849,Mensagem de cluster cluster_E para utilizador,suggestion,user_0132
cluster_B,Faro,2024-06-19 06:26:02,match_02677,39.414762,-7.837029,Mensagem de cluster cluster_A para utilizador,info,user_0081
cluster_A,Aveiro,2023-12-01 05:08:57,match_02678,37.068316,-8.57576,Mensagem de cluster cluster_A para utilizador,suggestion,user_0161
cluster_E,Aveiro,2024-10-26 21:47:44,match_02679,41.533214,-7.643227,Mensagem de cluster cluster_C para utilizador,suggestion,user_0151
cluster_C,Viseu,2023-05-14 21:56:40,match_02680,38.016547,-8.974436,Mensagem de cluster cluster_E para utilizador,info,user_0181
cluster_C,Coimbra,2024-02-20 02:08:22,match_02681,40.387963,-8.39974,Mensagem de cluster cluster_C para utilizador,alert,user_0013
cluster_A,Coimbra,2023-10-15 07:01:08,match_02682,40.788614,-7.074987,Mensagem de cluster cluster_C para utilizador,suggestion,user_0071
cluster_A,Braga,2024-11-21 08:26:33,match_02683,41.036915,-6.529126,Mensagem de cluster cluster_B para utilizador,suggestion,user_0058
cluster_C,Faro,2023-06-24 23:27:39,match_02684,37.728212,-7.496112,Mensagem de cluster cluster_D para utilizador,alert,user_0191
cluster_A,Aveiro,2024-09-27 11:51:13,match_02685,39.583465,-9.245529,Mensagem de cluster cluster_D para utilizador,alert,user_0065
cluster_B,Aveiro,2023-07-19 20:33:37,match_02686,37.318372,-7.192264,Mensagem de cluster cluster_A para utilizador,alert,user_0104
cluster_A,Leiria,2024-04-03 12:01:03,match_02687,40.923962,-6.448167,Mensagem de cluster cluster_D para utilizador,alert,user_0042
cluster_C,Lisboa,2023-08-02 01:54:20,match_02688,39.332258,-7.785332,Mensagem de cluster cluster_A para utilizador,invite,user_0095
cluster_D,Coimbra,2024-10-30 21:30:42,match_02689,37.692445,-7.821447,Mensagem de cluster cluster_D para utilizador,alert,user_0100
cluster_A,Setúbal,2024-05-24 13:43:50,match_02690,40.493395,-6.129194,Mensagem de cluster cluster_A para utilizador,alert,user_0089
cluster_E,Faro,2024-06-11 08:36:44,match_02691,38.555849,-7.336588,Mensagem de cluster cluster_C para utilizador,alert,user_0109
cluster_B,Coimbra,2023-06-08 14:18:19,match_02692,37.472533,-6.759502,Mensagem de cluster cluster_D para utilizador,invite,user_0114
cluster_B,Braga,2023-12-27 05:54:08,match_02693,39.205369,-7.301922,Mensagem de cluster cluster_E para utilizador,info,user_0040
cluster_B,Porto,2024-12-25 10:40:04,match_02694,38.076233,-8.748887,Mensagem de cluster cluster_B para utilizador,alert,user_0094
cluster_E,Leiria,2024-02-08 13:28:28,match_02695,41.651109,-8.534134,Mensagem de cluster cluster_D para utilizador,invite,user_0102
cluster_E,Viseu,2024-12-27 13:56:34,match_02696,38.706808,-7.2366,Mensagem de cluster cluster_A para utilizador,suggestion,user_0021
cluster_B,Braga,2023-02-25 20:52:09,match_02697,39.762265,-7.949358,Mensagem de cluster cluster_E para utilizador,info,user_0083
cluster_B,Coimbra,2023-03-18 19:32:03,match_02698,41.641805,-8.125218,Mensagem de cluster cluster_A para utilizador,invite,user_0161
cluster_B,Lisboa,2024-07-13 13:45:52,match_02699,38.868606,-9.423663,Mensagem de cluster cluster_C para utilizador,alert,user_0111
cluster_A,Lisboa,2023-08-26 23:45:00,match_02700,38.690634,-6.493145,Mensagem de cluster cluster_E para utilizador,info,user_0198
cluster_E,Viseu,2023-11-26 04:23:54,match_02701,37.712028,-6.492708,Mensagem de cluster cluster_E para utilizador,invite,user_0042
cluster_C,Leiria,2023-07-04 12:28:16,match_02702,41.591518,-7.932698,Mensagem de cluster cluster_C para utilizador,invite,user_0037
cluster_A,Coimbra,2024-01-05 10:15:04,match_02703,40.903724,-7.117487,Mensagem de cluster cluster_A para utilizador,invite,user_0200
cluster_C,Viseu,2023-12-04 09:10:27,match_02704,38.005055,-8.895414,Mensagem de cluster cluster_D para utilizador,invite,user_0129
cluster_A,Coimbra,2023-02-23 10:23:06,match_02705,38.563372,-7.787043,Mensagem de cluster cluster_B para utilizador,invite,user_0077
cluster_A,Setúbal,2024-05-21 23:23:22,match_02706,41.474559,-8.007857,Mensagem de cluster cluster_C para utilizador,invite,user_0154
cluster_C,Porto,2024-07-01 07:22:37,match_02707,39.586398,-7.267514,Mensagem de cluster cluster_C para utilizador,invite,user_0113
cluster_B,Setúbal,2023-10-06 05:50:43,match_02708,39.681671,-7.903204,Mensagem de cluster cluster_C para utilizador,invite,user_0039
cluster_C,Évora,2024-06-28 13:10:27,match_02709,40.140722,-7.805323,Mensagem de cluster cluster_D para utilizador,suggestion,user_0047
cluster_D,Lisboa,2024-09-16 17:08:43,match_02710,40.710819,-8.494578,Mensagem de cluster cluster_B para utilizador,suggestion,user_0056
cluster_E,Aveiro,2023-10-17 13:44:03,match_02711,41.596428,-9.335361,Mensagem de cluster cluster_B para utilizador,alert,user_0110
cluster_D,Setúbal,2023-01-08 20:07:06,match_02712,40.911125,-6.382112,Mensagem de cluster cluster_B para utilizador,alert,user_0186
cluster_A,Leiria,2023-03-25 17:14:28,match_02713,41.572746,-9.458412,Mensagem de cluster cluster_B para utilizador,alert,user_0156
cluster_C,Coimbra,2024-10-31 12:14:23,match_02714,41.003049,-8.543497,Mensagem de cluster cluster_E para utilizador,alert,user_0185
cluster_B,Porto,2023-08-27 18:58:24,match_02715,37.13217,-7.978123,Mensagem de cluster cluster_A para utilizador,alert,user_0071
cluster_B,Leiria,2024-06-30 12:48:14,match_02716,37.487673,-8.415086,Mensagem de cluster cluster_B para utilizador,alert,user_0110
cluster_D,Aveiro,2023-12-20 20:58:54,match_02717,41.324465,-7.623479,Mensagem de cluster cluster_A para utilizador,suggestion,user_0200
cluster_D,Porto,2023-02-19 19:30:54,match_02718,37.038482,-7.930516,Mensagem de cluster cluster_A para utilizador,suggestion,user_0173
cluster_A,Aveiro,2024-02-05 08:28:04,match_02719,40.870873,-8.631381,Mensagem de cluster cluster_B para utilizador,suggestion,user_0065
cluster_E,Aveiro,2023-06-26 20:59:02,match_02720,41.149219,-9.200732,Mensagem de cluster cluster_E para utilizador,invite,user_0004
cluster_A,Faro,2024-11-24 12:19:22,match_02721,38.977323,-9.03238,Mensagem de cluster cluster_D para utilizador,invite,user_0189
cluster_B,Évora,2023-04-13 09:16:51,match_02722,38.674274,-7.846512,Mensagem de cluster cluster_E para utilizador,alert,user_0061
cluster_C,Évora,2024-08-21 21:52:32,match_02723,37.872021,-6.623785,Mensagem de cluster cluster_C para utilizador,info,user_0171
cluster_D,Coimbra,2024-09-06 08:10:32,match_02724,37.144594,-9.157828,Mensagem de cluster cluster_A para utilizador,suggestion,user_0105
cluster_B,Setúbal,2023-05-05 12:43:15,match_02725,40.626915,-7.197498,Mensagem de cluster cluster_E para utilizador,info,user_0147
cluster_A,Viseu,2023-01-14 04:31:06,match_02726,37.268635,-6.80689,Mensagem de cluster cluster_B para utilizador,alert,user_0086
cluster_E,Setúbal,2023-03-15 09:01:29,match_02727,41.623348,-8.558974,Mensagem de cluster cluster_A para utilizador,suggestion,user_0100
cluster_C,Setúbal,2023-08-03 17:24:51,match_02728,38.383717,-7.227986,Mensagem de cluster cluster_C para utilizador,info,user_0129
cluster_E,Leiria,2024-01-26 07:08:06,match_02729,40.871222,-7.165363,Mensagem de cluster cluster_C para utilizador,suggestion,user_0147
cluster_A,Porto,2023-10-13 07:40:59,match_02730,37.198413,-7.093505,Mensagem de cluster cluster_A para utilizador,info,user_0051
cluster_A,Viseu,2023-02-26 15:17:40,match_02731,39.581393,-6.471249,Mensagem de cluster cluster_C para utilizador,alert,user_0064
cluster_B,Aveiro,2024-07-11 10:04:48,match_02732,38.645498,-8.145011,Mensagem de cluster cluster_E para utilizador,alert,user_0063
cluster_C,Aveiro,2024-05-09 11:45:09,match_02733,37.050006,-8.671457,Mensagem de cluster cluster_A para utilizador,invite,user_0029
cluster_A,Lisboa,2023-04-23 01:15:29,match_02734,40.178997,-7.650927,Mensagem de cluster cluster_E para utilizador,info,user_0147
cluster_B,Porto,2023-09-19 09:41:02,match_02735,41.615814,-9.287336,Mensagem de cluster cluster_B para utilizador,suggestion,user_0043
cluster_A,Coimbra,2023-06-08 04:06:03,match_02736,36.953764,-8.364669,Mensagem de cluster cluster_C para utilizador,info,user_0070
cluster_B,Faro,2023-01-26 03:28:25,match_02737,38.252185,-6.497035,Mensagem de cluster cluster_A para utilizador,invite,user_0039
cluster_E,Faro,2024-05-07 18:46:23,match_02738,40.418029,-7.691004,Mensagem de cluster cluster_A para utilizador,invite,user_0023
cluster_B,Setúbal,2023-06-07 19:14:13,match_02739,41.256269,-8.015304,Mensagem de cluster cluster_E para utilizador,invite,user_0001
cluster_E,Évora,2024-05-23 14:55:34,match_02740,37.853896,-8.596675,Mensagem de cluster cluster_D para utilizador,invite,user_0061
cluster_D,Lisboa,2024-09-02 15:29:59,match_02741,37.253584,-8.648723,Mensagem de cluster cluster_A para utilizador,suggestion,user_0025
cluster_A,Évora,2024-08-15 09:41:13,match_02742,36.943207,-8.695519,Mensagem de cluster cluster_E para utilizador,suggestion,user_0132
cluster_D,Setúbal,2024-04-12 22:32:00,match_02743,37.976032,-6.680606,Mensagem de cluster cluster_A para utilizador,invite,user_0109
cluster_C,Faro,2024-06-06 23:30:38,match_02744,37.256586,-6.150931,Mensagem de cluster cluster_B para utilizador,suggestion,user_0108
cluster_D,Setúbal,2024-10-16 19:36:47,match_02745,38.69691,-7.681685,Mensagem de cluster cluster_B para utilizador,invite,user_0001
cluster_B,Aveiro,2023-10-13 03:38:03,match_02746,39.100629,-9.228566,Mensagem de cluster cluster_C para utilizador,alert,user_0040
cluster_B,Setúbal,2023-08-14 01:50:27,match_02747,39.299619,-6.946467,Mensagem de cluster cluster_E para utilizador,invite,user_0021
cluster_C,Faro,2023-02-08 06:18:55,match_02748,37.611647,-6.518015,Mensagem de cluster cluster_C para utilizador,alert,user_0171
cluster_C,Setúbal,2023-01-04 09:44:37,match_02749,39.21994,-6.333824,Mensagem de cluster cluster_D para utilizador,invite,user_0138
cluster_A,Leiria,2024-07-17 20:37:04,match_02750,36.945258,-7.362164,Mensagem de cluster cluster_A para utilizador,invite,user_0066
cluster_B,Lisboa,2024-07-13 23:50:29,match_02751,38.097105,-7.776605,Mensagem de cluster cluster_D para utilizador,suggestion,user_0017
cluster_C,Braga,2024-11-09 00:56:09,match_02752,38.74543,-7.390207,Mensagem de cluster cluster_C para utilizador,alert,user_0124
cluster_D,Braga,2023-10-01 11:46:30,match_02753,37.491758,-9.455968,Mensagem de cluster cluster_B para utilizador,suggestion,user_0141
cluster_B,Leiria,2023-06-24 03:13:35,match_02754,40.970023,-7.271572,Mensagem de cluster cluster_A para utilizador,invite,user_0091
cluster_C,Braga,2023-03-08 17:05:24,match_02755,37.906062,-7.087202,Mensagem de cluster cluster_C para utilizador,alert,user_0113
cluster_A,Setúbal,2023-11-04 19:52:53,match_02756,40.674449,-7.045097,Mensagem de cluster cluster_E para utilizador,invite,user_0126
cluster_E,Leiria,2024-12-23 04:22:18,match_02757,39.269465,-7.585556,Mensagem de cluster cluster_C para utilizador,alert,user_0010
cluster_B,Viseu,2023-09-04 02:17:00,match_02758,39.298715,-7.119849,Mensagem de cluster cluster_C para utilizador,info,user_0180
cluster_B,Faro,2023-05-21 06:29:59,match_02759,40.125972,-7.32797,Mensagem de cluster cluster_D para utilizador,alert,user_0138
cluster_B,Viseu,2024-05-03 07:59:40,match_02760,37.121389,-9.107203,Mensagem de cluster cluster_C para utilizador,info,user_0047
cluster_B,Leiria,2023-06-11 00:20:55,match_02761,37.293797,-6.445553,Mensagem de cluster cluster_D para utilizador,invite,user_0009
cluster_E,Leiria,2024-10-06 01:39:06,match_02762,38.534217,-7.382726,Mensagem de cluster cluster_C para utilizador,invite,user_0046
cluster_E,Setúbal,2024-08-04 18:06:40,match_02763,38.984113,-7.025499,Mensagem de cluster cluster_E para utilizador,suggestion,user_0117
cluster_A,Aveiro,2024-08-29 05:29:44,match_02764,39.049704,-8.334182,Mensagem de cluster cluster_A para utilizador,info,user_0103
cluster_B,Leiria,2023-05-03 13:18:29,match_02765,40.284436,-6.374586,Mensagem de cluster cluster_B para utilizador,suggestion,user_0124
cluster_C,Leiria,2023-05-02 22:40:04,match_02766,36.903525,-7.791106,Mensagem de cluster cluster_C para utilizador,info,user_0068
cluster_D,Aveiro,2023-10-31 10:42:49,match_02767,41.695525,-7.19138,Mensagem de cluster cluster_A para utilizador,invite,user_0109
cluster_B,Coimbra,2023-03-20 14:37:14,match_02768,37.772437,-6.262581,Mensagem de cluster cluster_C para utilizador,suggestion,user_0182
cluster_E,Aveiro,2023-08-27 19:31:06,match_02769,38.143158,-6.385319,Mensagem de cluster cluster_B para utilizador,info,user_0068
cluster_A,Porto,2024-02-15 07:11:17,match_02770,41.428136,-7.307684,Mensagem de cluster cluster_E para utilizador,suggestion,user_0132
cluster_B,Braga,2023-05-19 08:52:22,match_02771,36.927457,-8.936479,Mensagem de cluster cluster_A para utilizador,invite,user_0105
cluster_A,Leiria,2023-06-01 04:43:49,match_02772,41.85653,-6.268067,Mensagem de cluster cluster_A para utilizador,info,user_0129
cluster_C,Viseu,2024-01-31 10:37:49,match_02773,37.079787,-6.153939,Mensagem de cluster cluster_E para utilizador,alert,user_0059
cluster_C,Coimbra,2024-11-16 09:56:05,match_02774,37.502728,-9.148451,Mensagem de cluster cluster_B para utilizador,info,user_0153
cluster_C,Porto,2023-03-30 04:29:07,match_02775,38.100534,-7.968988,Mensagem de cluster cluster_C para utilizador,invite,user_0137
cluster_C,Braga,2023-06-06 01:25:31,match_02776,39.093608,-7.635931,Mensagem de cluster cluster_E para utilizador,info,user_0025
cluster_D,Évora,2023-09-18 07:13:02,match_02777,39.492258,-9.186923,Mensagem de cluster cluster_E para utilizador,suggestion,user_0082
cluster_A,Leiria,2023-05-07 17:50:58,match_02778,37.423592,-8.855088,Mensagem de cluster cluster_E para utilizador,invite,user_0199
cluster_B,Évora,2023-10-21 13:29:01,match_02779,37.268369,-7.671802,Mensagem de cluster cluster_C para utilizador,invite,user_0154
cluster_D,Aveiro,2023-08-19 20:31:43,match_02780,37.059295,-6.225496,Mensagem de cluster cluster_B para utilizador,alert,user_0056
cluster_B,Braga,2023-10-12 02:33:00,match_02781,38.183754,-9.405446,Mensagem de cluster cluster_D para utilizador,alert,user_0049
cluster_E,Évora,2023-12-01 21:45:15,match_02782,41.507665,-6.397694,Mensagem de cluster cluster_E para utilizador,suggestion,user_0065
cluster_D,Lisboa,2023-02-18 04:36:19,match_02783,38.849213,-6.444732,Mensagem de cluster cluster_A para utilizador,suggestion,user_0189
cluster_D,Setúbal,2024-08-18 00:17:14,match_02784,40.720037,-6.585593,Mensagem de cluster cluster_B para utilizador,info,user_0009
cluster_E,Braga,2024-04-19 11:02:10,match_02785,37.850941,-8.216327,Mensagem de cluster cluster_D para utilizador,suggestion,user_0138
cluster_D,Porto,2023-09-27 08:31:44,match_02786,37.223396,-7.8312,Mensagem de cluster cluster_A para utilizador,suggestion,user_0112
cluster_A,Coimbra,2023-02-19 03:38:37,match_02787,39.671399,-8.127778,Mensagem de cluster cluster_A para utilizador,suggestion,user_0139
cluster_C,Leiria,2023-06-09 13:11:10,match_02788,41.010462,-6.278207,Mensagem de cluster cluster_B para utilizador,info,user_0096
cluster_B,Setúbal,2023-08-09 02:52:48,match_02789,41.3923,-7.727408,Mensagem de cluster cluster_E para utilizador,invite,user_0085
cluster_E,Leiria,2024-03-13 04:11:11,match_02790,39.631023,-9.225917,Mensagem de cluster cluster_E para utilizador,invite,user_0036
cluster_C,Aveiro,2024-12-18 15:57:20,match_02791,38.370161,-8.568197,Mensagem de cluster cluster_E para utilizador,info,user_0184
cluster_D,Faro,2023-03-16 07:46:26,match_02792,37.447559,-7.929087,Mensagem de cluster cluster_E para utilizador,suggestion,user_0160
cluster_A,Aveiro,2024-01-27 09:54:01,match_02793,40.239114,-6.25791,Mensagem de cluster cluster_D para utilizador,alert,user_0083
cluster_D,Porto,2024-12-24 02:06:29,match_02794,38.302184,-7.565566,Mensagem de cluster cluster_E para utilizador,info,user_0200
cluster_E,Aveiro,2024-09-12 20:08:50,match_02795,41.119812,-7.133353,Mensagem de cluster cluster_A para utilizador,alert,user_0163
cluster_D,Lisboa,2023-05-06 03:57:49,match_02796,39.925606,-9.199033,Mensagem de cluster cluster_E para utilizador,suggestion,user_0132
cluster_A,Braga,2024-12-01 02:17:16,match_02797,41.194393,-6.517098,Mensagem de cluster cluster_A para utilizador,invite,user_0062
cluster_D,Évora,2024-03-13 21:40:20,match_02798,39.733265,-7.667338,Mensagem de cluster cluster_E para utilizador,alert,user_0063
cluster_D,Coimbra,2024-12-17 10:24:23,match_02799,40.758712,-6.367823,Mensagem de cluster cluster_D para utilizador,alert,user_0136
cluster_D,Évora,2024-05-23 07:26:42,match_02800,38.371526,-7.985379,Mensagem de cluster cluster_E para utilizador,alert,user_0119
cluster_D,Lisboa,2024-05-09 20:49:01,match_02801,39.415294,-7.177514,Mensagem de cluster cluster_E para utilizador,alert,user_0076
cluster_A,Évora,2024-12-10 19:52:02,match_02802,36.997032,-7.899149,Mensagem de cluster cluster_D para utilizador,invite,user_0069
cluster_B,Braga,2024-05-21 09:59:14,match_02803,39.939159,-9.015303,Mensagem de cluster cluster_C para utilizador,invite,user_0189
cluster_C,Porto,2023-08-31 09:27:19,match_02804,39.568697,-8.57503,Mensagem de cluster cluster_C para utilizador,alert,user_0094
cluster_E,Leiria,2024-04-08 19:23:32,match_02805,40.676412,-9.271325,Mensagem de cluster cluster_B para utilizador,info,user_0063
cluster_B,Porto,2024-10-07 07:06:08,match_02806,40.54478,-8.003094,Mensagem de cluster cluster_E para utilizador,invite,user_0061
cluster_A,Braga,2023-08-21 02:46:53,match_02807,40.038085,-7.292239,Mensagem de cluster cluster_C para utilizador,invite,user_0099
cluster_E,Braga,2024-09-13 15:13:47,match_02808,37.183427,-8.671382,Mensagem de cluster cluster_B para utilizador,suggestion,user_0037
cluster_E,Coimbra,2023-12-18 22:55:27,match_02809,41.415049,-7.832681,Mensagem de cluster cluster_C para utilizador,suggestion,user_0004
cluster_D,Évora,2023-09-02 15:02:36,match_02810,36.990096,-7.939491,Mensagem de cluster cluster_B para utilizador,info,user_0056
cluster_C,Évora,2024-03-20 05:30:13,match_02811,40.916338,-7.68637,Mensagem de cluster cluster_C para utilizador,info,user_0043
cluster_C,Leiria,2024-03-03 01:50:48,match_02812,39.296732,-8.872412,Mensagem de cluster cluster_B para utilizador,suggestion,user_0021
cluster_A,Viseu,2023-10-07 03:08:48,match_02813,40.989968,-7.684454,Mensagem de cluster cluster_D para utilizador,suggestion,user_0058
cluster_B,Aveiro,2024-04-12 15:10:15,match_02814,39.225349,-8.261701,Mensagem de cluster cluster_C para utilizador,alert,user_0144
cluster_D,Setúbal,2023-06-19 16:05:39,match_02815,40.134689,-8.527458,Mensagem de cluster cluster_A para utilizador,suggestion,user_0053
cluster_C,Setúbal,2024-03-04 20:26:56,match_02816,38.716328,-7.507661,Mensagem de cluster cluster_B para utilizador,info,user_0018
cluster_D,Faro,2024-12-22 12:25:57,match_02817,40.618394,-8.996675,Mensagem de cluster cluster_D para utilizador,info,user_0057
cluster_B,Porto,2023-06-19 19:15:19,match_02818,38.170881,-6.437761,Mensagem de cluster cluster_D para utilizador,suggestion,user_0095
cluster_E,Setúbal,2024-03-25 22:25:43,match_02819,40.49678,-6.3215,Mensagem de cluster cluster_C para utilizador,info,user_0166
cluster_B,Setúbal,2024-10-16 15:34:31,match_02820,37.866913,-7.253927,Mensagem de cluster cluster_A para utilizador,invite,user_0123
cluster_E,Faro,2023-08-14 11:01:40,match_02821,40.510838,-8.469274,Mensagem de cluster cluster_C para utilizador,info,user_0032
cluster_B,Setúbal,2024-06-22 16:14:26,match_02822,38.368357,-7.37158,Mensagem de cluster cluster_E para utilizador,alert,user_0112
cluster_D,Faro,2024-07-06 18:56:43,match_02823,38.293159,-7.45482,Mensagem de cluster cluster_E para utilizador,invite,user_0019
cluster_B,Coimbra,2024-03-28 10:18:15,match_02824,40.95747,-8.169747,Mensagem de cluster cluster_A para utilizador,invite,user_0084
cluster_C,Braga,2023-02-13 17:51:04,match_02825,40.968463,-8.523359,Mensagem de cluster cluster_C para utilizador,invite,user_0048
cluster_C,Lisboa,2023-10-01 09:39:14,match_02826,40.357012,-8.92726,Mensagem de cluster cluster_D para utilizador,suggestion,user_0074
cluster_A,Coimbra,2023-08-05 12:41:24,match_02827,41.519543,-8.760895,Mensagem de cluster cluster_E para utilizador,alert,user_0154
cluster_C,Leiria,2023-04-21 17:16:07,match_02828,37.680968,-7.279698,Mensagem de cluster cluster_B para utilizador,suggestion,user_0110
cluster_C,Évora,2023-05-30 04:49:51,match_02829,38.246607,-6.487959,Mensagem de cluster cluster_D para utilizador,alert,user_0082
cluster_E,Évora,2023-01-28 16:07:32,match_02830,38.37007,-8.191149,Mensagem de cluster cluster_D para utilizador,info,user_0173
cluster_D,Évora,2024-11-05 02:07:41,match_02831,38.426432,-9.085542,Mensagem de cluster cluster_B para utilizador,info,user_0173
cluster_D,Coimbra,2024-03-12 14:16:38,match_02832,38.54016,-9.456459,Mensagem de cluster cluster_E para utilizador,info,user_0015
cluster_E,Évora,2024-11-21 11:45:22,match_02833,40.385046,-8.119921,Mensagem de cluster cluster_B para utilizador,invite,user_0146
cluster_C,Porto,2024-06-23 15:45:31,match_02834,38.253791,-8.709272,Mensagem de cluster cluster_E para utilizador,info,user_0031
cluster_B,Aveiro,2023-08-28 22:38:46,match_02835,38.329611,-8.403311,Mensagem de cluster cluster_B para utilizador,alert,user_0143
cluster_E,Viseu,2023-07-23 00:46:31,match_02836,39.752073,-8.678322,Mensagem de cluster cluster_D para utilizador,invite,user_0102
cluster_D,Aveiro,2024-04-14 19:54:29,match_02837,37.866794,-7.241898,Mensagem de cluster cluster_E para utilizador,suggestion,user_0015
cluster_A,Leiria,2024-07-09 03:51:10,match_02838,38.724438,-7.329051,Mensagem de cluster cluster_B para utilizador,invite,user_0065
cluster_D,Faro,2024-01-16 05:41:33,match_02839,37.189702,-6.398165,Mensagem de cluster cluster_E para utilizador,suggestion,user_0105
cluster_B,Viseu,2024-12-14 14:58:57,match_02840,41.662736,-7.120867,Mensagem de cluster cluster_C para utilizador,suggestion,user_0174
cluster_D,Aveiro,2024-04-18 01:46:24,match_02841,38.486538,-8.939199,Mensagem de cluster cluster_C para utilizador,suggestion,user_0075
cluster_E,Porto,2023-07-30 13:44:00,match_02842,41.150211,-6.944579,Mensagem de cluster cluster_C para utilizador,invite,user_0102
cluster_A,Viseu,2023-01-18 07:06:25,match_02843,39.549728,-8.883689,Mensagem de cluster cluster_C para utilizador,info,user_0144
cluster_D,Viseu,2024-09-10 06:17:54,match_02844,38.041061,-7.600757,Mensagem de cluster cluster_A para utilizador,suggestion,user_0183
cluster_E,Aveiro,2023-08-30 19:51:18,match_02845,37.867138,-9.237934,Mensagem de cluster cluster_A para utilizador,alert,user_0030
cluster_E,Viseu,2023-06-26 20:12:07,match_02846,40.374804,-9.339095,Mensagem de cluster cluster_D para utilizador,alert,user_0041
cluster_E,Leiria,2024-01-29 16:44:30,match_02847,41.724344,-7.921618,Mensagem de cluster cluster_D para utilizador,alert,user_0067
cluster_A,Setúbal,2024-10-23 20:11:37,match_02848,37.815349,-9.143056,Mensagem de cluster cluster_E para utilizador,alert,user_0017
cluster_E,Setúbal,2024-04-30 10:54:19,match_02849,37.477106,-8.457334,Mensagem de cluster cluster_B para utilizador,suggestion,user_0026
cluster_A,Coimbra,2023-07-01 06:52:57,match_02850,38.835497,-8.347967,Mensagem de cluster cluster_E para utilizador,alert,user_0118
cluster_B,Aveiro,2024-05-16 18:22:09,match_02851,38.869053,-6.883948,Mensagem de cluster cluster_D para utilizador,invite,user_0073
cluster_B,Évora,2024-06-09 05:40:44,match_02852,40.931265,-8.368888,Mensagem de cluster cluster_B para utilizador,alert,user_0101
cluster_B,Leiria,2024-03-19 21:16:02,match_02853,39.244446,-7.819379,Mensagem de cluster cluster_B para utilizador,alert,user_0192
cluster_E,Lisboa,2023-10-06 11:37:59,match_02854,37.212306,-6.873208,Mensagem de cluster cluster_D para utilizador,info,user_0095
cluster_A,Viseu,2023-08-23 19:04:48,match_02855,41.503338,-8.803346,Mensagem de cluster cluster_A para utilizador,invite,user_0058
cluster_B,Aveiro,2023-11-19 22:09:46,match_02856,38.765939,-6.763349,Mensagem de cluster cluster_B para utilizador,invite,user_0095
cluster_C,Aveiro,2023-01-05 09:52:02,match_02857,40.242659,-6.671898,Mensagem de cluster cluster_A para utilizador,info,user_0102
cluster_B,Leiria,2024-09-27 00:03:55,match_02858,40.237441,-6.137921,Mensagem de cluster cluster_D para utilizador,alert,user_0131
cluster_E,Évora,2023-02-21 02:08:08,match_02859,37.18171,-7.990238,Mensagem de cluster cluster_C para utilizador,suggestion,user_0120
cluster_C,Leiria,2023-05-21 11:59:40,match_02860,36.918023,-8.239792,Mensagem de cluster cluster_E para utilizador,invite,user_0126
cluster_D,Viseu,2024-04-08 02:06:32,match_02861,37.340185,-7.113182,Mensagem de cluster cluster_D para utilizador,suggestion,user_0113
cluster_C,Aveiro,2023-04-14 07:38:26,match_02862,41.682656,-9.302286,Mensagem de cluster cluster_A para utilizador,suggestion,user_0156
cluster_D,Leiria,2023-05-30 01:56:04,match_02863,40.869965,-9.364845,Mensagem de cluster cluster_B para utilizador,alert,user_0132
cluster_C,Leiria,2023-03-08 23:37:28,match_02864,37.560061,-8.361031,Mensagem de cluster cluster_A para utilizador,suggestion,user_0168
cluster_A,Lisboa,2024-03-08 14:53:20,match_02865,39.974349,-7.019649,Mensagem de cluster cluster_D para utilizador,suggestion,user_0102
cluster_C,Braga,2024-08-29 18:59:23,match_02866,39.959869,-9.104055,Mensagem de cluster cluster_A para utilizador,suggestion,user_0057
cluster_B,Setúbal,2024-11-11 05:21:29,match_02867,36.902795,-7.339141,Mensagem de cluster cluster_B para utilizador,info,user_0193
cluster_D,Évora,2023-06-22 12:09:12,match_02868,39.045321,-8.583682,Mensagem de cluster cluster_A para utilizador,info,user_0175
cluster_D,Coimbra,2023-02-27 01:26:32,match_02869,40.458877,-7.284306,Mensagem de cluster cluster_B para utilizador,alert,user_0162
cluster_B,Viseu,2024-06-13 05:48:32,match_02870,37.833964,-7.946281,Mensagem de cluster cluster_E para utilizador,invite,user_0173
cluster_A,Porto,2023-08-16 08:49:52,match_02871,41.154519,-9.108484,Mensagem de cluster cluster_E para utilizador,alert,user_0032
cluster_C,Coimbra,2024-06-10 19:43:27,match_02872,40.201524,-8.659238,Mensagem de cluster cluster_D para utilizador,invite,user_0172
cluster_A,Setúbal,2023-06-28 19:05:06,match_02873,36.934621,-8.752973,Mensagem de cluster cluster_D para utilizador,suggestion,user_0097
cluster_B,Coimbra,2023-05-09 19:09:00,match_02874,41.174571,-8.940412,Mensagem de cluster cluster_C para utilizador,invite,user_0139
cluster_C,Viseu,2023-07-01 17:56:39,match_02875,36.997,-7.907625,Mensagem de cluster cluster_B para utilizador,invite,user_0036
cluster_B,Porto,2023-07-28 07:22:57,match_02876,41.339644,-6.254137,Mensagem de cluster cluster_D para utilizador,invite,user_0141
cluster_D,Leiria,2023-11-24 05:42:40,match_02877,38.568594,-7.262498,Mensagem de cluster cluster_E para utilizador,invite,user_0057
cluster_D,Lisboa,2024-04-08 23:46:41,match_02878,40.393251,-6.657593,Mensagem de cluster cluster_B para utilizador,info,user_0153
cluster_D,Viseu,2023-07-18 11:00:03,match_02879,40.837155,-6.164327,Mensagem de cluster cluster_C para utilizador,suggestion,user_0198
cluster_E,Évora,2024-07-24 08:10:55,match_02880,38.306344,-7.661883,Mensagem de cluster cluster_A para utilizador,invite,user_0165
cluster_E,Leiria,2023-02-28 09:52:47,match_02881,38.682184,-8.690562,Mensagem de cluster cluster_C para utilizador,invite,user_0090
cluster_D,Braga,2024-12-10 23:10:01,match_02882,39.447709,-6.345443,Mensagem de cluster cluster_C para utilizador,suggestion,user_0132
cluster_E,Setúbal,2023-10-18 17:14:35,match_02883,39.813458,-7.123454,Mensagem de cluster cluster_E para utilizador,invite,user_0109
cluster_E,Leiria,2023-05-03 11:15:39,match_02884,38.36021,-6.2396,Mensagem de cluster cluster_E para utilizador,alert,user_0026
cluster_B,Leiria,2023-11-19 04:54:31,match_02885,41.861977,-7.286491,Mensagem de cluster cluster_E para utilizador,invite,user_0013
cluster_C,Coimbra,2024-01-04 20:43:31,match_02886,40.585023,-6.864507,Mensagem de cluster cluster_A para utilizador,alert,user_0072
cluster_D,Aveiro,2024-06-20 11:56:25,match_02887,38.27076,-6.471837,Mensagem de cluster cluster_A para utilizador,alert,user_0179
cluster_E,Aveiro,2024-07-09 00:53:04,match_02888,40.102161,-6.918552,Mensagem de cluster cluster_A para utilizador,alert,user_0047
cluster_B,Évora,2024-08-21 07:27:31,match_02889,39.076856,-7.587004,Mensagem de cluster cluster_C para utilizador,info,user_0125
cluster_B,Setúbal,2024-08-02 07:08:48,match_02890,41.201644,-7.895469,Mensagem de cluster cluster_D para utilizador,info,user_0161
cluster_C,Braga,2023-01-15 11:05:24,match_02891,38.54475,-6.700517,Mensagem de cluster cluster_D para utilizador,suggestion,user_0170
cluster_B,Coimbra,2023-10-06 10:27:58,match_02892,37.83927,-6.875248,Mensagem de cluster cluster_D para utilizador,alert,user_0128
cluster_A,Leiria,2024-09-15 10:49:10,match_02893,37.130681,-8.254135,Mensagem de cluster cluster_D para utilizador,info,user_0031
cluster_A,Viseu,2024-07-07 23:11:52,match_02894,41.821546,-7.805671,Mensagem de cluster cluster_C para utilizador,alert,user_0168
cluster_D,Évora,2024-11-03 17:14:57,match_02895,38.696108,-7.341031,Mensagem de cluster cluster_D para utilizador,info,user_0116
cluster_C,Aveiro,2024-03-10 11:36:44,match_02896,38.002592,-9.403541,Mensagem de cluster cluster_B para utilizador,suggestion,user_0144
cluster_A,Setúbal,2023-04-22 13:02:00,match_02897,39.358842,-8.658266,Mensagem de cluster cluster_B para utilizador,suggestion,user_0056
cluster_C,Lisboa,2024-06-14 10:52:37,match_02898,38.358197,-8.649271,Mensagem de cluster cluster_E para utilizador,info,user_0074
cluster_D,Leiria,2023-07-07 19:45:03,match_02899,38.0645,-6.497013,Mensagem de cluster cluster_E para utilizador,info,user_0036
cluster_B,Braga,2023-12-05 11:10:10,match_02900,39.981923,-8.372942,Mensagem de cluster cluster_A para utilizador,alert,user_0096
cluster_B,Braga,2023-11-28 03:07:35,match_02901,37.274242,-7.646512,Mensagem de cluster cluster_B para utilizador,suggestion,user_0080
cluster_B,Leiria,2023-10-01 20:34:24,match_02902,39.444965,-6.672606,Mensagem de cluster cluster_A para utilizador,invite,user_0184
cluster_A,Coimbra,2024-03-18 09:33:51,match_02903,38.837157,-8.617041,Mensagem de cluster cluster_E para utilizador,alert,user_0048
cluster_C,Aveiro,2023-02-22 12:22:57,match_02904,39.562646,-9.079226,Mensagem de cluster cluster_E para utilizador,info,user_0058
cluster_A,Coimbra,2023-04-10 18:13:09,match_02905,38.502203,-6.275577,Mensagem de cluster cluster_C para utilizador,alert,user_0015
cluster_E,Porto,2023-12-09 13:24:30,match_02906,39.751605,-7.104078,Mensagem de cluster cluster_D para utilizador,invite,user_0200
cluster_C,Faro,2023-04-23 22:46:20,match_02907,37.309093,-8.898017,Mensagem de cluster cluster_D para utilizador,suggestion,user_0143
cluster_D,Braga,2023-05-19 10:14:39,match_02908,38.780795,-6.712981,Mensagem de cluster cluster_C para utilizador,invite,user_0149
cluster_A,Coimbra,2023-01-10 08:51:23,match_02909,38.087493,-6.82377,Mensagem de cluster cluster_D para utilizador,info,user_0064
cluster_B,Braga,2024-01-01 12:15:38,match_02910,39.090449,-6.65236,Mensagem de cluster cluster_B para utilizador,info,user_0135
cluster_B,Lisboa,2024-06-13 12:03:03,match_02911,38.891681,-8.560877,Mensagem de cluster cluster_E para utilizador,info,user_0052
cluster_B,Coimbra,2023-12-25 18:16:08,match_02912,40.055918,-7.974829,Mensagem de cluster cluster_E para utilizador,info,user_0019
cluster_A,Leiria,2024-11-06 18:06:27,match_02913,40.043789,-7.141509,Mensagem de cluster cluster_C para utilizador,info,user_0125
cluster_A,Évora,2024-11-17 09:47:34,match_02914,38.966824,-8.17173,Mensagem de cluster cluster_A para utilizador,invite,user_0086
cluster_B,Setúbal,2024-12-09 11:01:51,match_02915,37.808116,-9.262095,Mensagem de cluster cluster_B para utilizador,suggestion,user_0174
cluster_B,Viseu,2023-09-30 09:29:54,match_02916,39.809568,-9.036071,Mensagem de cluster cluster_C para utilizador,suggestion,user_0038
cluster_B,Leiria,2023-12-24 08:56:07,match_02917,41.732577,-7.469814,Mensagem de cluster cluster_D para utilizador,alert,user_0141
cluster_E,Coimbra,2024-04-12 23:10:24,match_02918,37.827214,-8.224428,Mensagem de cluster cluster_C para utilizador,alert,user_0044
cluster_A,Setúbal,2024-03-05 11:10:25,match_02919,37.245296,-9.481708,Mensagem de cluster cluster_A para utilizador,alert,user_0150
cluster_B,Braga,2023-10-26 09:57:30,match_02920,38.222806,-6.892695,Mensagem de cluster cluster_E para utilizador,info,user_0199
cluster_D,Braga,2023-01-29 08:14:50,match_02921,38.964602,-8.083207,Mensagem de cluster cluster_E para utilizador,suggestion,user_0035
cluster_B,Viseu,2024-11-03 18:29:20,match_02922,38.430942,-8.433184,Mensagem de cluster cluster_E para utilizador,info,user_0131
cluster_A,Viseu,2023-10-08 22:09:06,match_02923,41.073549,-7.074035,Mensagem de cluster cluster_E para utilizador,alert,user_0111
cluster_D,Aveiro,2024-02-17 21:27:45,match_02924,39.365138,-7.95263,Mensagem de cluster cluster_E para utilizador,info,user_0144
cluster_A,Faro,2023-05-22 18:52:41,match_02925,38.130639,-7.137574,Mensagem de cluster cluster_D para utilizador,invite,user_0173
cluster_A,Aveiro,2023-11-15 11:56:24,match_02926,41.650995,-9.455127,Mensagem de cluster cluster_C para utilizador,alert,user_0144
cluster_A,Leiria,2023-07-06 08:07:38,match_02927,37.525314,-9.467972,Mensagem de cluster cluster_C para utilizador,suggestion,user_0194
cluster_C,Porto,2024-10-28 13:15:59,match_02928,37.514557,-7.596333,Mensagem de cluster cluster_D para utilizador,suggestion,user_0102
cluster_D,Évora,2024-06-11 05:44:15,match_02929,38.126424,-6.160479,Mensagem de cluster cluster_C para utilizador,alert,user_0081
cluster_E,Porto,2024-01-08 00:20:18,match_02930,37.283861,-8.573985,Mensagem de cluster cluster_B para utilizador,suggestion,user_0166
cluster_E,Évora,2023-12-23 16:39:16,match_02931,40.658263,-7.178162,Mensagem de cluster cluster_B para utilizador,suggestion,user_0024
cluster_C,Braga,2024-05-17 14:20:03,match_02932,38.464054,-8.914324,Mensagem de cluster cluster_A para utilizador,alert,user_0178
cluster_A,Aveiro,2024-05-23 09:53:55,match_02933,40.54919,-8.440735,Mensagem de cluster cluster_B para utilizador,alert,user_0108
cluster_E,Coimbra,2024-04-20 03:52:44,match_02934,40.713687,-9.234545,Mensagem de cluster cluster_D para utilizador,info,user_0057
cluster_D,Leiria,2024-11-07 08:36:30,match_02935,38.087593,-6.505303,Mensagem de cluster cluster_E para utilizador,info,user_0123
cluster_B,Coimbra,2024-06-21 00:50:12,match_02936,39.491818,-8.444513,Mensagem de cluster cluster_C para utilizador,invite,user_0056
cluster_D,Porto,2023-06-26 22:01:20,match_02937,39.497961,-8.716414,Mensagem de cluster cluster_E para utilizador,suggestion,user_0086
cluster_A,Coimbra,2023-01-26 04:34:21,match_02938,41.256822,-7.015946,Mensagem de cluster cluster_E para utilizador,alert,user_0066
cluster_D,Faro,2024-08-16 13:58:28,match_02939,37.028154,-8.821903,Mensagem de cluster cluster_C para utilizador,invite,user_0078
cluster_A,Aveiro,2024-04-05 14:17:29,match_02940,38.484002,-8.683064,Mensagem de cluster cluster_A para utilizador,suggestion,user_0092
cluster_D,Braga,2024-05-08 18:58:35,match_02941,41.312447,-9.147705,Mensagem de cluster cluster_C para utilizador,suggestion,user_0077
cluster_C,Leiria,2024-05-24 03:41:57,match_02942,38.084016,-6.226236,Mensagem de cluster cluster_C para utilizador,invite,user_0102
cluster_D,Leiria,2024-04-16 02:14:36,match_02943,37.5844,-8.658032,Mensagem de cluster cluster_B para utilizador,suggestion,user_0081
cluster_E,Viseu,2023-07-10 18:30:49,match_02944,39.780695,-6.114745,Mensagem de cluster cluster_A para utilizador,alert,user_0073
cluster_B,Braga,2023-11-29 11:50:52,match_02945,38.429384,-8.901092,Mensagem de cluster cluster_C para utilizador,invite,user_0062
cluster_C,Aveiro,2024-05-12 04:17:05,match_02946,39.236472,-9.429784,Mensagem de cluster cluster_C para utilizador,invite,user_0014
cluster_D,Setúbal,2023-07-05 15:07:34,match_02947,41.000064,-6.454642,Mensagem de cluster cluster_D para utilizador,info,user_0194
cluster_A,Setúbal,2024-03-15 13:39:22,match_02948,39.503485,-7.527941,Mensagem de cluster cluster_D para utilizador,alert,user_0188
cluster_C,Porto,2024-11-25 19:09:17,match_02949,39.479449,-8.305206,Mensagem de cluster cluster_B para utilizador,info,user_0021
cluster_E,Aveiro,2024-09-06 07:21:30,match_02950,38.290913,-7.754645,Mensagem de cluster cluster_B para utilizador,invite,user_0163
cluster_B,Évora,2023-01-10 00:09:03,match_02951,40.864328,-8.613528,Mensagem de cluster cluster_C para utilizador,alert,user_0030
cluster_B,Porto,2024-07-16 19:25:57,match_02952,40.599073,-7.34182,Mensagem de cluster cluster_C para utilizador,alert,user_0167
cluster_D,Coimbra,2024-04-15 09:50:32,match_02953,38.070603,-7.404007,Mensagem de cluster cluster_E para utilizador,info,user_0025
cluster_E,Faro,2024-10-31 07:47:15,match_02954,38.500023,-9.227346,Mensagem de cluster cluster_A para utilizador,suggestion,user_0172
cluster_E,Leiria,2023-10-18 07:07:28,match_02955,40.843141,-6.40366,Mensagem de cluster cluster_B para utilizador,suggestion,user_0187
cluster_B,Viseu,2024-03-03 21:31:50,match_02956,38.688589,-7.934214,Mensagem de cluster cluster_C para utilizador,suggestion,user_0099
cluster_B,Porto,2024-10-19 17:26:37,match_02957,38.917798,-8.836476,Mensagem de cluster cluster_B para utilizador,info,user_0134
cluster_E,Évora,2024-01-14 12:46:08,match_02958,38.722061,-8.454895,Mensagem de cluster cluster_A para utilizador,suggestion,user_0131
cluster_B,Faro,2023-05-18 20:11:00,match_02959,37.708163,-6.554846,Mensagem de cluster cluster_B para utilizador,info,user_0164
cluster_A,Porto,2023-11-05 17:59:38,match_02960,38.604483,-8.19717,Mensagem de cluster cluster_E para utilizador,info,user_0112
cluster_B,Viseu,2024-08-28 17:12:44,match_02961,40.914677,-7.589332,Mensagem de cluster cluster_E para utilizador,suggestion,user_0111
cluster_A,Braga,2023-07-04 14:18:14,match_02962,39.355377,-6.277855,Mensagem de cluster cluster_B para utilizador,info,user_0129
cluster_B,Faro,2023-08-09 14:53:12,match_02963,39.191087,-7.284164,Mensagem de cluster cluster_A para utilizador,info,user_0162
cluster_C,Viseu,2024-12-07 09:48:49,match_02964,37.681756,-7.202563,Mensagem de cluster cluster_E para utilizador,alert,user_0065
cluster_C,Lisboa,2024-04-25 16:40:32,match_02965,37.787849,-8.654866,Mensagem de cluster cluster_A para utilizador,invite,user_0026
cluster_C,Évora,2023-10-07 10:27:23,match_02966,37.114751,-7.227796,Mensagem de cluster cluster_E para utilizador,info,user_0018
cluster_A,Lisboa,2023-08-13 19:47:23,match_02967,36.969778,-8.161071,Mensagem de cluster cluster_E para utilizador,invite,user_0164
cluster_A,Setúbal,2023-10-28 11:23:22,match_02968,39.34007,-6.402456,Mensagem de cluster cluster_B para utilizador,suggestion,user_0134
cluster_D,Setúbal,2024-10-01 18:32:10,match_02969,38.946162,-9.059568,Mensagem de cluster cluster_A para utilizador,alert,user_0172
cluster_D,Lisboa,2024-06-15 04:27:51,match_02970,38.276888,-8.528823,Mensagem de cluster cluster_D para utilizador,alert,user_0040
cluster_B,Évora,2023-03-06 21:03:45,match_02971,41.850233,-9.275598,Mensagem de cluster cluster_A para utilizador,info,user_0030
cluster_A,Aveiro,2024-04-09 09:52:40,match_02972,38.889981,-8.204927,Mensagem de cluster cluster_C para utilizador,alert,user_0078
cluster_C,Braga,2024-07-20 23:37:41,match_02973,40.844234,-8.995533,Mensagem de cluster cluster_B para utilizador,invite,user_0074
cluster_C,Viseu,2023-09-09 09:45:43,match_02974,37.952728,-6.626511,Mensagem de cluster cluster_C para utilizador,info,user_0031
cluster_C,Lisboa,2023-04-15 04:20:24,match_02975,38.135206,-6.354853,Mensagem de cluster cluster_E para utilizador,alert,user_0186
cluster_B,Porto,2024-06-30 13:45:03,match_02976,39.741957,-7.223953,Mensagem de cluster cluster_D para utilizador,suggestion,user_0183
cluster_A,Lisboa,2024-11-09 21:53:43,match_02977,36.920141,-9.148662,Mensagem de cluster cluster_D para utilizador,info,user_0164
cluster_B,Leiria,2023-10-18 12:26:17,match_02978,36.987127,-8.338455,Mensagem de cluster cluster_E para utilizador,alert,user_0079
cluster_E,Coimbra,2023-08-13 21:55:04,match_02979,37.611094,-6.220728,Mensagem de cluster cluster_B para utilizador,info,user_0158
cluster_E,Évora,2024-12-21 12:41:11,match_02980,38.015605,-9.036576,Mensagem de cluster cluster_D para utilizador,suggestion,user_0048
cluster_D,Faro,2024-08-18 23:08:30,match_02981,39.539248,-7.607936,Mensagem de cluster cluster_C para utilizador,info,user_0078
cluster_A,Leiria,2023-01-02 03:39:24,match_02982,40.331147,-8.30004,Mensagem de cluster cluster_A para utilizador,invite,user_0111
cluster_C,Leiria,2023-02-20 23:37:22,match_02983,38.459393,-6.102847,Mensagem de cluster cluster_A para utilizador,invite,user_0087
cluster_A,Setúbal,2024-05-23 07:28:07,match_02984,38.095355,-8.529677,Mensagem de cluster cluster_D para utilizador,alert,user_0017
cluster_D,Faro,2024-01-19 05:20:02,match_02985,41.014056,-9.337574,Mensagem de cluster cluster_D para utilizador,invite,user_0027
cluster_C,Viseu,2024-04-22 19:12:40,match_02986,37.713885,-7.112578,Mensagem de cluster cluster_D para utilizador,invite,user_0108
cluster_B,Lisboa,2024-06-19 02:53:59,match_02987,40.291633,-8.389086,Mensagem de cluster cluster_C para utilizador,info,user_0191
cluster_C,Coimbra,2023-05-05 13:30:43,match_02988,41.556653,-7.264223,Mensagem de cluster cluster_A para utilizador,info,user_0126
cluster_E,Faro,2023-10-01 11:53:32,match_02989,38.061055,-9.144183,Mensagem de cluster cluster_B para utilizador,alert,user_0142
cluster_B,Leiria,2024-05-28 22:54:24,match_02990,37.334827,-7.721585,Mensagem de cluster cluster_C para utilizador,invite,user_0154
cluster_C,Porto,2023-05-25 13:19:10,match_02991,41.798794,-8.224213,Mensagem de cluster cluster_A para utilizador,suggestion,user_0171
cluster_B,Porto,2023-05-13 20:21:55,match_02992,38.253869,-7.674992,Mensagem de cluster cluster_C para utilizador,alert,user_0129
cluster_E,Braga,2024-11-23 09:25:39,match_02993,38.278316,-6.598194,Mensagem de cluster cluster_A para utilizador,suggestion,user_0024
cluster_E,Braga,2023-11-25 23:34:36,match_02994,39.318861,-6.192659,Mensagem de cluster cluster_B para utilizador,invite,user_0148
cluster_A,Évora,2024-08-17 11:46:13,match_02995,38.055288,-6.939351,Mensagem de cluster cluster_A para utilizador,alert,user_0200
cluster_E,Lisboa,2023-05-16 12:22:42,match_02996,41.864362,-6.892682,Mensagem de cluster cluster_C para utilizador,suggestion,user_0008
cluster_E,Porto,2023-02-13 01:21:56,match_02997,37.114829,-7.701617,Mensagem de cluster cluster_B para utilizador,alert,user_0030
cluster_E,Lisboa,2023-05-14 09:25:08,match_02998,39.157365,-9.16884,Mensagem de cluster cluster_E para utilizador,info,user_0126
cluster_D,Leiria,2024-07-08 04:33:55,match_02999,39.641734,-7.231998,Mensagem de cluster cluster_C para utilizador,info,user_0018
