actionId,date,userId
decrease_intensity,2024-07-10 15:43:31,user_0156
maintain_pace,2024-08-11 16:17:15,user_0191
change_style,2023-06-26 11:29:32,user_0094
change_style,2024-03-25 04:25:15,user_0003
maintain_pace,2023-11-16 19:39:43,user_0052
maintain_pace,2023-04-15 05:07:57,user_0044
increase_intensity,2024-03-11 19:27:57,user_0060
take_break,2023-01-30 23:13:45,user_0058
take_break,2024-11-12 12:56:42,user_0095
increase_intensity,2024-07-13 18:09:50,user_0142
take_break,2023-05-18 22:44:39,user_0134
change_style,2023-06-03 14:45:26,user_0019
decrease_intensity,2023-08-21 01:58:52,user_0190
change_style,2024-02-20 05:23:58,user_0005
increase_intensity,2024-11-23 11:17:11,user_0177
take_break,2023-09-07 04:24:29,user_0179
take_break,2024-11-24 19:15:36,user_0123
decrease_intensity,2024-11-03 22:37:58,user_0026
decrease_intensity,2023-09-13 14:03:13,user_0114
decrease_intensity,2023-05-27 11:22:32,user_0184
change_style,2024-04-15 05:14:53,user_0108
increase_intensity,2023-10-13 15:47:01,user_0018
increase_intensity,2023-04-22 18:16:06,user_0173
increase_intensity,2023-08-02 00:26:02,user_0009
change_style,2023-02-16 11:08:13,user_0090
maintain_pace,2023-05-15 07:02:04,user_0130
take_break,2023-05-22 20:49:15,user_0122
change_style,2024-04-25 08:22:26,user_0042
increase_intensity,2023-11-17 09:01:49,user_0109
change_style,2024-09-28 01:49:46,user_0070
change_style,2023-02-20 15:35:17,user_0084
maintain_pace,2023-06-29 09:59:51,user_0072
decrease_intensity,2024-01-21 20:18:42,user_0109
increase_intensity,2024-02-11 12:04:00,user_0068
change_style,2023-04-15 15:43:39,user_0089
decrease_intensity,2024-12-04 20:22:22,user_0031
take_break,2023-02-11 09:36:50,user_0122
take_break,2024-05-14 21:02:41,user_0019
take_break,2023-10-27 05:52:17,user_0071
change_style,2024-01-26 00:28:34,user_0175
change_style,2024-03-27 13:37:50,user_0037
maintain_pace,2023-05-05 00:54:54,user_0094
increase_intensity,2024-11-11 22:39:57,user_0019
decrease_intensity,2023-09-28 08:55:12,user_0093
take_break,2023-04-15 17:52:59,user_0153
decrease_intensity,2023-03-17 18:26:46,user_0053
maintain_pace,2023-06-20 13:45:27,user_0075
take_break,2023-10-06 06:51:30,user_0132
decrease_intensity,2024-02-15 18:42:29,user_0046
increase_intensity,2024-08-17 00:07:48,user_0159
increase_intensity,2024-07-15 03:32:38,user_0036
maintain_pace,2023-03-29 08:07:46,user_0132
decrease_intensity,2023-06-13 21:33:23,user_0130
maintain_pace,2024-04-03 15:34:51,user_0167
maintain_pace,2024-02-16 10:57:03,user_0044
maintain_pace,2023-02-23 23:08:55,user_0091
change_style,2024-04-18 16:04:23,user_0090
increase_intensity,2024-10-26 21:25:00,user_0147
change_style,2024-11-15 03:56:08,user_0121
change_style,2024-04-15 16:43:24,user_0108
increase_intensity,2023-07-26 04:50:50,user_0041
maintain_pace,2024-03-25 17:10:48,user_0122
decrease_intensity,2023-11-25 06:14:22,user_0103
maintain_pace,2024-06-30 02:10:33,user_0097
maintain_pace,2024-05-13 12:04:41,user_0038
change_style,2024-03-23 04:54:03,user_0193
decrease_intensity,2023-09-09 22:57:44,user_0114
increase_intensity,2024-12-22 05:21:55,user_0163
take_break,2023-11-29 03:19:28,user_0011
increase_intensity,2024-11-02 04:21:09,user_0187
decrease_intensity,2023-04-22 18:58:34,user_0078
increase_intensity,2024-01-27 14:41:09,user_0070
change_style,2023-09-20 21:34:04,user_0043
decrease_intensity,2023-04-16 10:01:03,user_0104
take_break,2024-04-10 01:52:23,user_0089
take_break,2023-05-08 06:40:02,user_0118
decrease_intensity,2024-12-07 04:19:21,user_0005
increase_intensity,2024-12-30 08:56:28,user_0154
take_break,2024-10-05 19:32:41,user_0032
decrease_intensity,2023-09-26 16:43:41,user_0047
decrease_intensity,2023-01-16 06:49:06,user_0184
decrease_intensity,2024-08-10 23:29:32,user_0090
maintain_pace,2023-04-16 02:35:44,user_0050
increase_intensity,2023-12-02 18:00:35,user_0099
decrease_intensity,2024-06-02 19:12:56,user_0186
decrease_intensity,2024-01-31 07:03:15,user_0156
maintain_pace,2023-06-15 16:47:16,user_0095
change_style,2023-10-21 15:05:10,user_0079
maintain_pace,2024-09-05 07:10:16,user_0183
decrease_intensity,2023-09-15 15:31:58,user_0058
increase_intensity,2024-11-18 13:45:24,user_0168
maintain_pace,2023-11-04 10:23:03,user_0186
decrease_intensity,2023-11-01 22:33:10,user_0072
increase_intensity,2024-06-19 10:01:53,user_0174
maintain_pace,2023-11-21 01:00:12,user_0074
take_break,2023-10-11 13:31:07,user_0173
increase_intensity,2023-09-23 09:34:32,user_0138
decrease_intensity,2023-08-26 23:42:44,user_0102
increase_intensity,2023-10-19 04:25:52,user_0048
increase_intensity,2024-06-12 00:21:03,user_0190
decrease_intensity,2023-05-31 07:37:55,user_0028
take_break,2023-06-08 09:07:37,user_0114
increase_intensity,2023-05-20 09:42:29,user_0020
decrease_intensity,2023-05-23 01:25:33,user_0088
increase_intensity,2024-09-29 17:34:46,user_0070
change_style,2024-04-26 07:23:28,user_0041
take_break,2024-03-27 18:42:42,user_0112
change_style,2024-10-19 06:12:28,user_0096
increase_intensity,2024-02-05 04:33:38,user_0006
take_break,2024-07-11 16:52:10,user_0139
decrease_intensity,2023-10-25 23:48:20,user_0030
change_style,2024-04-15 02:52:51,user_0131
take_break,2023-06-05 20:45:34,user_0200
take_break,2023-04-14 04:07:39,user_0161
increase_intensity,2023-03-21 07:33:04,user_0054
change_style,2024-04-21 03:11:59,user_0175
decrease_intensity,2023-08-08 05:36:40,user_0010
maintain_pace,2024-08-31 00:11:45,user_0019
increase_intensity,2024-07-19 10:36:02,user_0009
take_break,2024-03-31 05:24:12,user_0135
change_style,2023-02-07 03:31:03,user_0061
maintain_pace,2023-06-08 12:57:39,user_0014
take_break,2024-02-07 17:39:45,user_0002
change_style,2023-04-25 09:43:22,user_0150
change_style,2023-10-08 12:46:10,user_0188
maintain_pace,2024-01-13 18:36:54,user_0045
take_break,2023-05-12 15:07:22,user_0020
maintain_pace,2023-11-20 09:00:56,user_0026
decrease_intensity,2024-05-21 14:20:51,user_0187
increase_intensity,2023-10-09 18:12:22,user_0196
increase_intensity,2024-05-01 21:43:36,user_0039
decrease_intensity,2023-07-19 12:33:57,user_0151
take_break,2024-06-28 13:25:27,user_0153
maintain_pace,2024-02-16 06:08:14,user_0116
increase_intensity,2023-04-24 18:35:29,user_0181
decrease_intensity,2023-10-21 08:52:33,user_0125
change_style,2024-07-24 18:10:05,user_0139
increase_intensity,2023-05-25 09:37:36,user_0025
increase_intensity,2023-10-28 05:47:45,user_0159
decrease_intensity,2023-12-09 01:31:02,user_0174
maintain_pace,2024-09-25 15:53:14,user_0155
increase_intensity,2023-04-06 07:19:30,user_0100
maintain_pace,2024-11-10 19:32:35,user_0063
decrease_intensity,2023-08-19 20:04:47,user_0115
change_style,2024-11-12 02:30:51,user_0047
increase_intensity,2024-03-22 23:55:55,user_0142
maintain_pace,2024-06-20 18:45:53,user_0023
maintain_pace,2024-10-01 10:03:29,user_0016
take_break,2024-05-08 14:50:18,user_0148
maintain_pace,2024-07-28 11:34:43,user_0131
maintain_pace,2023-03-04 14:20:27,user_0006
decrease_intensity,2023-01-07 07:52:31,user_0029
maintain_pace,2024-09-21 10:36:25,user_0004
take_break,2023-02-08 12:13:38,user_0193
change_style,2024-09-14 09:34:05,user_0114
take_break,2023-08-17 16:54:31,user_0008
change_style,2024-10-20 07:36:06,user_0048
increase_intensity,2023-05-29 04:41:01,user_0084
change_style,2023-04-20 22:33:48,user_0016
change_style,2023-06-05 11:58:03,user_0047
take_break,2024-09-05 16:41:15,user_0031
decrease_intensity,2023-09-22 22:42:35,user_0096
decrease_intensity,2024-10-25 17:58:58,user_0122
change_style,2024-03-01 22:01:05,user_0029
take_break,2024-08-27 15:01:08,user_0076
decrease_intensity,2023-12-13 19:31:48,user_0068
decrease_intensity,2024-05-28 15:07:42,user_0119
take_break,2023-07-31 12:15:47,user_0171
change_style,2023-03-16 02:16:15,user_0034
increase_intensity,2024-02-15 04:16:11,user_0006
take_break,2024-10-19 14:18:53,user_0049
take_break,2023-04-21 23:20:09,user_0188
take_break,2023-10-31 02:03:23,user_0051
change_style,2024-01-24 13:59:12,user_0009
change_style,2024-03-27 08:25:17,user_0133
take_break,2023-04-26 13:04:22,user_0110
decrease_intensity,2024-02-08 04:40:03,user_0192
increase_intensity,2023-12-09 18:49:32,user_0016
maintain_pace,2024-12-18 19:28:08,user_0187
take_break,2024-05-18 16:09:51,user_0184
take_break,2024-10-21 15:58:34,user_0193
change_style,2024-12-13 13:42:18,user_0084
change_style,2024-04-29 14:59:11,user_0128
maintain_pace,2023-04-18 01:14:34,user_0163
change_style,2023-11-21 18:42:58,user_0138
change_style,2024-07-05 15:23:59,user_0175
decrease_intensity,2023-04-09 23:41:23,user_0092
increase_intensity,2023-10-06 02:13:44,user_0035
decrease_intensity,2023-10-04 22:33:29,user_0062
take_break,2023-05-05 10:25:24,user_0033
decrease_intensity,2023-01-15 13:35:46,user_0143
maintain_pace,2024-05-17 07:53:19,user_0085
decrease_intensity,2024-08-20 02:30:49,user_0106
change_style,2024-11-10 14:06:25,user_0163
maintain_pace,2024-03-02 23:17:38,user_0123
maintain_pace,2023-05-13 17:43:32,user_0115
take_break,2024-10-14 14:40:13,user_0117
take_break,2024-12-09 07:35:53,user_0101
change_style,2024-11-22 00:30:12,user_0138
increase_intensity,2024-02-18 18:02:17,user_0080
maintain_pace,2024-10-08 11:46:46,user_0148
change_style,2024-12-22 02:31:26,user_0136
take_break,2024-10-09 03:19:01,user_0109
take_break,2023-02-20 06:57:09,user_0095
increase_intensity,2023-04-09 12:12:30,user_0008
maintain_pace,2023-08-08 01:49:53,user_0141
maintain_pace,2023-10-15 08:08:52,user_0088
change_style,2023-04-20 02:59:40,user_0059
increase_intensity,2024-12-25 19:33:07,user_0081
decrease_intensity,2024-07-31 09:45:04,user_0175
change_style,2024-05-03 07:11:44,user_0060
maintain_pace,2024-12-02 22:47:45,user_0169
change_style,2023-08-23 02:38:21,user_0052
change_style,2024-06-03 07:52:16,user_0076
change_style,2024-11-23 14:18:22,user_0120
change_style,2023-03-02 15:26:01,user_0182
maintain_pace,2024-03-16 01:16:33,user_0036
increase_intensity,2024-08-06 12:02:44,user_0077
increase_intensity,2023-01-12 15:32:27,user_0099
take_break,2024-10-12 11:09:20,user_0069
take_break,2023-11-01 22:46:52,user_0141
decrease_intensity,2023-05-04 09:56:02,user_0200
increase_intensity,2024-09-13 09:56:58,user_0011
change_style,2023-05-21 04:14:43,user_0008
take_break,2023-07-24 13:54:25,user_0159
change_style,2024-01-15 21:57:42,user_0062
decrease_intensity,2024-10-30 15:00:25,user_0140
increase_intensity,2023-12-24 09:57:02,user_0139
maintain_pace,2024-10-23 05:54:27,user_0145
decrease_intensity,2023-02-07 23:14:02,user_0155
maintain_pace,2023-06-24 07:50:41,user_0077
increase_intensity,2023-08-12 20:15:53,user_0141
maintain_pace,2023-11-24 17:16:20,user_0105
increase_intensity,2023-11-13 01:16:41,user_0086
change_style,2023-01-30 12:47:04,user_0110
decrease_intensity,2024-07-01 11:57:30,user_0172
change_style,2024-07-08 15:05:02,user_0058
increase_intensity,2023-12-01 09:41:36,user_0088
increase_intensity,2023-02-28 13:52:41,user_0158
change_style,2024-02-07 10:19:20,user_0141
change_style,2023-04-06 08:59:07,user_0008
change_style,2024-12-15 02:54:59,user_0197
decrease_intensity,2024-03-31 15:27:08,user_0107
decrease_intensity,2024-06-20 06:54:53,user_0120
increase_intensity,2023-01-15 00:35:49,user_0064
take_break,2023-10-05 21:21:28,user_0052
change_style,2024-10-22 07:27:00,user_0134
maintain_pace,2023-10-05 09:53:48,user_0071
maintain_pace,2023-01-27 06:25:29,user_0182
maintain_pace,2024-05-05 11:45:23,user_0022
change_style,2024-05-23 16:55:07,user_0191
take_break,2023-09-03 00:19:25,user_0079
take_break,2024-08-09 07:07:06,user_0037
decrease_intensity,2024-09-15 03:32:20,user_0184
take_break,2024-07-26 09:47:18,user_0169
maintain_pace,2023-10-25 06:03:25,user_0188
maintain_pace,2023-09-07 18:05:40,user_0148
change_style,2024-11-19 07:43:03,user_0095
decrease_intensity,2024-06-08 22:55:54,user_0115
increase_intensity,2024-02-08 05:44:38,user_0197
decrease_intensity,2023-12-23 20:18:32,user_0173
increase_intensity,2023-07-14 16:06:09,user_0122
decrease_intensity,2024-10-28 18:01:14,user_0058
take_break,2024-11-01 16:57:27,user_0165
decrease_intensity,2023-03-03 21:36:49,user_0167
change_style,2024-05-01 08:13:11,user_0003
increase_intensity,2023-08-21 14:06:57,user_0077
take_break,2024-01-07 10:01:23,user_0075
take_break,2023-03-24 20:57:45,user_0093
decrease_intensity,2024-08-14 20:25:44,user_0038
take_break,2024-08-11 13:05:27,user_0174
maintain_pace,2023-03-20 03:30:32,user_0121
maintain_pace,2023-02-24 07:44:39,user_0049
maintain_pace,2023-09-30 13:45:46,user_0034
decrease_intensity,2023-04-23 10:11:14,user_0154
increase_intensity,2024-08-08 01:31:39,user_0130
decrease_intensity,2024-07-22 13:55:09,user_0123
change_style,2024-09-22 11:51:20,user_0056
take_break,2023-01-08 00:59:04,user_0100
maintain_pace,2023-01-10 19:35:43,user_0135
decrease_intensity,2024-08-12 02:23:56,user_0116
decrease_intensity,2024-09-27 05:11:46,user_0036
take_break,2024-03-26 17:54:39,user_0168
decrease_intensity,2023-04-25 01:23:28,user_0026
maintain_pace,2024-04-02 01:44:02,user_0084
take_break,2024-09-28 02:02:28,user_0075
increase_intensity,2023-12-03 08:34:03,user_0090
maintain_pace,2024-09-29 13:59:35,user_0121
change_style,2024-07-27 21:01:34,user_0099
change_style,2023-03-19 06:11:22,user_0069
take_break,2023-03-31 01:03:41,user_0016
maintain_pace,2024-05-29 00:39:59,user_0075
maintain_pace,2023-05-26 15:36:48,user_0097
maintain_pace,2024-06-28 15:02:33,user_0137
change_style,2023-03-01 05:50:45,user_0150
take_break,2023-03-08 22:39:07,user_0005
change_style,2024-11-25 12:23:11,user_0120
decrease_intensity,2023-01-03 19:17:48,user_0043
increase_intensity,2024-07-31 20:42:16,user_0098
change_style,2023-06-20 03:29:13,user_0030
take_break,2023-02-06 11:58:33,user_0074
change_style,2023-02-27 23:17:50,user_0128
decrease_intensity,2023-08-22 21:29:41,user_0032
decrease_intensity,2024-01-22 09:55:21,user_0017
decrease_intensity,2023-12-14 12:17:34,user_0108
decrease_intensity,2023-05-25 00:41:30,user_0067
increase_intensity,2024-12-22 04:31:34,user_0127
maintain_pace,2024-03-17 23:37:15,user_0154
decrease_intensity,2023-05-16 19:51:24,user_0012
increase_intensity,2023-07-30 06:52:20,user_0037
change_style,2024-05-08 14:18:41,user_0170
decrease_intensity,2024-09-23 10:56:38,user_0057
change_style,2023-02-14 17:23:10,user_0012
change_style,2023-05-15 23:56:09,user_0174
take_break,2023-01-05 14:36:38,user_0155
increase_intensity,2023-05-09 08:54:28,user_0078
increase_intensity,2023-05-25 08:03:47,user_0007
decrease_intensity,2023-04-16 01:00:04,user_0038
decrease_intensity,2024-01-31 15:48:45,user_0176
decrease_intensity,2024-12-11 02:07:10,user_0042
increase_intensity,2024-05-25 23:25:19,user_0123
change_style,2024-05-28 02:14:56,user_0155
change_style,2023-02-25 07:39:41,user_0138
decrease_intensity,2023-05-17 13:04:54,user_0042
change_style,2023-08-23 15:01:24,user_0186
decrease_intensity,2024-12-25 03:29:48,user_0107
maintain_pace,2023-04-29 13:39:39,user_0041
change_style,2024-04-08 18:24:07,user_0009
increase_intensity,2024-03-08 09:14:22,user_0108
take_break,2024-03-15 03:13:31,user_0174
increase_intensity,2024-01-05 20:35:09,user_0105
increase_intensity,2023-07-28 08:15:38,user_0093
take_break,2023-11-08 08:41:18,user_0082
decrease_intensity,2024-08-24 20:41:21,user_0182
change_style,2024-06-20 20:57:50,user_0093
increase_intensity,2024-01-23 07:15:02,user_0119
change_style,2024-04-23 00:50:05,user_0121
take_break,2024-12-07 17:47:45,user_0187
take_break,2023-07-03 17:13:34,user_0013
change_style,2024-07-04 15:17:06,user_0086
change_style,2023-02-17 04:43:35,user_0016
take_break,2023-02-15 19:57:27,user_0173
decrease_intensity,2023-09-09 06:47:28,user_0032
change_style,2024-06-19 00:39:23,user_0168
maintain_pace,2024-03-28 11:41:28,user_0090
maintain_pace,2024-08-19 22:09:55,user_0095
change_style,2023-02-28 08:45:08,user_0172
increase_intensity,2024-07-12 00:52:49,user_0106
take_break,2024-06-06 18:14:31,user_0118
decrease_intensity,2023-01-09 18:13:17,user_0175
maintain_pace,2024-06-27 07:35:15,user_0113
maintain_pace,2023-03-06 09:49:08,user_0070
increase_intensity,2024-03-05 08:11:19,user_0188
change_style,2024-10-30 22:09:39,user_0035
increase_intensity,2023-09-21 21:07:33,user_0075
decrease_intensity,2024-05-12 04:32:09,user_0188
change_style,2024-05-10 01:59:09,user_0037
maintain_pace,2023-02-18 02:11:48,user_0022
maintain_pace,2023-07-11 13:54:05,user_0141
take_break,2024-09-04 23:59:06,user_0144
decrease_intensity,2023-11-26 01:47:14,user_0086
maintain_pace,2024-06-25 19:12:54,user_0060
increase_intensity,2023-12-17 17:27:47,user_0042
maintain_pace,2023-12-31 18:39:18,user_0141
increase_intensity,2024-07-11 06:59:11,user_0191
increase_intensity,2023-08-17 20:04:34,user_0160
change_style,2024-12-30 08:11:12,user_0023
change_style,2023-05-19 21:47:38,user_0171
maintain_pace,2024-03-04 16:15:15,user_0160
maintain_pace,2023-02-01 04:05:41,user_0102
increase_intensity,2023-09-15 14:43:11,user_0156
change_style,2023-12-06 09:49:59,user_0161
maintain_pace,2023-12-03 23:56:11,user_0154
change_style,2024-11-05 02:46:27,user_0081
decrease_intensity,2024-09-09 22:21:27,user_0170
increase_intensity,2024-12-10 18:16:35,user_0029
change_style,2023-12-05 10:41:23,user_0130
maintain_pace,2024-10-18 08:02:57,user_0102
increase_intensity,2023-11-27 02:07:50,user_0162
take_break,2023-04-14 17:17:32,user_0114
increase_intensity,2024-07-01 21:40:21,user_0110
decrease_intensity,2023-11-03 07:20:32,user_0166
increase_intensity,2023-01-18 20:53:11,user_0012
change_style,2023-04-12 18:50:56,user_0180
change_style,2023-08-20 04:59:44,user_0149
maintain_pace,2024-12-23 12:37:57,user_0091
maintain_pace,2024-04-06 12:01:19,user_0040
increase_intensity,2023-10-19 13:48:28,user_0195
increase_intensity,2023-01-11 04:24:24,user_0101
increase_intensity,2024-07-31 16:53:30,user_0177
change_style,2024-04-28 02:14:48,user_0154
change_style,2023-05-07 03:06:16,user_0052
take_break,2024-03-08 20:15:32,user_0062
take_break,2023-05-15 06:05:47,user_0069
take_break,2023-03-11 05:42:19,user_0110
maintain_pace,2023-10-13 15:25:46,user_0061
change_style,2023-04-20 10:14:41,user_0084
increase_intensity,2023-09-04 05:45:45,user_0046
increase_intensity,2023-01-16 19:50:43,user_0072
take_break,2023-10-14 07:54:10,user_0107
maintain_pace,2023-08-10 13:42:27,user_0157
maintain_pace,2024-11-28 07:01:47,user_0050
take_break,2024-02-06 00:14:15,user_0105
increase_intensity,2023-06-16 05:59:32,user_0002
maintain_pace,2023-12-22 04:05:21,user_0192
decrease_intensity,2024-06-12 07:44:08,user_0066
take_break,2023-11-12 23:38:28,user_0102
increase_intensity,2024-11-22 13:14:13,user_0171
decrease_intensity,2023-04-27 16:03:28,user_0138
change_style,2024-12-08 10:37:49,user_0109
increase_intensity,2023-02-13 15:00:09,user_0181
decrease_intensity,2024-12-02 20:25:06,user_0092
change_style,2023-02-18 20:11:40,user_0028
maintain_pace,2023-08-24 23:54:33,user_0128
increase_intensity,2023-12-14 23:47:18,user_0002
increase_intensity,2023-07-31 04:55:08,user_0157
maintain_pace,2023-06-21 15:52:13,user_0052
increase_intensity,2024-11-19 15:16:53,user_0142
take_break,2024-08-09 15:27:29,user_0028
decrease_intensity,2023-10-31 22:22:17,user_0001
change_style,2023-01-10 11:11:32,user_0187
change_style,2023-08-13 20:17:40,user_0044
decrease_intensity,2023-04-26 18:42:50,user_0080
take_break,2024-04-05 05:38:32,user_0085
increase_intensity,2024-05-14 08:41:18,user_0171
maintain_pace,2023-11-10 04:02:06,user_0017
maintain_pace,2023-03-30 22:45:58,user_0182
increase_intensity,2023-04-05 11:34:47,user_0015
change_style,2023-07-25 18:50:15,user_0048
decrease_intensity,2024-06-13 01:44:17,user_0046
decrease_intensity,2024-08-12 04:49:02,user_0177
change_style,2024-09-22 18:59:19,user_0164
decrease_intensity,2023-09-27 18:49:23,user_0014
change_style,2024-12-09 09:56:45,user_0131
take_break,2023-02-16 01:56:59,user_0100
increase_intensity,2023-11-23 08:48:36,user_0134
change_style,2023-11-01 09:51:00,user_0126
take_break,2023-06-02 21:40:08,user_0022
change_style,2023-08-27 03:02:05,user_0022
take_break,2023-06-20 09:50:23,user_0164
take_break,2024-09-28 11:13:43,user_0091
take_break,2023-08-17 03:38:56,user_0199
increase_intensity,2024-10-30 11:43:41,user_0178
change_style,2024-12-10 22:41:17,user_0076
change_style,2024-07-28 08:50:36,user_0080
change_style,2024-02-10 03:31:31,user_0197
take_break,2024-02-26 08:53:27,user_0113
decrease_intensity,2023-08-30 16:11:01,user_0035
decrease_intensity,2023-05-22 21:29:54,user_0009
change_style,2023-04-03 19:22:02,user_0157
decrease_intensity,2023-08-23 22:30:35,user_0027
decrease_intensity,2024-04-06 20:35:02,user_0185
decrease_intensity,2024-12-09 22:17:49,user_0089
take_break,2023-06-17 02:47:44,user_0059
change_style,2024-03-08 18:27:55,user_0170
change_style,2023-06-23 00:33:11,user_0181
maintain_pace,2024-08-21 08:23:25,user_0038
maintain_pace,2023-12-23 16:03:37,user_0089
decrease_intensity,2023-12-09 22:03:52,user_0132
change_style,2023-01-15 03:50:25,user_0107
decrease_intensity,2024-01-09 00:01:38,user_0180
take_break,2023-03-11 18:36:29,user_0044
change_style,2024-07-01 15:22:10,user_0023
take_break,2024-03-31 05:35:40,user_0070
take_break,2023-03-01 08:30:37,user_0077
change_style,2023-12-25 09:16:37,user_0069
decrease_intensity,2024-03-15 21:32:53,user_0188
maintain_pace,2024-10-12 08:45:11,user_0132
decrease_intensity,2024-11-30 12:56:18,user_0131
maintain_pace,2023-07-14 04:26:53,user_0023
increase_intensity,2023-11-25 02:58:33,user_0037
maintain_pace,2024-07-21 12:37:47,user_0018
change_style,2024-07-31 15:15:11,user_0099
maintain_pace,2023-07-21 15:12:20,user_0005
increase_intensity,2023-04-15 10:49:13,user_0041
maintain_pace,2024-09-10 20:58:44,user_0092
decrease_intensity,2023-02-13 02:03:08,user_0166
maintain_pace,2023-06-30 00:10:48,user_0175
change_style,2024-04-07 03:22:59,user_0123
change_style,2023-08-27 20:47:45,user_0082
take_break,2024-08-25 03:08:25,user_0072
decrease_intensity,2023-12-19 06:19:50,user_0140
decrease_intensity,2023-04-17 16:01:33,user_0158
maintain_pace,2023-07-19 02:42:45,user_0006
maintain_pace,2023-08-22 15:01:29,user_0189
change_style,2024-12-20 06:11:08,user_0200
take_break,2024-03-17 11:35:18,user_0119
increase_intensity,2024-01-27 12:09:14,user_0192
maintain_pace,2024-08-24 14:52:13,user_0111
decrease_intensity,2024-04-16 11:08:39,user_0112
maintain_pace,2024-11-30 03:21:15,user_0069
take_break,2024-03-12 05:43:39,user_0139
decrease_intensity,2023-03-29 20:44:58,user_0190
take_break,2024-06-19 09:31:01,user_0121
decrease_intensity,2024-06-20 21:52:13,user_0145
maintain_pace,2023-05-23 07:24:10,user_0077
take_break,2024-08-06 03:49:32,user_0020
change_style,2023-07-26 04:38:01,user_0095
decrease_intensity,2024-07-31 05:13:37,user_0154
take_break,2023-11-05 18:48:28,user_0092
take_break,2024-08-20 13:38:09,user_0187
increase_intensity,2023-01-08 23:12:48,user_0153
increase_intensity,2023-07-10 12:30:27,user_0112
maintain_pace,2023-04-16 03:55:27,user_0018
change_style,2023-01-19 10:58:13,user_0157
change_style,2024-04-20 16:38:40,user_0067
take_break,2024-07-10 12:47:09,user_0035
take_break,2023-02-27 10:59:36,user_0102
take_break,2023-12-06 09:44:22,user_0015
decrease_intensity,2024-10-26 03:48:43,user_0051
maintain_pace,2023-04-18 18:12:37,user_0131
maintain_pace,2024-04-01 21:35:25,user_0021
increase_intensity,2024-02-10 08:13:53,user_0189
take_break,2024-03-09 12:09:55,user_0003
take_break,2024-07-07 16:14:47,user_0181
decrease_intensity,2023-03-20 15:41:24,user_0035
take_break,2023-07-19 16:37:55,user_0178
take_break,2023-07-21 10:38:03,user_0008
maintain_pace,2024-05-30 14:19:07,user_0176
take_break,2023-11-27 22:24:09,user_0003
decrease_intensity,2023-04-29 22:01:37,user_0054
decrease_intensity,2023-04-04 19:56:42,user_0112
change_style,2024-11-28 22:58:09,user_0130
change_style,2023-04-01 10:59:23,user_0161
increase_intensity,2024-09-25 10:45:52,user_0200
decrease_intensity,2024-02-08 09:06:58,user_0140
decrease_intensity,2023-09-27 05:45:40,user_0019
maintain_pace,2023-08-19 03:30:29,user_0146
change_style,2024-06-09 23:10:54,user_0178
increase_intensity,2024-02-06 14:13:37,user_0085
maintain_pace,2024-04-04 02:09:31,user_0022
maintain_pace,2024-04-16 19:40:19,user_0030
change_style,2023-10-16 17:49:13,user_0082
maintain_pace,2023-08-27 10:12:55,user_0134
change_style,2024-09-02 08:00:16,user_0129
decrease_intensity,2023-01-26 05:02:07,user_0137
decrease_intensity,2023-07-26 12:33:51,user_0052
change_style,2024-02-17 21:36:28,user_0029
take_break,2024-02-20 00:38:20,user_0062
take_break,2024-10-06 18:42:30,user_0029
increase_intensity,2023-02-10 18:39:10,user_0133
take_break,2024-06-07 14:34:27,user_0022
increase_intensity,2023-04-07 06:18:20,user_0177
change_style,2023-02-16 15:08:27,user_0119
change_style,2023-02-19 13:30:51,user_0136
change_style,2023-04-21 15:30:18,user_0115
increase_intensity,2024-01-17 15:06:56,user_0082
maintain_pace,2024-11-17 06:57:04,user_0108
increase_intensity,2023-06-21 13:26:17,user_0068
maintain_pace,2024-07-04 21:38:08,user_0040
decrease_intensity,2024-12-10 19:02:11,user_0091
decrease_intensity,2023-09-04 20:31:44,user_0152
maintain_pace,2023-10-29 05:29:02,user_0076
maintain_pace,2024-07-02 02:54:14,user_0141
take_break,2023-12-26 11:49:26,user_0178
maintain_pace,2024-02-02 22:21:05,user_0173
maintain_pace,2024-01-19 00:22:55,user_0132
change_style,2024-04-13 12:39:49,user_0090
increase_intensity,2023-10-17 01:44:51,user_0191
maintain_pace,2023-04-24 03:19:11,user_0065
change_style,2024-08-23 16:15:39,user_0155
maintain_pace,2024-08-17 11:39:35,user_0191
take_break,2023-11-24 09:41:15,user_0106
maintain_pace,2023-03-26 03:09:54,user_0102
maintain_pace,2024-10-27 08:09:18,user_0139
change_style,2023-07-10 08:25:19,user_0042
maintain_pace,2023-06-24 15:55:45,user_0086
change_style,2024-04-15 16:10:13,user_0092
increase_intensity,2024-02-12 02:38:01,user_0166
change_style,2023-02-08 07:30:14,user_0198
increase_intensity,2024-09-07 07:29:18,user_0089
maintain_pace,2023-06-14 15:06:29,user_0062
increase_intensity,2023-01-31 22:45:26,user_0132
decrease_intensity,2023-06-09 20:53:45,user_0034
decrease_intensity,2023-06-19 20:18:07,user_0026
change_style,2023-04-22 10:05:26,user_0117
take_break,2024-09-27 10:51:52,user_0054
maintain_pace,2024-01-01 10:13:46,user_0155
decrease_intensity,2023-08-24 18:05:18,user_0167
take_break,2024-07-05 20:28:23,user_0021
change_style,2024-05-04 07:00:28,user_0054
increase_intensity,2023-01-15 01:21:37,user_0184
maintain_pace,2024-07-12 20:12:09,user_0098
increase_intensity,2023-12-26 07:49:17,user_0063
maintain_pace,2024-05-03 20:07:44,user_0042
decrease_intensity,2024-05-23 21:37:31,user_0110
take_break,2024-02-06 12:32:40,user_0154
change_style,2023-01-30 07:04:40,user_0197
maintain_pace,2024-03-06 10:59:41,user_0148
decrease_intensity,2023-06-02 10:49:02,user_0200
change_style,2024-03-01 09:35:25,user_0116
maintain_pace,2023-01-06 05:18:34,user_0181
decrease_intensity,2024-05-27 07:57:36,user_0128
change_style,2024-02-29 13:20:16,user_0197
increase_intensity,2023-09-26 17:25:53,user_0196
take_break,2024-10-17 23:06:12,user_0107
take_break,2023-04-30 20:25:09,user_0005
increase_intensity,2023-06-05 07:52:34,user_0144
take_break,2024-01-27 10:44:57,user_0137
take_break,2024-10-30 02:18:56,user_0025
maintain_pace,2024-06-27 07:19:41,user_0185
decrease_intensity,2023-07-25 10:25:42,user_0166
increase_intensity,2024-02-11 01:43:22,user_0136
decrease_intensity,2024-01-08 22:36:39,user_0128
take_break,2023-04-27 16:48:19,user_0065
decrease_intensity,2023-05-28 03:47:06,user_0159
change_style,2024-03-19 13:28:34,user_0033
increase_intensity,2023-09-02 04:11:24,user_0183
increase_intensity,2023-08-27 18:03:27,user_0124
increase_intensity,2023-07-10 01:11:21,user_0128
maintain_pace,2023-03-28 23:49:02,user_0197
decrease_intensity,2023-07-28 07:53:16,user_0082
decrease_intensity,2023-01-22 00:52:55,user_0036
maintain_pace,2024-03-16 11:00:17,user_0084
increase_intensity,2024-04-20 12:40:44,user_0152
maintain_pace,2024-01-09 14:49:31,user_0189
maintain_pace,2023-10-24 03:42:11,user_0028
take_break,2023-05-15 22:15:26,user_0060
increase_intensity,2023-01-31 09:53:05,user_0094
change_style,2024-08-10 09:13:10,user_0079
take_break,2024-06-26 06:05:27,user_0114
increase_intensity,2024-09-30 04:35:07,user_0073
increase_intensity,2023-05-27 02:29:56,user_0124
increase_intensity,2024-02-21 06:01:34,user_0039
decrease_intensity,2024-06-29 12:13:25,user_0159
increase_intensity,2024-08-31 00:55:41,user_0001
increase_intensity,2024-05-07 04:05:41,user_0013
change_style,2024-10-09 06:08:44,user_0194
increase_intensity,2024-08-20 00:54:44,user_0042
maintain_pace,2023-09-21 11:38:21,user_0165
increase_intensity,2023-02-09 16:31:10,user_0185
increase_intensity,2024-04-02 01:34:51,user_0035
increase_intensity,2024-02-18 19:09:08,user_0037
decrease_intensity,2024-10-07 14:20:42,user_0075
take_break,2023-07-04 04:52:00,user_0127
decrease_intensity,2024-01-09 02:27:40,user_0020
change_style,2023-08-15 05:28:31,user_0194
change_style,2023-06-07 23:44:26,user_0151
maintain_pace,2023-05-13 01:42:12,user_0183
maintain_pace,2023-09-01 18:29:19,user_0057
change_style,2023-12-31 16:51:51,user_0178
take_break,2024-06-09 13:23:08,user_0166
take_break,2024-06-09 13:51:42,user_0047
change_style,2023-12-01 06:08:00,user_0108
increase_intensity,2023-10-13 06:01:00,user_0093
decrease_intensity,2024-07-04 07:36:12,user_0128
decrease_intensity,2024-11-03 04:44:52,user_0158
increase_intensity,2023-12-17 12:40:33,user_0196
take_break,2024-03-11 14:53:28,user_0093
decrease_intensity,2024-08-03 08:27:20,user_0122
decrease_intensity,2024-05-01 22:15:57,user_0043
maintain_pace,2024-11-15 14:41:49,user_0118
take_break,2023-02-26 16:51:02,user_0155
change_style,2023-03-20 07:13:22,user_0082
change_style,2023-01-01 04:44:35,user_0064
increase_intensity,2023-01-23 18:37:22,user_0006
decrease_intensity,2023-02-06 12:29:28,user_0096
change_style,2023-01-09 04:25:57,user_0031
increase_intensity,2023-07-20 04:31:57,user_0087
maintain_pace,2023-01-01 00:09:57,user_0157
take_break,2023-11-21 21:27:43,user_0131
decrease_intensity,2024-06-15 23:40:08,user_0097
decrease_intensity,2024-12-02 16:22:16,user_0103
increase_intensity,2023-03-12 23:30:58,user_0108
decrease_intensity,2023-09-26 16:13:54,user_0148
take_break,2024-04-16 09:55:38,user_0058
change_style,2024-12-09 18:52:20,user_0057
increase_intensity,2024-06-25 13:09:01,user_0071
take_break,2023-09-30 03:49:23,user_0004
decrease_intensity,2023-07-24 09:13:35,user_0042
change_style,2024-04-22 03:31:37,user_0102
take_break,2023-08-06 03:40:23,user_0034
change_style,2023-01-26 13:04:22,user_0018
change_style,2023-03-29 15:44:26,user_0097
increase_intensity,2023-04-14 13:00:11,user_0193
decrease_intensity,2023-11-30 13:22:20,user_0112
maintain_pace,2024-11-11 12:56:37,user_0153
maintain_pace,2024-12-18 19:07:09,user_0173
maintain_pace,2024-10-29 15:11:50,user_0142
take_break,2023-03-29 20:05:39,user_0011
maintain_pace,2024-04-09 19:09:19,user_0121
decrease_intensity,2024-11-26 06:29:09,user_0180
maintain_pace,2024-08-01 17:11:58,user_0008
change_style,2024-10-04 14:41:26,user_0060
change_style,2024-11-11 09:23:47,user_0042
change_style,2023-05-08 10:39:51,user_0144
maintain_pace,2023-03-24 04:31:12,user_0167
decrease_intensity,2024-06-13 02:39:15,user_0101
decrease_intensity,2023-11-29 07:53:05,user_0095
maintain_pace,2024-10-09 02:25:44,user_0042
decrease_intensity,2024-05-22 06:58:24,user_0146
maintain_pace,2023-07-19 09:19:02,user_0121
decrease_intensity,2023-01-17 11:13:57,user_0135
increase_intensity,2024-02-16 03:48:03,user_0132
increase_intensity,2023-02-16 04:43:58,user_0096
decrease_intensity,2024-05-20 00:21:45,user_0030
change_style,2023-06-07 07:07:55,user_0178
increase_intensity,2023-10-18 04:52:55,user_0045
take_break,2023-10-03 12:29:11,user_0031
maintain_pace,2023-01-28 03:03:49,user_0046
take_break,2023-11-12 17:10:53,user_0182
decrease_intensity,2023-12-06 23:05:30,user_0046
decrease_intensity,2023-05-08 18:24:03,user_0005
change_style,2023-01-10 16:28:26,user_0010
increase_intensity,2024-10-17 02:35:24,user_0110
increase_intensity,2024-04-24 07:48:27,user_0151
take_break,2024-12-01 09:11:38,user_0007
increase_intensity,2024-10-01 18:06:16,user_0058
decrease_intensity,2024-06-02 05:28:42,user_0047
change_style,2024-06-08 18:37:01,user_0092
maintain_pace,2023-05-28 23:16:48,user_0021
take_break,2023-07-15 02:49:24,user_0159
take_break,2024-05-05 00:10:10,user_0155
maintain_pace,2024-12-04 03:04:54,user_0157
decrease_intensity,2023-05-18 06:58:59,user_0138
take_break,2024-05-18 11:06:34,user_0072
increase_intensity,2024-08-14 13:24:02,user_0137
increase_intensity,2024-12-27 23:04:19,user_0139
increase_intensity,2023-02-02 05:02:12,user_0150
change_style,2024-02-16 03:28:25,user_0104
maintain_pace,2024-09-17 14:36:31,user_0090
decrease_intensity,2024-02-13 00:42:20,user_0050
increase_intensity,2024-05-28 03:37:49,user_0101
increase_intensity,2024-08-01 03:12:19,user_0168
change_style,2024-06-06 08:46:28,user_0066
increase_intensity,2024-06-26 01:03:17,user_0191
change_style,2023-07-29 03:46:47,user_0147
maintain_pace,2023-03-06 13:02:53,user_0116
take_break,2023-09-26 03:02:46,user_0016
increase_intensity,2024-08-22 02:54:46,user_0132
increase_intensity,2024-02-02 13:13:47,user_0049
maintain_pace,2023-09-30 11:38:45,user_0038
take_break,2024-10-20 07:54:07,user_0135
change_style,2024-06-14 02:59:58,user_0183
take_break,2024-01-30 18:14:17,user_0014
increase_intensity,2023-08-23 02:51:39,user_0085
maintain_pace,2024-04-11 16:47:04,user_0034
decrease_intensity,2023-10-25 02:40:07,user_0149
maintain_pace,2024-02-28 13:18:38,user_0127
change_style,2023-09-29 15:21:56,user_0164
change_style,2024-12-18 23:08:38,user_0063
increase_intensity,2024-07-14 03:19:43,user_0042
maintain_pace,2023-04-18 18:32:00,user_0177
decrease_intensity,2024-05-06 00:58:01,user_0071
maintain_pace,2024-10-11 06:47:51,user_0085
change_style,2024-05-08 06:27:05,user_0138
maintain_pace,2023-10-25 17:06:27,user_0021
increase_intensity,2024-12-02 19:29:24,user_0113
change_style,2023-03-05 02:31:34,user_0063
maintain_pace,2023-07-04 20:04:09,user_0089
maintain_pace,2023-04-11 11:28:44,user_0077
increase_intensity,2024-11-06 01:04:41,user_0127
increase_intensity,2024-04-16 04:31:54,user_0119
maintain_pace,2023-11-26 01:28:06,user_0050
decrease_intensity,2024-01-29 14:59:26,user_0027
change_style,2024-05-11 15:30:57,user_0136
maintain_pace,2024-10-11 12:15:38,user_0158
increase_intensity,2023-09-08 17:18:35,user_0123
change_style,2024-11-01 08:35:34,user_0199
increase_intensity,2024-12-18 09:09:03,user_0030
change_style,2023-04-16 21:17:04,user_0018
maintain_pace,2023-09-07 09:42:21,user_0023
take_break,2024-04-06 20:51:33,user_0038
take_break,2024-06-27 16:47:20,user_0105
change_style,2024-09-13 07:14:04,user_0030
increase_intensity,2024-02-23 19:05:39,user_0119
increase_intensity,2024-12-14 09:06:15,user_0030
increase_intensity,2024-08-01 08:42:25,user_0200
maintain_pace,2024-08-25 00:29:24,user_0074
change_style,2023-10-17 08:03:18,user_0071
maintain_pace,2024-08-24 02:43:40,user_0167
take_break,2024-10-04 22:16:02,user_0017
take_break,2024-12-24 01:37:44,user_0069
increase_intensity,2024-02-02 02:49:22,user_0106
increase_intensity,2024-01-15 06:50:46,user_0180
change_style,2024-02-25 02:08:22,user_0079
take_break,2023-07-05 22:38:40,user_0141
change_style,2024-02-06 19:51:31,user_0007
take_break,2024-11-18 20:55:06,user_0068
decrease_intensity,2024-06-23 23:44:28,user_0060
change_style,2024-05-14 07:52:02,user_0105
decrease_intensity,2024-07-29 00:55:43,user_0174
maintain_pace,2023-12-24 02:26:00,user_0035
take_break,2023-08-26 14:32:14,user_0029
decrease_intensity,2024-09-02 14:55:59,user_0100
maintain_pace,2023-09-30 12:36:13,user_0119
change_style,2024-11-14 22:58:47,user_0034
decrease_intensity,2024-01-17 21:04:49,user_0136
decrease_intensity,2024-08-21 03:12:10,user_0194
maintain_pace,2023-06-09 22:07:52,user_0004
decrease_intensity,2023-09-14 07:52:26,user_0066
maintain_pace,2023-10-25 20:07:58,user_0094
take_break,2024-07-02 15:25:40,user_0057
take_break,2023-03-19 16:35:40,user_0093
take_break,2024-04-12 13:01:22,user_0132
decrease_intensity,2023-11-28 04:01:10,user_0085
decrease_intensity,2024-09-01 01:47:57,user_0194
increase_intensity,2024-10-15 12:30:21,user_0148
increase_intensity,2023-05-18 11:33:41,user_0113
maintain_pace,2023-01-01 10:26:38,user_0097
decrease_intensity,2024-08-02 07:46:00,user_0055
maintain_pace,2024-01-04 07:02:03,user_0006
change_style,2023-03-20 16:40:16,user_0029
decrease_intensity,2023-04-16 09:06:33,user_0080
change_style,2023-02-22 17:03:39,user_0100
decrease_intensity,2024-11-24 13:56:15,user_0133
take_break,2023-06-26 12:55:13,user_0165
maintain_pace,2023-10-24 11:13:12,user_0137
increase_intensity,2024-08-25 10:03:49,user_0037
take_break,2024-01-31 15:15:35,user_0167
increase_intensity,2023-03-12 12:12:29,user_0063
decrease_intensity,2024-08-17 13:56:27,user_0185
change_style,2023-01-18 03:49:06,user_0040
change_style,2023-01-23 16:49:37,user_0064
take_break,2023-03-30 09:14:36,user_0122
increase_intensity,2023-05-16 13:42:40,user_0131
maintain_pace,2024-07-20 12:42:31,user_0043
maintain_pace,2023-02-22 01:48:33,user_0125
maintain_pace,2023-07-05 00:09:43,user_0025
increase_intensity,2024-11-25 05:44:30,user_0055
change_style,2023-11-04 23:59:42,user_0106
change_style,2023-09-18 23:39:01,user_0036
take_break,2023-10-22 04:34:27,user_0108
increase_intensity,2024-05-24 09:46:49,user_0186
decrease_intensity,2023-08-08 03:46:30,user_0103
decrease_intensity,2023-10-11 01:19:58,user_0019
maintain_pace,2023-06-02 04:00:57,user_0187
change_style,2023-11-09 19:44:18,user_0144
change_style,2024-03-06 11:22:57,user_0094
increase_intensity,2023-12-16 06:15:35,user_0099
increase_intensity,2024-03-24 19:21:05,user_0130
take_break,2023-01-31 13:38:52,user_0128
increase_intensity,2023-12-25 16:09:44,user_0193
take_break,2023-01-24 00:11:45,user_0059
maintain_pace,2023-08-22 07:56:59,user_0048
maintain_pace,2023-01-23 15:49:35,user_0126
change_style,2024-05-26 11:03:50,user_0003
change_style,2024-09-20 15:47:01,user_0154
change_style,2023-10-08 03:23:32,user_0092
decrease_intensity,2024-01-29 11:34:59,user_0142
take_break,2023-03-13 13:04:46,user_0115
maintain_pace,2024-05-17 16:07:00,user_0152
take_break,2024-03-28 18:27:35,user_0163
decrease_intensity,2023-09-14 06:28:56,user_0116
decrease_intensity,2024-12-10 02:16:06,user_0006
maintain_pace,2023-12-24 22:12:15,user_0190
maintain_pace,2023-01-20 22:47:19,user_0036
change_style,2023-01-29 05:31:33,user_0029
decrease_intensity,2023-12-22 20:05:45,user_0141
change_style,2024-10-23 06:56:14,user_0136
maintain_pace,2023-12-13 15:45:13,user_0143
decrease_intensity,2024-02-01 22:14:10,user_0033
decrease_intensity,2023-03-02 13:32:28,user_0089
increase_intensity,2024-06-12 17:21:42,user_0144
decrease_intensity,2024-06-06 09:27:38,user_0085
change_style,2024-11-04 06:53:12,user_0180
increase_intensity,2023-11-28 22:06:07,user_0101
decrease_intensity,2024-06-30 19:23:41,user_0081
increase_intensity,2023-06-26 04:57:13,user_0162
decrease_intensity,2024-12-19 07:41:03,user_0034
take_break,2023-01-26 01:40:28,user_0127
change_style,2023-08-15 03:56:01,user_0171
change_style,2024-07-21 07:54:33,user_0189
increase_intensity,2024-09-15 21:19:52,user_0105
take_break,2023-06-08 02:02:59,user_0022
increase_intensity,2023-10-27 17:50:10,user_0051
increase_intensity,2023-01-08 12:21:00,user_0004
maintain_pace,2023-04-04 17:17:25,user_0177
increase_intensity,2024-09-21 18:47:46,user_0167
decrease_intensity,2024-07-24 00:13:39,user_0200
maintain_pace,2024-11-13 22:37:44,user_0001
maintain_pace,2023-11-21 10:24:47,user_0169
increase_intensity,2024-01-02 12:18:43,user_0178
maintain_pace,2023-12-05 02:54:47,user_0017
change_style,2024-05-23 21:44:09,user_0008
maintain_pace,2023-10-11 08:52:49,user_0067
maintain_pace,2024-11-06 05:39:28,user_0093
decrease_intensity,2024-04-22 04:51:52,user_0118
change_style,2023-02-05 13:29:04,user_0086
maintain_pace,2024-03-03 12:46:54,user_0066
decrease_intensity,2024-05-24 16:45:14,user_0002
change_style,2023-12-25 12:03:16,user_0017
maintain_pace,2024-10-20 15:37:32,user_0073
increase_intensity,2023-08-03 04:11:01,user_0161
maintain_pace,2023-04-29 19:18:47,user_0182
change_style,2023-07-31 21:49:20,user_0108
maintain_pace,2023-08-30 22:24:04,user_0198
change_style,2023-03-22 01:29:54,user_0107
increase_intensity,2023-04-24 00:01:45,user_0134
maintain_pace,2024-09-03 06:48:00,user_0180
change_style,2023-05-26 08:38:10,user_0101
decrease_intensity,2023-12-21 23:03:19,user_0045
maintain_pace,2023-01-05 03:43:57,user_0001
increase_intensity,2024-07-20 06:58:00,user_0080
decrease_intensity,2024-08-11 23:10:57,user_0051
maintain_pace,2024-10-22 22:46:57,user_0139
change_style,2024-07-17 21:32:45,user_0022
take_break,2023-02-02 00:41:03,user_0162
decrease_intensity,2023-05-14 08:30:54,user_0129
change_style,2023-09-06 06:02:00,user_0077
decrease_intensity,2024-05-13 14:44:25,user_0049
maintain_pace,2024-09-09 05:49:59,user_0110
increase_intensity,2023-06-16 23:23:37,user_0049
increase_intensity,2023-11-21 14:33:20,user_0170
decrease_intensity,2024-05-26 13:39:57,user_0092
take_break,2024-10-27 12:11:56,user_0177
maintain_pace,2023-03-16 02:56:27,user_0013
change_style,2023-04-12 14:52:37,user_0094
maintain_pace,2024-06-24 11:02:38,user_0196
take_break,2024-11-22 01:42:03,user_0142
change_style,2024-02-15 19:44:37,user_0164
take_break,2023-11-16 19:27:52,user_0184
maintain_pace,2023-09-25 16:09:26,user_0069
maintain_pace,2024-05-25 05:05:57,user_0046
decrease_intensity,2023-01-15 23:49:07,user_0015
take_break,2024-01-19 09:04:11,user_0087
increase_intensity,2024-05-21 11:35:16,user_0136
take_break,2024-04-08 10:15:23,user_0122
take_break,2023-03-19 14:52:06,user_0184
change_style,2023-12-12 18:29:17,user_0011
change_style,2023-07-23 14:21:59,user_0199
decrease_intensity,2024-02-11 19:34:22,user_0151
increase_intensity,2023-11-05 05:54:42,user_0173
maintain_pace,2023-02-17 13:52:19,user_0110
increase_intensity,2023-07-11 19:49:41,user_0105
increase_intensity,2024-11-23 12:33:31,user_0155
increase_intensity,2023-09-19 01:53:53,user_0031
decrease_intensity,2023-10-20 23:14:54,user_0175
decrease_intensity,2024-11-02 01:41:18,user_0104
increase_intensity,2024-10-23 19:54:59,user_0066
maintain_pace,2024-10-01 03:20:16,user_0108
maintain_pace,2023-03-30 08:06:38,user_0112
maintain_pace,2023-04-29 06:09:28,user_0061
decrease_intensity,2024-02-21 09:46:09,user_0008
change_style,2024-04-30 04:30:33,user_0065
maintain_pace,2023-11-22 15:42:32,user_0153
change_style,2024-12-28 11:02:17,user_0017
increase_intensity,2023-09-30 12:30:41,user_0158
maintain_pace,2023-07-11 23:52:37,user_0152
increase_intensity,2023-02-18 18:40:00,user_0115
increase_intensity,2024-07-30 16:46:04,user_0052
take_break,2023-05-16 10:08:18,user_0063
increase_intensity,2023-10-29 16:14:27,user_0061
increase_intensity,2024-02-13 13:21:30,user_0077
decrease_intensity,2023-06-19 12:59:24,user_0186
increase_intensity,2023-04-18 14:13:27,user_0119
maintain_pace,2023-04-08 05:55:25,user_0090
decrease_intensity,2024-05-27 01:49:21,user_0032
take_break,2023-01-09 04:06:44,user_0109
take_break,2023-02-13 19:05:40,user_0035
increase_intensity,2024-07-29 07:17:09,user_0016
change_style,2023-03-24 07:25:30,user_0137
take_break,2024-05-01 02:45:50,user_0019
take_break,2024-03-03 11:14:10,user_0168
take_break,2023-01-07 11:10:59,user_0040
maintain_pace,2024-10-04 16:20:20,user_0174
change_style,2023-04-11 01:19:21,user_0109
increase_intensity,2024-11-03 03:13:07,user_0131
increase_intensity,2024-09-20 05:27:40,user_0154
decrease_intensity,2024-08-07 21:28:01,user_0101
maintain_pace,2023-05-18 17:26:45,user_0072
change_style,2023-12-13 13:47:14,user_0070
decrease_intensity,2023-12-16 11:25:33,user_0005
change_style,2023-03-14 07:18:13,user_0027
take_break,2023-10-11 03:15:50,user_0172
change_style,2024-04-07 09:06:28,user_0038
decrease_intensity,2024-01-31 05:22:39,user_0200
maintain_pace,2024-08-09 19:48:05,user_0089
maintain_pace,2023-04-17 15:53:20,user_0071
take_break,2023-04-03 16:15:42,user_0078
increase_intensity,2024-01-08 04:53:07,user_0128
decrease_intensity,2024-09-20 15:58:10,user_0169
increase_intensity,2023-02-19 15:15:18,user_0058
take_break,2024-01-10 18:29:52,user_0157
change_style,2024-12-21 18:34:38,user_0179
change_style,2024-02-18 07:04:40,user_0198
take_break,2023-06-30 08:37:41,user_0096
maintain_pace,2024-07-03 23:48:31,user_0063
decrease_intensity,2024-09-05 00:47:13,user_0019
take_break,2023-09-22 01:22:42,user_0155
take_break,2023-06-14 11:59:33,user_0094
decrease_intensity,2023-07-11 14:26:50,user_0114
maintain_pace,2023-02-13 13:28:16,user_0053
maintain_pace,2023-11-12 06:22:49,user_0097
decrease_intensity,2024-09-27 14:06:57,user_0173
increase_intensity,2024-07-23 20:40:21,user_0011
change_style,2023-01-21 04:41:41,user_0120
decrease_intensity,2024-05-05 07:24:46,user_0105
maintain_pace,2024-11-10 11:15:54,user_0010
increase_intensity,2023-10-13 06:23:58,user_0086
take_break,2024-03-18 16:46:03,user_0020
take_break,2024-09-24 20:42:31,user_0147
take_break,2024-06-30 11:37:15,user_0088
change_style,2023-04-03 22:45:27,user_0130
maintain_pace,2024-03-24 20:58:26,user_0168
increase_intensity,2024-07-31 00:59:32,user_0146
maintain_pace,2024-10-10 18:47:50,user_0082
change_style,2024-04-16 14:38:15,user_0002
change_style,2024-07-05 11:08:11,user_0047
decrease_intensity,2023-04-25 19:38:07,user_0177
maintain_pace,2024-03-13 06:06:34,user_0119
take_break,2023-07-29 23:14:12,user_0151
decrease_intensity,2024-07-18 08:41:50,user_0047
maintain_pace,2023-11-12 21:37:53,user_0079
decrease_intensity,2023-01-23 13:36:48,user_0124
decrease_intensity,2023-02-18 10:10:16,user_0089
increase_intensity,2023-03-03 22:26:36,user_0173
decrease_intensity,2024-10-12 21:42:58,user_0082
change_style,2023-04-17 06:16:39,user_0021
take_break,2024-04-13 05:19:48,user_0175
increase_intensity,2023-09-27 18:00:36,user_0032
decrease_intensity,2023-10-15 02:02:37,user_0019
increase_intensity,2023-12-06 02:09:51,user_0146
take_break,2024-08-11 23:20:07,user_0024
take_break,2024-10-31 11:46:50,user_0175
increase_intensity,2023-08-10 13:15:55,user_0106
maintain_pace,2024-01-26 18:17:51,user_0158
take_break,2023-08-27 18:34:39,user_0093
change_style,2023-08-13 22:38:43,user_0085
change_style,2024-11-23 09:38:56,user_0149
decrease_intensity,2024-01-09 08:25:41,user_0048
maintain_pace,2023-10-09 20:21:51,user_0194
maintain_pace,2024-09-27 22:42:23,user_0173
decrease_intensity,2024-05-17 13:40:24,user_0129
take_break,2024-05-22 12:46:20,user_0022
increase_intensity,2024-11-05 02:54:50,user_0056
maintain_pace,2024-03-17 19:11:18,user_0168
maintain_pace,2024-04-27 12:52:28,user_0038
take_break,2024-02-24 00:16:18,user_0019
increase_intensity,2023-12-09 14:37:41,user_0147
change_style,2023-03-08 10:06:15,user_0194
maintain_pace,2023-12-24 11:06:55,user_0093
take_break,2023-09-07 23:01:25,user_0114
maintain_pace,2024-01-13 09:47:51,user_0114
change_style,2024-04-05 21:31:48,user_0175
decrease_intensity,2023-07-03 15:54:29,user_0058
take_break,2023-07-15 19:04:03,user_0185
increase_intensity,2023-07-18 00:19:15,user_0176
decrease_intensity,2023-07-30 22:21:02,user_0045
increase_intensity,2024-01-10 20:50:01,user_0028
change_style,2023-08-17 12:39:52,user_0060
increase_intensity,2024-10-23 05:48:20,user_0005
maintain_pace,2024-10-24 06:27:10,user_0146
change_style,2024-02-18 04:34:53,user_0165
decrease_intensity,2023-09-12 09:57:05,user_0025
maintain_pace,2023-08-12 15:12:37,user_0166
maintain_pace,2024-08-25 18:52:51,user_0129
change_style,2024-01-13 21:36:33,user_0168
increase_intensity,2023-10-28 10:10:03,user_0183
increase_intensity,2023-07-12 15:42:20,user_0095
decrease_intensity,2023-11-06 09:49:08,user_0167
change_style,2024-04-26 03:37:37,user_0095
decrease_intensity,2024-07-14 20:51:43,user_0076
take_break,2024-10-12 02:26:34,user_0153
change_style,2023-04-12 16:08:41,user_0151
take_break,2024-07-16 00:48:22,user_0171
decrease_intensity,2023-08-04 08:40:04,user_0125
take_break,2024-05-16 14:03:04,user_0048
take_break,2023-09-21 21:15:04,user_0038
maintain_pace,2024-02-01 05:26:02,user_0090
maintain_pace,2023-08-23 10:24:59,user_0024
decrease_intensity,2024-08-05 13:29:48,user_0133
decrease_intensity,2024-02-29 16:14:34,user_0188
increase_intensity,2023-05-07 14:14:29,user_0145
take_break,2024-06-12 22:51:50,user_0165
increase_intensity,2024-10-01 14:04:19,user_0015
increase_intensity,2024-04-11 04:11:26,user_0194
change_style,2023-05-31 04:27:23,user_0020
increase_intensity,2024-07-30 15:50:12,user_0158
increase_intensity,2024-08-29 04:25:11,user_0144
take_break,2023-05-14 15:31:25,user_0044
increase_intensity,2024-04-17 15:48:10,user_0187
take_break,2023-12-29 18:39:49,user_0132
take_break,2023-06-29 07:30:15,user_0159
increase_intensity,2023-12-20 13:41:41,user_0154
take_break,2023-07-17 15:22:24,user_0041
decrease_intensity,2024-02-19 18:40:40,user_0076
decrease_intensity,2024-01-28 07:23:56,user_0130
take_break,2023-04-17 19:52:31,user_0008
decrease_intensity,2024-03-18 08:50:07,user_0078
change_style,2023-07-04 08:25:31,user_0152
maintain_pace,2024-12-06 13:19:12,user_0107
decrease_intensity,2024-08-16 13:45:59,user_0040
increase_intensity,2024-12-19 05:21:35,user_0105
decrease_intensity,2023-01-03 09:14:20,user_0153
change_style,2023-05-18 22:01:12,user_0062
change_style,2024-11-12 21:49:02,user_0058
change_style,2024-11-08 07:09:21,user_0071
decrease_intensity,2023-11-28 23:24:18,user_0160
maintain_pace,2024-12-24 07:45:27,user_0117
increase_intensity,2024-03-02 00:23:05,user_0087
maintain_pace,2023-07-22 06:38:45,user_0174
decrease_intensity,2024-02-19 05:47:16,user_0103
maintain_pace,2023-05-26 09:48:32,user_0154
take_break,2023-02-07 05:23:53,user_0042
increase_intensity,2023-11-09 05:25:54,user_0007
take_break,2024-12-17 15:19:31,user_0056
take_break,2024-03-10 13:09:41,user_0175
maintain_pace,2023-12-14 17:58:12,user_0178
take_break,2023-10-10 10:13:11,user_0173
increase_intensity,2023-03-29 04:40:20,user_0068
take_break,2023-05-13 04:57:17,user_0044
decrease_intensity,2023-09-21 18:35:16,user_0153
increase_intensity,2024-08-07 22:46:20,user_0052
decrease_intensity,2023-02-09 18:52:39,user_0146
decrease_intensity,2024-09-10 10:30:03,user_0135
change_style,2023-07-22 11:16:39,user_0022
change_style,2024-02-05 09:33:25,user_0004
decrease_intensity,2023-07-15 22:37:06,user_0157
take_break,2024-07-26 05:24:48,user_0118
decrease_intensity,2024-11-06 19:06:05,user_0168
decrease_intensity,2024-05-16 07:24:33,user_0180
change_style,2023-05-30 13:43:14,user_0114
maintain_pace,2024-10-12 15:46:41,user_0060
maintain_pace,2024-02-18 14:15:35,user_0169
maintain_pace,2023-01-08 04:40:43,user_0073
decrease_intensity,2023-09-04 10:51:18,user_0015
decrease_intensity,2024-03-31 18:47:15,user_0123
take_break,2023-07-22 08:05:06,user_0077
change_style,2023-11-10 18:08:32,user_0057
decrease_intensity,2023-06-18 06:09:20,user_0094
increase_intensity,2024-03-27 08:49:28,user_0099
increase_intensity,2024-02-21 13:12:41,user_0163
change_style,2023-07-14 17:12:38,user_0090
increase_intensity,2024-02-08 09:49:43,user_0019
increase_intensity,2024-09-05 18:15:19,user_0149
change_style,2023-04-21 17:50:05,user_0141
decrease_intensity,2024-02-09 05:00:12,user_0021
decrease_intensity,2023-08-20 04:53:44,user_0088
take_break,2023-06-10 12:09:45,user_0026
decrease_intensity,2024-08-11 04:02:40,user_0056
increase_intensity,2024-08-25 08:05:29,user_0031
increase_intensity,2023-05-29 07:02:02,user_0030
take_break,2024-03-25 21:31:01,user_0024
change_style,2024-11-27 18:22:21,user_0096
increase_intensity,2023-03-08 13:26:03,user_0158
decrease_intensity,2024-06-24 12:47:27,user_0121
decrease_intensity,2024-12-15 10:20:31,user_0154
decrease_intensity,2023-07-16 21:39:17,user_0102
increase_intensity,2023-12-21 23:13:26,user_0082
maintain_pace,2023-03-11 20:22:39,user_0105
increase_intensity,2024-09-09 03:05:50,user_0054
increase_intensity,2023-06-11 07:27:19,user_0113
maintain_pace,2023-12-02 10:33:21,user_0124
maintain_pace,2023-05-01 22:03:27,user_0076
decrease_intensity,2023-05-07 16:28:31,user_0021
decrease_intensity,2023-06-10 20:23:06,user_0151
decrease_intensity,2023-03-20 09:25:07,user_0126
increase_intensity,2023-06-24 07:15:48,user_0028
change_style,2023-08-14 04:49:08,user_0124
take_break,2024-02-28 03:15:00,user_0081
change_style,2024-03-13 19:01:48,user_0079
maintain_pace,2023-10-10 07:02:30,user_0023
increase_intensity,2023-06-05 18:33:16,user_0187
increase_intensity,2023-03-15 06:25:23,user_0181
take_break,2023-03-01 20:35:23,user_0053
change_style,2024-06-04 01:41:10,user_0162
maintain_pace,2023-11-20 01:04:58,user_0068
take_break,2024-06-23 14:09:36,user_0105
increase_intensity,2023-10-08 16:00:40,user_0012
take_break,2024-03-24 23:43:37,user_0130
decrease_intensity,2023-10-05 12:26:57,user_0025
change_style,2024-01-31 02:57:22,user_0088
maintain_pace,2023-07-18 08:35:32,user_0095
decrease_intensity,2024-10-05 17:14:47,user_0125
change_style,2023-12-25 19:25:38,user_0196
decrease_intensity,2024-07-30 09:34:39,user_0172
take_break,2024-01-18 11:20:52,user_0162
maintain_pace,2023-08-24 02:50:30,user_0134
take_break,2023-12-31 07:02:35,user_0095
take_break,2024-03-25 09:58:29,user_0039
change_style,2024-09-03 21:35:45,user_0127
maintain_pace,2024-03-18 18:49:29,user_0178
maintain_pace,2023-09-30 06:16:39,user_0024
take_break,2024-05-28 12:33:21,user_0005
maintain_pace,2024-03-14 16:42:22,user_0054
increase_intensity,2024-05-25 05:14:00,user_0054
maintain_pace,2023-10-03 16:40:40,user_0010
take_break,2024-07-29 06:59:07,user_0082
increase_intensity,2023-06-01 04:56:00,user_0075
increase_intensity,2023-08-18 08:59:25,user_0094
change_style,2023-10-23 17:23:31,user_0107
take_break,2023-07-01 14:22:27,user_0069
maintain_pace,2023-08-01 04:41:34,user_0006
increase_intensity,2023-06-18 13:17:19,user_0016
take_break,2024-03-14 07:37:56,user_0060
change_style,2023-12-09 21:22:19,user_0142
decrease_intensity,2023-01-18 17:18:54,user_0033
decrease_intensity,2024-11-13 17:51:07,user_0101
maintain_pace,2023-06-28 04:09:25,user_0197
decrease_intensity,2024-05-24 05:37:03,user_0168
increase_intensity,2023-11-27 03:20:47,user_0040
increase_intensity,2024-08-07 01:45:47,user_0009
take_break,2023-10-11 21:00:00,user_0091
maintain_pace,2023-09-09 23:37:34,user_0195
take_break,2023-10-06 02:36:38,user_0048
take_break,2023-12-25 09:34:29,user_0193
maintain_pace,2024-06-12 15:36:25,user_0010
take_break,2024-10-25 16:58:27,user_0006
decrease_intensity,2023-03-07 07:21:18,user_0200
change_style,2023-07-06 02:17:55,user_0062
take_break,2023-06-16 20:18:56,user_0031
increase_intensity,2023-09-25 14:44:24,user_0006
increase_intensity,2024-12-28 21:10:33,user_0095
decrease_intensity,2023-12-16 07:51:31,user_0034
take_break,2023-05-04 00:50:59,user_0093
take_break,2024-09-15 03:53:40,user_0067
maintain_pace,2024-04-15 20:33:24,user_0190
take_break,2024-03-13 08:19:24,user_0012
take_break,2024-08-14 09:41:25,user_0038
increase_intensity,2024-09-09 12:12:45,user_0135
maintain_pace,2024-12-15 18:54:33,user_0064
take_break,2023-09-24 03:17:55,user_0119
decrease_intensity,2024-07-09 07:38:36,user_0120
take_break,2023-03-07 16:19:05,user_0123
maintain_pace,2024-10-30 13:41:26,user_0077
decrease_intensity,2023-03-09 10:26:28,user_0132
decrease_intensity,2024-05-22 13:52:48,user_0021
decrease_intensity,2023-02-06 13:08:24,user_0078
increase_intensity,2023-02-27 20:33:14,user_0164
increase_intensity,2024-11-11 08:49:00,user_0135
decrease_intensity,2023-11-27 18:19:35,user_0077
increase_intensity,2023-08-03 00:02:14,user_0163
decrease_intensity,2024-09-18 16:55:27,user_0125
decrease_intensity,2023-07-23 07:33:20,user_0177
change_style,2024-10-30 15:40:10,user_0097
increase_intensity,2023-06-17 05:38:00,user_0121
change_style,2023-08-16 11:12:10,user_0139
decrease_intensity,2024-01-15 23:17:58,user_0103
decrease_intensity,2023-06-19 05:24:35,user_0089
change_style,2023-03-09 08:35:15,user_0103
maintain_pace,2023-02-08 01:36:26,user_0024
decrease_intensity,2024-04-22 20:58:33,user_0022
increase_intensity,2024-07-26 12:17:13,user_0171
take_break,2024-11-27 07:15:26,user_0179
take_break,2024-11-18 07:14:01,user_0177
take_break,2023-05-09 10:32:15,user_0122
change_style,2024-02-04 23:53:00,user_0120
decrease_intensity,2024-11-18 16:07:19,user_0022
maintain_pace,2024-10-15 07:02:00,user_0079
increase_intensity,2023-06-22 11:00:58,user_0018
take_break,2024-08-12 15:24:26,user_0044
take_break,2023-05-23 15:08:43,user_0109
increase_intensity,2024-06-04 03:30:33,user_0032
take_break,2023-02-19 04:32:04,user_0186
change_style,2023-03-16 02:27:37,user_0056
decrease_intensity,2024-08-19 14:54:59,user_0074
decrease_intensity,2023-05-11 11:21:36,user_0009
maintain_pace,2023-04-01 14:53:06,user_0191
change_style,2023-12-04 15:39:01,user_0089
maintain_pace,2024-07-09 10:16:19,user_0121
take_break,2024-06-11 22:36:46,user_0132
decrease_intensity,2023-04-22 11:37:48,user_0038
maintain_pace,2024-11-11 11:16:11,user_0100
maintain_pace,2023-06-29 07:43:38,user_0042
change_style,2023-01-07 09:14:18,user_0135
take_break,2024-09-16 10:44:11,user_0170
increase_intensity,2024-07-13 10:26:43,user_0118
change_style,2024-01-10 16:04:05,user_0060
change_style,2023-01-16 02:58:43,user_0090
take_break,2024-01-04 07:00:38,user_0148
increase_intensity,2023-02-11 12:00:47,user_0191
change_style,2023-04-09 12:18:29,user_0124
maintain_pace,2023-02-05 06:59:42,user_0125
maintain_pace,2023-04-24 19:31:58,user_0111
maintain_pace,2023-04-07 13:44:16,user_0021
maintain_pace,2024-09-21 00:46:43,user_0127
increase_intensity,2024-09-01 00:35:03,user_0133
take_break,2024-02-23 22:06:21,user_0121
take_break,2023-07-23 20:56:02,user_0030
increase_intensity,2023-06-29 10:13:18,user_0063
take_break,2023-05-08 20:32:25,user_0187
maintain_pace,2023-03-22 05:01:50,user_0038
increase_intensity,2023-07-01 04:43:23,user_0164
maintain_pace,2024-04-12 07:11:05,user_0038
take_break,2024-07-04 19:04:42,user_0023
change_style,2023-02-18 23:08:13,user_0151
increase_intensity,2023-10-03 12:29:15,user_0058
decrease_intensity,2023-01-01 10:02:44,user_0176
decrease_intensity,2023-12-03 08:44:16,user_0134
maintain_pace,2024-08-06 03:38:33,user_0107
take_break,2024-05-09 14:14:42,user_0174
maintain_pace,2023-10-16 08:41:47,user_0087
decrease_intensity,2024-01-31 06:32:09,user_0143
increase_intensity,2023-10-22 20:18:03,user_0001
maintain_pace,2024-01-19 06:53:23,user_0100
take_break,2024-12-03 08:04:40,user_0092
decrease_intensity,2024-11-19 14:21:33,user_0033
increase_intensity,2023-09-16 08:56:58,user_0110
maintain_pace,2024-03-18 00:39:38,user_0152
increase_intensity,2024-06-08 09:35:40,user_0070
change_style,2024-07-01 00:29:40,user_0142
decrease_intensity,2024-07-02 16:34:46,user_0096
maintain_pace,2024-01-18 03:12:06,user_0083
increase_intensity,2023-10-25 14:31:25,user_0198
maintain_pace,2024-01-03 07:13:57,user_0084
take_break,2023-12-31 19:12:42,user_0125
take_break,2024-08-10 12:46:28,user_0084
maintain_pace,2023-06-01 00:45:56,user_0166
decrease_intensity,2024-03-13 20:27:53,user_0139
maintain_pace,2023-09-26 06:37:19,user_0191
maintain_pace,2023-08-06 20:42:25,user_0160
maintain_pace,2024-03-17 05:00:48,user_0157
maintain_pace,2023-10-29 01:28:32,user_0030
decrease_intensity,2023-10-02 10:32:33,user_0157
change_style,2023-09-30 17:52:56,user_0086
change_style,2023-08-18 14:49:53,user_0139
increase_intensity,2023-05-26 01:16:26,user_0177
decrease_intensity,2023-01-12 17:02:52,user_0105
decrease_intensity,2023-11-14 22:37:03,user_0078
decrease_intensity,2024-04-11 01:42:30,user_0192
take_break,2023-04-18 10:25:16,user_0122
decrease_intensity,2024-09-23 14:15:16,user_0166
take_break,2024-07-31 01:59:08,user_0188
change_style,2024-06-30 22:25:38,user_0196
change_style,2024-04-18 19:43:46,user_0135
take_break,2023-08-09 10:33:06,user_0094
maintain_pace,2023-06-28 11:29:45,user_0074
change_style,2023-01-12 22:56:36,user_0135
maintain_pace,2023-06-15 18:17:32,user_0005
increase_intensity,2023-11-17 11:44:10,user_0196
take_break,2023-12-22 08:18:45,user_0047
increase_intensity,2023-12-07 10:26:07,user_0036
take_break,2023-12-06 14:23:11,user_0143
increase_intensity,2024-10-06 03:21:28,user_0039
increase_intensity,2023-12-05 05:00:13,user_0038
decrease_intensity,2023-10-31 12:48:59,user_0036
change_style,2023-02-07 11:35:10,user_0115
take_break,2024-11-22 20:08:58,user_0002
change_style,2024-10-16 20:07:15,user_0015
decrease_intensity,2024-11-04 14:31:21,user_0084
change_style,2023-08-04 15:43:29,user_0055
take_break,2023-02-08 18:39:03,user_0077
decrease_intensity,2023-12-06 12:21:59,user_0188
maintain_pace,2023-10-10 04:28:33,user_0025
decrease_intensity,2024-04-22 00:07:44,user_0014
take_break,2023-11-13 08:51:30,user_0137
increase_intensity,2024-03-12 17:06:10,user_0177
change_style,2023-09-16 23:38:49,user_0118
increase_intensity,2024-01-10 04:04:39,user_0163
maintain_pace,2023-12-15 06:56:02,user_0005
increase_intensity,2024-11-12 19:16:48,user_0101
change_style,2024-09-26 02:22:50,user_0145
increase_intensity,2023-12-17 00:06:47,user_0069
decrease_intensity,2023-09-15 07:29:32,user_0054
take_break,2023-05-22 05:45:26,user_0175
increase_intensity,2024-11-04 01:10:56,user_0177
take_break,2023-05-02 03:21:48,user_0074
take_break,2024-12-25 05:35:03,user_0062
take_break,2023-04-17 12:51:06,user_0151
decrease_intensity,2024-06-03 02:33:36,user_0093
take_break,2023-07-16 19:32:34,user_0016
increase_intensity,2023-01-19 00:27:18,user_0135
take_break,2023-06-09 15:30:55,user_0043
decrease_intensity,2024-01-16 09:30:53,user_0172
take_break,2023-01-18 14:55:48,user_0137
increase_intensity,2023-10-22 11:46:45,user_0071
decrease_intensity,2024-08-05 21:54:56,user_0080
maintain_pace,2023-12-03 00:17:52,user_0188
maintain_pace,2024-03-29 21:27:25,user_0138
increase_intensity,2023-07-27 23:55:26,user_0127
change_style,2023-02-07 04:03:16,user_0124
take_break,2024-01-13 09:47:47,user_0133
change_style,2023-04-01 00:10:38,user_0051
decrease_intensity,2023-11-17 00:43:48,user_0007
take_break,2023-12-22 21:17:41,user_0022
change_style,2024-07-11 10:57:59,user_0024
increase_intensity,2023-01-27 09:27:06,user_0126
decrease_intensity,2024-07-22 21:28:26,user_0104
take_break,2024-06-15 22:12:03,user_0042
maintain_pace,2024-02-18 10:27:43,user_0150
take_break,2023-02-19 02:54:23,user_0163
decrease_intensity,2024-12-07 17:37:41,user_0116
maintain_pace,2024-11-12 01:14:29,user_0183
increase_intensity,2023-10-03 21:14:44,user_0131
take_break,2024-04-27 05:59:48,user_0111
change_style,2023-11-18 02:22:21,user_0106
change_style,2024-06-11 10:57:44,user_0199
increase_intensity,2023-07-14 23:41:40,user_0019
decrease_intensity,2023-04-14 19:32:27,user_0170
increase_intensity,2024-10-29 22:42:32,user_0174
decrease_intensity,2023-03-10 00:40:54,user_0072
maintain_pace,2023-10-08 05:44:40,user_0125
decrease_intensity,2023-10-15 21:52:39,user_0148
maintain_pace,2023-01-31 13:56:30,user_0033
take_break,2023-08-10 02:59:17,user_0134
take_break,2024-11-27 02:21:54,user_0015
increase_intensity,2023-05-22 23:31:30,user_0069
increase_intensity,2024-02-20 14:02:46,user_0090
take_break,2023-11-01 20:09:36,user_0031
change_style,2024-08-25 22:09:20,user_0006
maintain_pace,2023-04-21 16:50:45,user_0129
take_break,2024-02-04 08:25:14,user_0147
change_style,2023-07-06 06:11:27,user_0015
decrease_intensity,2024-10-30 17:34:06,user_0034
take_break,2023-01-01 09:56:00,user_0192
change_style,2023-02-18 08:19:09,user_0083
take_break,2024-09-18 22:53:17,user_0177
decrease_intensity,2023-07-13 19:41:40,user_0082
decrease_intensity,2023-12-19 08:17:00,user_0174
maintain_pace,2023-02-18 05:52:50,user_0051
decrease_intensity,2023-12-08 20:43:54,user_0011
decrease_intensity,2024-12-17 06:34:34,user_0004
maintain_pace,2024-11-06 02:52:39,user_0082
take_break,2023-12-27 05:48:31,user_0041
take_break,2023-02-28 09:03:58,user_0192
maintain_pace,2023-12-02 12:18:07,user_0001
take_break,2024-10-18 13:34:51,user_0009
take_break,2024-03-26 06:18:25,user_0167
change_style,2024-12-16 00:06:23,user_0065
maintain_pace,2024-09-12 22:24:14,user_0116
maintain_pace,2024-11-28 15:18:39,user_0017
increase_intensity,2023-07-08 09:37:13,user_0067
change_style,2024-02-12 18:07:17,user_0087
take_break,2024-10-11 02:15:49,user_0001
increase_intensity,2024-08-17 11:56:42,user_0152
change_style,2023-08-30 08:06:34,user_0122
take_break,2024-04-30 09:46:30,user_0148
change_style,2024-01-20 11:56:39,user_0192
decrease_intensity,2024-05-02 11:00:45,user_0148
take_break,2024-09-01 19:29:01,user_0124
change_style,2024-03-06 12:56:17,user_0081
change_style,2024-05-13 07:10:37,user_0085
increase_intensity,2024-08-11 12:25:50,user_0168
change_style,2024-07-22 03:44:52,user_0158
decrease_intensity,2023-06-29 01:35:43,user_0151
decrease_intensity,2024-08-17 21:36:21,user_0023
change_style,2023-11-13 17:27:40,user_0120
take_break,2023-07-18 16:44:35,user_0056
increase_intensity,2024-11-17 03:44:58,user_0047
take_break,2023-08-08 09:58:04,user_0145
change_style,2024-12-11 02:46:30,user_0002
decrease_intensity,2024-12-24 15:48:07,user_0106
maintain_pace,2023-02-07 10:32:26,user_0033
increase_intensity,2024-03-07 22:27:31,user_0108
take_break,2024-08-08 05:19:29,user_0015
decrease_intensity,2023-07-08 01:53:33,user_0032
take_break,2024-08-24 13:41:19,user_0106
change_style,2024-02-10 03:50:48,user_0162
take_break,2024-09-08 11:25:59,user_0188
increase_intensity,2023-06-09 20:02:55,user_0031
maintain_pace,2024-11-29 00:13:02,user_0015
maintain_pace,2023-12-05 23:22:10,user_0148
change_style,2023-04-22 21:05:04,user_0106
increase_intensity,2023-03-13 23:25:24,user_0031
maintain_pace,2024-01-31 19:30:23,user_0002
decrease_intensity,2023-09-22 23:38:08,user_0013
take_break,2024-06-26 01:00:46,user_0096
change_style,2023-11-03 01:59:15,user_0113
decrease_intensity,2023-08-30 18:51:14,user_0144
change_style,2023-03-01 05:23:01,user_0015
increase_intensity,2023-04-29 14:02:41,user_0025
change_style,2023-12-18 06:09:45,user_0076
maintain_pace,2024-11-08 17:44:26,user_0028
increase_intensity,2023-02-18 09:56:12,user_0105
change_style,2023-08-18 04:31:36,user_0012
decrease_intensity,2024-10-11 04:38:59,user_0121
increase_intensity,2023-11-15 00:07:20,user_0182
increase_intensity,2024-08-17 23:51:56,user_0186
change_style,2023-04-23 10:53:05,user_0113
change_style,2023-12-12 10:00:39,user_0144
increase_intensity,2023-01-23 08:02:00,user_0190
take_break,2024-11-15 10:38:50,user_0074
take_break,2023-03-28 07:19:35,user_0138
maintain_pace,2023-06-22 01:09:15,user_0194
increase_intensity,2024-10-03 17:56:03,user_0091
take_break,2023-12-26 01:24:02,user_0052
decrease_intensity,2024-11-30 12:57:54,user_0030
increase_intensity,2024-03-05 13:10:29,user_0097
take_break,2023-10-23 21:09:57,user_0016
change_style,2024-09-12 02:21:54,user_0138
decrease_intensity,2023-07-29 02:54:43,user_0143
maintain_pace,2024-03-21 17:14:02,user_0026
take_break,2023-05-01 08:57:01,user_0189
change_style,2023-04-27 05:02:37,user_0015
decrease_intensity,2023-08-27 19:32:36,user_0134
decrease_intensity,2023-10-03 02:22:14,user_0109
maintain_pace,2023-03-02 12:01:44,user_0129
change_style,2023-03-01 22:18:07,user_0114
take_break,2024-08-04 05:19:26,user_0087
increase_intensity,2023-01-07 04:44:32,user_0163
decrease_intensity,2024-01-30 11:17:25,user_0124
take_break,2023-12-26 15:12:04,user_0107
increase_intensity,2023-03-09 09:21:34,user_0089
take_break,2024-12-09 03:27:17,user_0129
take_break,2024-08-12 21:53:08,user_0089
decrease_intensity,2024-04-18 00:25:48,user_0038
decrease_intensity,2024-12-25 00:59:20,user_0041
take_break,2023-01-02 12:34:07,user_0140
take_break,2023-05-10 15:04:48,user_0192
maintain_pace,2023-04-08 10:37:38,user_0138
increase_intensity,2024-12-19 02:26:33,user_0155
change_style,2023-09-25 17:45:27,user_0167
change_style,2024-05-15 12:47:34,user_0199
maintain_pace,2024-08-26 12:47:21,user_0070
take_break,2023-09-18 19:01:43,user_0045
take_break,2024-02-22 13:23:30,user_0011
maintain_pace,2023-01-30 12:19:50,user_0024
change_style,2024-10-13 19:15:10,user_0057
decrease_intensity,2023-08-30 00:04:59,user_0040
decrease_intensity,2023-01-29 10:16:05,user_0089
take_break,2024-03-01 11:46:06,user_0037
increase_intensity,2024-12-22 08:59:43,user_0003
change_style,2024-03-24 11:38:44,user_0196
increase_intensity,2024-08-22 15:26:59,user_0068
take_break,2023-05-21 08:11:15,user_0121
change_style,2023-05-05 01:15:01,user_0129
decrease_intensity,2023-10-13 07:56:24,user_0094
decrease_intensity,2024-12-26 05:47:21,user_0045
increase_intensity,2023-03-20 12:04:26,user_0031
change_style,2024-03-09 03:50:42,user_0037
take_break,2024-03-25 06:25:21,user_0114
maintain_pace,2024-01-20 01:03:10,user_0197
maintain_pace,2024-08-30 05:10:29,user_0043
maintain_pace,2023-07-27 15:28:25,user_0085
take_break,2023-02-17 09:47:34,user_0099
maintain_pace,2024-03-18 12:03:31,user_0004
increase_intensity,2023-07-09 18:53:18,user_0199
decrease_intensity,2024-04-14 17:29:23,user_0122
maintain_pace,2024-05-25 22:59:47,user_0029
decrease_intensity,2023-03-12 04:01:32,user_0100
increase_intensity,2024-03-18 17:35:32,user_0099
change_style,2024-05-17 23:50:28,user_0096
change_style,2023-01-24 09:13:51,user_0106
take_break,2024-09-14 01:46:50,user_0139
decrease_intensity,2024-04-30 10:57:00,user_0033
take_break,2024-05-22 06:48:06,user_0181
maintain_pace,2024-08-14 11:56:39,user_0121
take_break,2023-09-19 21:20:01,user_0017
increase_intensity,2024-01-07 11:30:19,user_0140
take_break,2023-08-03 08:48:19,user_0001
maintain_pace,2024-05-30 03:07:05,user_0184
maintain_pace,2023-10-20 19:10:02,user_0023
increase_intensity,2024-08-12 02:02:31,user_0007
decrease_intensity,2023-06-21 15:23:29,user_0078
change_style,2024-12-19 18:10:07,user_0169
increase_intensity,2023-08-14 19:23:35,user_0053
change_style,2023-08-27 10:12:03,user_0007
increase_intensity,2023-06-25 16:44:09,user_0098
increase_intensity,2023-04-19 13:35:25,user_0194
take_break,2023-04-24 07:26:17,user_0084
take_break,2023-02-28 00:01:07,user_0074
take_break,2024-03-05 00:12:28,user_0181
increase_intensity,2023-03-27 22:25:18,user_0005
take_break,2023-03-20 14:27:25,user_0097
increase_intensity,2023-11-24 17:04:54,user_0101
take_break,2023-04-20 00:12:21,user_0164
change_style,2023-02-23 14:42:23,user_0044
decrease_intensity,2024-07-16 08:49:29,user_0110
take_break,2024-05-17 00:57:22,user_0122
maintain_pace,2024-02-27 20:48:56,user_0139
decrease_intensity,2024-06-08 14:34:52,user_0192
maintain_pace,2023-11-14 19:03:58,user_0149
decrease_intensity,2023-03-31 12:16:34,user_0132
take_break,2024-04-15 08:19:44,user_0089
change_style,2024-11-19 01:58:45,user_0035
take_break,2024-02-08 01:08:47,user_0035
increase_intensity,2024-03-04 23:59:32,user_0035
maintain_pace,2024-11-15 07:52:55,user_0167
decrease_intensity,2023-06-03 03:12:11,user_0033
change_style,2023-12-12 10:57:34,user_0077
maintain_pace,2023-01-25 16:48:32,user_0068
change_style,2023-04-25 06:25:20,user_0121
maintain_pace,2023-05-20 18:52:49,user_0172
take_break,2023-02-18 05:17:23,user_0051
increase_intensity,2023-01-23 21:46:08,user_0038
maintain_pace,2024-09-14 17:44:38,user_0042
change_style,2023-07-04 02:13:40,user_0173
take_break,2023-05-17 04:34:29,user_0030
decrease_intensity,2023-12-30 06:14:54,user_0163
decrease_intensity,2024-04-25 13:55:55,user_0028
take_break,2023-10-18 04:01:06,user_0169
decrease_intensity,2024-06-01 16:09:47,user_0106
change_style,2023-08-25 05:06:51,user_0173
increase_intensity,2023-04-08 00:27:54,user_0048
take_break,2023-08-27 15:25:52,user_0055
increase_intensity,2024-12-06 16:32:00,user_0136
increase_intensity,2023-11-05 07:32:38,user_0154
take_break,2023-08-18 19:05:32,user_0107
maintain_pace,2024-10-30 07:26:29,user_0125
change_style,2024-02-18 14:17:03,user_0115
take_break,2024-05-25 21:27:50,user_0157
change_style,2023-01-06 10:19:33,user_0055
increase_intensity,2024-07-25 17:46:51,user_0194
increase_intensity,2024-11-27 15:09:11,user_0070
maintain_pace,2023-10-31 12:50:02,user_0048
increase_intensity,2023-12-22 10:23:11,user_0007
take_break,2024-12-22 12:13:19,user_0075
change_style,2023-04-19 03:53:57,user_0123
maintain_pace,2024-10-07 11:31:08,user_0080
take_break,2023-06-25 05:12:34,user_0134
change_style,2024-03-16 20:42:37,user_0165
change_style,2024-11-29 15:44:13,user_0137
decrease_intensity,2024-10-24 08:01:00,user_0003
decrease_intensity,2024-06-10 04:08:33,user_0181
take_break,2023-11-02 01:05:08,user_0093
maintain_pace,2024-07-16 17:27:58,user_0117
change_style,2024-04-06 00:32:42,user_0136
change_style,2024-06-03 07:07:07,user_0168
take_break,2024-08-07 03:39:18,user_0017
maintain_pace,2023-09-30 07:22:42,user_0126
increase_intensity,2023-01-02 23:57:27,user_0108
maintain_pace,2023-12-19 10:37:38,user_0198
increase_intensity,2024-08-24 18:09:25,user_0047
change_style,2024-01-01 18:52:01,user_0011
decrease_intensity,2023-06-04 01:48:07,user_0138
decrease_intensity,2023-08-31 17:42:50,user_0061
take_break,2024-04-25 19:49:19,user_0130
maintain_pace,2024-06-21 16:16:35,user_0157
maintain_pace,2024-01-04 15:16:10,user_0070
increase_intensity,2024-01-23 12:49:35,user_0051
take_break,2024-10-11 09:33:11,user_0073
maintain_pace,2024-12-26 08:24:58,user_0128
take_break,2024-03-23 02:21:55,user_0194
increase_intensity,2024-03-22 22:10:24,user_0068
change_style,2023-11-14 12:06:28,user_0057
take_break,2024-11-24 08:47:34,user_0169
decrease_intensity,2024-08-07 04:53:45,user_0094
change_style,2023-11-29 02:46:04,user_0192
maintain_pace,2024-06-08 22:45:29,user_0132
increase_intensity,2024-02-04 09:35:53,user_0129
increase_intensity,2024-01-29 07:38:24,user_0007
decrease_intensity,2024-07-05 17:09:11,user_0082
take_break,2023-02-02 11:52:45,user_0136
decrease_intensity,2023-08-31 19:14:48,user_0094
take_break,2023-10-25 08:31:55,user_0079
decrease_intensity,2024-04-02 17:47:19,user_0186
decrease_intensity,2024-08-01 01:00:24,user_0010
increase_intensity,2023-12-13 09:32:52,user_0110
take_break,2024-10-03 02:39:58,user_0194
decrease_intensity,2024-11-09 04:55:41,user_0106
maintain_pace,2024-10-29 07:07:23,user_0115
increase_intensity,2024-03-20 09:28:59,user_0150
increase_intensity,2023-06-18 14:09:37,user_0180
increase_intensity,2023-08-19 01:56:44,user_0177
increase_intensity,2024-03-07 08:27:25,user_0067
decrease_intensity,2023-11-24 23:14:01,user_0004
decrease_intensity,2023-08-08 04:56:58,user_0089
increase_intensity,2024-04-20 23:59:53,user_0185
decrease_intensity,2023-01-29 06:12:26,user_0069
decrease_intensity,2023-06-17 12:21:56,user_0053
take_break,2024-10-22 04:44:42,user_0183
maintain_pace,2023-07-05 12:33:58,user_0152
take_break,2023-07-13 17:12:38,user_0083
change_style,2024-01-23 10:36:51,user_0127
take_break,2023-01-30 14:20:00,user_0140
maintain_pace,2024-11-25 23:11:25,user_0183
maintain_pace,2023-11-24 22:51:31,user_0047
take_break,2023-10-17 19:05:33,user_0027
take_break,2023-11-10 21:47:18,user_0146
change_style,2024-11-30 19:19:41,user_0051
increase_intensity,2024-08-08 17:53:36,user_0087
maintain_pace,2023-07-19 18:04:48,user_0188
increase_intensity,2024-08-17 12:43:13,user_0185
change_style,2024-02-03 23:29:04,user_0121
decrease_intensity,2023-11-01 05:32:55,user_0067
decrease_intensity,2024-01-02 06:41:31,user_0002
increase_intensity,2024-11-26 09:30:13,user_0139
take_break,2024-08-03 01:54:45,user_0101
maintain_pace,2024-04-12 05:08:39,user_0141
increase_intensity,2023-08-12 12:41:46,user_0168
take_break,2024-03-14 04:17:31,user_0134
change_style,2023-02-07 08:56:54,user_0012
take_break,2024-12-22 20:58:27,user_0043
change_style,2023-06-05 19:01:22,user_0072
increase_intensity,2024-04-27 17:46:33,user_0073
decrease_intensity,2023-07-29 22:00:03,user_0004
maintain_pace,2023-03-26 14:04:17,user_0165
increase_intensity,2023-06-21 10:16:52,user_0164
decrease_intensity,2024-12-23 04:08:04,user_0032
change_style,2024-02-14 08:25:21,user_0185
maintain_pace,2023-08-28 20:51:03,user_0140
take_break,2024-02-02 21:30:29,user_0146
increase_intensity,2023-05-27 04:30:14,user_0189
take_break,2024-05-15 02:40:20,user_0031
maintain_pace,2023-02-28 03:56:20,user_0168
increase_intensity,2024-04-17 04:41:20,user_0107
increase_intensity,2024-11-22 00:03:22,user_0174
take_break,2023-01-16 02:30:16,user_0167
take_break,2023-04-05 19:27:12,user_0063
decrease_intensity,2024-07-01 01:40:03,user_0055
take_break,2023-07-08 11:32:42,user_0040
change_style,2024-04-24 22:38:58,user_0157
decrease_intensity,2024-05-05 10:07:35,user_0139
take_break,2023-10-31 08:53:07,user_0097
increase_intensity,2024-10-23 08:19:24,user_0039
take_break,2023-05-29 23:42:54,user_0172
maintain_pace,2023-04-30 15:39:21,user_0020
decrease_intensity,2023-03-13 06:01:39,user_0096
increase_intensity,2024-11-11 04:06:38,user_0085
take_break,2023-08-14 22:18:26,user_0101
maintain_pace,2024-01-31 21:26:18,user_0027
decrease_intensity,2024-02-05 12:53:07,user_0038
decrease_intensity,2023-02-20 01:41:33,user_0087
decrease_intensity,2024-12-18 10:53:39,user_0098
increase_intensity,2024-09-29 10:50:04,user_0076
take_break,2024-09-14 17:05:26,user_0011
increase_intensity,2023-01-03 10:18:37,user_0164
change_style,2023-06-24 20:56:27,user_0160
take_break,2024-07-22 10:12:30,user_0107
change_style,2024-08-02 22:21:09,user_0190
take_break,2024-11-20 09:15:19,user_0124
decrease_intensity,2024-12-05 13:19:01,user_0016
increase_intensity,2023-03-24 18:15:20,user_0042
change_style,2023-11-26 10:37:43,user_0159
decrease_intensity,2023-03-30 15:36:43,user_0070
decrease_intensity,2024-07-13 04:18:58,user_0013
change_style,2024-07-23 01:29:50,user_0036
take_break,2023-12-06 16:00:26,user_0075
change_style,2023-03-31 03:08:54,user_0139
increase_intensity,2024-05-02 15:19:53,user_0124
maintain_pace,2023-07-23 03:49:33,user_0126
take_break,2023-03-02 18:51:25,user_0048
decrease_intensity,2024-07-29 23:16:49,user_0148
change_style,2023-09-15 20:46:03,user_0157
maintain_pace,2023-10-11 03:40:10,user_0019
change_style,2023-05-19 04:32:19,user_0125
maintain_pace,2024-11-20 19:21:40,user_0134
take_break,2024-06-13 11:31:23,user_0056
change_style,2024-10-26 23:19:02,user_0127
change_style,2024-03-28 20:23:28,user_0100
maintain_pace,2024-12-08 16:16:31,user_0119
increase_intensity,2024-07-13 12:47:54,user_0146
decrease_intensity,2024-12-25 05:59:40,user_0042
maintain_pace,2023-04-29 11:21:29,user_0060
change_style,2023-09-07 17:36:46,user_0056
maintain_pace,2024-01-17 02:57:32,user_0003
maintain_pace,2024-05-18 08:33:43,user_0167
change_style,2023-05-22 17:51:58,user_0043
change_style,2024-12-24 12:18:32,user_0156
increase_intensity,2024-07-06 20:08:51,user_0170
increase_intensity,2023-09-14 12:13:22,user_0137
increase_intensity,2023-09-06 07:58:01,user_0084
change_style,2023-10-12 04:09:15,user_0018
take_break,2024-07-06 10:22:14,user_0089
increase_intensity,2023-03-17 14:32:08,user_0021
decrease_intensity,2024-01-10 01:35:38,user_0154
take_break,2024-08-15 14:54:04,user_0023
increase_intensity,2023-06-05 00:32:48,user_0138
decrease_intensity,2023-05-19 19:19:02,user_0172
change_style,2024-04-10 08:48:40,user_0013
decrease_intensity,2024-07-18 15:04:42,user_0181
increase_intensity,2024-06-29 20:18:20,user_0037
maintain_pace,2023-02-18 20:05:52,user_0184
maintain_pace,2024-12-25 21:44:59,user_0187
decrease_intensity,2023-06-15 12:40:51,user_0140
change_style,2024-04-24 15:05:26,user_0003
take_break,2024-10-28 09:42:21,user_0142
maintain_pace,2023-12-27 21:27:10,user_0163
take_break,2024-07-16 17:05:58,user_0098
change_style,2023-10-10 17:04:06,user_0093
maintain_pace,2024-04-14 01:04:47,user_0158
change_style,2023-05-26 08:27:40,user_0071
increase_intensity,2023-01-31 15:13:13,user_0118
take_break,2023-11-27 14:58:22,user_0194
increase_intensity,2023-01-03 17:12:17,user_0146
change_style,2023-09-17 10:59:02,user_0026
change_style,2024-12-21 23:50:42,user_0174
decrease_intensity,2024-11-12 18:16:45,user_0140
decrease_intensity,2024-04-18 13:31:07,user_0186
maintain_pace,2023-10-31 08:09:00,user_0057
increase_intensity,2024-09-03 09:20:05,user_0160
increase_intensity,2024-12-08 19:06:25,user_0113
change_style,2024-09-21 06:21:35,user_0064
decrease_intensity,2023-03-04 05:08:47,user_0066
take_break,2024-09-07 09:45:07,user_0165
change_style,2024-03-10 02:14:29,user_0142
increase_intensity,2024-02-14 19:56:35,user_0138
increase_intensity,2023-03-27 00:58:22,user_0104
change_style,2023-04-10 02:41:44,user_0193
change_style,2023-12-27 20:55:53,user_0064
change_style,2024-12-28 04:17:49,user_0169
increase_intensity,2024-06-13 21:49:56,user_0119
take_break,2023-09-06 17:07:20,user_0021
increase_intensity,2024-04-01 05:03:48,user_0197
change_style,2023-01-24 17:03:04,user_0009
decrease_intensity,2024-09-01 17:10:19,user_0137
take_break,2023-08-20 11:00:44,user_0146
maintain_pace,2023-08-16 19:15:33,user_0120
increase_intensity,2024-08-23 04:19:24,user_0069
take_break,2023-08-03 05:16:01,user_0062
take_break,2024-09-18 19:40:08,user_0144
change_style,2023-02-10 02:04:33,user_0121
take_break,2023-08-08 03:35:37,user_0004
increase_intensity,2024-12-04 18:38:47,user_0149
decrease_intensity,2023-04-10 22:49:45,user_0119
take_break,2023-07-08 13:05:24,user_0114
increase_intensity,2023-10-05 02:15:42,user_0101
change_style,2023-04-22 17:12:14,user_0172
take_break,2023-09-06 03:46:11,user_0113
maintain_pace,2023-10-28 18:45:45,user_0076
maintain_pace,2023-02-24 07:26:23,user_0155
decrease_intensity,2024-01-23 14:27:35,user_0162
change_style,2023-02-24 19:57:22,user_0004
increase_intensity,2023-08-14 02:54:27,user_0051
take_break,2023-08-07 20:50:55,user_0130
increase_intensity,2023-01-17 14:16:07,user_0160
maintain_pace,2024-12-17 07:34:03,user_0130
change_style,2023-08-28 06:14:50,user_0058
increase_intensity,2024-06-03 14:44:29,user_0150
take_break,2024-09-26 17:43:32,user_0019
change_style,2024-11-10 22:18:31,user_0020
take_break,2024-03-16 02:55:13,user_0100
take_break,2024-09-13 15:30:16,user_0146
change_style,2023-09-22 15:33:48,user_0178
change_style,2023-03-11 11:09:19,user_0014
take_break,2023-07-12 20:46:53,user_0020
maintain_pace,2023-09-01 15:54:57,user_0045
take_break,2024-10-10 12:54:53,user_0088
change_style,2023-05-14 07:29:02,user_0047
decrease_intensity,2023-06-04 23:40:45,user_0057
increase_intensity,2024-08-07 06:30:36,user_0031
take_break,2023-06-19 00:13:10,user_0180
increase_intensity,2023-07-21 20:32:27,user_0100
take_break,2024-09-06 06:30:18,user_0046
take_break,2024-02-06 15:39:03,user_0135
decrease_intensity,2024-01-31 03:41:12,user_0049
change_style,2024-09-19 06:06:18,user_0151
maintain_pace,2024-08-15 10:49:50,user_0041
change_style,2024-02-05 17:22:02,user_0132
increase_intensity,2024-02-26 11:22:48,user_0095
increase_intensity,2024-05-19 01:14:54,user_0082
take_break,2023-08-05 23:03:22,user_0109
change_style,2024-02-08 05:27:55,user_0159
decrease_intensity,2023-08-06 05:00:25,user_0047
maintain_pace,2024-10-15 14:06:29,user_0100
change_style,2024-07-03 04:19:47,user_0018
take_break,2023-01-30 17:43:11,user_0007
increase_intensity,2024-11-01 18:02:50,user_0038
change_style,2023-11-03 17:23:55,user_0173
increase_intensity,2024-04-25 06:21:51,user_0028
take_break,2023-07-16 09:43:27,user_0187
increase_intensity,2023-02-07 23:58:36,user_0018
take_break,2023-02-20 04:27:25,user_0009
maintain_pace,2024-11-23 18:11:47,user_0107
decrease_intensity,2024-03-05 11:05:26,user_0016
increase_intensity,2023-03-19 23:38:19,user_0062
change_style,2023-12-15 04:38:18,user_0128
maintain_pace,2023-12-09 12:47:20,user_0040
decrease_intensity,2023-09-21 14:57:57,user_0101
change_style,2024-01-31 15:12:59,user_0094
change_style,2023-07-12 22:13:30,user_0058
take_break,2024-03-07 07:45:34,user_0194
decrease_intensity,2024-02-14 16:03:25,user_0197
change_style,2024-08-02 16:45:24,user_0106
change_style,2023-03-01 20:47:43,user_0094
change_style,2023-05-03 22:00:51,user_0019
maintain_pace,2024-04-18 09:28:13,user_0027
decrease_intensity,2024-02-20 09:08:48,user_0030
take_break,2024-09-24 16:26:50,user_0045
maintain_pace,2024-04-05 12:17:49,user_0159
maintain_pace,2023-01-13 07:07:58,user_0036
maintain_pace,2023-06-09 10:40:52,user_0167
take_break,2024-05-31 22:59:21,user_0050
take_break,2023-05-04 15:21:18,user_0094
maintain_pace,2024-11-29 19:44:53,user_0038
maintain_pace,2024-09-22 14:13:09,user_0139
increase_intensity,2024-01-08 01:40:17,user_0081
take_break,2024-12-23 10:36:45,user_0074
change_style,2023-01-04 20:37:09,user_0016
decrease_intensity,2024-01-17 18:31:26,user_0179
decrease_intensity,2023-07-19 12:28:06,user_0167
decrease_intensity,2024-08-03 02:27:39,user_0092
maintain_pace,2024-07-20 16:06:56,user_0151
take_break,2023-05-17 21:52:30,user_0110
increase_intensity,2024-02-04 17:19:02,user_0065
increase_intensity,2023-02-13 08:11:29,user_0049
decrease_intensity,2023-06-04 00:51:06,user_0189
change_style,2024-05-01 19:46:39,user_0182
change_style,2023-05-21 12:06:20,user_0141
change_style,2024-01-21 06:43:32,user_0200
change_style,2023-09-09 07:34:23,user_0083
increase_intensity,2023-10-23 07:12:02,user_0152
increase_intensity,2024-03-07 06:17:33,user_0104
take_break,2024-10-26 20:16:26,user_0177
increase_intensity,2023-07-29 23:51:05,user_0123
take_break,2023-07-01 19:01:02,user_0165
take_break,2024-09-16 23:34:20,user_0107
maintain_pace,2023-04-01 23:50:49,user_0026
increase_intensity,2023-11-03 18:19:39,user_0110
change_style,2024-04-18 06:52:30,user_0170
decrease_intensity,2023-12-30 07:18:18,user_0003
take_break,2024-12-14 19:20:00,user_0105
decrease_intensity,2023-10-24 01:08:51,user_0189
change_style,2023-05-20 13:12:35,user_0171
take_break,2023-07-04 15:26:32,user_0073
take_break,2023-04-04 13:54:25,user_0065
increase_intensity,2023-05-15 13:57:03,user_0146
maintain_pace,2024-04-12 19:10:34,user_0067
decrease_intensity,2023-03-29 14:00:04,user_0142
change_style,2024-05-04 20:20:11,user_0192
maintain_pace,2023-04-07 16:29:56,user_0032
maintain_pace,2023-01-30 08:24:45,user_0196
increase_intensity,2024-12-29 15:30:00,user_0188
take_break,2024-06-27 18:18:00,user_0101
change_style,2024-06-17 19:32:36,user_0149
maintain_pace,2024-05-14 08:52:27,user_0106
maintain_pace,2023-04-08 01:29:43,user_0155
decrease_intensity,2023-06-09 05:44:13,user_0133
change_style,2024-12-01 08:41:04,user_0067
change_style,2024-02-24 10:32:56,user_0169
maintain_pace,2024-04-20 20:27:52,user_0108
take_break,2024-06-07 13:59:00,user_0002
change_style,2024-08-28 21:05:12,user_0043
change_style,2023-01-11 01:04:25,user_0129
decrease_intensity,2023-03-20 01:49:40,user_0151
decrease_intensity,2023-05-31 14:57:43,user_0191
decrease_intensity,2023-04-16 09:36:08,user_0176
take_break,2024-06-12 17:59:05,user_0025
take_break,2024-07-27 11:40:04,user_0090
change_style,2024-09-26 05:23:45,user_0121
take_break,2023-08-26 07:57:19,user_0067
decrease_intensity,2023-10-28 02:56:32,user_0095
take_break,2024-04-26 10:47:39,user_0091
change_style,2024-05-11 15:06:37,user_0175
maintain_pace,2023-11-20 16:34:27,user_0089
increase_intensity,2023-05-28 03:08:14,user_0119
take_break,2024-04-08 14:06:12,user_0056
maintain_pace,2023-05-31 22:48:40,user_0059
change_style,2023-09-15 19:40:54,user_0144
maintain_pace,2024-09-27 01:32:34,user_0175
maintain_pace,2024-09-18 10:09:00,user_0090
maintain_pace,2024-04-28 11:33:29,user_0054
decrease_intensity,2023-12-24 15:16:53,user_0047
take_break,2024-11-23 20:59:07,user_0180
maintain_pace,2023-11-16 08:08:18,user_0146
change_style,2023-07-04 00:59:21,user_0046
increase_intensity,2023-11-13 07:18:00,user_0118
increase_intensity,2023-04-26 18:45:40,user_0122
increase_intensity,2024-07-24 10:00:24,user_0154
decrease_intensity,2024-08-31 14:14:58,user_0018
take_break,2024-06-30 06:38:31,user_0049
increase_intensity,2024-01-18 17:25:14,user_0193
decrease_intensity,2023-05-29 19:16:28,user_0110
change_style,2023-03-22 14:29:48,user_0135
change_style,2023-07-29 15:55:05,user_0158
decrease_intensity,2023-07-26 21:58:36,user_0097
take_break,2023-05-10 06:05:33,user_0153
change_style,2024-07-15 09:49:06,user_0025
take_break,2023-12-12 11:03:32,user_0155
decrease_intensity,2024-07-10 17:20:09,user_0035
change_style,2023-02-17 15:58:08,user_0107
change_style,2023-11-28 17:35:49,user_0082
maintain_pace,2023-08-10 07:59:18,user_0121
change_style,2023-06-13 18:00:42,user_0158
increase_intensity,2023-05-27 16:11:18,user_0014
maintain_pace,2024-09-22 14:36:49,user_0163
decrease_intensity,2024-09-04 19:28:43,user_0034
increase_intensity,2024-12-04 08:39:47,user_0143
increase_intensity,2023-07-16 20:05:02,user_0007
take_break,2023-12-17 15:44:13,user_0141
maintain_pace,2023-11-16 20:01:30,user_0168
take_break,2023-04-08 10:41:15,user_0188
maintain_pace,2024-07-24 03:15:24,user_0034
maintain_pace,2024-04-16 00:15:38,user_0013
increase_intensity,2023-10-08 17:52:13,user_0004
change_style,2024-12-21 03:21:33,user_0141
take_break,2024-02-07 18:35:58,user_0048
take_break,2024-04-13 13:53:11,user_0108
increase_intensity,2023-04-16 15:00:24,user_0141
change_style,2023-07-15 09:40:47,user_0093
maintain_pace,2023-09-28 17:00:47,user_0033
maintain_pace,2023-07-06 00:17:30,user_0023
change_style,2023-03-14 03:34:55,user_0067
maintain_pace,2024-09-21 06:16:55,user_0160
take_break,2024-01-13 00:44:19,user_0183
take_break,2023-08-15 11:00:17,user_0003
take_break,2023-10-22 17:04:56,user_0140
increase_intensity,2023-02-15 23:11:43,user_0124
maintain_pace,2024-11-29 17:20:25,user_0056
increase_intensity,2023-03-20 04:43:39,user_0196
maintain_pace,2024-10-18 02:32:58,user_0033
take_break,2023-07-04 00:46:13,user_0032
take_break,2023-06-28 08:02:03,user_0145
change_style,2024-11-30 02:32:07,user_0180
maintain_pace,2024-11-10 21:37:51,user_0073
decrease_intensity,2024-09-16 18:29:41,user_0005
increase_intensity,2024-02-24 07:43:39,user_0021
take_break,2024-11-05 20:01:31,user_0003
change_style,2024-11-03 22:25:02,user_0117
change_style,2024-04-03 02:08:19,user_0195
take_break,2024-12-14 12:57:16,user_0037
maintain_pace,2023-01-03 11:03:25,user_0035
change_style,2024-11-30 19:02:56,user_0033
maintain_pace,2023-08-27 23:38:21,user_0182
change_style,2024-05-18 10:27:13,user_0003
increase_intensity,2024-02-09 07:50:39,user_0176
maintain_pace,2024-02-19 14:30:09,user_0146
change_style,2023-01-02 01:35:17,user_0131
take_break,2023-05-22 04:42:11,user_0093
decrease_intensity,2023-03-21 04:19:42,user_0101
take_break,2023-08-12 15:02:33,user_0133
maintain_pace,2024-07-11 20:07:19,user_0009
take_break,2023-07-03 08:27:29,user_0016
take_break,2024-08-10 08:28:21,user_0091
decrease_intensity,2024-03-03 22:05:24,user_0073
take_break,2024-04-04 01:24:00,user_0178
change_style,2024-05-03 23:31:53,user_0185
increase_intensity,2024-12-02 06:39:28,user_0057
decrease_intensity,2024-02-17 14:34:42,user_0107
maintain_pace,2023-09-18 12:40:08,user_0086
change_style,2023-10-05 08:13:29,user_0017
maintain_pace,2024-03-31 23:19:43,user_0065
decrease_intensity,2024-10-11 21:18:13,user_0057
decrease_intensity,2023-08-26 01:00:28,user_0191
take_break,2024-09-18 04:35:37,user_0195
decrease_intensity,2023-09-18 12:32:56,user_0005
maintain_pace,2024-07-08 00:23:33,user_0150
decrease_intensity,2024-01-24 17:09:16,user_0129
increase_intensity,2023-12-26 23:59:51,user_0175
take_break,2023-11-11 12:01:20,user_0177
decrease_intensity,2024-02-15 13:51:57,user_0132
increase_intensity,2024-05-18 12:03:26,user_0150
maintain_pace,2023-03-17 07:55:52,user_0088
maintain_pace,2024-10-16 00:36:40,user_0183
increase_intensity,2023-06-18 20:27:13,user_0032
increase_intensity,2024-09-24 13:58:59,user_0110
decrease_intensity,2023-05-30 14:53:16,user_0066
take_break,2023-10-29 00:32:42,user_0100
take_break,2024-12-28 01:09:00,user_0197
change_style,2023-02-23 00:01:17,user_0071
increase_intensity,2024-05-12 02:25:56,user_0008
maintain_pace,2024-12-13 10:14:44,user_0036
change_style,2023-11-19 03:14:46,user_0012
increase_intensity,2023-04-10 01:50:10,user_0156
increase_intensity,2024-06-22 18:11:19,user_0002
change_style,2023-06-09 11:36:08,user_0111
take_break,2023-03-12 16:55:13,user_0078
increase_intensity,2023-07-07 05:07:06,user_0147
change_style,2024-11-01 06:55:28,user_0085
decrease_intensity,2023-10-26 16:06:03,user_0049
decrease_intensity,2024-12-24 15:50:56,user_0112
maintain_pace,2024-04-14 09:41:48,user_0037
take_break,2024-10-11 13:19:24,user_0180
change_style,2024-10-13 23:09:35,user_0060
take_break,2023-03-10 05:49:17,user_0042
take_break,2024-11-05 04:53:48,user_0007
change_style,2024-03-22 14:16:51,user_0042
increase_intensity,2023-03-10 06:17:52,user_0185
decrease_intensity,2023-07-02 17:32:53,user_0016
maintain_pace,2024-03-12 18:37:37,user_0115
increase_intensity,2024-06-28 21:14:19,user_0153
take_break,2024-11-15 22:31:13,user_0166
take_break,2023-06-26 01:59:57,user_0044
change_style,2023-12-14 11:44:18,user_0038
decrease_intensity,2023-07-22 06:28:04,user_0045
decrease_intensity,2023-05-02 22:30:03,user_0158
maintain_pace,2024-07-06 20:21:30,user_0144
increase_intensity,2024-06-15 22:12:13,user_0132
maintain_pace,2024-11-07 03:31:06,user_0094
take_break,2023-12-24 08:54:22,user_0035
take_break,2024-12-25 08:20:30,user_0061
decrease_intensity,2024-08-03 21:03:16,user_0133
take_break,2024-10-09 20:26:38,user_0109
increase_intensity,2023-03-15 01:38:20,user_0078
increase_intensity,2024-01-03 16:49:55,user_0128
maintain_pace,2023-06-17 09:50:53,user_0169
increase_intensity,2024-02-25 05:49:20,user_0041
take_break,2023-01-01 01:37:40,user_0104
change_style,2024-05-23 08:33:41,user_0028
decrease_intensity,2024-11-13 07:09:09,user_0138
decrease_intensity,2024-07-03 22:17:45,user_0118
decrease_intensity,2024-02-11 02:08:44,user_0125
change_style,2023-04-30 22:26:13,user_0180
take_break,2024-06-23 09:32:24,user_0114
increase_intensity,2024-12-16 21:56:59,user_0160
take_break,2024-02-22 08:15:28,user_0045
maintain_pace,2024-05-02 03:04:16,user_0016
take_break,2023-05-21 13:22:54,user_0090
take_break,2024-08-23 06:56:30,user_0192
decrease_intensity,2023-06-20 23:31:35,user_0035
take_break,2023-02-02 23:58:37,user_0105
change_style,2023-05-11 22:56:24,user_0145
decrease_intensity,2024-08-26 21:54:04,user_0112
maintain_pace,2023-05-25 06:44:04,user_0170
change_style,2023-08-04 08:23:57,user_0150
change_style,2023-02-14 17:32:26,user_0178
maintain_pace,2023-11-25 02:39:43,user_0021
increase_intensity,2024-03-27 14:40:53,user_0046
take_break,2023-01-23 23:43:14,user_0057
take_break,2024-06-13 19:01:55,user_0005
increase_intensity,2024-06-12 13:33:51,user_0052
maintain_pace,2023-09-25 15:34:30,user_0159
increase_intensity,2024-07-06 07:26:45,user_0161
decrease_intensity,2024-07-09 14:20:32,user_0175
decrease_intensity,2024-09-01 08:45:24,user_0131
decrease_intensity,2023-11-12 05:31:50,user_0053
increase_intensity,2024-05-17 04:18:29,user_0083
change_style,2024-08-31 13:00:59,user_0184
decrease_intensity,2023-04-27 02:53:11,user_0018
increase_intensity,2023-10-04 00:04:09,user_0156
decrease_intensity,2023-05-06 02:29:33,user_0143
decrease_intensity,2023-01-26 15:28:08,user_0050
take_break,2023-05-08 19:40:38,user_0161
increase_intensity,2024-09-07 07:44:35,user_0028
take_break,2023-11-03 20:38:54,user_0046
maintain_pace,2023-03-03 22:10:28,user_0113
decrease_intensity,2023-04-26 00:00:04,user_0116
decrease_intensity,2023-02-23 10:41:32,user_0072
take_break,2023-10-30 23:43:32,user_0120
increase_intensity,2023-11-14 06:30:55,user_0113
change_style,2024-05-25 18:31:32,user_0094
change_style,2023-05-02 07:38:04,user_0001
maintain_pace,2024-06-04 23:58:17,user_0199
increase_intensity,2024-06-05 00:24:53,user_0183
increase_intensity,2024-10-07 04:40:39,user_0058
take_break,2024-01-23 12:46:07,user_0149
decrease_intensity,2024-10-19 16:00:38,user_0056
decrease_intensity,2024-03-07 22:17:04,user_0070
increase_intensity,2024-12-03 04:19:55,user_0145
change_style,2024-03-03 12:04:14,user_0078
maintain_pace,2023-08-29 22:27:48,user_0135
take_break,2023-11-27 17:31:35,user_0079
increase_intensity,2024-08-28 00:08:50,user_0072
maintain_pace,2024-03-09 19:36:11,user_0188
increase_intensity,2024-04-27 04:15:04,user_0176
maintain_pace,2023-06-07 09:05:40,user_0010
maintain_pace,2023-11-24 19:30:22,user_0127
decrease_intensity,2023-05-06 15:48:19,user_0041
take_break,2024-09-02 18:48:33,user_0147
take_break,2023-11-21 21:43:40,user_0190
decrease_intensity,2023-08-19 11:35:35,user_0194
change_style,2024-03-18 14:02:54,user_0136
take_break,2024-11-07 03:15:13,user_0158
decrease_intensity,2024-08-05 18:15:10,user_0107
maintain_pace,2024-09-02 00:07:38,user_0164
maintain_pace,2023-05-24 06:38:39,user_0178
take_break,2023-08-04 17:45:34,user_0082
maintain_pace,2024-07-17 23:13:02,user_0130
take_break,2023-12-06 08:29:39,user_0005
increase_intensity,2023-03-08 10:45:12,user_0174
decrease_intensity,2024-02-29 10:10:19,user_0077
change_style,2024-08-04 12:27:48,user_0040
take_break,2023-04-03 13:10:01,user_0185
change_style,2023-02-09 06:26:21,user_0011
decrease_intensity,2024-06-22 00:18:09,user_0118
decrease_intensity,2024-01-25 11:40:17,user_0200
increase_intensity,2024-09-17 17:43:11,user_0166
decrease_intensity,2024-02-13 20:20:10,user_0017
maintain_pace,2023-10-16 01:30:55,user_0075
change_style,2024-04-19 05:57:37,user_0121
decrease_intensity,2024-06-04 02:06:21,user_0026
decrease_intensity,2024-08-19 04:39:36,user_0039
change_style,2023-02-08 13:36:40,user_0098
change_style,2023-05-12 05:57:58,user_0195
increase_intensity,2024-10-01 07:59:59,user_0153
decrease_intensity,2024-08-06 05:28:46,user_0088
maintain_pace,2023-06-25 13:15:38,user_0116
maintain_pace,2023-02-07 01:16:59,user_0158
increase_intensity,2024-09-18 13:28:16,user_0174
decrease_intensity,2024-02-01 21:06:26,user_0041
change_style,2023-02-24 03:30:35,user_0104
maintain_pace,2024-01-29 11:19:49,user_0178
decrease_intensity,2023-03-03 00:06:33,user_0108
increase_intensity,2024-01-19 07:19:45,user_0172
increase_intensity,2023-03-10 06:45:35,user_0010
change_style,2023-07-10 15:10:34,user_0073
increase_intensity,2024-02-05 16:51:29,user_0130
increase_intensity,2024-08-27 12:29:20,user_0120
increase_intensity,2023-02-02 03:12:18,user_0149
maintain_pace,2023-12-25 01:42:22,user_0118
change_style,2024-09-03 16:01:58,user_0025
change_style,2023-04-12 23:45:42,user_0197
change_style,2024-07-30 17:17:34,user_0022
increase_intensity,2024-05-25 02:32:49,user_0197
increase_intensity,2023-03-07 05:59:30,user_0011
maintain_pace,2023-04-18 21:50:43,user_0172
increase_intensity,2023-11-19 21:55:50,user_0005
maintain_pace,2023-11-05 03:35:04,user_0006
change_style,2024-04-07 17:07:49,user_0016
maintain_pace,2023-02-28 12:20:54,user_0046
decrease_intensity,2024-07-08 21:38:44,user_0152
take_break,2023-12-03 10:57:14,user_0014
increase_intensity,2024-05-12 09:03:29,user_0024
change_style,2024-12-25 17:00:47,user_0109
take_break,2023-09-04 12:10:46,user_0076
take_break,2023-01-25 04:01:09,user_0151
change_style,2023-01-09 09:59:55,user_0167
take_break,2023-01-20 22:40:40,user_0006
maintain_pace,2024-04-30 08:44:06,user_0021
change_style,2023-01-18 16:06:37,user_0112
change_style,2024-08-14 00:08:52,user_0046
maintain_pace,2023-01-23 03:41:11,user_0105
decrease_intensity,2023-08-24 10:08:26,user_0169
decrease_intensity,2024-07-07 00:25:31,user_0187
take_break,2024-08-12 19:40:18,user_0197
change_style,2024-03-03 15:55:34,user_0112
maintain_pace,2023-03-02 07:43:23,user_0170
change_style,2023-05-20 00:11:37,user_0187
maintain_pace,2024-11-26 18:06:47,user_0163
decrease_intensity,2023-03-13 17:31:32,user_0041
decrease_intensity,2024-07-26 01:32:32,user_0067
take_break,2024-01-29 11:49:44,user_0083
maintain_pace,2023-09-29 05:22:19,user_0083
decrease_intensity,2024-07-28 20:24:02,user_0065
increase_intensity,2024-06-30 09:13:29,user_0086
decrease_intensity,2024-03-17 13:20:09,user_0147
change_style,2024-06-09 00:49:44,user_0079
maintain_pace,2024-12-22 12:49:08,user_0147
increase_intensity,2023-08-17 09:01:38,user_0025
decrease_intensity,2024-05-05 16:34:06,user_0167
decrease_intensity,2024-08-03 02:57:40,user_0094
maintain_pace,2024-01-03 22:25:55,user_0120
increase_intensity,2023-07-31 14:22:43,user_0161
maintain_pace,2023-08-02 06:15:23,user_0168
decrease_intensity,2023-04-27 06:29:18,user_0012
take_break,2024-02-03 09:58:55,user_0092
maintain_pace,2023-04-18 23:58:19,user_0158
decrease_intensity,2024-05-02 17:52:31,user_0070
maintain_pace,2024-01-30 05:02:02,user_0170
decrease_intensity,2023-07-29 15:27:36,user_0142
maintain_pace,2024-01-17 05:19:56,user_0005
decrease_intensity,2024-07-14 15:08:02,user_0164
increase_intensity,2023-04-20 22:06:48,user_0187
change_style,2024-08-24 18:44:06,user_0185
change_style,2023-07-30 22:52:49,user_0060
maintain_pace,2024-03-29 19:23:41,user_0078
decrease_intensity,2023-01-31 23:53:46,user_0191
change_style,2023-10-04 23:52:51,user_0177
change_style,2023-01-30 11:30:46,user_0193
maintain_pace,2023-11-14 07:46:02,user_0113
maintain_pace,2023-01-20 03:55:25,user_0052
maintain_pace,2024-03-13 10:11:17,user_0137
take_break,2023-01-03 00:58:43,user_0144
increase_intensity,2023-07-10 17:43:06,user_0035
increase_intensity,2023-06-29 07:08:13,user_0074
increase_intensity,2023-09-10 02:34:11,user_0113
decrease_intensity,2023-09-07 06:53:23,user_0016
decrease_intensity,2023-09-21 20:53:50,user_0161
increase_intensity,2024-01-12 14:24:18,user_0051
maintain_pace,2024-01-22 22:13:01,user_0061
take_break,2023-10-23 18:48:44,user_0079
increase_intensity,2024-02-15 23:47:11,user_0059
maintain_pace,2023-06-22 03:14:49,user_0127
change_style,2023-04-19 23:15:50,user_0103
take_break,2023-07-16 16:03:02,user_0200
decrease_intensity,2023-06-16 07:50:24,user_0004
change_style,2023-08-23 19:08:24,user_0130
change_style,2024-04-27 18:23:41,user_0071
change_style,2023-09-25 08:00:37,user_0186
maintain_pace,2024-08-22 18:03:01,user_0102
increase_intensity,2024-07-27 03:39:04,user_0062
change_style,2023-10-01 23:42:11,user_0098
increase_intensity,2023-01-31 13:37:03,user_0025
change_style,2024-06-05 10:19:39,user_0071
maintain_pace,2024-04-01 06:17:46,user_0025
increase_intensity,2023-02-08 17:12:12,user_0123
decrease_intensity,2023-06-01 18:41:50,user_0066
take_break,2023-10-27 10:24:51,user_0026
change_style,2024-09-16 21:34:07,user_0102
change_style,2024-02-12 12:45:24,user_0106
maintain_pace,2024-03-27 04:57:21,user_0183
take_break,2024-07-28 03:53:12,user_0131
increase_intensity,2023-01-13 09:44:28,user_0174
change_style,2024-03-31 19:27:19,user_0157
decrease_intensity,2024-04-09 11:00:43,user_0186
decrease_intensity,2024-11-16 04:13:11,user_0139
maintain_pace,2024-11-05 23:44:02,user_0149
change_style,2023-05-15 21:06:28,user_0043
maintain_pace,2023-02-17 02:17:39,user_0004
take_break,2023-07-15 12:02:35,user_0069
decrease_intensity,2023-02-04 07:12:18,user_0198
decrease_intensity,2023-03-31 08:37:52,user_0022
maintain_pace,2023-10-13 22:10:24,user_0110
take_break,2024-09-01 11:25:00,user_0103
increase_intensity,2023-04-01 17:06:47,user_0006
take_break,2024-02-10 17:30:03,user_0150
maintain_pace,2024-01-22 09:09:15,user_0016
maintain_pace,2023-01-04 15:06:16,user_0164
take_break,2024-04-01 16:08:01,user_0178
maintain_pace,2023-07-08 19:45:06,user_0058
decrease_intensity,2024-09-17 13:41:22,user_0199
maintain_pace,2023-05-10 12:50:15,user_0087
increase_intensity,2024-11-23 08:45:36,user_0123
decrease_intensity,2023-12-30 20:47:43,user_0179
change_style,2024-11-10 13:21:51,user_0078
decrease_intensity,2024-01-12 10:25:18,user_0047
decrease_intensity,2023-10-04 00:06:01,user_0181
decrease_intensity,2024-07-11 14:42:05,user_0134
take_break,2024-01-21 16:11:21,user_0153
change_style,2023-02-16 20:11:13,user_0131
increase_intensity,2023-07-15 11:50:46,user_0013
decrease_intensity,2023-04-24 01:09:48,user_0115
take_break,2023-02-17 20:05:43,user_0053
maintain_pace,2024-05-23 13:12:44,user_0067
change_style,2024-03-27 22:11:18,user_0031
increase_intensity,2023-08-04 11:02:50,user_0127
change_style,2023-05-05 17:39:44,user_0067
increase_intensity,2024-02-22 03:17:09,user_0081
increase_intensity,2024-05-03 17:33:19,user_0183
maintain_pace,2024-06-17 07:16:01,user_0194
increase_intensity,2023-10-25 13:52:26,user_0133
maintain_pace,2023-04-26 18:32:49,user_0137
decrease_intensity,2023-06-27 04:23:17,user_0029
change_style,2023-11-03 10:53:27,user_0163
increase_intensity,2024-06-07 09:41:03,user_0104
maintain_pace,2023-09-26 19:51:14,user_0163
decrease_intensity,2024-06-13 10:00:14,user_0050
change_style,2024-01-21 16:11:05,user_0030
decrease_intensity,2023-06-06 03:04:41,user_0015
take_break,2023-08-14 23:55:47,user_0029
change_style,2024-07-22 03:43:32,user_0153
maintain_pace,2023-03-01 23:35:17,user_0075
increase_intensity,2024-09-29 14:44:32,user_0057
maintain_pace,2024-08-23 02:05:12,user_0112
maintain_pace,2023-08-01 21:16:32,user_0051
maintain_pace,2024-12-18 00:17:27,user_0068
change_style,2023-10-12 14:42:45,user_0124
change_style,2023-09-16 21:55:29,user_0058
take_break,2024-07-01 17:07:58,user_0140
decrease_intensity,2024-07-07 02:10:05,user_0069
maintain_pace,2024-09-24 09:06:39,user_0106
take_break,2023-01-31 21:25:56,user_0165
take_break,2023-10-22 09:27:04,user_0153
change_style,2023-06-17 05:27:54,user_0068
decrease_intensity,2024-05-08 07:09:21,user_0152
take_break,2023-09-06 03:35:10,user_0036
increase_intensity,2024-05-13 17:22:23,user_0130
take_break,2023-08-03 11:57:21,user_0035
change_style,2024-12-01 05:30:24,user_0125
maintain_pace,2024-10-27 08:18:19,user_0100
change_style,2023-01-17 23:35:13,user_0008
change_style,2023-03-03 18:18:43,user_0028
decrease_intensity,2023-10-03 09:47:24,user_0188
increase_intensity,2023-10-28 04:04:38,user_0182
increase_intensity,2023-07-24 05:52:46,user_0126
decrease_intensity,2023-08-01 03:19:31,user_0104
decrease_intensity,2024-02-25 06:25:43,user_0044
take_break,2024-08-17 17:55:41,user_0010
increase_intensity,2024-01-04 19:23:24,user_0005
change_style,2024-11-01 04:15:40,user_0101
take_break,2024-07-17 14:05:11,user_0120
increase_intensity,2024-06-17 11:16:00,user_0175
maintain_pace,2023-09-26 21:52:25,user_0159
change_style,2024-02-10 22:42:08,user_0029
change_style,2024-01-01 16:59:29,user_0131
take_break,2023-05-11 06:31:30,user_0154
increase_intensity,2024-12-18 01:53:41,user_0095
decrease_intensity,2023-08-31 00:46:39,user_0002
maintain_pace,2024-12-10 21:46:53,user_0079
change_style,2023-12-06 22:45:39,user_0092
decrease_intensity,2024-08-30 04:19:08,user_0056
decrease_intensity,2023-02-14 22:00:25,user_0142
decrease_intensity,2024-05-17 10:16:04,user_0076
decrease_intensity,2023-01-28 09:43:04,user_0015
take_break,2024-05-16 09:13:01,user_0085
change_style,2023-02-11 23:48:37,user_0124
decrease_intensity,2024-09-14 15:57:12,user_0118
decrease_intensity,2023-06-24 08:04:32,user_0045
increase_intensity,2024-10-31 00:49:59,user_0047
change_style,2023-06-02 12:34:45,user_0020
maintain_pace,2024-07-12 11:36:48,user_0124
decrease_intensity,2023-09-17 04:42:42,user_0146
take_break,2024-08-27 19:46:05,user_0079
decrease_intensity,2023-07-08 03:12:12,user_0061
decrease_intensity,2023-08-19 00:05:35,user_0121
decrease_intensity,2024-06-01 11:32:36,user_0005
change_style,2023-10-16 03:29:39,user_0058
change_style,2023-06-11 23:19:01,user_0081
decrease_intensity,2023-04-14 05:36:34,user_0077
take_break,2023-03-16 14:07:03,user_0060
maintain_pace,2023-03-11 00:57:07,user_0141
increase_intensity,2024-03-13 21:27:46,user_0100
maintain_pace,2024-01-20 03:13:26,user_0040
take_break,2024-06-10 12:19:48,user_0195
take_break,2024-07-28 18:46:35,user_0180
maintain_pace,2024-02-02 09:30:03,user_0002
maintain_pace,2024-03-18 17:07:04,user_0181
decrease_intensity,2023-05-25 23:48:10,user_0195
maintain_pace,2024-03-09 02:55:34,user_0139
maintain_pace,2024-04-05 12:54:19,user_0011
decrease_intensity,2023-05-25 12:47:14,user_0010
take_break,2023-06-08 06:01:30,user_0028
change_style,2023-10-23 15:30:13,user_0119
decrease_intensity,2023-08-24 19:18:48,user_0139
maintain_pace,2023-06-14 18:34:20,user_0007
increase_intensity,2024-10-06 03:20:46,user_0157
maintain_pace,2024-09-16 00:19:59,user_0193
increase_intensity,2024-06-12 01:16:53,user_0180
decrease_intensity,2024-11-29 00:48:34,user_0143
change_style,2024-11-01 05:38:40,user_0007
change_style,2024-03-22 16:03:10,user_0196
increase_intensity,2024-01-04 13:36:37,user_0055
take_break,2024-07-07 15:08:20,user_0131
increase_intensity,2023-08-28 00:46:02,user_0020
increase_intensity,2023-10-12 05:14:54,user_0124
decrease_intensity,2023-12-04 01:12:50,user_0003
maintain_pace,2024-01-01 11:58:30,user_0157
take_break,2023-10-25 06:06:00,user_0020
increase_intensity,2024-02-08 08:40:22,user_0010
decrease_intensity,2024-09-22 17:33:29,user_0189
take_break,2024-10-13 00:45:16,user_0090
change_style,2023-01-08 18:58:20,user_0094
change_style,2023-05-15 22:12:02,user_0165
decrease_intensity,2024-08-21 20:30:43,user_0084
take_break,2024-12-29 00:02:58,user_0051
maintain_pace,2023-01-22 11:03:24,user_0117
decrease_intensity,2023-03-19 22:11:10,user_0170
maintain_pace,2024-07-22 09:39:01,user_0097
increase_intensity,2023-03-23 18:29:46,user_0030
maintain_pace,2023-04-04 08:55:51,user_0045
decrease_intensity,2024-03-11 22:53:08,user_0100
take_break,2024-11-05 18:11:59,user_0152
maintain_pace,2023-06-28 09:38:23,user_0159
increase_intensity,2023-10-03 10:08:25,user_0023
take_break,2023-12-11 18:13:23,user_0053
change_style,2024-05-28 01:43:56,user_0042
change_style,2023-07-12 15:18:10,user_0164
take_break,2023-07-27 01:32:01,user_0104
decrease_intensity,2024-12-15 16:06:37,user_0113
maintain_pace,2023-03-29 09:09:38,user_0162
maintain_pace,2024-06-13 02:06:15,user_0085
take_break,2023-10-31 07:45:03,user_0154
maintain_pace,2023-01-03 05:51:30,user_0071
change_style,2024-03-29 08:56:16,user_0153
take_break,2023-06-06 00:03:17,user_0003
maintain_pace,2023-09-26 13:41:34,user_0117
increase_intensity,2024-08-01 05:17:09,user_0043
decrease_intensity,2023-04-08 18:23:19,user_0134
increase_intensity,2023-02-12 07:11:49,user_0054
increase_intensity,2023-08-16 04:42:43,user_0052
maintain_pace,2023-02-21 18:23:25,user_0013
take_break,2023-03-31 22:00:08,user_0194
change_style,2024-01-19 22:50:38,user_0112
take_break,2024-07-17 11:07:01,user_0056
maintain_pace,2023-07-29 09:22:10,user_0104
maintain_pace,2024-01-29 15:17:52,user_0175
change_style,2023-06-14 20:47:18,user_0193
increase_intensity,2023-10-17 19:28:38,user_0066
increase_intensity,2023-12-15 11:07:02,user_0068
take_break,2024-09-03 18:54:10,user_0013
decrease_intensity,2024-03-04 04:28:48,user_0030
maintain_pace,2024-07-06 06:15:04,user_0076
change_style,2023-10-25 07:31:42,user_0161
take_break,2023-05-05 12:55:26,user_0166
change_style,2024-06-11 18:09:17,user_0043
increase_intensity,2024-11-18 08:50:03,user_0112
increase_intensity,2024-03-18 19:04:37,user_0098
take_break,2024-01-05 06:32:14,user_0003
decrease_intensity,2023-02-23 15:44:49,user_0043
increase_intensity,2023-11-26 10:38:04,user_0073
change_style,2023-09-02 16:33:03,user_0199
maintain_pace,2023-11-02 08:04:21,user_0132
maintain_pace,2023-03-09 07:46:38,user_0092
decrease_intensity,2024-11-12 15:47:18,user_0032
take_break,2024-05-22 15:42:26,user_0001
decrease_intensity,2024-09-17 19:29:52,user_0141
change_style,2023-08-03 13:58:32,user_0036
decrease_intensity,2024-01-15 08:47:52,user_0026
maintain_pace,2023-10-25 06:59:01,user_0150
increase_intensity,2024-06-29 09:59:09,user_0088
increase_intensity,2024-08-28 14:17:43,user_0139
take_break,2024-04-05 05:58:25,user_0025
change_style,2024-07-21 22:52:59,user_0079
take_break,2023-09-04 08:51:23,user_0173
decrease_intensity,2023-12-26 10:25:09,user_0164
decrease_intensity,2023-10-16 17:05:58,user_0102
decrease_intensity,2023-11-14 19:42:15,user_0034
change_style,2024-07-31 05:37:23,user_0162
increase_intensity,2023-02-03 20:11:57,user_0032
maintain_pace,2024-05-21 09:23:04,user_0102
maintain_pace,2023-03-27 01:18:05,user_0153
decrease_intensity,2023-04-05 00:20:18,user_0195
decrease_intensity,2024-07-23 14:58:28,user_0187
decrease_intensity,2023-01-14 02:48:50,user_0121
change_style,2023-01-31 18:37:02,user_0057
maintain_pace,2023-05-21 20:17:01,user_0107
take_break,2024-12-23 21:19:29,user_0157
increase_intensity,2024-01-15 18:53:41,user_0021
take_break,2023-05-29 07:45:08,user_0073
increase_intensity,2023-10-13 03:07:56,user_0085
change_style,2024-10-07 17:08:01,user_0021
increase_intensity,2023-03-06 12:24:47,user_0199
change_style,2024-09-28 00:02:26,user_0175
maintain_pace,2023-01-20 21:45:43,user_0160
increase_intensity,2023-04-23 09:56:11,user_0150
decrease_intensity,2023-11-29 14:36:56,user_0042
decrease_intensity,2023-08-22 21:01:34,user_0011
change_style,2024-06-27 23:13:33,user_0058
maintain_pace,2023-03-14 23:02:58,user_0098
change_style,2023-05-09 02:54:10,user_0041
take_break,2023-06-09 13:56:36,user_0086
take_break,2024-10-17 04:05:17,user_0153
take_break,2023-09-17 17:32:03,user_0144
decrease_intensity,2024-08-19 16:48:26,user_0194
take_break,2024-01-07 15:00:29,user_0103
increase_intensity,2023-05-14 21:14:10,user_0108
take_break,2024-02-22 14:10:01,user_0070
decrease_intensity,2023-12-21 07:57:53,user_0162
increase_intensity,2024-09-10 15:00:13,user_0046
maintain_pace,2023-11-06 20:46:36,user_0048
change_style,2024-02-14 19:13:02,user_0037
change_style,2024-10-20 18:21:39,user_0022
increase_intensity,2024-03-29 11:03:00,user_0080
increase_intensity,2024-12-19 06:16:34,user_0135
change_style,2024-08-29 21:58:47,user_0175
change_style,2023-07-31 23:49:20,user_0077
increase_intensity,2024-12-04 02:01:15,user_0113
change_style,2023-03-26 13:18:59,user_0017
maintain_pace,2023-08-10 22:11:18,user_0003
