acc,gyro,hr,latitude,longitude,city,ritmo,date,userId,weather_temperature
5.6806,1417191,66,37.297358,-7.259189,Setúbal,70.33,2024-04-11 18:45:27,user_0045,11.4
14.2656,3347526,69,39.370404,-7.57722,Viseu,75.65,2023-01-19 06:11:18,user_0071,5.1
11.0067,3477983,52,38.702925,-9.464547,Coimbra,172.72,2023-07-20 18:30:49,user_0007,22.1
9.02,8109074,192,41.262278,-8.804044,Setúbal,102.2,2023-06-12 22:39:07,user_0144,37.5
2.4247,689925,100,41.283398,-6.860835,Braga,199.71,2024-06-21 14:58:32,user_0126,14.9
2.4243,9435754,185,40.403898,-8.562373,Viseu,166.17,2024-05-08 23:46:30,user_0058,6.5
0.9654,9591140,190,40.178622,-7.802436,Lisboa,144.16,2024-10-13 06:59:09,user_0057,26.7
13.006,2681478,52,40.568442,-8.439205,Setúbal,197.71,2023-03-05 11:10:06,user_0170,7.0
9.0566,2993220,122,38.729935,-6.366809,Lisboa,104.28,2023-11-05 00:04:13,user_0111,22.7
10.6503,9148938,154,38.922596,-7.675638,Viseu,83.19,2023-01-22 18:02:50,user_0142,18.4
0.4067,2932878,167,39.668524,-7.13301,Braga,163.22,2023-06-09 14:32:14,user_0056,21.6
14.5517,2830527,83,41.590141,-9.216181,Aveiro,98.93,2024-01-04 21:49:28,user_0012,10.7
12.5034,6173049,186,40.519999,-9.362858,Évora,194.55,2023-01-20 08:54:36,user_0093,8.2
3.2639,6814276,111,39.654946,-8.618624,Aveiro,198.33,2023-05-26 03:38:08,user_0015,31.2
2.8092,822564,169,40.752065,-8.448943,Viseu,189.7,2024-04-19 09:58:31,user_0008,13.6
2.8327,8242184,164,38.754452,-7.161886,Viseu,192.27,2024-02-02 19:22:29,user_0186,33.0
4.6332,5044316,62,40.552334,-7.564956,Porto,146.19,2023-06-10 22:07:10,user_0053,31.5
7.9189,5658565,118,38.953381,-8.226429,Viseu,156.9,2024-03-06 03:56:05,user_0137,11.9
6.536,3471888,126,38.298307,-7.276001,Évora,73.19,2024-08-13 21:13:17,user_0174,36.8
4.4393,8256327,50,39.94862,-8.943876,Coimbra,166.83,2023-01-05 17:51:29,user_0092,10.6
9.2166,7537812,138,40.334388,-9.284135,Lisboa,88.29,2024-08-11 05:57:11,user_0007,32.9
2.1785,2548600,96,39.196468,-6.594683,Braga,177.65,2024-05-24 15:24:07,user_0044,19.7
4.453,4943114,53,39.727504,-7.582583,Faro,194.61,2023-09-06 09:11:20,user_0014,11.4
5.5588,5198245,59,40.37033,-7.293076,Viseu,89.73,2023-04-24 12:00:03,user_0075,37.8
6.8954,1985404,77,40.73855,-8.455376,Aveiro,70.92,2024-11-29 18:22:22,user_0115,38.7
11.7991,7741986,170,41.377857,-8.235353,Porto,127.74,2023-09-03 17:08:11,user_0092,22.9
3.0751,6787702,175,38.672721,-9.219951,Porto,170.82,2023-03-09 16:54:25,user_0134,21.4
7.7621,2126861,183,41.657386,-6.58624,Aveiro,167.89,2023-03-12 14:28:15,user_0163,36.5
8.927,3779337,189,40.086399,-7.485706,Leiria,157.55,2024-09-10 16:06:04,user_0198,25.9
0.7921,2051723,111,40.838509,-9.215666,Viseu,174.9,2024-03-16 17:16:48,user_0189,14.3
9.1524,6289189,116,40.398845,-6.764599,Lisboa,84.5,2024-08-12 04:53:14,user_0152,19.9
2.6408,1048939,123,37.927859,-7.990008,Porto,151.27,2024-06-16 16:54:03,user_0073,34.3
1.0693,4689133,144,37.257192,-6.898655,Coimbra,144.8,2024-01-27 10:42:58,user_0130,35.1
14.2384,4178465,192,40.531432,-9.457092,Braga,81.48,2024-12-11 08:59:17,user_0179,37.9
14.4879,8785064,85,39.455263,-9.402285,Lisboa,118.02,2023-10-04 07:55:20,user_0031,15.1
12.1451,5708297,191,40.411067,-8.919338,Coimbra,179.35,2024-02-07 23:45:06,user_0126,28.8
4.6387,898704,161,39.284214,-8.782884,Porto,196.05,2024-08-28 11:10:10,user_0119,7.4
1.5553,8563645,180,38.461173,-6.902551,Viseu,153.16,2024-03-27 12:27:57,user_0027,30.4
10.2951,5243762,162,38.32509,-7.09724,Faro,189.07,2024-09-21 01:06:17,user_0110,24.7
6.6583,7753472,159,40.552661,-7.4053,Lisboa,78.49,2024-02-26 11:12:34,user_0159,13.7
1.9184,8231691,163,38.2839,-6.49148,Aveiro,196.51,2024-05-29 08:05:54,user_0106,27.9
7.4781,9418124,116,40.473384,-8.659694,Viseu,64.69,2023-02-03 10:50:35,user_0198,9.7
0.6124,1696609,175,38.819801,-6.425023,Porto,133.82,2023-06-16 08:46:40,user_0171,16.7
13.6489,3569769,135,40.754492,-6.407798,Braga,100.74,2023-07-31 06:04:37,user_0120,19.0
3.9558,3609684,68,37.61405,-8.023517,Braga,173.95,2023-02-28 05:57:19,user_0082,32.2
9.9716,28885,118,37.9249,-9.179087,Coimbra,90.46,2023-06-19 22:29:46,user_0052,15.8
4.7445,4590723,59,40.329558,-7.029696,Évora,61.61,2023-03-15 17:32:42,user_0014,6.7
7.849,2812753,190,39.701156,-8.354443,Leiria,118.05,2023-07-22 22:05:51,user_0187,11.3
8.246,4589764,177,37.919392,-6.79724,Braga,68.98,2024-04-09 01:11:29,user_0020,26.3
2.8543,3129985,148,41.414135,-8.943453,Lisboa,100.61,2023-09-24 07:51:35,user_0118,5.5
14.5468,1379339,81,38.279721,-7.665649,Viseu,150.12,2023-09-28 05:34:13,user_0052,32.7
11.6495,2118736,161,39.005357,-7.772549,Lisboa,101.26,2023-06-02 22:33:47,user_0101,36.5
14.0985,8045409,73,37.91144,-9.158931,Setúbal,94.41,2023-07-14 21:27:05,user_0040,22.3
13.4329,819973,84,38.840138,-8.264668,Faro,81.77,2024-11-14 18:11:18,user_0068,29.8
9.0087,2650503,132,39.358234,-9.211832,Viseu,78.92,2024-04-18 01:34:47,user_0044,21.2
13.8359,1118844,119,38.376235,-7.919883,Évora,133.62,2024-03-20 15:58:30,user_0134,15.8
1.4185,9817534,158,40.745468,-6.634125,Évora,155.41,2023-05-05 22:20:56,user_0087,10.8
3.0201,5701048,148,38.869665,-8.581304,Braga,123.38,2024-06-16 06:18:05,user_0120,23.1
0.7739,3894142,82,40.54755,-6.899469,Évora,77.3,2023-04-30 06:48:42,user_0057,37.5
4.9474,6462280,105,37.935361,-8.876347,Leiria,150.69,2023-10-05 00:03:33,user_0186,36.1
5.8913,7042049,196,38.785177,-7.209301,Aveiro,138.0,2024-12-23 08:26:56,user_0072,37.2
4.1431,5638663,61,36.940291,-6.387173,Braga,113.38,2024-04-12 04:47:44,user_0158,38.8
12.4482,9846521,60,40.693188,-8.398645,Viseu,106.21,2024-02-11 13:45:34,user_0052,10.8
5.4156,6226659,119,40.029433,-6.4386,Faro,85.64,2024-05-14 18:26:30,user_0011,10.1
4.2859,9635337,189,40.989117,-7.781569,Aveiro,80.48,2024-09-07 06:45:56,user_0175,20.0
8.1862,2781652,90,39.178054,-8.422863,Porto,107.43,2024-07-20 11:31:06,user_0005,29.1
2.1998,2091219,155,40.898703,-6.451872,Évora,65.83,2023-06-17 04:55:19,user_0131,20.4
12.0527,9376775,52,40.137913,-9.391073,Viseu,121.13,2023-01-24 10:23:46,user_0143,36.2
1.2108,4217635,52,36.918065,-9.404736,Viseu,144.22,2023-08-19 06:44:14,user_0130,30.1
14.8046,8836621,133,38.168471,-7.460579,Évora,191.83,2023-07-15 10:49:12,user_0002,27.2
11.6064,2286319,156,39.369457,-6.791048,Aveiro,147.62,2023-06-04 00:25:09,user_0200,7.5
3.0609,931253,183,39.993437,-6.944743,Lisboa,147.37,2024-11-19 07:46:41,user_0182,11.1
0.1823,1844053,69,37.227954,-9.229804,Aveiro,112.42,2024-10-01 17:57:38,user_0174,20.0
12.2504,542955,188,40.4254,-6.269146,Lisboa,78.66,2023-08-18 17:09:23,user_0094,39.2
10.6322,3307735,145,39.61768,-7.109584,Braga,122.57,2024-04-23 11:17:07,user_0127,16.7
10.9622,4791126,173,39.528897,-6.273019,Leiria,143.81,2023-10-16 19:28:15,user_0126,27.0
11.5919,8761753,70,38.360228,-8.381068,Coimbra,161.36,2024-10-29 14:52:25,user_0041,39.6
1.2033,2053413,163,39.874115,-7.140607,Viseu,175.65,2023-12-01 23:05:04,user_0197,14.2
5.4411,6685941,62,37.037464,-6.576208,Leiria,95.83,2023-07-13 08:42:01,user_0030,10.8
1.8264,9074219,135,37.223502,-8.206422,Lisboa,93.77,2023-06-30 00:54:50,user_0044,24.1
12.9602,1657387,84,40.56935,-6.219476,Aveiro,139.14,2024-02-14 19:10:10,user_0010,24.3
9.3871,2791241,96,38.509457,-8.599025,Braga,139.24,2023-07-11 19:13:58,user_0030,37.3
5.0304,8037821,198,38.634835,-8.426914,Évora,90.51,2024-03-02 17:56:47,user_0075,5.9
1.047,1220985,195,37.941926,-6.370883,Porto,142.25,2024-10-17 09:51:24,user_0049,19.3
4.7336,8734352,174,39.128103,-6.203157,Évora,108.42,2023-10-19 13:29:48,user_0163,15.9
4.9452,2604325,159,37.159967,-8.530334,Évora,149.5,2023-06-10 02:29:58,user_0193,25.0
10.9711,2761623,86,38.401816,-9.036274,Leiria,100.75,2024-12-29 04:51:31,user_0145,5.3
9.5996,1676850,70,39.53562,-6.919212,Porto,142.92,2024-01-07 22:54:02,user_0159,29.9
13.3195,3783799,63,39.22816,-6.339138,Aveiro,167.56,2023-03-08 08:43:58,user_0070,22.0
7.136,5709716,140,41.898348,-7.457574,Faro,197.22,2023-02-04 09:28:44,user_0180,29.5
1.882,3886932,109,38.843823,-7.342636,Viseu,187.55,2023-03-22 01:03:09,user_0026,20.7
10.7273,432184,173,38.834995,-6.905993,Leiria,130.5,2024-04-03 00:51:16,user_0100,21.6
11.4357,9598333,72,39.417909,-8.979512,Aveiro,128.37,2024-08-01 05:13:49,user_0133,36.3
8.463,2336806,160,37.851516,-6.190206,Braga,121.28,2023-11-05 04:14:33,user_0111,12.4
11.5874,7517201,173,41.281522,-8.26128,Braga,63.89,2023-02-16 09:00:19,user_0014,12.6
7.4576,2908087,79,39.761339,-7.363983,Viseu,83.23,2023-10-06 13:58:11,user_0051,24.6
7.8887,658139,164,37.860538,-7.906706,Aveiro,68.29,2024-12-28 04:02:47,user_0015,28.1
6.4704,2970424,139,40.867208,-7.908185,Leiria,157.49,2024-01-22 06:04:59,user_0128,17.4
0.4787,6592863,87,37.071661,-7.110669,Porto,117.85,2024-12-09 21:17:35,user_0140,23.2
1.7076,8234955,132,41.812821,-6.118148,Braga,68.93,2024-09-20 08:51:37,user_0046,13.0
0.5683,6608687,76,41.225747,-7.259197,Aveiro,156.68,2023-01-09 09:08:51,user_0192,9.8
9.5825,4105513,153,39.798197,-6.800199,Porto,150.22,2024-06-10 03:02:46,user_0072,13.3
4.7839,6215241,165,37.456478,-9.406105,Aveiro,160.79,2024-05-12 15:33:56,user_0187,37.1
7.6777,4317293,64,37.976364,-6.744547,Faro,143.98,2024-01-27 23:43:12,user_0095,33.1
13.6227,3061481,52,38.297176,-8.480082,Setúbal,82.62,2023-07-14 18:46:38,user_0154,9.9
3.8145,6053912,59,38.105159,-9.069214,Viseu,68.59,2024-04-12 21:39:02,user_0029,6.6
6.2147,8688458,169,39.3876,-9.114664,Coimbra,174.4,2023-03-23 10:23:38,user_0132,8.3
11.3577,5604065,194,41.622802,-7.188426,Braga,90.21,2023-11-14 09:05:13,user_0178,15.3
3.5091,8429747,177,39.120863,-6.108103,Aveiro,135.95,2023-11-28 05:14:21,user_0025,33.4
1.247,9160573,60,40.207823,-7.234937,Leiria,127.93,2024-11-27 06:51:18,user_0168,16.2
4.4173,303446,182,40.342916,-8.608016,Aveiro,188.95,2024-10-01 08:56:36,user_0032,11.5
2.5022,3371484,118,41.257904,-8.80876,Leiria,137.34,2023-07-12 06:34:34,user_0100,18.9
13.9525,1398558,113,37.069106,-7.711746,Lisboa,141.2,2024-01-01 10:16:07,user_0037,9.3
12.141,9374271,63,38.92165,-9.278866,Faro,104.73,2023-05-11 09:58:51,user_0126,21.5
9.5377,2761158,99,40.823676,-8.142275,Évora,194.22,2024-10-28 05:14:23,user_0138,28.6
13.0848,1717479,121,40.974335,-7.234801,Aveiro,145.73,2024-09-27 11:29:07,user_0166,17.9
12.0747,1045716,118,41.536663,-6.209948,Porto,60.7,2023-08-06 20:45:09,user_0189,11.1
2.8799,3823873,184,40.413972,-8.052778,Coimbra,137.85,2024-04-11 10:23:42,user_0100,20.9
13.3991,2961937,176,38.12577,-8.819239,Évora,110.94,2024-03-20 13:09:29,user_0027,31.7
8.1362,3693793,65,39.428329,-6.720968,Faro,64.5,2023-04-22 13:44:38,user_0135,7.7
12.1309,6115762,127,37.061726,-6.969722,Lisboa,120.42,2024-07-10 15:11:21,user_0099,7.5
13.4518,2553589,150,40.134642,-6.577007,Porto,168.3,2024-01-29 17:55:14,user_0137,16.1
4.8383,6197649,105,39.671476,-8.769956,Faro,130.53,2024-07-22 09:32:09,user_0187,19.5
1.7398,1698413,154,40.234181,-8.123571,Setúbal,149.52,2024-01-23 03:47:46,user_0036,12.6
3.4962,137799,181,41.550703,-6.162715,Lisboa,149.56,2023-01-01 10:01:10,user_0118,5.9
6.4639,4960124,97,40.336383,-8.962656,Braga,153.94,2023-08-25 15:12:50,user_0158,12.7
12.2884,8570397,66,38.50225,-7.217067,Setúbal,114.26,2023-01-15 05:13:57,user_0019,20.2
12.9249,3817780,160,37.893683,-8.693573,Setúbal,111.8,2024-11-09 05:48:27,user_0169,7.8
0.2036,7895945,119,41.173181,-7.799459,Évora,60.64,2024-10-03 11:12:26,user_0055,30.1
7.7101,8151382,129,37.871661,-6.778267,Viseu,81.59,2024-08-30 02:46:48,user_0084,24.3
6.3194,4170163,142,37.708048,-7.838807,Braga,193.11,2023-08-13 11:38:50,user_0006,20.2
3.4094,4628656,87,37.93306,-6.761362,Lisboa,177.94,2023-02-12 06:50:56,user_0123,23.2
1.886,6144138,150,39.444204,-8.050461,Évora,98.52,2024-10-02 22:43:41,user_0107,28.0
5.1305,5882049,111,37.520937,-6.1022,Braga,116.17,2024-11-22 06:33:15,user_0088,39.8
14.1494,5688505,170,41.590592,-8.018184,Faro,191.59,2023-03-04 12:38:54,user_0150,32.1
4.9157,9190617,97,41.731269,-8.99211,Coimbra,95.06,2023-12-21 18:33:10,user_0198,23.9
7.83,7687331,59,41.769009,-8.133644,Lisboa,134.55,2023-02-20 12:36:11,user_0152,32.0
10.575,4306080,85,37.095624,-6.975183,Évora,63.09,2024-07-09 05:44:59,user_0062,21.6
5.5181,7073575,53,41.630988,-6.617012,Coimbra,146.76,2024-07-13 01:25:09,user_0170,15.9
14.5796,6805080,93,41.887075,-7.935649,Lisboa,190.21,2023-04-04 17:25:06,user_0150,14.2
14.4405,212803,105,41.612146,-7.478779,Setúbal,183.86,2023-12-13 22:56:50,user_0144,19.0
3.8516,2255913,91,40.254695,-6.627374,Coimbra,130.28,2024-02-06 08:33:32,user_0141,5.1
7.509,8006546,163,40.406151,-6.733943,Coimbra,150.95,2023-07-13 11:47:31,user_0120,11.2
4.5831,6789329,190,37.511265,-7.263739,Porto,139.77,2024-09-28 21:01:36,user_0037,9.4
4.3441,4215645,70,41.271485,-6.728908,Lisboa,69.38,2023-11-05 21:22:36,user_0180,38.6
0.6496,6651154,128,37.198198,-7.541903,Braga,82.22,2023-06-04 14:42:16,user_0152,7.3
9.1825,9642937,118,38.488653,-9.484196,Viseu,194.93,2024-01-29 16:28:02,user_0125,22.5
7.5899,2870581,119,41.855758,-9.359693,Faro,95.84,2024-06-16 20:23:32,user_0017,37.2
0.867,7689935,116,39.011639,-6.168651,Leiria,113.82,2023-05-27 20:09:59,user_0016,26.3
4.2518,7015232,97,37.555781,-9.007027,Évora,131.25,2023-08-16 13:16:09,user_0129,22.3
13.6332,8120459,85,41.746473,-8.124644,Coimbra,197.08,2024-12-27 11:01:00,user_0085,31.0
3.6695,5014049,198,41.820698,-6.325042,Aveiro,156.6,2024-04-19 09:51:48,user_0125,17.4
2.2589,6600500,76,37.835213,-8.836866,Coimbra,148.14,2023-11-16 19:30:48,user_0001,11.8
7.3928,78840,121,41.224019,-6.631109,Setúbal,133.42,2024-01-13 19:55:43,user_0030,34.7
14.7862,5408647,150,38.852117,-6.71789,Lisboa,158.09,2023-03-30 07:59:36,user_0024,7.0
3.7066,161297,145,38.806842,-6.146479,Setúbal,152.96,2023-06-14 00:41:50,user_0046,33.3
10.1148,1931375,177,38.213488,-8.542282,Viseu,186.4,2023-09-04 19:15:32,user_0002,8.6
11.4481,4243460,75,37.123551,-8.427894,Faro,135.86,2024-03-05 11:10:07,user_0143,26.9
3.6408,2305433,115,38.240045,-6.430215,Porto,119.01,2023-06-17 23:36:36,user_0029,21.7
10.9504,5926069,189,37.168885,-8.704131,Lisboa,173.0,2023-06-10 18:12:30,user_0099,39.9
5.58,4220242,71,41.52186,-7.637137,Setúbal,171.97,2023-02-21 19:47:55,user_0062,18.6
9.5214,6739202,66,40.208603,-7.095027,Porto,83.78,2024-04-05 16:55:25,user_0013,38.5
9.5396,2087001,56,41.333113,-8.575594,Leiria,93.15,2023-06-17 03:03:36,user_0065,19.1
8.083,2681722,156,40.486453,-6.309396,Leiria,194.21,2024-10-22 22:57:31,user_0045,28.9
1.4453,3455673,117,37.556434,-7.236628,Lisboa,122.18,2024-09-19 12:48:43,user_0047,27.5
12.546,7605502,177,41.602908,-9.339726,Faro,132.75,2023-02-21 17:25:14,user_0016,8.0
4.8796,8261195,86,41.399465,-9.038492,Aveiro,103.42,2023-06-23 17:50:28,user_0126,31.0
2.8791,1731530,87,38.64038,-8.851343,Coimbra,127.35,2024-05-03 08:29:26,user_0107,12.3
0.7075,5358699,145,37.457667,-8.667145,Braga,164.07,2023-06-06 09:25:43,user_0003,18.6
8.9043,6773329,188,40.420774,-7.015697,Faro,127.53,2023-04-07 14:06:12,user_0104,32.4
10.1957,8530508,50,40.541807,-9.19762,Faro,104.07,2024-11-13 22:12:34,user_0198,38.1
0.3472,5552612,91,41.384145,-8.307978,Aveiro,73.44,2024-02-21 20:40:29,user_0095,24.6
7.7302,7089109,112,37.163279,-6.401297,Setúbal,189.96,2023-12-12 01:11:46,user_0133,23.2
3.4748,6829313,130,37.608519,-7.60733,Porto,182.03,2024-07-26 18:31:56,user_0154,22.7
9.7131,6212695,57,39.891244,-8.597312,Lisboa,170.79,2024-08-12 11:20:50,user_0092,33.6
2.6981,9057483,76,39.995658,-6.246009,Braga,157.17,2023-05-19 23:58:54,user_0015,39.8
10.395,4790287,101,37.068048,-8.669326,Porto,132.17,2023-03-12 18:13:40,user_0183,27.2
5.8624,253078,195,38.88466,-6.422661,Coimbra,185.64,2023-11-11 16:01:00,user_0150,18.3
14.0573,368893,140,39.820809,-7.032383,Braga,170.84,2023-11-06 05:05:50,user_0037,12.7
2.1491,3101883,135,40.589557,-6.982228,Leiria,174.24,2023-12-07 22:16:19,user_0157,12.0
5.1819,5398856,65,38.480753,-6.899206,Faro,103.34,2024-06-16 05:24:31,user_0154,35.0
1.7908,715295,115,39.319517,-7.777664,Coimbra,119.28,2024-05-06 13:20:48,user_0070,39.7
13.8779,1878798,54,40.970274,-6.730432,Viseu,158.95,2024-12-19 10:34:28,user_0139,29.4
13.1724,4000740,131,41.669475,-6.656943,Leiria,111.95,2023-03-13 20:16:51,user_0100,38.5
3.9433,9381260,180,38.051573,-8.274345,Coimbra,129.16,2023-10-21 21:55:29,user_0148,17.2
9.9338,1054212,167,38.165211,-8.138829,Setúbal,150.51,2023-09-05 16:34:53,user_0084,27.0
12.2766,2358730,130,41.599091,-6.478227,Viseu,121.29,2024-09-21 00:30:10,user_0091,22.9
8.3725,3485001,119,38.879556,-7.715921,Lisboa,171.03,2023-07-01 12:27:32,user_0198,21.9
7.9918,2080563,164,40.491742,-6.552392,Porto,76.28,2023-05-19 20:27:36,user_0033,27.1
3.7036,8672424,56,39.961326,-7.368984,Coimbra,160.53,2023-11-24 11:42:33,user_0121,15.9
1.4872,4715697,99,38.327938,-7.48187,Leiria,80.33,2023-11-04 23:21:58,user_0030,27.4
13.4685,5243534,191,40.167811,-9.394665,Setúbal,191.3,2023-07-23 08:06:39,user_0178,28.6
13.5162,7669510,160,40.17783,-8.555159,Setúbal,103.97,2023-07-02 08:36:32,user_0034,34.3
9.5332,125851,96,39.862216,-7.793004,Leiria,171.36,2024-11-04 23:36:47,user_0133,30.6
5.1515,2650527,161,37.398304,-7.503122,Coimbra,133.0,2023-11-20 11:39:02,user_0140,16.2
5.3032,4861282,92,41.875859,-7.356523,Braga,72.75,2024-09-20 18:50:10,user_0076,20.8
10.9167,794878,140,38.902082,-7.064842,Évora,141.56,2024-02-06 17:41:58,user_0075,9.2
13.4669,2053262,78,40.091255,-7.268806,Évora,187.7,2023-02-06 22:18:27,user_0052,14.0
13.3176,1937135,177,41.328808,-6.614839,Leiria,82.01,2024-12-30 11:25:43,user_0051,23.2
11.7201,8186565,182,39.016442,-8.495401,Setúbal,104.98,2024-09-02 07:12:11,user_0149,8.5
9.6663,6449728,145,40.769625,-7.318662,Porto,121.48,2024-12-08 08:48:51,user_0199,25.0
1.3537,8614787,166,41.759122,-9.326058,Setúbal,98.51,2024-11-07 05:56:58,user_0058,18.7
2.5083,2072171,119,38.694674,-7.867354,Aveiro,192.13,2024-09-11 13:08:57,user_0098,6.2
13.4885,5460388,179,38.926348,-8.588688,Setúbal,112.85,2023-05-02 09:46:14,user_0125,20.2
9.1358,8381660,119,41.42788,-8.204984,Leiria,152.13,2023-12-21 12:25:57,user_0192,14.8
0.237,4544340,159,37.698214,-8.294147,Coimbra,91.35,2023-06-06 00:51:09,user_0093,7.3
1.6119,6112240,181,37.042974,-9.294536,Braga,90.76,2023-10-20 18:13:33,user_0134,15.3
9.9862,1200346,105,41.444445,-7.913404,Faro,84.62,2023-02-12 19:17:31,user_0177,15.3
0.1754,8873895,138,41.007958,-6.11826,Braga,120.87,2023-10-04 15:36:32,user_0200,17.4
2.496,6214294,186,41.762915,-8.483617,Porto,134.6,2024-12-20 06:36:39,user_0037,17.8
8.2761,1760399,180,37.191189,-6.997104,Porto,61.5,2023-07-13 14:21:27,user_0138,20.0
10.4092,8684509,149,37.680887,-7.63752,Coimbra,176.61,2024-07-26 08:55:01,user_0194,8.2
9.8142,6136062,178,37.426563,-8.394234,Braga,131.79,2023-11-29 03:44:47,user_0056,5.2
3.4416,6347572,106,40.317081,-9.195336,Leiria,82.01,2023-11-05 19:05:28,user_0083,30.8
10.7115,6435689,193,39.93005,-8.766083,Évora,69.42,2024-11-29 20:12:18,user_0071,16.8
3.635,4143403,100,38.696676,-6.841698,Setúbal,68.85,2024-12-27 15:48:19,user_0066,26.5
4.9485,2203531,161,37.187117,-8.551331,Viseu,96.07,2024-02-10 17:03:39,user_0045,15.7
11.2227,1069412,153,40.09831,-9.009372,Aveiro,129.9,2024-06-08 10:30:46,user_0087,39.4
9.7795,4415743,176,39.750602,-8.373586,Leiria,180.43,2023-04-24 00:02:25,user_0095,16.0
12.7534,9623904,104,37.464516,-7.514254,Braga,186.42,2023-08-05 14:19:15,user_0196,26.2
9.8984,3303131,50,41.444549,-7.108225,Viseu,176.53,2024-12-08 03:47:17,user_0192,12.7
8.5678,6266376,139,37.894749,-8.18296,Évora,106.0,2024-02-27 19:14:19,user_0144,23.1
1.4958,2953028,102,40.617546,-7.8063,Leiria,102.92,2024-01-31 19:15:35,user_0010,25.3
5.579,7490291,122,41.325379,-7.953283,Lisboa,198.24,2024-06-30 00:31:54,user_0149,11.4
4.0515,5385909,157,39.797375,-9.469389,Viseu,155.38,2023-02-11 17:32:08,user_0140,9.3
3.7354,397595,199,38.134245,-8.154958,Leiria,102.69,2024-03-02 10:47:29,user_0013,39.1
14.5979,6188343,57,38.446243,-7.503113,Évora,106.07,2024-01-03 01:56:19,user_0081,36.3
5.9572,3793092,91,41.328738,-7.562188,Viseu,120.85,2024-09-14 11:39:09,user_0117,28.1
13.3915,1731041,74,38.391286,-6.95079,Coimbra,147.05,2023-04-25 22:13:17,user_0138,35.1
9.504,7734125,87,40.630952,-7.220722,Setúbal,185.72,2024-12-02 08:50:46,user_0122,8.3
11.9427,6113100,134,41.850826,-8.558857,Setúbal,87.76,2023-02-28 11:33:10,user_0141,30.5
7.5893,3590511,73,41.899084,-8.630812,Setúbal,71.82,2023-05-16 15:39:11,user_0162,15.0
8.6959,2417209,109,39.567399,-7.921918,Porto,116.81,2024-03-10 09:00:54,user_0059,23.9
7.4385,526925,160,41.032779,-7.007903,Faro,94.36,2024-05-07 21:43:26,user_0128,31.8
3.0091,6757450,115,41.851249,-9.180987,Évora,140.64,2023-06-21 16:46:20,user_0049,6.2
10.8645,2925609,191,38.773364,-6.27569,Setúbal,157.89,2023-03-29 12:24:48,user_0006,29.3
4.2835,9145155,102,38.162048,-7.653279,Braga,103.5,2024-10-11 21:50:01,user_0012,20.2
0.4623,606752,155,37.471167,-8.458211,Faro,155.96,2023-06-29 17:41:34,user_0029,20.4
9.7175,1339462,145,37.604498,-7.14247,Aveiro,108.04,2024-03-09 23:58:32,user_0077,36.8
2.7389,6827575,88,41.167782,-9.347932,Faro,148.9,2024-03-28 03:33:50,user_0124,35.1
14.1128,7687268,91,39.843615,-7.85305,Viseu,148.63,2023-11-03 00:49:13,user_0026,7.0
14.3135,6117682,160,41.268546,-7.847703,Braga,98.94,2024-03-02 01:56:18,user_0068,26.6
13.7315,7204425,153,40.847275,-8.949284,Leiria,149.0,2024-01-17 15:09:11,user_0016,20.3
5.6154,5158570,126,40.268723,-6.652881,Braga,113.33,2024-11-13 08:03:13,user_0053,9.1
0.3303,4823416,57,39.946561,-6.790839,Porto,107.1,2023-05-30 02:37:16,user_0147,34.8
13.9319,5210766,75,37.141695,-8.98071,Setúbal,100.5,2024-06-06 19:40:49,user_0175,7.5
6.4799,1137317,189,41.261376,-8.262987,Aveiro,108.39,2023-06-24 05:46:40,user_0160,6.1
14.5032,7358862,92,38.98921,-9.15854,Setúbal,170.14,2023-10-16 22:10:04,user_0070,11.9
14.4579,5560068,159,39.698934,-6.61473,Lisboa,94.33,2024-05-05 08:00:45,user_0198,15.6
12.8098,2957532,149,37.009768,-8.400712,Aveiro,155.48,2023-08-07 23:56:55,user_0189,7.1
4.4873,2166354,112,41.580368,-8.006325,Lisboa,186.09,2023-08-19 19:25:28,user_0005,27.4
5.838,299189,98,41.413702,-8.398835,Leiria,109.06,2024-07-02 20:39:57,user_0187,20.3
12.7819,6508850,164,39.61639,-8.445912,Aveiro,64.13,2023-02-22 22:57:19,user_0130,19.4
4.8221,1559049,186,39.786558,-6.959172,Setúbal,63.44,2023-12-01 13:09:44,user_0130,10.1
2.6254,6136821,114,40.425086,-6.958275,Porto,79.53,2024-12-29 20:55:18,user_0003,20.3
8.3963,2374494,120,38.223474,-7.73952,Leiria,75.41,2024-12-28 03:36:35,user_0198,18.7
14.0487,9244561,56,38.009578,-7.264102,Aveiro,164.73,2023-02-23 11:31:40,user_0095,18.4
10.4708,504655,129,40.270115,-7.760345,Coimbra,101.28,2023-06-05 14:27:48,user_0043,12.6
8.5939,236824,116,37.422112,-9.402797,Porto,151.35,2023-07-13 14:18:40,user_0133,8.3
1.5479,9456587,187,39.17031,-9.275578,Setúbal,65.94,2024-11-12 06:42:15,user_0178,14.1
9.2636,3149409,150,39.363802,-8.195282,Lisboa,101.4,2024-10-05 00:44:25,user_0010,28.4
14.8518,4548003,144,38.806685,-6.950862,Évora,92.78,2024-10-03 20:48:52,user_0155,7.6
2.1873,4025282,136,37.826341,-6.395031,Lisboa,98.76,2023-09-27 18:06:52,user_0024,18.4
7.8231,4166289,140,38.676581,-9.398992,Setúbal,86.7,2023-04-26 03:43:28,user_0022,23.0
13.1729,93246,152,38.587786,-8.248698,Faro,146.51,2024-08-31 15:12:41,user_0089,38.7
11.1375,5338744,175,39.396328,-8.73914,Viseu,152.77,2024-05-28 14:01:10,user_0003,34.5
10.4855,8597494,162,40.273404,-6.728302,Braga,80.79,2024-03-22 12:35:40,user_0144,37.1
10.567,2367713,53,41.741176,-6.623708,Setúbal,163.76,2024-12-21 16:19:23,user_0158,33.7
5.4564,9818216,137,37.620816,-8.79821,Coimbra,95.01,2024-04-22 09:39:54,user_0112,25.6
4.4745,4063068,52,41.265086,-7.083187,Setúbal,99.61,2023-01-06 17:03:39,user_0171,35.1
12.1595,2284798,140,38.32089,-7.012029,Coimbra,176.03,2024-08-19 11:39:52,user_0004,24.8
12.1707,1532337,52,39.856864,-8.898004,Lisboa,186.16,2023-08-07 13:06:56,user_0107,17.5
13.0194,783566,130,39.633685,-8.025434,Faro,175.47,2024-04-29 06:34:13,user_0040,18.0
13.7073,7596713,187,39.684742,-7.390851,Aveiro,80.69,2024-11-16 10:03:13,user_0016,24.8
7.719,779105,143,40.516793,-9.411374,Setúbal,199.9,2023-04-09 00:46:49,user_0105,33.3
7.5726,7097065,175,38.808442,-8.124388,Viseu,154.1,2023-03-26 06:18:37,user_0072,9.7
11.9946,9305600,162,38.4955,-8.973142,Leiria,131.49,2023-03-20 03:16:13,user_0088,6.4
9.7845,220326,198,41.164173,-7.657552,Coimbra,193.68,2024-02-08 20:28:41,user_0016,32.6
10.5593,4513552,149,38.000475,-6.63408,Viseu,174.43,2023-07-18 19:32:26,user_0118,27.7
11.9573,6637935,102,37.80123,-7.715837,Leiria,156.84,2024-03-17 12:37:06,user_0091,33.7
13.3611,3522810,136,36.978037,-9.377656,Aveiro,177.38,2024-06-07 20:33:55,user_0194,39.2
5.1361,9835351,138,37.952889,-9.399165,Braga,113.97,2023-05-29 15:01:29,user_0183,13.8
5.6962,5480354,103,39.492657,-7.441289,Setúbal,155.82,2024-04-07 23:50:56,user_0020,11.8
1.5003,6575273,69,39.592544,-8.384863,Coimbra,86.68,2023-07-12 16:59:52,user_0179,16.9
8.7164,9289461,162,38.172102,-7.552934,Lisboa,198.32,2023-12-23 15:04:40,user_0084,35.7
0.6355,4447321,98,37.261371,-8.943634,Leiria,142.46,2024-10-22 21:29:43,user_0083,5.5
7.0374,651824,184,40.623204,-6.858668,Coimbra,173.99,2024-09-09 15:44:13,user_0185,5.4
8.1854,2906405,78,40.689877,-6.573553,Faro,117.03,2023-03-09 09:04:08,user_0126,12.6
4.3695,5866645,97,41.889182,-6.476633,Braga,166.2,2023-11-06 05:02:51,user_0051,18.2
8.9034,8069552,62,41.400148,-8.466146,Coimbra,114.23,2023-07-21 23:26:15,user_0018,15.6
0.5545,4569146,52,41.53031,-7.2535,Leiria,142.6,2023-01-03 14:07:13,user_0081,33.9
0.6565,2470856,51,40.891019,-8.551256,Évora,168.94,2024-07-16 22:00:31,user_0187,29.1
12.3567,3139782,65,39.977514,-6.906627,Aveiro,76.31,2024-04-10 02:13:34,user_0097,34.3
5.4668,1650224,143,37.54273,-9.090215,Braga,109.95,2023-07-11 05:27:22,user_0117,18.4
1.9932,1348055,151,40.011566,-6.9066,Braga,136.29,2024-06-25 02:21:55,user_0124,25.9
7.8814,9244391,183,37.179779,-8.004923,Évora,106.76,2024-02-07 17:26:27,user_0028,23.0
11.5729,5095670,94,41.326496,-6.591132,Aveiro,103.28,2023-11-09 05:04:29,user_0197,21.6
3.3157,2230653,120,39.309107,-6.987635,Faro,99.43,2023-01-08 01:24:47,user_0156,15.1
9.3811,584942,182,40.387364,-8.219833,Lisboa,91.89,2023-02-24 22:16:20,user_0089,29.8
1.3717,4563870,105,37.161218,-6.427967,Braga,178.85,2024-10-06 16:01:26,user_0141,23.3
0.8701,1420654,176,39.571242,-8.536654,Faro,189.32,2024-10-21 20:49:42,user_0006,7.8
8.0172,9112111,81,38.406317,-6.212239,Braga,158.02,2024-02-03 06:44:30,user_0157,5.0
8.1555,8355425,98,38.324841,-6.891508,Lisboa,64.2,2024-09-01 06:06:17,user_0106,5.7
9.5977,5869494,62,38.84828,-6.131706,Évora,170.07,2024-03-01 05:34:03,user_0119,7.7
10.9188,8737456,74,36.903197,-9.316724,Lisboa,134.47,2023-04-19 02:36:11,user_0137,18.0
14.6402,1481177,109,39.233304,-8.568277,Viseu,166.14,2023-04-04 00:50:43,user_0029,15.7
7.7929,166991,108,39.332833,-6.979702,Setúbal,121.23,2023-08-14 00:41:10,user_0166,10.5
4.9121,4291256,107,41.215655,-6.364351,Setúbal,65.78,2024-10-18 06:09:20,user_0065,23.0
11.9483,3992942,69,39.142628,-9.402179,Évora,155.44,2024-08-04 04:03:46,user_0056,39.0
4.1354,4660110,182,38.717781,-9.499968,Lisboa,122.18,2024-09-20 07:30:33,user_0030,10.6
6.6407,9264666,106,41.873735,-8.628775,Braga,182.37,2024-10-18 05:09:34,user_0114,13.8
1.269,5914063,103,39.756067,-6.600552,Leiria,163.34,2023-06-03 08:32:27,user_0096,21.2
0.4777,8491485,161,39.263066,-6.891679,Porto,110.34,2023-07-02 03:45:39,user_0121,27.4
14.4435,7998883,135,39.379679,-8.343057,Faro,161.37,2023-03-17 00:56:39,user_0187,26.0
12.5561,7961813,86,40.945906,-9.493162,Braga,129.33,2024-07-23 11:38:11,user_0058,23.2
10.47,6962544,133,38.603382,-7.614,Faro,87.92,2024-10-07 10:02:23,user_0138,30.8
6.1934,5118805,97,38.845802,-8.690951,Évora,118.78,2023-10-24 15:43:54,user_0149,34.6
2.6821,1545329,167,40.679367,-6.96493,Lisboa,91.16,2024-03-29 01:59:22,user_0184,40.0
2.4309,3072753,97,37.264919,-7.982411,Braga,60.7,2023-04-23 19:46:28,user_0026,21.3
3.8286,391670,161,41.225846,-7.192753,Setúbal,94.55,2024-11-09 19:30:55,user_0015,39.8
8.2835,4626043,159,39.051013,-6.60215,Évora,89.33,2024-09-23 03:53:30,user_0163,30.6
10.7475,7627339,55,39.806465,-7.678417,Viseu,60.61,2024-12-13 15:07:46,user_0089,28.0
9.9369,1350339,127,40.687381,-8.357751,Braga,169.75,2024-08-14 20:43:13,user_0015,27.4
4.271,3734942,72,38.23026,-6.883552,Coimbra,70.78,2024-10-05 10:24:42,user_0097,36.9
14.3275,8429241,175,41.351571,-8.598363,Setúbal,122.87,2023-01-19 02:15:25,user_0075,38.2
11.0947,9645910,133,41.796125,-6.468836,Faro,118.5,2024-06-21 16:36:34,user_0088,11.2
8.3599,9440501,62,39.371372,-9.257146,Leiria,85.4,2023-08-31 11:53:21,user_0006,22.3
9.2146,3850404,96,41.584687,-6.659407,Lisboa,195.36,2024-11-10 11:53:39,user_0156,38.0
6.352,7792590,93,36.905643,-9.188711,Faro,144.52,2024-08-08 15:09:34,user_0063,18.4
3.7912,2821105,154,41.371189,-9.309134,Lisboa,173.89,2024-09-22 18:24:06,user_0029,13.1
5.404,926109,63,38.455227,-8.264926,Aveiro,129.46,2024-08-14 20:19:40,user_0048,8.6
11.3919,7659564,170,38.457477,-6.247732,Évora,161.19,2023-07-14 18:26:09,user_0191,25.9
0.3145,5455249,85,38.040444,-6.156147,Faro,195.77,2024-07-28 18:48:05,user_0186,29.5
1.8295,708669,57,38.48507,-8.81296,Setúbal,108.78,2023-03-20 21:50:07,user_0149,11.8
0.7854,6318499,199,37.967423,-8.994632,Coimbra,130.6,2024-09-28 16:21:43,user_0022,28.6
0.7069,4227939,65,41.429346,-8.299959,Leiria,132.04,2024-09-18 18:33:13,user_0027,36.5
12.8464,2307539,140,41.395119,-8.353905,Braga,198.88,2023-06-12 09:02:19,user_0085,13.5
10.5845,2596882,169,37.411057,-6.917384,Porto,92.63,2024-08-19 02:35:50,user_0079,9.3
7.1652,9395499,109,37.614292,-7.990403,Évora,154.54,2023-12-03 00:30:45,user_0185,34.2
1.5577,3947526,59,41.210093,-6.848396,Porto,79.35,2023-08-11 18:56:38,user_0138,37.1
7.4251,7433976,80,38.894689,-6.954375,Setúbal,189.79,2024-08-03 14:27:11,user_0022,12.5
7.1547,9116075,70,37.746358,-7.533745,Aveiro,142.65,2023-06-16 03:28:22,user_0172,30.2
2.6807,4650100,130,39.453347,-6.666059,Braga,180.32,2023-01-18 06:36:03,user_0084,25.7
6.5644,2998851,82,38.98334,-8.834798,Braga,185.33,2023-05-21 23:38:02,user_0083,13.4
6.0377,3661306,80,37.995808,-8.949844,Braga,138.0,2023-08-28 15:08:57,user_0156,33.8
9.2762,997057,198,40.503761,-6.947789,Lisboa,155.48,2024-09-22 23:27:48,user_0050,21.5
9.5629,3674153,85,40.056447,-8.66769,Leiria,157.82,2024-12-06 19:53:49,user_0179,29.5
0.775,4748584,181,37.398308,-9.490499,Faro,124.47,2023-07-23 18:16:11,user_0129,15.5
5.6817,7303398,117,41.526934,-6.399335,Leiria,120.88,2024-04-13 06:45:36,user_0162,33.6
9.4253,2212292,139,39.69235,-7.382014,Faro,86.07,2023-10-19 18:21:55,user_0163,14.3
7.5967,4370297,181,38.151022,-7.987212,Évora,113.75,2024-12-17 05:44:33,user_0061,17.8
12.8617,3618313,58,37.931459,-7.032496,Lisboa,198.71,2024-01-27 10:29:58,user_0030,18.7
9.9145,1384410,79,37.57974,-8.366672,Leiria,97.78,2024-11-16 15:26:04,user_0076,12.2
2.5277,8674708,164,39.023187,-6.257535,Lisboa,166.74,2023-03-26 04:47:14,user_0196,35.6
1.1515,7330395,94,37.577705,-9.266691,Coimbra,68.31,2024-12-09 09:25:07,user_0168,9.0
9.672,2048880,53,38.979082,-7.320776,Évora,125.45,2023-05-11 08:30:29,user_0193,24.7
0.495,2469606,118,37.643852,-6.857216,Leiria,68.18,2024-12-03 15:36:04,user_0037,33.5
8.8281,3039316,72,40.184038,-7.904972,Lisboa,126.61,2023-07-13 18:58:14,user_0192,25.3
14.1094,1045533,65,40.82621,-6.933108,Setúbal,63.86,2023-03-21 03:12:45,user_0129,16.4
8.6746,1285844,71,39.647614,-6.348505,Viseu,145.86,2023-11-14 05:33:25,user_0143,32.3
5.8837,4673584,121,40.300284,-6.970421,Faro,142.11,2024-06-15 20:06:34,user_0013,22.5
9.685,9944840,97,41.591894,-8.448153,Braga,171.7,2023-08-17 23:37:35,user_0157,10.7
6.928,787600,156,40.091858,-7.589722,Viseu,141.66,2024-03-18 12:46:44,user_0183,16.1
8.2297,4501572,182,38.720791,-6.400548,Porto,189.64,2024-01-09 08:07:55,user_0045,25.7
14.1278,6961848,56,39.147401,-7.973068,Lisboa,169.63,2023-10-09 04:37:26,user_0004,28.1
5.8529,5557821,100,41.202626,-7.182225,Porto,78.57,2024-02-25 21:49:21,user_0192,24.2
14.4217,1485619,114,37.553602,-7.91725,Coimbra,97.17,2023-07-05 22:44:17,user_0015,14.5
13.5897,1838524,58,38.528685,-9.08743,Setúbal,63.67,2024-06-01 09:55:05,user_0104,25.8
3.0173,9588007,131,39.7864,-9.300768,Faro,114.06,2023-01-02 05:37:52,user_0176,16.6
1.1335,122026,94,40.281948,-6.262269,Coimbra,131.34,2024-11-06 16:04:36,user_0184,12.9
1.6016,5122194,171,40.717495,-7.417358,Aveiro,192.43,2024-01-29 01:40:44,user_0091,38.1
0.3715,9670115,59,38.491034,-9.147029,Évora,133.12,2024-06-09 04:24:48,user_0198,16.0
1.5072,735053,122,37.629296,-6.584709,Coimbra,169.34,2024-06-25 14:57:55,user_0143,16.7
10.2768,562167,97,41.674196,-7.722843,Viseu,97.52,2024-05-04 13:24:41,user_0039,36.4
1.1607,8700349,136,37.281961,-6.875431,Faro,81.44,2023-09-23 21:09:36,user_0197,10.0
4.8527,1658800,160,37.379027,-9.069029,Viseu,173.52,2023-02-21 01:56:28,user_0079,25.5
12.6886,9932579,65,39.374713,-6.416505,Faro,94.64,2024-04-29 21:26:39,user_0060,32.4
0.4468,1807737,102,40.996355,-7.49218,Braga,181.99,2023-08-30 01:06:16,user_0094,14.6
12.2356,3751531,89,40.772521,-6.989914,Leiria,83.78,2023-08-18 03:48:07,user_0172,34.5
4.2996,7919710,149,41.588496,-9.393309,Faro,179.22,2024-09-11 01:13:39,user_0043,31.9
1.8607,3031301,69,37.608013,-8.427963,Viseu,168.2,2024-06-09 10:05:40,user_0132,22.0
10.4814,144454,118,38.778636,-8.590686,Porto,145.57,2023-08-08 05:38:46,user_0077,9.2
9.4712,7681556,94,38.310711,-6.271377,Coimbra,179.03,2023-08-14 18:40:02,user_0178,39.0
13.1743,254043,55,41.204351,-8.869849,Coimbra,106.3,2023-10-26 03:02:37,user_0039,26.8
11.0526,4837502,88,39.341773,-7.096024,Faro,83.24,2023-10-21 18:03:17,user_0054,23.1
12.0719,4814647,151,37.03424,-9.354638,Aveiro,81.99,2023-08-04 19:52:44,user_0151,36.0
4.3023,5631213,179,40.439822,-8.827874,Faro,97.85,2023-04-03 22:04:56,user_0188,19.7
2.7438,4924374,156,38.84349,-8.348769,Lisboa,122.47,2023-11-03 22:13:11,user_0163,24.7
11.2842,1845733,88,39.555734,-6.79868,Porto,182.64,2024-11-17 11:10:17,user_0054,35.0
12.1218,5800629,167,41.368937,-6.81408,Braga,72.53,2024-05-09 10:36:37,user_0186,18.8
14.8585,7905435,198,38.183689,-6.261154,Braga,188.13,2024-10-21 01:09:11,user_0062,32.0
6.248,4304388,131,38.101323,-6.38299,Viseu,189.57,2024-03-25 07:49:16,user_0176,14.0
5.6431,9402999,103,38.215963,-9.22285,Setúbal,161.81,2023-08-08 16:38:30,user_0135,29.6
11.6686,7321105,159,38.59054,-6.67845,Leiria,186.04,2024-02-04 23:51:35,user_0173,22.9
5.178,473006,61,37.43677,-7.96601,Viseu,167.8,2023-01-01 07:06:43,user_0013,10.8
13.9683,5584581,159,40.386098,-6.555987,Lisboa,133.96,2023-07-29 10:43:41,user_0181,9.8
12.8904,7149148,87,37.936994,-9.196427,Setúbal,144.11,2023-11-10 19:38:25,user_0115,21.0
6.492,8462176,192,41.530729,-6.702585,Leiria,147.95,2024-02-28 09:20:00,user_0039,29.9
11.288,7256300,56,37.978432,-8.957215,Coimbra,77.77,2024-04-22 22:26:33,user_0084,26.1
11.3427,1197442,127,38.17821,-8.364938,Viseu,87.03,2023-12-06 10:35:35,user_0146,34.9
1.6365,1199529,114,38.385101,-9.401915,Braga,133.27,2023-11-19 18:38:22,user_0150,18.6
13.548,1790228,151,40.74269,-9.079325,Setúbal,76.13,2023-06-06 00:02:54,user_0164,34.5
7.6283,7052514,150,39.038032,-7.984532,Setúbal,195.1,2023-12-12 10:13:19,user_0105,6.3
12.4142,2323176,93,40.996673,-6.71765,Porto,131.0,2024-10-19 20:41:17,user_0181,17.8
4.8687,9617959,80,40.824269,-6.869523,Faro,113.21,2024-08-04 02:21:13,user_0112,7.6
13.4433,9350466,126,41.547452,-8.699988,Lisboa,82.06,2023-05-04 20:59:35,user_0072,37.2
5.8991,8860286,97,40.683021,-8.984252,Leiria,118.31,2023-03-03 21:37:04,user_0003,21.6
0.2615,9818348,131,37.159556,-8.176504,Leiria,102.34,2024-01-12 06:43:09,user_0190,16.1
13.5902,6017004,176,41.086406,-6.496888,Braga,72.31,2024-04-07 01:07:25,user_0157,22.2
1.4602,4208694,133,41.590363,-9.189155,Faro,195.38,2023-09-02 16:29:53,user_0073,23.6
4.8578,497619,59,41.868446,-7.654092,Braga,97.1,2024-08-20 10:46:44,user_0008,34.6
14.2559,218547,78,37.526338,-9.198055,Évora,156.67,2024-07-02 07:56:24,user_0076,24.0
14.264,8940203,97,39.966366,-7.901279,Lisboa,72.79,2024-05-06 03:22:48,user_0174,20.1
8.6442,4421740,165,37.897293,-9.068909,Faro,187.84,2023-06-13 23:42:16,user_0092,38.6
9.5144,7364534,62,38.212548,-9.226854,Setúbal,142.71,2023-05-26 08:45:23,user_0184,38.9
6.7818,8353135,96,40.627922,-8.851112,Évora,151.96,2023-01-18 19:55:58,user_0106,6.3
4.4688,9811141,152,41.788339,-8.63213,Braga,169.45,2023-06-28 17:38:28,user_0049,29.7
4.9971,3858804,140,39.874278,-8.560698,Évora,144.83,2023-12-13 20:23:19,user_0043,18.0
10.1205,2325452,102,41.152922,-7.306089,Coimbra,69.93,2024-09-12 07:24:15,user_0138,28.6
11.3104,5212360,141,36.944419,-9.313062,Viseu,120.14,2023-02-23 03:57:02,user_0141,27.3
11.8945,9782096,126,37.083158,-9.225249,Setúbal,96.68,2023-10-30 13:00:23,user_0185,16.6
11.8653,928252,93,39.883622,-8.858399,Faro,128.14,2024-04-04 17:29:22,user_0002,39.5
1.459,8975681,51,38.844916,-6.534986,Coimbra,116.61,2023-05-22 22:30:19,user_0065,17.5
7.4669,600338,150,41.348789,-7.362743,Setúbal,175.71,2024-05-23 08:07:35,user_0086,27.1
0.9576,74231,106,38.40991,-7.016743,Braga,94.59,2023-12-27 21:29:16,user_0097,33.5
8.288,6365062,106,39.060255,-8.240769,Braga,88.18,2023-06-28 02:36:26,user_0170,10.1
6.6788,5546686,83,39.539546,-8.775051,Faro,194.13,2024-04-23 22:08:10,user_0186,15.5
13.3268,3526185,107,38.265194,-9.370931,Faro,192.93,2023-01-05 01:08:42,user_0010,12.0
5.3286,4145466,84,41.442474,-7.838979,Leiria,199.09,2024-07-02 04:53:51,user_0063,32.4
1.8443,2593050,124,39.222668,-7.547445,Coimbra,139.57,2024-07-16 03:12:33,user_0103,33.0
2.2306,3113534,82,39.020778,-6.45019,Faro,75.84,2023-03-19 19:24:33,user_0199,14.0
11.4465,3600957,164,41.148765,-6.500884,Leiria,183.22,2023-11-07 08:33:40,user_0061,5.1
9.3114,6453859,124,38.459892,-8.05607,Coimbra,80.32,2023-05-09 09:32:04,user_0001,19.8
1.6067,9468740,122,40.987327,-8.059835,Braga,81.78,2024-11-30 07:33:54,user_0154,29.0
1.3532,8905808,127,37.511364,-8.952182,Évora,87.08,2024-01-14 02:37:11,user_0005,26.8
10.5444,5124524,58,37.813943,-8.624673,Évora,151.48,2023-02-06 15:49:33,user_0035,20.6
1.1842,4377987,97,41.654208,-6.352744,Aveiro,75.01,2023-07-01 21:57:13,user_0125,15.6
12.3457,3839973,116,41.112237,-9.020478,Coimbra,168.96,2024-09-11 06:51:10,user_0141,21.6
10.623,1363864,168,38.839495,-6.206422,Coimbra,68.16,2023-11-30 05:12:40,user_0027,5.5
1.3121,7536324,182,40.092282,-7.783889,Leiria,75.46,2024-08-08 00:49:07,user_0140,7.6
1.3641,9617611,168,41.614851,-7.947537,Viseu,120.83,2024-05-02 07:57:42,user_0094,10.7
14.8009,5421251,135,37.959295,-8.90623,Évora,113.08,2024-12-22 03:52:32,user_0050,26.9
5.6766,7228119,155,37.195052,-7.25076,Braga,198.56,2024-03-10 16:19:28,user_0187,12.7
5.6226,1960220,125,39.58734,-7.936525,Leiria,195.36,2024-11-24 12:41:38,user_0159,19.8
12.2107,3000264,89,37.612984,-8.239746,Faro,86.56,2024-10-12 17:46:55,user_0069,26.7
14.214,9160899,68,37.836595,-8.600645,Coimbra,192.53,2024-03-23 05:40:07,user_0165,34.1
14.7914,3514674,96,41.357696,-9.273945,Lisboa,156.92,2024-06-09 01:40:47,user_0002,24.2
11.3253,9422487,114,36.937017,-7.734284,Leiria,117.24,2024-01-04 11:42:48,user_0102,11.2
5.7063,3073961,195,40.9841,-8.436112,Setúbal,163.55,2024-08-29 07:34:18,user_0199,38.3
1.3442,8606776,79,39.484754,-7.093258,Porto,186.02,2024-02-04 22:42:59,user_0193,8.2
11.6795,148178,175,39.696472,-7.040024,Évora,85.22,2024-10-16 23:05:09,user_0003,17.8
8.4202,8446731,115,40.25884,-8.370836,Braga,87.44,2024-06-26 20:50:36,user_0148,37.2
6.4209,2208977,54,39.057225,-7.22499,Setúbal,117.22,2023-12-13 12:17:46,user_0130,26.1
13.6047,1217309,142,37.478059,-8.620504,Aveiro,83.69,2023-07-09 05:02:09,user_0042,28.2
1.7568,3370698,146,37.414101,-7.027609,Braga,110.46,2023-06-30 11:38:24,user_0043,15.6
7.4401,8344854,143,40.671811,-9.445338,Faro,150.4,2024-04-10 11:49:42,user_0021,7.7
0.2692,7315664,155,38.005176,-8.98453,Setúbal,173.79,2024-07-13 01:03:20,user_0045,17.8
7.083,5132928,182,37.040508,-8.666971,Lisboa,102.27,2024-01-16 13:10:21,user_0020,19.1
0.9389,6874399,134,41.798069,-6.872019,Viseu,99.44,2024-04-02 12:37:57,user_0171,14.5
1.8704,9103611,107,41.801958,-9.274321,Évora,169.16,2023-07-20 10:56:50,user_0178,12.5
1.8511,5860616,128,38.790707,-8.860606,Coimbra,113.34,2023-02-26 13:30:30,user_0043,17.4
9.7732,2275598,57,37.027619,-8.280678,Viseu,174.59,2023-07-28 13:57:25,user_0024,27.4
11.2161,4892571,61,40.536323,-9.468805,Évora,199.07,2023-07-18 08:26:55,user_0082,38.2
8.7922,4491260,198,41.05506,-6.908789,Évora,197.15,2023-08-22 09:18:41,user_0084,29.6
14.4364,9224610,143,37.525068,-7.595642,Faro,152.78,2024-01-30 07:28:00,user_0060,32.3
5.6856,9750229,140,37.577293,-6.43769,Aveiro,112.53,2023-04-12 00:18:48,user_0032,15.7
4.3571,9559250,82,41.01112,-9.394494,Aveiro,69.17,2023-06-18 19:42:04,user_0122,8.7
13.0421,8779116,149,41.509537,-8.577272,Faro,163.33,2024-05-21 14:00:02,user_0005,15.2
3.4316,5948491,64,40.853774,-7.013744,Faro,196.92,2024-05-30 16:27:48,user_0130,19.1
14.452,36160,163,37.903725,-7.204492,Évora,69.52,2023-02-16 21:17:22,user_0154,29.1
0.2811,19156,178,38.957606,-8.673605,Setúbal,60.86,2023-10-25 13:08:27,user_0025,37.9
14.5512,7416240,60,39.904212,-7.474662,Coimbra,176.45,2024-02-01 02:32:49,user_0178,33.3
0.7431,2570348,104,37.701467,-6.801224,Porto,74.32,2023-10-31 12:21:52,user_0086,14.3
13.378,2562688,51,37.953012,-9.386506,Aveiro,71.43,2023-05-31 23:44:18,user_0167,33.7
7.9627,6964745,114,38.31443,-7.060063,Braga,187.45,2023-11-03 16:54:51,user_0086,19.4
14.8952,5474106,65,39.447566,-8.64287,Porto,71.14,2024-10-22 12:46:12,user_0075,11.1
1.1996,7795807,199,39.454024,-6.277306,Viseu,75.96,2024-03-02 09:04:16,user_0011,21.1
8.3524,4914005,155,40.971473,-7.670051,Évora,139.74,2024-05-22 17:33:45,user_0191,24.7
14.5426,881809,195,40.665051,-9.386487,Viseu,165.95,2024-09-17 09:56:42,user_0068,31.7
7.8942,4499311,79,41.468678,-8.128336,Setúbal,115.94,2024-07-12 21:13:01,user_0097,17.2
9.478,9125805,59,41.064509,-6.21454,Aveiro,118.88,2023-10-05 16:16:32,user_0146,10.1
10.4667,6356895,111,38.169388,-7.016732,Setúbal,148.57,2023-01-05 07:17:57,user_0108,8.3
6.8727,3808282,134,38.556484,-8.478371,Évora,130.76,2023-09-14 18:48:51,user_0122,8.9
9.4506,645649,183,39.402116,-7.544091,Porto,62.61,2024-07-04 00:53:03,user_0156,38.3
8.8063,8601594,116,36.971356,-7.463055,Viseu,75.9,2024-09-15 00:24:29,user_0042,38.3
13.5273,6125488,90,41.41951,-9.420616,Porto,141.42,2024-11-27 00:05:58,user_0060,38.9
0.7772,8418385,67,37.121721,-8.891967,Setúbal,171.11,2023-11-02 21:15:10,user_0150,15.6
4.2864,3402155,107,38.512206,-7.623958,Leiria,166.83,2024-06-29 16:28:28,user_0168,11.7
14.2611,3827271,109,39.745874,-8.130641,Braga,163.61,2024-02-03 16:14:17,user_0062,39.3
13.3649,4614965,137,39.489207,-8.853871,Viseu,167.98,2024-03-16 08:59:07,user_0131,39.6
6.8893,198110,76,40.172299,-6.872926,Aveiro,66.22,2023-06-10 23:50:16,user_0071,7.7
9.34,4079430,117,39.537601,-7.837417,Faro,185.31,2023-06-10 04:16:01,user_0191,31.3
4.233,8803235,71,38.045007,-8.446091,Setúbal,184.5,2023-11-15 03:50:46,user_0121,15.1
2.903,3732517,89,37.905391,-8.950297,Setúbal,134.47,2023-01-22 04:30:53,user_0020,36.8
7.0091,3291066,158,41.436235,-7.422045,Viseu,94.8,2023-09-03 08:59:22,user_0199,8.1
5.3649,7764461,123,38.219834,-7.234712,Braga,142.9,2024-05-10 18:33:56,user_0071,36.1
8.7965,8119550,115,38.304886,-7.223369,Faro,138.1,2023-10-23 03:37:40,user_0154,5.1
1.2582,8336562,55,38.964764,-8.751023,Lisboa,91.21,2023-05-01 11:35:01,user_0169,23.3
14.6185,4753954,161,37.597192,-7.475849,Porto,144.44,2023-12-08 04:40:31,user_0131,16.7
14.7945,6605188,67,39.436364,-6.421618,Viseu,171.62,2023-04-04 04:02:20,user_0171,20.0
10.5026,9606541,130,40.225159,-8.299162,Braga,172.85,2024-03-30 05:56:31,user_0145,20.2
8.0878,1699547,151,40.830002,-8.783392,Coimbra,68.36,2023-01-20 16:27:08,user_0084,27.9
4.712,4400131,159,40.457271,-6.874692,Leiria,87.6,2023-10-15 15:14:05,user_0098,5.8
12.2255,6494374,79,37.63818,-8.898598,Lisboa,153.55,2024-02-17 00:08:51,user_0181,29.2
10.3025,7638483,171,39.180336,-8.637254,Braga,180.38,2023-01-20 18:49:40,user_0180,5.8
2.523,8731032,198,37.092931,-9.157809,Braga,132.97,2024-04-14 04:58:25,user_0161,11.5
13.6728,9850267,111,36.98899,-8.589227,Setúbal,159.05,2023-04-10 01:27:18,user_0060,26.2
12.3558,2940107,187,39.100652,-8.104861,Faro,62.95,2023-12-04 00:57:24,user_0068,8.0
14.252,2050241,169,38.164802,-9.281863,Braga,145.18,2023-02-06 16:59:12,user_0184,39.7
10.9132,4934349,156,40.316804,-6.53619,Coimbra,194.67,2023-10-04 17:53:58,user_0105,32.5
9.2399,1156245,190,40.521204,-7.753506,Évora,152.54,2023-06-04 12:17:17,user_0192,29.7
6.3318,4926622,125,41.377019,-7.500448,Braga,189.12,2023-08-27 14:20:18,user_0136,14.4
13.9977,158998,58,40.703413,-8.237628,Leiria,139.24,2024-07-09 16:44:40,user_0197,6.7
13.0044,9011603,88,37.141221,-7.22256,Aveiro,178.07,2023-10-04 18:17:28,user_0161,39.3
0.7738,3762853,73,38.758115,-8.031942,Porto,77.38,2024-07-02 23:12:43,user_0153,10.2
0.4929,4050230,174,38.265117,-6.911533,Faro,77.29,2024-08-30 07:18:48,user_0199,34.1
5.7093,6184398,167,38.830662,-6.707233,Coimbra,76.83,2023-07-04 03:47:50,user_0111,11.9
12.1772,9664728,83,37.700378,-7.215713,Faro,128.44,2023-03-01 18:59:49,user_0135,18.1
14.8104,8206336,110,37.388521,-7.829459,Braga,106.24,2023-01-15 03:35:42,user_0059,29.3
2.3412,5170310,182,39.504923,-6.840284,Viseu,160.69,2024-01-29 18:37:18,user_0033,38.1
8.9525,4461918,128,40.501907,-7.81943,Lisboa,186.37,2024-12-30 22:23:06,user_0041,5.7
5.7753,1808516,99,40.409555,-9.120866,Aveiro,146.71,2023-09-13 11:18:18,user_0161,14.1
14.5517,956011,181,39.154722,-9.104443,Leiria,89.85,2024-04-19 14:31:28,user_0029,31.8
12.6476,3657905,100,39.511395,-6.274817,Aveiro,190.32,2024-07-24 07:12:10,user_0167,11.1
12.5911,3761509,101,39.481644,-8.773886,Coimbra,133.9,2024-04-20 18:44:29,user_0185,8.9
7.0835,9181563,171,40.357852,-6.725855,Porto,160.79,2024-07-04 14:09:56,user_0105,6.6
6.2808,9655179,57,37.139626,-8.661202,Coimbra,184.67,2024-11-24 05:11:51,user_0101,22.6
4.1738,4110993,162,40.449481,-8.035348,Leiria,198.58,2023-05-26 12:47:56,user_0064,31.9
0.94,8681921,94,39.811005,-7.273176,Viseu,130.85,2023-01-15 21:03:28,user_0086,38.7
12.9844,9991133,137,37.890544,-8.959852,Leiria,173.13,2023-04-22 05:44:19,user_0066,14.4
12.2122,1717355,77,37.145294,-6.993362,Faro,139.36,2023-04-03 03:23:29,user_0114,9.2
14.9958,5048336,168,37.442639,-7.154296,Faro,128.1,2024-05-03 16:55:08,user_0122,19.1
14.9499,6848829,156,39.523457,-7.653518,Viseu,135.28,2024-02-16 16:44:49,user_0009,6.9
8.3759,4900318,76,40.692043,-7.575975,Braga,127.8,2023-06-09 02:44:19,user_0029,16.6
11.5579,9836530,130,38.573286,-9.140376,Setúbal,118.94,2024-05-25 14:37:34,user_0097,27.5
14.177,7970043,150,38.79562,-8.017773,Évora,161.32,2024-07-13 20:03:16,user_0074,10.9
12.7597,8521722,111,41.570732,-9.205657,Viseu,94.95,2023-05-03 11:39:56,user_0124,27.1
3.7855,4685942,111,37.965065,-8.453265,Leiria,146.29,2024-03-19 06:58:33,user_0156,39.0
6.8131,6849221,75,37.418747,-6.438939,Évora,159.81,2024-06-29 23:39:26,user_0110,35.2
2.0245,9072684,170,38.617051,-7.546586,Braga,184.89,2023-03-25 14:36:57,user_0053,17.5
14.3154,5583161,73,40.629611,-6.974808,Évora,106.46,2024-08-21 02:09:23,user_0174,19.8
9.132,3968178,88,40.030386,-7.548788,Lisboa,180.48,2024-12-05 05:54:28,user_0167,19.7
3.5068,139133,173,38.978977,-8.839595,Porto,192.34,2023-03-20 21:53:24,user_0076,35.1
10.1083,3809697,70,41.723763,-7.477652,Coimbra,150.82,2023-01-19 17:53:09,user_0058,39.8
9.3101,7637547,143,40.574982,-6.931681,Évora,168.0,2023-08-16 17:29:27,user_0182,33.9
5.4366,9851205,164,37.209307,-9.029423,Leiria,116.8,2024-05-09 11:07:28,user_0134,24.5
1.792,270001,170,40.623157,-6.722517,Faro,193.3,2024-11-30 11:11:17,user_0045,8.4
10.1064,4617631,62,37.020193,-7.611667,Aveiro,153.92,2023-10-17 13:23:08,user_0168,38.4
7.8526,1399298,180,40.151617,-9.485464,Évora,103.42,2024-06-05 23:03:27,user_0151,35.1
11.6075,4147413,68,37.952414,-7.732753,Faro,116.6,2023-02-25 11:27:29,user_0117,34.4
7.8504,5857109,191,40.382211,-8.154717,Braga,146.49,2024-05-19 03:33:52,user_0122,18.7
12.7975,782409,130,38.448898,-8.492082,Braga,92.78,2024-04-02 21:17:12,user_0170,20.7
8.3234,7876146,172,41.265032,-6.877725,Setúbal,165.55,2023-03-16 09:18:39,user_0166,9.2
8.458,713391,117,38.584569,-6.4417,Viseu,91.46,2024-07-17 21:51:54,user_0144,37.8
13.1621,5755536,68,39.998479,-6.906979,Coimbra,142.85,2024-09-12 17:08:15,user_0074,38.0
6.1119,337164,113,38.329638,-6.620973,Braga,157.58,2024-03-14 07:12:41,user_0175,13.9
2.0968,7869815,150,41.486108,-6.410145,Coimbra,180.36,2023-03-30 08:53:05,user_0149,29.4
0.5289,2763779,115,40.80498,-6.39706,Braga,162.75,2024-12-19 04:57:10,user_0074,12.1
11.3515,2858214,115,38.116514,-9.11023,Viseu,171.84,2024-07-25 07:46:16,user_0149,18.8
9.3426,2234967,124,41.643984,-7.948289,Setúbal,187.81,2023-09-11 11:00:35,user_0025,15.6
10.5908,2020880,94,38.685788,-9.499026,Évora,143.69,2023-11-09 17:10:58,user_0124,18.6
3.2732,6919219,136,40.159325,-7.778027,Coimbra,178.48,2023-09-28 12:24:06,user_0061,15.8
2.1319,4243780,116,40.614266,-6.357571,Braga,92.46,2024-01-05 08:25:58,user_0098,17.1
0.3167,3893193,52,37.014511,-8.823052,Braga,174.06,2023-09-07 02:22:12,user_0054,32.7
5.3238,5681868,73,41.694837,-7.324725,Braga,91.04,2024-09-12 04:33:53,user_0060,15.5
8.8898,1255959,137,38.622207,-7.309111,Leiria,190.85,2024-08-23 07:14:15,user_0170,33.5
5.9444,2113687,66,37.848894,-8.954796,Braga,106.2,2023-03-19 01:02:27,user_0189,24.9
6.6184,6620090,89,41.153539,-8.689007,Braga,84.06,2024-12-02 08:59:53,user_0032,32.3
13.572,1619426,55,40.414496,-7.929126,Aveiro,80.74,2024-04-08 23:27:03,user_0053,37.2
5.289,7005351,198,37.333716,-8.860088,Coimbra,86.22,2024-08-27 22:57:07,user_0172,9.8
7.7584,7570095,168,37.485223,-7.51102,Évora,122.66,2024-05-31 08:02:50,user_0139,17.0
11.7764,2138421,169,40.475959,-7.852558,Braga,133.1,2023-11-14 21:44:05,user_0118,6.9
6.0085,5023198,84,37.273916,-7.734726,Aveiro,187.93,2024-06-19 16:05:37,user_0047,19.2
9.3691,9309239,162,41.485877,-9.04281,Braga,113.34,2024-12-05 19:05:59,user_0090,13.3
12.9492,8673899,78,40.607701,-7.741344,Faro,90.45,2023-07-17 03:50:36,user_0060,25.0
14.2479,1649959,56,38.577461,-9.331774,Lisboa,164.13,2024-08-12 23:39:01,user_0036,32.4
2.2914,7059916,102,38.714694,-6.50278,Faro,78.85,2024-01-28 20:47:21,user_0188,22.0
13.9062,2188077,72,39.43248,-8.332951,Setúbal,184.92,2023-12-19 22:52:34,user_0161,16.7
7.4325,4784973,146,38.704847,-6.588453,Évora,117.32,2023-11-14 23:15:54,user_0042,10.3
3.9478,3769484,185,40.817343,-7.114368,Porto,145.94,2024-06-17 15:34:45,user_0013,5.9
6.9411,1290906,125,41.773685,-6.895013,Porto,86.07,2023-07-15 22:17:23,user_0142,28.7
14.7025,1435367,59,39.822608,-8.430549,Leiria,80.37,2024-09-13 18:00:52,user_0186,6.1
7.44,8312048,166,39.130187,-8.725671,Viseu,171.84,2024-08-29 10:24:26,user_0115,37.2
4.9984,9929058,73,38.013871,-8.117082,Lisboa,120.16,2023-03-05 06:20:02,user_0101,25.8
9.5377,3246849,88,40.167167,-9.417632,Porto,198.14,2024-10-05 14:10:42,user_0122,17.4
3.6782,8654584,115,40.327884,-6.376231,Porto,133.4,2023-06-28 00:29:14,user_0168,6.5
1.2304,1605196,55,40.325953,-8.184151,Viseu,178.39,2023-12-06 05:41:32,user_0065,19.5
2.0203,5387059,70,37.034925,-6.138908,Évora,197.19,2024-03-21 13:00:41,user_0133,35.4
2.0079,1045851,122,41.395611,-6.911072,Setúbal,99.36,2023-10-04 15:53:33,user_0158,38.9
2.3634,8466602,123,38.590533,-9.226249,Leiria,172.12,2023-01-21 22:49:26,user_0117,8.0
2.1685,2664921,85,40.620829,-7.25536,Évora,63.08,2024-09-13 04:41:37,user_0173,32.2
9.649,1434730,180,40.699035,-8.579147,Braga,155.17,2023-05-13 17:50:03,user_0101,14.0
2.81,4071650,93,40.152775,-8.671357,Braga,164.33,2023-06-04 20:20:23,user_0186,18.3
5.2504,4354489,140,38.874333,-8.627687,Lisboa,126.83,2024-08-05 10:01:22,user_0039,24.2
13.4621,1958615,109,39.941921,-6.385345,Aveiro,82.69,2023-09-06 10:44:11,user_0140,39.8
7.162,6502483,142,37.100993,-7.800067,Lisboa,146.34,2024-10-04 15:12:21,user_0162,12.3
10.0466,978534,132,40.709479,-7.223799,Porto,185.65,2024-05-26 20:44:21,user_0109,9.6
2.6676,7701516,132,37.397943,-8.544777,Évora,190.38,2023-07-21 16:13:31,user_0014,25.8
2.9651,9284276,126,38.883755,-7.721955,Lisboa,164.45,2023-01-08 09:50:51,user_0166,34.9
0.7089,1318155,75,37.418094,-8.30966,Coimbra,96.92,2024-11-23 02:03:22,user_0144,27.7
2.6171,984588,70,41.085372,-8.408127,Leiria,181.85,2023-03-04 11:56:20,user_0106,17.2
4.251,4449399,169,39.651512,-8.660306,Aveiro,184.44,2024-06-09 15:42:29,user_0189,39.2
2.7375,4002761,179,40.354776,-8.109377,Aveiro,111.41,2023-12-23 15:53:01,user_0187,39.8
1.4217,481632,157,40.312911,-7.255898,Braga,85.62,2024-07-07 11:02:41,user_0075,32.0
1.8975,9698360,76,41.108031,-8.745051,Faro,182.45,2024-05-19 03:28:32,user_0079,33.1
6.9656,7723047,120,37.562847,-6.21749,Coimbra,183.91,2024-04-16 12:13:07,user_0112,31.6
3.1744,6541173,197,40.198641,-9.07632,Aveiro,74.13,2023-12-25 07:11:23,user_0067,14.0
5.5276,7998799,99,39.77567,-7.867295,Évora,195.38,2024-08-01 20:11:01,user_0139,10.3
7.6009,5275820,144,37.054486,-9.210904,Évora,134.63,2023-03-09 22:17:40,user_0011,24.4
10.3869,8918562,72,37.907115,-9.422938,Viseu,199.12,2023-06-11 18:22:08,user_0016,38.4
0.6858,7639298,190,38.237858,-6.362897,Viseu,122.3,2024-05-20 00:06:39,user_0166,35.7
12.0112,7496196,130,37.262782,-6.744692,Évora,134.66,2023-08-12 12:43:46,user_0158,8.7
9.4557,5104138,181,38.673599,-7.139872,Lisboa,97.25,2024-02-29 12:51:13,user_0169,7.0
1.3182,9800518,191,37.036013,-6.558351,Évora,185.85,2023-12-12 11:31:25,user_0001,35.6
13.1163,9799796,69,39.665917,-6.770315,Coimbra,122.12,2024-01-23 13:45:08,user_0124,26.5
13.821,26505,173,37.957505,-7.299392,Braga,174.05,2023-11-07 14:49:36,user_0038,15.7
1.0101,1650375,62,38.335016,-6.619036,Faro,71.16,2024-06-28 12:47:19,user_0114,24.7
4.2255,212204,52,41.452358,-8.171278,Porto,170.35,2023-08-30 11:27:48,user_0098,12.8
12.1124,7050305,180,39.414084,-7.620644,Aveiro,128.63,2024-05-28 02:01:06,user_0060,38.1
11.2491,8916776,178,38.24507,-6.860544,Leiria,60.76,2023-07-17 18:27:20,user_0019,34.0
2.8494,973215,139,39.892309,-9.211687,Faro,91.68,2023-07-03 12:35:32,user_0124,38.7
3.2193,567827,84,37.908357,-6.580605,Braga,87.12,2023-03-30 01:53:27,user_0187,11.5
5.62,8325857,63,37.271978,-8.966776,Viseu,165.25,2023-05-21 14:04:36,user_0100,34.5
7.3194,1267633,190,37.004532,-6.56056,Évora,126.81,2023-03-29 06:35:56,user_0068,24.6
9.312,3684815,99,41.657645,-8.441468,Lisboa,82.36,2024-01-27 04:20:12,user_0138,16.4
5.5968,2026182,127,40.523054,-8.388938,Viseu,95.95,2024-07-10 09:33:43,user_0017,21.8
6.9918,4638246,52,40.899741,-9.248574,Braga,130.57,2023-05-16 03:49:30,user_0080,38.1
11.2373,8437392,89,41.804589,-6.487941,Leiria,62.75,2023-06-07 23:03:32,user_0085,29.2
0.6466,8377900,100,41.558144,-8.906665,Porto,119.38,2023-12-20 11:09:33,user_0092,17.6
3.8613,2210186,50,40.584566,-7.35783,Leiria,154.93,2024-06-12 22:43:45,user_0200,40.0
10.7289,2531196,153,40.369935,-7.31051,Lisboa,132.49,2024-12-13 22:09:18,user_0029,17.1
13.4386,3200090,184,38.58425,-8.544085,Coimbra,143.73,2024-01-18 23:38:16,user_0134,33.5
7.724,53997,166,37.420086,-6.148753,Viseu,105.73,2023-07-26 14:08:14,user_0194,32.5
8.0285,4375717,165,39.768613,-9.281835,Setúbal,85.63,2023-03-15 09:13:02,user_0119,30.3
1.6969,5607423,101,39.781266,-7.433235,Évora,173.36,2023-05-22 16:56:23,user_0122,28.4
6.7664,9189589,169,41.661186,-7.869551,Braga,186.79,2023-06-16 01:30:18,user_0111,8.8
8.036,2940504,188,39.112854,-8.665354,Leiria,131.5,2023-05-11 23:48:57,user_0191,39.8
3.7128,4934990,191,40.354038,-8.943924,Coimbra,102.71,2023-01-11 07:52:45,user_0159,10.6
4.1117,9850716,135,39.774853,-6.993913,Faro,131.57,2024-01-25 22:02:48,user_0153,25.9
5.7215,8057907,95,37.783801,-6.384529,Aveiro,183.06,2023-07-20 05:56:04,user_0087,13.7
0.3991,5721877,125,39.860322,-9.134343,Braga,156.8,2024-12-12 05:38:49,user_0149,10.9
4.899,8959601,59,39.600584,-8.840467,Aveiro,180.21,2024-02-08 22:50:56,user_0016,24.6
3.2506,5856494,110,39.36953,-6.146683,Lisboa,105.97,2024-05-24 02:45:09,user_0132,34.3
4.9797,7760004,67,39.467115,-9.448923,Aveiro,159.68,2023-04-03 04:25:00,user_0107,18.2
1.8845,9639077,135,37.71994,-7.771943,Viseu,151.43,2024-09-25 23:26:24,user_0174,7.7
13.3689,6102493,186,39.217389,-7.745216,Aveiro,140.03,2023-12-25 08:11:41,user_0008,26.8
8.9445,2593449,194,39.928266,-8.605251,Setúbal,133.95,2024-09-29 02:02:59,user_0134,31.8
10.2186,9977466,177,39.347246,-7.245702,Faro,137.14,2024-02-24 01:36:18,user_0125,15.4
11.8587,1018543,153,39.343431,-6.287201,Leiria,178.95,2023-12-09 15:50:04,user_0128,29.2
7.5268,8773713,190,37.287589,-7.969273,Setúbal,188.24,2023-11-18 13:00:48,user_0053,7.7
1.3951,6774870,150,37.853871,-6.951974,Lisboa,75.8,2023-05-15 14:03:05,user_0119,17.6
8.1029,7104527,55,38.504863,-7.303361,Setúbal,139.63,2023-02-07 12:07:12,user_0192,21.6
8.8439,4227234,134,38.996735,-7.891998,Lisboa,188.58,2024-11-17 23:26:03,user_0091,32.4
11.207,1121889,100,39.869687,-9.330638,Setúbal,78.86,2023-12-15 17:48:55,user_0179,16.8
6.5317,9137819,85,41.216726,-6.978051,Braga,117.8,2024-08-23 03:27:57,user_0063,20.9
2.0009,3258881,120,37.695824,-8.264945,Setúbal,72.47,2023-10-20 12:23:39,user_0134,27.0
4.3283,3631453,149,36.97544,-8.736718,Setúbal,75.89,2023-02-24 01:55:10,user_0190,26.8
5.5099,6524367,74,39.146186,-6.275887,Lisboa,186.58,2024-04-04 11:53:19,user_0107,23.1
9.7242,5338938,188,39.060514,-6.870091,Leiria,122.47,2023-02-09 03:13:51,user_0161,16.5
8.6046,2185028,93,39.659506,-6.228286,Aveiro,156.42,2023-04-19 21:56:30,user_0002,28.4
5.4058,4803958,63,41.066109,-8.628862,Porto,79.45,2024-02-15 20:56:59,user_0169,34.3
14.7991,8926299,78,40.911803,-6.658303,Porto,63.07,2023-08-10 19:11:53,user_0016,10.4
9.126,3487924,123,37.400216,-7.433747,Faro,184.67,2024-12-26 13:26:43,user_0102,16.9
3.6347,772838,99,41.569977,-6.162887,Viseu,140.44,2023-03-28 11:16:16,user_0119,28.4
1.6166,261420,54,37.452072,-6.282522,Porto,62.8,2024-07-12 01:02:56,user_0059,31.5
2.3776,477843,159,40.072853,-6.191909,Lisboa,198.93,2024-03-18 14:41:06,user_0009,32.4
3.7648,4529943,171,40.262031,-6.26399,Porto,128.91,2024-07-31 05:46:45,user_0197,27.9
2.4942,4552538,137,40.299387,-9.473953,Faro,126.62,2023-06-14 18:02:19,user_0117,21.7
2.8798,1825260,106,38.226756,-6.98031,Viseu,146.93,2024-01-17 11:28:14,user_0010,27.6
4.3479,4775833,75,38.551725,-8.575422,Évora,61.11,2023-11-25 21:00:48,user_0094,9.7
2.6833,4187694,55,39.643384,-7.102908,Faro,139.68,2023-11-20 04:28:19,user_0007,12.3
13.4618,9601588,193,37.897937,-6.165922,Lisboa,148.13,2024-09-19 22:07:11,user_0093,37.5
1.2955,3099834,109,37.001552,-9.366178,Évora,101.57,2024-12-23 17:20:51,user_0194,37.3
7.9152,9644581,149,39.710722,-7.572241,Setúbal,161.76,2023-08-11 22:15:42,user_0148,30.3
6.2149,6771158,61,39.226393,-7.001159,Évora,112.84,2024-03-29 08:23:55,user_0123,16.4
14.7374,3564507,124,40.183656,-8.63858,Porto,160.49,2024-03-21 00:44:00,user_0063,27.7
1.7694,4299489,52,37.633503,-8.734585,Faro,80.14,2024-06-24 06:21:52,user_0004,29.1
6.028,3182132,112,41.104624,-9.294825,Aveiro,187.92,2024-11-22 17:46:49,user_0028,23.0
14.5451,3440863,183,37.631107,-9.180672,Évora,183.12,2023-06-01 16:26:38,user_0072,31.2
12.9961,7986322,68,41.356718,-7.26705,Setúbal,81.09,2023-06-04 01:09:41,user_0163,6.0
12.2744,6637448,67,39.147606,-7.782284,Setúbal,191.38,2024-04-27 02:42:03,user_0130,14.0
3.9428,7135580,129,39.649026,-9.397754,Lisboa,138.09,2023-04-25 15:38:24,user_0169,32.8
2.6462,4802738,122,41.382907,-6.20315,Lisboa,158.23,2023-05-07 21:12:48,user_0156,37.9
10.0628,6779651,180,38.399565,-7.269444,Évora,177.64,2023-02-24 19:08:11,user_0075,35.7
13.9477,7871490,175,37.809135,-7.747407,Braga,71.7,2023-01-02 22:52:43,user_0073,30.1
8.3958,144375,121,39.128758,-8.572738,Setúbal,83.7,2023-11-25 20:49:29,user_0102,10.8
8.617,7673919,87,38.121836,-7.262464,Faro,100.65,2024-03-09 11:34:19,user_0129,17.9
4.2717,5713948,117,39.53922,-8.261829,Braga,126.81,2023-08-01 14:51:45,user_0155,6.8
11.5654,4229491,129,38.276289,-7.11152,Setúbal,108.45,2023-06-18 23:27:49,user_0067,27.4
2.887,8060426,91,41.222448,-7.179255,Braga,130.82,2024-05-31 01:51:58,user_0167,20.7
4.9228,5183584,113,39.936623,-9.184671,Aveiro,86.03,2024-05-28 04:20:31,user_0168,25.1
6.439,9045861,127,36.901203,-6.408514,Évora,155.5,2023-11-28 10:37:43,user_0028,39.3
7.6634,5911993,176,40.927369,-7.844288,Leiria,67.8,2024-05-16 18:59:01,user_0092,19.1
3.7119,3183818,154,38.551062,-8.163987,Faro,110.6,2024-11-05 10:55:17,user_0152,15.7
1.8111,1518560,125,38.50104,-6.251429,Lisboa,85.06,2024-07-29 02:44:49,user_0082,10.3
9.1982,1894420,181,38.815314,-8.010088,Viseu,162.19,2024-04-01 07:00:58,user_0051,10.0
4.4006,7069222,179,40.051313,-7.047849,Aveiro,183.71,2024-04-27 15:55:36,user_0056,23.2
8.7604,7658206,171,39.110304,-7.272536,Porto,71.03,2024-11-12 13:52:17,user_0073,31.2
2.4,541797,93,40.043178,-8.938524,Setúbal,169.91,2023-11-07 08:26:04,user_0026,24.8
7.269,9080897,151,37.633904,-6.130115,Lisboa,185.4,2024-02-02 12:43:58,user_0088,35.6
8.0356,8305827,111,41.750822,-7.923745,Setúbal,196.36,2024-04-17 18:33:37,user_0052,16.1
0.8722,6557642,50,40.548031,-8.157739,Coimbra,141.11,2024-10-25 03:22:06,user_0125,25.8
5.1154,5436526,66,38.151036,-6.373314,Faro,105.83,2024-08-26 10:34:40,user_0006,28.1
2.1028,7639377,65,40.52085,-7.70059,Viseu,105.08,2023-02-22 03:06:01,user_0187,14.8
1.0443,1796218,58,39.775127,-7.102738,Évora,113.06,2023-05-02 02:58:02,user_0117,18.9
14.8504,552226,108,37.445945,-6.622763,Setúbal,145.77,2023-08-13 13:21:32,user_0012,25.7
4.9031,7514782,168,37.790982,-8.699319,Lisboa,128.63,2024-06-30 17:44:21,user_0063,5.7
12.1671,5098907,186,37.106541,-8.923814,Leiria,151.51,2024-02-20 12:30:27,user_0036,36.0
3.8941,8649318,189,40.94619,-9.267077,Setúbal,65.5,2023-07-30 16:27:27,user_0009,8.9
10.2544,9669504,168,39.658524,-6.449747,Setúbal,74.82,2023-04-01 18:40:33,user_0074,6.7
11.4274,7139608,90,38.483743,-8.818752,Leiria,196.72,2024-05-17 17:38:18,user_0067,12.5
8.975,7707690,192,37.531725,-8.453636,Viseu,199.35,2024-05-25 19:20:02,user_0029,22.6
7.1265,7003621,115,39.320229,-8.528256,Faro,164.53,2024-11-19 03:41:15,user_0071,16.5
6.2364,3803074,124,39.526307,-8.464401,Setúbal,95.9,2024-01-01 08:16:21,user_0090,20.4
5.2981,7416510,60,40.409743,-7.228592,Setúbal,193.47,2023-12-27 11:17:32,user_0008,7.9
13.95,9326801,57,41.749686,-6.256014,Évora,89.92,2023-02-28 17:20:28,user_0043,13.2
12.4762,7467133,183,39.074728,-8.379858,Leiria,162.4,2023-01-30 02:21:39,user_0035,8.4
14.4789,9794027,197,38.930171,-8.114,Faro,76.14,2023-11-12 09:08:31,user_0110,13.0
1.952,9931711,148,38.74965,-6.8781,Faro,150.85,2023-08-24 07:04:26,user_0022,29.6
10.9899,3507145,121,41.03462,-8.030051,Coimbra,166.33,2023-07-02 18:26:44,user_0066,25.1
14.0813,1778244,162,37.681586,-6.351455,Viseu,180.35,2023-03-08 16:02:49,user_0102,16.7
2.8004,4782337,156,38.619065,-7.789059,Coimbra,162.8,2024-12-03 04:40:57,user_0149,14.1
1.0908,1180859,83,40.524854,-8.317701,Aveiro,189.29,2024-09-02 05:59:41,user_0094,39.9
11.1427,6733214,106,36.978475,-6.196654,Porto,132.93,2024-02-24 21:29:18,user_0199,31.9
8.6596,1980425,166,38.346904,-8.052342,Viseu,154.84,2024-11-25 01:46:32,user_0095,33.8
12.6432,7441521,169,40.107236,-8.714005,Aveiro,111.74,2024-12-30 16:30:31,user_0169,5.9
2.1826,8077813,196,37.82976,-8.895817,Porto,61.45,2024-05-05 18:22:24,user_0041,7.1
11.9495,7694420,120,38.413553,-6.116383,Lisboa,165.94,2023-07-16 17:49:59,user_0177,29.9
3.1042,9850350,89,39.330225,-6.939842,Viseu,181.78,2023-01-30 08:51:32,user_0004,11.7
2.5385,2941616,191,39.010118,-8.110557,Leiria,84.35,2024-07-06 01:49:47,user_0098,19.9
2.5476,2474370,152,37.430136,-6.690365,Aveiro,64.01,2023-12-10 11:10:27,user_0193,11.4
12.2372,5604297,173,41.591177,-7.640859,Setúbal,83.03,2024-04-20 14:26:46,user_0010,11.2
10.0114,7105924,172,37.121464,-8.420875,Coimbra,185.34,2024-10-30 17:35:42,user_0094,8.8
7.8937,2078937,149,40.648714,-6.972488,Porto,101.37,2023-05-13 11:41:23,user_0067,25.8
5.4466,8915948,186,37.257114,-6.963958,Aveiro,92.72,2024-03-03 06:58:30,user_0138,30.9
13.1703,1355097,107,39.236479,-7.799425,Braga,62.04,2024-04-08 09:25:41,user_0073,7.0
5.9474,2055397,197,37.777056,-9.346462,Viseu,101.59,2023-12-25 23:02:09,user_0145,14.6
12.2673,9636094,158,37.605489,-9.238124,Coimbra,160.19,2023-03-08 14:34:01,user_0195,28.0
6.6431,1079037,170,37.52949,-6.818252,Faro,194.27,2023-09-12 00:16:39,user_0053,18.7
5.7165,4151951,141,39.163933,-6.70018,Coimbra,103.78,2023-09-01 07:33:47,user_0163,29.7
6.9939,3155200,99,39.477425,-7.193815,Aveiro,93.7,2024-05-04 04:44:20,user_0004,31.6
4.5905,855695,197,37.566922,-6.647167,Leiria,184.33,2024-09-18 03:29:01,user_0068,6.1
11.2394,112036,154,41.796979,-7.053743,Lisboa,179.35,2023-08-29 18:09:36,user_0113,18.3
7.5905,3831854,166,38.188829,-6.450422,Porto,105.94,2024-05-21 09:09:45,user_0096,30.5
3.56,889694,76,39.194207,-8.988646,Coimbra,69.63,2023-07-30 09:34:32,user_0102,18.2
13.5037,590348,81,37.981348,-8.181679,Lisboa,198.88,2024-11-20 23:47:26,user_0139,5.2
5.82,9760054,50,39.369613,-7.922023,Setúbal,155.3,2024-08-16 21:40:36,user_0044,16.8
8.1989,7695082,66,40.680083,-8.487943,Faro,189.72,2024-02-06 13:41:33,user_0119,35.5
13.6064,9297729,186,39.50551,-7.033754,Évora,107.86,2023-11-29 00:32:59,user_0188,38.3
9.4011,4066981,133,38.328244,-6.397708,Setúbal,150.68,2023-08-18 14:20:26,user_0198,24.6
1.8418,4467801,94,38.141983,-8.097561,Braga,154.43,2023-08-24 23:45:24,user_0190,15.7
14.1035,2183525,115,40.694672,-6.298757,Faro,182.21,2024-12-09 05:38:11,user_0110,21.3
9.4528,693464,81,37.491191,-7.742986,Braga,199.03,2023-10-23 01:08:49,user_0160,13.3
5.0901,9107338,94,38.749832,-7.723447,Leiria,75.21,2024-01-11 15:43:34,user_0046,10.9
2.1752,1577415,58,37.657414,-7.459254,Porto,148.36,2024-12-22 07:50:55,user_0023,22.3
11.931,4262663,79,38.189879,-8.587674,Setúbal,107.1,2024-04-25 02:12:35,user_0106,30.8
9.3391,3593824,133,37.663416,-8.196574,Leiria,173.63,2024-02-01 02:14:23,user_0165,12.8
8.0486,4668223,109,41.333863,-7.618993,Viseu,165.58,2023-10-29 16:05:50,user_0126,36.8
13.419,8036837,50,40.559521,-6.297258,Évora,184.95,2023-05-17 22:26:46,user_0090,10.9
11.8501,1358356,54,39.704636,-7.314845,Faro,108.12,2023-09-22 02:22:27,user_0098,24.5
2.36,1515719,112,38.022126,-8.367404,Porto,85.83,2024-07-06 04:53:02,user_0075,32.2
4.7447,4141426,114,39.451134,-9.464407,Porto,63.05,2024-04-01 13:09:40,user_0114,12.5
3.8025,9204725,127,39.504166,-6.162337,Coimbra,95.77,2024-07-08 19:02:03,user_0186,15.4
11.1848,837566,181,39.852019,-7.823853,Viseu,111.4,2023-05-29 14:20:25,user_0120,6.8
0.5996,6642516,163,37.200426,-6.309116,Porto,192.45,2024-02-05 22:19:41,user_0085,38.0
8.5914,9545151,74,41.76451,-7.632226,Aveiro,128.79,2024-11-08 04:49:36,user_0043,22.0
11.4606,8483063,184,39.227195,-7.441419,Viseu,137.9,2023-11-16 19:47:38,user_0088,7.3
13.1638,8123155,190,41.532659,-7.079498,Évora,183.22,2024-05-24 17:20:25,user_0143,34.1
5.197,9898247,92,36.949041,-8.408683,Évora,183.91,2023-03-30 15:23:05,user_0195,24.9
12.3367,1223981,106,38.137792,-7.123455,Braga,133.91,2024-12-11 09:31:55,user_0130,6.9
1.7484,2336798,191,37.419978,-7.708908,Évora,75.92,2024-03-20 11:25:53,user_0199,20.8
12.7121,2158344,121,40.748081,-7.213568,Aveiro,97.87,2023-06-24 16:29:29,user_0133,20.2
1.9996,6483214,76,38.500625,-6.658167,Faro,123.96,2023-04-26 14:47:07,user_0181,10.1
6.0196,835165,177,41.102463,-8.873621,Lisboa,165.16,2024-02-07 02:41:57,user_0173,19.7
11.9797,1734428,155,41.061927,-7.413927,Lisboa,159.64,2024-02-08 03:26:40,user_0104,14.9
2.3338,3822069,120,40.238974,-9.322821,Coimbra,149.98,2023-03-10 01:01:30,user_0093,29.5
3.5158,3144787,116,40.228909,-9.152809,Porto,183.23,2024-12-25 08:20:42,user_0041,5.2
10.8616,8346988,139,40.400798,-7.20638,Évora,172.37,2024-10-28 10:31:53,user_0191,8.7
10.8285,2812789,53,40.268819,-9.258812,Braga,197.5,2023-12-03 20:34:01,user_0200,37.2
9.6531,9942357,155,38.834542,-7.475784,Coimbra,184.48,2023-03-27 18:00:24,user_0032,20.2
10.4398,7992726,128,40.314138,-8.751957,Leiria,87.39,2024-08-30 11:08:54,user_0106,11.2
8.1866,8844712,145,41.387035,-8.466112,Porto,68.07,2023-12-30 19:32:19,user_0002,32.8
3.8518,2166503,142,38.562867,-9.059236,Aveiro,118.03,2024-06-07 02:53:24,user_0010,34.8
5.2509,8045391,123,41.624445,-8.654531,Lisboa,146.45,2024-01-07 11:26:15,user_0171,12.4
2.8058,8622693,175,36.967908,-6.707608,Braga,150.03,2023-07-19 14:24:15,user_0119,30.0
13.6359,9146779,65,38.645413,-7.327813,Coimbra,97.45,2024-09-01 08:21:48,user_0171,26.5
8.7925,498095,196,37.560492,-6.270817,Setúbal,180.38,2024-12-16 13:53:09,user_0101,31.1
6.0727,9556340,165,37.533099,-9.334267,Lisboa,106.09,2023-06-27 22:09:55,user_0110,32.6
6.9839,9879032,67,40.977147,-6.805799,Aveiro,188.68,2024-02-07 10:09:50,user_0067,28.1
14.2145,8410184,65,41.491842,-7.123138,Porto,126.02,2023-10-08 00:25:37,user_0023,38.5
2.3849,3330263,179,40.788791,-8.612966,Faro,61.45,2024-11-03 23:07:47,user_0098,35.2
8.8348,7366604,105,41.783079,-7.020833,Setúbal,82.69,2024-01-07 00:22:49,user_0097,13.0
7.6377,3665842,128,37.981645,-7.063735,Aveiro,74.32,2024-10-03 21:47:45,user_0188,37.0
9.2107,2791338,152,37.604,-7.938226,Braga,66.16,2024-09-22 17:45:06,user_0006,17.6
0.3698,3337031,77,39.503519,-7.158625,Leiria,159.96,2023-07-21 15:51:16,user_0013,30.4
13.0946,8234025,54,41.045188,-7.988425,Faro,86.92,2024-07-30 16:54:29,user_0021,34.7
13.9886,3945123,155,37.099195,-8.359145,Aveiro,177.41,2023-10-30 21:47:28,user_0058,20.3
8.5205,4768026,71,41.877828,-7.913931,Coimbra,97.03,2024-11-13 00:01:54,user_0120,6.8
10.4801,4083501,166,39.91123,-6.45656,Leiria,64.53,2024-01-06 15:33:50,user_0156,38.2
13.8452,4836161,149,41.794709,-8.192415,Aveiro,174.89,2024-08-22 00:01:36,user_0120,7.5
10.6379,1780248,62,38.725408,-8.12746,Faro,125.26,2023-07-26 11:20:20,user_0198,17.2
2.3728,6126664,114,39.190119,-7.431429,Braga,143.93,2023-08-06 22:41:54,user_0136,25.9
8.6867,7709824,193,40.661807,-6.939802,Lisboa,107.07,2024-03-04 11:08:56,user_0077,9.1
9.1401,4795817,135,40.863502,-7.002289,Faro,66.45,2024-12-30 04:46:07,user_0098,34.3
6.4195,2180019,113,38.065165,-9.432684,Faro,111.82,2023-12-24 10:29:55,user_0058,12.1
11.073,779957,81,41.549005,-7.162788,Coimbra,132.56,2023-04-19 11:23:30,user_0168,39.5
14.0221,1913980,129,41.237116,-7.968116,Viseu,61.64,2024-01-29 03:55:54,user_0086,37.1
13.891,1507394,100,36.991027,-7.718094,Viseu,140.4,2023-09-09 22:34:17,user_0001,26.2
6.8175,2979845,128,37.542841,-7.590345,Aveiro,185.03,2024-02-07 21:35:35,user_0077,28.1
1.7872,2712188,155,39.380486,-7.012153,Braga,90.5,2024-02-01 16:53:40,user_0193,23.7
14.7741,8642873,112,39.204778,-6.673468,Viseu,189.75,2023-11-29 09:38:15,user_0010,18.7
12.5996,4713797,125,40.441954,-7.302713,Leiria,73.67,2023-08-23 21:32:21,user_0188,17.3
1.9575,910913,109,37.348557,-7.582715,Braga,175.56,2023-05-18 17:11:22,user_0069,36.2
13.8205,2057017,114,40.124277,-8.229185,Coimbra,177.65,2024-05-24 04:10:20,user_0148,25.2
13.0615,653817,166,39.98185,-9.031214,Setúbal,96.09,2024-02-22 09:53:40,user_0062,33.8
7.8307,996433,130,38.068098,-6.240836,Leiria,194.1,2023-06-20 12:00:50,user_0013,23.0
8.91,2581505,154,39.61197,-7.929736,Viseu,118.32,2024-07-20 03:32:21,user_0186,15.7
6.0451,6555851,177,38.011036,-7.574878,Porto,79.78,2023-02-01 20:42:02,user_0165,8.2
0.9159,4108949,120,37.634615,-6.946351,Porto,142.84,2024-06-27 15:14:03,user_0010,16.3
5.0944,6128420,135,39.765675,-9.267404,Porto,199.53,2024-05-29 19:35:32,user_0003,35.8
12.0625,4876691,189,41.787371,-6.592963,Faro,185.9,2024-08-15 07:53:02,user_0162,29.9
0.169,4674071,120,38.084667,-6.790112,Setúbal,99.0,2023-10-09 20:05:59,user_0034,32.5
5.0691,4203887,95,38.676681,-6.866943,Braga,140.78,2024-04-29 11:49:41,user_0158,32.1
6.0327,7138512,96,38.182866,-9.425259,Braga,76.15,2024-08-22 03:29:49,user_0165,9.2
8.1072,9886458,128,38.232299,-7.709836,Porto,124.66,2024-12-16 23:56:01,user_0196,10.6
13.8058,4036480,198,38.920961,-9.315488,Setúbal,133.23,2023-12-28 14:09:28,user_0034,16.1
5.2606,7567476,191,40.409278,-7.627033,Lisboa,104.14,2023-01-28 00:35:00,user_0160,15.5
5.2696,9335411,179,37.094023,-7.057276,Leiria,127.79,2024-01-02 16:08:27,user_0085,7.3
11.0888,3486444,176,41.685621,-9.085709,Viseu,188.79,2024-03-06 19:57:40,user_0058,10.4
6.838,7163357,158,37.131399,-7.137397,Coimbra,130.02,2024-09-26 21:08:58,user_0105,35.0
3.4466,5509165,168,41.306266,-7.971588,Porto,176.34,2024-09-30 03:48:55,user_0152,25.6
6.8413,4873014,150,41.37189,-6.74072,Setúbal,104.43,2023-11-18 10:09:53,user_0009,17.0
2.1988,468298,55,39.522446,-7.685798,Faro,196.0,2024-01-19 22:39:46,user_0041,23.4
2.7282,4330453,175,37.584984,-8.357187,Braga,73.08,2023-11-30 13:22:47,user_0152,14.1
7.5257,570303,152,39.72573,-8.371229,Braga,141.98,2024-06-11 09:12:57,user_0025,25.4
6.342,9377259,86,40.043161,-6.448546,Faro,170.58,2023-10-27 06:49:31,user_0036,7.6
13.7312,5170988,191,41.188795,-7.960237,Coimbra,173.97,2024-04-22 23:46:07,user_0008,36.6
5.4997,3317657,86,39.654477,-8.120437,Faro,87.76,2023-04-23 16:24:30,user_0126,13.4
8.7508,3336640,57,38.953547,-9.36443,Porto,116.23,2023-12-09 17:28:31,user_0114,33.7
9.5207,5000738,126,41.091456,-8.261296,Lisboa,147.39,2024-12-08 12:26:51,user_0105,28.1
0.2951,2660891,190,41.804759,-6.611268,Faro,104.22,2023-09-05 03:35:34,user_0093,23.3
9.9867,6995919,89,40.125516,-6.912642,Lisboa,152.16,2024-05-20 16:11:04,user_0089,37.5
2.7527,4616167,156,41.271935,-8.748895,Braga,113.03,2024-04-19 09:08:17,user_0187,10.5
14.4199,8947727,141,39.893676,-8.095607,Aveiro,109.12,2024-09-13 18:55:40,user_0163,9.2
2.3151,5998544,67,40.34894,-8.831629,Aveiro,75.13,2024-09-14 05:01:12,user_0038,16.3
6.2779,2342094,106,40.340836,-6.255663,Leiria,65.5,2024-09-19 07:40:30,user_0092,34.1
1.3717,2192271,132,40.423935,-7.466399,Lisboa,176.94,2023-10-05 09:45:52,user_0119,6.2
14.9534,2845376,81,38.505067,-6.935194,Coimbra,128.54,2023-08-20 03:54:12,user_0160,13.4
7.5827,3956558,74,39.778307,-7.073051,Setúbal,138.8,2024-06-08 15:55:45,user_0101,19.9
8.9712,5236441,82,39.870678,-6.529456,Évora,112.11,2024-07-08 08:43:10,user_0113,30.0
1.0994,3731570,137,38.475358,-6.272286,Faro,79.14,2024-09-28 20:09:01,user_0179,15.5
11.2744,6342211,153,38.649262,-9.389683,Évora,122.94,2023-01-27 04:57:08,user_0028,20.7
3.2276,9590596,83,40.711234,-6.183976,Viseu,92.05,2023-02-19 22:43:53,user_0184,16.8
13.481,5831052,151,39.813619,-6.540156,Aveiro,177.28,2024-04-05 17:56:27,user_0099,8.2
3.1566,9978954,176,37.646056,-8.197979,Viseu,198.15,2024-11-03 06:40:40,user_0136,30.9
2.9412,7939174,118,41.088185,-6.653965,Setúbal,184.47,2024-12-29 02:54:07,user_0041,21.1
0.6446,3254449,89,41.315571,-6.995703,Coimbra,133.96,2024-06-29 03:20:48,user_0118,33.4
7.1338,8994006,129,39.230706,-6.803411,Lisboa,147.94,2023-11-13 19:10:48,user_0023,29.3
8.5161,4307910,190,37.944537,-8.74965,Faro,192.74,2023-03-13 20:43:24,user_0182,7.0
1.0791,9976122,80,41.638032,-7.294883,Viseu,135.42,2024-04-07 15:15:43,user_0023,22.5
11.6554,3322918,165,41.311348,-9.411852,Viseu,149.4,2024-09-28 23:35:17,user_0032,39.7
6.854,5271810,112,38.121909,-6.616021,Viseu,148.09,2023-11-20 21:14:53,user_0138,15.8
7.9134,4935371,97,37.377969,-6.266454,Coimbra,159.14,2024-05-21 14:54:01,user_0081,22.3
6.6674,260102,136,39.103268,-7.24878,Faro,149.64,2024-10-21 11:59:22,user_0163,27.8
6.0714,5516825,97,40.281985,-7.756923,Coimbra,153.9,2023-02-03 13:45:42,user_0099,12.1
8.4386,5818528,110,37.776943,-7.032514,Leiria,161.63,2024-08-04 04:26:00,user_0063,29.6
2.4131,8214372,189,39.466063,-8.390372,Braga,173.27,2023-08-03 03:48:12,user_0195,28.1
2.8107,8536239,127,39.027077,-7.370281,Braga,116.43,2023-10-01 15:12:57,user_0036,18.1
12.9406,1343054,67,41.352756,-7.055492,Viseu,164.42,2023-04-17 06:22:58,user_0093,15.0
14.1971,3159016,77,39.047833,-9.014885,Évora,74.03,2024-01-23 18:02:02,user_0177,37.2
5.6623,1726334,129,39.568882,-9.023769,Porto,182.67,2024-02-18 03:03:34,user_0046,9.4
4.1341,3353030,65,41.676431,-7.06513,Leiria,100.61,2024-08-01 12:56:28,user_0027,20.1
9.6956,1847199,126,38.398459,-8.03194,Aveiro,116.48,2023-05-05 02:06:48,user_0159,31.8
6.1901,1638004,186,38.344955,-6.476715,Setúbal,172.51,2023-02-27 15:31:31,user_0162,10.2
0.4783,1729187,75,40.897975,-8.439408,Leiria,149.18,2024-09-27 17:06:35,user_0076,37.7
2.4267,4461595,77,38.287695,-9.355735,Braga,103.21,2024-03-28 09:19:32,user_0101,23.4
10.768,5817676,154,41.059329,-7.290422,Coimbra,91.56,2023-06-25 19:20:16,user_0187,22.7
9.918,3460096,126,37.377678,-7.173587,Évora,194.08,2024-10-28 08:45:51,user_0182,19.8
0.5037,1330363,58,37.456306,-7.617789,Lisboa,72.29,2023-04-15 11:25:20,user_0194,35.4
3.4074,3446839,100,41.406617,-7.176669,Lisboa,60.61,2023-12-03 15:20:47,user_0158,38.2
3.543,3113506,125,39.604061,-7.719235,Lisboa,154.21,2023-07-05 09:40:58,user_0151,18.3
10.1112,8167197,171,40.494071,-7.145048,Aveiro,146.03,2023-07-06 09:19:26,user_0009,24.0
0.3937,1561014,81,38.026444,-9.350613,Setúbal,163.27,2023-01-07 20:38:34,user_0183,16.0
1.6512,4589369,106,37.731372,-8.247449,Braga,162.43,2024-08-10 09:10:17,user_0129,17.9
12.0187,6621778,103,41.074771,-8.783222,Viseu,180.86,2024-10-19 21:11:20,user_0056,6.0
2.7603,7531844,165,38.693117,-9.162291,Évora,189.1,2024-05-09 15:44:33,user_0167,32.5
9.8259,3257983,193,39.175163,-8.704085,Setúbal,168.5,2023-04-26 07:43:58,user_0087,38.9
3.6489,6902066,111,37.039859,-8.849544,Faro,92.52,2023-11-19 11:06:20,user_0018,31.9
1.5817,6073877,133,38.829404,-6.191353,Braga,124.89,2023-09-10 06:18:35,user_0042,23.1
3.7233,8033651,105,40.752189,-8.525744,Coimbra,149.84,2024-03-04 22:15:22,user_0111,34.0
10.8618,751972,72,41.006376,-8.71474,Lisboa,135.51,2024-04-11 10:12:21,user_0073,35.0
12.8499,8648035,66,40.393774,-6.661427,Leiria,82.25,2023-11-06 17:53:33,user_0065,24.1
12.4703,3631171,127,40.360899,-8.075005,Faro,142.5,2023-07-02 13:43:15,user_0161,37.8
6.018,7973155,71,39.431196,-8.067017,Porto,184.11,2024-09-09 01:43:29,user_0158,6.1
10.0545,4976820,157,39.591647,-7.991792,Leiria,118.59,2023-05-26 10:16:54,user_0133,5.4
3.1543,3743185,66,40.613159,-8.083783,Évora,153.65,2023-10-08 19:49:32,user_0178,7.9
4.4679,9102869,64,38.136509,-8.389677,Aveiro,146.23,2023-12-19 17:48:18,user_0193,7.0
13.4554,5768212,163,38.057585,-8.526446,Braga,112.79,2023-06-23 03:50:38,user_0010,19.9
0.2937,24363,97,41.649624,-6.501337,Évora,139.14,2024-02-22 12:05:08,user_0060,37.9
1.3741,8783406,162,37.038449,-8.950195,Lisboa,89.43,2024-02-24 14:42:18,user_0155,28.6
3.1975,2045990,146,37.597327,-8.884388,Setúbal,136.46,2024-12-25 15:57:52,user_0072,28.1
0.4953,5178652,140,39.751662,-7.556155,Viseu,171.84,2023-08-04 12:26:34,user_0156,18.5
2.8034,1385049,65,40.589174,-8.331561,Setúbal,166.25,2024-12-14 21:35:14,user_0173,23.7
8.7873,5567248,147,39.589455,-8.0668,Viseu,110.11,2024-04-25 12:11:10,user_0052,15.6
6.3792,1498447,160,38.67532,-6.757742,Setúbal,75.69,2023-07-20 08:53:46,user_0194,23.1
13.4008,1545288,50,41.789881,-6.427654,Braga,171.99,2024-02-18 03:04:34,user_0062,31.1
12.2799,8182320,90,40.419263,-6.812117,Setúbal,97.11,2024-05-15 15:12:25,user_0117,24.6
5.1931,1595123,97,41.056954,-8.701244,Braga,67.43,2024-06-27 14:35:53,user_0125,19.7
3.9654,9337741,157,37.101234,-6.168098,Viseu,122.33,2023-02-05 19:15:18,user_0060,34.6
5.7574,8839008,152,38.079601,-8.2652,Leiria,163.53,2024-03-18 16:14:30,user_0086,15.1
8.8954,5264482,177,38.770855,-8.925172,Évora,173.19,2023-12-29 14:39:43,user_0168,21.9
4.0941,6130158,79,37.813007,-7.801711,Coimbra,197.51,2024-10-22 00:48:02,user_0143,39.2
9.3998,1391538,94,37.264496,-7.034028,Braga,86.52,2023-07-28 22:07:17,user_0095,38.9
6.2002,7219155,129,38.025458,-9.216879,Setúbal,101.13,2024-08-06 04:01:45,user_0007,5.2
8.3255,6817281,88,39.568178,-7.343424,Leiria,145.33,2024-03-19 03:46:43,user_0039,23.6
6.5983,6701810,94,40.378726,-6.582535,Braga,173.59,2023-09-15 04:39:47,user_0179,16.8
4.4875,4107560,127,40.770105,-8.609943,Aveiro,92.77,2024-04-09 17:32:42,user_0007,15.2
14.232,6993018,130,37.114681,-7.143381,Setúbal,117.39,2024-03-29 06:00:47,user_0140,25.9
11.4777,171236,189,39.039931,-8.140311,Coimbra,117.18,2024-05-09 18:25:59,user_0014,20.6
2.1877,3010129,142,37.511058,-8.091941,Faro,168.21,2024-06-10 06:39:54,user_0034,30.6
13.0402,89743,81,39.056002,-8.545232,Braga,93.73,2024-04-26 04:51:38,user_0122,5.9
7.3627,7426187,73,39.069879,-7.377061,Porto,195.63,2024-09-03 23:39:58,user_0167,37.4
13.4288,4112924,165,39.391058,-8.272603,Leiria,131.46,2024-04-03 14:54:24,user_0073,24.9
12.0178,1955206,62,41.364153,-6.67493,Braga,99.49,2024-10-21 11:37:58,user_0064,28.9
6.4357,1138422,197,40.925478,-6.226122,Setúbal,99.8,2024-04-16 19:53:14,user_0097,26.2
0.4348,758795,128,40.083604,-6.320702,Faro,62.56,2023-08-14 12:30:14,user_0012,39.6
4.1033,7632738,105,41.327037,-8.945364,Viseu,156.94,2023-11-18 19:13:20,user_0126,39.5
8.1703,1764688,102,40.292343,-9.451753,Aveiro,168.63,2024-02-28 02:07:59,user_0034,26.3
9.5388,2957817,117,40.994275,-8.009208,Faro,64.54,2024-06-18 14:56:35,user_0027,28.9
3.9425,239647,83,39.718892,-7.021795,Aveiro,142.03,2023-03-07 19:08:12,user_0150,26.6
2.1764,4514153,77,39.526091,-6.176652,Faro,169.43,2023-08-04 10:20:06,user_0018,15.9
12.5405,6098915,99,40.520486,-6.836364,Viseu,112.67,2024-06-29 15:51:53,user_0174,11.7
14.7676,3772515,179,36.998447,-7.526132,Setúbal,120.58,2023-05-09 05:12:50,user_0172,19.1
7.9328,2942609,160,40.351888,-9.4104,Faro,110.63,2023-04-07 11:26:22,user_0146,28.9
2.658,8158781,143,41.572591,-6.693162,Porto,104.19,2024-01-29 18:25:26,user_0037,7.0
4.1574,8813240,96,40.46971,-8.897707,Viseu,128.76,2024-12-10 04:29:50,user_0135,23.0
0.374,1572732,75,37.083969,-9.310938,Viseu,83.25,2024-01-23 12:32:00,user_0068,19.3
13.7231,9898445,133,38.789428,-6.60878,Setúbal,121.7,2024-10-28 20:17:30,user_0080,23.5
1.8545,8016792,155,40.947907,-7.574747,Évora,191.86,2024-08-29 05:52:49,user_0086,35.1
8.6901,2740855,141,41.693043,-9.062925,Braga,63.84,2023-07-07 14:06:57,user_0060,6.7
4.1834,9880233,169,38.750817,-8.185755,Braga,83.06,2024-08-25 00:33:55,user_0048,31.7
8.3573,3340444,124,41.10597,-9.209158,Évora,168.88,2023-12-18 17:58:26,user_0179,28.3
9.8062,3750222,171,41.219049,-7.330763,Viseu,78.49,2024-08-11 17:40:42,user_0100,12.1
12.4632,1380188,90,37.516432,-8.539747,Coimbra,97.98,2024-06-28 23:43:11,user_0084,30.7
3.1757,7530577,101,41.128942,-6.55528,Porto,123.68,2023-09-05 06:17:28,user_0095,22.4
0.2638,3060465,131,38.521249,-8.283494,Leiria,192.04,2023-03-26 01:46:23,user_0052,21.8
2.1396,6723000,183,39.866189,-7.818245,Leiria,85.69,2024-12-03 21:53:25,user_0077,21.9
13.5103,7770032,123,39.594811,-9.28402,Setúbal,189.23,2023-04-13 18:03:46,user_0180,38.2
13.121,2818767,115,40.215269,-8.562985,Porto,160.59,2024-12-06 13:05:01,user_0084,38.1
9.0015,7864394,73,40.602323,-7.198991,Braga,153.96,2024-09-19 21:39:47,user_0054,37.0
9.0477,5864049,77,39.104405,-6.996707,Faro,161.3,2024-06-12 16:16:36,user_0169,36.0
10.009,9850941,166,41.341554,-8.674406,Faro,64.37,2024-12-16 08:35:17,user_0170,6.3
2.713,8958825,163,40.947492,-7.787012,Leiria,73.85,2024-12-07 02:33:57,user_0150,19.0
13.7247,8511807,110,40.827105,-6.720394,Viseu,106.88,2024-08-10 08:22:31,user_0039,36.3
6.3397,5531052,118,39.191234,-8.208305,Braga,70.36,2023-09-25 00:22:43,user_0023,31.4
5.8088,6321001,163,37.087864,-9.045178,Porto,198.26,2024-07-31 04:44:53,user_0048,21.0
7.8319,424190,124,39.361282,-8.031641,Viseu,141.26,2023-01-11 03:51:17,user_0113,32.1
0.7998,6743571,108,41.392228,-7.457863,Aveiro,128.23,2024-01-27 16:44:48,user_0120,12.3
2.5776,3472696,179,37.852251,-9.474845,Évora,169.97,2023-11-28 23:51:04,user_0161,26.0
11.0967,2120677,64,41.812962,-8.31487,Leiria,196.77,2024-05-06 03:57:11,user_0127,23.7
1.3337,2597979,154,40.938453,-7.434718,Braga,193.72,2024-05-05 19:24:38,user_0041,25.1
9.087,7524132,197,40.449149,-6.263499,Setúbal,171.03,2024-03-02 17:29:34,user_0158,30.3
3.7557,8294919,147,40.2858,-8.110934,Faro,112.8,2024-08-23 08:45:04,user_0047,38.2
5.9005,2104417,84,39.835129,-8.945894,Faro,69.23,2024-11-17 09:54:50,user_0185,14.2
4.4015,9197803,80,40.503352,-7.683655,Viseu,73.77,2023-03-21 02:13:25,user_0072,31.5
5.3995,5449604,176,39.009528,-8.528442,Aveiro,60.16,2023-06-20 16:33:35,user_0057,27.6
10.8138,898628,68,41.126441,-8.76975,Lisboa,60.27,2023-01-19 06:25:54,user_0062,29.3
4.5271,3761054,73,40.38173,-7.492629,Lisboa,191.1,2024-10-07 11:47:40,user_0086,20.0
8.5394,2396716,133,40.756266,-6.385996,Braga,189.78,2024-02-14 19:51:26,user_0057,38.1
7.1932,9458242,141,40.862437,-6.660238,Porto,153.46,2024-10-30 03:17:00,user_0196,21.8
9.9887,9734257,194,37.36035,-8.880205,Porto,161.73,2023-06-11 14:21:12,user_0072,9.3
14.0588,9390283,196,37.178204,-6.89601,Porto,131.85,2023-02-16 03:33:45,user_0124,28.8
11.0153,2057244,167,40.904929,-8.718447,Coimbra,93.3,2024-08-24 09:56:44,user_0153,9.5
3.3026,2707929,96,38.19692,-8.511616,Lisboa,188.01,2024-10-25 20:28:17,user_0168,16.3
0.5646,4272513,152,39.809849,-6.371825,Viseu,98.88,2023-08-09 14:22:18,user_0017,13.0
4.0077,3928125,170,39.118554,-6.402429,Leiria,163.55,2023-10-26 01:20:36,user_0080,23.9
8.9667,4125186,143,37.010196,-8.926655,Faro,94.36,2023-04-13 00:53:35,user_0176,17.2
0.8662,3338669,194,37.101406,-9.281748,Faro,181.82,2024-11-21 18:30:07,user_0039,10.6
7.4959,9012760,91,41.035626,-8.503398,Leiria,151.17,2023-08-11 04:28:03,user_0143,32.7
8.993,8302258,160,39.938388,-7.521965,Faro,149.98,2023-12-26 14:46:59,user_0017,21.4
5.0802,7738667,78,39.519215,-6.518568,Aveiro,73.63,2023-03-12 22:48:13,user_0035,20.9
11.5866,4360866,173,41.62176,-9.095953,Lisboa,118.73,2024-10-09 16:46:59,user_0033,36.0
1.6883,2304310,66,37.765575,-8.089141,Lisboa,133.49,2023-04-10 00:50:02,user_0146,23.9
1.2196,976264,63,38.189854,-8.576051,Coimbra,101.17,2023-11-28 03:50:19,user_0158,29.8
10.95,8323880,99,40.683695,-9.449242,Aveiro,183.34,2024-05-04 10:55:06,user_0165,16.5
7.4828,7299243,106,40.776176,-6.819283,Braga,177.27,2024-06-26 11:48:53,user_0111,24.6
10.3572,3928094,153,38.924486,-6.734834,Lisboa,129.11,2024-11-21 13:27:57,user_0135,30.4
6.5789,5795886,88,41.654892,-8.747821,Leiria,107.6,2023-11-02 23:06:02,user_0074,15.4
3.7714,6531423,145,41.591273,-8.985783,Leiria,172.22,2024-06-25 20:33:11,user_0156,29.1
12.3046,2790353,85,36.962049,-9.008493,Leiria,87.56,2023-04-23 19:14:28,user_0098,24.9
12.0113,5185356,163,37.76164,-7.92258,Leiria,70.01,2023-10-30 20:46:36,user_0018,20.2
10.451,2465849,86,41.001097,-8.661915,Porto,66.4,2023-03-14 06:51:32,user_0175,30.0
4.155,2933865,63,38.576083,-7.761391,Coimbra,65.42,2023-12-24 05:21:36,user_0023,16.1
8.8944,6667051,172,37.377313,-8.191504,Porto,128.44,2023-10-25 22:11:25,user_0148,30.0
5.4785,7587145,132,40.824996,-8.782973,Évora,95.74,2024-11-25 14:39:25,user_0031,24.3
1.4646,6030079,122,39.172918,-6.945948,Braga,156.65,2023-01-24 21:11:21,user_0014,13.6
13.768,8970922,151,39.362054,-8.988763,Leiria,151.54,2023-09-28 11:41:05,user_0023,28.4
2.1386,6147454,130,37.831847,-6.783732,Évora,135.88,2023-11-20 16:04:18,user_0002,36.0
14.2585,7907288,132,40.204475,-7.591082,Aveiro,109.4,2024-11-24 21:43:35,user_0157,15.9
6.7455,2505700,93,39.656207,-6.671074,Leiria,179.06,2024-09-16 11:29:14,user_0178,33.4
2.8585,145693,117,37.933365,-9.483819,Aveiro,159.36,2023-03-14 12:41:34,user_0073,16.8
8.1743,1649734,97,38.601658,-6.952759,Évora,98.01,2024-05-15 13:07:05,user_0059,33.7
13.1069,9299397,106,39.884396,-9.324847,Leiria,130.24,2024-02-02 11:02:30,user_0033,6.8
11.0102,885621,124,41.524361,-6.269664,Lisboa,81.88,2024-12-14 19:48:04,user_0176,5.3
12.1178,561548,71,41.501882,-7.110686,Coimbra,106.03,2023-09-19 19:57:56,user_0172,9.0
9.9159,8063001,181,38.33953,-8.411414,Coimbra,199.6,2023-10-18 15:24:23,user_0140,35.6
10.4149,9093432,95,40.578105,-8.412508,Faro,91.34,2023-05-19 13:26:45,user_0083,23.7
12.753,4379845,60,40.777595,-6.570926,Aveiro,157.76,2023-03-31 04:14:17,user_0170,25.8
3.8201,7150265,80,40.944115,-6.430344,Viseu,93.38,2024-09-11 01:32:29,user_0035,34.5
7.3924,1703728,188,39.753811,-6.468651,Lisboa,191.34,2023-11-28 22:38:53,user_0041,6.8
3.396,4762315,169,36.95254,-6.750283,Setúbal,103.42,2024-04-28 19:42:29,user_0183,18.5
14.8163,3377136,105,40.708381,-6.715291,Leiria,108.54,2024-04-13 10:39:44,user_0110,27.5
14.1665,468451,87,37.432987,-7.552589,Viseu,143.14,2024-03-11 21:59:49,user_0141,19.2
0.6875,4777830,70,37.484357,-9.404014,Aveiro,142.34,2023-01-16 14:10:57,user_0039,6.1
10.6131,259425,159,39.928124,-9.204971,Porto,141.07,2024-07-28 08:38:28,user_0194,27.8
13.8862,8899217,143,41.817603,-7.291519,Évora,140.26,2023-06-27 19:19:37,user_0163,18.7
2.7906,7604323,187,38.112697,-8.136038,Faro,103.71,2023-04-02 22:11:11,user_0116,5.7
8.5624,6259635,185,40.129054,-7.571147,Porto,120.82,2024-02-17 03:24:22,user_0072,11.0
13.7408,4494893,57,38.418268,-8.714336,Lisboa,143.08,2023-02-20 02:02:59,user_0161,12.6
0.6058,9019066,121,41.393631,-7.291982,Porto,153.98,2024-07-12 13:33:26,user_0089,22.9
10.4916,1968093,168,39.867584,-8.67438,Viseu,95.44,2023-06-01 05:23:49,user_0164,11.5
4.5305,2444913,83,37.937387,-7.933236,Setúbal,158.21,2023-06-07 15:28:03,user_0141,17.6
13.8735,6504938,193,38.210655,-7.872352,Aveiro,189.26,2024-09-26 21:03:49,user_0056,31.3
14.5688,7131390,154,39.062404,-8.895928,Braga,166.11,2023-08-28 20:21:48,user_0174,33.3
14.1696,3787132,190,37.510218,-6.520894,Faro,71.79,2023-04-18 17:08:57,user_0099,32.8
7.1658,3809821,136,37.293667,-7.712208,Porto,125.68,2024-10-19 09:18:13,user_0046,29.3
12.9444,9184519,199,40.300307,-6.552935,Aveiro,120.94,2023-01-03 01:40:43,user_0100,24.0
12.6838,8817518,113,38.935825,-8.607379,Coimbra,107.11,2024-09-18 15:16:31,user_0113,24.3
4.8546,4037746,51,40.531129,-8.914058,Viseu,128.78,2023-04-16 14:56:00,user_0111,38.4
12.4508,81171,158,37.450291,-9.438743,Setúbal,121.55,2023-04-05 21:27:43,user_0172,35.7
0.6514,2183448,75,39.949328,-9.18086,Braga,60.86,2023-07-02 23:27:41,user_0174,27.7
8.9844,1189138,132,39.116534,-8.9986,Aveiro,93.12,2023-05-08 09:11:22,user_0074,21.4
3.5271,2249476,156,37.189993,-9.231891,Aveiro,89.93,2024-04-27 13:43:47,user_0069,30.5
1.8964,2759374,118,39.62401,-6.45061,Braga,108.9,2023-01-19 19:40:05,user_0031,7.2
1.2466,9840850,146,37.314021,-6.40111,Leiria,84.42,2023-01-11 20:21:10,user_0125,38.1
10.4747,3463894,79,41.038599,-6.312967,Viseu,69.49,2024-07-30 16:31:52,user_0024,24.2
5.1641,783258,57,40.059787,-6.236473,Faro,87.53,2023-06-23 16:33:42,user_0032,22.6
10.899,1896999,87,39.684838,-7.827761,Viseu,179.59,2023-08-25 08:28:33,user_0113,15.2
1.0738,2852889,130,37.567345,-7.697916,Leiria,171.59,2023-05-08 04:47:36,user_0195,5.1
4.7978,7297050,157,38.337286,-9.055177,Évora,121.89,2023-02-08 06:01:50,user_0016,7.1
8.1384,9749181,114,39.364379,-9.034023,Viseu,182.89,2024-06-25 10:54:01,user_0185,14.2
11.8818,7371858,116,40.066418,-6.872628,Braga,92.57,2024-01-20 01:01:06,user_0108,24.0
4.8494,1761201,139,37.816154,-6.590521,Setúbal,141.79,2024-06-28 08:03:20,user_0024,7.9
9.4258,2337180,144,36.944331,-6.831971,Viseu,80.01,2023-12-14 15:49:45,user_0034,39.0
13.3011,3485862,121,38.623801,-6.662442,Porto,176.68,2024-07-21 22:51:30,user_0128,19.4
9.2764,1400507,92,39.314357,-8.559661,Setúbal,78.28,2024-01-10 15:55:44,user_0052,16.1
3.5711,4235040,95,37.822168,-7.915376,Faro,64.46,2023-03-21 14:37:34,user_0048,23.4
0.4636,5529554,174,39.360828,-7.938722,Braga,98.28,2024-01-03 19:15:13,user_0087,7.3
13.0645,7518162,88,38.592429,-6.116036,Évora,186.13,2024-11-21 03:40:55,user_0119,34.8
0.4169,7676431,100,39.175448,-6.272795,Coimbra,78.12,2023-02-01 15:45:19,user_0181,21.1
13.1331,2757398,53,38.637289,-7.465147,Setúbal,106.29,2024-07-25 18:08:13,user_0183,11.2
7.9812,388742,170,40.042339,-9.030891,Leiria,104.3,2024-09-24 21:30:19,user_0038,10.7
14.0921,9031519,129,37.114485,-8.620773,Setúbal,172.23,2024-01-16 15:49:31,user_0130,17.6
12.0019,676935,126,37.754526,-8.263211,Coimbra,119.01,2023-12-01 08:54:17,user_0069,25.1
14.9692,7793604,182,39.063754,-6.53108,Viseu,145.62,2024-12-04 17:44:19,user_0082,19.6
5.3256,401072,104,38.681484,-8.91985,Porto,116.61,2023-02-14 09:39:40,user_0118,25.9
11.5311,6722841,69,38.85816,-8.75286,Leiria,137.2,2023-12-16 15:45:47,user_0053,29.7
6.0888,2095637,83,40.918803,-8.312092,Coimbra,68.74,2023-10-21 04:20:03,user_0050,31.2
7.2501,2788302,171,41.331658,-6.348505,Coimbra,112.36,2024-05-15 20:25:41,user_0157,19.0
9.4498,7843227,158,38.143344,-7.787039,Porto,179.71,2023-12-24 21:30:37,user_0074,30.1
13.1178,5581472,175,41.081955,-7.300757,Faro,156.75,2024-10-26 01:57:30,user_0183,10.0
14.7628,9344618,103,39.193949,-8.183441,Setúbal,197.46,2023-02-23 15:33:26,user_0106,23.0
11.5473,9131872,194,38.269103,-8.859025,Viseu,170.31,2023-02-28 23:26:56,user_0189,7.5
6.3247,8269841,182,41.82728,-8.742478,Setúbal,123.21,2024-03-20 01:22:15,user_0050,13.5
6.3782,4859633,138,41.024009,-6.770918,Braga,154.68,2023-02-17 22:45:09,user_0016,25.4
11.09,4468852,195,41.871267,-6.462161,Leiria,168.63,2023-07-20 18:16:49,user_0087,30.9
3.6578,7742237,102,37.740954,-7.823543,Évora,97.76,2024-04-07 03:30:15,user_0094,8.3
1.7461,6749977,99,37.619213,-8.286219,Braga,68.4,2024-02-05 07:12:17,user_0070,12.2
5.3839,419503,121,39.41689,-6.753361,Coimbra,116.82,2023-08-26 09:14:56,user_0172,39.7
4.3799,6488000,190,40.093219,-7.211478,Évora,80.25,2024-12-27 01:52:41,user_0100,16.8
4.515,7586544,65,37.7553,-9.361028,Aveiro,98.81,2024-01-23 07:21:20,user_0144,14.9
3.5808,8318849,62,41.202153,-8.307481,Setúbal,192.56,2023-11-28 05:05:38,user_0028,8.0
0.7272,7608965,69,39.560067,-7.180612,Coimbra,178.59,2024-03-17 23:04:38,user_0185,29.3
0.3663,158253,115,38.954709,-7.549489,Porto,142.94,2023-03-14 09:36:23,user_0154,22.8
14.8171,9058353,96,39.910268,-6.174571,Viseu,116.18,2024-05-27 07:10:31,user_0086,10.5
6.4738,8209061,196,40.074769,-6.555208,Aveiro,97.01,2024-09-14 12:55:43,user_0118,27.2
5.8265,3211369,171,37.113916,-9.296889,Lisboa,140.0,2024-04-20 04:03:35,user_0011,23.4
10.2267,1659537,103,41.899463,-7.032385,Leiria,134.64,2024-07-15 08:13:37,user_0129,24.8
3.352,1279898,55,38.719598,-8.35649,Aveiro,169.31,2024-06-10 05:06:55,user_0069,39.8
14.2544,2364840,63,37.207713,-7.180919,Braga,189.92,2023-06-06 23:12:14,user_0171,6.0
11.8165,771143,181,41.161616,-7.401436,Viseu,106.05,2023-11-26 15:14:31,user_0174,37.0
1.4322,6697947,135,41.865093,-7.789629,Coimbra,88.88,2023-06-16 19:12:26,user_0105,34.5
6.322,3906377,76,40.981793,-6.599972,Viseu,116.39,2023-09-05 10:04:55,user_0036,19.5
13.1989,1461433,56,41.159412,-7.090454,Coimbra,121.26,2023-11-28 01:18:02,user_0066,35.8
14.1765,3348549,180,40.029676,-6.475513,Porto,65.58,2023-10-31 16:08:19,user_0185,27.7
7.0643,9714933,51,41.511628,-8.542547,Viseu,180.64,2023-03-11 09:54:14,user_0134,36.1
9.2398,7753638,129,37.078693,-8.316366,Faro,199.38,2023-11-08 12:54:19,user_0190,25.8
2.5888,5580427,109,40.733619,-7.385365,Braga,189.25,2024-04-30 12:41:23,user_0155,12.6
14.8684,1576845,73,40.253551,-6.214021,Lisboa,180.49,2023-10-01 05:45:14,user_0125,25.2
3.5519,988722,64,37.147925,-8.236621,Porto,198.96,2023-04-22 10:14:02,user_0154,11.3
14.1467,2037398,144,39.619868,-9.390202,Évora,187.09,2024-11-04 18:41:52,user_0141,9.9
9.7797,3527110,191,39.475302,-7.983981,Lisboa,156.37,2023-02-19 00:10:32,user_0076,27.9
9.1553,4289639,183,40.357671,-7.650639,Porto,83.35,2024-08-30 04:38:36,user_0146,38.2
7.7391,6398897,130,37.287657,-6.776643,Viseu,81.89,2023-03-10 01:23:28,user_0038,25.6
3.537,1065560,67,40.926394,-7.022758,Évora,66.83,2023-03-12 11:48:31,user_0006,32.9
2.7303,7989900,69,37.597017,-6.220147,Lisboa,117.66,2024-06-23 07:42:21,user_0126,10.9
3.3852,7189204,164,38.993323,-6.838879,Évora,173.24,2024-08-15 14:11:52,user_0092,27.9
2.8779,6707432,89,41.30644,-8.484663,Aveiro,128.64,2024-02-11 03:36:55,user_0028,30.7
11.7158,8349065,88,39.702658,-7.319307,Porto,111.29,2024-03-04 02:52:05,user_0089,6.5
5.3169,2754036,81,38.797955,-7.21438,Coimbra,75.29,2024-02-14 22:59:38,user_0005,8.4
0.9619,6934198,173,37.141011,-6.10673,Évora,67.25,2023-08-29 15:23:51,user_0187,32.4
14.5396,7389434,157,40.261368,-9.028291,Lisboa,115.89,2023-03-31 05:29:31,user_0111,20.4
13.2684,91656,76,41.832734,-8.849493,Setúbal,73.99,2023-09-16 03:02:18,user_0108,19.2
13.9235,2162766,159,41.458982,-8.971254,Faro,74.5,2024-04-30 16:45:57,user_0045,37.2
14.9241,353153,146,40.48648,-7.497196,Setúbal,115.35,2024-07-01 16:58:48,user_0112,39.7
2.691,6724504,123,37.426464,-9.039976,Aveiro,130.4,2024-09-25 16:58:28,user_0181,31.8
6.004,3453708,66,38.0972,-7.269574,Lisboa,86.14,2024-06-10 08:58:59,user_0002,32.7
11.3978,4101153,98,37.834245,-6.767168,Braga,155.85,2024-12-07 22:20:38,user_0177,12.3
10.4707,987938,130,38.677308,-8.028504,Leiria,118.62,2024-03-14 07:11:05,user_0090,11.7
2.393,7074533,165,38.077586,-7.593671,Aveiro,72.87,2023-09-14 16:50:28,user_0115,39.3
12.2559,9370622,72,38.122197,-6.396745,Coimbra,149.18,2024-02-26 21:07:56,user_0063,29.3
3.4442,3801065,147,39.98365,-7.563476,Viseu,109.97,2023-06-05 07:11:01,user_0092,29.0
3.4349,862839,121,38.493513,-8.790741,Leiria,67.33,2024-04-24 10:01:12,user_0070,15.0
8.1009,1064367,190,40.285814,-8.333141,Évora,192.72,2023-06-13 16:46:12,user_0186,36.0
8.9348,9495231,106,41.639448,-7.698524,Porto,139.97,2023-03-20 23:59:09,user_0004,6.6
8.7433,234898,197,40.09239,-8.973348,Lisboa,126.88,2024-09-09 02:56:32,user_0158,14.6
1.4632,461122,135,40.658283,-7.417433,Lisboa,180.28,2023-09-26 07:40:10,user_0057,11.3
13.1742,675025,72,40.657902,-6.102563,Braga,191.14,2024-07-10 16:51:02,user_0047,29.9
4.0574,4264550,154,38.553514,-7.281381,Viseu,90.85,2024-02-24 02:13:55,user_0146,30.0
2.0298,7536968,116,36.97479,-8.233802,Porto,173.42,2024-08-12 06:31:06,user_0108,23.7
13.3423,5477835,83,37.17524,-8.372062,Coimbra,176.35,2024-09-08 23:07:06,user_0095,5.2
14.3392,1605752,82,38.310301,-6.332549,Aveiro,67.62,2024-12-12 10:03:23,user_0044,35.6
12.9457,807040,95,40.347716,-6.536851,Faro,159.67,2024-08-20 10:50:18,user_0180,38.4
12.1618,6634586,130,41.433416,-7.893981,Faro,68.82,2024-03-23 21:48:13,user_0177,12.1
9.8631,4132443,196,41.693991,-8.29839,Setúbal,143.25,2024-04-14 04:05:21,user_0158,34.5
8.3078,5232190,136,37.029243,-7.084421,Faro,153.69,2023-01-20 03:58:01,user_0180,39.1
1.3961,7920337,64,41.850436,-8.430692,Faro,111.39,2024-11-09 05:33:24,user_0037,16.4
6.186,2154828,172,38.512486,-9.094029,Évora,183.31,2024-08-28 12:09:10,user_0063,11.5
5.6531,5778728,170,41.114781,-8.445482,Setúbal,172.07,2023-07-15 05:41:02,user_0012,39.2
3.9703,5293348,127,37.801477,-8.023394,Viseu,189.63,2023-05-12 16:53:22,user_0017,7.1
10.879,9421996,115,37.214491,-8.631601,Porto,104.08,2024-05-27 23:16:57,user_0034,14.7
7.4885,2784975,88,38.791777,-8.762833,Lisboa,63.01,2023-08-14 13:24:42,user_0156,31.0
1.3076,8371223,67,41.194627,-9.479123,Lisboa,173.6,2023-09-06 01:43:40,user_0132,26.6
3.3807,8840597,70,38.004125,-7.355135,Coimbra,91.22,2023-01-05 10:58:24,user_0098,29.0
10.2806,9208163,76,37.669787,-7.410874,Porto,125.4,2024-09-26 23:59:40,user_0046,29.8
1.2343,4859382,51,41.449022,-8.860714,Setúbal,174.42,2024-02-18 09:56:44,user_0014,29.0
12.783,4912301,146,41.591686,-6.29159,Leiria,90.26,2023-10-20 13:44:30,user_0013,17.0
7.4777,8126492,88,36.962741,-8.107459,Viseu,103.67,2023-04-14 13:38:38,user_0186,15.9
7.2607,3077026,105,40.537179,-9.41337,Viseu,121.47,2024-04-07 05:10:25,user_0049,20.0
8.9269,148469,156,38.446039,-8.752775,Aveiro,98.06,2023-01-23 09:06:44,user_0178,33.3
12.3877,4170555,176,38.773522,-7.146971,Coimbra,124.58,2024-06-28 15:52:41,user_0067,37.8
5.2824,516394,62,39.245515,-8.814492,Porto,61.34,2023-06-07 01:07:41,user_0021,20.9
10.2024,2090825,175,39.033955,-9.316698,Lisboa,89.71,2023-11-03 11:27:55,user_0051,8.0
8.5294,8908720,105,39.474869,-7.399799,Évora,176.56,2023-09-06 20:29:51,user_0038,37.8
4.0787,3290303,77,39.811809,-7.737594,Viseu,117.89,2023-09-28 03:19:48,user_0119,7.8
13.1916,7415871,113,39.227978,-6.911696,Braga,149.1,2024-06-10 18:21:40,user_0026,10.6
11.9816,8090433,120,40.407818,-6.873053,Setúbal,92.52,2024-07-21 02:09:36,user_0006,35.4
9.9109,2418853,168,40.493008,-6.23622,Faro,150.98,2024-02-19 08:14:20,user_0018,24.3
12.7737,5244786,149,39.101796,-9.30614,Faro,200.0,2023-03-04 00:26:50,user_0114,17.3
13.0227,7249127,90,37.612316,-9.367436,Porto,143.34,2023-02-08 09:42:23,user_0134,37.6
10.6546,8920857,53,40.103195,-6.14353,Leiria,147.97,2023-04-25 21:49:17,user_0169,38.6
12.5715,7197177,137,40.764784,-7.307517,Coimbra,75.61,2024-03-27 00:31:29,user_0057,16.6
10.4923,4384077,133,40.090548,-7.06774,Viseu,116.47,2024-05-06 23:55:54,user_0178,35.4
10.2341,1129775,95,39.840274,-9.171961,Lisboa,180.5,2023-07-18 15:14:30,user_0025,28.7
9.3173,8125248,137,38.04706,-9.262637,Porto,176.8,2024-04-28 05:09:57,user_0048,14.6
11.3155,2196916,56,40.125685,-8.955138,Leiria,133.14,2023-12-21 12:47:35,user_0024,38.0
2.4632,6241602,126,38.574281,-8.047535,Évora,186.48,2023-11-19 16:36:50,user_0158,7.2
13.225,1170933,185,41.497794,-9.125401,Viseu,80.01,2023-07-19 09:52:59,user_0087,16.1
13.0905,1391449,190,40.1686,-7.982465,Porto,152.15,2024-07-05 02:36:13,user_0045,18.9
0.5358,2518929,142,38.290898,-7.590778,Évora,94.84,2023-03-25 02:04:57,user_0043,29.2
12.4047,6604168,69,39.264635,-9.498868,Coimbra,150.38,2023-11-10 20:05:12,user_0072,6.3
2.0202,859734,127,41.132906,-9.111565,Viseu,72.24,2023-07-26 18:28:41,user_0184,36.1
5.0933,5207188,76,38.57732,-8.224336,Porto,192.11,2024-05-10 07:04:45,user_0070,28.1
11.1783,8242580,169,39.527203,-9.318679,Coimbra,170.09,2023-12-22 05:48:21,user_0033,14.6
2.4953,1872154,74,40.29835,-9.046001,Faro,88.13,2024-05-02 00:09:44,user_0097,28.0
12.2877,7904617,101,40.672647,-8.711892,Coimbra,149.22,2023-02-03 03:42:43,user_0045,23.8
12.4988,913605,70,37.769461,-8.039355,Braga,166.28,2023-10-16 13:00:52,user_0007,16.8
7.6613,3009526,67,39.725762,-7.069554,Setúbal,89.32,2024-03-13 12:10:23,user_0106,6.0
0.1951,9899007,88,41.461,-9.048859,Lisboa,73.07,2023-01-06 14:40:39,user_0146,24.3
4.3769,8405547,64,41.741799,-6.990941,Aveiro,109.25,2023-08-09 00:52:02,user_0070,7.9
9.2922,2032656,102,40.180725,-6.592794,Faro,79.01,2023-06-04 04:49:09,user_0045,33.4
14.7197,6490750,87,41.818304,-7.284972,Aveiro,139.2,2023-04-11 04:21:13,user_0037,8.1
9.514,7221626,101,39.753676,-9.351333,Viseu,119.38,2023-07-06 12:42:06,user_0149,20.0
3.9711,6353575,121,39.113025,-8.001777,Coimbra,124.74,2023-08-28 12:42:13,user_0172,20.2
9.5467,6982137,77,39.657937,-7.255776,Coimbra,136.0,2023-01-06 15:25:40,user_0158,24.5
8.1458,3289986,193,37.478562,-6.173055,Faro,197.49,2024-06-29 07:41:14,user_0139,6.4
11.7197,5652555,167,38.90858,-6.263851,Faro,170.97,2023-05-09 06:10:22,user_0008,12.1
1.694,5198054,193,39.192025,-8.154609,Setúbal,148.13,2023-10-05 13:14:04,user_0133,12.0
11.4393,9656011,84,41.143139,-7.405834,Faro,110.92,2024-05-28 16:19:13,user_0008,26.0
8.1649,9704385,194,40.693243,-6.471228,Faro,63.79,2024-01-01 04:35:46,user_0005,14.2
14.4486,7269623,148,39.907133,-6.674443,Aveiro,76.31,2024-08-31 08:21:56,user_0010,10.0
5.1939,1854165,101,38.636386,-7.869966,Setúbal,162.32,2024-08-11 12:37:38,user_0015,5.6
9.5261,377224,189,37.835173,-8.611779,Porto,111.69,2023-02-22 14:45:45,user_0056,34.4
13.9872,4453722,132,38.638825,-9.03386,Coimbra,106.82,2024-09-21 02:06:41,user_0114,39.0
1.6274,6321136,97,40.29902,-7.840867,Coimbra,184.46,2023-01-31 21:08:08,user_0055,29.6
14.0647,8623041,71,38.215189,-7.042324,Faro,127.83,2023-01-14 16:21:06,user_0131,19.4
10.3495,364446,172,39.034433,-6.202783,Setúbal,185.94,2024-11-03 10:45:57,user_0041,9.3
1.1108,6759072,176,38.833851,-6.569829,Faro,184.13,2024-09-21 08:10:02,user_0138,21.6
4.5844,448934,101,40.72795,-8.805581,Setúbal,71.23,2024-02-25 07:18:01,user_0135,21.0
10.6518,2657885,128,41.318935,-7.052754,Aveiro,192.35,2024-02-23 13:57:44,user_0191,19.7
1.1035,5242029,178,40.396855,-8.517056,Coimbra,70.77,2024-06-01 22:25:18,user_0115,18.2
8.7743,5772964,115,38.608011,-7.176193,Braga,194.89,2023-11-01 21:59:53,user_0063,22.4
5.2537,5644219,113,39.065885,-7.236261,Leiria,123.37,2023-03-26 01:50:14,user_0088,7.6
9.3516,6955038,57,37.616751,-8.573736,Braga,166.52,2023-01-16 05:24:24,user_0154,6.3
0.7816,9860225,74,37.740487,-8.703079,Aveiro,158.86,2023-08-26 01:56:18,user_0034,7.2
13.0859,9211879,143,37.721463,-9.146612,Viseu,132.59,2024-08-07 23:09:50,user_0122,12.0
14.605,1942120,64,37.552932,-9.328165,Faro,146.72,2024-03-27 05:33:16,user_0200,14.7
14.5363,8094566,171,37.797906,-6.581266,Leiria,192.99,2024-08-30 09:05:38,user_0167,10.9
11.2698,7311460,124,37.913441,-9.330512,Braga,189.83,2024-11-02 10:21:57,user_0188,13.8
2.0383,7863353,153,37.45923,-9.19828,Viseu,151.61,2023-03-06 08:02:07,user_0197,11.5
11.3981,6710660,87,40.101304,-8.687903,Viseu,152.08,2024-09-08 11:21:57,user_0100,10.3
0.4663,821939,164,41.852008,-6.481962,Aveiro,94.57,2023-06-27 14:54:16,user_0107,15.3
0.4296,3637588,88,41.295934,-8.368003,Évora,176.01,2024-03-05 21:01:29,user_0154,18.9
4.9218,7470396,157,37.128014,-8.847882,Évora,148.56,2024-01-18 11:49:25,user_0062,31.0
7.3808,8163365,66,39.015294,-7.067111,Viseu,175.67,2023-10-16 21:49:57,user_0138,38.4
11.5791,3614705,184,41.196553,-8.415163,Leiria,152.1,2023-08-15 12:00:37,user_0100,37.2
10.2811,2500120,167,37.573374,-8.366553,Aveiro,101.9,2023-09-05 20:16:21,user_0054,21.7
6.744,3932613,88,41.138226,-6.98748,Braga,86.53,2023-09-01 03:21:44,user_0159,21.1
4.177,4055032,84,39.863503,-8.64438,Setúbal,70.78,2023-05-03 17:41:06,user_0038,9.4
14.9572,5881344,100,41.556493,-6.451016,Setúbal,142.04,2024-01-08 15:40:01,user_0114,39.0
6.4501,2196274,96,41.280196,-7.591166,Faro,99.77,2023-03-25 05:44:48,user_0025,31.6
6.8257,2429700,85,40.285172,-7.671372,Braga,148.27,2024-01-08 06:21:36,user_0065,34.7
2.538,5586956,113,40.189113,-8.599842,Leiria,68.21,2024-10-23 07:45:58,user_0100,13.2
11.9427,9010066,144,37.965821,-6.660679,Évora,112.59,2023-09-13 01:03:16,user_0178,19.0
10.4359,9920047,154,37.483765,-7.552652,Coimbra,96.48,2024-06-14 23:40:54,user_0152,8.6
3.3895,4096920,62,38.976967,-8.971244,Setúbal,111.85,2024-08-20 19:58:46,user_0155,37.9
1.3275,7557944,195,37.8329,-8.798586,Faro,67.6,2024-08-17 23:26:54,user_0178,15.0
10.2394,6015346,198,37.412084,-7.90793,Lisboa,161.39,2023-06-22 11:25:48,user_0178,25.9
9.8522,3501661,161,38.411634,-6.849218,Porto,76.34,2023-04-17 21:42:09,user_0143,10.3
4.1716,7872277,114,41.20245,-6.306396,Lisboa,62.02,2023-05-25 00:12:07,user_0017,33.1
14.2679,2604902,57,36.985741,-7.244105,Leiria,192.48,2024-03-15 18:01:48,user_0029,11.5
2.3508,398008,97,38.363188,-7.779113,Leiria,87.0,2024-07-08 22:58:19,user_0005,33.3
6.5418,9712565,134,39.020261,-8.647511,Faro,175.93,2024-04-23 12:31:04,user_0011,19.1
14.1599,6080898,92,39.452849,-7.212249,Aveiro,195.03,2023-05-10 07:36:00,user_0180,25.2
6.3539,5193595,134,37.807888,-6.160385,Viseu,134.78,2024-07-18 04:17:54,user_0162,14.4
9.614,3549651,68,41.721101,-7.880844,Coimbra,133.66,2023-12-27 16:55:49,user_0081,35.9
6.0242,8029598,72,39.794365,-8.948718,Lisboa,111.44,2024-07-04 17:53:27,user_0033,31.6
4.1858,7867863,164,39.510553,-9.148642,Coimbra,119.58,2024-07-08 17:02:51,user_0049,17.4
14.7613,2796647,99,36.944113,-8.584529,Évora,127.49,2023-11-24 16:49:12,user_0121,25.5
6.1991,5802199,92,39.328577,-7.563897,Porto,81.29,2024-11-05 15:10:57,user_0159,9.5
13.4221,174001,148,41.088353,-6.280862,Porto,111.06,2024-02-17 01:53:45,user_0018,10.6
3.5263,5570771,153,37.998223,-8.482839,Setúbal,174.26,2024-04-08 18:25:35,user_0115,23.7
3.2753,65867,165,38.656038,-8.46167,Leiria,85.54,2024-03-31 21:37:17,user_0005,27.4
0.5639,88780,100,37.002857,-7.863989,Braga,162.18,2024-09-22 21:36:18,user_0158,24.5
9.8098,7397228,155,41.784638,-6.376956,Évora,151.22,2024-04-02 20:50:56,user_0045,24.6
5.591,2695145,161,37.233259,-8.075213,Viseu,68.02,2023-04-21 04:46:25,user_0120,31.0
12.9789,2941478,121,41.391106,-8.74102,Leiria,63.14,2023-02-19 20:22:30,user_0128,36.6
7.1508,9262680,188,38.464939,-8.945355,Leiria,109.35,2023-11-19 19:29:07,user_0038,18.6
14.5261,6792109,129,39.837782,-7.946148,Coimbra,156.9,2023-08-10 01:24:50,user_0109,23.8
2.8643,3767263,98,40.296578,-6.777697,Porto,106.26,2023-07-20 12:16:57,user_0096,36.3
13.0425,4195031,96,37.604146,-8.509402,Lisboa,153.48,2023-02-11 00:08:07,user_0094,21.2
11.6713,4084591,121,39.118797,-7.757423,Setúbal,153.16,2024-01-06 08:32:32,user_0029,20.6
11.5867,9407659,56,38.527331,-7.449772,Faro,172.92,2023-08-15 14:20:43,user_0164,31.8
12.6873,1414119,115,37.183012,-7.968401,Setúbal,73.93,2023-11-26 21:31:51,user_0137,35.7
11.4393,5354993,126,41.065968,-8.848253,Évora,140.8,2023-02-11 12:42:49,user_0023,30.8
9.4307,1268182,111,37.125839,-6.366065,Leiria,68.75,2024-08-30 03:19:29,user_0131,8.5
2.0555,8779340,87,40.16629,-7.577473,Viseu,84.63,2023-02-26 00:19:37,user_0086,21.3
0.5846,2570746,174,38.470387,-7.020943,Viseu,105.57,2024-09-22 21:39:38,user_0184,12.4
13.8206,2251743,133,37.860647,-7.337454,Setúbal,159.03,2024-09-16 08:44:23,user_0168,16.1
9.2881,6194702,78,40.23543,-6.106637,Setúbal,196.34,2024-03-24 22:56:49,user_0184,21.4
11.9684,3120452,163,39.772689,-7.948546,Braga,107.95,2024-01-06 03:49:41,user_0058,12.8
7.2747,5615829,128,38.476281,-8.055094,Aveiro,132.96,2023-12-04 18:42:29,user_0159,23.1
1.8479,6147401,72,39.464804,-8.275524,Leiria,96.27,2024-02-09 15:37:22,user_0011,27.5
1.9653,6304721,155,38.131186,-8.270463,Lisboa,154.57,2024-08-01 00:38:52,user_0042,35.6
10.3149,7738672,180,41.218482,-8.562381,Setúbal,111.32,2024-10-15 23:45:39,user_0131,12.4
6.5116,9851025,150,38.469094,-6.165858,Évora,127.42,2023-11-25 07:20:04,user_0185,15.9
3.0878,6615492,57,38.125765,-6.539341,Aveiro,139.49,2024-08-14 03:58:29,user_0014,19.2
7.4248,9064507,135,40.659169,-8.423312,Viseu,156.07,2024-04-20 20:11:31,user_0046,12.9
1.0567,318774,166,36.987962,-8.462221,Aveiro,68.41,2023-08-23 17:08:55,user_0147,16.6
8.7714,7561743,78,38.240059,-9.147984,Évora,137.69,2023-12-14 05:01:14,user_0124,35.9
4.108,8875234,51,38.776976,-6.518095,Aveiro,120.36,2023-04-21 03:05:09,user_0060,9.9
11.9836,3023871,162,41.31119,-8.235995,Leiria,78.73,2023-02-15 04:01:38,user_0159,20.5
4.7244,4849617,114,41.652209,-7.553108,Viseu,89.13,2023-03-17 13:21:10,user_0036,15.9
6.8828,611868,157,40.48239,-6.438716,Évora,183.74,2024-10-18 08:42:07,user_0160,7.7
0.2731,4533910,69,39.362659,-8.112458,Braga,182.05,2023-09-08 17:01:47,user_0191,8.4
1.1795,6929140,86,40.103108,-6.756649,Leiria,64.67,2024-06-05 10:48:30,user_0026,32.5
5.9482,1407757,121,38.970005,-8.037029,Lisboa,156.52,2024-01-04 07:41:54,user_0065,34.8
7.2511,9593264,76,38.394129,-7.116801,Aveiro,137.59,2023-05-06 23:13:55,user_0130,30.9
9.0403,3456800,172,41.65344,-8.033973,Setúbal,191.57,2023-06-30 20:28:12,user_0070,23.9
4.4458,9127064,183,37.476951,-8.164619,Braga,187.12,2023-11-16 13:31:29,user_0126,32.0
10.4552,1138452,94,38.631968,-6.131589,Leiria,141.14,2023-11-17 18:40:11,user_0173,10.3
12.9158,8109334,132,41.395445,-7.418011,Setúbal,79.45,2024-01-17 14:32:44,user_0153,32.3
11.7198,7727160,195,40.515707,-8.25087,Évora,124.37,2023-04-26 21:14:00,user_0040,19.8
0.6903,9071594,169,37.045507,-8.623414,Porto,161.52,2023-09-30 04:22:00,user_0146,31.3
7.2596,4554704,114,37.015498,-9.364794,Lisboa,193.24,2023-07-26 12:17:43,user_0110,13.0
1.6635,2288013,74,39.482562,-7.097674,Lisboa,110.94,2023-10-26 09:38:23,user_0098,34.1
3.7065,8262236,76,39.321265,-8.234665,Braga,169.85,2023-09-05 00:11:32,user_0012,24.9
14.8013,2348818,184,39.114958,-6.707736,Braga,155.67,2024-03-12 10:57:37,user_0024,5.3
2.2232,3415398,155,38.411719,-8.262847,Aveiro,70.96,2024-07-30 03:15:21,user_0171,23.2
7.5334,4822455,93,41.833194,-8.230681,Évora,138.12,2024-04-17 12:47:23,user_0032,15.9
9.3105,3344849,156,38.259937,-6.850785,Viseu,85.69,2023-02-18 02:46:32,user_0114,7.0
10.5667,8724118,85,39.350201,-7.835813,Aveiro,155.7,2023-03-10 23:44:39,user_0047,20.7
8.4388,3201824,196,38.924465,-6.491358,Lisboa,145.41,2024-05-10 05:12:22,user_0173,15.9
0.2456,5051921,55,37.751247,-7.493538,Coimbra,196.23,2023-07-27 10:15:17,user_0035,12.2
4.9643,8438856,58,37.913094,-8.681808,Aveiro,190.95,2024-06-12 07:48:49,user_0122,17.2
7.8139,5448608,62,41.491514,-7.567876,Viseu,61.31,2024-04-24 07:00:10,user_0128,11.3
1.4092,4065183,90,41.191399,-9.486394,Porto,71.2,2024-10-23 15:07:26,user_0137,15.5
5.3243,240346,177,37.895222,-8.437849,Évora,167.68,2024-09-29 11:51:34,user_0010,9.0
0.5947,9007429,115,41.278313,-8.792962,Aveiro,155.99,2023-09-01 08:30:10,user_0065,8.0
1.2708,4236258,134,37.945931,-7.275761,Leiria,172.13,2024-03-01 09:35:46,user_0187,36.9
6.0142,9052772,73,40.032732,-9.037469,Évora,97.35,2023-04-14 05:49:30,user_0098,36.6
2.0775,1796641,93,37.306403,-8.513669,Leiria,178.91,2023-09-13 08:51:36,user_0185,34.0
8.5564,8651347,155,41.301848,-8.373551,Porto,121.94,2024-12-07 10:02:34,user_0010,13.1
10.373,5807811,147,37.157501,-9.488803,Lisboa,96.67,2024-05-24 21:22:08,user_0147,30.4
12.0287,7594825,109,39.674714,-9.340994,Lisboa,61.49,2023-10-14 03:06:13,user_0109,25.6
3.0822,2421961,58,40.798558,-8.442171,Coimbra,181.99,2024-03-10 09:07:20,user_0178,6.8
2.5955,268116,179,37.484174,-8.743988,Lisboa,134.95,2024-11-15 17:47:54,user_0068,36.5
1.6581,3423754,105,38.922401,-9.102517,Évora,196.55,2023-08-14 23:52:28,user_0104,39.9
9.5828,1770330,71,37.109751,-8.97585,Aveiro,160.06,2023-10-02 23:25:17,user_0005,29.8
10.6265,4658575,130,40.313763,-6.659174,Braga,71.26,2024-07-31 21:55:03,user_0157,13.1
0.5706,3824857,149,38.437248,-7.176713,Lisboa,142.35,2024-08-16 14:59:50,user_0116,24.4
14.0496,8753373,62,39.696976,-7.854,Braga,62.4,2024-05-04 04:26:21,user_0005,8.8
0.8744,12879,120,41.563661,-6.409826,Porto,138.09,2024-08-28 03:21:40,user_0060,15.5
8.1653,8946694,65,38.429291,-9.399521,Setúbal,109.03,2024-06-23 07:19:56,user_0065,30.1
10.665,9920226,94,37.143137,-8.327221,Évora,150.06,2024-05-15 08:27:39,user_0127,15.5
13.0774,4895737,114,40.278139,-6.700495,Leiria,135.82,2024-01-20 06:24:40,user_0028,10.2
10.7399,5580815,188,40.834206,-7.363817,Faro,96.59,2024-04-16 14:21:17,user_0083,5.3
12.0457,3999143,119,41.689343,-6.162263,Coimbra,82.73,2023-11-06 02:04:46,user_0129,25.0
5.1578,4682251,197,37.689004,-6.288649,Lisboa,116.66,2023-09-22 03:13:41,user_0029,38.9
12.2409,6949666,148,38.8607,-8.922196,Setúbal,198.16,2023-09-22 16:42:40,user_0179,21.9
1.2937,8548080,150,41.120702,-6.195244,Aveiro,121.0,2023-05-12 14:12:23,user_0164,12.4
13.4328,2091028,154,40.934357,-6.285182,Coimbra,164.83,2023-06-06 08:39:19,user_0160,21.2
8.2591,2895537,189,40.023979,-8.229723,Lisboa,67.98,2024-11-22 19:08:52,user_0064,26.1
12.2777,2727850,143,38.246843,-6.158207,Faro,113.04,2023-12-21 23:27:59,user_0142,33.0
6.8395,3300335,91,38.320176,-9.37813,Viseu,141.25,2023-06-15 09:02:03,user_0032,20.8
9.6893,1779472,132,37.520015,-7.253448,Faro,165.17,2023-04-11 10:08:41,user_0009,11.1
7.9434,3613983,182,41.509268,-8.595097,Porto,133.97,2023-02-26 07:55:56,user_0139,11.6
11.0007,5495592,154,37.764658,-9.059825,Setúbal,132.14,2024-09-08 10:23:07,user_0176,36.5
1.3163,6110341,77,39.764433,-7.536381,Viseu,166.95,2023-03-15 19:59:10,user_0179,13.3
0.9992,3149783,75,39.821757,-8.458409,Leiria,103.86,2024-07-16 17:43:30,user_0132,30.5
3.7818,7334291,165,38.748027,-7.232794,Setúbal,72.69,2024-09-01 15:17:57,user_0041,14.4
2.4772,2326168,98,38.662592,-7.664064,Aveiro,108.6,2024-10-07 02:06:41,user_0025,30.2
13.0896,9727579,198,40.242942,-8.165196,Viseu,82.26,2023-01-28 13:20:09,user_0145,7.7
3.3663,6951740,50,38.841489,-8.881805,Braga,195.23,2023-09-03 20:06:42,user_0175,12.3
14.6404,4141314,141,38.175577,-7.455749,Viseu,140.85,2024-07-13 09:42:33,user_0008,19.3
5.1197,4286419,107,38.895659,-6.680616,Porto,122.52,2023-04-06 15:58:45,user_0058,23.0
2.8136,4010086,128,40.93831,-7.459985,Coimbra,187.69,2023-10-03 00:07:55,user_0109,17.4
11.8665,482870,130,41.732392,-7.424223,Leiria,186.05,2023-04-29 10:34:16,user_0129,25.1
9.9147,5313280,75,40.079751,-7.759753,Leiria,118.2,2024-08-29 21:09:55,user_0002,16.4
7.5231,7963845,126,40.810506,-8.179984,Braga,182.46,2024-07-16 21:38:01,user_0010,28.7
8.3749,5991342,121,39.564124,-7.944643,Lisboa,68.96,2024-08-13 14:26:45,user_0091,22.9
10.8161,6433230,118,40.024116,-6.135558,Lisboa,184.0,2023-05-01 20:14:46,user_0117,29.7
3.504,7184620,55,41.840433,-6.951127,Coimbra,103.48,2023-11-16 12:02:17,user_0155,20.1
14.9454,4209689,72,39.092094,-8.036098,Coimbra,139.12,2023-10-27 22:14:34,user_0141,35.7
14.6244,8135800,103,37.231273,-7.945192,Viseu,97.76,2024-05-08 17:52:42,user_0063,18.4
9.7899,4152109,136,41.685035,-7.801251,Setúbal,197.87,2023-06-23 09:31:44,user_0011,15.8
3.0732,2605822,60,40.865309,-7.258332,Faro,70.05,2023-11-21 06:21:41,user_0142,24.5
10.2354,117369,183,38.891552,-7.915742,Setúbal,122.57,2023-07-27 23:56:14,user_0096,22.8
1.1758,6380858,60,41.811975,-7.166991,Viseu,146.94,2024-06-30 10:21:35,user_0124,23.1
0.5567,2350876,126,38.627679,-8.380761,Évora,146.19,2023-11-24 17:13:04,user_0093,32.9
3.9395,7031401,61,38.760601,-8.103825,Évora,163.43,2024-01-25 19:52:31,user_0102,25.6
6.9931,8169183,102,39.948657,-6.562219,Viseu,161.42,2023-08-14 21:52:39,user_0098,36.0
13.0373,3619047,148,38.271737,-8.381721,Viseu,171.04,2024-08-13 07:05:24,user_0026,26.7
10.9348,2867695,85,40.392857,-6.220915,Leiria,92.8,2023-12-09 09:09:12,user_0197,5.8
11.1663,5347006,194,37.664252,-8.913483,Setúbal,111.87,2024-09-01 15:11:11,user_0039,35.5
6.4399,1650522,77,37.440127,-8.678289,Aveiro,113.48,2023-09-26 12:34:24,user_0092,34.4
5.2544,5408792,199,39.57439,-7.923489,Porto,193.82,2024-11-22 09:43:14,user_0156,6.7
5.6285,5242042,151,39.677468,-6.78881,Aveiro,117.3,2024-12-19 15:23:06,user_0145,9.4
14.816,6060319,56,37.433275,-7.012643,Leiria,91.06,2023-12-04 00:37:59,user_0165,24.5
0.6976,7971153,64,41.720881,-8.906816,Coimbra,148.53,2023-07-25 16:38:26,user_0108,6.5
13.0188,9555821,188,39.766433,-8.695271,Faro,119.82,2023-10-06 18:24:18,user_0155,19.4
8.7223,907153,73,37.655175,-7.544106,Faro,95.01,2024-01-21 01:05:43,user_0076,39.1
6.6354,2714660,79,38.457213,-8.49644,Porto,160.12,2024-12-06 09:01:04,user_0067,11.0
10.9063,5824648,115,40.901171,-8.064094,Faro,86.87,2024-08-19 07:56:04,user_0122,12.2
7.3514,1923298,110,39.516158,-7.84558,Leiria,148.67,2024-08-07 22:03:41,user_0196,28.7
13.114,3625279,127,37.840742,-7.479564,Coimbra,120.27,2023-04-12 00:44:32,user_0175,6.5
13.5205,8910005,90,37.414245,-8.646425,Viseu,104.68,2023-07-02 12:03:22,user_0111,33.7
6.3836,792425,131,39.053872,-8.945324,Braga,192.44,2024-04-13 01:27:24,user_0162,12.0
4.2247,3110997,100,38.587074,-8.144884,Évora,105.42,2024-09-30 02:31:43,user_0018,23.6
8.926,5336530,144,40.179587,-9.221111,Aveiro,108.65,2024-02-09 19:33:13,user_0035,13.7
13.6942,1566772,62,41.526235,-7.708998,Viseu,181.89,2023-03-16 21:22:19,user_0018,28.1
3.2389,3001179,139,38.138651,-6.645342,Setúbal,78.07,2024-09-09 12:01:57,user_0198,25.6
9.3822,52066,189,41.17617,-9.095483,Setúbal,75.13,2024-09-13 08:25:44,user_0162,38.1
9.5102,2471146,131,41.50231,-9.116716,Faro,99.58,2023-07-28 02:18:14,user_0161,20.6
11.0234,5259018,58,41.410013,-9.227259,Setúbal,142.83,2024-07-11 01:48:24,user_0128,35.6
2.0604,6410014,97,41.660387,-6.617272,Leiria,113.8,2023-07-19 03:18:12,user_0200,25.2
10.7658,8647088,98,41.110543,-9.225603,Porto,145.2,2024-10-22 20:57:53,user_0127,37.0
13.6446,6729199,102,39.86743,-6.156229,Viseu,82.37,2023-04-18 13:32:54,user_0084,15.2
2.7773,5514214,89,38.94923,-8.281674,Braga,96.6,2023-11-16 08:31:09,user_0043,24.2
3.6394,8218723,156,39.358439,-8.382209,Lisboa,139.12,2024-11-21 21:09:37,user_0082,18.7
14.5738,4183005,73,41.263061,-9.188452,Coimbra,90.4,2023-06-12 02:06:21,user_0027,7.3
2.7966,8051090,157,38.406992,-7.50882,Porto,119.19,2023-11-26 07:45:44,user_0048,25.1
12.8303,9399822,82,37.696308,-7.508,Setúbal,140.17,2023-09-13 04:43:50,user_0069,32.8
7.4349,4171364,72,37.604096,-7.82106,Lisboa,196.31,2023-01-20 11:15:42,user_0199,24.5
3.7837,6417060,126,41.034973,-8.442531,Aveiro,71.18,2023-02-08 21:03:38,user_0150,14.8
13.0742,5362204,103,40.707428,-8.246825,Viseu,124.46,2024-01-02 11:09:52,user_0162,14.2
6.735,2573937,102,39.388227,-8.410288,Setúbal,115.48,2023-06-22 02:49:54,user_0171,13.3
7.7708,4197739,98,38.274357,-8.051102,Leiria,175.39,2024-12-27 00:05:02,user_0116,39.3
5.4526,3305742,127,40.288066,-8.33792,Setúbal,186.04,2023-10-01 16:28:12,user_0124,19.0
8.935,7006451,129,37.092165,-7.203241,Viseu,186.98,2023-01-21 13:50:44,user_0016,16.1
2.5365,1470851,151,39.741139,-8.494326,Évora,112.52,2024-11-10 12:04:11,user_0126,19.6
5.9271,712917,171,38.892126,-8.30715,Faro,102.65,2024-09-04 14:22:06,user_0014,9.1
14.5442,2936598,152,41.789298,-8.019436,Aveiro,122.88,2024-04-19 11:18:40,user_0039,11.9
3.9462,7766074,139,39.437801,-9.48653,Aveiro,108.16,2024-07-31 16:59:19,user_0199,22.8
9.8854,4486745,139,39.661339,-7.826919,Viseu,160.64,2023-04-11 10:44:41,user_0108,33.0
4.9453,6859634,170,40.461813,-8.630213,Leiria,89.9,2023-07-29 10:07:37,user_0012,35.7
11.6247,6574922,198,39.322692,-9.309088,Setúbal,152.22,2024-08-28 17:25:22,user_0097,35.3
2.05,9840119,195,38.022843,-6.402528,Lisboa,189.78,2024-05-23 03:10:52,user_0055,38.1
14.5503,2700993,109,39.586389,-8.403776,Leiria,99.19,2023-04-12 07:38:52,user_0134,9.4
6.8615,9006727,171,41.621344,-8.05131,Braga,154.76,2024-05-30 00:59:37,user_0040,6.4
3.6172,4007324,190,38.949555,-6.687033,Leiria,80.1,2023-11-24 11:29:52,user_0091,8.7
1.1951,3515530,79,40.298205,-8.932917,Évora,76.99,2023-01-04 20:00:03,user_0013,26.0
2.6294,8203492,179,41.790171,-6.60895,Braga,76.19,2023-02-27 20:02:07,user_0069,24.5
7.8446,641462,132,41.049612,-8.678431,Leiria,79.39,2023-07-06 19:47:14,user_0152,28.5
5.1213,6437885,160,40.195171,-7.497271,Évora,90.26,2024-09-01 12:33:12,user_0187,18.0
12.4504,2327089,157,40.579982,-7.168694,Évora,138.8,2024-02-05 15:03:01,user_0174,18.7
6.5202,544653,160,41.582416,-6.422953,Évora,167.38,2024-06-14 21:09:12,user_0096,24.1
3.8058,5506761,74,41.698761,-7.434031,Porto,77.76,2024-01-21 06:33:24,user_0172,7.8
9.2955,393186,99,41.744841,-7.959012,Coimbra,181.8,2023-03-23 03:59:37,user_0011,33.0
10.631,5972872,63,40.028208,-7.554284,Viseu,177.98,2023-07-30 07:32:22,user_0118,37.3
2.5889,3755490,183,38.823558,-8.81292,Aveiro,161.83,2023-08-08 20:10:08,user_0061,18.6
2.5975,7071422,125,37.565766,-7.157147,Porto,119.64,2023-02-04 20:34:13,user_0036,30.9
0.6464,3304299,133,38.82774,-8.864606,Coimbra,60.22,2023-11-03 11:20:36,user_0200,24.2
11.0724,4959691,136,41.614777,-7.605358,Viseu,162.87,2024-08-02 13:06:44,user_0138,13.3
9.9907,6532930,79,41.348985,-7.298148,Aveiro,183.06,2023-11-30 16:37:50,user_0129,7.4
7.172,9151398,107,39.518298,-6.444817,Braga,106.94,2023-03-22 22:13:49,user_0063,13.6
12.6781,1750093,143,39.585036,-7.969355,Setúbal,160.52,2024-10-22 18:10:24,user_0140,26.2
12.1045,6216631,90,38.444602,-6.863867,Porto,68.69,2024-03-11 14:52:04,user_0005,6.4
8.8218,1220682,143,39.172539,-8.930396,Aveiro,159.33,2023-01-12 23:56:50,user_0078,34.3
13.0372,5243174,106,40.472242,-8.968932,Aveiro,69.56,2024-01-12 05:22:58,user_0036,39.0
3.167,5005332,113,38.912154,-7.715687,Lisboa,142.21,2023-06-26 14:45:22,user_0145,7.9
1.7676,2895018,147,37.839919,-7.472441,Braga,143.66,2023-04-15 19:27:58,user_0186,13.6
4.1193,6820399,65,39.604298,-7.35004,Porto,102.3,2023-11-10 08:15:55,user_0150,28.6
0.9506,607317,137,38.026685,-6.964708,Évora,71.08,2024-03-24 19:27:50,user_0159,33.2
8.0144,5551252,127,41.771438,-8.497233,Évora,192.91,2023-06-25 14:41:07,user_0154,17.1
14.0554,5579123,139,38.8517,-7.383134,Coimbra,134.98,2023-11-01 02:15:51,user_0013,23.0
0.6862,1693675,121,41.448325,-8.860327,Aveiro,141.17,2024-04-29 23:47:06,user_0191,36.2
1.9194,974303,63,38.02777,-8.755408,Braga,146.1,2023-03-04 11:57:23,user_0195,18.5
6.8378,5211276,80,37.846045,-9.27115,Leiria,184.75,2024-12-12 11:56:48,user_0063,7.9
14.0147,8709188,115,39.984506,-6.960198,Faro,68.44,2023-02-19 09:44:30,user_0011,39.8
4.8107,3253507,161,40.796895,-7.776224,Porto,185.06,2024-01-20 00:33:41,user_0069,11.3
7.6578,2876237,117,39.733823,-8.690169,Leiria,93.55,2024-01-06 08:22:52,user_0192,6.7
0.7194,3631047,104,38.048978,-7.608792,Lisboa,70.91,2024-12-22 11:34:03,user_0102,19.4
2.3103,4973064,172,37.089472,-8.295583,Aveiro,152.02,2024-02-09 12:44:31,user_0196,9.3
14.8008,6848120,74,39.991444,-6.653486,Setúbal,196.78,2023-10-13 00:44:57,user_0032,39.3
14.4803,9425266,180,37.555186,-7.704297,Lisboa,68.01,2023-12-10 04:45:59,user_0010,18.3
0.1736,480674,118,38.615882,-9.398644,Coimbra,119.66,2024-04-09 00:57:08,user_0108,33.9
14.282,5320804,151,40.278924,-6.150676,Braga,134.17,2024-12-17 03:48:38,user_0054,11.2
9.6229,4747924,167,37.390117,-9.247385,Évora,95.3,2023-07-05 03:57:09,user_0183,9.9
13.032,6684601,75,37.536257,-7.133742,Évora,197.6,2023-01-12 20:33:50,user_0082,27.7
6.8756,7911057,89,37.208331,-8.01333,Setúbal,149.73,2024-07-29 14:52:14,user_0190,36.8
7.7824,8781664,87,41.880396,-8.652319,Viseu,178.21,2023-09-09 16:56:22,user_0183,9.0
7.3838,3612914,56,38.835384,-7.200042,Viseu,118.21,2024-06-19 01:07:36,user_0087,25.6
10.0363,8571632,169,41.428976,-9.071949,Aveiro,109.55,2024-04-03 15:03:43,user_0082,8.0
2.1808,9464656,196,38.367928,-6.581961,Évora,137.44,2024-07-17 04:42:14,user_0035,33.4
0.5466,2157098,84,40.666013,-8.647919,Coimbra,120.94,2024-06-20 16:28:33,user_0067,36.8
4.6882,944353,127,37.995333,-8.271058,Évora,160.09,2023-08-31 17:43:33,user_0065,27.0
10.5997,9439949,87,39.391624,-7.349012,Lisboa,97.21,2023-02-02 08:45:40,user_0017,29.1
3.1076,5868555,187,41.023079,-9.4965,Braga,122.94,2024-02-03 14:09:38,user_0042,6.9
10.1341,1721742,77,40.981672,-7.892655,Porto,185.32,2024-08-16 20:40:31,user_0187,7.6
14.5517,3295453,149,40.871404,-6.459554,Évora,165.86,2023-05-08 19:33:41,user_0198,11.3
1.4991,5870747,87,41.018672,-7.186587,Leiria,83.53,2024-07-22 18:34:41,user_0121,14.6
10.1218,8229840,193,37.957361,-8.181139,Faro,184.16,2023-12-06 04:11:35,user_0121,31.6
6.7119,304543,173,39.311081,-7.254557,Leiria,142.46,2024-05-22 15:13:10,user_0139,20.2
13.0353,3112261,198,39.324357,-6.315664,Aveiro,155.1,2024-04-06 04:00:43,user_0078,7.7
2.7395,1456498,141,41.352512,-8.861462,Lisboa,101.2,2024-08-15 09:26:21,user_0028,34.8
10.4201,4713297,146,38.384459,-7.691853,Porto,121.82,2023-02-16 01:31:17,user_0039,39.8
12.5879,9101540,55,41.557479,-8.701892,Setúbal,172.95,2024-07-20 14:51:20,user_0182,20.9
14.1748,9369879,176,39.153979,-6.595636,Faro,106.29,2023-12-01 02:32:46,user_0100,22.9
10.2804,6423841,64,40.248935,-7.048429,Évora,83.11,2023-08-03 05:06:49,user_0011,7.7
7.5079,9380814,157,38.244416,-6.776342,Leiria,112.96,2023-02-01 23:29:09,user_0115,18.4
9.3059,2238154,180,38.951491,-6.29376,Coimbra,69.69,2023-05-26 14:42:41,user_0186,18.0
13.0467,8391893,92,40.449005,-8.71015,Aveiro,160.5,2023-01-31 14:11:31,user_0117,38.8
8.6021,2657303,96,39.463736,-9.334355,Coimbra,80.68,2024-11-12 08:39:34,user_0168,28.1
0.5528,5390656,148,41.55354,-8.510927,Braga,99.92,2024-01-12 05:31:13,user_0132,32.4
13.9711,9770296,63,40.585625,-8.142926,Porto,183.35,2024-12-23 01:25:47,user_0064,9.5
10.3739,8324458,181,39.722015,-7.374457,Aveiro,135.67,2024-02-01 09:53:52,user_0176,19.6
10.18,9491099,164,41.333349,-6.787804,Aveiro,104.99,2023-07-04 22:03:25,user_0198,11.7
3.3136,6663143,189,40.227782,-8.310669,Braga,136.67,2024-07-03 21:39:24,user_0083,35.1
9.9174,665979,51,40.136602,-7.89011,Lisboa,90.56,2023-05-20 12:07:55,user_0159,10.3
5.9686,5446342,194,38.131857,-6.829411,Setúbal,63.52,2023-09-18 14:11:15,user_0002,20.4
9.8034,784278,84,38.874285,-8.733882,Faro,144.52,2024-07-24 00:20:39,user_0043,6.9
1.6882,8896161,59,40.316518,-8.761751,Aveiro,159.98,2024-09-24 00:47:08,user_0041,27.2
9.9019,9365386,161,41.358959,-7.496608,Setúbal,183.17,2023-08-31 07:19:13,user_0060,21.9
14.9913,7806421,70,38.477737,-8.017407,Coimbra,168.06,2023-04-01 20:48:07,user_0112,22.4
0.8184,4084457,64,37.977428,-6.273751,Viseu,189.73,2023-09-26 15:41:45,user_0174,8.6
14.6599,2470562,161,39.86848,-8.286096,Viseu,198.03,2024-10-11 07:48:13,user_0040,23.0
6.1629,7104627,175,37.235985,-6.917511,Porto,164.29,2024-06-26 14:45:03,user_0059,24.7
13.0742,3798057,134,40.472709,-7.517485,Aveiro,181.51,2024-10-15 02:02:56,user_0045,38.7
11.7575,3198747,134,40.415693,-9.314441,Faro,154.32,2023-10-10 06:00:58,user_0042,6.2
8.5485,5476049,54,38.67483,-9.213089,Aveiro,83.93,2024-12-11 19:38:13,user_0119,37.3
11.1029,1902871,166,41.363388,-8.809268,Faro,85.44,2023-12-29 05:28:49,user_0149,21.8
13.1899,9010823,195,39.410906,-9.013281,Setúbal,75.44,2023-12-30 04:36:35,user_0131,12.4
6.1217,1811049,198,40.128825,-8.380137,Viseu,192.02,2024-11-05 17:55:09,user_0194,28.3
4.9728,8734837,121,37.947892,-7.531438,Faro,154.19,2024-01-15 01:42:46,user_0139,23.1
10.0471,9555180,123,38.986702,-7.451967,Braga,170.59,2024-08-07 20:06:52,user_0024,12.9
12.1369,4757812,100,41.212088,-7.50159,Viseu,106.36,2024-06-14 18:27:53,user_0050,26.9
11.458,5758851,73,37.964698,-9.100131,Aveiro,124.46,2023-02-27 14:48:04,user_0088,21.6
11.9874,8468579,87,38.852872,-7.459234,Braga,65.57,2024-03-15 18:58:54,user_0021,29.1
6.5902,9954657,93,38.490383,-8.106861,Coimbra,184.46,2024-08-23 07:25:09,user_0153,29.1
12.2857,4591901,124,37.655551,-6.429621,Setúbal,179.42,2024-02-03 04:42:41,user_0132,21.5
1.8911,2849095,144,38.34859,-6.399254,Porto,169.87,2023-08-23 11:37:27,user_0125,18.7
8.2129,9704110,72,38.063861,-6.888209,Évora,68.16,2023-02-28 10:48:26,user_0043,7.2
0.1858,6779617,173,41.517968,-7.109436,Faro,84.39,2024-04-27 11:18:17,user_0175,22.3
4.9363,9587718,135,40.605394,-9.109161,Viseu,106.78,2023-08-12 17:48:26,user_0023,13.5
5.5603,846462,92,38.480508,-9.21204,Faro,96.83,2024-03-15 21:55:51,user_0188,6.9
6.003,723879,89,40.716695,-6.641165,Faro,177.38,2023-11-08 01:33:12,user_0021,16.6
10.4625,3332006,96,37.0107,-8.048146,Porto,87.28,2024-05-18 12:40:45,user_0194,8.1
5.8895,1619814,69,39.532624,-7.965368,Viseu,134.5,2023-09-14 15:06:11,user_0179,25.3
6.7855,1444315,158,38.151673,-6.617503,Leiria,139.99,2023-01-31 22:03:44,user_0143,22.6
3.6394,1502718,117,37.47161,-7.387135,Braga,119.5,2024-09-27 03:03:04,user_0058,32.7
5.6615,2828340,73,41.318793,-8.890015,Évora,93.7,2023-09-15 08:50:20,user_0026,14.4
3.4863,1194737,85,37.896703,-8.782555,Faro,194.44,2024-12-29 15:35:54,user_0059,18.0
1.1906,6696579,94,41.011955,-9.478318,Viseu,117.88,2023-07-20 10:12:35,user_0090,29.1
9.0914,398825,179,38.966113,-7.083722,Viseu,161.82,2024-12-16 10:04:40,user_0045,39.8
10.0564,1885190,77,36.971454,-7.84892,Faro,85.77,2024-11-22 23:17:04,user_0194,36.6
9.3304,4695781,72,40.562664,-6.270123,Coimbra,175.19,2023-02-24 18:43:16,user_0163,23.2
7.0061,5091995,140,39.881799,-7.072356,Viseu,90.22,2024-04-10 09:13:10,user_0094,28.7
5.7588,230596,183,38.620859,-9.149281,Setúbal,154.54,2023-09-23 05:12:39,user_0110,23.6
12.9637,4993899,152,38.30773,-8.950759,Évora,130.91,2024-08-07 19:12:05,user_0064,20.2
7.8343,4122990,87,37.268456,-7.794136,Évora,80.52,2024-05-10 23:16:25,user_0084,26.1
7.2398,9822090,143,41.607128,-6.355428,Aveiro,63.49,2024-11-26 12:52:12,user_0077,18.5
0.4821,6497127,102,39.369924,-8.659346,Faro,190.3,2023-04-15 05:29:46,user_0027,14.8
5.1846,294358,87,37.327623,-6.693027,Évora,77.6,2024-03-19 12:40:38,user_0087,29.7
5.7649,7594902,92,41.243399,-8.438274,Coimbra,158.69,2024-07-24 08:35:08,user_0159,35.5
6.0425,7833276,152,38.294166,-8.58235,Leiria,151.38,2023-01-26 09:40:40,user_0012,15.1
8.7446,2873798,163,37.918014,-6.435265,Faro,107.84,2023-02-19 01:55:42,user_0102,29.7
8.0507,4721005,53,38.304687,-9.339379,Braga,85.95,2024-07-22 07:35:21,user_0045,20.2
9.1578,9970977,54,39.722857,-7.25348,Faro,84.97,2023-09-25 10:04:29,user_0128,15.6
11.4968,4970345,117,37.270282,-9.35323,Leiria,141.95,2023-10-07 11:36:32,user_0032,26.7
12.2135,9570361,172,39.308785,-6.777403,Aveiro,136.57,2024-02-19 02:07:34,user_0054,37.9
10.8,1247752,129,41.378717,-6.680025,Lisboa,182.63,2024-03-17 17:15:41,user_0194,17.3
14.3373,4695154,60,37.840858,-6.462588,Faro,149.6,2024-05-10 17:10:02,user_0113,31.6
0.3717,5357777,191,38.555944,-8.867294,Setúbal,174.7,2024-11-23 15:23:17,user_0115,16.0
3.0171,5301288,169,38.88061,-9.076706,Viseu,64.54,2023-09-29 13:40:27,user_0032,33.1
0.2127,116908,75,39.831104,-7.787981,Porto,153.94,2024-07-11 01:14:23,user_0143,31.6
9.7474,2343145,85,41.496271,-8.576449,Setúbal,92.72,2024-02-23 23:06:34,user_0104,31.8
13.4807,5846899,193,38.872696,-7.438589,Leiria,95.4,2024-01-22 12:08:13,user_0055,39.9
3.7279,6796877,171,37.245764,-7.753259,Coimbra,160.88,2023-10-18 13:33:23,user_0041,9.9
13.9128,851563,108,38.639754,-9.007503,Braga,171.08,2024-04-19 04:18:14,user_0127,18.6
0.998,9239320,145,37.850427,-6.98648,Leiria,112.04,2023-07-02 05:11:46,user_0040,27.1
14.0231,5360678,55,40.158872,-6.767133,Porto,170.61,2023-03-24 19:37:10,user_0072,25.7
5.3392,9029750,147,37.046311,-6.225654,Leiria,122.12,2024-06-21 01:01:24,user_0114,32.3
1.6112,8626510,105,38.35965,-8.155168,Viseu,180.07,2023-12-31 07:15:00,user_0177,6.6
7.3395,6612303,185,39.625868,-8.351701,Porto,63.49,2023-10-10 12:01:08,user_0038,29.7
3.926,9983049,143,38.286671,-8.846307,Viseu,71.69,2024-02-15 00:30:21,user_0056,30.8
4.3446,8127678,76,39.654976,-8.885059,Braga,168.69,2023-07-11 02:19:38,user_0034,7.1
4.6786,8212803,169,37.473562,-8.408419,Évora,147.37,2023-07-10 00:16:36,user_0129,23.9
12.0651,8871058,74,41.614027,-6.161823,Porto,138.26,2023-11-22 18:42:17,user_0010,13.6
8.1335,5310074,135,38.354534,-9.186321,Lisboa,145.96,2024-12-28 08:19:00,user_0168,33.1
4.7385,1519598,195,41.515004,-8.618155,Leiria,190.23,2023-07-28 11:18:24,user_0016,6.7
9.194,2659232,61,38.529177,-9.207673,Setúbal,151.78,2024-10-31 00:42:37,user_0174,10.1
10.7706,45807,136,40.809201,-8.569653,Leiria,150.65,2023-12-25 13:49:38,user_0152,8.7
4.1621,1435986,158,38.130937,-9.185835,Braga,166.33,2023-03-31 12:36:27,user_0014,7.3
6.2619,660501,138,40.248845,-7.77175,Braga,181.33,2024-09-14 13:30:59,user_0090,26.0
1.9161,1558274,59,38.518581,-8.009591,Viseu,96.67,2023-11-26 23:47:16,user_0167,35.4
2.7991,9035880,123,39.445796,-8.908229,Braga,146.34,2024-10-18 00:51:23,user_0018,22.9
10.2487,4732369,126,40.269071,-8.905653,Porto,141.76,2023-11-21 22:20:53,user_0084,12.4
2.8034,2938287,103,39.844413,-7.371229,Setúbal,78.88,2023-03-06 02:05:37,user_0169,17.0
7.9249,3764993,151,39.781403,-8.183787,Braga,132.84,2024-05-12 19:24:02,user_0056,17.6
10.6648,309963,186,37.228404,-9.308937,Faro,69.74,2024-09-09 05:31:54,user_0164,20.8
1.6925,4091701,191,38.145384,-6.371345,Faro,85.89,2023-08-22 07:10:39,user_0152,19.7
8.553,1183493,150,39.759196,-8.123162,Viseu,187.81,2023-09-11 14:53:28,user_0090,28.5
3.9228,4741882,122,36.991586,-7.490438,Braga,76.69,2023-02-17 09:43:57,user_0029,16.9
14.4476,9811879,121,38.153221,-6.489599,Braga,141.05,2024-01-31 18:50:32,user_0022,28.2
7.3048,4618219,103,38.045926,-8.132659,Lisboa,105.29,2024-10-12 16:07:51,user_0011,24.1
12.1093,6466780,52,38.149281,-6.709756,Setúbal,137.74,2024-09-13 11:51:47,user_0041,6.7
8.2984,1551726,160,39.578047,-6.389842,Braga,92.9,2024-06-03 14:53:43,user_0177,37.2
0.7468,4391649,145,39.809802,-8.908171,Lisboa,122.21,2024-11-07 22:43:28,user_0139,11.2
9.534,2900203,120,41.44499,-6.465526,Viseu,181.43,2024-04-10 12:30:15,user_0052,20.8
14.2759,1650870,68,38.830155,-9.09257,Leiria,112.67,2024-08-02 09:33:38,user_0067,38.2
9.064,7062215,83,41.532895,-8.564567,Lisboa,109.42,2024-01-07 09:24:02,user_0085,13.7
12.3059,7559012,99,40.159772,-6.752081,Faro,122.46,2023-03-30 14:16:12,user_0075,5.8
13.2747,3620597,95,41.463302,-6.437673,Faro,74.07,2023-05-27 17:10:33,user_0136,22.2
3.4984,5519803,132,41.067361,-7.173928,Porto,114.23,2023-04-12 09:07:22,user_0159,12.8
3.2595,5687136,100,40.337912,-9.143592,Lisboa,60.97,2024-07-30 23:20:09,user_0123,25.4
9.2036,7789573,103,38.680529,-7.721826,Setúbal,130.48,2023-01-20 04:29:46,user_0006,33.6
6.2243,9196670,139,38.105552,-7.553044,Évora,178.71,2024-02-09 10:27:20,user_0081,22.9
12.6139,667538,130,38.011957,-8.541677,Leiria,137.29,2023-09-27 07:19:25,user_0199,27.6
13.5103,4607455,167,41.660869,-6.129594,Aveiro,145.08,2024-08-09 16:09:12,user_0013,28.3
5.366,2013338,68,41.692869,-8.358865,Viseu,64.28,2024-02-07 16:51:15,user_0006,33.7
3.6294,4872691,76,40.524157,-8.785134,Braga,180.33,2024-03-22 17:20:07,user_0195,29.1
11.7298,2062624,196,41.31898,-9.125538,Leiria,113.9,2023-03-04 22:29:42,user_0155,39.2
4.1946,4261663,56,41.494981,-8.213096,Lisboa,196.48,2023-08-14 18:46:24,user_0121,21.0
12.357,2300612,118,39.457781,-7.145096,Setúbal,76.87,2024-12-30 16:54:18,user_0045,6.8
6.4137,4010768,143,40.045298,-8.713182,Viseu,192.25,2024-06-08 18:35:47,user_0106,18.8
10.0465,1325831,162,38.993772,-6.88355,Porto,148.8,2024-01-19 18:11:16,user_0026,34.4
1.5235,7503416,156,38.992454,-9.039636,Viseu,67.33,2024-07-15 11:45:46,user_0004,9.7
9.3955,9293960,169,37.092145,-8.002409,Leiria,196.04,2024-08-24 00:54:22,user_0037,30.8
6.8313,9279863,185,39.069107,-7.111929,Leiria,61.94,2023-02-23 20:06:44,user_0021,23.7
8.8405,1881397,91,40.267449,-9.039948,Aveiro,162.3,2024-12-10 20:05:34,user_0028,36.5
2.6034,3911251,62,39.009911,-7.467336,Évora,184.53,2024-04-13 21:46:19,user_0032,30.6
11.0794,3546434,67,41.262048,-6.783561,Setúbal,84.61,2023-11-25 11:33:11,user_0103,28.1
12.9557,762557,91,38.562815,-7.475134,Porto,108.07,2024-05-11 11:30:34,user_0181,36.0
3.3294,5267382,100,37.56341,-7.761023,Coimbra,138.57,2023-09-09 11:53:56,user_0161,36.8
1.5261,8167575,162,40.957793,-6.649782,Viseu,155.17,2024-10-02 21:51:42,user_0026,18.5
0.4522,2719713,193,40.26974,-6.149571,Évora,182.06,2024-07-23 14:12:23,user_0145,37.5
9.6654,8971541,150,38.109097,-8.883536,Setúbal,166.55,2024-04-12 01:11:22,user_0184,6.9
9.1457,7188106,52,39.582256,-7.149422,Leiria,110.87,2023-05-13 19:59:38,user_0116,31.7
8.2458,321199,128,38.909262,-9.225764,Faro,175.04,2024-12-06 08:57:21,user_0093,16.8
3.556,5362695,147,41.594299,-9.354341,Setúbal,195.25,2023-11-12 19:28:20,user_0030,22.1
5.9245,9315110,199,39.93666,-8.545216,Viseu,91.78,2024-10-26 19:40:44,user_0121,34.3
8.9577,3829994,72,37.691946,-6.198873,Setúbal,70.37,2023-02-10 10:49:59,user_0005,27.3
7.5018,9800354,108,39.410742,-7.622535,Aveiro,119.73,2023-04-01 15:18:10,user_0118,21.0
14.818,2429488,162,41.212784,-8.587877,Aveiro,183.4,2023-04-22 16:49:51,user_0006,10.7
2.133,7392053,117,40.257483,-9.049207,Setúbal,81.04,2023-05-01 04:47:31,user_0106,37.9
10.4577,29092,103,41.11226,-6.371376,Aveiro,184.01,2023-08-24 13:00:58,user_0124,16.6
6.1243,5113050,106,38.151997,-8.267954,Évora,198.91,2024-06-01 19:29:56,user_0190,8.5
6.4802,7709019,160,41.341757,-8.457229,Lisboa,67.56,2023-09-10 14:19:27,user_0138,24.7
10.7922,657191,109,40.678057,-6.582924,Faro,129.34,2024-11-17 20:38:20,user_0070,19.2
10.4173,883435,122,40.544569,-7.44503,Viseu,106.04,2024-10-15 07:06:07,user_0138,25.7
14.8697,4081534,104,38.632705,-8.926637,Viseu,115.12,2024-09-09 12:45:30,user_0106,13.2
2.0131,8260768,166,41.33829,-8.066864,Viseu,123.23,2023-07-02 22:36:18,user_0044,18.3
1.6512,3509934,112,40.089897,-6.344014,Faro,163.56,2024-04-08 14:12:00,user_0056,39.0
10.8926,7988597,104,41.159197,-6.435908,Viseu,142.78,2024-02-07 02:44:29,user_0132,37.8
8.718,207580,74,38.704857,-9.261627,Leiria,194.57,2023-04-02 08:59:00,user_0013,35.3
4.185,769032,75,37.62826,-8.586715,Évora,106.59,2023-08-10 01:29:13,user_0122,32.3
1.2833,3772380,112,38.561686,-8.974566,Évora,135.81,2024-01-25 10:32:06,user_0019,10.5
1.3763,8865465,122,39.176322,-7.68504,Viseu,173.87,2024-01-02 21:04:53,user_0198,21.3
13.4234,8399625,128,39.567037,-6.950057,Porto,112.22,2023-05-04 02:30:03,user_0090,30.5
2.9588,6065925,114,39.454046,-8.495153,Aveiro,125.14,2024-11-18 08:57:15,user_0190,14.2
4.9182,3931895,118,39.630273,-6.922813,Braga,155.9,2023-04-23 13:29:00,user_0009,6.2
3.4772,3100786,58,41.108529,-7.226367,Leiria,180.5,2024-04-25 20:59:59,user_0046,19.6
5.3894,7285880,75,37.750506,-7.024044,Setúbal,118.2,2024-06-10 01:29:09,user_0056,19.9
1.1344,2651788,77,38.480256,-6.275971,Leiria,134.47,2024-03-17 18:02:01,user_0074,7.3
7.834,209720,89,41.343042,-8.05632,Leiria,196.52,2024-09-07 01:07:32,user_0040,16.2
1.1074,2218222,192,39.702291,-8.335269,Évora,65.95,2024-02-16 10:35:16,user_0067,37.1
12.0253,3990919,183,39.816949,-7.174919,Viseu,122.75,2024-08-25 10:08:21,user_0113,13.8
3.5823,8302089,76,39.290313,-6.754306,Aveiro,149.04,2023-01-21 17:06:12,user_0083,24.9
8.1462,3015624,87,39.644873,-8.849086,Porto,61.18,2023-02-03 04:29:26,user_0062,22.1
13.2132,6553968,134,37.890399,-6.620881,Faro,143.55,2024-04-13 06:16:09,user_0174,35.2
9.7981,7900171,113,39.634334,-9.303302,Braga,67.87,2024-02-26 01:01:55,user_0134,27.9
8.0411,1695625,79,41.885866,-9.478261,Lisboa,180.06,2024-04-20 07:47:49,user_0029,10.5
4.9326,8283032,148,39.730238,-8.961348,Setúbal,172.99,2024-07-13 21:07:18,user_0019,10.0
5.0617,7016611,180,37.122012,-6.172532,Leiria,64.52,2023-11-01 02:36:01,user_0114,24.5
10.0754,3837478,61,40.882178,-7.719878,Porto,66.83,2024-04-11 11:07:32,user_0108,6.6
14.9127,4024537,140,38.882377,-9.341671,Leiria,165.51,2023-12-30 13:37:36,user_0143,18.8
9.9614,2780877,79,37.668381,-6.109603,Aveiro,111.74,2024-04-02 19:54:48,user_0057,19.0
8.411,3031863,87,41.212599,-6.967302,Leiria,140.5,2023-07-31 11:02:50,user_0038,11.9
10.9867,1150311,134,37.889866,-6.650783,Faro,97.85,2024-11-29 08:30:39,user_0021,15.5
7.0316,1595776,109,41.503837,-8.776002,Porto,84.22,2023-12-19 13:11:35,user_0051,16.5
0.9961,3117173,87,39.108982,-9.141472,Viseu,101.45,2024-08-10 10:08:11,user_0167,5.4
8.4782,8051964,153,40.613954,-7.748711,Viseu,94.54,2024-05-15 01:02:22,user_0020,33.2
14.3686,4825885,192,39.634979,-6.874603,Setúbal,122.76,2023-08-06 03:02:29,user_0002,38.5
2.712,3244811,195,38.183134,-7.331546,Évora,164.53,2023-02-23 06:29:14,user_0032,15.1
10.3811,5880823,78,40.255451,-7.354398,Braga,137.58,2023-02-13 17:40:34,user_0111,8.9
3.0939,3033932,161,41.689563,-6.925873,Setúbal,145.28,2023-11-17 21:53:18,user_0092,38.4
8.0838,621747,70,40.748185,-8.728129,Setúbal,125.81,2023-12-20 12:04:47,user_0132,30.9
1.5405,1281258,194,39.92009,-7.250834,Aveiro,105.46,2023-05-29 22:28:59,user_0007,36.2
6.8105,4623190,195,41.853141,-8.166824,Lisboa,80.09,2024-03-18 20:41:16,user_0003,17.6
11.3668,4423475,168,38.226633,-9.262838,Coimbra,109.64,2023-08-17 04:26:43,user_0025,21.9
5.2788,4361862,109,37.211707,-8.812715,Lisboa,153.13,2024-06-08 09:43:03,user_0112,37.6
10.0072,983061,189,37.060654,-6.800387,Aveiro,162.73,2024-06-19 23:10:46,user_0009,21.1
11.9522,296412,162,40.453439,-6.453836,Porto,125.69,2024-09-20 08:49:10,user_0026,28.5
13.9149,9886726,178,41.051162,-8.538406,Aveiro,150.3,2024-12-13 00:33:16,user_0064,29.7
3.5962,1594362,107,40.075503,-8.852773,Braga,89.48,2023-04-06 11:01:22,user_0018,34.3
6.0498,6318653,52,41.425133,-9.409137,Aveiro,180.41,2023-09-28 11:51:51,user_0091,39.1
2.371,9396313,198,40.38988,-6.277829,Setúbal,181.23,2024-02-15 00:07:45,user_0002,16.7
14.888,6400231,72,38.754773,-7.174893,Lisboa,104.85,2023-08-21 22:54:37,user_0001,13.7
13.9123,8151496,186,37.806291,-6.246098,Évora,136.68,2023-12-07 12:35:57,user_0048,7.7
8.1454,5040360,132,41.523237,-6.562913,Évora,144.93,2023-07-15 06:06:13,user_0191,35.0
12.6463,7156065,104,37.417986,-8.342414,Setúbal,126.14,2023-06-30 23:32:19,user_0107,15.2
7.8623,7451062,159,39.614942,-9.116878,Lisboa,187.56,2023-03-12 16:08:24,user_0164,6.7
9.3914,8705398,165,38.47004,-7.803207,Faro,163.56,2023-07-31 20:30:51,user_0191,35.3
1.428,3547480,196,38.257075,-9.408833,Lisboa,154.15,2023-10-08 10:18:18,user_0075,22.8
11.3535,3787415,111,40.129174,-8.990283,Lisboa,132.81,2024-03-25 05:24:46,user_0026,34.3
2.0029,8434320,136,38.056185,-8.706329,Setúbal,71.88,2023-07-01 05:41:43,user_0006,24.4
12.4084,4528268,149,41.481826,-7.236802,Aveiro,75.09,2024-09-23 16:11:14,user_0026,16.0
11.7522,2222494,76,38.93022,-7.766417,Lisboa,101.86,2023-04-27 13:56:17,user_0043,9.5
10.6603,487707,83,40.286877,-8.471774,Porto,89.61,2023-08-28 00:40:32,user_0122,20.3
0.6388,92091,82,40.538779,-7.579787,Faro,193.35,2024-02-26 17:04:36,user_0129,5.9
4.6166,5590938,141,40.314708,-9.074311,Aveiro,117.37,2023-08-17 06:45:55,user_0009,26.1
4.0204,893150,145,41.417001,-6.930592,Coimbra,182.72,2024-07-11 01:53:11,user_0027,20.0
5.466,6506016,197,38.055654,-7.079081,Faro,174.53,2023-12-30 17:36:44,user_0071,10.0
1.4059,8924435,144,37.330273,-8.763891,Viseu,173.76,2024-01-11 17:58:45,user_0117,23.6
14.0607,8042153,87,37.177328,-7.438269,Faro,90.2,2023-12-31 02:16:12,user_0118,33.0
8.3517,9320804,90,41.289221,-7.788771,Braga,122.63,2023-08-14 05:37:45,user_0003,39.1
4.6523,5518358,186,41.766435,-9.293225,Setúbal,104.51,2023-01-17 22:02:55,user_0189,23.5
6.015,8286151,186,38.412633,-8.554277,Faro,195.86,2024-11-21 00:28:43,user_0130,9.5
6.7633,3940063,128,40.36757,-6.101759,Porto,182.74,2024-01-04 23:23:13,user_0124,33.4
9.0489,8810351,177,36.944564,-9.161579,Viseu,94.99,2024-12-06 16:20:59,user_0074,29.4
7.7836,7224589,71,37.843158,-7.778202,Coimbra,103.89,2023-06-07 01:19:49,user_0081,38.4
13.7989,9952090,65,40.346372,-6.612265,Coimbra,134.05,2023-09-15 14:43:19,user_0159,23.7
7.5048,1525068,81,37.229436,-8.477784,Évora,99.0,2023-02-06 21:28:04,user_0065,17.5
14.8832,3337013,191,39.24255,-8.613591,Évora,175.43,2023-12-28 06:32:47,user_0122,38.7
12.7862,7716492,87,40.212916,-6.471304,Leiria,174.69,2024-10-06 02:35:15,user_0146,23.8
3.2068,2135896,147,40.729791,-8.463578,Viseu,161.41,2024-04-22 14:38:09,user_0134,5.6
13.9659,4572530,185,39.16908,-7.284923,Porto,156.5,2023-12-10 12:40:54,user_0102,21.6
1.8339,2416738,70,40.05142,-6.982936,Setúbal,136.62,2024-01-27 18:49:18,user_0042,5.1
12.28,6158382,105,39.597878,-6.8187,Porto,108.6,2024-09-10 10:27:35,user_0111,30.8
5.7713,2332127,95,37.161529,-6.117817,Leiria,177.17,2023-11-11 13:51:16,user_0196,24.8
13.1818,1926252,92,40.614023,-6.769147,Porto,180.24,2024-10-06 04:37:27,user_0104,8.8
13.034,2074278,169,37.76181,-7.266159,Setúbal,66.93,2024-06-15 01:56:28,user_0004,33.5
12.1083,4983926,95,37.059028,-6.455424,Aveiro,115.81,2024-07-11 14:46:13,user_0099,23.8
11.8715,4334165,97,39.15584,-6.420468,Setúbal,63.73,2023-09-25 03:13:20,user_0132,9.0
4.6397,9469309,133,41.228188,-6.191234,Braga,177.53,2023-10-20 10:11:24,user_0065,10.6
1.3057,1278343,80,37.654147,-6.860018,Faro,84.79,2024-02-21 07:20:03,user_0041,33.8
6.1044,3032115,120,36.964288,-8.837247,Coimbra,154.34,2023-05-23 02:21:39,user_0171,17.4
2.6855,690778,57,37.449896,-7.086659,Lisboa,110.03,2024-02-08 20:27:56,user_0183,33.7
10.4548,4044064,179,38.718296,-9.244563,Faro,174.25,2023-02-23 16:16:34,user_0147,7.4
5.2569,8566765,194,39.800859,-8.418926,Viseu,131.36,2024-01-04 02:33:24,user_0149,13.5
14.6366,6634699,101,37.865061,-9.106254,Faro,105.42,2024-07-12 00:21:36,user_0186,31.8
9.6505,2350959,94,40.90982,-6.270195,Évora,105.34,2023-07-24 04:42:22,user_0158,27.5
12.355,9000317,86,40.666486,-8.348236,Évora,105.77,2024-12-23 00:52:08,user_0116,15.7
2.0746,5959322,93,40.379318,-7.075067,Porto,170.4,2024-05-11 16:35:03,user_0135,37.8
12.944,6036207,166,39.337349,-7.557517,Coimbra,159.56,2023-03-28 17:34:08,user_0197,12.4
13.8491,9618567,87,38.726085,-9.134461,Lisboa,104.69,2024-12-12 19:27:03,user_0064,34.7
7.3572,3343867,148,38.777933,-7.591429,Faro,128.63,2023-10-15 13:11:34,user_0002,29.4
9.1332,6362473,173,39.415353,-7.25252,Faro,70.66,2024-08-03 06:35:57,user_0115,9.2
11.4957,2642800,55,37.286573,-6.502841,Coimbra,175.85,2023-09-05 12:46:28,user_0195,24.4
2.7051,8181311,117,40.311527,-9.261709,Viseu,97.23,2024-11-16 10:22:44,user_0128,37.5
7.5882,1658332,150,38.657538,-8.494844,Évora,184.49,2024-07-05 02:59:23,user_0079,26.7
6.0401,4451441,183,38.023794,-7.146041,Setúbal,143.55,2023-05-26 07:29:38,user_0101,23.5
2.281,9738259,62,38.291635,-9.383272,Viseu,139.49,2024-01-07 15:49:35,user_0119,17.8
5.5763,5018768,79,37.801471,-8.807918,Braga,82.78,2024-01-01 01:21:53,user_0074,32.6
1.1158,771279,149,41.40784,-8.756521,Porto,69.73,2023-02-03 01:42:53,user_0009,37.0
0.4846,8076818,51,37.745188,-7.22429,Coimbra,137.37,2023-04-11 00:52:38,user_0023,31.4
2.114,4074999,107,41.314631,-8.527734,Leiria,125.52,2023-09-01 02:52:23,user_0014,30.4
14.4504,663431,85,39.761217,-7.461375,Viseu,76.76,2023-12-12 19:59:51,user_0054,11.7
8.288,8966309,121,41.237255,-6.217815,Faro,176.98,2023-11-30 14:26:22,user_0124,34.2
14.4908,1588404,186,39.270321,-6.802974,Lisboa,118.41,2024-03-18 13:41:03,user_0045,6.4
6.5442,8641123,175,41.538169,-8.36813,Braga,96.46,2024-01-12 07:39:37,user_0016,31.5
4.7461,3892825,126,37.957454,-7.89384,Leiria,170.36,2023-08-28 09:57:41,user_0200,12.4
7.6415,5353374,99,39.673459,-8.817709,Évora,187.83,2024-03-23 12:57:12,user_0102,22.1
6.6487,2871083,81,37.529193,-9.446552,Braga,102.83,2023-04-29 15:02:09,user_0095,29.3
1.6744,8998331,147,39.136101,-8.514968,Lisboa,168.63,2024-12-24 03:35:15,user_0109,31.6
9.6483,4738379,92,39.749518,-8.244011,Coimbra,151.35,2024-06-23 16:52:30,user_0185,36.1
3.319,8671734,174,39.928376,-7.581152,Leiria,198.56,2023-08-07 10:35:08,user_0136,14.9
9.3319,6542224,144,38.727644,-6.290173,Évora,88.56,2023-09-03 13:15:46,user_0025,12.9
9.788,2644046,127,37.281678,-6.277303,Faro,194.5,2024-08-27 15:37:48,user_0169,39.9
2.3652,6403679,103,40.17663,-9.261666,Setúbal,104.14,2024-01-24 14:35:37,user_0062,12.3
1.0141,5814104,96,39.342159,-7.410205,Lisboa,117.67,2024-06-01 09:07:17,user_0077,28.3
11.7333,3763302,63,37.584394,-9.356001,Évora,110.24,2023-08-07 20:19:50,user_0146,38.3
6.951,926097,104,41.57938,-7.296524,Faro,97.58,2024-08-18 11:55:10,user_0050,36.4
0.9666,1983438,112,41.678343,-9.09981,Évora,157.05,2023-09-26 21:37:43,user_0169,20.5
14.9235,5193951,68,41.183031,-6.28223,Faro,142.48,2024-05-06 21:05:16,user_0034,27.3
0.9609,383609,140,41.119342,-6.561248,Faro,102.8,2024-12-16 07:48:48,user_0100,23.5
10.456,3105003,186,37.393356,-9.424082,Braga,78.51,2024-03-02 02:27:41,user_0114,17.1
14.7568,1863082,150,41.867101,-6.840752,Faro,104.43,2024-08-04 15:08:39,user_0081,10.1
3.6638,2510963,86,38.901903,-7.33795,Aveiro,113.37,2024-06-13 11:40:48,user_0012,33.1
2.2195,1753313,156,37.715606,-7.815745,Aveiro,113.29,2024-05-17 06:31:29,user_0077,8.2
1.9086,2386149,141,40.960509,-7.451043,Porto,110.02,2023-01-20 10:51:29,user_0075,26.3
4.6188,3481591,101,38.028654,-7.19395,Lisboa,66.82,2023-12-13 10:49:13,user_0170,25.8
1.6056,5766392,77,39.530877,-6.492845,Porto,124.96,2024-12-06 23:04:42,user_0055,16.7
10.4132,2803005,85,37.54008,-6.890984,Évora,177.07,2024-07-25 12:28:40,user_0092,9.7
1.0281,9674961,165,39.273229,-7.543715,Braga,85.25,2024-07-20 14:21:31,user_0187,33.0
7.6904,2264719,113,39.690707,-6.696307,Aveiro,80.39,2024-02-26 16:09:16,user_0179,21.2
14.9508,5256583,67,39.12962,-6.144462,Coimbra,126.06,2024-06-10 14:55:47,user_0088,30.4
12.2282,3044221,138,37.247434,-8.479381,Viseu,111.88,2024-03-01 23:19:40,user_0181,5.6
9.2668,4126553,127,39.324695,-9.09737,Viseu,138.58,2023-05-05 11:22:16,user_0009,7.6
4.6632,5098227,139,39.244714,-7.013076,Aveiro,192.59,2024-04-04 04:31:20,user_0003,11.2
9.396,1661342,57,38.208101,-6.172772,Porto,166.52,2024-03-28 09:46:16,user_0118,9.0
7.9529,9208201,64,41.508008,-9.1032,Faro,156.19,2024-09-06 01:14:52,user_0136,11.7
6.4486,5645812,56,38.988962,-8.032195,Setúbal,118.23,2023-04-18 21:01:49,user_0187,29.0
2.0476,5218907,66,41.220579,-9.28829,Lisboa,100.23,2024-05-11 22:20:06,user_0030,6.6
13.3104,2916933,135,37.448319,-6.859791,Lisboa,135.64,2023-01-24 01:06:55,user_0067,6.3
6.8018,7710611,167,38.494386,-6.27439,Leiria,183.96,2024-11-23 04:33:16,user_0055,6.1
2.9999,8257668,113,37.781654,-7.80342,Faro,182.74,2023-03-22 05:22:10,user_0162,29.4
5.5796,6273672,61,38.942054,-8.107628,Coimbra,122.37,2023-01-14 19:46:57,user_0123,23.8
6.2705,5573945,105,37.458183,-6.413755,Lisboa,94.47,2023-08-17 23:53:32,user_0043,18.0
12.4303,4886202,150,39.105174,-9.046479,Braga,91.55,2023-04-21 13:04:32,user_0156,28.6
11.0309,9405391,65,38.669354,-6.468613,Coimbra,64.76,2024-05-19 01:33:52,user_0165,24.4
11.5626,3906997,51,38.016575,-8.166772,Faro,177.97,2023-10-27 13:48:43,user_0158,5.3
0.2644,6466751,177,40.110897,-7.598018,Viseu,97.08,2024-07-19 17:30:53,user_0071,34.3
6.3007,785786,141,41.654557,-7.703807,Faro,110.26,2024-11-02 23:31:37,user_0062,17.3
7.272,2427667,154,37.935567,-7.405671,Viseu,173.29,2024-09-29 03:45:58,user_0110,19.0
0.386,5311154,80,40.458954,-6.296781,Aveiro,76.8,2024-06-21 03:52:08,user_0029,32.4
3.9712,6557734,96,40.611904,-6.266168,Braga,124.57,2023-02-15 11:10:05,user_0115,11.5
11.4283,563889,92,39.390603,-6.674096,Évora,77.13,2023-04-11 19:12:18,user_0002,5.4
2.1429,277834,114,41.388342,-8.84875,Setúbal,121.86,2023-06-01 08:37:36,user_0090,36.8
8.0761,5506933,99,41.73195,-8.366044,Viseu,66.6,2023-08-26 06:52:04,user_0105,22.7
3.3065,5585056,50,38.711232,-7.841396,Viseu,132.47,2024-04-28 10:12:48,user_0057,17.2
0.2806,4730654,193,40.155166,-6.421433,Viseu,171.4,2024-01-19 14:21:34,user_0185,33.7
3.6939,3894325,171,40.211063,-7.72906,Setúbal,154.68,2023-08-18 00:56:43,user_0042,5.9
14.6405,5379105,77,38.918178,-6.176719,Viseu,131.28,2023-05-07 10:09:21,user_0049,12.1
12.0429,3244998,135,38.483955,-6.15494,Leiria,176.03,2024-10-27 20:24:55,user_0185,10.4
14.3977,3998585,131,41.568721,-7.464814,Évora,91.89,2023-09-07 21:34:09,user_0199,30.8
7.369,2816112,71,40.849908,-6.516516,Évora,176.31,2023-09-16 15:06:28,user_0018,15.9
1.7351,6900725,90,37.472323,-6.102643,Lisboa,98.69,2024-07-17 13:15:39,user_0198,32.1
8.2646,1732141,125,37.49942,-6.610964,Lisboa,110.75,2024-06-10 06:35:53,user_0027,6.5
6.8702,9224152,196,41.512714,-7.266503,Leiria,77.98,2024-04-14 14:46:31,user_0118,26.3
12.6809,8675237,138,37.307049,-6.626546,Leiria,74.25,2024-05-21 02:50:57,user_0054,16.1
1.5614,6905043,108,40.342107,-9.218973,Viseu,190.5,2024-03-21 08:32:30,user_0152,11.5
7.3748,6134896,118,38.033791,-7.341608,Braga,86.6,2023-05-21 08:28:05,user_0162,33.6
2.3357,1634461,172,37.075927,-8.763825,Aveiro,106.66,2023-06-29 23:00:54,user_0150,19.4
4.9377,2887569,123,37.198188,-9.105384,Leiria,134.08,2024-02-12 09:40:41,user_0063,25.0
11.0866,1746988,56,38.767611,-6.464238,Lisboa,108.7,2023-06-14 03:40:13,user_0164,6.2
7.1927,4896986,150,37.287942,-7.325207,Braga,181.82,2024-12-11 05:23:39,user_0092,32.7
5.7007,1020346,160,39.883196,-8.671942,Setúbal,186.1,2023-08-06 06:12:25,user_0084,15.0
5.9777,1886522,101,40.136273,-8.18494,Coimbra,105.64,2023-07-30 23:21:08,user_0061,29.3
6.9458,5523632,73,38.767343,-6.19086,Aveiro,72.88,2023-06-01 07:30:25,user_0082,31.6
11.7967,3119331,75,40.61439,-6.568581,Leiria,89.42,2024-05-29 15:23:39,user_0042,9.1
13.3921,7301078,174,39.350213,-9.447022,Évora,126.42,2023-08-20 10:33:13,user_0096,15.4
14.3345,4003487,139,39.051143,-6.168677,Lisboa,100.39,2023-09-12 15:01:53,user_0161,30.3
11.8249,834938,171,38.93494,-8.247,Porto,123.49,2024-11-12 14:25:50,user_0074,13.1
4.7996,807400,59,39.055532,-7.135578,Lisboa,166.22,2024-08-03 15:30:06,user_0137,34.7
10.3532,6505134,66,41.739438,-7.0769,Leiria,118.89,2023-07-19 14:58:33,user_0119,15.9
6.6203,6472036,51,40.307035,-6.400273,Coimbra,87.58,2023-03-30 23:14:03,user_0025,19.1
3.8946,3931792,161,38.476049,-6.490793,Viseu,110.12,2024-05-08 22:25:18,user_0141,8.5
12.629,4367207,76,40.569299,-8.542119,Aveiro,164.02,2023-10-05 04:14:31,user_0047,10.2
0.6726,3581877,120,38.551337,-7.311979,Faro,119.37,2024-12-16 12:24:45,user_0122,14.6
13.5363,8043732,167,37.528575,-8.161402,Faro,94.94,2024-08-20 09:58:23,user_0173,6.7
6.976,4297255,58,39.276802,-7.713151,Faro,119.84,2024-11-27 20:44:50,user_0133,11.8
9.5943,4149570,135,40.655119,-7.614093,Faro,123.67,2024-08-10 08:52:09,user_0031,19.3
9.9244,8694353,72,38.7883,-8.152432,Braga,101.49,2023-08-01 00:43:49,user_0159,18.3
13.4373,1779892,122,41.245871,-7.92276,Setúbal,199.4,2023-07-29 23:17:00,user_0098,12.0
9.5864,6363634,76,38.834764,-8.791636,Lisboa,167.47,2024-06-05 07:45:19,user_0199,7.8
9.2476,9597010,142,38.649195,-7.434002,Aveiro,156.94,2023-09-10 20:17:19,user_0169,16.1
1.0931,7252270,130,41.89122,-6.919537,Coimbra,179.68,2023-11-19 22:25:46,user_0115,31.1
7.8243,5518225,133,39.31236,-8.03888,Setúbal,153.3,2023-07-07 04:53:54,user_0174,22.9
2.3375,920243,92,40.926106,-6.175888,Porto,170.74,2023-12-16 17:28:07,user_0052,38.1
11.0878,3421103,56,40.92494,-9.30543,Porto,117.75,2023-05-28 12:13:53,user_0107,9.9
7.7321,3402410,141,41.531847,-7.496854,Aveiro,130.05,2024-01-29 03:53:06,user_0086,12.3
10.2354,9578891,132,37.324475,-7.515757,Lisboa,66.58,2024-11-12 02:34:45,user_0133,14.8
0.7209,8809609,133,38.256101,-9.376593,Aveiro,99.29,2024-05-23 04:55:16,user_0012,5.5
1.3634,2835309,93,40.73874,-8.736461,Viseu,111.52,2023-04-11 05:01:19,user_0021,38.0
10.7732,8400944,89,39.713007,-6.421155,Viseu,147.57,2024-03-25 10:39:41,user_0009,20.6
1.1741,5058211,184,39.698075,-7.648652,Lisboa,124.99,2024-03-04 09:16:13,user_0093,21.9
1.1617,9857812,74,37.731077,-8.016288,Leiria,145.1,2023-06-26 23:51:53,user_0091,10.5
0.2804,7422244,108,38.305765,-8.087312,Lisboa,159.87,2024-05-03 23:29:27,user_0145,35.5
14.3519,2958963,190,39.50667,-6.480253,Coimbra,65.98,2024-01-23 15:50:48,user_0104,29.2
11.0889,3191319,152,38.285907,-8.252094,Leiria,96.16,2024-04-10 16:47:20,user_0152,20.1
5.3634,5042486,135,37.951414,-6.578833,Lisboa,83.93,2023-02-08 07:38:39,user_0155,35.7
4.5184,2979718,161,37.33878,-8.448745,Leiria,86.24,2023-10-29 17:02:23,user_0136,36.7
5.3106,3768553,135,37.67863,-7.692886,Aveiro,130.44,2024-06-07 16:06:47,user_0172,6.7
11.6423,8677980,147,40.744339,-9.011013,Faro,163.6,2023-03-15 09:32:48,user_0062,9.2
9.9544,8403037,111,40.493896,-6.694897,Setúbal,98.19,2024-07-16 15:49:16,user_0029,6.0
2.8594,9521478,57,37.129168,-6.997685,Faro,175.42,2023-01-04 18:46:44,user_0083,25.4
2.6942,8325344,162,37.91642,-7.697684,Coimbra,184.94,2024-02-06 18:10:37,user_0074,12.6
1.5661,7717753,195,39.702277,-9.411936,Viseu,109.07,2024-11-09 05:49:35,user_0152,34.6
9.9385,5426967,109,38.513139,-7.863725,Coimbra,155.39,2023-10-25 01:01:06,user_0034,21.3
11.4892,9263114,109,41.016248,-8.734332,Viseu,76.39,2024-11-13 13:45:44,user_0060,34.3
4.0492,3476808,155,40.824947,-8.094527,Aveiro,164.16,2024-10-03 05:33:40,user_0104,24.4
0.4121,9232418,51,41.357903,-6.58815,Aveiro,83.1,2023-12-15 12:53:53,user_0159,32.9
1.3244,6917571,140,39.714656,-6.883349,Leiria,156.24,2023-05-26 14:28:07,user_0115,18.0
14.5211,8341219,63,38.660382,-8.67736,Braga,119.07,2024-12-04 15:46:26,user_0132,38.1
4.5021,4394203,97,39.930323,-6.151158,Viseu,189.98,2023-08-23 10:51:29,user_0137,28.4
11.5614,4622776,152,37.345683,-6.429084,Aveiro,125.02,2024-04-16 12:07:53,user_0090,25.8
9.4075,8596108,105,36.94793,-7.70251,Braga,64.33,2024-10-24 19:03:19,user_0077,17.3
5.7909,5214802,61,36.985468,-7.697489,Porto,127.29,2023-03-07 07:21:06,user_0121,37.8
3.1647,5556452,104,38.937715,-6.435696,Porto,171.37,2024-02-24 02:48:58,user_0182,16.8
1.9087,6664102,159,38.040388,-7.337108,Leiria,150.59,2024-01-26 15:52:04,user_0001,34.3
9.2637,6865999,53,37.686689,-7.675259,Coimbra,195.28,2024-06-11 21:01:18,user_0189,19.2
11.642,7562635,85,39.97663,-6.952895,Faro,178.06,2024-11-14 18:26:51,user_0073,31.9
9.6942,9479622,180,41.875475,-8.70067,Porto,133.72,2024-10-28 15:47:05,user_0159,36.9
8.0015,4435786,50,37.788766,-6.513517,Leiria,88.91,2023-05-08 19:08:05,user_0088,21.3
0.7251,2862750,66,39.632107,-7.693188,Évora,60.53,2024-10-06 00:55:54,user_0045,23.4
14.5305,7085757,111,37.498638,-7.448102,Braga,197.27,2023-05-09 07:49:05,user_0060,16.6
12.0008,6785932,97,41.571182,-9.194191,Setúbal,191.36,2024-11-02 08:00:06,user_0086,6.9
4.463,4906526,111,38.358776,-8.44767,Évora,98.38,2024-12-28 22:26:59,user_0103,27.8
14.7016,2578305,118,41.291699,-8.0491,Setúbal,149.35,2023-10-17 19:20:41,user_0087,9.2
9.068,1255950,196,38.315382,-8.092708,Viseu,162.09,2023-12-28 15:07:33,user_0119,17.4
8.7781,8277304,152,40.930262,-6.853833,Viseu,140.92,2024-11-14 17:23:06,user_0042,17.2
11.2463,9939139,159,37.946907,-8.540104,Setúbal,178.01,2024-12-03 08:32:30,user_0155,10.3
12.1954,3696458,140,38.363947,-8.880829,Aveiro,70.9,2024-11-07 00:12:55,user_0186,28.3
9.8815,1615270,163,37.862377,-7.519101,Aveiro,185.51,2024-10-02 00:32:25,user_0197,11.1
2.0086,1089100,138,38.221299,-7.408949,Faro,114.88,2023-01-07 18:21:38,user_0081,32.2
5.1402,6445860,105,41.074329,-9.086617,Coimbra,127.3,2024-02-19 14:41:30,user_0162,13.7
13.9284,5925803,127,40.095162,-9.491607,Faro,122.26,2023-03-20 07:54:29,user_0010,15.1
3.4468,4675195,63,38.929398,-6.379993,Leiria,134.38,2024-12-18 14:03:10,user_0123,17.0
5.6453,8131526,74,41.757605,-9.229234,Viseu,143.74,2023-07-27 17:31:12,user_0194,10.3
6.5379,8957541,181,39.224308,-6.447252,Setúbal,159.45,2024-12-23 01:01:21,user_0111,20.2
6.6471,384903,81,41.7488,-8.142669,Braga,133.49,2024-02-01 14:37:28,user_0025,7.8
9.2328,7609420,131,37.882935,-7.27961,Braga,155.87,2023-12-27 13:20:44,user_0003,19.9
14.1518,9170216,127,41.423192,-8.86891,Lisboa,107.36,2024-11-16 03:34:47,user_0162,16.9
3.6863,9554634,155,36.969111,-6.698682,Faro,191.14,2024-09-13 06:33:59,user_0071,16.8
1.9104,1768407,69,39.626516,-8.887342,Setúbal,69.03,2023-12-08 15:43:25,user_0028,28.1
3.0423,8105925,123,39.015262,-8.185869,Aveiro,136.38,2023-05-21 18:03:20,user_0137,31.9
13.3152,5521980,59,39.525439,-8.690712,Leiria,72.24,2023-03-24 05:34:16,user_0011,17.5
9.7226,7249433,172,39.667224,-6.65248,Évora,121.99,2023-04-29 14:53:58,user_0093,14.2
4.36,5125702,83,38.845157,-6.581658,Lisboa,96.06,2023-12-02 00:10:53,user_0118,22.3
12.2576,1540710,89,41.890989,-8.235102,Évora,191.17,2023-07-07 19:16:50,user_0124,32.6
12.9344,3346386,176,41.782536,-8.454913,Viseu,61.83,2023-05-16 22:12:27,user_0167,27.6
12.7131,5783877,82,41.708727,-6.869878,Leiria,114.77,2024-06-21 17:32:43,user_0093,6.3
13.792,6672028,120,41.795425,-6.513059,Coimbra,169.49,2024-07-31 06:14:58,user_0141,21.8
3.8584,6461202,186,40.865062,-7.378332,Évora,86.38,2024-02-19 11:31:37,user_0099,39.7
11.3501,9955651,193,41.842952,-6.346828,Leiria,174.18,2024-07-06 19:35:37,user_0011,17.4
6.962,4294329,182,41.361801,-8.197651,Lisboa,180.36,2023-05-09 02:40:15,user_0035,20.4
12.6458,7750981,147,38.979663,-8.983586,Viseu,159.12,2024-09-16 23:41:12,user_0008,15.1
10.9545,1199728,173,40.823886,-8.889214,Leiria,89.27,2024-10-16 20:11:21,user_0007,22.4
11.6691,1543992,92,41.460339,-7.222571,Coimbra,98.09,2024-08-26 16:51:42,user_0069,10.6
9.8768,1959484,163,40.46303,-8.11441,Aveiro,83.37,2024-01-12 03:43:01,user_0070,13.6
2.7437,767128,138,39.013912,-8.96853,Braga,85.77,2023-03-05 07:38:44,user_0185,29.9
8.2209,4509408,62,37.228951,-8.506429,Porto,65.11,2024-05-03 13:21:45,user_0115,9.8
14.7716,2331774,177,40.948485,-7.695943,Aveiro,180.02,2023-05-15 21:21:59,user_0124,37.4
14.0671,434368,188,41.663714,-9.087086,Aveiro,133.99,2023-04-13 15:31:12,user_0163,15.8
0.7433,6077449,101,38.712316,-9.488296,Braga,105.89,2023-08-25 05:30:04,user_0011,25.1
2.5557,2834523,66,37.65953,-6.381187,Aveiro,100.54,2023-07-01 01:47:05,user_0166,16.3
2.0628,1167498,62,38.532519,-8.463472,Setúbal,136.26,2023-07-10 08:57:28,user_0091,21.7
10.9171,8905184,133,39.813112,-8.746906,Viseu,105.74,2023-06-21 22:19:56,user_0085,36.6
12.285,3791296,146,38.484645,-7.125165,Leiria,180.92,2024-07-04 05:48:59,user_0049,7.4
3.2813,9876812,155,39.953094,-6.598431,Viseu,89.53,2024-11-27 10:41:24,user_0035,35.0
7.6372,7020480,145,41.734261,-7.350252,Setúbal,183.52,2023-08-09 10:05:28,user_0157,24.5
12.6265,2933811,57,40.253672,-8.634759,Aveiro,152.97,2024-06-11 16:54:06,user_0088,28.3
11.0187,3833538,105,38.713297,-6.570435,Porto,193.93,2023-01-09 08:21:14,user_0169,7.0
8.1793,8919757,153,41.578765,-7.764548,Lisboa,62.12,2024-04-22 04:31:57,user_0109,31.6
8.8962,238366,132,39.728176,-8.203951,Viseu,68.27,2024-05-20 17:18:20,user_0134,9.5
7.6746,9254326,93,37.541862,-7.443931,Viseu,130.13,2023-02-15 08:25:05,user_0010,38.8
4.5335,6877037,152,39.394905,-7.117918,Porto,187.73,2023-03-28 07:17:57,user_0084,33.0
8.5188,4407900,161,40.168182,-7.480978,Coimbra,162.31,2023-08-12 23:14:49,user_0085,22.3
10.3644,8457123,198,41.091272,-6.371165,Viseu,147.1,2023-10-23 22:53:56,user_0151,37.3
13.1125,8805348,91,41.582384,-7.364739,Leiria,64.42,2024-01-02 20:09:31,user_0174,10.9
9.5807,8033076,194,38.487081,-6.512826,Évora,109.58,2024-10-15 10:28:25,user_0140,39.7
11.4407,941208,79,37.677562,-7.504341,Leiria,108.42,2024-05-28 14:19:09,user_0055,30.1
2.4851,4383233,75,37.269143,-8.379089,Leiria,135.89,2023-08-16 00:20:01,user_0141,8.4
6.9772,2967381,174,40.591773,-7.690191,Leiria,96.1,2023-03-27 17:07:25,user_0074,23.8
0.239,3114659,68,40.875791,-9.206455,Aveiro,97.4,2024-10-30 18:36:15,user_0135,29.9
3.7755,7303667,102,38.946866,-8.717406,Setúbal,146.92,2023-08-04 09:03:31,user_0140,26.5
10.9243,6537932,134,38.879627,-6.894812,Viseu,192.24,2024-03-24 16:14:16,user_0061,19.8
14.878,5607414,66,41.671185,-7.250983,Évora,152.43,2023-06-09 23:07:59,user_0153,13.7
1.5778,9796184,153,41.483407,-8.933836,Porto,153.54,2023-04-08 12:07:30,user_0130,13.3
6.0823,6095513,154,38.06633,-8.010748,Lisboa,198.07,2023-04-22 19:48:39,user_0026,37.4
12.0211,8411603,153,40.804038,-9.017226,Faro,81.49,2024-06-29 20:18:51,user_0179,13.2
3.1401,1653005,196,40.013502,-6.590219,Aveiro,64.74,2024-03-18 04:32:46,user_0069,38.7
8.3708,6243383,173,37.671114,-9.128823,Braga,164.37,2023-10-31 13:36:54,user_0062,12.4
11.0228,441168,130,38.683855,-7.275601,Évora,121.43,2024-02-05 22:35:18,user_0200,18.4
9.2782,9077805,86,37.787365,-7.4362,Faro,120.04,2023-12-10 16:54:28,user_0167,5.4
2.9016,5947117,170,38.37578,-7.892559,Viseu,91.54,2024-01-28 09:18:35,user_0116,36.6
5.3952,8888079,119,39.976506,-8.554002,Aveiro,130.96,2024-04-29 18:56:04,user_0115,8.7
11.7785,6074999,179,38.776327,-8.126548,Setúbal,121.9,2023-06-09 10:34:17,user_0139,17.5
8.358,4949331,108,38.870298,-6.75827,Setúbal,108.36,2023-06-30 15:35:39,user_0192,34.5
0.1779,5280156,167,39.598236,-6.910727,Évora,121.98,2024-07-04 23:02:12,user_0102,32.7
11.4388,8399122,182,37.336121,-6.988049,Évora,113.74,2024-09-29 09:19:34,user_0042,34.5
0.6261,2144608,86,40.593986,-6.9506,Coimbra,191.59,2023-03-01 18:22:03,user_0010,37.0
11.2114,5506126,80,38.908548,-9.010786,Viseu,197.24,2023-11-23 03:01:28,user_0123,36.9
3.117,2930299,148,39.301985,-9.163072,Viseu,177.59,2024-05-28 17:58:57,user_0019,32.0
14.3753,7818441,143,41.771499,-6.570905,Viseu,198.66,2023-02-27 00:21:34,user_0004,25.4
5.5823,5091281,55,38.621834,-6.653606,Aveiro,97.2,2024-02-16 20:14:09,user_0003,24.7
4.9713,628373,64,40.141095,-7.183518,Setúbal,178.01,2023-02-15 02:00:03,user_0142,5.5
2.3184,633389,192,38.862522,-7.43992,Aveiro,116.93,2024-02-04 18:48:53,user_0010,30.3
4.6535,8379482,65,41.371414,-8.252636,Évora,164.46,2024-01-05 00:07:59,user_0006,12.9
13.1621,1157260,69,41.133781,-8.738119,Lisboa,88.19,2024-02-23 01:43:59,user_0031,34.0
14.9454,9764128,126,38.108121,-7.229968,Coimbra,173.67,2023-04-20 09:24:49,user_0031,24.4
5.5878,7862148,93,40.358729,-6.395682,Évora,71.69,2023-08-28 12:37:15,user_0176,39.6
6.7843,6232474,95,37.22586,-8.014212,Leiria,97.88,2024-01-15 20:23:01,user_0009,12.4
10.8589,3355000,144,41.715927,-8.469078,Porto,175.07,2023-03-26 20:31:30,user_0108,30.3
13.3043,3581311,113,38.644951,-8.579478,Faro,164.6,2023-05-30 22:38:02,user_0124,24.2
8.9364,6158157,180,41.059214,-9.419402,Leiria,130.17,2024-03-01 16:44:50,user_0154,37.6
5.9337,3783831,58,38.492157,-7.730923,Leiria,154.19,2023-03-08 09:17:51,user_0130,14.3
6.2481,5182190,91,40.063854,-6.139997,Setúbal,85.98,2024-01-08 13:46:34,user_0004,7.1
10.4647,1350093,122,41.817954,-6.728192,Évora,153.49,2024-08-13 08:17:07,user_0006,24.0
0.148,7645195,133,41.283749,-6.448586,Leiria,61.12,2023-11-28 00:08:02,user_0030,23.3
9.3319,8582299,108,37.70183,-7.388042,Viseu,176.65,2024-01-10 16:06:07,user_0183,15.9
5.3968,4475687,70,39.637442,-7.863082,Aveiro,132.28,2023-11-30 11:06:33,user_0156,39.5
11.9335,9578672,199,38.642659,-6.132446,Viseu,192.14,2023-02-12 03:32:54,user_0061,7.4
1.4856,5755327,112,39.071694,-7.979649,Setúbal,126.94,2023-12-04 12:52:04,user_0077,24.9
8.8642,2592440,122,38.575916,-6.382776,Setúbal,120.63,2024-08-12 01:09:25,user_0183,14.1
7.2665,8868577,110,38.579796,-6.909728,Évora,123.01,2024-06-11 23:52:01,user_0110,5.1
9.6707,2491721,113,39.612766,-8.374673,Évora,110.36,2023-10-17 01:01:17,user_0036,39.6
1.0663,682346,118,37.85982,-7.789589,Porto,83.33,2024-08-19 00:15:37,user_0133,21.9
8.7418,9393019,178,39.586977,-8.193281,Leiria,177.89,2024-06-28 10:29:40,user_0157,35.0
8.4661,7313861,155,38.294827,-9.036841,Coimbra,114.47,2024-02-27 04:00:48,user_0100,34.4
8.4538,4995427,114,38.344915,-8.286994,Viseu,134.08,2023-02-03 01:28:38,user_0140,33.4
9.092,2931659,171,40.59374,-6.477492,Leiria,62.78,2023-09-09 12:08:44,user_0122,21.1
10.1794,199542,111,37.047968,-6.941039,Viseu,68.44,2023-02-16 13:04:25,user_0150,36.4
12.0943,3483802,152,38.804729,-8.556224,Braga,143.61,2024-12-26 17:02:47,user_0059,17.9
4.1203,7381740,109,38.937672,-8.249095,Faro,183.09,2024-11-13 05:53:26,user_0110,19.3
12.3932,5087365,95,39.325551,-7.404125,Faro,129.08,2023-02-20 09:12:55,user_0167,13.9
7.524,4084032,54,40.245055,-8.085125,Évora,83.1,2024-11-12 15:44:52,user_0130,20.7
1.2482,1223045,162,38.748434,-7.78965,Coimbra,76.26,2023-01-24 03:59:41,user_0014,39.5
0.9724,8295445,199,37.965686,-7.126227,Coimbra,185.97,2023-10-26 11:20:55,user_0138,25.1
5.0802,1936983,119,41.324364,-7.911347,Lisboa,158.23,2024-07-15 08:23:25,user_0176,34.1
11.795,1404568,60,41.805193,-8.850703,Setúbal,195.27,2024-07-13 01:18:03,user_0064,14.2
10.6444,760956,187,37.000073,-7.730049,Coimbra,71.53,2024-12-15 04:23:56,user_0131,38.5
11.8504,3554382,147,39.632334,-8.289198,Viseu,186.37,2024-04-16 11:49:54,user_0072,5.5
7.8073,7297881,80,38.608512,-8.511504,Viseu,178.39,2023-11-03 20:44:28,user_0188,37.6
6.659,7122887,61,38.284948,-8.384431,Faro,185.05,2024-12-25 18:50:51,user_0196,36.4
2.297,4357847,157,38.578532,-8.007392,Leiria,60.81,2023-10-07 05:02:34,user_0021,7.4
4.9901,4565861,129,40.094389,-6.485515,Coimbra,163.87,2024-09-26 19:44:50,user_0094,26.2
6.5669,499964,116,37.85358,-7.004206,Lisboa,136.85,2024-10-23 22:33:47,user_0147,32.5
1.4201,2997493,101,41.464304,-7.229201,Leiria,140.25,2023-10-02 05:18:35,user_0079,19.1
3.3871,9188066,182,39.230573,-7.897715,Faro,125.69,2024-05-13 09:26:08,user_0020,8.2
9.0136,7578729,188,38.527884,-9.493778,Viseu,163.97,2024-04-28 02:36:18,user_0058,34.0
11.0614,6638784,74,40.727657,-8.342128,Évora,199.98,2024-01-29 16:32:26,user_0042,21.3
14.9754,8394043,84,36.981733,-6.735147,Braga,159.48,2024-04-22 01:55:02,user_0094,14.2
14.0034,139565,71,39.059264,-8.180219,Coimbra,154.93,2023-09-11 20:55:42,user_0138,7.5
9.6742,2942905,145,38.676518,-7.583015,Viseu,151.62,2023-05-11 06:51:28,user_0151,27.4
6.3766,3428261,166,38.59105,-8.803885,Leiria,157.33,2024-01-28 04:46:07,user_0088,6.5
9.579,6322954,69,38.585357,-6.386084,Viseu,107.9,2024-01-22 01:19:16,user_0140,32.7
11.8062,8190219,155,37.056357,-6.361221,Lisboa,104.83,2024-06-15 08:04:28,user_0009,32.0
1.8632,5082281,53,37.660582,-9.003361,Faro,169.81,2023-06-12 13:31:57,user_0079,16.3
6.2076,4754417,67,37.609426,-7.03786,Aveiro,67.43,2023-01-03 12:51:07,user_0157,21.5
12.6131,1327654,100,41.843053,-9.244189,Viseu,166.29,2023-01-17 14:19:22,user_0082,28.4
5.8191,2627014,69,37.010829,-7.464938,Évora,173.94,2023-08-06 19:19:10,user_0148,38.6
8.6209,7995018,171,37.735368,-8.892578,Coimbra,133.02,2024-05-06 15:43:03,user_0193,23.2
8.8578,5936419,186,41.770873,-9.004602,Évora,187.42,2024-02-02 10:40:56,user_0003,39.9
2.8487,7210547,129,40.041283,-9.485993,Lisboa,126.23,2024-01-24 07:28:36,user_0136,16.4
5.4973,7313184,151,39.153336,-6.301086,Setúbal,84.93,2024-08-24 01:16:29,user_0039,23.4
5.0842,447628,74,37.293805,-6.680542,Leiria,110.6,2023-06-30 16:24:39,user_0064,9.0
0.4903,5303441,108,40.248306,-9.236583,Braga,186.82,2023-09-10 16:43:06,user_0031,24.5
0.4605,8853143,94,37.589015,-7.462123,Coimbra,199.12,2023-07-21 05:22:59,user_0111,23.8
12.4923,2648191,90,40.255931,-8.708146,Aveiro,119.06,2024-11-15 07:25:46,user_0200,34.7
4.1688,1348894,87,41.795882,-8.602346,Faro,83.36,2024-06-13 06:25:10,user_0123,39.9
7.8194,6151990,166,39.559863,-6.527821,Faro,100.09,2023-03-24 09:02:17,user_0150,39.5
4.551,8445180,68,37.970423,-9.111292,Lisboa,137.46,2024-08-13 22:03:27,user_0096,13.3
14.1161,3550985,63,40.026419,-7.454934,Setúbal,140.09,2023-11-03 01:05:43,user_0005,16.8
3.9635,2513595,176,39.464648,-8.135731,Porto,148.21,2024-07-13 05:15:24,user_0058,14.6
6.5019,8161665,198,39.565701,-8.851278,Lisboa,176.95,2024-10-07 03:24:57,user_0105,12.0
13.1037,737550,192,39.290535,-7.963479,Setúbal,159.57,2023-01-12 10:06:51,user_0063,10.3
12.6448,5007106,52,40.268703,-6.302336,Faro,96.52,2023-05-31 10:33:00,user_0061,22.9
2.8729,1798954,86,39.759727,-6.842526,Faro,115.31,2023-03-15 15:42:37,user_0052,35.5
12.0594,9171141,166,41.834975,-9.050821,Leiria,177.57,2023-01-25 12:15:22,user_0108,25.6
6.927,929090,65,41.029317,-6.611939,Viseu,148.67,2024-03-12 09:11:29,user_0101,35.5
7.2962,2802743,191,38.223492,-6.312702,Viseu,83.3,2024-05-28 09:34:31,user_0033,38.6
2.0889,8776510,58,40.528783,-8.558321,Braga,105.58,2023-02-05 12:48:32,user_0022,18.4
1.301,6165706,56,37.971502,-8.366373,Lisboa,170.75,2024-06-24 14:16:46,user_0051,34.2
10.9463,1900302,191,40.811732,-9.070546,Aveiro,84.09,2023-10-21 15:41:20,user_0011,6.8
7.4973,5846636,183,37.637788,-8.327204,Faro,156.75,2023-06-21 01:37:26,user_0127,21.8
6.6091,684659,64,39.267769,-7.211321,Faro,138.9,2023-06-08 14:33:23,user_0186,17.9
10.9697,7430747,121,40.853031,-8.574673,Aveiro,80.65,2024-09-22 12:33:13,user_0050,12.2
11.5061,7410825,153,38.300564,-9.476795,Aveiro,156.44,2023-02-11 04:53:58,user_0198,20.3
2.4677,8828325,178,41.085596,-8.348948,Porto,79.93,2024-01-03 20:15:18,user_0017,20.5
9.1924,9101102,145,40.120754,-7.959208,Braga,115.78,2023-07-31 03:53:44,user_0174,33.3
2.1168,6927416,171,38.887612,-7.574389,Viseu,103.2,2024-08-18 12:34:30,user_0044,35.4
11.2955,5385201,164,39.017084,-7.174995,Viseu,156.6,2024-06-18 00:11:10,user_0185,28.0
9.8886,7360401,197,41.529958,-9.289933,Lisboa,169.53,2023-08-21 19:11:33,user_0133,27.2
14.3536,2241105,129,37.988955,-7.902843,Braga,83.56,2024-03-12 11:31:03,user_0039,8.9
1.1275,1320307,56,40.366813,-8.594368,Coimbra,173.68,2024-05-05 22:45:32,user_0186,25.1
0.9501,4675431,184,40.436471,-6.276903,Évora,61.01,2023-08-23 02:03:10,user_0137,14.6
4.3046,7054378,99,41.512248,-8.276345,Leiria,134.21,2023-08-09 06:54:46,user_0023,15.3
3.9994,5119641,179,40.465821,-9.159579,Faro,132.35,2023-04-15 13:55:22,user_0175,8.3
3.78,5753670,96,39.822337,-9.358929,Lisboa,147.34,2024-04-26 22:55:17,user_0164,27.3
13.6032,1095589,63,41.412613,-8.59762,Porto,93.56,2023-06-11 08:40:07,user_0031,25.4
3.8182,9302825,80,41.04566,-8.891812,Viseu,61.38,2023-08-08 08:46:36,user_0084,12.7
4.1521,4826176,99,40.483882,-7.290681,Porto,123.67,2023-02-14 11:58:40,user_0023,14.2
11.415,8466721,90,37.062892,-6.620314,Leiria,70.0,2024-11-23 10:04:29,user_0184,32.1
6.8011,1921792,63,38.767602,-8.4373,Viseu,184.91,2024-10-04 04:35:14,user_0199,32.8
11.673,5754068,182,40.059448,-7.535509,Évora,84.31,2024-10-27 10:50:26,user_0174,22.3
1.074,1539219,54,39.511253,-7.016962,Porto,119.53,2024-04-01 23:23:59,user_0058,10.2
7.3648,4589716,54,38.496592,-8.145142,Lisboa,120.76,2023-11-08 20:33:15,user_0164,6.9
0.6008,9683733,162,37.62212,-9.274493,Faro,137.4,2023-12-28 19:16:34,user_0196,14.5
1.0335,85395,167,39.664983,-8.720771,Lisboa,169.55,2024-12-10 18:31:29,user_0088,30.6
13.6059,6063389,145,38.329588,-6.497576,Leiria,126.1,2024-11-18 08:35:38,user_0188,26.0
2.1748,7732605,85,38.065002,-6.696767,Braga,63.61,2024-05-05 01:55:15,user_0142,30.1
8.0331,8061792,128,38.894791,-9.205789,Porto,167.96,2024-07-27 15:17:47,user_0025,21.5
6.2253,7876375,68,40.827457,-8.738574,Setúbal,71.5,2023-08-21 16:13:39,user_0199,31.4
5.2754,9522467,71,39.339268,-6.884838,Braga,149.82,2023-10-31 22:00:27,user_0172,21.8
13.5075,1093060,105,37.982461,-7.847946,Faro,172.48,2023-04-19 22:17:32,user_0046,7.9
0.4252,3235863,66,37.484516,-6.916112,Viseu,99.58,2023-10-02 19:34:57,user_0141,7.8
9.9905,4383030,66,39.394936,-8.782286,Aveiro,122.87,2024-07-04 17:22:12,user_0062,34.1
14.4546,8602831,195,40.871832,-6.260826,Viseu,62.01,2023-12-12 16:02:59,user_0019,27.0
8.4465,4169495,127,40.16409,-6.835735,Porto,172.54,2024-09-12 00:27:11,user_0140,14.8
14.0587,2612761,105,38.060744,-8.828662,Faro,158.46,2023-08-08 12:54:07,user_0112,31.5
0.8786,1995457,129,39.083533,-7.601273,Aveiro,92.39,2024-05-31 12:44:43,user_0090,9.8
6.34,1013071,99,41.176152,-9.11547,Lisboa,114.63,2024-08-11 05:11:53,user_0048,27.6
3.9764,3275072,107,37.78828,-8.271122,Viseu,157.34,2024-10-29 18:15:55,user_0161,39.6
10.9892,4817842,67,39.560403,-7.257287,Viseu,110.14,2024-02-15 13:00:06,user_0165,10.3
14.7213,8676514,184,38.681158,-8.377566,Coimbra,82.74,2024-12-07 11:36:50,user_0134,10.0
3.9223,3327786,125,37.520899,-7.267021,Faro,132.59,2024-02-11 19:39:50,user_0123,21.4
9.8472,5932572,59,37.14952,-8.66775,Viseu,161.3,2023-04-08 21:18:17,user_0117,27.5
3.0517,9573200,118,39.679357,-7.047897,Braga,104.91,2023-06-27 06:52:52,user_0081,5.9
8.5234,2145977,134,37.003744,-8.277395,Porto,77.05,2023-05-29 10:27:34,user_0171,22.5
7.0126,6714662,180,37.417231,-6.812364,Braga,176.14,2024-04-17 02:17:11,user_0100,7.9
14.5829,2226217,132,38.637821,-9.035254,Faro,95.39,2024-11-04 05:24:04,user_0178,13.4
9.1671,632731,158,37.117601,-8.269275,Évora,131.79,2024-09-10 09:46:36,user_0174,29.9
5.3076,8750364,93,38.902226,-7.92263,Porto,156.79,2023-03-09 11:58:09,user_0073,30.9
1.8,2214826,191,37.551825,-8.058925,Évora,104.39,2024-06-12 22:43:26,user_0028,30.5
2.3536,3260802,181,38.649365,-8.027479,Setúbal,150.81,2023-05-20 01:14:16,user_0195,7.3
3.4572,8905865,67,40.855798,-7.987669,Évora,124.36,2023-07-15 23:26:49,user_0011,32.5
3.8394,4590778,142,40.031822,-6.138068,Évora,139.86,2024-05-06 18:43:55,user_0148,20.1
12.7742,9689065,87,39.127005,-8.843266,Leiria,142.68,2024-03-16 03:11:39,user_0087,21.6
8.4622,5149387,197,37.359167,-6.886543,Évora,175.38,2024-09-29 17:49:49,user_0158,19.7
7.8985,5396910,100,39.995748,-7.623918,Setúbal,151.89,2023-05-18 08:37:15,user_0101,35.0
1.8101,9869865,68,37.718548,-8.093663,Viseu,97.0,2024-07-10 00:55:16,user_0036,28.8
12.9161,7827881,169,37.282932,-7.346002,Aveiro,68.34,2024-06-12 17:49:40,user_0100,22.5
10.8699,3561497,117,40.21998,-6.597993,Évora,60.28,2024-02-12 23:03:37,user_0119,34.2
1.1083,7318898,115,41.460299,-7.91343,Setúbal,186.62,2023-12-16 22:59:11,user_0098,33.2
10.6467,262199,190,39.202967,-6.559675,Coimbra,191.9,2024-09-26 17:10:54,user_0196,5.2
8.1987,2870524,147,37.10498,-9.181086,Évora,73.18,2023-09-01 01:32:05,user_0088,21.8
1.3177,1137273,137,41.301489,-7.279514,Aveiro,128.19,2024-11-29 14:59:10,user_0036,6.5
6.9287,7441537,82,37.234869,-8.367188,Aveiro,81.22,2023-01-12 04:38:47,user_0058,15.8
7.322,3867293,154,41.237566,-8.185168,Coimbra,192.82,2024-11-15 03:02:20,user_0028,33.1
2.57,6107511,123,38.859097,-7.558533,Viseu,94.56,2024-12-03 07:35:55,user_0039,38.0
14.1909,33734,131,38.726973,-7.868283,Leiria,130.23,2023-03-27 15:22:47,user_0066,13.5
12.7646,213299,68,39.613987,-8.20195,Braga,83.19,2024-12-30 16:30:05,user_0171,5.7
10.0684,2771034,120,41.685424,-8.4517,Leiria,106.59,2023-12-16 14:41:37,user_0005,19.1
6.9882,8531336,106,41.393703,-7.397728,Braga,97.35,2023-06-27 02:13:57,user_0141,16.7
6.2353,671253,196,39.25165,-7.781029,Évora,126.56,2024-03-17 05:06:53,user_0009,28.7
9.7995,9941793,128,40.379116,-8.400749,Coimbra,118.77,2023-05-30 07:04:12,user_0103,22.3
8.2269,6688304,91,39.802146,-8.803133,Faro,106.31,2024-10-30 01:00:56,user_0057,19.0
1.0279,6911616,165,40.367308,-6.866808,Braga,74.82,2024-02-08 00:25:45,user_0027,13.0
7.7363,1006152,53,41.046637,-6.780969,Porto,127.83,2024-07-20 03:00:11,user_0189,34.0
12.1154,6615379,53,37.072469,-8.77312,Aveiro,179.03,2023-10-05 21:11:37,user_0103,13.7
6.9427,9082420,54,38.528799,-8.610393,Évora,162.23,2024-01-25 13:33:00,user_0178,6.9
0.8742,5626211,90,41.696646,-8.686914,Évora,160.88,2023-09-20 06:13:38,user_0082,24.8
11.8155,3262331,157,41.646682,-6.492463,Aveiro,111.25,2023-07-10 22:33:34,user_0162,16.1
3.1003,3993767,136,36.956104,-6.867957,Lisboa,159.18,2024-01-10 08:32:44,user_0085,29.9
3.9535,3825091,153,37.907201,-9.24645,Aveiro,125.17,2023-12-30 00:17:53,user_0065,7.8
2.5541,9040776,166,41.86885,-6.668936,Viseu,81.04,2023-03-13 23:36:58,user_0173,38.8
5.0202,6914152,150,39.364125,-9.374704,Faro,118.67,2024-12-17 08:41:57,user_0087,11.5
11.3756,5015551,124,39.76433,-8.639121,Aveiro,78.58,2023-12-09 17:28:19,user_0034,17.5
7.8388,8026261,124,37.732101,-6.375429,Leiria,76.03,2024-09-05 00:05:25,user_0100,21.8
3.1527,6636393,62,41.371678,-6.561274,Porto,63.23,2024-10-29 11:04:13,user_0136,36.2
13.1797,6701354,191,38.056321,-6.843123,Braga,99.6,2023-09-28 14:45:00,user_0094,30.3
13.2058,3689638,74,37.848238,-7.944339,Setúbal,106.32,2023-10-30 04:03:23,user_0048,10.1
13.0716,4486856,164,38.040612,-8.407192,Leiria,157.92,2024-02-15 15:25:59,user_0164,20.4
3.6581,6955653,131,41.498109,-6.502744,Viseu,135.32,2023-06-11 12:43:19,user_0100,24.0
6.8235,9583663,59,40.414234,-7.265948,Viseu,180.18,2023-04-17 12:33:57,user_0082,29.6
14.7763,1208957,99,40.742982,-8.49527,Aveiro,84.71,2023-07-10 08:45:44,user_0194,25.0
11.603,6232302,191,38.785182,-7.925134,Setúbal,97.23,2024-11-13 08:57:52,user_0117,21.0
0.5048,1141766,64,41.445885,-6.502899,Faro,191.75,2024-02-27 18:35:02,user_0011,31.8
1.0715,9165252,65,40.84704,-6.428252,Braga,122.17,2023-11-01 19:58:04,user_0052,18.2
7.0126,6259471,51,40.652987,-7.258373,Coimbra,170.47,2023-04-22 06:14:52,user_0164,39.6
13.6474,524658,79,41.754701,-7.00931,Évora,128.9,2023-08-29 19:14:23,user_0031,38.2
8.1267,5619236,131,38.730984,-9.366387,Évora,125.95,2023-10-05 06:47:34,user_0024,29.8
7.5174,9175526,80,39.954868,-7.444358,Braga,80.74,2024-08-31 08:30:53,user_0149,35.9
1.6716,8108196,126,41.449648,-7.157425,Coimbra,179.17,2023-12-31 11:45:43,user_0096,18.8
9.886,3196,197,40.854445,-9.430718,Braga,70.97,2024-04-22 20:43:53,user_0158,25.4
12.3493,9938256,163,39.716895,-6.630879,Porto,103.44,2024-05-14 22:30:45,user_0121,14.5
5.7683,3657919,84,37.281068,-6.343831,Setúbal,154.29,2023-07-07 20:21:53,user_0072,36.0
11.6566,6129877,72,40.163617,-8.691016,Évora,131.02,2024-08-22 18:17:26,user_0097,21.5
14.4707,6105661,155,39.532778,-6.624294,Coimbra,183.39,2024-12-06 13:13:29,user_0115,23.8
3.1361,7142727,146,37.820902,-7.237257,Faro,65.5,2024-04-13 10:29:12,user_0064,35.3
7.8976,2603680,164,41.311266,-7.525634,Aveiro,150.92,2023-12-25 03:14:04,user_0127,32.9
4.3784,9858625,149,38.616243,-6.633372,Leiria,126.85,2023-05-03 19:27:12,user_0117,16.3
11.9135,6209774,104,38.837399,-8.528924,Évora,81.6,2024-08-03 07:58:15,user_0039,8.1
8.7061,858811,57,40.262008,-6.811089,Viseu,164.06,2023-05-04 13:32:06,user_0129,10.7
9.5553,4064337,108,39.343994,-8.430629,Lisboa,117.58,2024-06-09 19:53:35,user_0097,16.9
11.9889,3636119,177,37.346405,-6.822648,Braga,134.42,2023-12-23 11:18:07,user_0170,15.7
6.0,3556995,81,38.837208,-7.966416,Faro,195.42,2024-10-31 08:04:38,user_0077,6.3
13.7348,1667108,142,37.372331,-9.102385,Braga,128.07,2024-01-31 18:14:15,user_0005,20.1
8.0421,2853507,56,37.853752,-8.202832,Lisboa,175.27,2024-04-13 12:30:06,user_0140,8.7
2.4535,7593548,51,36.935872,-8.706123,Porto,167.74,2023-02-12 20:59:07,user_0157,12.7
10.4689,9013196,134,37.806565,-9.158193,Aveiro,152.79,2023-01-25 16:35:32,user_0003,32.6
11.9196,7793404,183,38.552237,-9.125024,Évora,185.55,2024-09-10 02:08:17,user_0061,22.3
4.8197,2154327,155,39.591092,-6.847757,Viseu,95.22,2024-11-20 23:41:44,user_0179,18.1
12.872,4070081,85,41.496386,-6.503247,Braga,174.91,2024-05-02 19:08:10,user_0164,11.5
13.6015,9538735,94,39.601634,-6.347761,Coimbra,112.89,2024-07-11 23:12:59,user_0111,35.3
4.2259,3917000,91,40.428018,-6.596583,Braga,173.75,2023-10-29 01:06:42,user_0075,36.6
14.7545,8173542,102,38.688385,-6.677238,Coimbra,129.13,2024-09-07 01:23:00,user_0130,23.2
2.1966,2350716,159,40.658154,-9.265958,Aveiro,180.08,2023-06-18 22:42:46,user_0029,37.2
3.11,1264008,58,40.002344,-6.81358,Leiria,185.28,2024-05-31 05:36:38,user_0041,21.3
2.845,6456942,136,39.19897,-6.836839,Évora,143.67,2023-01-07 16:09:30,user_0029,8.8
13.4204,2768654,163,37.868844,-9.053613,Leiria,131.07,2024-01-05 04:26:26,user_0100,5.6
9.849,7061944,124,38.417705,-7.249169,Leiria,169.66,2023-09-30 10:28:34,user_0064,9.5
2.3664,9770820,179,40.00473,-7.961475,Évora,97.38,2024-03-27 00:28:23,user_0058,26.8
6.6608,9647720,60,39.030282,-6.439954,Évora,62.15,2024-05-01 17:32:34,user_0138,16.2
9.2679,3876345,99,41.346933,-7.135612,Aveiro,116.99,2024-03-26 01:25:09,user_0011,27.7
1.3436,6057174,171,38.074201,-6.266642,Viseu,131.09,2023-12-19 17:44:12,user_0135,22.8
13.248,2233414,192,37.265363,-9.143263,Braga,101.62,2023-12-23 03:12:31,user_0077,16.7
12.0737,6134678,124,39.846743,-9.361935,Aveiro,113.67,2023-01-05 19:50:54,user_0108,12.7
7.6276,8392939,80,41.330254,-6.18983,Lisboa,78.63,2024-02-07 16:47:42,user_0189,7.8
14.5102,1565976,141,38.723695,-9.227347,Setúbal,98.82,2023-01-09 15:37:44,user_0194,32.4
6.3246,3976808,141,40.138557,-8.186934,Porto,93.61,2024-01-22 11:23:49,user_0094,33.7
14.7632,7630725,124,38.057063,-7.2901,Évora,102.14,2023-07-20 13:27:27,user_0086,24.0
10.052,8601462,141,39.69236,-6.507807,Braga,101.87,2024-12-14 13:26:17,user_0181,10.5
9.5566,4744353,178,40.833961,-8.634437,Viseu,138.26,2023-01-13 12:20:17,user_0065,14.2
2.5727,1553416,91,41.235158,-9.401202,Faro,95.08,2024-08-16 14:30:52,user_0027,38.4
13.2407,7260219,159,37.425596,-7.727625,Viseu,191.73,2024-05-07 01:03:26,user_0135,12.9
6.4696,2956156,67,38.681873,-7.898219,Porto,131.58,2024-08-11 12:03:29,user_0065,7.0
2.5173,2281696,126,40.098222,-8.456563,Lisboa,78.06,2024-10-26 03:13:45,user_0058,24.3
0.2879,1133243,182,37.073614,-6.528742,Faro,99.14,2023-03-20 02:55:40,user_0025,14.2
8.4404,4677,69,40.353076,-6.952305,Leiria,162.17,2023-03-12 07:25:09,user_0048,38.5
7.9583,8593188,176,39.540169,-6.582404,Leiria,61.91,2023-04-19 16:41:02,user_0004,25.1
10.8184,130334,124,38.342831,-8.94985,Évora,191.29,2023-05-21 02:38:58,user_0136,38.8
13.3648,4557885,111,40.973272,-7.145799,Leiria,122.32,2024-01-20 07:30:31,user_0115,32.5
1.2832,5162425,81,38.350254,-6.184654,Coimbra,132.95,2024-08-18 02:33:22,user_0196,30.3
10.9993,2508963,77,41.857075,-7.419493,Braga,198.38,2023-07-15 03:31:45,user_0188,34.1
2.8924,7820707,123,40.981851,-8.917361,Coimbra,130.48,2023-10-17 17:37:31,user_0004,26.2
12.8868,5827316,130,40.439903,-6.114347,Évora,192.68,2023-09-30 07:51:49,user_0136,5.4
12.304,558745,71,37.206738,-7.7037,Aveiro,188.13,2023-10-24 09:36:00,user_0090,18.7
8.1578,8955427,145,41.421552,-6.643799,Porto,191.78,2024-02-17 10:50:17,user_0016,12.7
10.6826,8582851,171,40.850277,-8.992171,Faro,173.73,2024-12-23 20:52:57,user_0147,20.2
4.7838,2870741,172,38.045125,-7.235273,Faro,101.5,2023-06-14 21:01:08,user_0129,21.5
7.1204,7910091,101,38.861241,-6.3971,Leiria,108.49,2024-05-14 08:24:33,user_0101,9.5
12.3424,617423,127,38.243158,-7.691139,Braga,111.1,2024-09-10 22:37:53,user_0162,5.8
6.9431,8979250,119,41.82208,-8.518556,Setúbal,197.09,2024-04-22 05:26:59,user_0112,9.8
5.4312,9025639,186,41.170982,-9.066766,Viseu,110.51,2024-09-18 11:59:58,user_0045,35.0
7.4638,2865893,70,41.551127,-8.493788,Faro,75.22,2024-07-08 11:56:38,user_0063,31.5
12.4409,1250844,113,40.843871,-8.293394,Porto,168.97,2023-03-10 06:07:43,user_0094,33.0
5.0946,916094,125,39.181741,-7.086153,Porto,111.25,2023-10-04 20:42:20,user_0134,14.7
2.689,4289361,110,37.927171,-8.892687,Coimbra,146.93,2024-02-08 11:19:45,user_0036,13.3
10.709,9475593,144,37.940401,-9.139243,Coimbra,189.41,2023-02-10 23:08:01,user_0121,6.3
12.4071,246889,89,37.658414,-8.184406,Évora,140.57,2023-01-07 21:34:01,user_0103,21.5
1.5995,6719142,53,39.633248,-7.940578,Lisboa,149.28,2023-05-06 02:38:24,user_0066,18.4
3.6741,1465088,80,41.499833,-7.363491,Setúbal,150.0,2023-12-31 21:31:08,user_0119,34.3
2.2154,6147878,118,41.85899,-7.094394,Leiria,145.74,2023-11-13 18:05:49,user_0008,28.9
5.2843,6615316,119,38.336499,-6.476456,Porto,82.37,2024-07-26 14:16:22,user_0195,10.1
6.8102,5269262,54,40.386573,-8.517558,Faro,123.9,2024-02-18 01:48:29,user_0027,39.6
11.2575,4184251,164,39.88549,-7.702733,Viseu,61.07,2024-09-18 07:27:52,user_0034,32.0
9.8021,6838163,140,39.344681,-8.255462,Viseu,147.68,2023-03-11 14:44:21,user_0028,30.2
9.3518,4275542,57,40.228843,-9.495166,Coimbra,140.55,2024-01-21 13:20:56,user_0159,12.6
5.3504,5236840,58,38.756815,-7.529932,Coimbra,104.54,2023-02-01 01:30:24,user_0145,36.7
12.6376,1743227,64,41.622424,-6.726293,Aveiro,133.35,2023-06-04 08:01:36,user_0108,21.6
7.1222,7660064,154,40.427244,-9.376106,Setúbal,129.03,2024-09-25 17:24:28,user_0123,15.4
14.6887,586470,56,40.671005,-9.488128,Évora,95.13,2024-10-09 21:57:05,user_0183,27.9
9.5487,7170364,121,38.11211,-7.025417,Leiria,101.06,2023-12-14 02:45:54,user_0009,12.4
1.9813,3974409,164,37.74291,-7.174877,Braga,166.76,2023-02-03 23:45:56,user_0057,36.8
10.175,177216,64,38.871704,-8.120103,Porto,165.8,2023-02-24 06:34:40,user_0045,34.9
4.944,4649292,132,40.733362,-7.250543,Braga,125.77,2024-11-06 16:14:45,user_0134,21.3
10.3263,2176512,88,41.59398,-6.258487,Aveiro,160.45,2024-10-18 11:56:24,user_0142,11.7
1.1377,3683460,183,39.036649,-8.657266,Leiria,123.11,2024-02-16 08:41:34,user_0159,22.4
2.7057,8512270,106,40.770784,-8.66385,Viseu,179.19,2023-01-25 00:26:21,user_0182,10.2
12.8505,1818352,141,39.252038,-8.866811,Faro,106.59,2024-11-08 23:59:11,user_0011,14.4
3.485,3244571,130,38.376141,-7.038445,Aveiro,189.82,2023-08-18 13:46:18,user_0069,21.9
12.5719,2894558,196,40.596326,-8.299157,Évora,135.92,2024-12-02 20:56:24,user_0095,5.7
4.2612,9025046,176,40.891011,-6.138443,Leiria,135.0,2024-03-04 12:52:21,user_0130,31.8
9.6789,1480175,124,37.914204,-7.070194,Coimbra,153.91,2024-07-03 03:29:53,user_0103,11.9
10.4428,1829484,128,38.425848,-8.250919,Viseu,107.72,2024-06-04 06:42:13,user_0017,35.3
7.7386,1667690,59,39.373884,-8.992767,Braga,161.41,2023-10-18 18:08:46,user_0110,5.8
4.6491,4419425,156,37.832609,-7.487116,Leiria,104.86,2023-02-26 03:56:41,user_0036,23.6
3.2684,7217037,136,41.544171,-8.497329,Aveiro,115.66,2023-04-29 14:07:42,user_0131,32.2
0.5945,5017226,116,39.85667,-6.421269,Évora,154.46,2023-06-25 13:04:22,user_0191,13.3
4.6288,2746153,111,37.506016,-7.999225,Lisboa,112.98,2024-09-01 07:04:40,user_0043,29.8
9.8321,8360927,180,37.820149,-8.50499,Porto,88.0,2023-10-12 02:01:25,user_0093,30.2
14.0807,1104188,195,41.671777,-7.498924,Leiria,182.07,2024-10-16 11:07:53,user_0033,27.3
13.0809,7292496,156,40.590843,-9.034287,Faro,189.1,2023-08-31 03:54:24,user_0102,17.7
11.5144,5125614,197,40.572025,-7.590733,Lisboa,147.74,2024-07-05 14:16:27,user_0029,32.5
11.8479,3783112,142,37.262493,-9.309221,Leiria,173.56,2023-04-13 03:56:03,user_0151,27.0
10.0083,2306569,135,41.376494,-7.436578,Lisboa,198.13,2024-12-22 14:08:01,user_0187,25.7
3.9783,211463,170,39.118677,-7.697443,Aveiro,146.07,2024-06-12 15:20:44,user_0081,33.7
13.6172,7185300,128,40.198587,-7.729396,Faro,187.23,2024-01-01 13:53:26,user_0177,13.6
10.0939,268602,59,41.698446,-7.173841,Setúbal,110.3,2024-12-12 06:08:40,user_0183,13.1
8.4506,2394820,198,37.400062,-9.348848,Lisboa,158.07,2023-02-09 04:45:41,user_0075,18.5
1.7537,9050821,78,39.311382,-7.936913,Porto,67.81,2023-11-16 01:47:10,user_0156,7.6
6.7611,5545501,145,37.148064,-7.990269,Évora,170.46,2024-09-04 05:34:48,user_0199,16.8
6.9593,4736912,59,39.397727,-7.93674,Porto,176.17,2023-09-06 15:11:05,user_0109,19.2
12.982,2507720,62,38.161297,-6.168371,Faro,116.16,2024-07-15 08:58:44,user_0104,22.3
8.2451,3742849,96,41.455328,-9.026453,Leiria,149.45,2024-11-28 01:07:08,user_0072,13.9
5.768,8482084,99,38.892462,-7.152539,Faro,180.17,2023-10-17 14:14:14,user_0025,36.7
14.6543,114560,181,40.069362,-8.133213,Braga,183.71,2024-07-18 16:40:55,user_0135,15.0
1.7497,5115011,165,41.201436,-7.76013,Setúbal,74.91,2023-01-22 15:02:29,user_0121,34.8
6.396,1349987,162,41.818459,-6.907861,Évora,175.85,2023-07-19 12:41:22,user_0075,20.6
0.7262,9257849,134,39.419097,-8.964923,Viseu,98.39,2024-12-25 14:06:16,user_0162,30.1
11.1246,549656,102,39.178789,-6.90381,Viseu,161.82,2023-12-25 03:22:21,user_0150,8.9
13.7793,3580885,179,37.278698,-9.260875,Aveiro,105.52,2023-09-17 17:48:43,user_0067,24.1
4.2726,7544022,117,36.963695,-7.856748,Braga,67.89,2024-11-18 00:49:21,user_0178,38.6
12.8893,3403209,128,39.94401,-6.976959,Coimbra,89.38,2023-11-12 05:58:33,user_0176,28.3
4.4541,2995785,106,37.227322,-8.845325,Viseu,117.21,2024-05-11 04:15:14,user_0104,33.7
13.6705,3980125,146,38.801895,-6.878887,Coimbra,163.77,2024-04-27 06:58:18,user_0119,14.1
11.334,6901013,184,36.918032,-8.932837,Porto,74.1,2023-03-04 13:21:39,user_0200,33.0
12.0931,1826629,196,39.976137,-6.782588,Évora,173.81,2024-03-27 14:09:01,user_0070,17.3
0.3683,5718365,112,39.027076,-7.905619,Coimbra,199.57,2024-08-05 13:55:35,user_0057,22.0
14.4459,8289985,114,37.535104,-7.17223,Coimbra,170.36,2024-06-04 13:39:41,user_0153,11.6
10.9274,8480287,88,38.381838,-6.380818,Aveiro,126.32,2023-03-01 21:18:21,user_0066,22.0
4.6408,1339083,158,39.748303,-8.111367,Setúbal,139.54,2023-04-23 13:57:04,user_0144,23.0
12.458,5404672,75,40.183567,-8.707944,Setúbal,60.86,2024-06-03 12:35:01,user_0058,26.8
4.2947,3703367,61,39.211679,-6.551642,Leiria,89.3,2024-04-07 17:56:36,user_0117,35.4
13.104,7975343,199,40.919796,-8.950503,Coimbra,185.86,2024-06-23 22:45:38,user_0169,15.7
1.7774,5934385,126,37.462202,-7.352981,Leiria,63.04,2023-08-20 04:12:09,user_0051,39.4
10.5849,3890702,191,37.322729,-6.360939,Lisboa,186.67,2023-03-19 18:46:19,user_0021,34.7
8.1564,2374151,135,37.121221,-7.207051,Leiria,75.86,2023-01-04 19:01:13,user_0079,19.1
1.5384,6720841,79,39.579139,-8.834684,Lisboa,78.63,2023-08-14 00:50:44,user_0056,12.9
3.7042,7601709,101,40.431159,-8.982235,Évora,84.55,2023-09-20 17:45:16,user_0098,7.5
0.2848,177476,112,37.552607,-8.642161,Setúbal,171.91,2023-07-16 22:18:29,user_0047,13.2
7.0846,1199217,169,40.094728,-8.169217,Évora,126.95,2023-04-07 17:31:21,user_0118,36.0
4.5889,2675877,154,39.284739,-8.958859,Leiria,80.33,2023-05-17 19:06:14,user_0171,15.2
9.0155,8306042,88,41.836723,-6.787432,Viseu,156.15,2023-11-24 15:44:28,user_0084,9.8
4.5288,2949908,90,40.487368,-8.28608,Coimbra,191.7,2024-02-09 23:02:41,user_0108,5.8
4.5688,6476625,170,40.187367,-6.317305,Leiria,140.14,2023-10-25 20:56:02,user_0031,15.4
11.1736,1931441,157,39.752249,-6.635531,Braga,73.82,2023-01-20 04:06:30,user_0015,12.6
0.8173,265033,114,41.886831,-6.410018,Viseu,67.67,2023-09-16 08:34:41,user_0176,8.6
13.5531,9524338,167,41.802296,-8.498725,Leiria,171.42,2023-03-09 22:29:09,user_0062,38.3
12.7987,6499998,128,39.590576,-7.549313,Lisboa,147.65,2024-03-12 13:43:38,user_0070,14.4
10.0503,9545257,57,39.175917,-8.407072,Faro,189.17,2023-08-25 20:01:09,user_0131,5.2
8.939,5462774,146,39.210575,-8.626375,Viseu,136.62,2023-10-09 05:22:05,user_0166,38.0
13.3953,5818812,67,39.041712,-7.435905,Faro,68.74,2023-08-02 01:09:56,user_0087,25.2
2.8614,6111053,145,39.556992,-6.718816,Lisboa,116.52,2023-10-11 02:14:53,user_0058,7.9
1.2766,842329,82,38.267921,-9.181767,Lisboa,152.12,2023-03-03 19:56:07,user_0195,6.1
3.6687,9582190,54,41.533944,-8.562386,Braga,113.88,2024-10-19 19:54:12,user_0045,8.8
11.9392,7743343,176,39.35115,-8.802544,Leiria,199.94,2024-10-22 19:14:12,user_0172,25.7
0.6166,9277584,123,41.110039,-6.785609,Évora,116.75,2024-12-15 01:35:31,user_0008,7.2
8.7838,9980178,175,39.276518,-6.326535,Setúbal,136.47,2024-02-22 12:44:48,user_0127,24.9
14.932,174588,54,40.491451,-9.228195,Leiria,91.55,2023-05-04 19:05:34,user_0066,27.8
12.8499,3773618,83,38.58441,-8.210674,Coimbra,81.3,2023-10-05 22:25:30,user_0071,10.2
7.8695,7636805,73,40.024034,-6.390669,Coimbra,150.34,2023-04-12 08:28:40,user_0189,22.1
1.0482,1530332,194,39.391857,-8.32823,Braga,142.41,2023-08-08 19:49:11,user_0017,38.7
12.4875,4739023,144,38.735571,-7.076951,Faro,60.61,2023-12-26 23:31:53,user_0071,34.3
9.0248,7527837,120,41.307781,-9.157734,Faro,99.87,2023-02-16 04:26:25,user_0097,30.3
1.8125,1033290,141,37.463558,-7.989082,Viseu,150.1,2023-11-14 07:31:41,user_0036,23.1
1.4985,4625535,174,39.334616,-7.788777,Évora,173.71,2023-11-04 09:42:46,user_0068,18.8
13.6534,6847129,71,37.871845,-6.923942,Évora,103.73,2023-12-20 11:43:57,user_0108,20.8
10.0711,7458136,64,41.205275,-8.517996,Setúbal,150.64,2023-02-26 03:39:44,user_0021,31.8
12.4564,3158546,150,38.167347,-8.601759,Coimbra,97.14,2023-07-03 17:46:45,user_0046,24.4
13.1968,8870046,64,40.067152,-8.46991,Évora,156.65,2023-06-30 00:15:28,user_0174,31.8
8.6194,4768424,102,37.727818,-7.610632,Porto,157.71,2024-04-01 06:35:24,user_0092,38.9
7.81,6070243,198,38.924568,-6.521585,Leiria,78.23,2024-03-09 11:29:17,user_0107,27.4
6.5134,1258542,151,41.396786,-6.674799,Évora,153.11,2023-05-23 18:00:17,user_0124,26.1
4.8225,9509388,162,37.730322,-9.302985,Porto,106.7,2023-03-20 02:09:21,user_0016,19.2
6.5755,7349953,81,40.215979,-6.511553,Viseu,84.16,2023-08-11 09:36:29,user_0150,11.9
11.6308,4072091,70,37.922552,-9.176628,Porto,130.05,2024-11-23 15:23:13,user_0134,18.1
9.0687,9692748,132,38.978745,-8.087817,Setúbal,123.32,2023-08-31 12:26:44,user_0184,23.2
13.3986,7414440,63,39.603084,-6.897625,Évora,168.34,2024-03-28 17:46:01,user_0045,6.2
6.7064,3793868,64,39.786532,-9.222862,Leiria,71.83,2024-08-09 23:25:10,user_0186,21.7
9.1456,1591711,197,39.912557,-9.362641,Coimbra,170.57,2023-08-29 13:34:15,user_0156,35.2
9.5065,1628853,83,40.100657,-8.378014,Aveiro,74.85,2023-09-02 08:34:43,user_0145,39.2
8.9163,2058721,132,38.258843,-7.018253,Viseu,89.04,2024-08-18 07:07:48,user_0164,34.9
10.5692,1960391,58,38.906837,-7.726028,Porto,132.22,2024-09-19 10:35:18,user_0012,11.0
3.6378,4657448,126,37.086593,-8.082194,Setúbal,124.84,2024-12-12 04:25:42,user_0050,10.4
7.7342,7392367,190,40.743785,-6.735551,Coimbra,198.44,2023-04-10 08:54:02,user_0059,18.8
1.6529,6156225,58,41.085498,-6.893189,Aveiro,142.53,2023-08-23 02:03:12,user_0104,12.9
5.8292,4076773,85,37.896184,-6.827453,Leiria,105.84,2024-11-22 12:19:36,user_0012,28.7
7.3662,5393333,166,37.90722,-7.936929,Porto,186.02,2023-05-27 14:55:05,user_0190,8.0
9.8181,4512121,52,37.110182,-9.433873,Évora,103.71,2023-08-18 08:29:27,user_0040,20.5
14.2629,6908008,68,41.751919,-8.914734,Évora,98.33,2024-12-05 03:20:50,user_0093,14.8
9.0497,8447680,72,40.935933,-6.979579,Aveiro,129.21,2024-12-08 04:03:57,user_0130,25.8
11.1795,3883337,153,38.703516,-6.93921,Faro,187.84,2023-08-01 18:10:17,user_0093,32.9
7.6434,5900726,184,39.309541,-6.194185,Braga,159.19,2024-05-22 07:39:36,user_0108,37.3
9.5482,2163843,154,38.359835,-8.853366,Lisboa,154.85,2023-12-25 10:26:53,user_0153,38.7
1.1569,2762594,191,39.88622,-9.082049,Coimbra,161.65,2024-02-25 09:24:18,user_0085,17.3
3.8904,7686281,95,40.486542,-9.028115,Braga,152.35,2023-06-26 23:16:25,user_0074,35.0
5.4916,4201390,192,39.136842,-8.87172,Porto,166.37,2023-10-02 12:29:20,user_0127,25.7
7.1402,8778570,64,41.267971,-7.703208,Setúbal,86.99,2024-08-19 00:59:02,user_0031,29.2
0.7802,3477899,100,39.485129,-6.184281,Évora,84.82,2023-10-14 20:13:24,user_0175,34.8
2.1864,9190288,159,37.621266,-7.495933,Viseu,110.7,2023-03-25 03:18:52,user_0188,9.6
4.2245,4131279,57,40.011457,-7.722861,Évora,179.13,2024-02-16 14:39:39,user_0105,38.2
14.5758,9331137,118,39.211155,-7.210589,Aveiro,160.02,2024-03-08 07:49:03,user_0098,24.2
5.0371,9975746,112,41.578359,-9.248637,Porto,139.31,2024-02-03 07:25:17,user_0103,16.8
7.2824,2086172,117,38.85947,-6.727796,Viseu,62.72,2024-05-12 15:36:19,user_0041,16.9
3.0219,1365265,193,38.914329,-7.30061,Setúbal,93.01,2024-02-06 13:44:14,user_0178,31.3
9.2006,3242222,55,40.153867,-8.917948,Setúbal,172.49,2024-11-26 16:38:26,user_0151,28.8
4.2822,8504589,168,39.534931,-7.355568,Viseu,93.95,2023-12-03 23:37:16,user_0012,30.5
3.1842,7322933,106,38.772249,-7.472893,Lisboa,162.24,2024-06-01 02:35:26,user_0071,13.9
7.7969,9710622,80,41.848872,-9.2795,Porto,85.85,2023-11-17 01:43:50,user_0096,11.0
0.182,8677177,55,38.410928,-8.592431,Leiria,144.89,2023-08-01 16:07:21,user_0022,30.3
0.2142,9112679,116,38.287644,-8.170798,Aveiro,147.95,2024-05-20 18:28:26,user_0056,15.4
3.3641,3256505,180,41.222138,-8.667379,Coimbra,165.28,2024-08-20 20:16:36,user_0016,12.8
0.6471,8791249,123,36.916865,-8.67325,Setúbal,121.37,2024-08-03 19:54:27,user_0186,12.5
1.7096,4812056,163,37.906266,-7.551975,Porto,148.57,2023-10-26 16:09:38,user_0200,10.2
5.149,3776764,146,39.852233,-7.899079,Faro,128.18,2023-12-31 11:47:32,user_0179,19.9
12.0585,1515538,129,37.712253,-7.231207,Porto,192.63,2024-04-07 08:02:50,user_0134,14.1
8.6235,4849666,172,41.82902,-6.248216,Faro,133.06,2023-06-26 16:12:39,user_0002,36.3
7.7387,3399618,187,39.220978,-7.254109,Évora,89.34,2024-04-25 19:46:30,user_0062,29.1
4.473,6725630,82,39.88682,-7.520874,Évora,153.5,2024-06-06 02:56:29,user_0123,31.0
13.9831,3404629,189,37.701867,-6.618298,Leiria,136.79,2024-07-30 00:37:29,user_0042,19.1
6.0155,2192848,93,38.346891,-7.350951,Braga,172.54,2023-02-23 23:52:09,user_0117,26.0
1.3977,2773219,62,39.973124,-8.937092,Coimbra,84.77,2024-12-24 05:04:29,user_0117,22.5
9.2943,4864912,106,39.647767,-8.429854,Leiria,96.53,2023-12-16 20:11:30,user_0043,10.9
1.7962,1644173,145,40.82182,-7.006575,Aveiro,189.03,2023-10-20 14:06:19,user_0052,6.7
5.2438,9357832,193,38.246166,-6.9895,Évora,190.2,2024-01-05 19:51:12,user_0123,28.9
7.6604,4261725,158,40.167711,-6.14417,Aveiro,121.92,2024-11-02 21:16:15,user_0186,9.2
13.1259,8625044,169,38.354878,-7.368285,Leiria,66.69,2024-05-19 22:44:21,user_0148,7.0
7.4538,5545636,149,39.833763,-6.441546,Coimbra,102.92,2024-02-01 20:39:50,user_0056,20.5
10.5637,5780618,198,39.925155,-9.314427,Faro,94.6,2024-07-31 05:25:49,user_0067,30.8
14.893,5252371,160,37.509196,-7.574844,Leiria,118.05,2023-09-20 10:57:24,user_0059,31.9
2.0592,2214178,100,39.643166,-6.372517,Évora,104.49,2024-10-15 17:11:11,user_0048,35.6
4.1935,74804,70,36.959691,-8.52337,Coimbra,176.06,2024-01-27 22:35:34,user_0035,12.0
5.9792,2976877,109,39.406054,-8.97342,Setúbal,60.43,2024-04-10 20:55:12,user_0136,39.5
6.3852,3789514,70,40.387609,-8.308265,Lisboa,150.25,2023-03-04 00:53:00,user_0076,31.7
6.2242,4957107,156,37.264164,-6.806397,Lisboa,153.0,2024-07-15 08:04:29,user_0032,10.5
13.6234,1972871,175,41.593554,-9.212017,Leiria,152.49,2024-04-25 01:10:50,user_0045,34.4
10.7391,1940483,183,39.193778,-7.458849,Aveiro,132.88,2023-09-17 03:45:16,user_0085,22.5
9.1578,2911898,122,41.592081,-9.038853,Lisboa,145.55,2024-04-17 07:26:14,user_0123,7.3
4.7097,8875943,125,37.436992,-8.01919,Porto,173.47,2023-02-02 08:04:41,user_0195,9.6
12.3745,5227365,127,41.649513,-6.215678,Coimbra,169.79,2024-12-19 00:48:56,user_0102,20.2
14.3304,7689262,183,37.445985,-8.836509,Lisboa,64.85,2024-05-09 13:18:27,user_0027,23.6
12.3359,3509163,114,39.207479,-9.384344,Porto,64.26,2023-10-19 17:18:10,user_0119,38.2
0.1233,6825711,135,41.58996,-8.047509,Faro,177.45,2024-07-03 11:00:08,user_0003,12.5
9.5824,1261402,83,38.063541,-7.535835,Aveiro,140.46,2024-12-05 23:21:28,user_0057,21.6
0.8619,9755459,105,37.073925,-8.48844,Setúbal,194.04,2023-11-11 05:34:52,user_0193,12.9
3.9383,2126028,124,40.865553,-7.657989,Setúbal,120.42,2023-01-08 16:47:49,user_0148,24.5
0.9869,2985032,52,39.879418,-6.258433,Coimbra,84.74,2023-07-08 21:05:46,user_0199,36.8
9.0966,3077195,55,39.469606,-8.439979,Porto,126.25,2024-01-08 19:02:51,user_0121,24.9
10.3302,2326344,55,37.071717,-8.447948,Braga,121.12,2024-01-14 17:20:12,user_0169,22.9
1.8059,6103807,197,40.166156,-7.858589,Setúbal,132.4,2024-02-28 18:40:49,user_0001,31.3
5.8192,1076837,198,37.758117,-7.747924,Setúbal,173.11,2024-02-24 22:07:27,user_0074,10.2
6.8979,7446633,51,41.555983,-9.495356,Faro,151.78,2023-11-22 10:02:24,user_0109,36.7
5.5989,5717467,139,40.328635,-7.406025,Setúbal,85.94,2023-10-13 12:40:14,user_0132,25.2
1.9033,9926354,105,40.435169,-6.108985,Setúbal,162.83,2024-07-17 19:26:09,user_0071,29.0
6.3423,1629040,145,38.062901,-8.507173,Lisboa,142.87,2024-03-05 16:05:45,user_0010,33.7
11.2926,3663289,59,41.303769,-7.355246,Setúbal,140.96,2024-01-01 08:09:37,user_0127,27.2
1.158,2916596,136,39.588663,-9.484286,Faro,154.96,2023-09-09 19:49:43,user_0157,27.4
1.2947,7966473,119,41.185421,-7.44529,Aveiro,138.96,2023-01-18 22:20:15,user_0015,30.5
5.3861,6185941,162,38.254737,-7.979968,Leiria,124.05,2023-03-18 07:42:17,user_0019,6.8
14.1317,4127436,79,40.677309,-7.697003,Setúbal,149.65,2023-10-31 15:53:22,user_0186,18.4
10.0617,4866940,177,39.772835,-7.650723,Viseu,161.32,2024-12-03 01:28:19,user_0110,38.7
10.2122,3462511,127,37.142097,-8.89836,Coimbra,91.61,2023-03-26 17:32:05,user_0181,14.0
5.4926,384083,104,38.926712,-6.882108,Braga,129.59,2024-11-17 16:38:46,user_0046,24.0
8.9455,8920206,98,37.819552,-7.611403,Viseu,124.14,2023-04-14 10:08:56,user_0018,11.1
0.251,5607968,83,38.695868,-8.581339,Lisboa,65.59,2023-08-16 16:19:07,user_0106,16.3
9.5778,6769552,154,38.816758,-6.312903,Évora,176.82,2023-11-29 09:25:39,user_0003,30.1
13.708,9054860,71,39.274642,-9.456569,Faro,112.83,2023-06-01 00:18:55,user_0070,27.5
9.2273,3050798,80,39.901452,-7.031813,Coimbra,70.18,2023-12-19 12:51:48,user_0022,19.5
13.1181,2536047,184,39.754888,-8.2038,Leiria,124.11,2023-12-14 14:22:03,user_0055,37.8
10.8872,6464143,154,37.094957,-7.723348,Évora,82.61,2023-11-16 20:40:02,user_0118,32.1
1.8963,3254992,198,40.653446,-8.508867,Viseu,158.62,2024-05-23 15:17:32,user_0192,14.4
13.5466,4797663,65,41.645919,-8.407743,Aveiro,140.05,2023-08-21 19:17:38,user_0041,21.3
1.09,9084970,69,38.643406,-9.448435,Coimbra,97.82,2023-08-08 04:37:36,user_0110,35.7
8.0561,6269191,92,37.798735,-7.018527,Viseu,193.07,2024-08-14 10:27:27,user_0117,5.8
2.2178,3535443,96,39.600008,-7.083285,Viseu,100.84,2023-03-26 00:17:37,user_0136,25.4
0.2744,1932303,163,40.424565,-7.275182,Aveiro,137.7,2024-09-11 21:38:01,user_0065,13.1
6.3883,2751821,68,40.294524,-6.514968,Coimbra,172.22,2024-04-18 00:25:58,user_0131,7.2
4.4961,7314895,97,39.960548,-6.43569,Lisboa,131.94,2024-05-09 07:28:52,user_0157,37.0
7.3414,6525940,188,37.631161,-7.608089,Aveiro,194.52,2023-04-30 23:29:01,user_0070,33.6
8.7003,426941,94,41.084124,-7.1716,Lisboa,178.14,2024-12-19 05:56:10,user_0018,11.5
0.7517,4850224,136,39.028108,-9.462605,Braga,188.94,2023-06-28 01:21:17,user_0186,34.3
1.9327,386354,64,38.007343,-6.622434,Évora,112.18,2023-05-08 08:25:14,user_0117,10.1
8.4238,5506336,159,37.331331,-6.724194,Braga,136.77,2023-04-27 21:34:39,user_0001,21.7
5.2132,935709,145,38.983596,-9.431155,Aveiro,177.62,2024-02-13 16:33:13,user_0022,30.4
10.9647,2485178,151,39.989865,-7.654394,Faro,186.49,2024-11-30 16:15:54,user_0095,23.7
9.8191,6379022,135,40.226889,-6.417371,Braga,192.21,2023-06-19 06:06:33,user_0151,34.8
12.6995,5477630,191,41.713685,-8.883281,Faro,183.08,2023-10-23 16:25:51,user_0136,26.6
10.4181,6288893,130,37.66574,-8.301007,Faro,162.31,2023-05-15 15:35:42,user_0157,20.1
6.506,2085469,100,41.828868,-8.374417,Aveiro,63.39,2024-04-12 13:11:23,user_0172,37.4
10.1272,1346365,161,40.173379,-8.289802,Leiria,104.09,2023-11-12 10:59:44,user_0115,6.3
4.2032,1136078,64,39.171145,-9.357587,Setúbal,78.05,2023-01-22 07:26:55,user_0062,22.1
4.6641,8875206,114,41.340971,-8.55134,Viseu,81.67,2024-03-24 07:09:12,user_0019,28.1
11.8559,6062825,137,40.372399,-8.497489,Braga,100.73,2023-05-25 01:07:26,user_0059,34.3
6.7517,533037,125,38.643586,-6.556035,Porto,70.46,2024-03-08 07:23:57,user_0124,23.9
11.9959,8973541,59,41.320428,-8.302806,Braga,94.02,2023-10-11 20:24:10,user_0080,36.0
12.3541,8602541,91,40.233077,-7.979463,Leiria,193.98,2024-05-29 10:58:04,user_0147,19.9
12.8777,9390328,144,40.394187,-8.205491,Évora,103.67,2023-05-31 05:20:38,user_0022,16.1
13.7579,427709,60,41.381949,-9.08971,Leiria,82.36,2024-07-03 04:44:33,user_0083,39.1
6.5217,8644147,167,39.142081,-6.132787,Setúbal,160.56,2024-08-13 08:56:45,user_0068,28.4
4.8511,7352245,193,40.184521,-6.692194,Aveiro,175.99,2023-02-15 16:07:00,user_0005,19.9
8.7748,1750866,174,40.623445,-7.660871,Viseu,103.97,2023-03-16 06:41:45,user_0005,35.7
5.6305,3777173,127,39.1697,-7.880361,Leiria,98.99,2024-09-28 13:04:40,user_0153,28.9
9.056,6233107,196,37.317261,-7.292534,Braga,93.85,2023-05-17 11:32:10,user_0024,27.3
10.6132,5275463,139,40.757199,-8.390134,Évora,115.06,2023-08-26 23:15:20,user_0129,30.5
10.3572,4847384,57,37.139082,-9.329038,Leiria,72.21,2023-12-01 00:17:00,user_0114,30.8
5.6808,6371400,185,40.489572,-8.125323,Porto,153.68,2023-07-11 12:25:53,user_0028,22.3
2.5862,5234748,160,41.454376,-6.154476,Évora,175.11,2024-09-21 17:23:32,user_0047,19.7
6.5149,8400728,107,38.634845,-8.880021,Faro,152.92,2024-01-21 05:34:01,user_0085,36.8
2.2247,624135,135,37.410309,-7.705802,Aveiro,118.97,2024-04-11 13:10:56,user_0188,22.4
13.3624,4817167,104,38.06432,-9.471027,Coimbra,100.45,2024-03-11 18:55:44,user_0019,12.6
5.2536,7731445,171,39.711408,-9.085093,Lisboa,117.32,2024-03-22 06:07:24,user_0087,23.3
2.4015,6830707,157,41.613299,-7.503548,Viseu,119.34,2024-03-04 12:19:21,user_0142,6.2
0.4792,6106428,97,39.461414,-8.488793,Aveiro,153.24,2023-09-11 23:38:22,user_0070,30.3
9.7228,4745920,181,37.463686,-6.420673,Setúbal,189.93,2024-09-09 05:28:18,user_0114,9.4
9.5898,7162517,185,40.038916,-8.119023,Aveiro,69.88,2024-03-26 16:11:38,user_0008,8.9
5.175,5788773,178,40.564225,-8.792686,Braga,193.47,2024-08-17 00:41:39,user_0037,38.1
1.1685,7517475,96,38.866418,-7.644988,Aveiro,187.43,2024-05-30 08:54:57,user_0086,32.0
6.2035,6923985,54,40.50757,-6.79709,Aveiro,76.48,2023-08-06 03:14:00,user_0072,19.5
4.7371,9222638,73,38.524114,-9.433973,Lisboa,85.7,2024-03-24 13:46:07,user_0125,13.4
10.1891,6101570,67,40.845451,-7.781232,Coimbra,103.62,2023-03-03 20:51:16,user_0010,34.5
9.1261,8032304,133,38.605361,-6.87035,Évora,138.35,2023-04-08 18:45:53,user_0067,38.9
5.5324,2266598,54,38.180535,-9.147799,Lisboa,78.83,2023-03-28 00:56:10,user_0141,22.8
3.3466,1776238,79,41.295907,-6.430485,Braga,88.05,2023-08-11 22:15:27,user_0039,25.3
14.8217,8451392,50,39.642367,-8.600641,Braga,186.37,2023-05-14 14:56:23,user_0064,13.5
6.8646,5127736,135,38.325781,-8.919948,Setúbal,75.3,2024-05-21 05:00:29,user_0030,25.6
10.3553,5897162,131,41.575434,-7.496529,Faro,115.84,2024-01-08 21:39:06,user_0132,19.0
2.1942,6508676,118,40.354256,-8.904894,Évora,166.82,2023-11-02 07:32:56,user_0045,34.6
7.3353,4910662,80,38.003502,-7.189015,Braga,184.4,2023-04-11 15:26:06,user_0134,18.2
0.5103,1995127,140,39.973212,-7.833653,Lisboa,107.05,2023-10-08 02:35:54,user_0016,27.7
7.6313,7776604,142,41.251794,-9.12615,Braga,83.02,2023-05-16 14:24:17,user_0022,12.1
14.4639,9897442,176,40.380766,-6.397534,Aveiro,163.18,2024-04-08 21:59:19,user_0021,8.2
5.8247,1035108,65,38.123796,-7.211102,Faro,168.16,2024-05-21 04:56:41,user_0193,6.4
0.681,478365,103,40.144242,-7.643624,Braga,197.2,2024-04-16 00:57:24,user_0158,19.5
0.5612,5156371,189,39.995797,-8.227242,Aveiro,79.54,2024-12-30 22:14:24,user_0024,10.7
5.881,2074242,69,41.004218,-9.041476,Setúbal,159.32,2024-02-10 02:04:05,user_0064,39.8
2.4844,5232761,131,37.790663,-7.094438,Braga,118.42,2023-12-24 10:31:41,user_0141,32.9
0.4479,5122969,158,40.398173,-6.73357,Faro,188.05,2023-04-13 09:59:43,user_0026,29.3
11.3676,494209,162,37.036853,-9.072216,Lisboa,117.1,2023-08-18 15:26:30,user_0098,33.1
6.932,9002006,66,40.380877,-7.81847,Setúbal,122.43,2023-11-26 05:32:13,user_0020,14.2
4.4097,1534230,198,41.702187,-7.851523,Leiria,77.75,2023-02-09 03:16:09,user_0061,35.8
13.5112,6556410,175,37.771941,-8.3103,Évora,104.93,2023-09-20 02:21:58,user_0124,39.8
1.8305,5451151,52,38.456499,-6.816238,Aveiro,116.12,2023-01-07 23:54:06,user_0134,15.1
14.3432,851980,66,39.814358,-9.161599,Setúbal,62.45,2023-04-10 16:05:17,user_0171,39.5
4.7781,1766299,99,40.561975,-8.802935,Faro,121.26,2024-08-18 02:34:59,user_0177,16.2
13.3372,4020018,171,38.621857,-9.494551,Setúbal,107.08,2024-12-04 14:17:08,user_0009,5.4
9.0838,6691891,139,40.221295,-8.23185,Évora,172.54,2024-01-04 23:16:26,user_0128,17.9
12.4179,6886608,136,41.396394,-8.509994,Leiria,75.0,2023-12-28 07:52:18,user_0101,39.9
14.7618,7458403,55,40.532794,-6.55222,Aveiro,166.43,2024-05-14 19:53:08,user_0165,27.2
4.3972,1662656,104,40.455114,-6.964245,Faro,159.96,2023-10-31 09:50:42,user_0016,29.3
14.4209,4894097,196,38.809853,-9.212795,Évora,93.85,2024-09-05 02:54:15,user_0004,13.3
5.9033,5309068,151,41.457147,-6.98075,Aveiro,71.66,2023-12-23 18:00:55,user_0032,10.1
5.8441,9623207,78,38.286615,-7.203639,Lisboa,177.86,2023-03-02 08:23:21,user_0084,36.0
5.1718,4956780,160,37.926402,-8.542137,Aveiro,94.92,2023-01-23 12:40:46,user_0093,19.5
8.167,8949454,59,38.72112,-9.447433,Évora,80.38,2024-07-09 13:42:43,user_0128,5.1
2.3968,4323242,140,40.150781,-9.108448,Porto,110.27,2023-08-02 05:24:54,user_0017,15.3
8.3503,9583915,78,41.20839,-8.6502,Porto,116.12,2023-07-20 15:25:23,user_0041,11.9
8.1714,2871712,94,37.560394,-6.723484,Setúbal,105.65,2024-01-28 10:54:10,user_0045,26.1
11.4523,6903538,100,40.969011,-7.917936,Braga,196.71,2023-05-03 19:01:16,user_0016,31.5
12.5214,855656,150,40.964117,-6.377455,Lisboa,183.31,2023-11-30 20:16:14,user_0020,22.4
6.6626,6817123,177,39.834597,-6.816895,Aveiro,182.22,2024-06-26 00:55:11,user_0042,11.5
4.6048,3566568,60,40.70324,-8.523832,Évora,115.83,2024-07-13 02:54:38,user_0010,7.0
3.9641,4679020,131,37.809403,-6.625769,Coimbra,194.8,2024-02-06 07:12:09,user_0052,16.0
2.9999,1792363,177,37.74793,-9.103136,Lisboa,155.76,2023-03-24 15:27:23,user_0188,33.2
0.9589,638922,55,41.214,-9.3772,Porto,176.48,2023-03-25 08:54:01,user_0176,19.7
5.2025,777867,116,39.390742,-7.43097,Leiria,130.12,2024-07-19 19:58:48,user_0151,13.8
4.1267,3066461,111,38.129686,-8.338074,Coimbra,82.49,2024-08-23 23:54:53,user_0033,5.7
14.4996,5756911,182,40.343652,-8.379953,Braga,184.16,2023-09-25 19:25:05,user_0127,22.4
8.4099,1702424,186,41.359376,-7.163492,Aveiro,128.1,2024-08-23 12:08:36,user_0153,29.0
5.2744,4175252,77,40.061613,-6.609647,Coimbra,195.6,2023-01-31 09:00:58,user_0050,11.7
8.749,1185560,87,38.636725,-8.404603,Évora,95.68,2024-06-08 20:32:01,user_0101,23.8
2.174,8016906,92,39.316189,-8.394953,Faro,198.93,2024-02-03 20:06:33,user_0100,19.7
6.7163,6509887,166,40.661347,-7.684906,Faro,91.14,2024-12-23 12:52:14,user_0088,29.6
9.4309,9334909,198,37.237506,-7.279176,Setúbal,111.54,2023-03-16 18:20:09,user_0198,35.1
7.3846,867838,95,37.985823,-8.81012,Coimbra,143.16,2024-08-28 22:50:20,user_0079,15.7
6.0865,1057880,98,39.212916,-6.396891,Porto,157.07,2024-07-02 11:34:23,user_0183,36.7
14.9083,3087714,88,39.921205,-7.274984,Setúbal,160.84,2023-08-06 07:51:37,user_0098,29.7
13.2167,3478192,120,38.595828,-7.37445,Faro,126.68,2024-12-30 11:57:28,user_0068,6.3
9.3887,9960461,176,38.391955,-6.425735,Braga,70.76,2023-11-25 07:18:38,user_0078,32.7
8.5837,8856832,198,37.106921,-6.415299,Coimbra,129.45,2023-09-12 11:04:07,user_0132,22.3
9.3478,9695674,50,37.063009,-9.03913,Braga,106.86,2024-08-19 05:05:05,user_0028,38.1
3.0996,5600068,185,38.293474,-9.006743,Braga,152.07,2023-11-17 12:30:16,user_0029,16.3
5.9876,8151656,118,39.552531,-6.909374,Coimbra,85.52,2024-12-26 14:08:19,user_0082,25.7
0.6879,785890,79,39.681857,-6.246608,Porto,115.15,2024-07-20 05:03:59,user_0122,38.5
7.1856,9310837,164,39.370137,-7.233853,Coimbra,195.26,2023-06-22 23:17:41,user_0176,14.5
8.1911,4806799,57,38.949403,-8.101522,Viseu,72.44,2024-08-14 19:30:41,user_0105,21.5
3.4935,8053024,162,38.161458,-7.176191,Porto,144.33,2024-03-05 04:25:36,user_0072,31.3
14.464,8586625,68,38.903472,-8.722041,Viseu,72.69,2023-09-13 23:03:08,user_0110,29.2
13.6509,3743757,108,37.5938,-6.106915,Aveiro,81.98,2024-06-02 20:24:33,user_0113,34.4
10.8599,5259245,128,37.476296,-8.03431,Viseu,144.69,2024-04-06 22:08:29,user_0141,23.2
8.0475,5046528,85,38.399716,-6.332268,Faro,122.16,2023-05-02 03:59:52,user_0043,16.2
13.0625,7011673,104,41.876744,-8.035287,Évora,136.79,2023-04-12 15:23:47,user_0009,23.7
2.0467,2868921,93,38.532485,-6.344325,Coimbra,183.18,2023-05-31 19:58:34,user_0040,17.2
11.8786,8177039,126,41.582282,-8.358669,Viseu,174.41,2023-06-01 01:38:11,user_0046,11.2
1.9598,3003225,127,38.861311,-6.914154,Setúbal,184.32,2023-02-13 07:56:57,user_0058,24.4
11.9337,5637291,150,39.09505,-6.266593,Viseu,146.28,2023-09-14 02:17:13,user_0184,6.7
4.2089,5034253,79,40.885314,-7.303666,Coimbra,128.55,2023-07-25 04:36:34,user_0140,6.3
13.1686,4228316,88,37.368192,-7.196278,Setúbal,124.29,2024-01-29 07:13:29,user_0101,7.3
14.1662,9055383,62,37.811567,-9.150187,Lisboa,163.57,2023-08-25 06:24:40,user_0025,28.5
2.3171,3578478,171,41.769201,-7.887652,Setúbal,132.98,2024-05-28 23:01:18,user_0089,19.2
6.9939,8072590,193,39.429587,-6.485032,Setúbal,74.81,2023-07-31 05:07:06,user_0144,22.3
14.7167,5926983,161,37.121548,-8.680907,Porto,79.87,2023-07-15 03:51:01,user_0179,17.0
7.3028,6323617,94,37.136904,-6.819566,Viseu,109.99,2024-09-18 08:27:18,user_0124,13.9
12.9669,454529,168,41.436203,-7.202586,Viseu,69.5,2024-12-20 09:45:18,user_0099,17.5
8.8721,9500374,84,41.266825,-8.741848,Leiria,93.49,2024-05-10 21:19:26,user_0200,11.8
5.6924,7586288,56,39.191996,-8.53851,Setúbal,151.9,2023-03-11 12:20:41,user_0181,28.8
4.3582,7261511,159,37.71611,-8.046293,Évora,61.74,2024-12-03 19:45:55,user_0180,8.6
3.128,8927811,163,41.051423,-9.074561,Porto,144.57,2024-07-27 13:18:25,user_0195,23.1
11.4508,1311629,100,38.523001,-6.394538,Porto,168.13,2024-11-01 16:49:40,user_0124,21.7
5.8595,900542,95,38.995292,-6.986184,Porto,83.82,2024-12-25 12:21:31,user_0024,15.6
7.718,3954780,69,40.312382,-8.259122,Viseu,85.34,2024-09-24 22:40:25,user_0107,8.6
7.4356,2945759,145,38.666992,-8.481137,Leiria,64.04,2023-04-03 15:04:50,user_0014,29.6
8.7015,8683376,87,40.04335,-7.155432,Braga,131.74,2024-09-24 05:42:01,user_0022,24.9
12.9971,3352921,153,41.326414,-8.057649,Coimbra,151.64,2023-07-02 06:20:43,user_0128,33.3
14.713,61264,81,40.886866,-8.720256,Lisboa,123.97,2024-06-03 07:38:15,user_0031,13.2
6.173,5094502,107,38.808055,-8.037487,Lisboa,114.52,2024-08-27 19:00:04,user_0085,32.7
12.43,2459507,197,38.339683,-6.53759,Coimbra,123.62,2024-07-09 21:01:02,user_0058,15.2
11.4915,3452097,131,38.327552,-9.266737,Porto,169.41,2024-05-08 15:37:45,user_0069,8.9
8.6456,7292306,99,38.642956,-8.247582,Aveiro,64.69,2023-12-24 07:19:00,user_0147,9.7
14.3451,1218284,101,39.367585,-6.228046,Coimbra,169.73,2024-02-26 12:29:42,user_0106,12.7
3.0871,7088727,135,38.982987,-9.449572,Braga,153.29,2023-07-16 03:55:28,user_0181,28.9
1.728,3080202,164,37.56502,-6.471823,Braga,93.8,2023-10-30 09:13:24,user_0085,13.5
12.824,6002874,199,37.717279,-8.225565,Setúbal,133.46,2023-11-26 22:53:41,user_0002,26.1
6.6433,7518933,102,38.614648,-8.855638,Setúbal,66.9,2024-04-07 13:09:30,user_0181,14.0
12.7198,5383182,115,39.710321,-9.449069,Setúbal,113.14,2024-10-04 11:47:29,user_0195,17.8
13.407,4688827,166,39.86332,-9.260222,Setúbal,84.37,2023-03-09 23:01:14,user_0047,36.1
1.0306,6517320,92,39.331035,-8.915733,Aveiro,63.12,2024-01-12 09:32:52,user_0115,22.5
13.2636,5792819,131,40.593879,-9.413609,Aveiro,109.99,2023-07-23 02:30:50,user_0053,26.0
6.78,9010815,113,40.586244,-8.35811,Leiria,161.66,2024-11-14 12:36:31,user_0185,11.6
7.7054,7642139,186,39.038137,-9.347363,Lisboa,188.94,2023-09-27 10:07:37,user_0025,9.6
9.4362,9030672,162,37.522204,-7.146465,Viseu,152.72,2024-11-24 16:27:05,user_0035,19.5
13.9031,865630,184,39.550874,-6.715716,Aveiro,116.28,2023-08-27 22:06:29,user_0157,34.9
0.3848,5387691,103,38.807345,-6.482623,Faro,199.93,2023-01-02 19:19:42,user_0087,13.4
7.205,4325001,114,37.589615,-7.632964,Braga,99.61,2024-07-19 02:51:01,user_0110,26.8
10.3471,2972881,51,41.809086,-6.281868,Viseu,86.2,2024-06-18 21:19:29,user_0145,35.5
10.8683,8101294,181,38.748777,-9.480805,Braga,124.92,2024-06-17 13:55:39,user_0080,37.7
10.4187,9698597,127,40.028989,-9.044338,Setúbal,130.69,2023-12-01 16:01:51,user_0177,39.8
2.1031,8557286,81,39.350644,-8.503236,Aveiro,109.68,2024-04-29 19:47:59,user_0184,31.7
4.561,5811303,149,37.614141,-6.817317,Viseu,157.37,2023-09-19 12:03:43,user_0131,7.6
5.4449,5279947,179,37.177718,-6.489677,Porto,85.74,2023-02-16 05:33:13,user_0022,35.5
12.0861,9364532,153,40.028847,-7.398343,Leiria,131.45,2024-01-26 03:06:59,user_0142,36.0
4.2535,9192397,191,38.135109,-8.196996,Faro,130.02,2023-06-09 00:22:49,user_0131,24.5
3.2395,8559531,197,38.11827,-7.236125,Faro,175.33,2023-11-10 15:20:49,user_0038,7.4
14.366,300406,138,41.684881,-8.884942,Lisboa,189.78,2023-06-04 15:38:15,user_0087,21.7
0.2321,517961,98,39.208867,-7.943228,Setúbal,152.86,2023-07-16 00:45:55,user_0021,12.4
14.9675,1035598,185,37.04713,-7.77435,Faro,102.75,2024-08-27 16:34:48,user_0179,20.5
10.1846,2511902,198,38.599214,-9.143438,Évora,156.55,2023-09-04 13:28:13,user_0024,30.3
12.4442,7169158,136,39.822458,-9.384833,Évora,95.19,2024-02-26 21:23:50,user_0096,28.4
4.4898,3640377,57,38.542837,-6.949641,Coimbra,195.32,2024-02-18 06:48:35,user_0045,32.3
0.3133,163944,150,37.03426,-7.681998,Faro,175.13,2023-12-21 07:07:12,user_0197,21.7
11.0943,3022345,65,39.121556,-8.370388,Viseu,120.37,2023-09-08 22:19:05,user_0172,22.9
12.5288,2969852,89,37.429532,-8.013423,Aveiro,169.81,2024-05-13 06:18:35,user_0047,37.7
11.1331,7950630,155,39.9958,-6.243808,Porto,117.21,2023-02-05 08:07:48,user_0185,27.1
2.2285,5724827,76,39.997936,-8.191293,Lisboa,70.45,2023-03-14 16:32:58,user_0147,31.2
11.3261,6800541,153,37.088796,-9.148171,Setúbal,158.95,2024-07-26 05:44:55,user_0162,28.3
11.5569,4756004,154,38.353331,-7.923753,Coimbra,116.65,2023-12-02 11:52:20,user_0131,27.4
9.9123,1358454,195,38.968431,-7.296636,Viseu,190.24,2023-04-01 16:38:07,user_0039,37.0
11.5151,7689969,84,39.65132,-9.458815,Braga,102.92,2024-09-18 02:03:21,user_0092,17.5
12.7042,3871018,162,38.380317,-8.370042,Évora,178.07,2023-11-19 03:19:47,user_0075,20.0
9.2427,9459412,101,38.338733,-8.162051,Aveiro,155.26,2023-01-01 11:50:32,user_0188,18.3
1.4202,6412083,192,41.815076,-7.92337,Coimbra,179.47,2024-11-30 08:42:59,user_0138,31.8
7.3657,7875639,102,37.109314,-8.474274,Viseu,100.86,2023-05-28 16:36:53,user_0168,35.4
1.257,5010281,140,41.845227,-7.232464,Setúbal,124.59,2024-05-17 16:07:47,user_0002,17.5
6.1724,7698812,130,37.13876,-6.287989,Porto,175.24,2023-04-07 07:07:02,user_0045,10.0
6.1659,6807643,153,38.341707,-6.392406,Aveiro,150.13,2024-04-19 11:57:03,user_0155,22.3
1.0835,5210558,115,39.368454,-7.241062,Setúbal,110.39,2023-04-27 01:17:06,user_0053,39.5
5.2974,5959996,162,37.616492,-7.776594,Leiria,131.68,2024-11-11 21:21:06,user_0137,12.1
1.7539,2389911,80,37.574232,-6.692229,Setúbal,199.45,2023-07-20 00:49:15,user_0103,20.8
12.1427,8140210,110,38.181564,-6.657814,Setúbal,163.86,2024-04-22 20:22:52,user_0129,14.5
14.2206,1726681,150,41.767536,-6.679452,Porto,146.03,2023-07-02 18:49:12,user_0161,37.3
1.1775,6554845,154,38.800584,-8.963324,Faro,175.91,2023-09-29 10:42:10,user_0038,24.3
14.3312,117408,147,39.729974,-9.41353,Leiria,121.88,2024-10-21 18:34:50,user_0057,25.3
7.8864,636431,83,40.421457,-6.157142,Lisboa,193.01,2023-05-01 19:59:57,user_0161,5.3
4.5635,3435504,108,40.611109,-6.237176,Coimbra,137.28,2023-10-17 07:54:15,user_0176,27.8
1.2452,9187896,52,40.340205,-7.581113,Viseu,105.76,2023-08-12 00:31:19,user_0003,15.7
7.5593,1236541,66,38.584641,-6.123583,Viseu,72.04,2024-05-25 14:12:46,user_0032,23.0
11.9383,2036721,127,37.458639,-6.88014,Braga,112.6,2023-06-20 22:12:00,user_0149,23.6
10.6356,6087494,95,38.308582,-7.740907,Lisboa,139.61,2024-04-23 12:06:04,user_0068,25.7
0.8484,6163185,84,37.951476,-8.176274,Lisboa,158.45,2024-05-28 16:47:22,user_0145,33.8
1.1862,8706406,178,37.581387,-7.484265,Lisboa,182.52,2023-01-01 19:01:55,user_0170,15.5
6.1028,9639830,161,37.022484,-7.746273,Lisboa,192.15,2023-12-15 01:39:12,user_0068,14.0
4.4998,8879391,181,41.578629,-6.121071,Porto,74.34,2023-04-07 20:54:01,user_0084,32.9
3.5625,5036117,110,41.505172,-7.832435,Faro,144.13,2023-06-15 02:51:50,user_0012,30.2
4.287,1107177,146,37.152085,-6.657868,Porto,153.32,2024-05-11 09:17:50,user_0045,12.9
12.0719,9175404,194,37.765423,-6.733679,Coimbra,84.09,2023-01-07 18:42:26,user_0164,5.0
13.9455,5408520,139,37.597502,-9.257219,Leiria,136.38,2024-05-22 18:51:40,user_0080,28.3
6.136,4659014,185,38.306115,-9.204177,Braga,106.88,2024-08-19 11:45:00,user_0179,10.5
13.6011,8070024,108,37.920344,-7.256646,Porto,70.84,2024-12-22 08:28:26,user_0135,38.5
4.8903,5512460,67,41.629268,-8.619033,Coimbra,69.22,2023-11-05 06:56:24,user_0161,26.2
7.1989,3494585,144,37.320852,-7.264408,Leiria,166.29,2023-04-07 11:42:31,user_0048,34.7
3.4678,1992834,65,37.958354,-9.008272,Coimbra,146.16,2023-02-21 16:54:42,user_0194,33.2
9.6431,5306175,59,37.303617,-8.149968,Faro,160.12,2023-10-07 15:23:06,user_0033,24.5
14.6868,5648734,153,41.801927,-9.151601,Coimbra,155.94,2024-06-17 10:58:28,user_0084,20.3
9.092,5194914,125,41.492068,-8.540884,Aveiro,78.8,2023-03-16 18:31:26,user_0101,22.4
5.4314,4716302,199,40.483158,-9.199785,Coimbra,81.22,2023-08-17 17:55:04,user_0155,33.1
9.7525,2473055,65,39.029865,-6.200033,Porto,95.35,2024-10-05 02:55:37,user_0047,27.4
1.9315,1327877,61,37.850891,-8.156801,Coimbra,115.87,2023-04-11 02:30:18,user_0085,12.2
13.341,7516669,124,38.007449,-6.435958,Porto,191.48,2024-07-18 15:01:39,user_0194,26.3
7.596,7016812,178,39.1152,-6.198016,Leiria,154.34,2024-07-03 19:19:28,user_0043,19.2
6.7953,2687328,76,40.741113,-6.407487,Aveiro,95.72,2023-04-08 04:43:19,user_0080,7.1
8.8294,6478623,61,38.223647,-7.953137,Leiria,67.84,2024-12-25 20:18:41,user_0147,18.3
9.4093,1899955,79,38.45396,-6.851749,Coimbra,155.79,2023-04-15 06:47:08,user_0196,13.0
1.1695,4198811,58,39.899721,-8.977422,Lisboa,147.54,2024-01-23 06:30:18,user_0138,34.4
10.271,6132446,102,38.088647,-9.177569,Braga,154.61,2023-01-07 04:28:38,user_0022,8.7
3.7048,672225,103,39.821093,-6.518535,Évora,96.57,2024-04-19 12:21:14,user_0194,17.6
10.7379,3510463,98,38.835654,-9.394192,Lisboa,132.37,2023-11-18 06:32:30,user_0130,29.3
12.3558,9828942,53,37.071841,-6.194087,Aveiro,110.64,2024-06-11 09:00:32,user_0108,36.4
12.079,3070610,128,38.913506,-7.214745,Leiria,174.48,2024-04-03 11:57:44,user_0098,16.7
8.3323,8786301,140,41.497626,-8.073316,Aveiro,69.72,2023-04-21 12:04:29,user_0018,26.2
7.8505,3732238,128,38.365559,-9.019324,Faro,98.56,2023-10-28 13:09:26,user_0128,18.1
2.2289,1972613,152,38.514162,-7.041014,Leiria,144.41,2024-05-16 04:38:21,user_0019,12.1
11.6527,8306931,160,37.229704,-7.58542,Coimbra,88.73,2024-09-19 18:32:36,user_0158,16.4
4.144,3335705,107,39.975237,-7.082168,Leiria,154.18,2023-03-05 06:46:27,user_0134,27.3
7.5008,5412049,131,41.146212,-8.079065,Lisboa,79.15,2023-03-15 08:08:55,user_0027,30.1
4.3357,1344091,181,38.664614,-9.274716,Braga,63.19,2024-07-03 06:50:51,user_0015,18.0
2.094,404470,71,38.101228,-8.429095,Coimbra,180.89,2024-03-06 09:20:06,user_0159,10.3
9.4804,4329394,180,41.683059,-8.428929,Viseu,106.68,2023-10-08 08:14:20,user_0172,9.9
0.9095,791624,128,40.625363,-9.470491,Lisboa,81.96,2024-12-04 04:07:02,user_0138,33.4
11.2548,7079903,148,39.735818,-9.467425,Setúbal,84.18,2023-08-18 14:06:15,user_0149,27.9
4.832,5088890,87,38.427656,-8.375422,Coimbra,184.03,2023-04-13 01:49:29,user_0175,30.5
0.102,1601207,166,38.00399,-7.02608,Coimbra,151.62,2023-07-22 04:28:24,user_0183,22.1
7.7158,5248709,75,40.47872,-7.378251,Lisboa,193.89,2023-03-03 12:02:15,user_0123,21.0
0.7981,9995853,185,39.508944,-8.68734,Faro,172.01,2024-02-08 23:30:32,user_0095,12.4
4.2149,2995035,99,39.502999,-7.450607,Leiria,167.46,2024-03-14 00:08:16,user_0164,10.9
10.6339,6203690,87,37.268549,-7.298916,Setúbal,129.97,2024-03-19 13:01:51,user_0127,10.4
1.0341,484427,187,39.460972,-7.723262,Aveiro,174.91,2024-07-22 15:32:53,user_0074,39.7
12.6061,3958905,91,41.01372,-7.727396,Coimbra,117.77,2024-05-19 01:08:27,user_0058,33.7
0.1569,4083372,86,41.633996,-8.242857,Leiria,175.78,2024-09-10 23:04:10,user_0147,26.9
3.7777,1109229,189,37.433412,-9.080459,Évora,166.08,2024-04-25 15:15:43,user_0192,12.5
11.1395,3893623,98,40.055826,-8.189355,Évora,154.98,2023-08-09 04:53:46,user_0110,16.8
4.8124,6191081,191,39.741736,-8.325863,Aveiro,106.16,2024-01-13 22:57:52,user_0138,17.3
1.6182,2089884,95,41.351562,-7.487293,Porto,148.3,2024-01-07 22:50:07,user_0049,21.7
5.4675,4204099,78,40.65622,-6.588715,Setúbal,130.95,2024-06-29 22:13:14,user_0182,19.8
4.1289,8309740,61,41.726309,-8.223724,Évora,124.62,2023-08-04 17:53:48,user_0061,37.7
12.6564,9900154,165,41.700163,-7.0869,Braga,198.63,2023-02-09 20:03:04,user_0187,30.2
4.7689,7273820,131,38.028425,-6.739777,Aveiro,130.62,2024-10-17 11:25:41,user_0130,7.8
11.8551,4821699,93,40.526754,-8.780045,Lisboa,64.48,2024-11-27 21:50:41,user_0075,17.6
13.3889,6605129,51,39.552615,-6.434389,Lisboa,147.71,2023-12-28 06:25:58,user_0008,9.7
6.5639,6172056,66,37.97301,-9.260487,Viseu,161.92,2023-03-24 07:16:08,user_0147,14.8
13.6582,1496030,187,37.874345,-6.434154,Braga,183.93,2023-12-31 16:41:10,user_0196,38.6
5.722,11009,67,37.305422,-8.943648,Setúbal,148.58,2024-03-09 13:38:58,user_0142,29.7
14.4648,4372472,71,40.877726,-8.353623,Évora,62.72,2024-01-21 15:34:46,user_0022,5.3
1.4304,1723480,132,38.522524,-7.4422,Porto,76.76,2024-12-14 17:15:01,user_0017,16.5
10.3366,8313264,107,41.184844,-6.420677,Setúbal,82.57,2024-12-21 10:10:55,user_0107,20.4
7.4578,3699397,102,39.941577,-8.630615,Faro,89.58,2024-11-12 18:21:19,user_0063,26.1
5.876,1991367,50,40.268167,-6.903849,Setúbal,171.97,2023-04-07 08:20:24,user_0122,22.5
9.5274,5569634,110,38.358369,-7.084518,Lisboa,103.37,2024-09-20 09:27:40,user_0026,7.4
10.5875,8718936,80,39.186471,-8.95699,Viseu,103.73,2024-02-19 22:01:27,user_0164,23.0
0.165,4409013,115,38.961588,-7.869823,Évora,165.78,2023-09-24 18:01:34,user_0117,9.6
2.5876,2708668,196,38.078443,-7.862883,Aveiro,117.74,2024-05-13 13:08:40,user_0045,23.2
10.7244,5053679,102,41.062561,-8.46432,Évora,69.05,2024-07-10 18:57:30,user_0030,13.6
10.0291,1000294,144,40.010423,-6.848268,Leiria,141.92,2024-11-27 18:00:58,user_0116,10.0
14.4941,5658307,199,37.08716,-6.351825,Lisboa,78.21,2024-07-16 08:49:50,user_0149,15.1
11.4395,9335592,72,40.999585,-7.063654,Viseu,140.03,2023-01-13 04:23:53,user_0148,8.5
14.2665,8174244,192,37.430189,-6.191954,Leiria,169.15,2023-02-19 07:10:14,user_0170,14.9
10.5679,2285362,180,38.918482,-9.328407,Braga,190.13,2023-07-11 09:29:09,user_0090,35.3
4.541,2842894,136,39.756285,-9.373443,Porto,69.39,2023-01-30 01:45:59,user_0119,15.8
1.6699,8565873,197,36.938256,-6.46088,Setúbal,102.56,2023-02-14 03:24:51,user_0184,21.5
11.7492,7860791,174,40.164541,-6.447479,Faro,151.34,2024-07-30 04:21:38,user_0140,23.2
9.6978,3036773,158,40.198515,-9.135789,Coimbra,104.16,2024-01-05 19:49:04,user_0008,11.2
0.818,4384432,89,40.162632,-8.284683,Coimbra,123.14,2024-04-03 20:33:30,user_0093,20.5
5.4648,1690792,170,37.71734,-6.659658,Aveiro,62.81,2024-01-01 18:22:40,user_0117,34.9
14.3563,1631570,88,38.178662,-9.062962,Viseu,157.09,2023-10-31 06:22:06,user_0191,7.8
7.556,4773598,169,38.136879,-8.590745,Braga,183.66,2024-05-27 07:43:20,user_0056,37.3
6.5477,1660102,67,41.700335,-7.184613,Lisboa,196.76,2023-03-02 04:08:06,user_0135,35.5
6.9197,1511710,192,37.237641,-6.161543,Faro,176.27,2024-01-27 16:36:56,user_0062,35.0
3.2124,7276281,86,39.043808,-6.789728,Aveiro,64.45,2024-03-25 17:08:39,user_0121,11.9
5.5937,9220838,54,41.25627,-6.85712,Braga,151.26,2023-07-22 13:14:05,user_0061,22.0
5.6102,816609,122,40.74733,-8.334947,Porto,129.39,2023-08-15 05:34:07,user_0138,26.6
0.8801,4584470,184,41.012211,-7.251434,Lisboa,191.31,2024-01-09 06:03:29,user_0050,8.5
11.5368,6807087,90,41.761468,-9.1155,Coimbra,186.3,2023-05-29 08:01:12,user_0148,24.5
6.3059,4062316,59,38.836309,-6.126292,Porto,198.33,2024-08-12 21:12:45,user_0028,34.4
12.3505,5587239,117,38.448276,-7.866013,Aveiro,180.67,2024-01-27 13:33:20,user_0142,37.8
12.7702,1655464,73,37.053297,-7.328053,Viseu,136.56,2023-10-13 05:36:57,user_0076,14.7
3.2587,9795427,127,37.650097,-6.521016,Leiria,160.09,2024-04-08 00:50:06,user_0008,15.1
9.8946,8377114,194,39.710073,-9.496719,Viseu,195.05,2024-09-01 04:54:13,user_0135,14.5
7.137,8356164,158,37.688303,-6.18166,Lisboa,140.94,2024-05-12 04:05:44,user_0005,10.4
13.2143,878835,73,40.581525,-8.278858,Porto,177.6,2023-02-18 06:20:10,user_0001,20.1
3.3145,9012186,56,37.086163,-8.345391,Setúbal,191.91,2024-05-25 00:48:05,user_0111,32.5
10.1994,7556142,122,38.19744,-9.006785,Viseu,139.88,2024-06-16 20:52:14,user_0073,29.9
9.1555,3277560,156,40.377266,-6.582173,Évora,82.28,2024-09-09 22:07:16,user_0106,36.5
4.5,3169870,148,38.177514,-6.539146,Porto,81.78,2023-02-12 06:30:43,user_0010,17.5
2.1354,5088268,171,40.543802,-9.432037,Aveiro,76.14,2023-03-04 22:26:53,user_0186,25.0
9.8094,7279995,61,41.879319,-9.310534,Viseu,126.69,2023-11-14 04:09:08,user_0065,31.8
11.1051,6422892,134,40.88542,-6.377638,Leiria,127.22,2023-11-27 23:04:28,user_0188,36.4
4.8028,2379093,52,38.609177,-9.082248,Aveiro,146.43,2024-03-20 10:44:37,user_0148,35.5
9.708,5480283,128,41.40296,-7.388847,Leiria,127.6,2023-08-14 18:45:42,user_0058,21.3
5.9875,2760451,134,37.155899,-7.393188,Setúbal,196.23,2024-06-25 10:28:13,user_0171,36.7
10.7268,9085997,59,40.525034,-6.542917,Évora,100.78,2024-06-24 16:19:52,user_0157,20.5
3.0683,6369553,82,37.016612,-7.552976,Setúbal,182.33,2023-03-29 04:38:29,user_0002,36.6
13.3642,6432975,95,37.772777,-8.024361,Évora,74.05,2024-05-31 18:25:07,user_0154,32.2
4.3824,4241244,108,41.837929,-6.187105,Braga,144.27,2024-05-27 02:16:23,user_0059,12.8
5.58,3904840,101,38.704425,-8.722027,Coimbra,150.77,2023-04-30 14:20:51,user_0105,37.5
0.9656,3820730,55,41.002497,-8.606759,Leiria,168.11,2024-11-26 16:50:37,user_0001,13.5
1.7615,2848411,179,38.780434,-9.211783,Braga,130.42,2024-01-17 19:03:14,user_0031,36.8
7.7863,3344443,78,41.100142,-6.183923,Porto,87.61,2024-07-25 13:56:02,user_0038,26.5
4.0871,9445112,168,41.727198,-7.098375,Évora,111.66,2024-06-10 03:48:42,user_0022,28.4
12.5487,2444149,146,39.077681,-9.45887,Setúbal,98.1,2023-05-02 21:11:27,user_0194,8.8
0.3189,6930358,117,39.696746,-7.105332,Braga,118.67,2023-04-03 15:49:27,user_0175,7.3
5.7485,2214669,109,40.043197,-8.125937,Setúbal,134.2,2024-07-24 05:17:31,user_0001,38.9
5.1264,7496121,173,41.574174,-6.210331,Évora,147.51,2023-07-16 04:45:13,user_0088,16.8
0.388,1954702,133,38.18372,-8.556882,Setúbal,178.32,2024-10-09 01:59:11,user_0178,34.6
1.9531,9488077,90,39.956247,-7.085026,Lisboa,187.4,2024-07-17 03:27:31,user_0164,29.7
6.2633,9575779,162,38.523601,-7.366724,Lisboa,124.76,2023-01-22 10:19:17,user_0173,26.1
7.4437,2933361,114,37.984666,-9.45903,Leiria,72.41,2024-08-12 04:31:46,user_0164,29.0
6.1239,421655,128,37.324602,-6.490262,Setúbal,171.59,2023-07-18 13:06:00,user_0162,8.1
8.011,5323940,112,40.003554,-9.025317,Porto,126.8,2023-02-16 15:02:14,user_0009,19.4
8.9675,799717,197,41.310427,-7.243798,Lisboa,136.5,2024-06-03 23:54:11,user_0110,26.2
0.2479,5647069,167,38.656964,-6.863135,Porto,143.41,2024-02-25 22:56:14,user_0084,35.4
7.015,2482266,86,39.663343,-7.354846,Aveiro,153.5,2023-02-26 06:16:01,user_0132,30.0
14.4561,921806,113,40.110669,-9.169813,Faro,184.61,2023-11-29 07:03:54,user_0063,13.8
7.8336,4965440,135,38.973251,-6.184391,Évora,193.3,2023-09-20 21:22:14,user_0132,39.5
10.1954,9179651,182,41.416739,-8.694819,Évora,191.62,2023-12-31 17:10:02,user_0133,27.5
4.7468,7873692,83,38.713776,-7.36526,Porto,173.32,2024-02-18 19:50:41,user_0138,22.5
11.6325,1193728,88,37.525054,-6.789595,Coimbra,184.49,2023-09-26 09:53:23,user_0108,32.3
11.6165,5061354,116,37.620102,-6.306598,Porto,66.95,2023-07-06 05:38:01,user_0172,26.1
7.8673,6911957,111,41.354288,-7.446364,Évora,178.88,2023-03-17 02:53:38,user_0040,29.8
14.6426,1504329,137,41.84004,-8.619216,Faro,70.12,2024-02-23 22:56:36,user_0036,26.6
1.9707,1777850,180,38.344689,-6.655427,Lisboa,164.47,2024-06-11 15:04:37,user_0035,11.3
0.3525,6686269,158,37.618014,-8.945052,Porto,83.71,2023-06-16 17:38:43,user_0059,24.0
11.5754,535888,138,39.311061,-9.42424,Setúbal,110.42,2024-01-07 10:36:43,user_0193,14.9
12.1266,7157303,116,40.44764,-6.412294,Coimbra,85.79,2023-02-02 03:32:38,user_0116,25.0
1.8911,3918446,128,39.962015,-7.543678,Évora,122.08,2024-09-21 22:30:26,user_0031,9.4
4.0572,6971631,78,41.655541,-9.263219,Porto,117.64,2023-06-28 12:32:29,user_0174,13.1
0.3615,2202888,123,40.988889,-7.52892,Porto,66.73,2023-12-11 09:18:56,user_0049,33.3
4.4703,6703562,81,41.244861,-9.006952,Setúbal,176.27,2023-10-07 13:48:01,user_0134,19.2
11.6198,2552192,136,39.608336,-9.393288,Aveiro,179.59,2023-04-20 13:29:00,user_0198,28.6
7.8176,8524405,88,38.536376,-9.103818,Lisboa,170.25,2024-11-10 17:55:28,user_0106,22.4
5.2866,1724620,186,40.40868,-6.864635,Faro,178.66,2024-09-17 23:08:26,user_0019,16.9
5.6389,5169719,150,39.095265,-6.930753,Lisboa,165.12,2024-02-08 14:11:27,user_0096,22.3
0.1202,4830165,191,38.338771,-7.445318,Setúbal,191.25,2024-10-29 04:21:47,user_0170,33.5
4.567,6566692,117,37.661353,-8.788284,Évora,140.69,2024-06-24 16:27:55,user_0030,14.9
9.7322,358062,197,39.539371,-6.987512,Setúbal,141.57,2023-11-03 03:21:00,user_0026,19.8
14.6155,7248730,77,39.871268,-8.112646,Leiria,180.39,2023-08-23 21:58:16,user_0131,12.1
12.7212,2077645,63,39.743928,-7.763438,Braga,108.92,2023-10-31 20:48:56,user_0161,17.3
0.4516,1401471,126,37.482742,-6.448022,Aveiro,67.01,2024-06-09 19:26:39,user_0050,36.0
13.4886,4779897,165,39.749937,-7.943284,Braga,164.98,2023-07-18 00:26:21,user_0159,32.5
11.7697,1716548,77,37.742071,-7.370355,Évora,95.64,2023-02-26 20:34:53,user_0111,18.1
11.7276,4952505,138,40.218571,-6.230045,Faro,126.39,2023-09-30 03:35:56,user_0196,9.6
6.9241,9406751,81,39.04692,-7.965274,Lisboa,93.66,2024-01-02 11:45:26,user_0096,19.7
6.0303,4100321,186,41.143943,-7.593525,Coimbra,175.79,2024-10-20 10:00:23,user_0082,32.0
4.6134,2097711,144,40.791329,-7.51299,Leiria,194.16,2023-05-11 22:06:46,user_0138,6.5
1.0789,6095561,66,40.52191,-8.681581,Aveiro,67.7,2024-08-10 04:00:07,user_0022,31.1
3.5007,37361,166,40.403685,-6.994465,Braga,92.67,2024-12-17 10:22:15,user_0191,28.8
3.7744,2898845,126,39.70244,-7.029434,Porto,86.54,2024-11-27 11:28:16,user_0054,7.3
7.3127,8146836,104,37.205568,-8.773907,Leiria,154.25,2023-02-20 07:35:28,user_0179,27.2
11.2369,3463227,59,40.177448,-9.454651,Lisboa,120.01,2023-12-06 12:26:59,user_0081,15.5
7.1598,8093068,129,39.234611,-6.103599,Leiria,123.88,2023-07-26 02:00:58,user_0132,11.2
0.9619,2457856,183,39.247774,-7.522602,Évora,81.99,2024-09-08 17:42:38,user_0037,18.5
14.3711,1761856,165,38.795111,-8.884491,Porto,118.06,2023-08-27 22:18:43,user_0199,12.2
14.1466,2341102,128,41.545355,-8.535877,Faro,102.45,2024-02-08 18:09:40,user_0063,33.9
11.7993,37,109,38.147256,-7.399507,Porto,145.57,2023-01-06 19:37:11,user_0051,31.0
14.8708,9010139,91,38.482972,-9.032107,Faro,90.41,2023-05-27 11:45:30,user_0136,39.3
8.2128,6251936,165,41.715204,-9.373246,Évora,146.07,2024-02-16 13:53:38,user_0001,23.7
14.4452,653668,158,40.950769,-6.785169,Faro,112.88,2023-08-10 20:29:27,user_0008,8.1
1.2265,3404158,120,36.970432,-7.066123,Porto,108.48,2024-03-30 14:00:39,user_0081,17.9
5.5486,2656040,151,41.430538,-8.447354,Faro,102.78,2023-12-05 15:59:44,user_0105,34.4
3.4582,703645,62,38.033236,-9.301129,Viseu,154.34,2024-03-07 22:25:30,user_0183,18.9
3.0179,4911672,64,40.429663,-7.846679,Setúbal,138.74,2023-12-27 03:40:44,user_0112,20.9
2.198,8215984,85,39.665366,-8.560967,Faro,179.24,2024-07-18 00:11:03,user_0137,19.4
9.374,8131631,64,39.584059,-8.147551,Porto,93.83,2023-05-23 15:48:03,user_0179,13.2
11.7417,9694535,166,40.489607,-8.568504,Setúbal,65.62,2024-10-19 07:45:59,user_0144,7.6
8.7166,2621872,124,37.935907,-8.90409,Setúbal,85.48,2024-07-09 03:38:54,user_0181,11.3
2.2897,593975,105,37.695126,-8.184235,Porto,108.07,2023-06-28 22:37:22,user_0059,17.7
12.1857,5052683,144,40.159563,-6.21936,Coimbra,85.15,2023-01-05 15:44:25,user_0045,13.6
9.5757,3983063,181,38.352896,-8.594825,Évora,71.69,2023-10-27 07:49:57,user_0165,25.0
5.8837,2282373,101,41.769751,-8.357713,Lisboa,122.35,2023-06-20 02:07:13,user_0091,26.5
10.1445,2840152,187,39.157559,-8.380577,Lisboa,154.77,2023-09-10 21:20:35,user_0066,25.0
3.9726,7527872,133,37.457985,-7.867018,Setúbal,165.22,2024-09-04 21:20:11,user_0192,8.0
5.2434,2550552,78,40.329076,-6.632081,Évora,115.82,2024-10-02 08:31:10,user_0036,28.3
13.7705,9240832,102,38.430796,-8.132783,Faro,126.93,2024-11-25 05:20:57,user_0076,18.5
4.4285,2392735,70,37.642937,-6.759097,Viseu,165.77,2023-01-02 01:36:53,user_0050,35.7
7.1028,7504361,161,39.014117,-9.108959,Aveiro,109.38,2024-04-24 19:57:48,user_0099,23.4
13.3631,7314153,187,41.721111,-6.457316,Coimbra,169.87,2024-09-11 18:35:05,user_0095,8.0
10.645,5418626,125,38.957153,-8.869966,Braga,195.43,2024-06-14 20:48:26,user_0181,5.3
1.0268,9750576,79,38.636669,-9.366715,Évora,183.27,2023-03-17 21:11:12,user_0185,29.6
2.2948,3622546,174,39.122545,-8.961595,Coimbra,123.5,2024-01-22 18:20:59,user_0147,19.0
0.2168,5996522,100,36.960579,-8.851451,Lisboa,141.13,2023-06-23 20:41:46,user_0154,15.1
9.5007,3606940,195,37.565508,-7.771086,Aveiro,160.3,2023-12-26 04:20:45,user_0118,20.7
6.7703,5935537,127,41.148373,-7.97021,Faro,108.9,2023-02-13 17:21:42,user_0100,7.5
2.1007,3600200,71,41.790172,-7.066027,Aveiro,171.89,2024-12-28 18:43:35,user_0068,18.7
14.3732,559031,113,37.689707,-9.326766,Aveiro,121.17,2024-06-03 12:09:04,user_0112,16.0
7.9919,6491280,70,39.577589,-7.807799,Faro,178.56,2023-03-09 21:49:36,user_0171,33.0
3.7042,2701243,178,41.731667,-8.369598,Aveiro,95.66,2024-11-03 12:43:39,user_0127,11.1
7.559,5444003,156,37.682907,-7.355598,Évora,61.59,2024-10-17 00:28:35,user_0095,31.5
10.2263,4435728,165,37.831548,-9.351421,Braga,148.58,2024-01-15 10:10:53,user_0122,22.5
1.236,8594992,173,41.534082,-9.381222,Coimbra,123.26,2024-05-26 14:50:16,user_0186,7.9
4.1931,6542155,192,40.428438,-8.047345,Évora,68.38,2023-09-29 22:03:33,user_0127,38.9
12.1238,7165371,85,37.659833,-6.741446,Coimbra,128.27,2024-12-12 10:11:59,user_0103,30.7
6.949,4135554,96,38.867463,-7.21828,Setúbal,83.6,2023-03-03 23:29:25,user_0059,14.1
8.244,2988088,81,37.18135,-9.443199,Porto,148.16,2023-03-11 18:30:32,user_0046,25.4
6.549,979907,103,39.063358,-8.893195,Porto,122.31,2023-04-08 11:09:45,user_0196,36.5
0.7541,213968,72,40.789507,-8.729113,Braga,83.96,2024-08-21 13:44:59,user_0040,37.6
2.5697,8683565,51,39.66986,-8.0616,Viseu,117.67,2023-02-24 15:01:48,user_0141,30.6
6.7386,1901737,159,40.137211,-7.505167,Évora,92.58,2024-02-19 12:13:08,user_0121,30.5
3.2169,4985248,173,38.534101,-8.764035,Braga,151.43,2023-11-14 12:54:00,user_0105,14.7
0.8447,9853066,116,37.70698,-8.199452,Braga,101.32,2024-12-04 21:06:15,user_0009,39.6
12.6704,6409363,120,36.965583,-7.514592,Coimbra,175.08,2023-06-22 20:14:26,user_0066,13.5
14.7198,2302743,78,41.006562,-8.19632,Viseu,61.98,2023-07-10 12:33:40,user_0053,8.1
11.9178,4588156,168,40.083273,-9.013224,Setúbal,116.48,2023-08-18 22:57:22,user_0081,39.2
12.8214,985461,162,38.046606,-7.828352,Lisboa,146.39,2024-08-07 14:18:38,user_0004,10.3
3.7055,5831759,94,38.99217,-8.39842,Setúbal,63.17,2024-05-26 12:42:45,user_0126,23.3
14.4133,5710912,65,40.907216,-6.56176,Aveiro,90.22,2024-06-20 19:22:56,user_0142,21.4
3.0342,1806423,80,39.593501,-6.862875,Aveiro,105.84,2023-08-21 04:22:16,user_0105,34.7
14.2763,1950408,99,38.400799,-8.853065,Setúbal,63.06,2023-07-18 12:40:00,user_0136,18.9
14.9228,9016523,171,38.235923,-8.981038,Setúbal,136.54,2023-02-24 12:31:25,user_0097,22.6
10.7047,3594128,64,37.98807,-8.317899,Braga,148.32,2023-05-28 23:31:30,user_0190,6.5
14.719,9565565,98,41.018649,-8.098607,Porto,91.85,2024-07-23 08:29:45,user_0173,12.3
8.5861,8106584,59,39.809302,-6.331138,Évora,136.09,2024-03-02 20:05:05,user_0092,34.2
3.9672,1406427,69,40.445786,-8.474489,Aveiro,199.88,2023-04-24 10:47:34,user_0195,21.7
6.6112,3489550,119,41.200602,-6.550213,Viseu,184.17,2023-04-30 23:50:58,user_0190,13.1
8.9441,6889053,57,41.834309,-7.781948,Setúbal,68.21,2023-12-07 05:17:08,user_0078,17.9
1.1889,3895090,83,38.147418,-6.488879,Faro,77.9,2023-10-24 18:05:59,user_0083,15.0
9.3729,2765013,53,37.804512,-7.113357,Coimbra,129.22,2024-01-27 05:23:53,user_0070,24.5
14.7195,6162492,157,39.209992,-7.091478,Lisboa,94.33,2024-12-05 04:24:01,user_0036,6.8
2.9326,8424990,73,37.075356,-7.736089,Leiria,71.34,2023-06-01 13:47:12,user_0084,12.9
11.9097,7038170,104,40.858589,-6.642966,Viseu,95.64,2023-08-14 01:33:04,user_0129,17.4
13.6277,862219,75,41.3188,-8.634956,Coimbra,68.56,2023-07-13 10:56:19,user_0188,37.5
14.1612,8334750,74,40.330198,-6.415006,Porto,134.19,2023-03-29 12:53:07,user_0141,26.8
14.406,1718303,85,38.239975,-7.334962,Coimbra,128.64,2023-04-26 01:25:17,user_0140,22.6
7.8697,9663464,120,37.515777,-8.00839,Faro,60.89,2024-05-15 19:40:51,user_0075,11.7
14.6619,3801082,61,38.810721,-6.160554,Porto,127.55,2024-08-26 06:17:41,user_0100,24.5
11.3839,3346668,178,41.066678,-6.569152,Évora,132.77,2024-05-23 17:18:08,user_0145,37.5
2.5089,6696674,165,38.639139,-6.875129,Braga,144.8,2023-01-30 10:34:41,user_0175,24.8
7.2058,3205677,182,37.071273,-8.568732,Aveiro,195.81,2024-09-02 05:24:05,user_0053,10.8
10.8031,2506068,132,38.271402,-6.189282,Coimbra,197.58,2023-08-28 06:56:41,user_0067,39.9
3.7854,483075,55,41.849728,-6.973842,Faro,133.77,2023-03-08 14:03:00,user_0010,22.5
9.6452,8126198,75,40.283344,-7.442261,Braga,178.33,2023-07-01 04:47:35,user_0046,16.2
10.0323,8715978,162,41.404274,-6.365883,Faro,71.92,2023-09-17 16:36:47,user_0083,22.6
2.5242,5451731,152,40.774326,-8.948582,Leiria,134.36,2024-01-10 19:48:48,user_0117,14.2
8.5198,7499043,169,39.598528,-9.027345,Porto,155.05,2024-05-09 08:15:09,user_0004,6.1
11.5972,6746037,58,37.643444,-7.583374,Évora,139.06,2023-07-09 22:07:19,user_0057,36.1
7.5335,9221750,94,38.643222,-9.307174,Viseu,92.3,2024-12-24 04:39:15,user_0038,20.0
0.2803,4473214,63,39.818701,-7.242445,Aveiro,68.77,2023-01-23 16:33:29,user_0140,31.4
0.2347,3682796,161,41.253162,-8.68148,Braga,114.13,2023-10-23 04:57:06,user_0031,39.0
5.4197,9231261,104,38.243375,-9.09531,Coimbra,150.67,2023-11-27 02:33:52,user_0130,27.1
13.9003,7851746,186,37.506134,-8.107714,Viseu,198.84,2024-06-30 02:20:03,user_0129,29.2
3.5073,7841640,64,39.694162,-7.915771,Porto,93.11,2023-07-02 09:25:04,user_0081,38.0
9.552,8740245,86,37.782506,-8.920351,Viseu,188.49,2023-12-04 06:59:51,user_0025,23.1
3.4089,8566554,176,39.951809,-9.35878,Leiria,69.56,2024-08-09 20:16:16,user_0005,16.2
4.8929,5137956,166,38.217607,-8.092211,Braga,190.34,2023-04-13 01:10:26,user_0048,37.2
12.7358,5274413,133,38.054815,-6.91761,Leiria,176.53,2023-01-09 17:29:07,user_0142,7.4
10.96,7724578,121,38.895904,-6.527721,Évora,62.93,2024-08-29 04:07:23,user_0052,12.5
1.5214,864899,145,39.865959,-9.168336,Setúbal,101.75,2024-12-18 06:34:40,user_0074,16.9
6.4877,8652111,160,39.626588,-7.716103,Braga,67.13,2023-04-06 10:07:51,user_0149,32.4
0.5346,6410575,198,38.123672,-8.60443,Évora,199.37,2024-08-24 06:45:29,user_0153,36.6
7.2653,2318292,154,41.355583,-8.226245,Braga,119.9,2023-09-29 17:38:25,user_0099,20.8
9.9703,2026393,196,37.44941,-6.326298,Setúbal,152.7,2024-04-05 02:48:46,user_0067,15.0
1.8657,7622520,107,37.097338,-8.302946,Aveiro,92.79,2024-04-15 14:52:53,user_0119,17.4
4.4044,2379897,144,39.913531,-8.257824,Faro,190.72,2024-03-01 02:18:46,user_0178,28.0
6.0278,1294416,167,37.517036,-8.788054,Braga,98.38,2023-07-08 22:32:16,user_0103,10.5
13.801,1985196,55,39.424454,-6.235937,Setúbal,96.43,2024-08-16 07:19:44,user_0033,24.2
14.8995,8052377,53,41.658866,-7.947943,Aveiro,104.04,2023-01-16 21:56:21,user_0145,25.6
0.7692,7703189,92,40.392901,-7.560667,Viseu,124.75,2023-02-17 01:33:00,user_0198,29.8
11.439,1560121,142,39.987283,-7.959228,Braga,62.59,2024-10-20 19:43:52,user_0034,26.1
5.6387,5878263,91,39.774026,-8.640075,Faro,143.7,2023-11-20 16:55:00,user_0154,8.4
5.9476,443035,52,37.797696,-6.744597,Leiria,64.43,2023-04-05 00:25:40,user_0170,29.1
11.3385,3099072,178,39.063239,-9.403198,Viseu,135.49,2024-10-22 16:57:57,user_0159,5.8
13.7846,6650723,64,38.612618,-7.153172,Viseu,124.1,2024-08-28 10:19:12,user_0113,18.7
14.2688,8349092,96,41.665372,-7.479472,Braga,93.96,2023-08-31 00:45:14,user_0051,19.6
8.6991,5200551,134,38.111601,-9.009446,Porto,106.17,2023-02-01 04:02:22,user_0036,9.1
5.4211,9077925,107,39.257582,-8.935923,Aveiro,158.79,2023-12-03 12:37:51,user_0013,5.3
11.8345,7747156,88,41.590397,-7.258633,Évora,61.34,2023-05-03 15:10:15,user_0085,7.5
3.8399,4552636,180,40.845903,-8.438728,Leiria,104.33,2024-02-23 22:27:04,user_0013,20.6
8.5047,751240,84,41.722576,-8.596491,Coimbra,155.24,2024-08-22 19:55:41,user_0032,13.4
5.4428,4315596,101,39.941651,-9.298869,Braga,81.32,2023-10-16 08:22:37,user_0133,7.4
9.8838,6775996,167,38.568934,-6.893957,Viseu,138.45,2023-01-22 12:31:47,user_0012,14.0
3.6819,995791,63,41.033249,-6.498915,Faro,83.65,2024-05-13 17:53:25,user_0187,23.5
2.9547,9929729,79,38.357281,-6.712529,Lisboa,81.67,2023-05-07 03:34:56,user_0169,31.0
13.7818,1960299,139,37.723864,-7.915484,Faro,168.12,2023-06-06 17:49:34,user_0037,19.4
1.6169,5079111,184,40.431444,-7.684548,Braga,97.31,2023-05-17 14:53:15,user_0068,26.5
7.6388,7902634,144,40.094778,-8.676261,Lisboa,112.61,2023-07-24 07:03:06,user_0106,25.9
3.3907,2853501,118,41.294745,-8.912294,Braga,162.2,2024-10-06 21:35:05,user_0176,36.4
0.6801,6282444,176,41.709624,-6.701796,Faro,85.13,2023-01-26 07:03:29,user_0171,11.3
0.6367,5613904,101,41.185988,-6.78563,Faro,134.44,2024-03-27 23:58:23,user_0093,21.7
2.7108,2459622,191,37.200109,-6.856977,Viseu,188.49,2023-06-29 10:08:57,user_0041,27.1
13.0149,1897459,112,40.222567,-7.924578,Aveiro,137.54,2023-08-04 10:14:32,user_0056,23.2
4.3089,4240012,85,40.823662,-6.560674,Lisboa,66.84,2023-10-28 18:06:12,user_0069,20.8
14.2618,1215442,140,41.809644,-6.350811,Évora,142.56,2024-02-07 00:03:55,user_0011,39.1
8.7662,5564396,102,38.773306,-8.383629,Faro,72.62,2023-02-14 12:21:11,user_0137,38.0
6.6056,7903797,158,37.749408,-8.736039,Braga,99.5,2023-07-24 05:40:31,user_0113,26.4
8.7433,2580309,199,41.164665,-7.921506,Coimbra,178.95,2023-04-11 04:22:30,user_0028,20.4
7.7988,6425148,121,38.487334,-8.89029,Braga,61.55,2023-05-26 14:30:02,user_0022,31.4
11.4058,7049985,64,39.891009,-6.49439,Aveiro,70.78,2024-10-07 19:06:43,user_0085,23.0
4.3092,7506161,162,38.849474,-8.350832,Coimbra,110.87,2024-01-19 20:15:44,user_0006,39.8
5.3605,5151946,118,38.911631,-7.541016,Braga,199.92,2024-04-05 10:49:00,user_0026,29.0
13.422,7026206,165,40.562322,-7.477954,Porto,100.86,2024-08-08 13:59:05,user_0144,7.4
14.2022,4247328,53,38.707376,-7.749041,Braga,82.02,2024-08-03 05:42:22,user_0014,19.1
13.3991,1451469,124,40.365376,-8.967813,Évora,136.92,2024-12-23 06:21:04,user_0035,30.6
6.3498,3300874,195,36.971642,-6.130598,Setúbal,132.7,2024-07-24 19:09:51,user_0042,34.5
11.7274,4736416,91,38.523237,-8.913149,Viseu,122.95,2023-09-20 03:38:38,user_0053,33.5
7.1974,4063997,79,38.49522,-6.944875,Faro,192.53,2024-02-02 11:57:07,user_0100,39.2
7.5133,8302975,192,40.644176,-6.809366,Aveiro,99.22,2023-12-20 19:35:04,user_0150,22.1
3.1497,6126463,119,38.472786,-9.006443,Lisboa,101.07,2024-10-28 06:06:04,user_0181,9.9
8.9078,8437534,65,40.066636,-6.327244,Braga,79.64,2024-01-02 17:55:47,user_0194,27.8
2.8734,5410812,160,40.342622,-7.84162,Porto,157.62,2023-10-11 12:26:23,user_0013,7.5
5.0403,7152765,153,40.192128,-7.361798,Porto,104.99,2023-05-12 06:22:26,user_0011,39.1
12.84,6107182,156,39.916468,-7.316567,Lisboa,172.38,2023-08-21 18:44:05,user_0140,31.5
3.1854,6012621,172,38.968084,-7.783153,Faro,196.05,2023-06-09 21:14:01,user_0097,39.4
1.1603,3751387,76,38.766525,-9.017125,Faro,66.12,2024-10-15 21:47:56,user_0086,18.2
1.1282,2779060,62,39.72292,-6.944039,Braga,199.04,2024-07-22 07:59:26,user_0053,5.6
14.1177,483791,122,37.218516,-7.521928,Leiria,95.57,2023-02-12 18:31:06,user_0009,23.2
7.6531,2158714,135,41.279099,-9.096486,Setúbal,118.82,2024-12-24 19:37:43,user_0071,9.2
6.2002,9184874,80,41.026576,-7.118905,Viseu,168.88,2024-01-22 11:39:13,user_0017,28.8
12.1821,2622280,52,38.631924,-7.110605,Setúbal,153.15,2024-07-13 19:04:29,user_0189,22.4
12.5538,4225872,79,39.734096,-7.635146,Viseu,168.98,2024-12-30 17:05:33,user_0010,31.4
5.0496,9049867,198,41.561138,-9.192134,Setúbal,125.29,2024-12-12 00:07:37,user_0166,15.2
10.4349,8998934,148,38.258184,-8.30101,Porto,188.25,2023-03-15 02:21:12,user_0123,34.0
11.5897,1245749,183,40.612276,-9.326858,Viseu,170.59,2024-04-24 12:15:52,user_0039,27.8
9.8543,9344885,148,37.313659,-7.876174,Viseu,103.29,2023-07-14 13:33:11,user_0110,39.6
2.3588,2226941,135,39.516861,-6.41808,Aveiro,192.79,2024-08-18 21:18:57,user_0089,11.2
13.1507,1418180,113,41.319846,-9.49234,Setúbal,194.55,2024-10-31 14:23:10,user_0094,6.8
8.1325,8463331,167,39.658546,-8.593429,Braga,118.11,2023-02-10 19:31:10,user_0158,34.8
4.3088,6233146,163,39.981264,-6.780479,Viseu,151.27,2024-12-28 08:47:19,user_0107,16.8
6.4359,7054499,136,41.438196,-9.466473,Leiria,174.07,2023-06-10 04:05:27,user_0034,20.1
0.6598,8237881,89,40.476803,-9.46541,Porto,174.42,2024-09-09 22:46:09,user_0033,37.4
2.0052,3018967,74,40.379348,-7.423217,Évora,61.98,2024-08-05 02:17:05,user_0160,20.4
11.5066,3726904,144,39.83192,-6.816721,Braga,148.06,2023-09-17 00:10:37,user_0012,15.4
0.1002,9921625,95,40.064943,-6.859882,Setúbal,196.32,2024-09-04 15:10:25,user_0087,7.1
6.3068,792515,187,40.918527,-6.849435,Faro,92.39,2024-09-09 00:16:12,user_0093,20.5
7.8854,5910838,81,41.796165,-8.272578,Setúbal,171.39,2023-05-09 13:16:42,user_0107,27.9
0.9141,1393196,146,40.876627,-6.498738,Aveiro,134.79,2024-03-08 12:56:30,user_0193,14.4
14.5989,1035211,193,40.437684,-9.456359,Braga,91.01,2024-08-11 12:48:11,user_0010,30.1
3.4693,2189568,65,37.577724,-8.438558,Porto,67.15,2024-05-24 06:25:02,user_0125,21.7
4.6326,3934740,67,40.985402,-8.353562,Aveiro,166.39,2024-10-29 04:55:46,user_0019,35.0
4.6287,647122,185,40.579972,-8.937058,Lisboa,104.31,2023-01-21 14:10:44,user_0023,10.7
3.5332,3782164,124,40.752161,-8.356832,Porto,112.58,2024-05-26 09:49:30,user_0128,31.5
0.122,1761331,50,38.055482,-7.507994,Viseu,127.93,2024-11-22 17:13:44,user_0085,37.6
10.9672,1877329,174,41.417218,-7.73105,Lisboa,131.01,2024-02-16 10:23:08,user_0185,30.9
14.506,2892970,87,37.386407,-8.413947,Faro,88.87,2024-02-16 01:40:03,user_0107,19.2
3.442,315315,94,38.16806,-6.952286,Aveiro,153.89,2023-05-18 09:51:13,user_0099,13.1
9.9794,8539202,130,40.215117,-7.069712,Porto,156.96,2024-12-22 05:52:07,user_0059,8.4
11.1543,9109500,178,40.268572,-8.545632,Coimbra,79.92,2024-10-05 14:05:37,user_0182,27.5
12.7415,6776432,81,38.466623,-8.401023,Coimbra,134.61,2023-12-26 07:48:43,user_0074,10.0
6.3972,3959015,185,40.407599,-8.522431,Évora,145.3,2023-08-14 14:36:35,user_0002,34.3
4.6137,2214979,167,38.839653,-9.061906,Lisboa,86.08,2023-12-25 00:26:45,user_0048,38.6
4.9469,3405851,89,36.900878,-6.940542,Leiria,185.22,2023-03-07 21:18:33,user_0006,9.8
10.7181,7354292,123,37.713031,-9.34266,Braga,127.6,2023-06-19 19:33:40,user_0043,18.2
12.27,196211,160,41.313091,-8.988026,Setúbal,76.1,2023-06-09 17:31:57,user_0145,37.8
2.806,1836082,152,38.01347,-9.141965,Viseu,106.82,2024-01-20 07:22:40,user_0127,21.5
5.627,2237699,152,37.464552,-6.693847,Faro,126.77,2023-01-01 11:58:29,user_0079,23.7
13.5389,4458434,123,40.311003,-9.350371,Coimbra,61.42,2024-11-01 01:32:28,user_0164,31.2
12.1197,1813065,163,39.103532,-7.240267,Leiria,64.47,2023-05-28 01:39:21,user_0152,12.4
14.7744,4957161,172,40.882955,-9.348786,Leiria,67.77,2023-04-06 06:10:36,user_0121,39.3
11.3383,7395511,106,41.207225,-6.826092,Lisboa,135.34,2024-06-07 08:44:50,user_0120,32.3
5.9586,4587281,123,41.129944,-6.396772,Évora,107.05,2024-11-01 17:02:21,user_0189,10.6
8.9005,5507200,132,38.465046,-7.844733,Viseu,185.03,2024-09-08 07:51:25,user_0029,8.9
9.9491,8765940,128,39.42773,-6.764558,Leiria,138.29,2023-08-25 05:16:33,user_0078,37.7
1.269,8472761,179,40.150709,-7.098204,Faro,166.39,2023-01-16 23:54:50,user_0058,29.0
8.213,4978234,142,38.509915,-6.79484,Lisboa,156.2,2024-03-04 05:23:33,user_0194,6.3
10.6689,9514626,99,37.105497,-6.892964,Aveiro,132.84,2024-10-31 13:46:01,user_0181,10.0
2.5931,3972162,78,39.378322,-8.801749,Faro,164.26,2024-07-19 06:54:03,user_0070,6.7
11.7314,6166994,130,36.964092,-7.801499,Setúbal,136.26,2024-09-09 22:20:42,user_0009,39.1
8.7982,4172060,59,41.653228,-6.234592,Évora,113.96,2024-09-20 06:55:44,user_0170,22.4
14.2881,6603352,166,40.883418,-8.331988,Viseu,121.01,2024-12-02 04:59:21,user_0039,21.2
0.7321,9696672,192,37.860049,-6.200344,Évora,177.39,2023-09-30 17:18:37,user_0197,38.5
4.0534,78947,109,38.337859,-7.51725,Évora,138.86,2024-11-18 14:29:40,user_0122,22.7
9.0632,7152604,198,41.814193,-7.930521,Lisboa,112.82,2023-10-16 18:50:03,user_0168,23.1
4.5187,8136537,109,38.767743,-7.263625,Évora,85.16,2023-03-15 18:05:01,user_0059,39.4
10.7449,3969411,107,40.818612,-6.726147,Braga,129.35,2023-08-09 06:55:31,user_0044,8.9
11.4092,6387952,94,39.134077,-8.159692,Faro,95.34,2023-04-10 14:37:59,user_0065,39.5
1.6275,5969677,173,41.22048,-9.387956,Viseu,193.78,2023-04-25 23:28:05,user_0011,10.8
7.7564,968410,75,40.418768,-7.090059,Faro,128.74,2024-11-23 13:06:38,user_0091,21.6
7.6825,3936642,151,37.01455,-6.249033,Aveiro,61.25,2024-08-01 01:04:51,user_0084,16.8
5.6023,9083542,100,38.371949,-7.375045,Évora,73.0,2024-12-02 06:47:59,user_0005,38.4
14.0006,1040835,101,39.689962,-8.859391,Évora,99.81,2024-04-18 21:38:17,user_0114,22.0
12.4298,6626532,100,41.53087,-8.655975,Setúbal,72.9,2023-05-08 04:01:50,user_0177,5.8
10.4884,5386452,180,37.410149,-6.406848,Évora,185.15,2024-12-08 04:22:31,user_0179,12.8
10.7435,8531225,63,39.905813,-9.453889,Évora,179.61,2024-05-21 07:10:41,user_0164,20.1
6.9796,6952057,50,38.410884,-7.634261,Faro,195.92,2024-11-09 01:22:05,user_0105,28.7
13.8228,9657570,194,41.346639,-8.960496,Faro,158.91,2024-07-28 12:05:46,user_0016,24.7
10.4495,5134629,63,40.725848,-8.538601,Coimbra,150.37,2023-06-12 23:06:57,user_0007,34.7
10.9618,4926730,130,38.748514,-8.456262,Coimbra,189.29,2024-03-05 22:24:24,user_0044,34.0
12.9392,1030120,52,37.735516,-8.754439,Faro,192.5,2023-05-09 00:09:38,user_0026,25.7
4.1837,1034780,147,36.95749,-6.806003,Viseu,182.85,2023-08-12 23:32:34,user_0036,25.0
12.1254,7128822,89,40.005672,-8.370489,Leiria,180.61,2024-05-17 14:29:33,user_0181,14.7
3.0091,9852731,138,38.930619,-8.325351,Setúbal,154.04,2023-04-03 23:08:36,user_0092,38.5
5.2456,749045,174,38.473782,-7.959777,Aveiro,60.22,2024-06-16 01:07:06,user_0172,7.7
5.1006,872109,144,41.827511,-6.432196,Leiria,120.13,2024-11-23 14:46:03,user_0012,18.9
14.68,7736085,58,39.230711,-7.160212,Coimbra,148.99,2024-11-23 13:11:30,user_0090,28.1
12.8624,387405,143,40.649196,-9.290051,Évora,136.6,2023-10-13 20:51:25,user_0068,38.1
10.5474,6805360,133,37.787062,-9.366509,Faro,174.96,2024-12-26 19:50:25,user_0108,22.6
10.9331,4561786,70,36.967276,-7.574277,Coimbra,174.65,2024-12-05 14:01:21,user_0151,36.4
8.4749,4758669,74,38.987813,-6.483994,Évora,143.82,2023-01-24 15:20:44,user_0104,8.7
14.2117,3101004,151,40.228324,-8.400945,Braga,63.08,2024-03-15 17:50:58,user_0088,23.6
7.4943,5534693,171,39.432993,-8.657576,Lisboa,111.71,2024-11-03 08:35:22,user_0095,16.1
5.7697,2932208,74,41.352331,-6.95615,Évora,92.03,2024-12-07 07:09:18,user_0126,32.8
2.5292,4187442,186,39.069897,-7.452889,Leiria,107.43,2023-06-11 06:05:05,user_0030,20.6
11.8145,3812197,152,38.455014,-7.578907,Porto,146.42,2024-02-17 20:26:25,user_0063,21.6
11.0432,9069984,106,41.480243,-8.992376,Évora,69.3,2024-11-14 18:46:12,user_0003,7.3
5.8269,6433564,86,38.934011,-8.901732,Viseu,63.11,2023-04-13 16:04:18,user_0162,20.3
0.4754,956740,65,38.248239,-8.541922,Porto,121.16,2024-06-28 02:24:54,user_0102,7.8
12.6011,2210846,86,37.388305,-8.796748,Braga,171.1,2023-06-23 17:41:18,user_0092,15.5
0.2701,4428760,125,40.866549,-6.197088,Viseu,64.3,2024-12-18 03:17:29,user_0177,9.4
10.5851,2309231,75,41.025457,-9.436723,Viseu,178.87,2023-05-03 13:23:15,user_0172,16.7
14.5568,4610764,69,37.066489,-7.371408,Braga,113.74,2024-10-08 06:48:39,user_0169,13.0
6.6212,9893427,186,38.693228,-7.740164,Coimbra,76.55,2023-03-06 18:28:47,user_0048,15.0
3.6011,4495433,152,40.649382,-8.400946,Setúbal,139.45,2024-06-01 13:04:51,user_0199,10.2
10.6026,5215784,78,41.631909,-6.482198,Braga,193.33,2024-04-11 13:04:44,user_0008,20.4
12.2752,1967582,80,38.789091,-7.221447,Leiria,135.95,2024-10-09 06:10:10,user_0135,22.4
8.2418,840268,68,41.260267,-6.105595,Porto,156.13,2023-11-23 00:57:23,user_0037,34.3
14.5088,6129026,197,38.868602,-8.92657,Évora,174.3,2023-07-13 14:31:19,user_0183,23.9
0.8699,5770938,76,37.797473,-9.201249,Setúbal,171.91,2023-07-02 03:57:21,user_0071,13.0
7.6215,6557601,143,36.917231,-9.026049,Porto,70.24,2023-02-19 11:45:52,user_0178,30.8
10.805,8441243,134,38.550905,-8.584411,Braga,163.74,2023-07-07 08:38:49,user_0082,15.4
12.9533,983638,93,38.792375,-8.082924,Setúbal,192.92,2023-03-20 20:45:58,user_0112,31.5
2.7709,6911596,162,41.625588,-6.567149,Viseu,158.09,2023-01-01 22:26:45,user_0103,18.6
12.0201,5596127,199,37.930351,-8.535788,Coimbra,177.1,2023-10-09 17:37:04,user_0021,23.0
8.3353,2791671,123,38.811154,-6.388173,Lisboa,127.98,2024-06-18 18:52:49,user_0034,22.6
6.0086,2061892,136,37.025771,-7.926114,Lisboa,104.67,2024-12-08 10:39:50,user_0177,38.4
2.0626,3431543,192,40.717699,-7.299962,Braga,154.67,2024-10-07 17:21:03,user_0027,10.4
12.9929,6963266,143,41.475706,-8.601014,Aveiro,128.91,2023-12-26 22:47:47,user_0008,37.8
2.4434,4078140,147,38.089103,-8.969553,Coimbra,185.34,2023-10-04 11:02:39,user_0162,24.7
4.7158,8485356,190,39.044976,-6.543846,Lisboa,196.41,2024-02-03 14:20:23,user_0018,39.8
4.4217,3909308,181,37.510563,-9.127679,Aveiro,174.77,2023-03-16 01:01:42,user_0179,25.1
13.0841,9837206,105,39.184177,-6.868328,Viseu,198.98,2023-12-17 00:39:06,user_0140,28.0
10.1233,9347003,146,37.566712,-7.524653,Setúbal,108.77,2024-09-22 18:10:07,user_0051,31.2
11.9706,7466897,147,39.516742,-6.572132,Lisboa,185.41,2024-04-20 04:59:12,user_0191,33.8
3.832,7685727,83,40.57311,-7.059417,Viseu,106.19,2024-05-16 15:03:01,user_0168,21.7
9.4106,915767,149,39.666714,-8.542342,Viseu,76.53,2023-04-29 17:44:31,user_0150,28.8
8.619,8689972,194,38.126098,-7.546946,Setúbal,146.99,2023-02-23 19:23:18,user_0136,26.5
12.5092,9716486,63,38.66898,-9.45555,Lisboa,123.7,2024-09-09 09:45:31,user_0156,19.2
13.6007,8214491,161,40.092864,-7.884258,Viseu,189.04,2023-08-04 06:47:56,user_0178,33.7
0.2811,3369415,124,39.848777,-9.207554,Viseu,128.91,2023-08-21 15:55:12,user_0047,11.7
10.1429,3703713,146,37.583874,-8.041587,Braga,189.87,2024-11-25 17:07:13,user_0056,10.8
0.8724,381856,170,41.124747,-9.12732,Porto,71.01,2023-02-24 03:59:27,user_0160,30.8
8.278,3765444,104,39.275945,-6.251369,Coimbra,176.27,2023-05-05 04:14:35,user_0139,27.3
4.3857,9151969,166,37.711846,-7.721569,Porto,166.28,2023-10-02 02:01:19,user_0149,16.1
4.671,4579097,142,37.514133,-6.395059,Faro,160.8,2024-06-18 08:22:43,user_0154,27.2
5.3591,7613312,86,41.727759,-9.423955,Coimbra,109.72,2024-02-04 08:15:01,user_0142,32.0
9.3573,4016899,75,38.307676,-7.331979,Setúbal,169.73,2024-10-17 15:08:07,user_0079,12.6
5.0773,3955199,116,41.442968,-8.456355,Évora,127.66,2023-03-09 23:11:38,user_0014,25.3
11.0172,5242329,133,38.952926,-8.031781,Porto,160.13,2024-03-09 15:24:54,user_0100,33.9
6.1275,3268896,67,38.829607,-6.531503,Porto,137.31,2024-03-23 23:03:20,user_0003,19.4
1.1185,4253459,76,40.404645,-6.167928,Aveiro,82.04,2023-12-19 09:32:54,user_0185,25.0
11.778,7356943,80,36.949416,-8.661927,Leiria,69.04,2023-01-23 15:00:03,user_0122,7.7
4.3578,7136940,155,38.590448,-6.275939,Faro,111.27,2024-11-18 23:35:18,user_0007,34.1
6.5482,2854135,178,38.413229,-7.158328,Évora,190.59,2023-05-01 10:45:03,user_0039,32.9
10.3131,476377,55,41.24049,-6.265193,Leiria,134.16,2024-10-11 12:28:38,user_0185,21.0
5.0536,398422,60,39.545618,-7.587952,Lisboa,172.31,2023-04-25 16:27:29,user_0115,9.2
0.9431,121937,67,38.722851,-6.233429,Aveiro,140.63,2023-03-15 22:02:12,user_0110,28.1
5.6714,1133629,70,38.230397,-6.465651,Viseu,194.11,2023-05-31 01:14:39,user_0065,25.1
14.1723,7652126,68,39.852549,-9.062788,Viseu,111.72,2023-05-19 16:31:27,user_0025,37.2
9.6618,378355,53,37.658366,-8.443314,Leiria,67.99,2024-05-23 22:53:10,user_0031,14.8
10.105,3993611,126,38.131024,-8.673585,Leiria,169.29,2024-06-11 02:06:27,user_0086,6.1
9.521,9737024,165,38.368061,-7.554862,Viseu,158.76,2024-06-16 21:08:40,user_0138,13.9
3.065,7814889,74,39.939545,-6.770482,Évora,133.85,2023-07-13 15:26:19,user_0077,20.0
6.3332,7277186,126,38.766275,-6.918001,Viseu,105.69,2023-07-25 12:17:03,user_0200,10.4
11.289,1675259,98,39.428917,-7.029053,Braga,86.36,2023-06-23 09:50:45,user_0137,39.3
1.6105,9428082,114,40.152191,-8.224099,Faro,127.52,2023-02-06 05:36:46,user_0122,12.8
4.24,8173192,132,41.681358,-9.025235,Porto,153.27,2024-02-22 09:24:25,user_0008,28.7
4.2172,6609001,50,40.724187,-8.784016,Viseu,141.04,2024-09-05 02:15:03,user_0097,20.9
6.5371,7537330,130,38.926284,-6.978297,Braga,121.25,2023-04-23 02:53:44,user_0019,24.4
14.7075,8937999,70,40.641377,-8.998383,Viseu,135.56,2023-09-21 09:43:21,user_0030,37.6
1.1058,8816087,135,41.648471,-8.741981,Évora,75.11,2023-11-09 03:39:22,user_0009,23.6
7.8286,6024945,64,39.396903,-8.056521,Lisboa,157.42,2023-08-04 00:30:22,user_0083,15.7
2.7725,1360764,99,38.952485,-9.254818,Braga,162.8,2024-04-28 06:35:39,user_0047,12.7
14.5631,3171553,97,37.290093,-8.776847,Faro,61.6,2024-03-14 03:46:33,user_0174,36.2
1.7882,2594545,98,41.361852,-8.990788,Coimbra,97.87,2023-05-26 18:18:09,user_0090,39.5
6.1137,3182999,157,38.132171,-6.265506,Braga,72.9,2023-01-19 18:53:21,user_0001,13.8
11.0945,9514440,94,37.219789,-8.848812,Setúbal,199.75,2023-05-05 16:58:47,user_0131,30.3
10.5979,7406465,81,39.586017,-6.569983,Setúbal,143.07,2023-08-02 00:32:12,user_0162,22.7
6.3987,7029446,181,41.129498,-9.109686,Coimbra,125.2,2023-03-01 19:31:13,user_0153,29.5
5.2632,5790740,146,38.933175,-6.543111,Leiria,124.82,2024-09-07 22:50:03,user_0158,38.7
6.0244,8951442,129,40.815337,-7.461925,Setúbal,195.07,2023-08-14 02:21:05,user_0001,14.7
4.0377,8272686,195,41.08198,-6.611,Leiria,152.38,2023-10-18 03:37:40,user_0123,30.9
3.1595,840597,103,39.172018,-6.551014,Viseu,83.61,2023-12-24 00:58:34,user_0146,20.3
7.2973,850122,176,39.854775,-7.47233,Viseu,122.74,2024-04-27 13:25:18,user_0161,27.8
4.1012,2572703,183,39.569561,-6.37984,Porto,168.39,2023-03-08 12:43:05,user_0137,19.2
4.3832,730559,115,41.595979,-7.509476,Setúbal,119.27,2024-02-02 05:05:16,user_0135,29.8
9.8857,8910335,186,40.527528,-7.077279,Coimbra,103.33,2023-05-15 23:07:08,user_0030,16.8
14.5312,6328404,158,41.526714,-8.085326,Porto,198.77,2024-10-08 09:49:55,user_0077,22.1
9.0942,1862015,72,38.00005,-6.39217,Faro,190.99,2023-09-27 15:55:01,user_0081,29.8
1.247,9921321,156,38.451184,-6.697847,Braga,191.82,2023-11-22 09:58:57,user_0013,6.5
1.2262,2005464,100,37.254567,-8.933175,Setúbal,78.43,2023-07-12 04:56:43,user_0013,16.5
14.2762,9670930,121,39.39954,-7.540281,Aveiro,92.8,2023-12-06 11:48:55,user_0042,24.1
4.5296,4605677,152,41.269618,-6.450787,Coimbra,121.89,2023-06-15 03:45:53,user_0124,7.6
1.4718,4017641,129,38.534233,-6.803581,Coimbra,176.5,2023-07-16 01:12:22,user_0101,29.6
9.0258,9932520,194,37.541411,-6.227321,Faro,163.16,2023-02-14 23:55:18,user_0078,33.5
9.3924,1705692,67,37.242231,-8.713574,Setúbal,178.95,2024-07-03 03:09:34,user_0191,10.7
9.7627,8325648,192,39.137501,-8.250637,Évora,188.91,2024-05-02 06:02:50,user_0107,30.7
4.0843,9397115,130,37.720109,-7.775548,Setúbal,169.31,2023-03-04 13:35:31,user_0197,27.6
0.3251,626776,156,38.63052,-8.708925,Évora,96.65,2023-09-08 23:13:30,user_0036,19.4
14.4787,1761987,118,40.999899,-8.160246,Leiria,99.96,2024-01-31 06:11:11,user_0035,10.8
3.8383,6523229,129,38.820237,-7.672367,Coimbra,109.35,2024-12-09 14:45:39,user_0174,38.4
10.1728,9370707,192,39.949355,-8.849447,Viseu,102.43,2024-03-06 12:00:26,user_0173,21.2
10.6288,3486082,91,39.4108,-8.627261,Lisboa,94.87,2024-02-09 03:06:19,user_0056,11.4
9.1891,1550642,83,40.492666,-9.075536,Leiria,165.35,2024-09-05 18:45:58,user_0087,30.1
4.7623,2494903,97,37.680825,-7.074503,Évora,64.76,2024-08-20 10:27:33,user_0005,26.3
4.1393,7789283,185,41.502205,-8.270723,Coimbra,161.98,2023-11-02 14:26:02,user_0172,33.6
9.0053,516031,187,40.118164,-8.751095,Viseu,175.3,2024-01-26 22:12:44,user_0121,39.9
13.0048,47367,54,38.254769,-7.775098,Aveiro,69.25,2024-09-24 19:58:59,user_0156,6.6
14.2063,7226078,165,37.516269,-9.267952,Évora,68.66,2023-12-13 14:55:23,user_0087,30.9
1.678,5695908,166,37.648628,-6.360418,Porto,99.96,2024-10-05 14:34:32,user_0170,39.6
2.4069,1632748,157,40.813315,-8.49881,Lisboa,89.16,2023-12-14 16:06:54,user_0098,23.8
14.1766,4862944,72,39.84055,-6.486021,Leiria,141.36,2023-02-27 15:17:32,user_0159,30.0
11.0744,364716,111,38.803791,-7.808092,Évora,154.56,2024-10-21 00:39:23,user_0135,20.4
13.2566,5327701,62,38.564504,-6.609488,Viseu,148.78,2024-06-05 10:38:09,user_0007,17.5
3.1192,8633305,186,41.17879,-8.659981,Lisboa,110.03,2024-01-02 12:49:03,user_0004,29.4
8.855,5253087,69,41.273813,-8.90408,Coimbra,129.78,2024-10-19 07:58:21,user_0108,39.6
10.547,4920791,141,39.80631,-6.612,Faro,149.6,2024-08-07 07:53:23,user_0128,8.2
10.2337,5270637,157,39.52272,-8.776059,Faro,76.72,2024-05-09 14:24:40,user_0032,19.8
6.1815,8352804,157,40.98224,-6.962936,Faro,92.13,2024-03-28 19:11:05,user_0028,37.9
0.3294,454623,82,40.646676,-8.328415,Braga,184.67,2023-03-29 19:20:18,user_0184,8.9
8.7856,8284742,197,38.901626,-6.956141,Faro,107.93,2024-07-06 17:56:49,user_0004,27.8
3.8712,8015648,113,37.313693,-6.414003,Coimbra,172.16,2023-05-07 04:50:22,user_0109,20.1
6.8088,1310646,79,40.742501,-6.162429,Faro,95.14,2024-12-19 14:07:37,user_0008,18.2
14.368,8429948,157,37.743505,-8.276648,Évora,65.83,2024-12-10 16:19:43,user_0142,12.3
6.0456,9358346,122,36.981885,-8.250412,Faro,130.06,2024-08-13 04:13:54,user_0030,11.2
12.613,8169815,158,41.116513,-6.163282,Aveiro,184.95,2023-04-03 02:46:43,user_0131,23.1
2.9093,892743,194,39.791269,-6.570804,Aveiro,174.7,2023-11-06 01:31:41,user_0130,18.2
10.1197,2014751,149,41.35833,-9.346687,Braga,95.41,2024-12-22 10:39:52,user_0010,22.2
14.6574,5842488,63,39.32294,-7.55027,Faro,187.39,2023-11-14 20:05:22,user_0070,11.9
1.6182,1413285,68,41.532406,-8.883768,Coimbra,127.16,2024-12-29 00:09:24,user_0119,17.3
0.224,1330657,120,38.669859,-6.120357,Faro,66.86,2024-04-02 21:00:11,user_0071,39.9
6.5604,9352819,108,40.52261,-9.027662,Aveiro,63.91,2024-08-31 21:34:27,user_0144,17.9
1.4801,5252279,146,38.404933,-7.598218,Coimbra,127.92,2023-07-08 06:10:08,user_0070,19.4
11.2509,945161,93,36.905818,-7.238326,Faro,136.49,2024-10-26 21:17:40,user_0091,5.7
13.7268,5000783,160,38.798723,-6.31398,Évora,71.19,2024-10-29 08:19:38,user_0120,18.3
6.5669,2328767,60,40.588828,-6.619322,Braga,189.11,2023-02-18 22:02:57,user_0150,31.7
3.9548,8333631,155,37.650121,-8.664434,Setúbal,160.55,2023-10-11 07:29:49,user_0035,23.0
6.5726,2707133,51,39.42401,-7.553079,Leiria,172.18,2023-10-18 01:39:34,user_0124,28.0
10.8794,4819523,174,37.961607,-6.257849,Coimbra,141.76,2023-08-27 01:44:29,user_0112,24.5
0.2349,6622266,194,37.273121,-6.998563,Coimbra,152.9,2023-07-21 15:02:18,user_0102,8.7
8.8829,53010,143,39.98726,-7.159656,Setúbal,114.3,2023-12-01 10:54:49,user_0177,16.6
9.238,5805333,142,41.659838,-6.933336,Setúbal,155.1,2024-09-29 15:07:43,user_0130,29.3
9.6016,5516552,53,38.453521,-8.403479,Braga,196.95,2024-07-28 04:22:01,user_0194,24.2
3.7061,907272,112,39.803229,-7.020542,Lisboa,150.68,2024-03-30 19:58:29,user_0147,28.6
10.7394,4074411,78,41.668017,-8.708294,Braga,107.83,2024-01-17 11:17:11,user_0197,17.6
1.4617,536364,68,40.152417,-8.044451,Aveiro,99.93,2023-11-03 07:17:02,user_0132,11.8
3.0691,903057,140,40.265567,-6.474242,Aveiro,194.87,2023-10-30 13:01:50,user_0082,34.0
13.1743,1750652,78,37.794643,-9.435498,Setúbal,85.9,2023-04-19 04:27:34,user_0104,18.2
11.107,2619909,165,39.363048,-8.091317,Évora,172.87,2024-03-05 04:36:21,user_0041,27.9
0.3048,663478,119,38.735414,-8.592806,Porto,125.14,2024-07-07 14:46:18,user_0056,18.3
3.8008,4139524,172,39.254784,-8.824795,Leiria,122.13,2024-11-16 22:40:03,user_0055,37.5
3.2947,9691578,72,40.904133,-6.648844,Braga,164.66,2024-11-06 04:44:29,user_0159,39.7
4.135,990993,95,39.203495,-7.131905,Porto,80.73,2024-02-15 18:13:10,user_0127,27.7
3.7886,6394544,57,37.214253,-9.117049,Faro,125.28,2023-03-15 17:21:09,user_0150,26.1
1.0316,1588049,115,41.427708,-7.818825,Lisboa,65.02,2023-07-28 20:20:48,user_0075,34.4
6.9382,959296,149,39.624079,-7.91252,Faro,153.86,2024-01-27 00:17:54,user_0176,23.1
11.0177,8337746,110,41.522472,-9.015406,Viseu,68.17,2023-09-09 00:35:16,user_0080,35.4
9.1403,7914933,161,39.761773,-6.780807,Coimbra,72.22,2023-10-27 22:47:36,user_0128,19.5
10.1258,262530,101,37.248182,-8.253308,Setúbal,178.28,2023-10-07 14:55:17,user_0132,6.1
1.3091,3631097,85,39.664347,-6.909412,Faro,122.01,2023-12-21 11:26:44,user_0149,37.4
14.2772,5708824,161,39.778695,-8.846987,Leiria,88.14,2024-03-20 13:01:00,user_0169,30.3
12.5935,2042361,136,37.971699,-8.42875,Faro,142.96,2023-01-28 08:23:54,user_0045,22.9
12.0958,217767,134,39.255145,-9.176419,Aveiro,132.7,2023-07-21 01:15:20,user_0084,38.1
12.3625,1109970,62,39.197208,-9.01217,Porto,117.53,2023-04-16 00:17:55,user_0008,36.0
13.9974,3870033,96,40.014381,-6.497176,Braga,186.76,2024-03-20 07:38:24,user_0107,8.8
8.2094,5882545,139,38.19807,-9.129017,Braga,164.92,2024-05-21 08:56:42,user_0117,26.9
3.0842,9034612,71,39.808742,-9.174514,Braga,81.22,2023-01-29 07:28:11,user_0009,23.8
9.2901,187486,107,38.10476,-6.302717,Setúbal,139.91,2024-10-11 09:20:24,user_0146,32.2
11.1689,7263776,79,39.132226,-7.303928,Évora,72.42,2023-08-30 23:46:34,user_0031,15.5
11.095,1628782,195,37.513528,-9.156886,Évora,94.25,2023-06-23 10:23:21,user_0035,5.3
7.8696,3388284,155,37.086503,-6.196163,Évora,187.38,2024-06-28 09:32:12,user_0158,11.5
1.12,9814968,195,38.502937,-8.99986,Braga,124.69,2024-11-03 05:01:44,user_0018,12.4
5.6296,1733391,123,38.272859,-6.894425,Lisboa,184.89,2024-10-16 19:59:22,user_0169,15.2
13.8194,8755198,143,38.93468,-9.381505,Setúbal,83.24,2023-01-15 18:28:48,user_0024,18.0
8.8083,8483310,120,41.709913,-7.376558,Braga,88.75,2024-08-19 16:36:05,user_0086,29.7
8.1211,2202661,56,39.511146,-7.641207,Braga,109.4,2023-08-10 05:31:22,user_0048,7.6
4.1059,4550056,114,39.665884,-8.792787,Braga,111.29,2023-07-24 15:40:24,user_0142,22.0
5.5899,1162886,95,41.608005,-7.313303,Leiria,164.34,2023-12-25 21:10:07,user_0147,22.5
13.4407,4075341,67,41.505736,-7.40202,Coimbra,143.92,2024-05-23 05:07:24,user_0060,26.6
10.0303,2929386,190,41.32056,-6.785604,Faro,137.45,2023-03-13 16:46:07,user_0093,15.9
11.8321,6401391,57,37.389974,-6.522028,Braga,144.33,2024-09-26 07:07:42,user_0022,14.1
6.8697,3263647,123,40.071487,-7.765643,Viseu,162.51,2023-04-09 02:26:03,user_0030,21.9
9.4907,958101,194,40.940495,-7.832996,Lisboa,184.99,2024-12-12 04:19:27,user_0143,28.1
3.8009,69519,151,41.077873,-7.386574,Coimbra,118.06,2023-11-20 11:17:52,user_0021,6.6
10.6114,7838236,128,39.789536,-7.020694,Lisboa,172.41,2024-08-25 20:25:29,user_0154,15.3
6.4713,960655,128,36.987478,-8.289018,Évora,129.31,2023-07-16 16:14:17,user_0100,32.6
6.6939,9585296,170,41.768565,-7.784218,Évora,161.09,2023-11-01 05:51:29,user_0012,21.9
9.7749,2141924,112,39.260984,-7.510646,Coimbra,182.48,2024-04-16 06:07:13,user_0135,38.3
14.0506,2979674,89,38.867979,-6.139515,Faro,64.51,2023-05-18 04:37:59,user_0103,35.4
1.0537,2292056,133,38.874744,-7.501779,Viseu,136.53,2023-06-04 07:33:41,user_0035,17.0
12.3887,8547596,64,39.020754,-8.737766,Évora,198.51,2024-08-24 11:56:40,user_0068,30.4
4.4565,7122759,148,38.110904,-7.500834,Setúbal,129.47,2024-06-24 21:21:10,user_0130,14.6
6.7144,2611895,183,38.536668,-6.713701,Coimbra,181.0,2024-07-08 10:19:21,user_0020,11.1
0.4265,4233384,170,41.826788,-6.584827,Coimbra,86.03,2024-09-25 01:09:02,user_0047,35.8
4.5856,7369080,112,38.74084,-6.779148,Porto,144.6,2024-08-22 08:13:28,user_0084,17.3
7.5892,5852373,185,39.533625,-6.480088,Viseu,181.84,2024-01-12 03:31:30,user_0012,12.1
0.937,9315889,177,41.141471,-8.361794,Porto,120.41,2023-04-27 01:11:49,user_0053,38.8
7.4173,7656887,161,39.537139,-7.77426,Coimbra,128.14,2023-08-16 02:52:35,user_0017,6.1
13.9139,4450696,160,38.522267,-6.84939,Faro,71.48,2024-01-05 23:03:11,user_0018,17.8
1.6704,2873382,81,39.518755,-8.60087,Coimbra,65.9,2023-04-10 00:35:05,user_0104,6.3
11.4902,1390179,94,37.470432,-8.236623,Braga,125.62,2024-09-13 10:41:39,user_0152,22.6
6.2041,8113324,171,37.550035,-6.674071,Porto,178.09,2024-10-03 21:54:25,user_0072,19.0
9.8621,7128080,131,40.370538,-6.881709,Coimbra,190.39,2023-01-22 03:10:18,user_0165,30.2
3.9775,5851361,62,41.487303,-6.197921,Faro,152.21,2023-05-21 17:12:56,user_0105,38.4
2.4764,8314052,73,40.528391,-6.113688,Lisboa,175.7,2024-08-31 00:55:56,user_0158,23.2
2.4909,3771414,63,37.273066,-8.681469,Lisboa,162.88,2024-09-02 23:49:53,user_0084,15.0
1.1503,746470,119,38.914478,-6.43847,Setúbal,158.21,2023-07-02 03:04:09,user_0052,35.5
2.8661,9537772,111,36.912768,-9.178647,Faro,167.66,2023-11-30 04:58:50,user_0151,26.2
9.9969,7068566,169,39.456034,-7.086679,Coimbra,130.74,2024-11-01 03:54:15,user_0037,24.4
13.2372,9961370,138,37.866022,-8.751662,Lisboa,124.11,2024-05-29 09:11:12,user_0123,11.6
12.2305,1918517,50,41.240733,-8.478942,Évora,82.28,2023-07-20 00:05:08,user_0097,6.4
10.3085,3459544,175,37.421675,-6.282508,Coimbra,178.13,2024-08-24 03:49:48,user_0152,21.1
1.7454,7272268,81,36.907167,-8.605286,Braga,66.25,2024-01-04 17:48:50,user_0100,23.5
4.4089,2830095,190,39.15573,-7.211195,Évora,97.44,2024-04-08 20:22:47,user_0120,9.4
4.7161,3429985,81,37.677167,-8.894363,Porto,132.79,2023-04-01 10:15:08,user_0050,7.1
3.8244,1311414,105,40.589932,-9.182474,Viseu,196.02,2023-01-23 07:28:01,user_0148,12.6
7.7736,4185727,140,41.499674,-8.346322,Lisboa,170.04,2023-09-29 21:37:03,user_0047,7.2
8.0798,8404196,53,37.10969,-7.377733,Coimbra,111.61,2024-03-09 15:38:37,user_0018,7.0
5.4176,2814268,72,38.877911,-8.656987,Aveiro,159.95,2023-05-10 15:15:58,user_0122,20.5
5.3715,8845909,78,41.884075,-8.479426,Setúbal,190.39,2024-09-27 10:49:23,user_0026,33.4
12.4455,7058175,147,40.56336,-7.090319,Leiria,135.44,2024-03-04 10:08:31,user_0120,28.2
11.8605,4017763,198,41.665938,-9.150494,Lisboa,124.67,2023-09-13 07:47:36,user_0071,28.8
4.6862,7931827,79,37.720416,-7.980523,Lisboa,137.42,2023-04-30 08:45:30,user_0043,14.2
13.7154,8435969,139,38.006843,-6.298103,Faro,103.61,2024-10-14 23:29:54,user_0047,5.4
14.2969,7136735,197,37.674056,-8.150296,Setúbal,187.03,2024-06-30 17:47:56,user_0085,20.8
4.9685,8232823,193,38.411845,-8.023717,Aveiro,171.62,2024-05-17 20:39:41,user_0043,18.2
5.3809,2239665,116,40.52192,-6.990105,Braga,158.77,2023-07-28 02:24:55,user_0128,38.2
7.6339,6363395,150,37.724733,-6.851361,Setúbal,142.47,2023-10-10 04:37:49,user_0160,7.5
14.1227,3423604,107,39.52117,-6.883338,Braga,195.73,2023-04-29 22:08:15,user_0007,32.2
13.1572,6084556,74,38.24605,-6.107252,Aveiro,101.68,2024-02-22 17:57:40,user_0032,18.5
1.6283,1844348,72,41.045979,-9.257066,Coimbra,99.64,2024-12-05 09:21:23,user_0088,34.0
5.9517,759848,178,36.932962,-6.160339,Porto,93.9,2024-09-17 16:35:16,user_0065,22.3
8.3452,7100282,146,38.015575,-6.269355,Leiria,163.85,2024-04-17 14:05:44,user_0058,33.7
7.5967,9797885,192,39.926204,-6.602728,Viseu,171.62,2024-05-09 17:13:14,user_0181,21.3
2.9886,1592023,177,37.383553,-7.955973,Aveiro,143.6,2023-07-16 10:20:39,user_0092,19.1
12.8964,8510974,130,39.231561,-6.538932,Setúbal,151.28,2023-10-26 22:33:57,user_0034,38.7
10.1864,2293316,53,39.081036,-8.74917,Braga,108.85,2023-01-15 15:19:02,user_0090,17.9
12.5848,9181252,184,41.162615,-6.80837,Porto,65.57,2024-07-23 14:55:12,user_0197,33.2
12.8956,1539152,95,40.026986,-8.87019,Coimbra,95.51,2024-07-14 07:52:27,user_0184,7.3
11.2505,823837,58,40.09851,-6.727769,Coimbra,141.8,2023-01-07 11:53:33,user_0066,7.2
6.6442,8781384,82,41.659038,-7.410601,Lisboa,173.81,2024-10-27 09:45:01,user_0160,20.3
9.1971,356440,133,41.811802,-9.166694,Leiria,168.81,2024-04-17 13:56:58,user_0098,25.5
2.4894,841618,181,40.166974,-6.455914,Viseu,85.13,2024-03-14 20:00:25,user_0050,26.3
10.1373,9350351,114,39.510007,-7.534946,Aveiro,67.2,2023-01-07 04:17:04,user_0024,6.3
2.7709,5991233,155,39.9396,-7.268756,Évora,179.08,2023-07-04 05:52:49,user_0174,29.4
10.4398,4729124,83,38.812219,-8.536066,Setúbal,70.58,2024-08-10 17:05:57,user_0131,9.5
3.521,1035340,134,41.837283,-6.536439,Braga,115.06,2023-08-11 23:39:14,user_0114,38.4
1.8515,8366126,137,40.425106,-7.646318,Coimbra,73.19,2024-12-06 22:16:05,user_0010,16.7
2.5627,103021,104,38.355034,-8.068191,Porto,138.97,2024-04-14 04:48:36,user_0134,14.2
0.1297,7081159,186,37.188831,-7.683442,Évora,110.87,2023-11-06 09:05:42,user_0098,15.2
10.8092,2011562,66,37.12361,-7.108736,Porto,88.35,2023-10-02 19:50:59,user_0052,37.8
11.0128,8388817,198,37.924565,-7.136837,Viseu,143.32,2023-09-12 13:23:06,user_0050,21.9
7.7725,8610679,190,38.064565,-8.284238,Lisboa,110.87,2023-07-03 23:01:02,user_0110,20.2
2.5043,3806627,180,38.975227,-8.190122,Setúbal,83.35,2023-12-07 16:32:57,user_0058,24.8
1.345,2903561,53,37.97423,-7.58839,Coimbra,158.01,2024-05-09 08:28:35,user_0180,37.6
0.385,5473024,56,40.054552,-6.357016,Aveiro,177.15,2024-08-24 17:55:32,user_0013,15.8
2.5696,216194,75,37.956274,-6.965537,Lisboa,98.32,2023-10-17 22:06:45,user_0125,11.3
13.3737,2454082,73,37.839383,-8.172589,Leiria,86.1,2023-03-16 16:30:28,user_0059,25.8
3.6989,6474467,59,39.256185,-8.354089,Setúbal,70.54,2024-01-09 09:43:13,user_0167,22.2
5.3786,6965410,62,41.343343,-7.719635,Porto,133.91,2024-04-28 12:28:03,user_0053,7.2
1.6696,3597326,174,39.241527,-6.542029,Aveiro,176.38,2024-09-07 14:20:05,user_0186,23.3
3.4132,8396007,88,38.969244,-9.470491,Faro,95.11,2023-10-01 04:30:19,user_0020,24.7
7.8364,5757122,196,39.790475,-7.084347,Faro,124.49,2024-04-17 13:26:02,user_0191,29.3
9.1555,4857162,68,38.186068,-8.498658,Faro,82.51,2024-03-20 14:33:28,user_0096,39.8
3.7557,6132138,125,38.667183,-8.791449,Évora,116.59,2023-08-06 21:17:53,user_0010,19.8
0.9602,6664677,101,37.969176,-9.458731,Évora,62.16,2023-03-20 21:59:28,user_0154,22.9
5.9264,1034023,169,39.75905,-6.451592,Viseu,187.5,2023-02-16 14:25:30,user_0147,7.6
3.5896,8177088,95,40.386938,-6.398355,Évora,154.72,2024-12-22 12:05:02,user_0061,34.1
3.3714,8782153,198,40.268493,-9.291181,Viseu,106.59,2024-04-12 15:13:11,user_0077,8.4
14.402,300763,124,38.174089,-7.725828,Porto,183.37,2024-09-20 21:19:58,user_0118,37.7
9.2829,9444216,173,40.798241,-8.981247,Aveiro,85.61,2023-07-10 15:17:37,user_0162,17.2
8.3975,3849182,97,38.179768,-6.920462,Lisboa,71.02,2024-06-03 02:21:46,user_0084,16.8
6.295,1564458,111,37.651558,-7.237669,Porto,191.97,2024-10-13 10:23:20,user_0172,16.5
6.4913,7919584,107,38.649044,-8.489755,Évora,103.26,2023-08-07 02:49:13,user_0018,38.3
8.1595,4242154,67,39.88872,-9.102335,Coimbra,191.04,2023-04-20 10:45:40,user_0121,39.3
10.4768,1577586,157,37.610009,-6.67385,Viseu,149.27,2024-07-12 19:06:40,user_0112,39.1
10.562,4474220,97,40.140436,-7.207542,Viseu,197.21,2024-10-18 18:31:01,user_0072,29.7
2.6582,8736857,112,41.21534,-9.476812,Leiria,165.48,2024-08-10 23:07:49,user_0144,8.9
7.5517,986275,61,38.365703,-7.365236,Leiria,74.77,2024-08-08 17:24:46,user_0104,18.5
6.2382,1410124,83,39.151033,-6.744994,Braga,179.31,2024-03-14 00:35:00,user_0077,15.1
13.0709,2532000,151,38.041552,-7.491389,Braga,80.7,2024-04-27 04:29:28,user_0026,29.8
9.5081,3394020,136,38.706309,-8.055973,Leiria,156.91,2024-05-11 22:50:26,user_0193,22.2
8.0343,9860685,74,37.009853,-7.514678,Viseu,130.06,2024-06-10 12:52:53,user_0194,26.6
1.8194,810586,181,41.668847,-7.392979,Aveiro,159.08,2024-04-23 10:37:04,user_0103,5.3
9.124,7753302,190,38.979451,-7.323882,Lisboa,167.1,2024-12-29 03:39:31,user_0155,32.4
1.8463,9817539,98,40.844351,-6.212047,Setúbal,172.51,2023-07-09 09:08:53,user_0004,38.3
5.1244,1599826,127,37.613217,-8.892598,Évora,176.9,2023-11-02 13:16:14,user_0051,28.4
2.2283,1348483,185,40.961775,-7.381483,Aveiro,178.61,2023-10-11 10:34:35,user_0131,34.8
10.4119,9547474,104,41.200737,-8.860823,Porto,117.76,2023-01-26 18:47:20,user_0087,21.7
3.1732,981598,67,40.477386,-8.786147,Lisboa,184.49,2024-05-31 21:22:05,user_0066,5.7
5.9387,4042974,84,41.416042,-7.224523,Coimbra,160.74,2024-02-22 14:11:00,user_0144,39.7
13.4456,9194504,56,37.735986,-6.385756,Lisboa,177.46,2023-05-19 15:18:48,user_0028,7.1
3.1443,9348148,62,39.282409,-8.95925,Porto,198.49,2024-06-14 09:09:13,user_0044,11.7
7.6663,9129773,175,40.000548,-6.227617,Braga,76.3,2023-06-12 07:48:11,user_0146,6.8
6.3471,8420149,161,39.880965,-8.414134,Coimbra,111.88,2024-01-26 06:48:25,user_0002,26.9
0.37,8864367,118,41.205205,-8.169532,Setúbal,172.92,2024-07-26 23:23:47,user_0172,25.4
11.9121,2844510,149,37.978457,-8.977485,Aveiro,72.08,2024-10-23 18:20:39,user_0148,12.3
1.1288,4323492,139,37.778219,-7.406157,Leiria,135.71,2024-05-05 11:08:08,user_0056,38.5
7.1664,208150,91,38.166893,-7.47217,Coimbra,180.18,2024-01-06 08:09:22,user_0120,37.0
8.4541,2573338,158,41.35775,-7.996283,Lisboa,62.66,2024-09-09 03:44:42,user_0104,14.8
9.4636,1858777,159,41.605135,-7.881289,Faro,191.53,2024-09-05 15:59:23,user_0151,28.1
10.3606,6510529,75,39.748151,-7.381882,Faro,196.94,2024-10-01 20:11:19,user_0118,34.9
3.8738,480620,125,39.40686,-7.516112,Leiria,105.12,2023-05-13 05:30:00,user_0060,17.6
0.2487,4935500,81,39.926928,-8.227505,Setúbal,167.35,2023-03-13 06:00:20,user_0199,13.9
10.8793,4863099,140,39.981538,-6.494011,Faro,77.8,2023-04-04 09:34:52,user_0173,14.0
8.0813,4919314,174,37.751524,-7.229954,Viseu,168.2,2023-07-08 19:34:49,user_0047,33.7
12.5582,6993152,175,40.332054,-8.801618,Viseu,127.41,2024-08-13 02:11:04,user_0078,21.2
12.3387,6196519,101,39.161756,-8.41233,Faro,180.44,2024-07-10 22:19:37,user_0165,30.0
12.6656,1122207,197,39.48691,-6.821214,Aveiro,89.76,2023-05-14 15:21:27,user_0136,27.8
7.3279,9212949,152,37.051583,-9.144614,Lisboa,154.17,2024-05-11 04:33:38,user_0133,15.7
5.0711,2690927,154,40.722783,-6.949211,Faro,170.06,2023-09-03 00:16:50,user_0023,12.3
11.8942,3036124,63,41.07714,-8.279936,Lisboa,88.35,2023-03-07 04:31:58,user_0105,9.4
6.8243,427557,153,39.997108,-7.62425,Évora,174.56,2023-09-17 08:33:54,user_0010,5.8
2.8333,2165456,166,40.643618,-8.546102,Évora,194.12,2024-06-27 06:33:28,user_0113,7.8
12.8391,365750,97,39.51353,-6.146048,Viseu,146.25,2023-08-13 04:08:02,user_0027,14.0
13.2501,7517618,142,39.991767,-6.420143,Aveiro,169.88,2024-07-29 07:20:40,user_0099,30.0
7.048,7767227,193,38.872858,-6.343271,Évora,134.56,2023-08-30 20:40:34,user_0001,10.4
1.2279,484103,159,40.859371,-8.871763,Leiria,143.73,2023-07-10 04:59:52,user_0071,23.3
5.8786,2152259,102,39.241355,-6.638254,Aveiro,61.87,2023-08-03 15:46:32,user_0115,13.6
12.0727,3390919,52,40.301065,-7.67965,Aveiro,133.4,2024-09-13 09:16:02,user_0136,22.9
13.5364,6641497,117,40.007147,-7.093279,Braga,140.58,2023-12-10 11:48:02,user_0139,31.3
3.1317,7412609,182,40.411573,-8.760486,Viseu,153.81,2024-09-24 11:12:42,user_0127,14.3
1.0979,7031119,187,40.826079,-7.079252,Coimbra,83.71,2024-03-02 00:13:38,user_0116,17.2
13.1725,4455237,101,39.463567,-6.391491,Coimbra,93.79,2024-11-20 08:09:11,user_0156,30.3
5.9021,5871348,145,40.96533,-8.590563,Lisboa,165.84,2023-02-21 23:41:58,user_0034,24.1
8.1722,2379220,80,39.386286,-8.706577,Setúbal,83.47,2024-10-11 06:44:40,user_0171,8.3
14.5242,3519065,115,41.683172,-9.144991,Porto,118.24,2024-01-01 08:21:48,user_0156,31.5
1.0918,6960698,140,40.663359,-8.592857,Leiria,95.07,2024-09-25 06:33:38,user_0177,14.7
9.7599,1784210,118,37.755708,-7.678306,Lisboa,136.33,2023-10-06 14:50:41,user_0189,18.5
1.2042,5198363,136,41.047922,-6.668765,Lisboa,198.16,2023-08-06 19:11:34,user_0165,13.6
5.6945,7341127,82,39.657938,-8.552079,Viseu,179.29,2023-02-09 11:09:56,user_0131,24.0
12.0768,2463501,117,41.822305,-7.388109,Setúbal,97.73,2024-09-15 14:16:50,user_0009,29.8
6.5587,9417327,137,40.494095,-7.869392,Lisboa,111.61,2023-04-11 06:38:21,user_0089,33.1
14.958,9975595,144,37.321954,-8.518831,Braga,188.61,2023-05-27 05:11:46,user_0130,37.3
8.43,2819127,157,38.874802,-7.764779,Viseu,185.76,2023-10-26 17:02:28,user_0023,17.6
4.8853,6779865,102,39.486377,-8.928928,Porto,82.47,2024-02-20 15:57:03,user_0179,37.6
3.3797,5026014,123,41.095068,-7.325436,Leiria,176.1,2024-10-23 19:59:55,user_0145,26.6
5.3228,1932919,98,40.546728,-9.106747,Faro,101.67,2023-12-01 00:39:05,user_0153,18.6
5.6507,6250674,162,38.7468,-7.014666,Setúbal,136.13,2023-08-19 23:02:17,user_0155,36.1
1.1238,7620520,163,40.167163,-8.895777,Porto,60.71,2024-06-06 10:30:40,user_0020,25.3
5.6067,8651964,144,39.784555,-6.106259,Aveiro,199.8,2024-07-22 15:02:57,user_0073,20.9
7.0172,7984705,74,37.530263,-6.699513,Setúbal,166.55,2023-12-22 22:24:59,user_0164,5.4
10.8688,9515968,181,38.074293,-8.330943,Aveiro,93.84,2024-04-05 15:41:39,user_0156,30.1
9.8853,8731896,188,38.605612,-8.050904,Aveiro,155.73,2023-05-10 01:57:40,user_0029,7.7
10.6606,2002507,194,37.877417,-8.618751,Lisboa,101.06,2024-04-08 04:25:18,user_0120,15.1
0.2246,2652808,157,37.650669,-6.89181,Évora,72.52,2023-01-04 10:34:49,user_0170,38.7
3.3432,4777376,118,37.190989,-8.205528,Porto,119.54,2023-07-19 16:12:29,user_0058,10.4
9.9591,9798972,133,41.265513,-6.932369,Aveiro,145.92,2024-07-09 16:06:22,user_0118,15.9
7.3114,7366829,134,38.344717,-9.437435,Porto,72.57,2023-05-04 01:58:22,user_0032,37.6
0.1792,1358293,168,38.351603,-9.038889,Coimbra,132.58,2024-07-12 01:45:18,user_0140,16.8
12.087,1911128,121,37.931141,-8.259087,Porto,132.08,2023-12-24 09:23:26,user_0158,16.5
11.6149,4756497,69,39.276987,-9.129711,Évora,148.01,2024-07-11 09:43:54,user_0060,27.7
8.2714,5133381,76,39.47121,-7.456165,Faro,94.25,2023-03-06 06:29:03,user_0139,9.6
1.0903,3786065,57,37.941407,-9.327171,Leiria,62.89,2024-03-24 13:41:06,user_0101,39.0
11.5211,4848243,134,39.942852,-6.576806,Faro,105.48,2024-04-07 10:42:06,user_0139,14.6
8.7973,2425358,110,40.515,-6.911553,Aveiro,115.8,2023-10-22 11:27:13,user_0112,32.5
11.7512,7645639,52,38.7692,-8.764728,Porto,149.0,2024-12-05 16:32:37,user_0111,15.1
11.301,3917430,56,39.827258,-7.855108,Braga,190.22,2023-10-07 19:42:13,user_0080,14.6
12.0647,9063110,53,39.41151,-7.963836,Setúbal,88.47,2023-01-28 12:56:51,user_0099,7.0
7.8183,2105777,182,37.877742,-7.03546,Évora,156.23,2023-05-26 13:44:15,user_0178,9.2
2.1908,5544223,188,40.550055,-8.13487,Viseu,73.64,2023-09-30 08:44:11,user_0001,23.3
10.1002,2390514,174,40.907265,-9.38802,Aveiro,86.69,2023-01-11 06:37:52,user_0089,25.2
9.3451,5942712,64,40.143966,-8.569298,Braga,131.28,2023-08-24 05:10:26,user_0113,33.6
11.1596,1171758,62,38.51948,-7.914934,Évora,159.17,2024-08-31 06:09:58,user_0027,7.1
2.6312,5276085,167,41.533962,-6.186726,Aveiro,180.2,2023-05-20 02:54:14,user_0116,17.5
3.0051,7449116,56,39.176792,-6.504061,Viseu,164.15,2024-05-09 00:37:38,user_0032,12.0
13.3671,7185180,153,38.229392,-8.883219,Setúbal,62.15,2024-04-02 11:33:17,user_0006,17.5
11.2747,942639,55,38.941173,-7.040862,Coimbra,155.75,2023-07-01 15:22:52,user_0041,17.4
13.6326,8023556,113,40.360375,-6.314793,Setúbal,175.45,2024-05-21 06:33:12,user_0164,17.4
11.4049,9380601,79,41.129659,-9.470105,Leiria,133.57,2023-09-09 09:00:28,user_0167,15.8
8.9976,9899510,71,38.682877,-7.048785,Braga,195.18,2023-04-05 02:52:03,user_0087,31.7
9.8466,5171666,167,38.063122,-7.938266,Porto,60.6,2023-10-07 23:48:15,user_0158,29.1
13.348,7099492,133,40.032466,-7.187197,Faro,174.61,2024-03-05 17:30:37,user_0057,17.0
8.7242,1280280,182,41.506076,-7.440996,Évora,106.87,2023-05-02 22:11:37,user_0139,10.1
9.5226,7457451,192,37.816467,-6.152137,Braga,151.06,2024-08-24 09:44:38,user_0090,23.1
2.4315,5546811,139,40.915097,-8.518028,Faro,157.09,2023-08-06 16:30:12,user_0131,37.2
7.1614,7127470,170,39.283036,-6.827114,Coimbra,102.87,2023-08-01 07:18:10,user_0048,9.3
10.7743,2850310,155,40.897563,-8.702224,Évora,199.36,2024-06-15 07:36:54,user_0134,31.4
4.137,4015789,118,39.427706,-8.018933,Porto,74.46,2024-03-11 08:24:03,user_0007,26.0
3.1136,4986518,144,38.786639,-6.183705,Évora,81.98,2023-09-04 14:52:18,user_0044,25.6
4.776,8979666,126,40.383705,-6.895137,Porto,184.91,2024-10-10 05:18:18,user_0061,37.7
3.6984,3727661,50,41.403136,-8.426208,Braga,76.69,2024-12-27 16:40:35,user_0182,38.5
3.3022,1279372,199,38.501259,-7.394144,Faro,113.38,2023-09-08 04:40:45,user_0179,13.5
6.4303,4095228,111,39.203741,-9.331047,Évora,162.64,2024-10-20 00:14:37,user_0086,33.3
13.6268,5767034,67,38.047003,-8.594257,Setúbal,170.81,2023-09-20 06:04:31,user_0048,26.7
7.6552,8837010,97,37.817047,-7.057472,Évora,193.65,2023-05-18 13:13:26,user_0061,19.3
2.9,8103292,186,40.789451,-7.561682,Setúbal,170.54,2024-11-23 02:26:16,user_0097,28.3
1.2469,2449851,50,37.903321,-7.903112,Lisboa,178.23,2024-11-01 06:57:31,user_0168,38.5
10.4727,6507552,186,40.866591,-7.151021,Faro,192.91,2023-10-22 11:25:17,user_0131,23.1
5.8037,8670441,156,39.046085,-8.14524,Lisboa,137.52,2023-06-16 17:53:18,user_0158,37.9
12.3453,1535834,179,41.875244,-9.411069,Évora,108.08,2024-06-14 19:59:52,user_0152,27.5
9.9267,2442547,191,37.886707,-8.000509,Coimbra,166.63,2023-04-06 18:43:30,user_0195,21.9
11.964,1236968,87,37.36489,-6.432761,Faro,82.9,2024-06-19 21:01:20,user_0002,27.5
4.152,3078882,89,37.277165,-6.587509,Lisboa,69.55,2024-03-06 11:25:06,user_0044,26.1
10.4161,1521093,131,41.07709,-8.10941,Aveiro,169.95,2023-05-04 08:36:45,user_0168,19.8
4.0345,1988022,65,39.088882,-9.424447,Coimbra,193.09,2023-09-25 14:40:56,user_0019,24.7
14.0921,5281592,176,36.915622,-7.336555,Braga,121.94,2024-04-19 21:28:02,user_0191,29.6
9.582,7536381,166,41.273857,-6.979939,Lisboa,82.56,2023-01-28 06:36:26,user_0152,34.4
4.9352,8411159,142,41.284605,-8.499572,Coimbra,129.58,2024-10-01 21:03:11,user_0050,15.7
4.1157,3193796,183,40.932083,-7.879342,Braga,115.06,2023-07-06 17:25:34,user_0020,5.5
2.9448,8482216,52,38.141592,-6.127687,Aveiro,112.15,2024-01-26 08:31:47,user_0057,24.3
10.4502,8357038,63,38.763764,-7.540434,Leiria,147.93,2023-02-05 11:14:36,user_0113,22.1
3.3589,8675147,115,40.624631,-8.306345,Faro,84.46,2024-12-27 02:47:51,user_0050,6.9
8.97,9980228,144,39.346766,-7.366538,Leiria,113.27,2024-04-28 05:42:46,user_0095,27.1
4.0431,6539108,135,37.669133,-8.887924,Lisboa,181.61,2024-04-22 02:30:16,user_0105,37.9
9.9633,3049307,163,38.113991,-8.822542,Évora,162.15,2023-01-15 09:52:32,user_0186,19.1
12.2426,6542683,178,41.762948,-6.355256,Évora,67.78,2024-05-18 12:24:56,user_0159,36.3
11.6926,2801818,64,37.655066,-8.68672,Setúbal,131.95,2023-11-01 05:54:28,user_0165,33.5
11.4367,5919586,86,40.530404,-8.443316,Coimbra,72.78,2023-10-05 14:02:45,user_0107,10.7
2.8971,4045721,76,39.290092,-7.651157,Leiria,194.05,2024-02-04 12:23:14,user_0093,32.6
1.4169,1863032,61,40.643008,-6.441045,Braga,94.25,2023-12-13 07:25:25,user_0004,23.1
10.5143,4944614,116,40.205566,-6.843074,Lisboa,190.57,2023-04-22 18:47:12,user_0186,37.2
5.5884,7852016,79,39.095836,-9.351135,Porto,176.76,2024-05-22 11:45:51,user_0138,11.6
6.542,7774066,145,38.669554,-7.143699,Braga,137.19,2024-04-05 03:03:16,user_0063,9.4
0.5641,7870267,184,40.671796,-7.786191,Porto,107.08,2023-08-08 19:33:37,user_0164,13.4
3.9677,3089809,83,38.515706,-7.88312,Setúbal,180.11,2024-04-28 00:21:48,user_0183,7.1
0.6018,7819488,81,40.838857,-7.148702,Évora,81.39,2024-04-28 14:42:05,user_0057,16.2
13.1999,1378148,166,40.299215,-8.832811,Faro,85.2,2023-07-17 01:59:58,user_0171,14.9
3.7266,3044410,88,39.788346,-6.162939,Faro,91.46,2024-03-18 02:42:48,user_0105,19.6
8.4043,4062118,145,38.744004,-7.305958,Évora,143.68,2023-04-11 03:06:17,user_0065,21.2
0.6808,238826,180,37.925407,-8.256769,Setúbal,104.01,2024-08-29 09:02:08,user_0140,10.1
10.036,1717354,92,40.452099,-7.459312,Aveiro,198.49,2023-03-18 14:05:50,user_0062,26.7
4.9131,9139390,130,37.356746,-8.763999,Leiria,87.32,2024-06-08 16:47:03,user_0152,12.8
13.479,481809,52,41.752711,-7.344938,Porto,172.79,2023-03-27 22:42:34,user_0130,9.3
13.333,9623440,123,41.79374,-9.404062,Porto,73.42,2023-03-25 05:29:59,user_0175,29.8
4.9468,8262369,166,37.551113,-8.339982,Lisboa,109.48,2023-03-19 13:44:24,user_0126,5.8
13.5243,7284390,112,37.419677,-6.958443,Évora,94.13,2023-05-26 00:17:22,user_0184,17.9
14.9427,1818182,160,38.963584,-6.752875,Coimbra,196.76,2023-05-26 19:36:33,user_0144,10.1
12.3987,4367209,89,41.718416,-8.640074,Leiria,63.6,2023-07-11 23:39:12,user_0162,35.9
12.6886,8782389,67,38.901554,-7.666008,Setúbal,161.03,2024-01-17 21:31:11,user_0146,33.9
3.8102,5416797,116,38.719011,-7.703124,Évora,94.68,2023-05-28 05:18:51,user_0029,7.1
8.6929,2689290,152,40.417925,-8.067049,Évora,173.57,2024-05-28 12:12:42,user_0182,24.3
1.1021,37180,187,37.793656,-8.723328,Aveiro,103.57,2023-08-04 14:33:10,user_0051,15.3
1.5143,9022584,95,38.716617,-7.109024,Coimbra,86.22,2023-01-29 18:23:16,user_0014,11.7
14.9835,7546691,104,38.356537,-8.64197,Braga,157.03,2023-12-29 08:08:04,user_0094,15.9
4.9669,5611544,124,39.907673,-6.402512,Braga,96.06,2023-06-01 14:47:54,user_0058,33.6
11.2479,5370015,146,37.713764,-7.703096,Viseu,127.98,2024-11-12 04:20:18,user_0163,7.0
12.1193,2251347,75,39.643506,-6.540374,Aveiro,78.41,2023-08-30 08:10:31,user_0137,27.7
12.8845,4792030,71,41.187733,-8.511475,Braga,161.44,2023-01-02 23:58:11,user_0128,37.0
14.9647,2619893,75,39.470853,-6.755931,Aveiro,116.96,2024-05-05 07:00:44,user_0037,20.7
3.6983,6702245,122,40.317483,-9.113544,Porto,79.68,2024-10-24 00:32:18,user_0103,36.6
0.7012,3791860,164,37.27624,-6.892777,Faro,163.82,2024-09-01 17:16:03,user_0012,36.7
6.2268,8745662,100,39.145028,-8.184384,Faro,74.47,2024-05-03 09:15:51,user_0085,26.3
2.0382,7396526,162,37.374466,-7.902034,Évora,140.47,2023-04-19 21:00:41,user_0139,21.0
0.4341,1881986,195,39.897308,-8.932855,Faro,145.05,2023-03-07 18:14:54,user_0027,30.8
5.4704,989924,61,38.305272,-9.436666,Leiria,190.25,2024-01-09 13:04:39,user_0088,37.1
11.7777,1965629,52,38.336329,-7.234929,Braga,81.14,2024-06-12 04:50:04,user_0171,28.8
8.5361,1103248,169,37.283834,-7.501758,Leiria,151.47,2023-03-15 22:36:33,user_0178,12.3
4.7604,8210125,184,38.451189,-7.383744,Lisboa,113.31,2023-07-06 19:13:46,user_0098,33.7
9.8497,4263528,183,39.433386,-8.632994,Braga,116.11,2023-06-18 17:55:41,user_0020,38.3
3.5571,8215869,131,39.823301,-8.686457,Coimbra,130.26,2024-12-22 17:25:37,user_0141,19.4
0.3143,9418530,94,37.233328,-6.676993,Setúbal,92.73,2023-08-05 02:18:30,user_0047,29.4
11.4889,8623353,176,40.157296,-6.911741,Viseu,124.57,2023-12-05 22:08:21,user_0008,23.1
9.3938,3583650,135,39.344379,-8.354914,Aveiro,156.16,2023-03-14 20:39:07,user_0197,8.9
11.4583,2363319,164,39.58454,-7.331461,Évora,124.0,2023-05-08 12:46:32,user_0071,17.2
0.6802,1818222,58,41.063983,-6.68429,Aveiro,65.95,2023-01-29 19:04:04,user_0064,10.7
12.5731,5410687,61,38.611132,-6.47798,Setúbal,96.1,2023-08-01 02:44:13,user_0044,28.6
9.3309,8199423,165,37.770256,-9.480259,Setúbal,109.2,2024-08-08 03:57:49,user_0012,25.4
8.4946,563506,137,39.659051,-6.734228,Setúbal,109.66,2023-08-17 06:37:42,user_0105,6.2
9.4067,7834767,111,41.62511,-8.308666,Braga,71.34,2024-06-23 03:13:27,user_0004,7.2
12.9801,8904337,153,39.489348,-7.057514,Viseu,122.94,2023-03-11 08:22:23,user_0040,14.1
8.8454,5472646,122,41.059561,-8.237235,Coimbra,156.87,2024-07-07 11:44:02,user_0147,31.1
8.7562,8251043,126,40.68516,-7.438753,Setúbal,66.81,2023-02-03 11:58:36,user_0182,9.4
14.8611,5045416,89,39.491654,-7.30094,Évora,165.13,2024-09-13 23:01:03,user_0001,12.2
11.3753,5273897,184,40.137774,-8.123025,Braga,193.71,2024-04-29 05:58:48,user_0119,36.8
6.6902,354182,66,38.933401,-7.75653,Coimbra,61.31,2023-05-05 11:22:30,user_0141,24.1
10.6402,5142798,168,39.553143,-7.030535,Setúbal,87.12,2023-09-18 23:52:48,user_0050,26.7
5.8995,2640955,175,39.436429,-7.880562,Lisboa,136.09,2023-11-16 12:45:30,user_0181,21.0
3.5102,2498002,73,40.445552,-9.452466,Évora,90.53,2024-03-29 22:03:33,user_0170,15.5
8.9931,2916585,51,38.949907,-9.456126,Lisboa,167.05,2024-10-03 06:53:29,user_0109,13.7
13.9299,1574255,141,37.398836,-7.251543,Viseu,103.7,2023-03-09 20:30:25,user_0153,25.6
13.9442,7012022,198,40.843548,-6.619392,Leiria,101.11,2024-08-17 22:10:27,user_0044,21.5
5.1944,3779404,166,40.324265,-6.83007,Viseu,60.13,2023-05-14 11:52:20,user_0109,19.1
7.9624,5547239,102,41.650617,-8.444639,Leiria,97.82,2023-10-20 13:37:19,user_0098,29.3
3.2534,5910122,95,39.043581,-7.898165,Leiria,90.47,2024-12-03 11:40:11,user_0189,19.1
14.9349,2769785,94,37.291028,-8.703853,Coimbra,108.05,2023-07-18 10:30:56,user_0081,6.3
14.7187,3514078,58,37.508095,-6.13689,Porto,80.67,2023-10-09 13:44:07,user_0149,34.4
9.7777,5963132,55,40.766598,-8.614278,Évora,143.25,2024-09-12 23:45:57,user_0179,16.1
12.0858,2664119,100,37.238786,-8.084711,Coimbra,93.42,2024-08-06 22:13:55,user_0076,38.1
10.755,9699755,168,41.439131,-7.184162,Faro,176.45,2024-04-18 15:47:25,user_0080,35.8
8.9381,2097951,84,38.308251,-6.52154,Lisboa,99.84,2024-08-04 17:51:19,user_0052,13.2
0.8949,9924809,131,41.394395,-9.324983,Viseu,89.52,2023-03-24 12:45:03,user_0063,38.8
6.876,1579889,196,40.767534,-8.476533,Setúbal,67.95,2024-05-23 04:53:46,user_0084,34.9
10.1543,8927377,74,41.256005,-7.565448,Évora,163.59,2023-02-12 19:29:05,user_0182,39.5
10.1952,287555,188,37.970198,-7.397736,Braga,131.15,2024-11-19 00:01:17,user_0138,28.7
5.6595,3775944,66,39.878467,-9.261907,Viseu,75.93,2023-04-27 08:36:26,user_0087,37.6
14.1312,2744454,85,37.367946,-7.242132,Porto,90.99,2023-10-31 16:48:20,user_0111,29.2
2.5936,8796785,145,37.911404,-7.704581,Viseu,199.82,2024-03-07 05:56:43,user_0059,34.9
7.5554,3197418,70,38.449511,-6.686067,Évora,172.84,2024-08-08 15:40:44,user_0008,26.4
10.3942,2788647,67,40.604063,-8.744557,Lisboa,108.98,2024-05-10 05:26:51,user_0051,37.5
10.4873,6224898,195,37.023572,-8.836908,Porto,135.96,2023-05-13 07:41:06,user_0133,23.1
9.7647,6378384,50,41.415586,-6.802653,Braga,118.24,2023-10-05 05:14:01,user_0076,30.8
4.2018,1570497,191,37.254018,-7.106845,Coimbra,65.09,2023-09-19 18:39:10,user_0170,37.1
2.4275,734158,185,38.782451,-6.808311,Faro,169.01,2023-01-22 00:51:37,user_0078,19.8
9.5755,2692205,100,37.305448,-6.841424,Coimbra,160.38,2024-05-14 15:48:41,user_0124,5.9
9.0296,6159729,128,40.744839,-9.146398,Viseu,117.23,2024-09-04 03:09:32,user_0012,9.0
2.7724,9193839,85,37.606575,-8.552818,Braga,178.43,2024-12-11 14:44:56,user_0024,39.0
10.6066,1422771,111,41.323785,-8.615711,Lisboa,134.86,2023-04-06 09:04:52,user_0045,35.6
6.8821,6945685,178,39.55111,-6.322403,Évora,69.13,2024-11-02 21:22:21,user_0053,21.9
10.0496,8218616,134,41.642364,-7.842614,Viseu,96.32,2023-03-24 10:39:52,user_0181,38.6
12.5768,7729395,91,38.351805,-9.122406,Setúbal,124.65,2023-10-28 05:42:01,user_0145,11.5
2.629,8276869,50,39.171581,-8.515435,Porto,74.48,2023-02-03 13:26:06,user_0193,8.9
0.3853,2479129,103,40.371235,-6.535534,Porto,139.95,2023-07-10 23:27:26,user_0118,26.1
11.7086,855434,149,41.059567,-6.619974,Braga,76.88,2023-08-18 09:26:55,user_0186,18.4
9.1845,308697,88,39.006785,-6.438846,Aveiro,88.07,2024-05-29 08:02:04,user_0037,16.9
10.5246,3715799,56,41.362163,-8.179002,Aveiro,185.16,2024-05-09 21:18:52,user_0075,30.7
12.5885,4719707,199,37.489936,-7.319441,Viseu,199.97,2024-07-14 07:06:11,user_0170,10.3
12.0619,7279074,170,40.443424,-8.554209,Viseu,137.04,2024-02-25 22:53:26,user_0198,32.2
14.4177,8461516,94,38.640995,-8.885194,Viseu,146.75,2024-02-17 11:00:51,user_0079,17.6
8.0854,6032290,123,37.406677,-9.425536,Viseu,171.64,2024-12-14 20:43:48,user_0168,39.5
7.3786,4203726,169,38.833323,-8.740301,Aveiro,157.46,2024-05-03 23:40:23,user_0023,33.3
6.0881,842606,121,41.301078,-7.445128,Évora,85.55,2023-09-04 23:01:38,user_0151,27.6
2.39,5732452,187,41.802669,-6.425685,Porto,117.63,2024-01-17 20:46:03,user_0049,13.0
8.6318,7377775,191,38.863999,-9.04637,Lisboa,134.92,2024-05-26 10:09:53,user_0128,38.5
4.2275,3871549,95,41.332082,-6.378761,Setúbal,110.36,2023-03-11 12:38:32,user_0135,6.2
13.8275,8839023,172,39.448272,-8.32569,Aveiro,84.65,2024-04-28 01:12:58,user_0037,12.8
8.7895,5635312,167,40.485075,-8.048783,Lisboa,163.06,2023-07-01 11:04:08,user_0144,6.3
8.9333,7724954,124,37.126857,-8.259073,Braga,87.84,2023-09-10 09:31:51,user_0038,38.8
5.3884,3699446,55,39.68656,-8.110732,Lisboa,96.47,2024-05-08 16:41:54,user_0099,35.5
0.8746,4223138,70,37.25081,-8.618743,Viseu,100.11,2023-10-08 23:02:18,user_0168,38.3
0.573,548723,196,38.24309,-7.124744,Leiria,82.65,2024-09-04 11:51:30,user_0029,30.0
6.4077,3232940,152,39.734072,-6.922177,Évora,178.94,2024-02-12 14:11:27,user_0103,6.0
1.36,4773147,137,40.935819,-6.701416,Aveiro,145.49,2024-12-22 02:06:33,user_0145,37.6
9.142,8473958,148,39.704468,-8.339615,Leiria,176.86,2023-02-09 19:59:54,user_0148,19.7
13.2265,9497445,111,41.580958,-6.900269,Braga,129.12,2024-04-14 16:20:43,user_0110,17.9
13.2554,9333640,156,40.951663,-7.331904,Viseu,132.74,2023-04-25 13:22:03,user_0153,14.9
9.9198,2885579,132,37.681201,-6.243085,Porto,146.26,2024-09-11 15:46:28,user_0060,15.0
3.2474,5912084,105,38.844792,-8.05573,Setúbal,111.93,2024-09-13 20:46:57,user_0166,33.0
12.9587,9080627,71,40.242427,-6.126147,Faro,129.52,2024-09-26 16:09:42,user_0063,14.0
13.3028,7355554,117,41.59203,-6.98266,Coimbra,136.57,2023-02-24 15:38:20,user_0039,12.8
3.0301,1440352,59,41.838579,-6.860656,Setúbal,193.5,2023-12-25 21:40:20,user_0126,29.4
11.0876,1877330,115,40.715932,-9.412603,Setúbal,183.61,2023-06-25 20:25:28,user_0192,15.1
4.3691,5082070,57,39.768847,-7.808846,Braga,78.09,2024-12-09 04:56:28,user_0083,5.5
12.0593,8943742,172,40.683048,-7.703655,Porto,65.78,2023-02-06 18:08:40,user_0021,37.6
14.9588,5054379,87,38.266182,-9.36196,Leiria,155.25,2023-06-12 13:49:05,user_0032,16.0
0.5474,7269056,172,38.318015,-8.438754,Aveiro,66.89,2024-04-14 14:55:09,user_0028,31.8
13.4708,4147036,111,40.171747,-6.25081,Coimbra,68.45,2023-10-22 09:24:46,user_0103,21.4
9.3772,6208087,187,41.259178,-8.051221,Setúbal,82.3,2023-06-21 13:11:59,user_0012,9.7
14.6034,1048278,94,41.749047,-8.865213,Braga,109.24,2023-12-02 03:20:14,user_0121,28.2
7.0286,7035483,114,38.606673,-7.754648,Aveiro,120.9,2024-08-07 22:05:51,user_0111,13.1
12.7261,123182,116,40.882768,-9.385197,Braga,132.71,2023-11-24 02:41:13,user_0079,15.1
1.0297,4242895,186,41.157654,-7.745638,Porto,198.92,2024-09-17 07:26:35,user_0092,6.1
5.0957,7491818,182,40.015866,-7.479488,Évora,113.93,2023-11-23 08:38:00,user_0120,5.6
1.0985,5217975,155,38.637959,-8.283839,Braga,93.99,2023-03-28 15:44:38,user_0085,23.0
14.6326,8472714,187,39.995443,-6.907241,Leiria,140.54,2023-12-30 01:58:51,user_0080,7.0
12.2729,164486,189,39.822245,-9.038572,Braga,90.12,2024-04-21 23:05:42,user_0151,12.3
12.803,3846556,131,39.932628,-6.514176,Aveiro,191.68,2023-03-16 22:18:39,user_0015,37.3
14.0757,6259225,107,39.996301,-6.251487,Porto,96.3,2023-10-29 00:10:16,user_0101,7.9
1.368,735062,198,41.135291,-9.495803,Leiria,198.59,2024-02-11 16:56:07,user_0012,15.2
5.8454,727468,198,37.750408,-6.634746,Lisboa,118.61,2023-01-01 02:58:24,user_0132,30.4
1.1584,2064618,180,38.73647,-7.779242,Braga,173.78,2023-03-08 08:29:23,user_0035,36.0
3.2408,3454707,118,39.830009,-7.931221,Porto,150.76,2024-03-17 01:38:29,user_0095,6.6
3.5176,4872587,138,38.316639,-8.688491,Évora,190.69,2024-03-27 22:02:20,user_0189,11.5
7.0897,6284179,113,41.790766,-7.979095,Faro,147.56,2023-08-11 08:33:22,user_0027,18.6
4.1016,6914128,121,38.215751,-6.268548,Aveiro,141.37,2024-01-07 02:04:37,user_0125,17.6
1.6046,2798658,66,39.248144,-8.783322,Porto,151.4,2023-06-01 00:02:01,user_0161,15.1
2.5956,7662208,122,41.286825,-8.89126,Aveiro,170.11,2024-05-05 04:13:51,user_0013,13.5
2.2944,1424241,119,37.300318,-8.677553,Évora,185.84,2024-11-24 18:13:18,user_0165,14.4
14.5988,902810,162,41.00344,-7.623764,Faro,97.35,2023-09-23 05:45:36,user_0172,9.7
11.4135,5541543,70,39.755042,-6.336981,Porto,88.12,2023-02-09 14:54:06,user_0002,10.7
14.5196,3714528,184,37.05901,-7.548803,Viseu,64.81,2023-06-12 17:31:31,user_0166,26.2
6.6521,5169619,56,41.414564,-8.67216,Évora,111.81,2023-11-28 18:08:20,user_0037,15.2
4.2477,6395021,160,37.095984,-8.002462,Viseu,178.47,2024-02-13 21:50:34,user_0187,19.0
11.9946,6961507,76,39.476089,-8.17264,Coimbra,69.78,2024-03-28 10:09:34,user_0114,19.4
4.9612,3695611,57,37.145156,-9.341664,Coimbra,135.39,2023-12-12 09:18:07,user_0120,8.8
4.5608,5431159,77,37.256,-7.763818,Aveiro,157.27,2024-04-24 17:34:10,user_0069,33.7
3.5643,9434702,96,41.336022,-9.071578,Setúbal,177.16,2024-06-06 14:48:16,user_0018,38.5
2.0322,3392389,135,40.729128,-6.63637,Leiria,141.68,2023-03-25 05:41:21,user_0048,14.2
3.9213,3416502,59,37.884706,-7.633526,Porto,86.08,2024-07-08 07:17:07,user_0081,15.3
5.3943,8351870,163,40.00234,-6.628338,Faro,195.04,2023-06-11 21:00:33,user_0066,29.3
10.1425,9142716,82,40.873398,-6.249448,Setúbal,73.25,2023-09-07 04:34:35,user_0177,7.8
1.0322,9121486,184,41.347953,-6.29316,Aveiro,167.66,2024-08-28 19:33:56,user_0106,36.8
3.2366,6225175,180,39.241535,-9.15854,Coimbra,72.12,2024-12-05 00:52:41,user_0058,9.2
12.1545,1001622,63,41.387499,-6.287622,Évora,80.08,2023-08-02 03:33:07,user_0163,30.6
2.2891,3246319,95,39.43925,-6.794459,Évora,185.75,2024-01-17 01:10:43,user_0078,15.2
5.2054,1636617,110,40.34114,-6.855962,Coimbra,165.43,2024-05-27 12:43:22,user_0186,16.3
12.9834,2466704,62,41.795147,-9.193563,Lisboa,111.17,2023-02-03 10:01:56,user_0007,9.9
2.4084,8750519,65,38.079759,-8.88965,Braga,149.42,2023-04-30 20:00:07,user_0103,27.6
1.3328,1046251,182,37.742606,-6.184445,Porto,124.01,2023-04-13 12:40:11,user_0109,32.8
7.3196,285356,87,38.610094,-8.774541,Braga,69.32,2024-06-07 07:19:08,user_0009,38.3
4.6061,9912813,87,37.721995,-8.925219,Faro,160.96,2024-06-10 17:42:55,user_0069,16.6
8.4948,3003337,152,38.320814,-8.268004,Lisboa,166.86,2023-03-20 01:57:56,user_0132,26.7
12.0767,9557302,105,40.614927,-6.394589,Faro,183.53,2024-03-21 22:07:22,user_0160,19.5
2.1435,6563484,112,39.28762,-7.880942,Porto,135.69,2023-05-17 21:45:37,user_0133,24.5
8.7524,8505089,169,38.775206,-6.370015,Coimbra,154.24,2024-11-10 01:23:19,user_0056,10.7
7.6321,4262563,97,38.74362,-8.363248,Setúbal,121.33,2023-10-14 19:32:47,user_0056,25.4
2.2468,3275654,154,37.87265,-8.729803,Leiria,104.65,2023-11-30 15:26:45,user_0044,34.7
9.3976,3674777,108,39.137057,-7.81631,Viseu,117.64,2024-07-24 10:29:07,user_0072,35.2
4.1772,6233550,126,40.023178,-7.407379,Setúbal,187.65,2024-06-07 06:07:27,user_0141,21.9
7.3687,8122734,176,37.595774,-8.168903,Viseu,82.98,2023-03-20 16:03:21,user_0132,13.3
1.3259,9598821,104,41.764064,-8.323496,Porto,94.79,2023-10-30 13:31:13,user_0180,34.3
6.9478,5925313,104,39.116406,-8.758598,Aveiro,144.87,2024-11-07 10:29:48,user_0015,40.0
4.6663,4395102,178,41.639805,-8.564977,Faro,76.28,2024-09-03 08:24:30,user_0120,18.2
12.3535,8045021,185,37.573295,-7.211399,Leiria,184.86,2024-03-05 19:58:14,user_0110,37.4
0.949,8059562,176,40.73608,-8.24243,Viseu,66.61,2024-07-17 15:59:00,user_0082,39.4
6.3372,6824125,181,39.98819,-9.228826,Leiria,165.74,2023-11-25 20:50:25,user_0084,18.8
6.9306,2242019,134,41.000321,-9.030272,Coimbra,112.32,2024-04-25 16:09:40,user_0001,30.1
10.9026,312051,164,39.90339,-8.233911,Lisboa,67.16,2024-11-29 00:27:15,user_0193,25.3
8.6569,6170022,107,41.714183,-6.356692,Leiria,178.01,2023-04-09 06:49:22,user_0139,30.3
10.0415,2791004,86,40.034659,-8.211297,Leiria,149.66,2023-12-31 03:28:40,user_0189,10.4
11.678,6262748,98,40.823021,-9.293817,Aveiro,61.24,2024-01-23 03:59:00,user_0093,17.8
12.9468,3568125,116,41.287909,-8.07882,Faro,97.45,2023-02-05 10:58:28,user_0088,7.2
4.7767,6656669,68,40.472917,-7.22602,Faro,109.29,2024-11-13 18:36:03,user_0084,26.5
8.1165,9542866,178,39.521183,-7.481773,Viseu,105.16,2024-09-04 08:03:29,user_0191,37.4
12.6176,2442905,78,38.264085,-8.55207,Setúbal,129.77,2023-12-19 12:58:04,user_0166,24.6
14.8428,9378778,136,41.172463,-7.160498,Lisboa,133.75,2024-01-07 01:59:32,user_0197,7.5
13.3538,1412210,82,39.302891,-7.355877,Leiria,115.55,2024-11-03 10:45:49,user_0045,37.6
5.6349,6025140,168,40.003541,-8.914612,Faro,106.45,2023-05-10 08:35:12,user_0074,9.7
3.008,6362781,182,37.296133,-8.948707,Évora,130.62,2024-02-27 08:16:22,user_0198,35.9
7.3919,3163257,120,39.386757,-7.639578,Aveiro,64.71,2024-06-17 06:15:59,user_0068,30.0
11.1505,2674986,183,40.390788,-7.257909,Faro,150.33,2023-04-04 17:14:55,user_0004,27.3
7.4393,3415814,71,39.82036,-6.229504,Braga,144.84,2023-10-10 19:20:44,user_0199,25.5
7.2994,6036860,126,39.142774,-8.065436,Setúbal,99.09,2024-03-14 09:33:58,user_0048,9.6
12.5896,1950256,53,38.017137,-6.899207,Évora,85.13,2024-10-06 08:49:53,user_0097,22.5
5.4849,2803528,121,38.448351,-9.103829,Coimbra,70.22,2024-01-04 00:00:33,user_0137,11.9
12.9109,5310825,177,40.403122,-6.475329,Leiria,142.23,2023-10-08 19:17:21,user_0090,25.0
6.1614,4254284,94,38.020953,-7.347434,Coimbra,139.65,2024-12-16 00:51:11,user_0175,20.7
4.9907,9231822,185,40.008633,-7.361297,Viseu,134.66,2024-10-30 14:44:50,user_0060,28.8
6.8644,165301,142,39.848688,-9.015695,Porto,197.99,2024-07-10 12:48:14,user_0052,39.4
11.4605,4814974,54,41.752087,-9.365415,Leiria,134.42,2023-07-19 17:23:59,user_0124,17.6
1.9774,9490628,153,37.203909,-7.115073,Coimbra,161.05,2024-12-04 10:09:31,user_0086,26.6
3.0266,297180,130,37.440613,-9.102008,Coimbra,75.81,2024-12-09 11:00:49,user_0161,35.3
14.2765,3405914,136,39.430417,-9.068301,Viseu,101.86,2023-11-27 13:51:24,user_0186,8.3
2.7148,8165786,186,39.535549,-8.8625,Lisboa,98.56,2023-04-08 08:40:28,user_0097,33.0
8.5591,4177927,179,37.099638,-9.167662,Porto,140.64,2023-10-29 07:18:02,user_0048,13.4
8.7318,4876831,112,41.029277,-7.373665,Braga,106.31,2024-05-26 00:15:00,user_0133,23.9
7.3954,5032403,100,39.373617,-8.065184,Évora,149.75,2024-06-30 08:26:19,user_0027,39.7
9.7067,3229065,165,38.633219,-8.595273,Leiria,156.61,2023-08-07 04:57:29,user_0169,39.4
3.5244,587426,162,38.494269,-8.001452,Faro,64.72,2024-05-27 02:10:49,user_0001,16.1
8.3347,3430460,80,41.207036,-6.629924,Coimbra,149.57,2024-09-20 07:35:46,user_0051,9.6
5.6454,1131614,56,37.883664,-6.34793,Porto,76.35,2024-06-03 16:02:19,user_0144,37.8
9.9588,8003029,52,37.702089,-7.842581,Évora,125.12,2024-11-13 22:10:17,user_0099,36.3
2.2042,2466507,100,37.965893,-7.57304,Setúbal,161.72,2024-04-06 18:51:32,user_0100,26.6
8.6061,5418673,105,40.025113,-8.62552,Évora,158.47,2023-05-27 15:34:36,user_0160,6.1
2.8605,776385,122,40.954654,-7.753759,Aveiro,101.98,2024-03-31 15:24:58,user_0103,31.3
4.2518,7464370,59,38.554893,-6.956393,Leiria,98.13,2023-08-01 02:57:09,user_0047,10.6
3.3588,9465027,110,37.76731,-7.826733,Viseu,121.63,2023-09-10 01:32:36,user_0151,38.0
2.8243,9395448,99,37.945971,-8.472952,Faro,86.41,2024-05-05 19:59:14,user_0015,20.2
12.4031,9370097,171,39.995919,-7.521083,Faro,196.46,2024-12-17 08:59:52,user_0154,26.5
4.357,4559512,50,38.130176,-6.281369,Coimbra,108.29,2024-04-19 13:30:48,user_0037,14.8
13.9141,6519453,87,41.286401,-6.480855,Braga,189.22,2024-11-30 13:52:46,user_0183,21.6
14.5519,6846090,128,37.419457,-6.884576,Évora,187.16,2024-01-03 20:12:46,user_0130,31.4
8.6118,8607964,138,37.061843,-8.560887,Faro,111.08,2024-05-21 20:20:44,user_0076,22.2
2.2307,2995353,131,37.341891,-8.678698,Évora,95.57,2023-08-24 08:07:19,user_0147,34.7
5.6808,1675255,116,41.128216,-6.648974,Porto,167.92,2023-03-26 05:54:00,user_0032,30.0
11.9862,8873208,66,40.156148,-8.883521,Leiria,92.11,2023-09-15 03:12:22,user_0197,7.7
5.5741,9883926,176,41.688723,-7.440922,Leiria,132.97,2023-12-17 16:04:51,user_0055,26.2
1.3966,1908151,161,38.581483,-8.007638,Leiria,75.5,2024-02-21 13:34:52,user_0099,26.4
8.3961,3289363,185,37.963391,-7.908846,Faro,114.03,2024-05-02 00:35:41,user_0056,18.3
12.6923,9034839,109,39.709876,-7.954552,Viseu,70.94,2023-11-01 18:12:48,user_0029,16.3
11.9593,9158430,89,39.589141,-6.44017,Leiria,99.68,2024-06-29 22:39:36,user_0109,7.2
2.7093,2786202,138,39.85512,-9.20388,Lisboa,153.14,2024-09-06 05:08:26,user_0084,20.6
10.1242,7713409,90,38.637669,-6.838135,Porto,198.78,2023-07-28 17:27:29,user_0164,16.8
3.3855,4209229,189,36.929485,-6.660957,Viseu,95.67,2024-09-10 12:42:54,user_0116,38.3
3.3513,1649379,164,37.075158,-6.294218,Faro,126.26,2024-08-13 01:29:59,user_0071,28.6
13.1237,5551093,149,40.219132,-7.96116,Faro,122.73,2024-01-17 14:13:45,user_0082,21.1
3.8201,2392001,166,39.51629,-7.799778,Setúbal,85.78,2023-01-19 10:46:04,user_0053,31.4
4.0224,2316830,138,41.005056,-6.231599,Aveiro,145.41,2023-04-17 02:07:26,user_0085,32.3
0.1097,1233387,142,38.402049,-7.941266,Lisboa,161.46,2024-05-04 06:51:11,user_0086,21.8
13.073,7625417,188,40.977361,-7.787935,Viseu,80.61,2023-05-26 22:17:25,user_0167,7.7
11.9097,8439426,109,39.027457,-8.370335,Leiria,166.0,2024-07-01 15:14:29,user_0076,32.3
9.4472,2249119,117,37.383492,-9.392467,Coimbra,158.02,2023-04-28 11:35:17,user_0011,8.2
11.279,2451603,127,41.789558,-8.027615,Aveiro,87.63,2023-07-29 05:30:15,user_0076,34.7
2.3655,1497116,95,39.45968,-7.27269,Faro,150.85,2023-07-02 21:49:43,user_0030,16.7
6.929,5571944,87,40.047393,-7.154184,Lisboa,115.11,2024-09-04 17:58:09,user_0079,27.3
5.3332,8584036,66,40.253986,-9.477871,Leiria,155.36,2024-05-19 03:13:18,user_0200,30.9
1.4973,4595772,115,38.712061,-6.776421,Aveiro,129.45,2023-08-04 10:51:45,user_0107,6.2
7.3433,4289991,85,40.637642,-7.825787,Faro,66.74,2024-07-04 02:57:57,user_0181,18.5
13.819,5741638,123,41.251332,-7.729466,Coimbra,170.18,2023-01-24 14:00:28,user_0082,26.1
0.6969,6052677,56,38.835935,-6.230071,Aveiro,137.78,2024-08-17 05:44:21,user_0136,34.7
4.4428,3807114,65,40.185004,-8.532832,Leiria,161.47,2023-03-16 19:26:58,user_0020,30.1
3.1924,8224767,63,40.685619,-6.910383,Évora,77.65,2024-09-25 15:58:47,user_0012,36.4
3.6484,6582123,129,37.850629,-7.545761,Coimbra,160.98,2024-06-23 19:54:29,user_0067,7.9
13.6357,6805969,74,38.56298,-7.117285,Évora,117.91,2024-09-23 08:01:22,user_0178,7.5
7.0742,3981048,154,37.443979,-8.079421,Setúbal,171.9,2024-06-25 23:04:16,user_0126,30.0
7.0479,6079422,53,39.911042,-8.550694,Braga,143.88,2024-02-14 17:27:36,user_0140,18.9
11.4326,5636589,176,40.904688,-7.643172,Viseu,109.69,2023-06-23 10:40:21,user_0054,21.9
2.4019,7946321,105,39.954193,-8.2252,Braga,88.27,2024-07-26 13:03:42,user_0080,26.2
7.3603,9571226,55,37.798919,-8.742102,Lisboa,174.23,2024-08-06 03:21:25,user_0124,39.5
6.5068,1671179,178,39.631842,-6.646597,Faro,138.43,2023-07-29 23:25:45,user_0182,7.4
8.994,8484102,178,41.074671,-7.882173,Aveiro,198.25,2024-04-30 01:55:38,user_0074,8.8
14.9934,3228409,164,38.413624,-6.619126,Setúbal,112.29,2024-11-07 08:00:50,user_0147,34.0
11.5648,8227953,106,41.063258,-7.888293,Aveiro,156.0,2023-10-10 21:57:26,user_0142,5.7
6.0282,4898841,114,40.823116,-7.606888,Évora,147.19,2024-11-29 09:25:06,user_0180,20.8
12.4305,8324878,114,37.008704,-6.116047,Porto,149.26,2024-12-13 08:24:50,user_0150,32.1
2.6436,3014130,152,38.097274,-6.264886,Aveiro,163.18,2023-08-17 05:41:51,user_0132,11.8
0.5539,7592443,70,39.614712,-8.576254,Coimbra,79.48,2024-02-08 01:13:22,user_0116,11.5
3.1463,8328736,82,40.488087,-6.546572,Faro,136.95,2023-01-10 11:09:03,user_0059,15.9
5.1721,4747492,71,41.302653,-8.172628,Aveiro,131.28,2023-07-03 11:29:47,user_0162,10.3
7.7077,2111278,159,40.105212,-9.257754,Faro,107.95,2024-03-29 00:14:27,user_0064,28.7
9.2654,7975518,53,38.801721,-7.542345,Faro,121.06,2024-07-24 01:48:14,user_0128,12.0
13.668,216651,189,37.823136,-6.178024,Setúbal,132.63,2024-09-27 04:28:08,user_0018,12.9
7.6968,8305530,123,40.700179,-6.187333,Évora,104.93,2024-08-28 21:18:38,user_0082,25.1
7.569,6620661,168,37.933908,-9.070018,Leiria,101.04,2024-10-27 09:14:28,user_0031,38.9
0.8486,9929464,142,40.377153,-6.877795,Évora,163.36,2024-05-29 09:06:04,user_0084,37.0
0.6202,6367038,114,37.806058,-6.770368,Setúbal,69.37,2024-04-17 18:31:09,user_0042,35.3
8.3123,7572491,114,37.355269,-8.246268,Viseu,103.81,2024-07-05 05:29:13,user_0131,23.6
6.6289,605502,59,38.155501,-7.260776,Coimbra,151.52,2024-02-04 00:41:49,user_0085,15.4
12.6038,2535244,195,38.324649,-7.840258,Viseu,89.23,2024-03-16 11:20:23,user_0183,29.7
2.4941,1560155,96,40.136046,-8.725163,Porto,140.12,2024-07-20 14:05:27,user_0010,18.6
0.4721,1611589,115,37.704417,-6.911701,Leiria,102.3,2024-12-04 22:21:27,user_0071,32.2
6.7907,468163,98,41.551535,-8.606641,Viseu,178.06,2023-08-03 17:59:37,user_0022,5.6
3.6384,9228420,71,39.671808,-8.342478,Faro,109.0,2023-05-10 12:30:06,user_0151,23.5
0.8393,770008,135,39.354659,-8.853937,Faro,92.13,2024-05-13 08:10:59,user_0076,16.8
10.8965,4498907,75,39.073473,-7.054478,Braga,134.21,2023-05-17 11:49:46,user_0013,13.7
1.7627,3000102,186,39.733007,-7.940338,Braga,78.99,2023-05-07 20:53:26,user_0168,28.2
9.164,6589763,198,37.012235,-7.992531,Lisboa,171.65,2024-01-11 02:35:48,user_0123,28.0
4.2876,9433262,144,41.850432,-7.444486,Faro,155.2,2023-10-03 08:30:46,user_0141,6.3
2.6851,7686906,156,39.687622,-8.965304,Braga,167.87,2023-11-09 19:27:24,user_0097,38.2
5.7583,2378772,183,37.075975,-6.446277,Porto,115.84,2024-02-11 07:36:28,user_0095,17.7
12.0415,3476452,63,39.849888,-7.91863,Leiria,176.9,2023-04-05 22:45:56,user_0051,37.1
5.9422,3397559,120,39.085394,-8.253809,Viseu,129.1,2024-03-02 07:26:08,user_0192,25.4
11.2865,8737345,124,37.020188,-9.069252,Setúbal,73.26,2023-07-06 03:52:58,user_0083,27.8
1.9697,2821562,169,41.522144,-8.928956,Braga,91.36,2023-08-30 07:27:36,user_0096,38.6
11.6143,5740592,161,36.952834,-6.370775,Évora,159.55,2024-06-02 01:45:23,user_0090,33.8
3.6303,9837907,100,39.789358,-7.947502,Leiria,185.5,2023-04-24 00:11:44,user_0126,9.9
10.1932,1512185,179,41.708954,-7.044575,Leiria,73.33,2023-04-23 04:52:59,user_0013,5.2
8.5301,8570209,192,38.088022,-9.226244,Lisboa,180.99,2023-08-24 12:28:41,user_0157,15.8
13.9443,4262986,85,38.170895,-7.312221,Porto,171.87,2023-02-07 02:59:14,user_0199,22.1
5.8711,3368737,167,36.902116,-6.366835,Aveiro,109.92,2024-11-11 15:19:49,user_0175,30.6
1.0859,2544544,53,37.231756,-8.480124,Lisboa,156.5,2024-03-25 09:27:50,user_0154,28.1
0.3854,9683737,55,37.124442,-7.530922,Braga,86.17,2024-04-28 04:18:59,user_0198,15.9
12.4202,9803388,159,41.013281,-6.303255,Évora,173.88,2023-12-25 02:27:08,user_0118,24.0
7.9186,5325910,148,41.083688,-7.054303,Aveiro,152.03,2024-02-23 01:18:03,user_0151,27.8
11.6511,5363240,171,40.5335,-9.288093,Faro,121.44,2023-09-19 09:39:34,user_0075,23.0
3.5929,2028217,166,38.663725,-8.212294,Porto,181.03,2024-07-26 08:13:51,user_0184,29.1
5.2417,659297,145,41.006272,-9.208373,Braga,79.49,2023-08-21 00:53:23,user_0019,22.0
0.5485,6985481,116,39.598873,-6.57152,Leiria,178.41,2023-06-10 13:44:04,user_0098,23.5
14.4262,5748777,169,38.421551,-7.386347,Viseu,63.34,2023-05-15 05:23:11,user_0111,37.9
10.0512,7226460,64,39.086384,-6.248302,Évora,165.45,2023-02-19 18:27:06,user_0178,18.6
14.0048,9551544,66,37.228839,-9.432828,Lisboa,140.27,2024-01-04 18:03:32,user_0108,31.4
4.0559,5506774,67,41.624543,-8.061503,Braga,157.54,2023-10-31 15:06:55,user_0035,16.7
9.2108,8977914,164,39.995582,-9.145162,Leiria,117.73,2024-01-28 00:52:11,user_0177,16.6
10.2096,5237264,196,40.556171,-8.308341,Évora,181.02,2023-03-09 02:53:09,user_0174,37.4
4.8315,1445819,125,40.282917,-8.949585,Porto,103.84,2023-06-11 11:23:25,user_0093,29.5
12.7368,2233969,137,40.23875,-8.382101,Setúbal,98.49,2023-06-05 17:57:31,user_0198,37.5
14.2127,192803,140,36.986305,-6.714509,Leiria,102.25,2023-08-31 06:35:57,user_0100,39.8
13.2843,2453039,97,39.526856,-8.953622,Coimbra,168.41,2023-09-21 09:10:40,user_0181,5.0
11.1121,5959776,64,41.008551,-7.88954,Viseu,129.34,2023-06-09 11:09:41,user_0159,39.4
4.2342,7352182,172,37.122594,-6.366617,Porto,135.19,2024-07-03 10:31:39,user_0096,8.5
4.2961,5431369,176,41.680828,-6.10415,Braga,176.43,2024-01-23 06:20:26,user_0084,7.5
14.4541,6153283,147,39.020798,-8.64782,Évora,176.67,2024-12-28 12:58:35,user_0150,31.9
0.2532,6132469,133,38.349477,-6.319068,Coimbra,82.64,2024-08-24 07:01:14,user_0067,17.3
10.7691,6491212,90,39.559107,-8.611278,Évora,136.97,2024-12-17 05:27:13,user_0136,37.1
10.6231,8220879,145,40.906071,-8.094003,Faro,77.64,2023-01-07 10:14:26,user_0019,24.1
9.3781,7205273,117,39.273775,-6.51506,Aveiro,181.59,2024-05-03 07:48:07,user_0031,18.5
14.8526,4528458,54,40.125528,-6.827001,Aveiro,177.18,2023-11-22 08:05:24,user_0032,7.6
4.747,4327219,102,39.399572,-6.584542,Faro,178.91,2024-10-22 06:46:40,user_0055,21.3
5.1656,9191099,171,40.056361,-6.779127,Évora,158.68,2024-03-24 00:02:35,user_0103,14.7
1.2762,777150,185,37.590155,-8.700793,Setúbal,125.36,2024-03-29 10:13:38,user_0159,7.7
6.6977,6316851,71,37.093317,-7.600097,Aveiro,116.66,2024-11-30 23:52:19,user_0195,28.5
3.9896,5472587,155,37.584507,-8.190148,Leiria,115.33,2024-05-13 06:17:59,user_0051,39.2
5.2165,9160077,56,38.329191,-7.936983,Faro,69.27,2023-08-23 06:48:59,user_0122,18.3
12.5351,2321991,199,38.16678,-8.976549,Évora,192.84,2024-10-30 15:08:10,user_0092,15.4
14.0387,5462762,95,39.975877,-8.42639,Lisboa,123.04,2024-11-20 20:11:02,user_0155,8.1
2.8674,1676099,79,39.179447,-6.584,Aveiro,190.22,2023-10-09 16:32:46,user_0176,12.8
5.6504,2090651,175,37.09406,-6.448301,Braga,183.1,2024-01-30 08:57:27,user_0110,15.0
13.9366,5855113,150,37.07433,-7.42548,Lisboa,176.01,2023-07-26 11:09:50,user_0043,17.0
1.0209,9163064,193,37.35294,-7.805891,Setúbal,142.36,2024-10-27 06:36:19,user_0179,27.2
1.4762,9281763,128,38.665406,-7.076345,Aveiro,74.22,2024-08-23 03:21:02,user_0197,9.0
2.5256,527169,182,36.930915,-7.429899,Braga,105.35,2023-10-01 17:15:53,user_0075,7.0
8.9687,7123801,116,39.369936,-6.155505,Lisboa,144.5,2024-08-09 01:20:57,user_0071,37.6
2.342,3781876,72,38.703348,-8.853698,Braga,61.88,2023-11-22 06:09:24,user_0072,33.0
14.5243,5065521,123,39.677207,-7.973248,Faro,65.97,2023-02-02 00:16:51,user_0178,14.7
6.756,1897465,54,40.504126,-6.377982,Aveiro,154.87,2024-10-17 17:53:37,user_0189,27.4
7.5726,2263567,131,38.154864,-6.389894,Leiria,184.35,2023-05-21 12:49:01,user_0103,25.7
3.7752,5698485,74,37.685418,-7.815821,Leiria,179.72,2024-01-11 03:26:06,user_0041,31.0
7.1173,4665770,57,38.290268,-9.041649,Coimbra,83.54,2024-11-23 04:40:15,user_0179,35.1
9.9625,9705069,198,36.908816,-6.729143,Aveiro,187.57,2023-05-03 04:45:25,user_0078,17.5
11.2925,8536341,51,37.500065,-7.510438,Faro,157.48,2024-11-29 01:57:32,user_0024,28.1
11.3326,8683585,71,40.654152,-6.871236,Braga,160.29,2024-01-28 17:19:08,user_0030,33.1
8.7106,2724006,121,38.014034,-7.92742,Faro,102.57,2023-01-06 08:25:54,user_0052,29.5
13.575,1119816,136,41.871498,-8.806795,Porto,160.24,2023-02-17 19:03:58,user_0178,37.3
12.2794,5168949,121,37.739158,-9.418436,Setúbal,159.37,2024-05-04 08:16:17,user_0057,22.3
11.38,3971183,117,40.843859,-7.59893,Lisboa,143.25,2024-07-18 17:09:40,user_0190,33.1
0.9285,3972369,113,40.425222,-8.952443,Setúbal,110.02,2024-09-23 09:56:20,user_0079,36.8
0.2025,4550038,143,38.510661,-8.863733,Faro,173.54,2023-11-06 16:08:58,user_0117,24.5
3.2655,3226250,68,38.553696,-8.016561,Leiria,191.25,2023-03-17 20:47:51,user_0181,5.6
9.9865,2470950,177,39.717758,-7.996938,Évora,181.78,2024-01-28 13:27:13,user_0196,33.6
6.2268,6410563,136,41.16187,-8.567084,Setúbal,94.02,2024-05-28 00:03:18,user_0197,34.6
6.0959,8789784,131,38.830935,-9.051464,Évora,122.39,2024-12-13 15:26:35,user_0031,19.0
13.2803,9459646,136,37.205899,-6.287161,Viseu,107.94,2024-07-19 21:37:19,user_0076,13.0
13.4439,1043423,146,38.772096,-9.052422,Faro,159.05,2024-04-16 23:45:05,user_0030,39.2
13.6467,8315308,101,37.936563,-8.307373,Lisboa,176.41,2024-11-17 00:26:22,user_0113,24.3
4.7768,2517626,131,41.596035,-8.463449,Leiria,90.21,2024-06-29 05:31:38,user_0138,23.1
10.3967,92889,146,40.386372,-6.554451,Faro,192.62,2023-04-23 05:46:48,user_0172,38.1
4.1473,717884,184,37.154163,-8.105788,Coimbra,154.83,2023-12-02 05:37:34,user_0134,19.3
2.9401,4609635,164,38.364943,-9.078252,Setúbal,90.58,2023-08-31 03:39:12,user_0155,34.7
2.851,2798945,141,37.15108,-9.465113,Faro,111.95,2023-03-05 21:21:58,user_0020,29.5
5.1974,4415880,50,41.050083,-7.045371,Lisboa,74.64,2023-02-09 14:46:35,user_0020,38.9
6.5064,3102923,112,41.431482,-7.070696,Porto,143.59,2024-08-02 18:38:35,user_0012,20.0
12.4811,9254404,68,37.461398,-8.079536,Coimbra,83.69,2024-02-12 09:38:06,user_0085,36.8
1.8864,6616243,80,39.10145,-9.070553,Aveiro,157.03,2024-02-24 17:20:21,user_0049,24.9
11.0504,7615487,126,41.559416,-8.236445,Faro,163.21,2023-06-16 04:21:05,user_0180,21.7
8.0187,3137877,170,37.626058,-7.4944,Évora,127.11,2023-07-08 19:30:44,user_0010,15.7
4.3904,4448388,73,38.359518,-7.106594,Porto,73.13,2023-10-11 06:19:52,user_0005,24.3
7.443,8518074,118,38.421373,-9.233984,Aveiro,145.52,2024-04-05 01:24:23,user_0064,25.0
4.5691,7370563,108,37.050292,-7.608555,Faro,112.11,2023-11-13 02:35:54,user_0186,36.4
8.9816,7751066,163,37.081366,-8.561178,Coimbra,192.95,2023-01-13 07:55:47,user_0136,29.6
6.5643,1594575,150,41.663964,-7.401295,Leiria,131.85,2024-05-06 12:11:37,user_0158,33.9
2.5496,6145660,61,39.755463,-7.296324,Setúbal,70.12,2024-01-26 10:17:53,user_0017,31.9
1.8371,1732329,168,38.433242,-6.403947,Coimbra,149.05,2024-04-13 05:43:35,user_0067,14.7
8.2458,1857084,188,38.793373,-8.104714,Aveiro,169.11,2024-03-27 09:28:50,user_0021,12.2
13.546,1394994,146,40.474215,-7.672192,Braga,82.47,2024-07-05 20:25:46,user_0016,14.0
5.225,4514057,196,38.732586,-8.588069,Viseu,122.87,2024-03-03 11:51:08,user_0027,10.1
11.0217,1546557,106,38.038802,-8.525706,Porto,164.05,2024-05-26 15:27:11,user_0115,18.5
9.9141,7398512,91,37.409187,-9.343485,Évora,62.87,2023-02-22 23:46:01,user_0006,27.9
13.9802,7084932,147,40.544665,-8.527366,Coimbra,64.06,2024-11-08 11:23:47,user_0042,23.8
12.3326,4968901,80,37.802825,-9.282982,Coimbra,154.77,2023-03-19 11:29:40,user_0144,28.8
8.5424,3200890,51,37.248241,-6.222686,Viseu,161.52,2024-07-28 10:20:45,user_0173,17.5
9.8898,29882,81,39.034772,-7.377505,Leiria,178.42,2023-08-08 23:39:51,user_0003,12.2
13.486,2675518,187,37.097855,-8.911295,Porto,115.94,2023-03-05 03:34:17,user_0040,12.1
6.0528,9675864,154,41.72499,-9.102994,Lisboa,114.57,2024-07-12 15:36:16,user_0020,26.0
4.9692,1398705,185,40.036465,-8.241583,Évora,137.33,2023-11-16 12:05:10,user_0007,10.8
0.2611,6211715,124,37.663484,-8.453999,Aveiro,166.03,2023-10-16 10:23:03,user_0059,18.9
12.4156,6804327,154,37.76227,-8.550534,Braga,149.74,2024-04-27 07:52:11,user_0139,12.4
12.0346,4817530,197,39.749142,-7.908133,Porto,105.83,2023-12-13 00:15:50,user_0093,28.2
1.6564,6934063,197,38.682829,-6.396229,Coimbra,108.52,2024-01-25 10:21:18,user_0052,26.5
8.6952,556831,176,40.771334,-7.568629,Porto,166.82,2023-04-10 13:24:11,user_0131,18.3
7.0133,9037175,58,39.629032,-7.727813,Porto,134.85,2023-10-13 10:11:23,user_0021,9.5
1.8688,6711987,64,39.066669,-6.757735,Faro,73.72,2024-08-05 03:55:49,user_0181,12.4
14.7105,4597577,146,41.714901,-9.486316,Viseu,81.42,2024-02-03 09:05:33,user_0158,21.5
3.299,9217955,154,38.853645,-8.828889,Faro,179.17,2024-12-01 21:33:08,user_0011,39.0
1.1018,5132869,112,38.903055,-7.812968,Aveiro,199.83,2023-04-16 04:12:12,user_0153,14.5
8.9632,9078125,70,40.228862,-7.101949,Leiria,107.0,2024-05-09 10:06:14,user_0050,11.7
11.1091,8762127,54,40.947393,-7.850904,Porto,114.14,2024-10-29 08:14:21,user_0009,12.7
0.5834,7482426,174,40.031075,-8.943366,Lisboa,81.63,2024-08-03 08:41:59,user_0045,29.8
9.9149,7934132,134,40.393051,-6.338058,Braga,93.0,2024-06-16 09:45:59,user_0029,37.0
8.0311,7111905,162,38.764658,-8.382539,Setúbal,119.45,2023-09-30 09:14:47,user_0062,7.6
1.6386,2030888,129,39.297484,-6.820067,Faro,99.81,2024-11-24 02:37:43,user_0015,31.2
2.6706,1037904,165,37.885175,-6.469195,Aveiro,158.2,2024-02-09 01:44:37,user_0019,22.3
8.5628,5634222,146,40.301232,-8.322072,Aveiro,135.3,2024-02-10 04:49:18,user_0143,33.9
4.5157,6046941,70,38.00726,-6.62594,Porto,175.12,2023-03-31 23:04:47,user_0167,19.8
14.0809,6388406,129,36.906284,-7.083369,Leiria,161.43,2023-01-04 16:07:22,user_0035,5.2
12.2992,4369246,88,41.568811,-6.425445,Coimbra,77.93,2024-03-11 13:23:37,user_0141,28.9
14.7552,8353170,170,38.430076,-8.645544,Lisboa,77.27,2024-01-28 02:54:14,user_0144,33.3
3.9691,9972060,173,37.88316,-6.333656,Porto,185.39,2024-11-22 07:04:44,user_0067,36.6
14.5489,9280320,192,38.240734,-9.277958,Setúbal,174.73,2023-08-11 10:11:20,user_0095,24.9
6.5254,7642897,55,38.552238,-6.801518,Faro,125.51,2024-06-30 06:09:22,user_0055,9.3
5.278,8661351,105,39.272732,-8.018739,Évora,78.25,2024-10-21 14:07:57,user_0193,17.9
0.8502,8723346,98,37.246758,-8.895174,Leiria,185.8,2023-09-09 00:16:51,user_0035,32.4
0.8862,6767414,141,37.163366,-9.23003,Setúbal,92.3,2023-10-29 05:42:24,user_0016,22.3
10.411,5901179,178,38.364554,-8.175538,Setúbal,64.97,2024-04-16 12:43:11,user_0129,29.5
6.9231,8254080,114,38.378831,-8.176299,Porto,189.39,2024-01-10 03:55:23,user_0178,5.2
3.4752,7013383,77,37.488231,-8.718145,Évora,173.25,2023-04-28 11:55:13,user_0014,7.6
9.2482,197170,149,38.923958,-8.767248,Porto,157.09,2023-06-11 04:12:18,user_0062,28.8
3.8676,5614058,197,38.320143,-8.141651,Évora,64.76,2024-09-01 08:47:28,user_0135,15.2
8.7067,5423444,121,37.030278,-8.105613,Aveiro,133.98,2023-05-22 20:35:43,user_0151,18.6
5.4522,7360983,114,41.328604,-7.99596,Lisboa,151.51,2023-05-13 09:23:30,user_0099,27.5
12.3709,4374296,100,41.330095,-6.546218,Leiria,166.31,2024-08-06 18:02:38,user_0191,8.9
12.3284,4765358,98,37.945911,-7.421735,Aveiro,125.95,2024-09-14 03:26:23,user_0029,34.1
7.2125,7499455,123,37.714361,-9.430527,Leiria,193.47,2024-09-13 12:18:46,user_0150,10.1
5.3272,2574584,61,39.636464,-7.735063,Faro,94.27,2024-11-11 15:07:12,user_0093,30.7
5.5021,7782634,153,40.053768,-6.907666,Coimbra,69.76,2024-12-26 20:21:52,user_0006,15.2
12.1051,4990044,130,41.687713,-9.308191,Lisboa,106.59,2023-12-03 17:21:58,user_0157,14.1
4.9899,2565513,176,38.786742,-8.063133,Leiria,152.65,2024-02-06 06:07:26,user_0089,33.7
3.215,3567008,63,39.991002,-7.965886,Coimbra,163.2,2023-08-01 04:14:05,user_0002,24.3
1.3619,447095,83,41.290905,-6.25633,Coimbra,163.39,2023-02-19 04:11:43,user_0192,12.2
7.0537,6824464,97,39.149769,-7.882675,Coimbra,75.49,2023-03-13 16:30:21,user_0096,5.1
7.2838,2701433,110,37.511729,-6.950339,Porto,183.91,2024-06-13 16:19:25,user_0036,39.1
12.6295,9374587,84,38.787236,-8.470133,Coimbra,99.32,2023-12-22 15:34:33,user_0096,20.1
3.3965,6600713,168,37.582835,-6.850357,Porto,89.39,2023-08-30 12:30:29,user_0148,18.9
5.7768,835358,114,36.983197,-8.402948,Aveiro,146.02,2023-04-04 14:19:45,user_0183,6.8
12.1452,9868603,108,40.657765,-8.03792,Évora,89.66,2024-04-23 11:53:11,user_0037,36.3
12.372,1971472,85,38.092119,-7.86976,Viseu,131.13,2023-03-15 00:47:21,user_0102,9.9
5.8307,1079229,196,36.910035,-6.350366,Porto,116.98,2024-03-28 05:54:59,user_0180,16.7
6.9409,1140441,91,41.262162,-9.318258,Porto,92.48,2024-10-19 02:04:39,user_0069,19.7
4.619,1194447,118,39.118944,-8.830652,Porto,100.89,2023-08-20 23:36:34,user_0070,33.4
13.9951,6539991,196,38.094299,-7.100475,Lisboa,119.84,2023-11-25 23:19:03,user_0150,17.6
1.8678,1587916,156,38.21395,-7.536236,Setúbal,108.46,2024-03-25 22:19:09,user_0107,23.6
14.0129,2234268,88,38.102689,-8.644793,Setúbal,113.42,2023-08-12 03:26:04,user_0015,20.0
10.2896,6442399,118,37.872781,-8.516717,Lisboa,162.96,2024-03-02 10:39:26,user_0098,15.9
8.0204,2603087,61,41.106131,-8.251148,Lisboa,83.57,2024-02-17 20:28:16,user_0047,38.1
0.5866,4961826,132,37.751658,-7.96882,Setúbal,147.87,2023-09-24 01:55:29,user_0199,32.9
7.1864,5199648,85,39.709273,-6.718707,Setúbal,154.94,2023-08-19 22:09:25,user_0108,11.1
6.1754,6636708,175,37.286601,-9.453027,Coimbra,172.29,2023-11-09 15:56:43,user_0108,24.4
2.5022,9672204,112,41.647607,-6.446733,Braga,178.63,2023-01-04 12:39:16,user_0069,32.9
9.8805,49892,125,39.91657,-8.095708,Leiria,82.21,2023-06-29 16:59:18,user_0052,25.3
14.5701,6473049,131,41.415763,-8.716308,Setúbal,79.36,2023-06-11 17:07:49,user_0167,22.3
8.4766,5072237,100,38.889389,-7.771397,Lisboa,146.07,2024-06-24 01:34:48,user_0002,7.5
10.7498,7030736,92,40.95336,-7.257122,Braga,165.97,2023-11-15 08:53:37,user_0045,8.7
1.1199,8734143,83,41.168272,-9.347842,Lisboa,98.13,2024-09-05 06:43:41,user_0152,13.6
6.3232,6571520,146,40.414746,-7.066357,Braga,133.62,2023-04-09 01:02:17,user_0189,23.0
1.8337,3118113,98,37.364737,-6.913412,Porto,168.11,2024-06-19 01:41:00,user_0111,39.6
9.2307,6060297,195,36.9804,-8.93498,Faro,167.45,2024-10-02 20:33:35,user_0092,33.1
14.0834,9596543,174,37.742798,-8.929203,Braga,151.53,2023-12-04 21:06:12,user_0122,8.9
9.9605,9171667,106,37.490484,-8.807133,Évora,71.03,2023-09-19 21:09:10,user_0065,30.1
1.2444,2222854,142,40.525688,-6.791462,Aveiro,67.09,2023-08-11 23:51:57,user_0181,33.4
5.3845,3292239,158,39.685034,-8.57519,Évora,114.38,2024-02-07 17:17:25,user_0116,19.5
8.3049,915108,54,39.529754,-6.793818,Porto,63.74,2023-05-09 07:29:35,user_0149,16.6
6.1078,4877323,73,38.164337,-7.662219,Viseu,186.58,2024-03-18 20:07:00,user_0127,25.5
12.5213,2384272,108,37.673038,-6.891617,Viseu,62.82,2024-09-06 12:12:47,user_0067,23.2
12.2386,2820377,87,37.93274,-7.617512,Évora,64.15,2024-09-18 20:39:47,user_0094,14.3
9.2163,1418351,59,38.901385,-8.358386,Viseu,83.15,2023-04-13 04:49:45,user_0129,18.9
5.6645,4917970,175,40.600716,-6.403572,Braga,147.78,2024-01-29 04:35:16,user_0059,24.1
3.9045,3726713,60,38.172583,-7.067995,Évora,135.82,2023-07-12 03:52:15,user_0115,25.3
1.6775,8983278,73,40.393065,-7.854214,Lisboa,152.33,2024-10-09 00:36:13,user_0116,23.6
5.388,9191691,137,39.357559,-7.332743,Porto,185.1,2023-02-25 19:37:15,user_0047,34.6
6.2563,180116,163,41.327204,-7.406133,Viseu,123.69,2023-02-25 01:00:26,user_0109,6.1
10.1698,787001,70,38.064573,-8.282405,Lisboa,66.14,2023-01-14 14:24:09,user_0018,16.7
9.9066,5048245,197,39.154283,-8.059176,Leiria,166.89,2024-01-06 05:45:50,user_0113,31.2
1.1446,8683790,59,37.383324,-8.417927,Porto,173.68,2023-01-23 18:31:22,user_0033,27.8
5.9894,9617344,192,38.575766,-6.101638,Porto,66.98,2024-02-29 18:43:17,user_0143,37.1
2.8085,1252825,183,39.434402,-7.527781,Setúbal,94.0,2023-10-23 17:57:21,user_0024,25.6
2.4365,2302690,115,40.563701,-9.187012,Évora,167.88,2024-03-06 17:26:10,user_0036,27.3
12.4268,722153,171,37.890386,-7.735036,Porto,112.66,2024-10-23 14:26:19,user_0060,29.7
0.7245,3446010,181,37.990461,-9.330129,Coimbra,126.17,2024-02-07 15:55:36,user_0162,11.5
6.3458,6492922,72,40.057889,-8.518583,Braga,175.24,2024-02-01 17:34:57,user_0090,31.4
2.6062,7315845,62,38.812289,-7.983732,Faro,73.25,2024-12-30 01:43:03,user_0051,15.5
13.202,2569395,65,39.310474,-7.68348,Leiria,154.82,2023-12-11 15:15:40,user_0168,19.9
8.3999,3332951,90,41.080674,-6.180983,Porto,90.1,2024-07-19 21:27:20,user_0150,5.5
3.5476,311416,50,39.395417,-6.160446,Faro,68.77,2023-09-25 01:08:32,user_0144,34.5
7.5862,137980,160,40.162497,-9.166564,Aveiro,152.75,2023-06-13 00:19:56,user_0104,38.4
10.9991,2501212,61,40.183875,-7.670349,Setúbal,77.0,2024-07-17 15:58:39,user_0170,7.1
14.376,7129343,168,40.91806,-6.721828,Coimbra,164.58,2024-06-19 06:08:02,user_0016,27.2
3.3846,5835615,69,40.090697,-8.691776,Viseu,88.38,2023-08-01 10:18:19,user_0133,38.6
13.3041,4924191,85,37.224049,-6.948085,Aveiro,66.79,2023-12-06 05:33:50,user_0134,26.2
14.0211,824765,128,38.610865,-6.512695,Braga,73.9,2024-01-08 14:25:05,user_0170,32.9
13.7547,907651,199,41.846581,-7.247543,Coimbra,177.78,2023-10-17 15:40:33,user_0030,9.1
9.5677,9782357,157,37.882551,-8.385809,Leiria,111.94,2024-01-02 13:58:14,user_0160,13.6
9.4843,1350417,145,39.833645,-6.36135,Faro,102.32,2024-04-28 18:07:37,user_0181,17.1
6.1078,6046946,108,41.114703,-6.496032,Setúbal,128.77,2024-09-11 00:38:30,user_0147,39.3
11.3107,6702705,69,39.832793,-7.066194,Porto,148.61,2024-08-11 18:34:54,user_0051,32.4
8.0163,990391,175,38.761351,-8.263528,Leiria,65.19,2024-03-24 05:54:37,user_0156,36.0
10.1938,4249367,146,37.301143,-6.807552,Aveiro,185.75,2023-05-02 01:34:44,user_0175,22.0
6.484,6835084,192,38.708325,-8.425229,Évora,194.19,2024-01-11 07:40:28,user_0072,30.1
10.9993,587069,111,37.810338,-8.63996,Leiria,118.42,2023-11-22 17:46:55,user_0128,30.6
12.3846,3947061,180,41.704314,-7.748954,Faro,117.77,2023-05-11 18:37:25,user_0107,24.9
2.2819,3156366,142,40.475159,-6.10974,Faro,183.0,2024-11-23 13:25:52,user_0127,35.7
12.5107,6198980,140,40.646916,-6.765305,Leiria,120.1,2024-04-26 08:55:16,user_0129,10.5
8.1504,2315138,182,39.079846,-7.018705,Faro,179.87,2024-12-07 10:43:37,user_0196,7.0
12.6855,5549348,172,37.449824,-7.963157,Leiria,63.97,2024-06-21 05:18:54,user_0185,15.6
6.5264,4415972,135,38.233582,-8.43937,Lisboa,128.55,2023-12-19 22:58:47,user_0150,8.1
5.7477,6586242,167,38.198556,-6.589937,Viseu,193.34,2023-09-19 22:05:52,user_0094,7.1
13.7344,549666,75,39.333897,-7.569709,Viseu,95.39,2023-06-09 17:42:39,user_0058,19.7
3.8424,3983027,167,39.204899,-6.734933,Aveiro,97.26,2023-12-22 23:29:25,user_0013,12.0
12.6788,7675862,50,39.067041,-7.841637,Braga,148.22,2023-02-15 21:19:39,user_0167,32.7
7.3119,9555355,56,39.379887,-6.936545,Aveiro,189.67,2023-09-27 16:30:16,user_0027,25.3
7.76,8347131,125,41.835115,-6.54968,Faro,87.82,2023-02-01 06:00:13,user_0167,17.6
4.6962,5605085,136,38.391768,-8.169274,Porto,189.03,2023-05-31 22:40:54,user_0121,15.0
8.6383,4782969,143,39.976346,-9.453863,Leiria,152.82,2024-10-24 15:21:40,user_0200,24.7
4.9456,7076083,110,38.097539,-8.63325,Coimbra,199.03,2023-09-21 17:07:26,user_0140,20.2
0.6851,4773283,78,39.233031,-6.389289,Évora,163.1,2023-12-09 20:41:32,user_0152,7.0
4.1528,2059417,144,37.900246,-7.162356,Aveiro,153.49,2023-11-28 21:21:11,user_0018,28.3
0.195,7797551,67,39.690961,-6.993456,Évora,174.09,2023-02-03 21:35:03,user_0119,22.5
14.6775,7794087,90,38.225059,-8.394019,Setúbal,84.52,2024-12-16 19:55:58,user_0015,14.7
14.4896,4188432,196,37.083945,-7.115672,Évora,192.44,2023-08-25 13:43:33,user_0188,15.2
5.9878,2408359,181,40.976355,-7.302641,Coimbra,83.18,2024-05-28 17:27:32,user_0144,20.8
10.9527,4810374,90,37.541276,-8.89353,Viseu,63.59,2024-01-16 14:27:11,user_0097,34.0
5.2525,1832760,172,38.740194,-6.206451,Lisboa,157.7,2024-08-28 15:25:05,user_0074,19.8
10.0993,2442367,192,39.285888,-8.296313,Faro,85.84,2024-09-01 10:57:43,user_0047,34.4
12.1009,6847101,192,39.0624,-8.380424,Aveiro,166.23,2023-07-12 05:17:51,user_0152,19.9
14.2067,2539065,71,40.528329,-8.244851,Viseu,171.31,2024-02-02 09:00:47,user_0173,34.0
6.0632,2026091,195,39.883883,-9.188153,Setúbal,93.14,2023-05-07 21:50:55,user_0019,37.6
11.7711,9578942,129,38.376856,-7.375124,Faro,72.14,2024-04-22 04:23:29,user_0091,5.7
4.0623,3731622,179,37.158515,-8.688678,Porto,130.11,2023-09-24 15:59:58,user_0169,7.2
14.856,7785363,85,40.737976,-6.768737,Viseu,184.63,2024-04-21 22:27:22,user_0031,9.7
0.484,9104687,69,38.662636,-8.159869,Faro,178.62,2024-09-01 21:25:05,user_0016,9.3
9.0926,3087686,193,41.348624,-7.940901,Viseu,76.39,2024-01-13 03:56:02,user_0151,20.9
9.9266,954227,116,38.875284,-7.302165,Braga,195.07,2023-10-02 17:16:48,user_0078,31.7
10.3519,4072476,169,40.488293,-6.909638,Porto,96.95,2024-10-24 06:53:14,user_0023,38.6
1.8938,4827976,104,41.597824,-8.714208,Braga,108.91,2024-01-12 22:50:01,user_0041,19.6
14.0841,3398499,115,40.155762,-6.214599,Coimbra,80.87,2023-09-15 14:46:23,user_0146,29.1
2.7996,58031,75,38.967445,-7.384107,Porto,112.89,2024-09-25 10:26:39,user_0164,27.2
9.379,8259282,179,39.736996,-9.480829,Coimbra,148.99,2023-12-22 09:48:52,user_0012,18.8
3.4179,2451550,105,39.617226,-8.086884,Coimbra,130.85,2023-12-18 22:34:07,user_0075,30.2
4.6775,2081552,83,39.8241,-8.014819,Setúbal,175.86,2024-03-17 01:46:34,user_0197,25.7
8.2422,7310982,105,37.6341,-6.748839,Faro,149.78,2024-01-02 08:11:02,user_0179,31.6
6.3162,1178642,104,40.392549,-8.462525,Évora,96.9,2023-04-12 10:43:29,user_0085,11.8
2.4874,5381862,69,37.625216,-8.37383,Évora,138.04,2023-05-01 21:24:50,user_0160,17.6
2.647,7604869,99,36.973084,-9.26032,Braga,68.99,2023-02-26 06:35:08,user_0071,28.5
6.3304,7979633,133,40.023901,-8.535944,Leiria,141.31,2024-04-14 17:43:01,user_0164,9.4
11.3835,4111932,102,37.484568,-7.06233,Évora,114.55,2023-06-04 09:46:46,user_0168,32.0
13.4797,1734441,191,40.752058,-7.341826,Évora,73.78,2023-05-17 10:35:14,user_0126,9.7
1.3535,1252876,160,41.22983,-9.22326,Porto,103.04,2023-09-22 10:08:45,user_0070,16.4
5.9572,7937108,161,41.623684,-9.110041,Viseu,185.73,2024-06-07 15:08:36,user_0166,13.3
1.5937,2960841,118,40.222385,-8.218452,Braga,142.05,2023-03-28 09:08:43,user_0182,7.1
0.3472,7745073,51,39.310074,-6.971224,Braga,186.46,2023-06-18 03:40:03,user_0004,14.5
9.9596,2592859,65,38.661405,-6.668078,Setúbal,117.51,2024-08-15 03:44:40,user_0174,36.9
9.0765,7992388,143,39.354625,-9.450278,Coimbra,197.05,2024-06-09 18:52:44,user_0063,5.9
2.529,5767204,94,37.851761,-8.381364,Coimbra,110.4,2023-12-18 12:10:18,user_0050,5.6
3.5838,7696124,175,38.642113,-8.05751,Lisboa,165.95,2023-12-16 12:49:57,user_0030,29.6
0.4532,1918715,73,40.489653,-6.402148,Setúbal,102.76,2023-06-03 19:31:59,user_0016,17.8
12.5407,6854795,164,37.987115,-7.795218,Aveiro,74.84,2023-04-28 17:02:04,user_0180,13.0
14.6229,8880121,172,38.220336,-8.583017,Aveiro,176.63,2024-08-31 08:33:17,user_0004,22.8
2.1183,2177890,188,40.646641,-8.17384,Aveiro,166.76,2023-01-17 09:15:16,user_0026,14.3
3.549,4267905,127,37.78918,-8.016123,Faro,174.89,2023-02-01 11:53:19,user_0157,18.7
13.0393,3175601,166,38.129438,-7.222014,Viseu,101.96,2024-02-23 15:29:01,user_0139,30.0
13.9043,1740584,129,36.987738,-9.360302,Setúbal,158.51,2023-04-28 14:58:57,user_0092,9.1
6.3524,3217196,99,40.500258,-8.175864,Faro,90.79,2024-04-04 13:32:53,user_0108,38.6
0.8543,5251208,134,39.989518,-7.301714,Coimbra,61.58,2023-01-29 14:37:26,user_0152,6.5
0.6869,8526013,53,40.371927,-8.536704,Coimbra,181.31,2024-02-22 18:09:29,user_0051,33.2
8.6519,7067263,110,37.971639,-7.488047,Coimbra,133.29,2023-02-10 19:34:41,user_0042,30.4
5.9541,8509781,160,40.336882,-8.285252,Coimbra,197.71,2023-07-08 12:42:32,user_0167,14.9
0.5269,46638,127,39.881883,-6.920349,Setúbal,113.9,2023-05-12 10:15:27,user_0135,9.1
8.7905,5444555,132,38.730615,-9.293968,Setúbal,193.96,2024-11-30 12:20:08,user_0018,34.8
0.2684,1162496,182,39.089129,-6.378929,Faro,146.11,2024-03-13 12:44:37,user_0003,28.8
11.8318,8236843,149,39.739603,-8.916517,Leiria,131.71,2024-02-16 10:21:15,user_0191,15.2
4.6658,4151538,195,39.366461,-8.96094,Aveiro,102.39,2023-01-14 14:13:22,user_0020,5.6
0.6998,7776018,80,40.10914,-6.641814,Viseu,175.54,2024-06-09 06:28:07,user_0098,37.8
8.8664,2105039,168,37.804898,-6.544438,Setúbal,176.03,2024-04-28 01:46:24,user_0073,19.1
6.0255,2064798,143,39.60355,-9.183891,Leiria,118.37,2023-07-26 22:07:30,user_0074,11.2
14.6096,2850418,198,39.151397,-6.410356,Faro,161.82,2023-03-04 14:18:49,user_0123,36.9
8.2086,3119810,79,39.205102,-8.570787,Viseu,122.61,2023-11-24 22:02:34,user_0070,17.6
4.2011,821929,104,39.24691,-7.396686,Coimbra,163.55,2024-12-25 17:25:56,user_0145,21.2
10.6706,6647162,154,41.30736,-9.266782,Setúbal,199.19,2024-09-25 03:08:16,user_0079,29.5
4.1452,4910673,90,40.993137,-8.205752,Coimbra,96.75,2023-05-05 12:19:48,user_0187,33.7
13.5732,7846540,123,40.04785,-7.967536,Aveiro,148.77,2024-08-29 03:58:11,user_0182,8.5
5.6834,3772217,126,40.482435,-7.46059,Évora,113.18,2024-03-14 14:41:39,user_0141,36.5
8.293,2027842,134,37.114013,-7.714075,Faro,136.77,2024-08-03 01:40:24,user_0042,37.6
0.8535,5212281,153,40.619959,-7.930924,Viseu,182.38,2024-08-21 22:20:22,user_0044,14.1
6.4492,734459,128,39.330823,-6.237223,Setúbal,108.66,2023-05-13 18:36:37,user_0080,22.4
12.5022,7718742,133,38.488738,-8.870923,Évora,70.13,2024-04-26 13:02:45,user_0067,35.0
12.1042,2306648,182,37.598885,-8.96282,Porto,171.85,2023-07-13 02:24:09,user_0200,22.1
3.4423,2789850,173,37.276044,-7.074375,Leiria,137.7,2024-06-12 15:45:09,user_0020,21.9
3.4686,9864683,81,37.124428,-9.246524,Évora,122.92,2023-09-08 03:36:02,user_0047,26.6
12.2778,2703934,55,37.708981,-7.858169,Aveiro,85.67,2023-11-28 00:47:48,user_0024,31.9
13.9629,8697318,143,37.050719,-7.854219,Faro,73.0,2024-03-07 03:14:30,user_0179,28.3
1.5209,4541912,75,40.563211,-8.445914,Braga,99.02,2023-06-17 18:20:15,user_0146,26.9
6.8059,3903869,86,38.143071,-6.336491,Porto,160.65,2023-10-09 09:17:31,user_0023,18.0
5.1281,5371159,62,38.743702,-8.539352,Porto,117.65,2023-03-21 06:08:54,user_0129,27.1
13.0733,2451976,142,41.013581,-8.519297,Braga,139.83,2023-05-28 17:08:47,user_0123,8.6
1.3445,3197860,74,37.473287,-8.70338,Lisboa,71.49,2024-09-19 12:02:47,user_0115,19.3
3.2458,4680018,190,41.07797,-9.004321,Lisboa,77.25,2024-01-04 04:22:44,user_0066,11.6
11.3118,2780596,69,40.097702,-8.262362,Évora,61.58,2023-11-03 10:48:31,user_0133,23.8
0.8643,4040015,121,38.610148,-7.184983,Viseu,154.26,2023-04-20 04:18:43,user_0018,14.2
7.4388,4870807,198,37.489036,-6.976646,Aveiro,97.02,2023-03-12 07:09:03,user_0117,22.7
6.6874,3237355,164,37.357463,-6.734376,Setúbal,195.37,2023-12-14 09:13:41,user_0035,32.2
5.0826,122772,176,38.577572,-8.828351,Évora,103.18,2024-03-24 18:23:16,user_0153,20.2
5.9791,4077411,75,37.60171,-9.378849,Lisboa,110.91,2023-01-29 11:55:14,user_0106,12.7
7.9961,5472295,103,38.238551,-6.186068,Lisboa,125.73,2024-07-26 05:22:17,user_0152,12.8
2.5044,6957038,188,37.164779,-9.451269,Leiria,104.68,2024-01-03 10:19:39,user_0141,36.7
8.6227,9366077,174,39.875042,-6.233692,Faro,174.44,2023-03-27 18:53:14,user_0149,32.3
12.1009,5756157,60,37.626381,-6.682031,Évora,182.67,2023-12-19 00:51:40,user_0039,6.3
11.4264,9696197,76,40.683662,-6.398946,Setúbal,61.55,2023-04-06 03:21:40,user_0162,38.0
2.3931,9854349,143,37.990875,-8.183569,Coimbra,151.65,2024-03-16 12:52:33,user_0147,8.9
2.3238,7356148,132,40.889883,-8.829513,Lisboa,156.05,2024-08-27 02:10:53,user_0156,27.9
4.0958,9095020,83,37.84941,-7.438023,Coimbra,194.6,2024-10-16 18:53:45,user_0091,24.3
5.48,2801329,87,40.506833,-6.979746,Viseu,111.86,2024-07-19 15:43:47,user_0114,6.6
6.186,6525438,136,38.565373,-9.055072,Viseu,87.34,2024-04-18 22:32:23,user_0139,15.3
10.2275,8680407,114,39.8156,-6.788087,Aveiro,132.88,2024-01-17 02:12:53,user_0177,32.2
0.9445,8577482,180,37.093309,-8.790783,Lisboa,122.66,2023-09-28 09:00:46,user_0035,15.7
0.6166,7223153,191,39.376222,-7.828297,Porto,170.84,2023-02-01 17:02:19,user_0084,21.8
5.9395,6727897,101,37.643439,-6.58796,Aveiro,186.56,2024-01-22 18:23:07,user_0076,29.4
10.4877,5433962,79,39.331601,-8.842357,Porto,72.14,2023-06-17 12:35:57,user_0057,7.5
2.9822,473818,162,37.606796,-8.677592,Viseu,178.52,2024-08-08 16:17:57,user_0028,34.1
9.6584,3035865,192,39.085446,-9.286578,Leiria,187.26,2024-07-30 09:00:49,user_0066,6.5
3.9714,3883424,191,37.453104,-9.001512,Braga,189.38,2023-10-06 07:15:48,user_0065,14.2
13.3027,9105775,57,37.999758,-9.001812,Braga,167.0,2024-03-06 00:07:20,user_0150,31.7
13.4458,3231365,121,39.875395,-8.808346,Setúbal,163.89,2024-06-25 05:13:25,user_0051,36.9
4.5296,6766699,196,41.783303,-8.526919,Braga,62.09,2024-07-09 22:10:02,user_0091,31.6
3.5269,3828295,81,39.145924,-6.729057,Leiria,188.83,2024-05-23 14:19:01,user_0137,12.9
6.2284,1724833,144,40.335868,-6.386403,Aveiro,109.21,2023-03-13 08:00:00,user_0199,39.5
3.6839,8975979,90,39.597123,-8.118646,Coimbra,65.76,2023-04-08 17:37:55,user_0164,19.5
10.1185,8193421,124,39.39179,-9.06409,Setúbal,117.82,2023-12-15 07:30:52,user_0182,18.2
12.4084,5864719,94,37.223521,-8.739046,Aveiro,162.6,2023-06-19 17:37:33,user_0166,35.3
10.1291,9051251,62,37.621487,-6.9969,Coimbra,121.87,2024-09-19 02:36:46,user_0066,7.3
12.3828,3764040,68,41.315289,-7.196753,Faro,166.12,2023-07-26 18:49:55,user_0171,24.5
6.0152,6110793,102,38.950822,-6.211495,Évora,131.32,2024-10-02 00:56:44,user_0133,38.8
2.4291,6553855,186,39.971662,-9.450738,Aveiro,101.92,2023-10-26 07:29:24,user_0081,8.5
11.0955,3660880,52,39.541166,-6.94742,Évora,88.41,2023-05-18 23:38:53,user_0165,23.9
5.4711,8596235,145,38.794412,-7.780302,Aveiro,118.95,2024-06-01 16:17:15,user_0186,9.6
10.1019,5782655,185,38.839083,-6.430844,Coimbra,65.01,2024-07-30 06:40:54,user_0063,36.1
4.1326,3646277,63,39.677325,-7.541033,Lisboa,119.16,2024-02-26 22:20:05,user_0099,25.6
1.3103,1592210,169,37.605709,-7.98133,Setúbal,69.61,2023-03-28 00:21:25,user_0051,13.2
14.8895,2918634,180,38.836295,-7.236108,Faro,182.78,2023-01-06 06:02:23,user_0072,15.7
2.4274,6562344,62,39.134878,-6.66602,Coimbra,140.57,2024-04-22 19:38:52,user_0043,23.1
14.8275,7401628,121,41.825631,-8.539505,Porto,150.45,2024-05-17 01:40:23,user_0067,30.4
14.6615,3884485,195,38.657274,-9.134408,Lisboa,100.44,2023-08-19 14:35:52,user_0195,22.1
11.9279,1991226,131,40.122894,-8.027738,Leiria,91.61,2023-09-22 10:58:00,user_0065,11.6
9.9254,9818968,106,37.587077,-8.770632,Porto,159.11,2023-04-23 23:43:14,user_0062,29.8
8.7093,829119,56,37.227407,-8.03956,Leiria,154.02,2024-04-20 15:36:37,user_0191,9.1
13.0049,1054853,161,41.25771,-6.130436,Setúbal,77.17,2023-07-05 03:38:43,user_0158,33.3
4.4126,5042596,97,40.553675,-7.547985,Setúbal,93.41,2024-09-16 03:11:44,user_0090,18.8
7.0685,6424788,129,38.487496,-7.141759,Porto,192.52,2023-11-06 04:47:53,user_0166,27.8
9.3289,3386243,168,39.42289,-7.195043,Setúbal,102.58,2023-09-24 22:05:04,user_0104,17.1
6.2267,8124897,169,37.578721,-6.709617,Braga,63.62,2023-07-21 03:49:14,user_0051,28.4
6.4695,8675493,109,40.435801,-6.289963,Évora,68.93,2024-05-11 20:12:43,user_0107,36.1
5.0212,3445083,82,37.251653,-7.260018,Viseu,168.57,2024-07-05 03:06:27,user_0038,29.5
8.5071,4977037,164,40.685165,-7.881278,Coimbra,166.0,2023-10-29 15:45:26,user_0067,28.5
12.7736,1535410,177,39.634183,-8.419375,Leiria,113.46,2024-07-26 03:58:23,user_0077,31.5
3.1028,349760,52,38.294253,-8.275067,Faro,81.45,2023-12-19 04:50:06,user_0100,22.5
14.0231,7490526,53,41.212872,-8.362766,Viseu,129.73,2023-09-28 06:07:52,user_0105,12.7
10.3674,9625272,149,41.830359,-8.396817,Braga,106.46,2024-02-10 02:02:49,user_0048,33.5
12.3668,5827278,53,38.171746,-7.138275,Lisboa,112.36,2023-07-05 06:11:03,user_0140,27.7
8.3872,296177,91,40.931231,-7.501789,Lisboa,96.54,2023-08-12 20:33:43,user_0020,16.0
11.7148,6074525,58,40.650832,-8.813217,Coimbra,68.8,2023-09-09 09:07:20,user_0103,14.7
0.3414,3406433,100,40.635951,-6.203272,Viseu,170.76,2024-05-30 00:15:55,user_0072,22.5
12.2939,12938,194,41.686178,-8.045733,Viseu,146.55,2024-06-21 02:54:29,user_0117,12.3
0.6981,1179418,194,39.333085,-7.575306,Coimbra,176.85,2024-09-16 03:34:52,user_0111,35.7
13.3597,994199,146,40.27084,-7.111157,Leiria,130.45,2024-04-26 06:38:07,user_0130,32.6
14.8802,5507298,69,41.019387,-7.413497,Aveiro,197.9,2024-06-29 21:42:16,user_0120,15.8
4.4816,1919398,191,39.297682,-8.442424,Coimbra,194.75,2023-11-23 00:20:32,user_0183,6.7
3.2337,6716487,71,39.307156,-6.787798,Setúbal,98.05,2024-05-25 11:56:11,user_0134,6.8
11.5039,3614962,76,38.493274,-9.125478,Évora,114.18,2023-04-29 02:39:01,user_0083,15.4
3.8701,5133783,92,40.804129,-7.565414,Viseu,165.38,2023-06-06 13:18:23,user_0128,10.2
12.9969,1185622,180,40.330979,-8.570721,Aveiro,168.72,2023-10-20 09:49:37,user_0108,35.6
1.6324,4192907,143,39.155699,-7.406408,Coimbra,187.5,2023-09-05 01:25:51,user_0190,19.7
1.9767,6630064,57,38.996683,-8.758822,Lisboa,151.37,2024-02-06 22:05:43,user_0177,17.2
14.6894,545501,135,37.262948,-6.874521,Faro,126.52,2024-05-23 20:26:44,user_0084,12.6
10.1402,5199039,138,36.932506,-8.726376,Lisboa,112.87,2024-05-30 22:57:34,user_0182,34.4
12.7186,5567768,187,39.54447,-6.472667,Coimbra,118.68,2023-04-28 08:07:47,user_0138,32.7
4.9325,6964587,162,38.987464,-6.570713,Évora,179.06,2024-12-05 03:16:14,user_0152,18.5
10.1796,1511602,70,40.880184,-8.267862,Évora,197.2,2023-01-04 20:41:30,user_0157,10.9
8.9542,2346118,58,39.61327,-8.188211,Lisboa,67.27,2023-03-08 11:52:19,user_0119,38.3
9.0869,4639596,197,41.58353,-7.114888,Leiria,141.23,2023-04-17 02:09:15,user_0094,16.1
10.2697,3465495,85,37.880704,-9.19273,Porto,132.81,2024-11-06 21:05:54,user_0109,32.0
8.6729,9466898,85,41.850752,-9.224874,Faro,112.66,2023-11-14 19:48:45,user_0134,21.2
6.493,689746,122,38.389596,-9.036498,Setúbal,179.22,2023-02-16 18:41:22,user_0186,32.4
4.2112,3517155,199,40.11212,-7.587584,Lisboa,140.6,2023-06-11 21:24:52,user_0078,21.9
11.5519,8744047,50,39.409269,-8.993392,Porto,103.84,2023-02-28 10:17:46,user_0185,37.4
3.4715,4206330,118,38.697882,-8.556101,Évora,122.17,2023-01-28 13:28:24,user_0131,33.0
10.4161,2980858,86,37.596546,-7.300501,Setúbal,109.95,2023-10-08 13:23:30,user_0024,14.1
3.5767,8677596,121,37.574171,-9.446879,Setúbal,120.21,2024-12-19 15:31:50,user_0147,20.1
9.4174,2554293,156,40.457529,-8.887196,Setúbal,69.98,2024-03-24 04:40:37,user_0009,8.5
11.2315,7935145,145,38.788207,-6.338236,Évora,75.67,2024-01-16 08:01:01,user_0158,36.6
3.3588,5590572,190,41.70649,-7.243836,Viseu,147.32,2024-06-03 11:20:03,user_0096,7.4
0.9932,3856397,133,38.528242,-8.461126,Leiria,155.77,2024-03-12 03:43:09,user_0077,5.6
2.0515,5831398,92,41.817619,-9.345968,Leiria,149.13,2024-11-21 08:56:30,user_0082,22.4
9.1294,2007708,86,37.927116,-7.507434,Porto,166.83,2024-08-21 18:24:26,user_0172,26.1
12.7568,9691635,74,37.414072,-8.742255,Porto,192.09,2024-04-12 09:54:13,user_0181,12.8
0.7705,8828452,198,38.462849,-6.235404,Faro,180.49,2023-11-17 10:47:25,user_0086,25.0
11.0389,287249,122,41.327924,-7.164333,Viseu,118.59,2023-05-28 05:54:39,user_0196,36.3
5.1856,8206294,91,39.50926,-6.187979,Évora,90.46,2024-04-24 12:36:41,user_0060,26.9
7.2301,6805995,51,37.578251,-6.613744,Braga,103.66,2024-08-09 20:30:05,user_0151,21.0
13.94,4525605,185,37.912495,-7.857707,Braga,142.28,2023-07-28 18:50:02,user_0061,10.1
5.0464,1397955,145,38.456303,-7.223485,Coimbra,179.87,2023-01-25 12:50:09,user_0135,10.9
7.0335,770802,110,39.850834,-6.738836,Braga,158.24,2024-03-13 15:30:04,user_0172,22.0
0.3039,4458795,63,38.561895,-7.534193,Braga,136.02,2024-01-12 13:03:17,user_0183,21.2
1.3158,3019579,162,40.63527,-9.290942,Aveiro,144.26,2023-06-19 02:52:31,user_0075,23.3
3.953,9095769,126,39.981468,-7.900483,Évora,133.96,2023-05-04 17:20:24,user_0039,22.8
0.515,4650291,70,41.269119,-9.056051,Évora,196.03,2023-01-27 07:47:27,user_0122,16.9
9.5075,4319230,113,39.404809,-7.069521,Viseu,174.25,2023-06-24 15:46:33,user_0187,29.4
6.4533,8469755,106,38.555882,-7.185862,Porto,169.38,2023-01-01 05:01:58,user_0106,12.4
8.2674,7650311,168,41.881358,-6.124112,Leiria,132.43,2023-04-25 22:25:55,user_0098,34.8
2.7022,1592063,101,38.678167,-7.362047,Setúbal,106.45,2024-12-28 16:14:10,user_0133,11.8
4.5094,8266602,144,39.043013,-6.779531,Braga,62.73,2024-07-23 03:52:07,user_0170,19.6
9.991,6121602,195,40.945636,-8.587821,Leiria,66.08,2023-09-15 18:47:47,user_0092,12.4
14.483,6512324,189,37.343181,-8.343918,Leiria,64.23,2023-10-16 10:54:26,user_0014,26.6
0.8512,2217939,138,38.832451,-6.382118,Setúbal,197.27,2024-03-03 20:07:28,user_0155,21.7
13.3667,6405883,59,37.32855,-6.932346,Viseu,76.03,2024-01-13 22:51:07,user_0016,18.1
8.6955,6439519,101,37.596529,-7.272085,Setúbal,79.9,2024-06-21 22:56:07,user_0130,21.6
8.5024,6969369,83,36.923204,-8.636306,Aveiro,127.78,2023-02-20 02:10:22,user_0147,19.7
7.5542,4806085,164,36.947721,-7.124835,Aveiro,127.4,2023-03-07 19:42:20,user_0151,34.9
1.134,6161018,185,38.801439,-6.485004,Setúbal,188.8,2023-07-27 16:19:52,user_0169,9.3
1.4392,8877241,174,40.945819,-8.715288,Évora,70.29,2024-08-28 17:28:45,user_0014,32.8
9.0536,2896355,199,39.835022,-7.099179,Coimbra,194.01,2024-10-29 22:57:26,user_0175,27.9
5.1803,6371332,92,40.07457,-8.161441,Lisboa,90.29,2023-09-12 02:37:43,user_0063,17.2
13.7673,6783564,78,39.496246,-9.096191,Coimbra,195.82,2024-12-04 04:47:59,user_0008,37.2
6.1582,167071,155,40.998966,-6.904234,Aveiro,135.79,2023-07-21 20:25:03,user_0027,11.2
2.2349,1775823,169,41.301894,-8.931735,Aveiro,151.28,2024-03-18 15:29:12,user_0111,15.9
10.7493,6088960,130,41.148704,-8.640153,Porto,104.2,2023-05-23 00:04:52,user_0040,18.1
4.471,7800757,80,40.960661,-6.837997,Évora,145.66,2024-11-09 16:35:11,user_0156,27.7
7.9295,7583754,177,37.813565,-6.976749,Lisboa,159.52,2024-02-24 16:21:56,user_0068,38.1
10.4977,6629383,87,39.869381,-8.635778,Porto,61.45,2023-07-10 14:36:12,user_0123,25.8
13.5139,2665880,150,39.810816,-6.30072,Aveiro,64.79,2023-10-25 04:59:55,user_0061,35.0
11.9036,4761631,181,39.53972,-8.76803,Viseu,198.11,2023-03-19 17:15:57,user_0166,36.7
10.1778,2414551,179,39.304064,-6.121684,Coimbra,124.06,2023-02-22 20:12:07,user_0128,21.3
10.2265,8460827,61,37.345852,-6.99114,Braga,191.01,2023-08-03 19:17:31,user_0108,21.5
14.1943,2807501,84,37.410816,-8.165474,Porto,162.19,2024-11-22 07:42:39,user_0152,13.7
4.5078,1846252,159,41.411408,-9.056813,Setúbal,112.22,2024-08-09 03:32:53,user_0156,26.1
0.1166,3764610,121,40.050932,-8.410266,Coimbra,81.12,2024-11-29 09:32:52,user_0169,9.2
4.1521,7660771,198,38.211586,-8.841289,Braga,196.94,2024-10-01 13:30:02,user_0146,27.2
3.3466,4912894,159,38.296502,-7.385745,Braga,141.83,2024-08-16 14:20:29,user_0049,36.3
9.9613,366042,110,39.950974,-8.286692,Viseu,86.93,2024-02-24 16:08:26,user_0154,31.6
9.5423,5533395,97,38.934675,-8.496975,Braga,155.43,2024-05-21 18:14:29,user_0003,27.7
8.9426,6451406,192,39.106621,-6.925747,Aveiro,72.89,2024-12-06 05:17:29,user_0077,34.3
0.342,2264381,120,37.20325,-8.715962,Leiria,181.53,2024-02-16 02:42:50,user_0166,30.5
10.9588,5248794,192,37.593696,-7.504576,Leiria,72.62,2024-07-16 01:49:30,user_0142,23.5
4.9206,9726508,183,38.866752,-8.838373,Faro,93.07,2024-07-06 22:55:55,user_0129,23.2
10.0093,7212648,117,40.398432,-7.069685,Lisboa,72.8,2024-12-02 16:54:08,user_0092,8.7
8.393,9253656,71,37.140127,-7.374587,Viseu,74.53,2023-12-01 23:01:28,user_0123,20.2
5.2067,9664745,81,38.572789,-6.786278,Faro,133.34,2023-12-03 07:49:19,user_0118,23.3
2.1052,7527467,172,40.37536,-9.26711,Lisboa,156.18,2024-03-04 09:12:02,user_0011,21.4
1.5068,6910957,71,40.860254,-8.785641,Leiria,170.39,2023-01-20 23:11:03,user_0168,32.2
12.4896,2503821,159,37.851104,-8.974835,Viseu,157.31,2023-03-26 21:01:14,user_0004,10.6
13.7841,4872367,64,40.557436,-8.852092,Aveiro,110.89,2023-02-19 07:33:02,user_0162,32.8
9.7818,1238669,173,41.677058,-9.149752,Évora,138.02,2024-04-07 13:45:16,user_0193,31.0
1.6412,2191951,93,41.434061,-7.588922,Porto,189.87,2024-12-26 18:20:58,user_0184,36.5
6.0902,4816977,164,40.84688,-7.482333,Porto,114.26,2024-05-09 03:30:55,user_0010,18.1
10.9612,7051398,58,40.461633,-6.632135,Coimbra,95.34,2023-06-17 20:22:33,user_0081,11.2
11.7193,8339150,83,38.075692,-8.07969,Leiria,132.7,2023-08-19 11:36:06,user_0071,31.6
1.8615,7428951,122,40.069516,-7.689892,Leiria,101.63,2024-11-28 11:24:30,user_0103,25.6
0.1005,924914,192,40.11637,-6.129566,Aveiro,96.65,2024-01-13 01:09:13,user_0192,29.9
10.7108,605750,94,38.934107,-7.691727,Faro,169.03,2023-01-08 02:21:01,user_0141,39.9
5.4133,179340,121,39.365077,-7.549841,Évora,184.72,2024-08-30 11:44:30,user_0022,11.8
3.8918,7371191,107,40.370142,-6.113881,Leiria,130.32,2023-07-01 05:28:23,user_0056,19.4
0.2922,4236343,164,41.660508,-6.11996,Braga,169.17,2023-03-09 21:31:30,user_0122,11.7
8.1505,2854414,68,38.376531,-8.058296,Coimbra,86.19,2024-05-06 19:11:15,user_0193,35.1
12.7821,9484984,65,38.131816,-7.341181,Porto,136.67,2024-08-22 09:13:42,user_0092,5.6
14.3687,2796175,124,39.909034,-7.865271,Leiria,149.07,2023-02-25 12:01:29,user_0097,9.7
8.5296,7945223,155,37.553996,-7.049567,Évora,128.69,2024-11-10 22:03:43,user_0141,13.7
7.7655,3055068,185,39.812664,-6.309486,Setúbal,76.36,2023-12-14 21:15:05,user_0001,32.0
1.3673,5361878,123,37.344257,-8.447158,Faro,162.77,2023-09-16 01:59:04,user_0038,27.0
8.2782,8629932,67,39.352919,-6.715824,Évora,177.47,2024-10-14 20:25:14,user_0186,18.6
5.7617,4622887,92,40.002072,-7.273514,Braga,148.93,2023-07-16 10:12:27,user_0153,10.6
9.1463,3659248,99,37.250548,-8.547372,Faro,83.68,2024-11-22 09:30:33,user_0042,16.3
5.892,6166197,52,37.934766,-6.789181,Porto,70.44,2024-05-13 16:02:24,user_0085,31.0
3.6805,8621837,108,38.576871,-8.047748,Faro,102.22,2024-10-26 05:55:44,user_0161,18.4
1.515,837876,77,38.742993,-9.09065,Évora,65.18,2023-12-31 06:28:06,user_0185,21.2
4.7923,1088894,95,40.280523,-6.122384,Viseu,177.49,2023-05-26 18:09:27,user_0037,26.3
1.54,2789530,113,39.545107,-8.052802,Évora,158.43,2024-06-20 20:43:02,user_0185,37.0
2.7358,8512686,119,38.810542,-7.658721,Leiria,138.92,2024-09-29 02:26:54,user_0098,13.8
14.8113,8428367,96,39.153381,-6.75293,Braga,184.55,2023-05-31 22:45:41,user_0062,20.7
6.7171,7835958,191,36.964883,-6.233021,Aveiro,75.41,2023-05-29 00:28:12,user_0131,15.9
8.0249,5923808,184,40.752626,-6.532181,Faro,160.02,2023-07-02 06:39:50,user_0030,21.3
13.1169,2950161,155,37.105023,-7.714819,Évora,80.53,2024-03-27 13:49:03,user_0195,29.4
14.934,4561679,130,41.046587,-7.644633,Lisboa,68.53,2023-04-24 21:02:32,user_0191,21.9
8.7824,9420811,100,39.604983,-8.544984,Lisboa,78.61,2023-03-19 21:11:46,user_0082,34.2
12.2059,6976915,78,39.539096,-7.92647,Coimbra,193.13,2024-11-02 17:41:45,user_0023,24.4
4.9714,6725311,162,40.422893,-6.280748,Faro,121.66,2024-05-08 08:13:42,user_0200,18.5
4.6556,9279719,192,41.197798,-7.028401,Viseu,66.86,2024-04-29 07:11:23,user_0066,32.4
6.1003,7671388,177,41.613231,-9.459618,Braga,141.71,2024-03-24 02:14:54,user_0189,20.1
10.1204,5691357,139,39.616849,-9.103877,Setúbal,87.96,2024-07-11 21:33:30,user_0002,23.0
10.2647,7107936,74,37.653291,-6.359042,Braga,60.96,2024-01-31 06:37:25,user_0155,39.8
4.7971,3017721,90,41.293155,-6.614354,Faro,166.17,2023-01-31 20:26:59,user_0176,32.5
2.0848,5638132,118,37.10336,-7.847041,Lisboa,81.68,2023-12-19 01:45:26,user_0063,34.9
9.5227,5653020,53,40.936686,-7.402274,Braga,191.95,2024-03-29 02:05:38,user_0005,25.7
2.0121,7400236,154,40.302108,-8.515204,Évora,142.99,2023-12-26 09:48:12,user_0129,17.2
8.7195,7897164,80,41.423638,-6.804375,Braga,72.18,2024-12-20 07:31:49,user_0150,39.7
10.432,4443131,180,41.387316,-7.448721,Faro,90.5,2024-10-16 19:26:09,user_0074,13.5
10.5391,8633864,166,37.16577,-7.137593,Évora,145.52,2024-09-26 04:49:48,user_0109,35.5
11.3267,6635543,139,39.947232,-8.225307,Porto,107.34,2023-12-25 06:54:35,user_0024,36.9
13.1056,410275,194,37.523357,-8.036511,Braga,134.5,2024-12-19 14:35:41,user_0059,33.6
7.5494,7887372,115,37.292343,-8.793881,Coimbra,171.93,2024-10-30 16:26:22,user_0178,9.0
10.9807,1829210,137,39.141386,-6.276621,Faro,170.96,2023-07-24 14:16:16,user_0023,34.9
9.3257,594091,73,37.387988,-6.281706,Leiria,157.72,2023-06-12 03:03:56,user_0146,28.2
2.8809,71524,148,40.539512,-6.719646,Leiria,184.05,2024-02-25 23:10:26,user_0089,28.8
0.4828,7040326,154,41.744704,-6.319113,Coimbra,87.91,2023-02-09 12:40:33,user_0022,32.5
4.3397,9956039,68,39.747915,-7.237885,Leiria,84.81,2024-08-06 11:12:32,user_0044,22.2
6.7012,9264612,115,38.075844,-8.702184,Coimbra,171.91,2023-12-16 04:10:03,user_0044,14.4
9.2949,4785613,109,41.116032,-6.915284,Porto,104.92,2024-01-30 18:15:15,user_0037,25.1
12.7644,2832761,164,41.165517,-8.394061,Viseu,131.71,2024-01-02 19:21:56,user_0007,8.8
3.0241,6573643,64,40.56393,-8.002362,Lisboa,164.15,2023-10-15 09:55:13,user_0024,28.6
1.9707,2092195,134,39.975661,-8.567209,Évora,115.43,2024-05-16 00:39:11,user_0169,21.9
14.4559,7342451,137,41.238962,-8.059685,Coimbra,78.22,2023-05-08 14:30:08,user_0070,22.6
1.7099,9559015,56,37.716458,-7.190321,Aveiro,155.12,2024-12-13 20:24:21,user_0071,11.5
7.2295,768976,55,41.558001,-9.123924,Aveiro,174.4,2024-05-24 17:14:41,user_0146,6.4
8.8249,4631004,174,41.636016,-9.142296,Aveiro,61.79,2023-12-02 20:26:12,user_0072,26.4
8.1665,1243517,82,41.259962,-7.175182,Setúbal,138.76,2024-05-18 02:58:07,user_0060,28.1
1.3819,9613466,107,38.15331,-6.849424,Leiria,125.72,2023-01-09 15:05:09,user_0180,22.4
0.9497,6145779,194,41.190892,-7.625013,Coimbra,96.34,2023-06-03 20:22:54,user_0177,31.8
1.6717,4534945,159,39.388191,-8.882421,Faro,82.54,2024-02-29 03:15:50,user_0195,24.7
8.8253,9021507,91,39.874651,-8.035427,Coimbra,86.33,2023-08-26 13:38:32,user_0045,34.7
8.2107,3283287,143,41.103003,-6.922203,Faro,161.5,2024-03-23 07:52:20,user_0137,15.1
3.5827,3992852,178,37.047914,-7.168507,Porto,135.07,2023-07-09 13:57:26,user_0116,13.5
9.6028,9337222,128,38.714713,-9.126457,Faro,197.36,2024-02-05 10:49:50,user_0154,14.1
12.319,8306946,144,40.978467,-6.2049,Viseu,94.05,2023-06-23 02:40:40,user_0154,6.1
0.7195,3137358,160,40.969774,-8.740563,Aveiro,193.97,2023-12-11 01:58:14,user_0030,36.5
7.5221,5184975,146,41.14344,-8.750676,Leiria,132.12,2024-03-23 13:13:56,user_0027,40.0
10.3707,4542709,168,37.74608,-7.936485,Évora,80.44,2023-09-25 02:59:28,user_0132,33.6
3.8594,4385500,118,40.429433,-8.387373,Évora,80.75,2023-12-31 02:27:02,user_0179,19.4
4.6858,7784197,182,37.632517,-6.154448,Setúbal,145.2,2023-06-03 16:31:44,user_0083,17.4
9.2432,1762204,194,40.82549,-9.239935,Porto,176.4,2024-05-26 12:29:06,user_0098,32.1
13.4792,3380795,101,38.12563,-8.458107,Viseu,164.68,2023-09-29 18:51:52,user_0070,22.8
12.1679,8076693,191,40.589089,-8.198745,Viseu,151.79,2024-09-15 15:47:34,user_0079,37.9
8.7886,4531536,171,39.175008,-7.822239,Leiria,84.1,2023-07-24 03:06:33,user_0138,14.8
10.9803,8298836,78,41.831317,-9.444218,Faro,75.17,2023-05-12 07:39:33,user_0118,16.3
5.5359,5423666,185,39.799469,-9.219969,Setúbal,60.03,2023-04-06 17:33:29,user_0106,40.0
9.6504,7146423,153,40.062897,-8.623447,Lisboa,74.25,2024-02-25 09:38:26,user_0036,39.2
7.0461,7405382,50,38.740818,-7.616393,Faro,167.29,2023-06-16 20:29:22,user_0046,36.0
2.93,2278569,78,40.572601,-6.889577,Setúbal,185.33,2023-03-14 21:43:04,user_0104,19.2
10.5559,6532134,118,39.374428,-7.165916,Viseu,93.65,2023-07-17 01:30:30,user_0134,34.3
8.3913,343275,102,36.990333,-7.572115,Porto,171.29,2023-06-22 03:18:23,user_0108,14.9
5.4435,9459247,173,39.942908,-8.149408,Évora,87.84,2023-11-12 12:28:21,user_0104,13.9
13.679,6118225,137,41.052298,-6.539639,Coimbra,94.9,2023-10-06 01:04:36,user_0070,24.1
0.4119,7681122,132,38.084009,-7.936773,Faro,91.38,2023-04-17 11:10:56,user_0089,35.1
4.805,1225619,61,38.005319,-8.48254,Braga,67.24,2024-12-01 04:16:17,user_0003,8.4
0.9475,4328974,101,39.944431,-7.360261,Faro,87.17,2023-04-20 04:04:55,user_0178,24.8
11.5213,3662667,178,40.989896,-7.146809,Coimbra,112.3,2024-08-11 03:18:34,user_0042,26.3
10.5614,3756150,184,38.148102,-8.145201,Viseu,116.77,2023-05-09 22:09:34,user_0110,25.3
5.0371,2203092,194,41.561313,-9.404313,Setúbal,103.33,2023-12-31 16:57:14,user_0182,12.6
10.1674,5171748,176,41.536937,-9.179953,Porto,132.06,2024-12-27 18:14:31,user_0167,7.2
5.9995,2683525,120,37.902683,-6.624964,Braga,112.92,2024-09-12 01:18:40,user_0118,36.3
11.3682,9979334,66,38.218922,-9.307737,Viseu,195.85,2024-01-13 09:57:43,user_0055,25.1
6.8673,9709593,52,40.402994,-7.487133,Lisboa,173.03,2024-06-10 00:13:01,user_0139,31.9
6.243,456195,78,41.658666,-8.875388,Évora,190.34,2024-07-27 07:01:58,user_0114,17.8
14.0275,4512276,71,40.449413,-8.721651,Leiria,138.04,2023-08-08 00:35:55,user_0030,6.5
3.8381,1539998,103,39.1245,-8.570665,Porto,154.97,2024-02-15 08:39:56,user_0108,14.1
1.8947,3524756,156,37.745007,-9.369809,Évora,83.33,2024-02-19 12:27:38,user_0081,7.6
8.8097,4973198,118,39.205049,-8.8974,Braga,165.39,2023-10-18 20:00:04,user_0184,7.7
14.5429,1528362,169,39.933839,-7.2883,Faro,93.04,2024-05-19 02:18:59,user_0157,12.5
5.7298,9417128,96,38.55476,-7.804362,Setúbal,80.42,2023-02-13 19:50:14,user_0017,27.2
1.0243,9761976,198,39.451289,-6.789081,Aveiro,65.86,2024-08-17 02:05:33,user_0033,33.6
5.1556,3701339,69,37.551071,-9.291777,Coimbra,126.11,2023-12-14 20:58:14,user_0102,33.7
7.6384,881037,198,39.160941,-6.477746,Porto,100.15,2024-04-04 19:11:09,user_0021,37.8
2.5127,3626307,70,37.353879,-6.112245,Braga,198.14,2023-11-25 09:27:23,user_0111,28.0
9.9057,8643155,50,37.145444,-9.446484,Aveiro,94.98,2023-09-02 07:10:57,user_0010,5.7
14.9665,6601568,192,41.1862,-6.210024,Évora,181.32,2023-09-21 12:03:16,user_0103,18.2
6.8309,2368403,66,37.925408,-8.698067,Setúbal,104.3,2024-02-14 01:19:57,user_0039,8.9
5.3855,9951940,100,39.775777,-7.145353,Faro,164.88,2024-11-11 05:55:01,user_0078,32.2
6.0705,4650215,63,37.644914,-8.505556,Faro,152.38,2023-07-08 03:09:49,user_0175,9.2
1.8157,8223269,108,38.212638,-7.725836,Lisboa,138.65,2023-01-15 11:30:54,user_0086,8.7
13.2608,9724979,132,38.706697,-7.764577,Setúbal,118.36,2023-03-30 12:04:50,user_0052,6.0
6.2809,7659150,99,37.618382,-8.272241,Leiria,153.95,2024-09-25 04:17:51,user_0041,38.4
5.8704,8412054,173,37.129811,-7.060341,Aveiro,117.02,2024-12-04 01:48:07,user_0175,32.5
9.9294,6024587,83,41.285799,-7.461236,Viseu,136.73,2023-05-26 05:44:45,user_0087,16.7
6.6863,9606364,55,36.959164,-7.771858,Lisboa,142.57,2024-02-25 09:40:15,user_0199,18.2
9.7587,8332715,158,37.206605,-6.158346,Setúbal,97.43,2024-04-18 20:46:27,user_0088,7.1
1.0155,2625263,98,40.925361,-6.303968,Braga,107.56,2023-05-08 09:55:13,user_0171,10.5
12.2245,2241678,55,38.310042,-6.251518,Setúbal,62.53,2024-07-23 15:00:55,user_0037,15.9
14.1135,5122028,166,40.514102,-6.503499,Leiria,179.3,2023-09-17 05:30:37,user_0123,18.6
9.7666,8593770,167,37.631129,-8.632472,Setúbal,165.84,2024-05-06 10:20:18,user_0064,26.7
14.323,2763049,56,38.086409,-8.310081,Aveiro,85.69,2023-12-22 20:53:25,user_0199,17.3
2.3563,2203087,146,39.763883,-8.714414,Setúbal,110.69,2024-06-21 15:56:18,user_0188,38.4
7.2135,2952718,167,41.843179,-6.146999,Setúbal,118.95,2024-10-11 10:21:37,user_0153,17.0
9.0669,4952297,178,37.267222,-8.98095,Évora,106.81,2023-10-06 04:21:50,user_0119,38.0
8.7679,376924,190,38.902773,-8.25386,Viseu,171.75,2023-07-29 03:53:35,user_0150,30.5
6.0818,387688,76,37.115405,-8.823249,Coimbra,161.56,2024-04-06 03:35:51,user_0171,36.5
5.1375,6094899,165,37.896132,-8.740257,Aveiro,167.4,2023-04-16 17:44:34,user_0124,29.6
1.9897,2435016,180,41.437355,-8.659901,Coimbra,186.58,2023-05-03 07:55:24,user_0199,24.9
5.937,1070648,107,37.382301,-7.32512,Évora,143.32,2024-08-12 15:12:15,user_0198,22.8
2.5236,3890026,138,41.18428,-9.241432,Lisboa,146.03,2023-09-04 07:02:35,user_0036,15.2
11.042,4558708,146,37.789016,-7.553398,Leiria,161.07,2024-04-05 19:54:36,user_0046,15.4
3.2116,4593577,66,41.208924,-6.714427,Viseu,155.37,2024-02-22 07:05:25,user_0022,12.8
0.9726,6322372,150,39.59011,-6.893819,Leiria,181.77,2024-09-11 16:44:29,user_0035,18.5
8.3303,8940164,78,41.291033,-8.986016,Évora,167.83,2023-02-22 01:56:53,user_0113,9.4
8.9689,4188136,151,37.658518,-6.389912,Aveiro,76.86,2023-04-29 06:13:51,user_0175,18.6
13.0915,4490741,172,40.710183,-6.881693,Porto,189.97,2023-06-16 14:22:41,user_0033,34.2
8.697,7347075,103,40.303493,-9.481971,Viseu,155.63,2023-08-20 07:42:24,user_0141,35.5
5.2477,7249602,76,39.614667,-6.99293,Viseu,77.8,2023-08-01 16:33:47,user_0056,27.5
12.0649,7859498,151,40.952937,-6.992766,Évora,168.08,2023-07-15 06:06:58,user_0067,14.0
8.1502,2906868,166,40.14138,-7.810825,Lisboa,110.18,2024-04-15 14:10:04,user_0013,13.4
1.2813,4058961,153,41.285235,-9.34366,Braga,172.84,2023-07-18 00:16:00,user_0050,14.7
8.5312,3246532,94,38.805311,-7.52832,Setúbal,193.76,2023-11-21 18:37:11,user_0185,22.5
13.6295,4263304,163,39.849616,-6.896461,Faro,95.73,2024-09-21 20:22:10,user_0028,39.2
6.0051,4125339,136,41.253004,-8.579028,Faro,180.04,2023-09-23 02:38:52,user_0104,8.8
4.5153,1900057,80,37.97407,-7.231968,Leiria,168.3,2024-03-04 10:50:03,user_0098,22.5
2.2377,784514,86,39.328707,-8.296651,Setúbal,153.97,2024-12-05 20:00:57,user_0096,28.9
2.3565,9461064,85,41.703709,-7.548894,Braga,113.89,2023-10-30 05:05:18,user_0087,13.6
6.5483,1919587,168,39.268009,-8.192476,Porto,75.38,2023-05-15 05:41:10,user_0088,38.9
8.9756,6760510,54,38.164147,-8.467211,Leiria,127.75,2023-01-17 20:43:52,user_0193,17.2
1.3012,5051702,101,38.655381,-6.589891,Viseu,74.79,2024-06-15 06:34:21,user_0152,37.6
14.0996,4639848,98,41.325421,-6.93695,Coimbra,130.02,2024-04-28 06:38:06,user_0195,25.9
11.3515,2866792,55,41.674415,-8.325473,Faro,174.84,2024-11-17 12:27:43,user_0125,5.1
8.8407,5834564,172,41.650538,-8.022252,Leiria,199.67,2024-05-26 12:12:36,user_0081,15.9
12.4437,4673794,187,40.394712,-7.148208,Faro,87.72,2023-02-28 10:44:03,user_0007,5.8
1.2948,2153883,167,39.448009,-6.742332,Évora,89.1,2023-05-02 20:16:16,user_0074,18.4
7.2049,7415042,72,37.813445,-7.17324,Porto,173.52,2023-03-17 04:43:23,user_0083,37.6
9.4884,2346243,194,37.516105,-7.660833,Porto,125.67,2023-02-16 13:38:34,user_0024,32.3
12.4469,4265630,159,37.198833,-6.255088,Coimbra,188.21,2024-10-03 10:39:57,user_0137,26.7
11.7737,8726458,93,36.988575,-6.867912,Aveiro,167.66,2024-02-05 08:33:33,user_0114,23.8
4.2283,3679020,90,41.290584,-9.106988,Porto,163.1,2023-01-20 05:54:47,user_0015,18.0
14.1191,7455050,192,40.945432,-7.602327,Viseu,74.27,2023-10-17 19:39:33,user_0113,12.4
1.9528,9881764,99,39.739107,-8.107507,Évora,65.02,2024-07-12 10:44:11,user_0184,7.2
13.1395,488968,101,41.893616,-6.797219,Lisboa,104.35,2023-03-02 18:33:39,user_0122,11.7
14.567,4248949,119,41.66526,-9.348146,Leiria,90.42,2023-07-11 14:09:49,user_0086,17.3
2.7396,1580096,158,40.175545,-8.10354,Viseu,159.72,2023-04-24 08:24:24,user_0145,23.2
10.8588,5821934,167,39.222873,-8.417861,Setúbal,123.1,2024-04-23 00:40:06,user_0019,12.2
0.7003,1693465,158,37.660854,-9.019968,Lisboa,133.24,2024-10-08 09:27:26,user_0009,39.1
6.1408,4275892,144,39.477969,-8.212066,Viseu,173.92,2023-08-14 20:10:25,user_0064,7.7
7.7926,7976726,93,37.688718,-7.212479,Setúbal,126.99,2023-06-30 14:23:13,user_0185,8.3
8.7516,2107719,116,38.892257,-8.270295,Faro,136.29,2023-07-27 10:45:03,user_0038,28.9
14.0455,9999851,116,41.613241,-7.527978,Faro,177.92,2024-04-02 07:56:29,user_0136,31.4
10.1165,7602495,67,38.609895,-7.48444,Faro,120.39,2023-04-06 19:58:29,user_0134,39.0
7.271,7430037,109,37.663936,-7.503822,Coimbra,71.64,2024-09-04 02:49:53,user_0177,23.6
12.1642,5990266,123,39.811983,-7.699592,Évora,133.04,2023-01-21 20:34:08,user_0102,10.8
14.2629,699438,98,39.911821,-9.10224,Leiria,141.11,2024-04-29 09:22:51,user_0173,37.8
0.4288,5069398,64,37.869021,-8.75725,Coimbra,131.65,2024-09-20 01:39:42,user_0149,39.3
14.7396,3691316,122,37.882933,-6.779772,Porto,96.13,2023-08-26 09:31:37,user_0093,37.3
1.3834,7153588,192,41.847749,-7.791957,Porto,91.32,2023-12-14 14:13:51,user_0034,35.5
12.2344,4192896,97,38.116405,-7.099341,Porto,111.77,2024-12-12 17:40:36,user_0140,7.7
4.277,5687041,121,41.09096,-7.562309,Évora,83.27,2024-01-30 15:02:04,user_0039,34.9
2.0695,2677049,162,39.251619,-9.368453,Coimbra,153.24,2023-07-18 20:42:02,user_0096,38.4
6.6538,2288786,178,39.074946,-6.792873,Coimbra,146.05,2023-11-21 17:40:59,user_0006,24.3
9.695,4986439,184,38.374812,-9.281298,Lisboa,148.54,2024-12-08 18:22:49,user_0081,32.0
5.7762,2845157,102,40.769129,-6.293208,Coimbra,91.47,2024-05-24 06:21:10,user_0032,28.1
0.913,5568139,67,41.303304,-8.767718,Setúbal,94.51,2023-05-10 05:40:54,user_0188,15.1
9.032,5220761,61,38.205637,-7.757819,Porto,170.23,2024-03-12 05:40:30,user_0136,25.6
13.5458,219162,97,37.375483,-9.283801,Coimbra,156.62,2024-04-05 15:57:09,user_0166,36.1
5.8099,4053492,79,37.584598,-6.45723,Évora,182.53,2024-04-09 04:06:42,user_0147,22.4
3.3234,2841852,146,40.864018,-6.168203,Leiria,116.49,2024-02-16 17:00:29,user_0183,25.7
6.6944,3313723,56,39.079135,-9.002605,Porto,136.63,2024-01-18 03:00:56,user_0009,23.6
0.8206,1340522,141,37.559573,-8.494326,Aveiro,163.43,2024-04-11 20:32:05,user_0180,14.9
12.3253,1401051,162,38.601441,-9.446027,Setúbal,196.38,2023-08-15 01:15:59,user_0156,27.5
12.4125,7269122,52,39.471177,-6.824317,Aveiro,198.55,2023-09-11 10:23:19,user_0062,22.8
8.8612,3270514,156,41.160258,-8.441021,Porto,199.88,2024-01-29 22:59:07,user_0176,13.1
5.3612,3738163,112,40.108716,-7.497953,Lisboa,184.67,2024-08-10 10:28:48,user_0114,36.3
12.0168,8934971,183,37.780164,-9.366657,Évora,149.55,2023-11-19 13:23:33,user_0167,38.3
8.3648,7349336,151,37.693514,-7.067435,Leiria,60.98,2023-09-25 00:31:25,user_0181,6.9
12.4064,7722905,64,38.961671,-7.700027,Leiria,157.94,2023-07-09 15:49:09,user_0191,26.8
9.5087,9496806,140,37.275964,-7.035067,Porto,93.4,2023-08-10 14:35:50,user_0019,19.5
11.7876,3462087,130,40.677886,-6.815481,Coimbra,68.0,2023-01-01 01:37:04,user_0033,23.4
9.0186,7745769,195,38.907269,-9.196574,Lisboa,157.61,2024-08-18 05:27:14,user_0064,18.1
6.2707,286172,199,38.615119,-7.534487,Évora,165.84,2024-09-11 00:01:20,user_0026,21.6
14.3734,8082668,110,39.445542,-7.29019,Porto,152.32,2023-09-09 00:51:49,user_0173,16.3
8.1626,561133,169,40.444784,-7.743156,Coimbra,111.12,2023-12-09 12:20:53,user_0001,9.1
9.1158,6116130,110,39.746735,-8.879808,Porto,131.54,2023-01-07 01:42:56,user_0194,15.6
3.3853,1649258,102,40.912014,-6.794969,Lisboa,190.89,2024-11-04 02:59:19,user_0163,28.5
9.4222,4369535,75,40.046813,-6.108642,Évora,162.15,2024-11-22 06:41:44,user_0077,6.8
8.617,7420754,164,40.839851,-6.204481,Setúbal,130.66,2023-12-15 06:12:54,user_0103,18.4
2.8541,4159962,89,40.383911,-6.856399,Porto,143.08,2023-01-07 16:00:11,user_0096,6.5
0.9878,4481678,137,37.865614,-8.078434,Coimbra,189.88,2023-11-11 05:13:36,user_0173,17.5
9.105,1665418,165,37.161772,-8.353178,Braga,115.13,2023-08-02 20:00:15,user_0076,8.1
11.479,695519,185,41.416984,-9.266944,Braga,74.26,2023-06-18 18:53:37,user_0033,16.9
7.8987,8629348,70,41.628281,-8.084627,Braga,105.62,2023-01-06 06:27:32,user_0082,34.3
3.4789,4449720,92,40.534661,-8.969435,Coimbra,118.13,2023-09-30 18:14:26,user_0069,26.5
10.0312,1310704,70,40.521029,-8.635262,Lisboa,98.21,2023-10-28 13:36:44,user_0083,28.9
1.2936,5641335,180,38.250735,-6.467585,Lisboa,134.06,2024-02-14 04:54:44,user_0159,22.6
6.6833,6121263,80,39.612209,-6.207013,Évora,102.68,2023-10-16 04:03:23,user_0192,37.3
2.5342,5555910,76,41.861198,-6.274899,Faro,74.45,2023-04-30 04:28:53,user_0106,23.9
2.8484,6396153,122,41.180718,-8.842591,Braga,86.33,2024-06-22 02:18:17,user_0102,8.7
3.1142,7048586,146,38.421972,-6.43696,Leiria,188.54,2023-10-12 11:57:06,user_0114,37.7
5.8619,5221995,139,38.405229,-9.018882,Faro,148.14,2023-10-04 04:49:59,user_0143,9.7
0.8621,7846989,93,39.317886,-7.773955,Viseu,104.0,2023-07-11 23:24:51,user_0046,40.0
6.0271,1587361,92,38.922993,-7.311545,Braga,111.37,2023-11-05 05:38:02,user_0120,20.2
7.7244,8646079,80,38.755765,-7.927613,Leiria,129.07,2023-06-24 21:07:22,user_0048,7.6
7.3011,1763190,166,40.03486,-6.263753,Lisboa,154.24,2024-07-12 02:42:39,user_0068,35.2
5.8035,1157593,125,36.957462,-8.367077,Leiria,141.51,2024-10-26 06:24:04,user_0083,8.3
12.6033,855817,194,40.716698,-7.706916,Faro,190.58,2024-08-12 12:42:46,user_0085,11.1
2.2654,6509676,192,40.600265,-9.24347,Setúbal,147.6,2024-05-14 18:53:52,user_0126,19.6
7.6349,3250881,83,41.051628,-6.602436,Porto,187.51,2023-07-27 19:32:18,user_0168,28.7
1.0244,558114,129,41.107253,-8.094564,Aveiro,60.76,2024-06-26 08:04:44,user_0121,9.2
1.1602,4828626,53,39.731998,-7.118191,Braga,184.68,2024-08-13 10:19:39,user_0129,26.8
8.6506,8320901,121,40.80037,-7.180365,Lisboa,161.0,2023-10-29 10:04:33,user_0020,32.3
8.5337,1657106,147,39.361976,-7.200706,Évora,84.11,2024-09-15 01:00:18,user_0150,9.3
13.1827,1958074,159,41.657649,-7.77641,Braga,96.83,2023-05-14 03:46:25,user_0182,27.7
8.4123,1622964,77,37.853493,-8.556436,Coimbra,135.99,2023-07-31 09:42:34,user_0065,38.6
14.4009,8085491,179,41.478085,-7.374679,Faro,77.49,2024-04-09 22:21:36,user_0143,38.9
0.8256,6154482,66,38.192652,-6.229909,Lisboa,169.95,2024-03-26 22:37:09,user_0061,10.7
1.5603,358349,107,37.413617,-6.664573,Leiria,170.76,2023-07-18 15:47:23,user_0079,31.6
0.7566,1061385,176,39.095522,-9.130188,Évora,102.13,2024-03-30 14:38:46,user_0014,34.6
2.8606,5831618,58,39.974586,-9.421163,Porto,69.77,2023-05-18 02:04:15,user_0069,36.1
8.1649,7303950,80,38.054949,-7.803497,Lisboa,198.44,2023-01-15 03:48:26,user_0122,16.3
9.719,6102102,137,39.678981,-6.86218,Porto,95.1,2023-02-06 05:33:14,user_0049,14.5
0.7792,9548310,111,40.939467,-8.432731,Braga,69.46,2024-01-26 12:41:15,user_0134,6.7
14.195,8741073,68,38.185425,-7.11579,Braga,106.2,2023-05-16 17:37:36,user_0169,19.0
12.6483,9177133,130,39.801611,-6.331468,Aveiro,195.66,2023-03-16 15:49:53,user_0159,9.3
4.5195,4763090,156,38.596563,-7.939453,Faro,171.01,2023-07-16 12:17:55,user_0116,32.5
1.2501,7980571,104,39.548842,-8.669857,Leiria,127.25,2024-06-06 02:13:58,user_0090,10.0
2.6313,3096750,161,40.234595,-6.379623,Braga,102.75,2024-06-14 18:54:57,user_0192,33.7
1.9915,6682115,172,38.652113,-7.894303,Setúbal,119.26,2023-06-19 22:50:23,user_0089,8.8
1.9369,6354054,114,41.872414,-8.113346,Coimbra,62.43,2023-04-20 23:58:41,user_0179,21.8
7.8266,5517263,173,39.718876,-8.298571,Aveiro,160.57,2023-12-27 07:30:49,user_0187,18.5
3.7631,818706,52,41.022308,-8.061742,Lisboa,73.95,2023-09-07 14:18:47,user_0183,26.1
5.4363,1734802,187,40.525676,-7.209563,Coimbra,132.67,2023-08-16 10:49:24,user_0117,23.2
14.8436,8837718,70,41.164027,-8.025353,Évora,139.22,2024-08-06 14:34:49,user_0122,26.0
10.2963,6137875,86,37.769005,-8.397639,Leiria,60.24,2024-12-29 12:19:10,user_0177,5.0
14.2398,1774474,64,38.012769,-6.971632,Lisboa,197.18,2023-12-05 11:45:06,user_0168,9.5
2.2241,3212174,136,39.337056,-8.809897,Aveiro,102.3,2024-07-31 17:45:39,user_0015,23.1
5.7939,553360,169,41.161643,-8.813425,Porto,70.81,2023-08-30 01:57:22,user_0198,13.0
8.3655,4228021,186,37.888033,-7.132119,Coimbra,179.61,2024-09-07 18:55:52,user_0193,7.7
1.2437,384533,93,41.755329,-6.553198,Coimbra,81.27,2024-11-25 16:48:13,user_0007,12.6
0.1624,4303829,88,37.538012,-8.679883,Aveiro,63.49,2023-02-10 21:47:30,user_0190,32.3
10.0895,3602294,182,37.77539,-8.850175,Porto,129.26,2024-07-20 05:26:20,user_0054,24.0
9.6631,1261668,74,37.736169,-7.22096,Évora,78.19,2023-02-22 02:39:35,user_0180,11.7
6.2208,3150374,105,39.83003,-7.389271,Braga,197.54,2023-12-10 04:58:17,user_0179,5.6
7.3957,2399009,170,41.487705,-7.979342,Leiria,61.46,2023-05-21 07:12:32,user_0004,17.5
6.2901,1378656,139,38.175557,-9.174074,Faro,67.17,2024-09-06 07:46:05,user_0001,17.5
0.4577,9612587,113,39.665184,-9.18793,Aveiro,176.66,2024-08-19 14:13:57,user_0105,30.7
5.097,4478633,138,37.778863,-6.857038,Faro,93.57,2024-08-27 14:58:33,user_0066,37.2
2.7385,8735015,161,40.055684,-7.963985,Lisboa,187.62,2023-03-31 00:45:59,user_0163,18.0
1.5665,7045472,125,37.516232,-6.582912,Leiria,103.56,2024-07-14 17:54:43,user_0081,29.1
14.3551,8965003,186,39.356554,-7.545906,Viseu,69.77,2023-07-01 17:49:14,user_0138,27.2
9.0305,769153,187,40.175909,-7.39629,Évora,61.48,2024-07-16 23:52:04,user_0195,19.8
10.957,1508346,59,39.79564,-6.323739,Coimbra,99.56,2023-11-20 08:40:32,user_0068,7.3
4.7989,803995,111,37.600002,-8.940306,Évora,126.32,2024-06-22 11:05:06,user_0102,21.6
5.9579,8666453,139,37.706867,-7.653718,Faro,60.14,2023-01-25 11:06:01,user_0193,17.4
3.6302,1248720,109,40.256955,-9.302329,Viseu,141.36,2023-12-03 09:49:22,user_0051,24.3
1.5448,5160025,196,40.944546,-8.279655,Leiria,106.71,2024-07-16 19:50:57,user_0030,9.4
2.7676,8302146,156,41.440372,-8.996465,Porto,114.62,2024-01-16 10:21:26,user_0039,30.3
11.983,2836934,87,40.968058,-8.861358,Coimbra,96.6,2024-12-17 22:40:10,user_0138,32.6
10.1954,6944075,183,41.769619,-6.321698,Setúbal,134.07,2023-12-12 03:54:12,user_0172,18.6
8.2492,9102683,192,38.941259,-7.423679,Faro,92.22,2024-05-12 10:52:10,user_0160,11.1
7.1788,9423080,96,38.555829,-6.466662,Lisboa,78.88,2023-08-16 20:09:21,user_0172,26.8
13.8443,1087241,182,37.04092,-7.992031,Leiria,184.69,2023-08-24 20:04:01,user_0063,38.5
1.1838,3929301,127,39.149479,-7.468013,Leiria,114.68,2024-04-04 06:57:27,user_0061,29.5
4.281,9076843,102,40.156858,-9.390879,Braga,70.77,2023-01-31 19:05:50,user_0065,9.3
5.3141,2210980,111,40.977043,-7.903692,Coimbra,92.25,2024-11-15 07:36:52,user_0169,18.9
11.7581,7997018,72,38.237277,-7.582207,Coimbra,103.39,2024-01-16 06:37:40,user_0081,37.0
14.8885,1139391,93,39.467956,-9.442956,Viseu,167.75,2023-07-04 22:02:21,user_0012,27.2
3.686,9377877,101,40.210048,-6.815737,Aveiro,63.12,2024-04-11 02:52:14,user_0124,10.2
13.1272,5970653,95,39.658014,-8.495562,Setúbal,126.95,2023-05-26 01:38:16,user_0002,30.4
12.4763,3970471,196,38.270104,-7.961544,Porto,117.08,2024-10-09 21:20:34,user_0073,17.4
3.4474,4226660,133,40.881412,-7.678857,Coimbra,195.58,2024-09-22 11:16:56,user_0076,22.1
6.0501,5508833,96,37.766805,-6.12653,Lisboa,85.21,2023-06-08 23:39:00,user_0188,19.5
6.2041,9349483,140,41.424899,-9.162774,Braga,147.9,2023-03-24 10:30:23,user_0025,30.4
14.6755,1869883,101,41.662984,-7.612049,Coimbra,88.31,2024-04-07 00:33:54,user_0118,12.6
2.7953,271609,73,38.727866,-7.69598,Aveiro,136.78,2023-08-25 21:28:34,user_0189,18.6
12.0075,3867183,194,38.780909,-9.265707,Braga,137.71,2023-05-03 04:09:12,user_0108,31.1
5.0795,3481716,138,40.616391,-7.34461,Faro,70.55,2023-07-21 13:16:21,user_0099,29.7
10.99,2293474,113,39.181443,-8.524695,Lisboa,123.9,2023-03-29 08:15:39,user_0022,12.1
6.3582,6337479,168,37.043051,-9.147189,Coimbra,124.56,2024-07-30 01:47:56,user_0056,17.3
8.7176,5868518,113,41.499384,-8.892617,Porto,104.68,2023-01-07 12:27:03,user_0149,5.5
12.5059,8566304,135,39.053752,-6.699749,Coimbra,98.8,2023-01-31 15:43:25,user_0055,23.6
12.0821,1589291,105,37.917476,-9.145976,Faro,91.4,2024-07-25 22:29:10,user_0040,14.8
13.0097,426492,108,39.67832,-7.912447,Braga,60.83,2023-12-13 22:44:32,user_0179,5.4
0.9883,2955227,182,37.994531,-8.836071,Setúbal,60.25,2024-03-11 05:38:21,user_0150,19.9
10.4116,2307236,174,37.93011,-8.948112,Porto,142.57,2023-09-29 02:54:16,user_0156,37.4
2.1858,9571695,96,39.628657,-8.80058,Faro,100.8,2023-03-07 07:41:16,user_0121,37.3
6.2957,3224400,170,38.855211,-7.824538,Coimbra,83.5,2023-04-26 02:52:37,user_0004,18.0
8.274,6613889,151,39.764966,-8.691519,Faro,155.86,2023-03-08 17:21:18,user_0026,20.7
6.1008,5653278,93,41.884127,-9.171108,Leiria,134.05,2024-03-27 14:39:28,user_0112,13.5
7.8422,463723,64,41.195091,-6.775237,Setúbal,188.09,2024-11-10 12:28:14,user_0113,7.4
14.9482,7784160,154,36.938354,-7.664607,Évora,176.34,2024-12-28 18:58:07,user_0188,29.3
2.1147,5138717,100,37.152779,-8.966698,Aveiro,161.74,2024-04-01 08:19:06,user_0023,33.0
10.1643,686763,102,39.950397,-7.897139,Leiria,77.72,2023-02-13 15:15:37,user_0169,35.8
6.0004,7585291,83,40.03128,-9.267568,Faro,153.25,2024-04-15 12:57:07,user_0058,37.7
2.0818,9863986,173,41.290954,-7.526538,Aveiro,157.15,2024-05-26 23:16:08,user_0008,37.1
2.4652,6301816,126,40.045286,-8.342964,Porto,166.87,2024-07-31 18:29:18,user_0116,6.0
14.2442,7099312,185,38.038573,-9.148003,Viseu,96.84,2023-04-02 20:29:49,user_0051,39.2
13.2061,2145943,172,39.242581,-8.875611,Leiria,149.64,2023-06-19 20:27:34,user_0189,18.3
13.6149,4590585,119,40.944927,-8.324611,Porto,146.56,2024-12-17 14:57:30,user_0001,36.0
14.8738,1323020,70,41.514125,-6.758215,Faro,113.94,2024-07-29 15:36:11,user_0120,20.4
3.2039,2654810,157,38.084576,-8.909231,Setúbal,152.89,2024-07-06 09:20:26,user_0030,19.8
5.396,4919495,157,39.598024,-9.127142,Coimbra,72.14,2024-08-11 00:48:16,user_0017,5.4
10.0714,7367241,184,37.694638,-7.745807,Aveiro,150.09,2023-11-17 06:21:18,user_0151,6.8
7.3087,8890111,139,39.384998,-7.60043,Viseu,144.84,2023-05-21 20:45:07,user_0102,28.5
6.334,4477375,128,37.350571,-9.19318,Braga,89.49,2024-05-18 03:39:34,user_0122,37.8
5.4314,3704595,91,41.60864,-8.532753,Faro,174.55,2023-09-19 11:05:40,user_0152,12.9
8.9473,1844040,101,40.090282,-8.606602,Porto,182.42,2023-04-09 08:30:27,user_0086,8.3
8.6763,6908998,151,41.171084,-8.866847,Braga,89.47,2024-10-18 00:34:35,user_0069,12.5
2.5057,864845,154,41.891476,-8.42683,Aveiro,70.63,2023-12-21 06:29:36,user_0089,12.4
7.1289,2006811,128,37.81333,-9.373831,Faro,144.5,2023-11-16 09:00:00,user_0180,15.3
8.3467,7977848,161,40.370717,-7.284731,Braga,127.19,2023-08-04 03:23:59,user_0071,8.3
8.5973,1434636,153,41.334931,-6.139144,Faro,119.86,2024-05-23 20:06:06,user_0058,13.2
3.2306,3908308,65,39.779691,-7.344241,Leiria,166.54,2023-05-19 12:52:21,user_0150,37.2
11.1598,7332827,145,40.098482,-8.27234,Braga,195.75,2023-05-17 05:42:01,user_0059,36.2
0.4755,705314,86,38.938355,-7.229105,Viseu,126.87,2023-09-11 19:05:06,user_0172,16.1
5.387,3394070,195,40.273804,-7.556846,Évora,60.86,2024-06-18 15:41:24,user_0037,39.9
11.7252,3889453,197,38.87789,-6.621023,Aveiro,143.48,2023-07-20 23:41:04,user_0162,15.4
8.502,9260797,95,39.283098,-7.385626,Faro,151.56,2024-08-29 21:14:41,user_0100,30.3
3.9913,3957874,51,37.414559,-7.34414,Braga,175.92,2024-10-29 13:35:04,user_0113,27.5
10.4548,3578687,168,36.939042,-8.746342,Setúbal,87.92,2024-02-09 19:11:45,user_0185,7.3
8.5541,1182200,136,37.175756,-8.086867,Braga,133.41,2023-02-20 06:43:03,user_0185,17.0
11.964,4775219,143,37.862608,-8.328985,Leiria,122.6,2023-04-24 04:02:46,user_0168,38.3
11.0519,9779138,52,39.183019,-9.461154,Porto,153.02,2023-08-04 20:11:06,user_0020,6.8
9.1906,1093956,160,37.00497,-8.434846,Braga,68.95,2023-07-12 05:52:45,user_0017,11.1
7.3738,8063736,50,37.679683,-7.847389,Évora,183.76,2023-09-25 23:48:52,user_0180,39.0
2.0844,3648338,154,40.807223,-7.460515,Viseu,131.56,2023-01-01 12:36:41,user_0004,6.4
3.9939,1431041,71,40.710833,-6.322466,Aveiro,182.79,2024-04-10 18:12:59,user_0191,20.6
6.3446,7859371,191,40.848651,-8.687013,Faro,107.63,2023-10-04 16:50:36,user_0050,37.1
9.0296,5025764,183,41.507705,-8.981741,Faro,151.49,2023-05-16 10:33:38,user_0082,38.0
7.7542,6962111,114,37.495355,-6.543885,Faro,193.94,2023-01-14 15:58:18,user_0050,39.3
4.3939,6142453,70,37.715699,-6.297719,Coimbra,192.07,2024-09-17 11:38:56,user_0016,21.8
0.1963,7289165,53,38.567768,-7.840956,Leiria,192.17,2024-07-20 11:48:36,user_0072,8.0
7.494,272667,180,41.475706,-9.108264,Setúbal,66.01,2023-06-24 07:32:25,user_0061,32.0
4.3558,3453402,162,40.777389,-7.84968,Aveiro,116.42,2024-06-10 07:58:56,user_0044,29.8
11.0457,8123445,79,38.520606,-9.127893,Aveiro,68.51,2024-04-25 13:13:50,user_0146,25.3
0.4568,112035,80,37.338179,-6.497169,Faro,103.33,2024-01-29 10:31:05,user_0050,36.1
8.8139,9612901,69,39.9819,-7.09229,Leiria,84.44,2023-10-10 20:50:22,user_0080,36.9
14.128,5698238,103,38.184096,-8.680134,Porto,146.82,2024-01-18 13:42:08,user_0030,28.9
2.6987,9779110,175,39.555763,-6.485252,Aveiro,169.3,2023-12-30 05:03:40,user_0049,8.9
7.1276,340526,64,41.609017,-7.331134,Braga,131.87,2024-02-07 13:42:57,user_0098,8.3
1.4622,1216733,106,39.763086,-6.258905,Évora,171.37,2024-03-23 12:26:51,user_0149,19.3
9.4227,5687453,128,41.519172,-6.166369,Leiria,61.79,2023-08-24 11:57:09,user_0150,15.2
8.3029,865144,63,38.865194,-9.488842,Faro,174.87,2024-04-12 20:38:12,user_0175,9.7
6.1697,1418137,140,40.066757,-9.091272,Aveiro,84.97,2023-03-22 15:19:53,user_0025,26.4
7.8685,2307306,63,41.36945,-7.640464,Coimbra,124.53,2024-01-17 22:28:24,user_0056,28.9
13.459,9368140,148,39.839937,-6.2501,Lisboa,121.96,2023-02-18 16:13:51,user_0192,29.4
3.0248,522797,82,39.974493,-6.119606,Lisboa,182.24,2024-09-01 16:35:15,user_0156,11.1
0.4362,9379728,50,40.48154,-7.570813,Setúbal,195.24,2023-04-05 17:38:42,user_0161,15.7
12.9388,5868590,83,41.310539,-8.909075,Aveiro,95.72,2024-09-29 15:35:36,user_0194,12.0
8.699,3497172,68,37.3409,-8.94563,Viseu,69.44,2023-05-28 12:25:28,user_0004,26.0
13.3708,6560230,53,38.584297,-6.902884,Porto,151.07,2023-12-21 07:41:14,user_0012,24.8
8.9945,9299514,126,38.888424,-7.487412,Coimbra,130.4,2023-03-14 02:09:46,user_0145,22.6
12.1714,6652469,107,41.448548,-7.634169,Braga,139.2,2024-02-21 20:08:00,user_0036,15.4
6.5021,8142165,186,41.68004,-7.916399,Leiria,66.48,2024-09-02 11:58:03,user_0016,13.3
11.2729,5388811,152,37.501902,-7.034542,Braga,168.54,2024-04-25 06:46:49,user_0151,36.2
13.7043,414399,116,37.495538,-6.582616,Aveiro,92.53,2024-01-19 20:23:24,user_0200,6.7
8.6246,7175173,165,41.574309,-8.469943,Évora,106.89,2024-05-26 23:01:17,user_0121,28.0
2.7937,5884724,197,38.37886,-8.74888,Lisboa,91.97,2023-07-06 20:02:34,user_0137,5.7
4.1051,4449113,169,38.109072,-7.221323,Aveiro,192.43,2023-09-25 10:31:20,user_0078,11.8
3.0598,7251204,71,37.078114,-6.38991,Leiria,83.62,2024-03-18 08:18:26,user_0055,15.1
3.7782,729672,161,38.27798,-8.316265,Aveiro,162.52,2023-02-21 17:42:42,user_0073,36.0
4.6656,5257901,124,40.367632,-8.573676,Viseu,94.4,2024-11-10 01:17:50,user_0064,9.8
8.3715,8837389,185,39.030181,-8.73121,Viseu,119.49,2023-06-02 09:05:29,user_0175,37.8
8.8611,1147417,192,39.484352,-8.634731,Lisboa,199.45,2023-12-25 17:25:27,user_0090,33.5
6.4548,9683484,81,41.486478,-9.041227,Évora,74.08,2024-10-11 12:43:24,user_0195,28.8
9.2698,160786,116,37.473449,-7.470954,Leiria,183.39,2023-02-28 08:50:35,user_0138,19.4
1.3155,2075414,53,37.256204,-8.545191,Faro,192.45,2024-08-07 17:52:10,user_0089,36.7
1.408,7598498,79,41.159654,-7.409189,Porto,157.75,2023-02-14 07:28:02,user_0004,23.5
2.6603,5722078,62,40.774279,-9.21769,Aveiro,61.39,2024-02-12 08:30:30,user_0030,18.0
7.8194,7883060,70,38.218671,-9.107447,Leiria,174.91,2024-11-15 22:01:56,user_0139,25.5
3.2885,1314530,90,38.521171,-7.677117,Évora,183.52,2023-10-31 15:30:00,user_0051,13.1
4.3209,910175,170,38.451389,-7.760795,Faro,197.33,2023-09-27 10:04:57,user_0147,14.6
6.0647,7225529,68,40.139044,-8.576866,Aveiro,177.5,2024-06-01 03:45:35,user_0141,37.2
12.1968,5501188,97,37.206058,-6.687755,Setúbal,122.38,2024-08-24 06:13:29,user_0185,32.8
0.3065,6056095,135,39.347008,-8.86404,Coimbra,156.41,2023-07-14 01:05:23,user_0131,23.0
9.7757,121701,112,37.569365,-8.273752,Lisboa,127.92,2023-01-30 16:14:35,user_0112,19.6
10.0663,7680223,197,40.998693,-7.61126,Setúbal,109.42,2023-02-21 09:12:00,user_0078,33.3
12.0,3941631,86,38.803315,-6.551482,Aveiro,147.7,2023-08-10 20:24:27,user_0166,25.0
13.998,5174895,80,39.537861,-8.076927,Braga,167.78,2024-11-20 13:27:10,user_0027,19.5
0.4001,1064641,123,37.046588,-8.144757,Évora,149.03,2024-12-02 05:28:47,user_0088,23.0
2.3914,1433043,195,37.191322,-7.529573,Évora,175.72,2023-03-12 21:31:45,user_0138,13.1
13.304,6637056,156,40.275274,-8.423236,Leiria,84.69,2024-06-13 09:00:44,user_0118,12.1
6.9319,6789177,152,40.733853,-7.088811,Lisboa,112.32,2024-01-24 02:42:05,user_0181,39.6
8.5124,248924,159,40.450178,-8.654434,Faro,103.76,2023-05-19 07:20:47,user_0155,38.9
9.9791,8145618,69,40.585093,-6.701134,Aveiro,87.18,2024-01-20 02:53:03,user_0007,19.7
10.2181,2090923,188,37.423099,-8.573998,Braga,122.04,2023-07-01 14:19:41,user_0115,23.0
13.9829,1940711,135,40.367254,-6.124816,Faro,192.7,2024-04-01 11:41:41,user_0092,34.0
14.9545,1363307,93,37.808738,-8.424028,Lisboa,135.32,2023-05-11 14:17:27,user_0090,30.4
10.8303,5925237,131,37.390077,-6.511991,Leiria,100.1,2024-06-30 21:53:06,user_0082,8.5
4.3796,6498391,113,40.685804,-8.14899,Coimbra,109.57,2023-10-31 02:02:03,user_0013,18.1
13.2083,3218451,171,41.347031,-8.663414,Faro,145.83,2023-03-19 00:36:30,user_0072,13.8
0.8334,3372021,136,40.48355,-8.731045,Braga,109.38,2024-04-11 04:41:51,user_0091,39.7
3.5431,190477,114,40.927867,-6.60935,Porto,135.37,2023-09-19 07:31:05,user_0188,31.2
13.471,9603204,104,41.855441,-8.45024,Évora,98.38,2023-12-01 20:47:05,user_0142,6.7
3.9173,6213415,123,37.57378,-8.348886,Faro,108.43,2024-04-30 15:02:45,user_0105,36.5
3.3877,7805819,166,41.725763,-8.830224,Viseu,158.8,2024-10-06 11:04:36,user_0044,37.5
2.1581,4915782,178,39.905989,-6.231496,Braga,141.85,2023-05-02 18:29:57,user_0198,16.7
12.9008,8567962,186,40.966266,-8.667871,Porto,73.09,2023-05-12 16:32:50,user_0084,27.5
7.5509,5858893,144,40.150846,-8.658692,Viseu,196.25,2023-10-21 03:16:54,user_0028,28.9
10.1559,9781536,194,39.750189,-6.290747,Setúbal,66.91,2023-09-04 09:13:31,user_0023,30.5
3.6621,5690912,148,40.418095,-6.436944,Viseu,71.61,2023-04-26 11:15:05,user_0012,29.3
11.3948,9805611,161,38.501293,-8.653703,Setúbal,158.19,2024-12-29 20:33:22,user_0152,24.6
11.4241,2182931,101,41.521358,-6.559933,Braga,159.12,2023-11-20 09:34:23,user_0051,38.4
4.7577,1051636,195,37.476463,-8.650601,Leiria,62.65,2023-09-15 04:43:04,user_0108,22.9
6.2192,6941550,82,38.490156,-9.212822,Lisboa,149.99,2023-08-19 01:30:55,user_0150,8.9
3.2244,7615907,53,37.055812,-6.710771,Braga,64.66,2024-12-24 18:25:53,user_0062,7.8
14.6508,6631430,136,38.256615,-6.876702,Lisboa,194.51,2023-08-25 23:56:23,user_0026,5.6
9.7195,7913436,124,37.991065,-8.498132,Évora,157.46,2023-09-29 08:31:33,user_0058,20.0
14.0247,9951767,58,37.148154,-9.193527,Porto,86.12,2024-07-11 20:30:36,user_0199,14.6
4.6204,2647765,113,39.35887,-8.798108,Coimbra,82.13,2023-11-11 07:54:10,user_0143,36.3
11.7502,3037253,79,39.24318,-6.878408,Coimbra,139.75,2024-06-13 21:12:06,user_0068,35.4
11.5113,9373551,185,37.288727,-6.219857,Aveiro,148.69,2024-03-20 03:24:08,user_0006,34.3
10.4057,8744039,182,38.209253,-8.619393,Coimbra,176.37,2024-02-16 02:17:42,user_0111,35.4
14.488,15141,125,41.666611,-6.71792,Braga,186.46,2023-06-06 04:01:15,user_0130,15.4
5.964,4524361,178,37.453683,-8.725029,Viseu,114.95,2024-07-12 23:12:28,user_0159,19.9
2.0477,7986378,64,38.425093,-7.189359,Braga,178.17,2024-11-07 02:05:38,user_0024,15.9
10.1085,3782700,138,37.079312,-9.215714,Faro,135.93,2023-07-05 11:38:29,user_0035,8.0
10.9667,3561669,177,37.644436,-7.509995,Setúbal,125.88,2024-12-03 00:08:20,user_0047,37.3
8.6684,8963287,75,40.396986,-8.584754,Évora,157.86,2023-11-23 16:11:46,user_0031,26.6
3.1816,1693152,110,38.733583,-6.352124,Faro,74.45,2023-10-17 21:01:35,user_0089,9.6
7.6164,5973300,172,39.160383,-8.514847,Évora,97.15,2024-06-14 05:00:31,user_0200,12.2
4.7516,2337099,116,37.684892,-8.145302,Coimbra,174.35,2024-12-18 13:23:50,user_0076,20.8
6.4693,7155738,199,40.310701,-6.641691,Faro,130.57,2024-03-10 21:45:53,user_0118,6.8
9.7138,1944741,75,40.657608,-8.009866,Setúbal,187.13,2024-01-13 20:30:57,user_0130,14.5
11.2037,9272702,132,37.80556,-8.689398,Leiria,72.42,2024-12-26 04:34:42,user_0104,29.6
3.5601,824255,157,37.124967,-7.638349,Setúbal,103.88,2023-08-09 08:15:56,user_0059,37.2
6.1393,9421172,160,37.304706,-6.64403,Viseu,109.78,2023-08-08 05:51:03,user_0096,37.5
4.1105,6004327,109,40.185229,-8.027196,Lisboa,119.18,2023-06-11 23:27:18,user_0063,23.2
3.0596,9570205,88,37.577553,-9.048179,Évora,198.15,2024-09-16 16:13:18,user_0145,15.9
11.7725,8962292,172,39.369594,-8.197504,Braga,103.49,2023-01-16 20:12:28,user_0054,37.2
13.6479,9807664,85,37.663208,-6.254785,Setúbal,132.62,2024-08-23 00:23:14,user_0125,32.5
5.6165,3177640,70,37.75074,-9.255126,Porto,135.05,2024-05-18 11:52:48,user_0149,25.5
11.2941,8902284,167,36.921803,-8.111286,Évora,167.91,2023-07-21 10:46:08,user_0022,34.2
13.4652,8879521,97,38.504121,-7.296702,Lisboa,132.5,2024-02-09 04:10:42,user_0125,21.1
12.7073,5287267,75,37.348986,-9.23304,Porto,144.8,2024-02-11 02:46:49,user_0097,8.9
2.8239,2375804,85,38.869806,-8.327161,Leiria,165.47,2024-11-06 22:09:40,user_0116,37.8
14.3487,5550616,177,39.888922,-6.302034,Leiria,74.16,2023-04-23 22:36:10,user_0183,23.7
5.7125,2730689,198,38.73766,-9.395839,Évora,194.89,2023-01-28 13:08:23,user_0029,29.3
5.1547,5023331,195,40.425408,-6.944078,Porto,178.48,2023-09-17 15:05:19,user_0149,18.7
1.0302,8529297,64,40.607259,-6.639325,Faro,114.43,2023-04-12 00:54:41,user_0002,9.8
7.344,7808516,128,40.383032,-8.557994,Coimbra,161.98,2023-09-25 23:17:32,user_0042,14.5
1.7243,1285801,183,41.583568,-8.769971,Porto,166.73,2024-02-29 23:22:04,user_0052,6.5
3.8032,4070161,77,38.086471,-6.389609,Porto,179.03,2023-06-20 02:03:26,user_0038,8.1
4.8224,233725,185,37.847282,-6.902394,Viseu,86.36,2024-08-15 02:01:14,user_0131,12.2
12.1515,6568056,198,39.948557,-9.114506,Aveiro,158.52,2023-03-09 02:10:39,user_0153,24.6
13.1448,1158175,169,39.874385,-8.778529,Faro,64.67,2023-10-19 20:27:55,user_0077,39.8
4.6067,8213140,137,39.450492,-7.387392,Aveiro,76.18,2024-11-01 01:17:21,user_0190,34.5
12.8946,9212964,80,36.921766,-8.073982,Porto,168.65,2024-06-20 00:20:22,user_0143,8.0
12.8727,9199280,96,39.676191,-7.785807,Porto,173.82,2024-06-12 05:07:50,user_0198,34.5
11.4933,6640981,83,41.56399,-6.264756,Braga,142.94,2024-08-01 19:40:53,user_0105,23.8
2.2858,2368524,51,38.572888,-8.071199,Viseu,141.44,2023-05-07 05:15:05,user_0010,28.1
10.3858,7099574,155,41.737996,-6.502281,Aveiro,164.93,2024-08-25 18:21:21,user_0120,9.5
14.1809,9968904,143,38.683783,-7.253468,Aveiro,186.85,2024-05-18 09:42:22,user_0127,18.8
10.2699,9893975,121,37.599273,-9.086494,Braga,118.96,2024-02-25 15:35:33,user_0114,35.9
5.0411,5877675,101,38.892017,-6.968676,Lisboa,76.07,2024-10-24 14:07:36,user_0069,19.9
7.5586,9034660,184,39.373057,-7.731289,Évora,177.46,2024-03-10 12:27:02,user_0109,9.4
9.7213,8549906,196,40.047322,-8.734669,Coimbra,107.83,2023-08-08 06:53:23,user_0044,15.9
7.7075,321243,139,39.424391,-8.515532,Braga,78.73,2024-06-17 11:25:46,user_0169,12.8
1.8873,4018920,141,39.583593,-7.60507,Faro,146.05,2024-02-25 16:29:25,user_0020,29.0
4.7498,4736605,192,37.020335,-7.454212,Setúbal,140.93,2023-02-27 06:55:26,user_0107,36.9
12.0557,7885766,127,38.168101,-6.2082,Lisboa,126.39,2023-02-10 19:45:57,user_0165,30.7
12.9351,2081530,174,38.453483,-6.593952,Leiria,180.37,2024-07-16 18:11:39,user_0167,34.5
2.1458,2988793,191,41.835443,-8.800146,Setúbal,98.11,2023-09-11 23:44:14,user_0119,33.2
14.2906,7017191,180,38.377839,-6.868427,Braga,61.85,2024-08-19 12:19:21,user_0109,5.5
4.9995,4457005,99,41.382894,-9.471808,Lisboa,105.29,2023-11-01 01:27:37,user_0198,9.4
9.9685,4093898,142,38.423681,-9.058651,Leiria,61.36,2024-09-25 12:24:02,user_0008,19.8
11.3022,2800212,173,37.380552,-8.821019,Porto,136.1,2024-09-26 22:39:35,user_0043,8.9
12.198,130878,103,38.138087,-7.469522,Viseu,112.95,2023-06-15 12:05:36,user_0138,30.7
14.1917,6914887,183,38.264142,-8.838071,Setúbal,173.95,2024-04-21 12:41:28,user_0041,7.5
4.7625,2762108,127,41.791243,-8.258072,Setúbal,171.66,2024-03-15 16:19:28,user_0132,19.6
12.8917,1892508,127,40.271458,-8.674549,Braga,120.85,2023-01-09 08:19:49,user_0132,18.7
2.0621,2893713,69,41.558405,-8.352783,Setúbal,90.31,2024-07-21 12:22:27,user_0024,24.0
10.6051,6488574,140,41.074975,-6.295665,Porto,119.14,2023-10-07 05:10:17,user_0021,27.0
11.1555,4992332,148,39.792992,-6.10892,Aveiro,149.78,2023-08-11 11:48:18,user_0138,38.1
10.1981,6881099,105,40.27694,-7.168545,Lisboa,86.63,2023-01-31 01:30:47,user_0046,14.5
3.8595,3343473,51,40.024186,-7.554153,Setúbal,168.23,2024-01-30 03:34:07,user_0198,28.3
13.1083,1947012,154,40.231315,-7.091277,Lisboa,106.28,2023-04-20 04:38:30,user_0121,6.2
2.616,6778105,161,38.223868,-6.876383,Leiria,190.5,2024-01-02 18:04:34,user_0044,5.0
0.8992,6365898,73,38.940626,-6.987357,Leiria,131.66,2023-06-11 04:21:59,user_0100,5.9
10.7902,4871482,158,39.863079,-9.221565,Setúbal,178.6,2023-02-06 21:06:25,user_0033,20.7
7.1846,2009326,117,37.079642,-8.445002,Setúbal,146.22,2024-06-18 01:15:23,user_0094,24.4
12.7516,4193513,163,39.314175,-8.332333,Leiria,137.64,2023-10-14 19:18:17,user_0036,5.2
5.8126,3725614,133,41.198635,-8.244535,Faro,155.5,2023-11-22 07:11:47,user_0153,18.9
2.6074,6849502,98,39.361839,-8.329333,Leiria,173.61,2024-03-10 10:42:57,user_0013,6.4
12.563,4321613,81,39.661617,-6.823886,Faro,150.23,2024-01-04 10:51:29,user_0167,27.9
8.2788,6476137,110,37.909526,-6.958144,Coimbra,171.61,2023-06-12 02:56:24,user_0166,27.1
2.919,3700568,178,40.871717,-9.484359,Porto,86.67,2023-07-31 12:59:55,user_0158,32.4
10.8337,403552,151,38.694391,-8.492303,Porto,98.85,2023-10-15 20:31:42,user_0014,24.1
7.7156,7899151,84,41.682938,-7.379544,Lisboa,92.16,2023-04-07 11:57:07,user_0050,26.8
9.1043,3189291,100,41.868574,-9.091097,Viseu,171.76,2023-03-02 06:11:25,user_0068,14.8
6.9674,9455545,94,41.480003,-9.257926,Braga,72.06,2024-02-22 03:38:20,user_0001,8.0
12.4478,9511653,126,37.324384,-6.683446,Lisboa,171.42,2023-02-05 23:55:49,user_0189,30.8
12.4605,9957765,162,38.565916,-7.960873,Setúbal,114.47,2023-10-19 09:49:53,user_0003,26.4
10.6699,3816707,114,41.625688,-6.590663,Évora,71.13,2023-03-04 02:35:01,user_0178,37.8
1.6705,8622903,63,40.922666,-6.699921,Leiria,119.42,2024-01-02 07:56:27,user_0189,39.6
12.5989,4811071,142,41.455918,-6.46254,Évora,102.07,2024-07-18 21:24:59,user_0164,34.7
10.0981,4074973,180,39.762766,-9.335866,Coimbra,142.87,2023-04-06 04:10:23,user_0132,39.5
10.4857,8798,73,39.301988,-8.867158,Coimbra,126.15,2023-04-09 10:56:08,user_0171,27.7
5.5084,4874807,114,37.432482,-8.493113,Aveiro,101.55,2024-02-13 06:52:08,user_0014,8.2
13.2013,7127583,187,41.097358,-9.036817,Coimbra,180.72,2023-12-23 03:19:35,user_0089,8.1
10.908,5668843,62,40.625708,-7.849403,Lisboa,116.95,2024-04-21 03:23:33,user_0103,33.2
1.7776,8108262,191,37.194383,-6.783479,Leiria,125.9,2023-05-24 03:39:35,user_0125,13.3
6.1759,3900275,149,37.947073,-6.265982,Braga,178.53,2024-03-25 16:15:52,user_0067,7.1
13.3071,7593832,187,39.686388,-6.475448,Lisboa,72.47,2024-06-21 00:53:56,user_0007,21.5
0.8032,4728007,148,40.322012,-7.945055,Leiria,114.59,2023-06-29 18:13:37,user_0008,16.0
14.4251,1977165,104,37.588351,-7.33593,Viseu,116.4,2023-02-22 07:12:09,user_0044,25.6
10.2195,3553952,112,38.124124,-8.715633,Viseu,129.42,2024-07-21 01:02:37,user_0192,26.0
9.5075,3757654,120,37.865551,-8.129769,Faro,74.86,2023-08-25 02:10:19,user_0135,28.9
4.1313,8379702,148,37.999986,-6.537979,Leiria,74.37,2024-11-05 14:53:57,user_0048,25.2
3.807,3603019,115,41.503566,-9.400728,Braga,118.3,2023-03-07 09:41:53,user_0062,18.3
14.1367,7741368,128,40.479098,-7.688618,Setúbal,64.62,2024-05-05 09:01:01,user_0025,5.8
4.5443,8059777,122,40.585535,-6.532486,Évora,95.7,2023-11-06 04:25:52,user_0118,36.7
11.655,4210563,96,40.869977,-9.085166,Faro,88.16,2023-09-12 06:21:13,user_0196,16.4
5.9575,6575699,130,38.682865,-6.159343,Aveiro,128.51,2023-08-23 03:20:10,user_0192,22.8
2.1749,1189297,175,40.735923,-9.457869,Viseu,61.56,2024-03-09 12:43:39,user_0113,24.5
0.2597,5372274,101,41.792067,-6.487192,Setúbal,154.6,2023-01-18 16:06:13,user_0146,16.0
8.2094,1013295,195,40.391971,-8.297513,Setúbal,179.78,2023-08-11 12:25:34,user_0122,15.8
14.6391,7661434,195,38.983766,-9.048852,Évora,158.94,2024-12-21 23:39:41,user_0004,14.1
5.6001,3317837,72,40.481799,-8.964982,Aveiro,174.53,2024-03-25 20:11:30,user_0145,13.5
5.4222,5516829,189,41.403974,-7.115992,Porto,150.06,2024-12-23 19:35:19,user_0047,6.1
5.227,9480331,70,37.543808,-6.539553,Évora,131.03,2023-11-19 19:31:15,user_0118,38.5
7.8561,8757529,113,38.226473,-7.320374,Leiria,90.66,2023-04-17 10:44:22,user_0045,25.8
6.6659,7824641,121,41.496481,-6.342335,Lisboa,99.15,2023-02-02 18:15:16,user_0089,8.8
13.2107,1697590,179,41.631165,-6.635572,Lisboa,104.48,2024-08-20 06:22:19,user_0186,25.7
7.6323,2173367,118,39.320696,-9.469292,Évora,65.32,2023-05-26 18:29:05,user_0003,13.1
7.6656,5880077,117,38.772755,-7.223939,Faro,187.83,2023-09-30 21:20:24,user_0140,15.9
2.1617,1406085,196,38.313909,-8.464242,Lisboa,186.04,2024-07-07 03:29:45,user_0145,33.0
14.7428,3418857,177,39.393758,-7.9547,Lisboa,75.09,2024-09-14 12:25:40,user_0118,36.0
3.8246,7614567,156,41.572656,-9.180295,Porto,137.94,2023-03-24 00:45:10,user_0022,29.5
1.1931,8685116,158,37.649048,-8.540863,Viseu,125.47,2023-02-09 19:30:21,user_0039,37.6
9.9809,4538847,121,38.999153,-7.348868,Leiria,155.68,2024-11-23 17:26:41,user_0039,36.7
8.971,9927435,152,41.458039,-8.757501,Braga,144.42,2024-11-07 12:18:15,user_0107,24.3
6.2857,2611212,190,38.645596,-7.298375,Leiria,77.41,2024-09-26 04:32:28,user_0100,36.8
6.3907,2321554,114,40.740407,-6.361691,Setúbal,152.41,2024-08-21 16:44:48,user_0016,24.1
11.7975,4761515,183,38.846299,-9.483203,Viseu,145.24,2023-01-11 00:36:26,user_0179,8.6
3.0161,8304932,161,40.924633,-6.82838,Setúbal,134.37,2024-05-21 11:17:32,user_0118,34.0
12.3218,2787352,128,41.805012,-7.319516,Évora,116.34,2023-03-23 05:35:25,user_0029,9.6
9.7663,9770488,175,38.83911,-9.341449,Viseu,193.69,2023-11-25 13:04:43,user_0071,16.1
6.3426,5371045,170,41.125493,-6.813432,Aveiro,178.92,2023-01-17 14:32:49,user_0169,18.3
6.9246,2498544,136,41.842084,-8.736628,Braga,141.91,2023-06-02 13:50:49,user_0185,33.3
3.924,8684281,97,41.819151,-8.59621,Aveiro,60.89,2024-01-28 17:51:20,user_0156,7.9
11.3065,525957,137,39.068855,-9.182047,Setúbal,120.5,2023-05-29 18:35:58,user_0077,20.6
7.7418,6146685,117,39.328806,-7.683109,Setúbal,158.05,2024-01-17 23:37:05,user_0149,20.3
4.8807,3690339,150,38.417008,-7.806039,Braga,76.42,2023-07-08 19:41:17,user_0132,25.4
8.9811,2327654,66,38.470094,-8.319607,Setúbal,116.92,2023-12-19 14:37:16,user_0126,17.4
14.9364,7870341,87,39.362353,-8.926237,Aveiro,86.84,2024-06-16 20:15:40,user_0099,25.2
6.5854,301951,187,37.902593,-6.650958,Évora,107.34,2023-04-14 04:24:24,user_0116,39.5
13.8183,312499,103,40.455616,-6.520313,Viseu,63.73,2024-05-25 02:11:29,user_0015,7.5
5.2408,8884263,183,39.581543,-7.662029,Viseu,77.74,2023-01-14 10:10:00,user_0181,35.6
0.9155,1686279,183,41.390339,-8.669634,Évora,123.67,2024-03-01 14:14:47,user_0090,15.8
3.1432,3734049,101,40.952912,-9.173226,Braga,185.75,2024-04-29 09:00:59,user_0174,21.3
6.3386,8095979,64,38.512356,-6.54695,Viseu,128.68,2023-02-01 17:48:17,user_0135,30.9
3.3726,6115790,117,39.429023,-9.173421,Braga,123.43,2023-05-05 08:00:00,user_0146,36.9
0.1034,5429048,161,40.652575,-9.455188,Faro,170.26,2023-07-27 07:55:02,user_0089,5.3
13.7335,1270242,153,37.866001,-7.904048,Faro,97.5,2024-07-30 02:34:56,user_0149,28.2
12.6738,8096173,56,37.057989,-7.013679,Leiria,73.31,2024-03-27 02:44:34,user_0116,7.4
11.1602,6578518,100,41.161523,-7.944374,Leiria,89.34,2023-02-08 18:03:12,user_0136,23.4
2.6004,2290860,107,37.587751,-9.325204,Viseu,170.78,2024-04-22 23:21:28,user_0187,31.2
1.8934,2811318,158,41.347057,-7.153901,Faro,154.79,2023-01-07 02:00:53,user_0020,10.9
1.1073,1189042,160,41.46804,-7.316069,Faro,72.81,2023-10-11 17:03:46,user_0082,31.7
10.888,1173077,80,39.203502,-7.182799,Setúbal,153.39,2023-07-18 01:21:28,user_0117,15.8
13.9392,4978820,141,40.933909,-8.781912,Aveiro,190.42,2024-09-14 00:29:35,user_0067,26.4
6.515,4811102,155,38.715956,-6.794625,Setúbal,66.29,2024-04-26 20:57:30,user_0183,28.0
1.8752,9419257,62,41.191323,-7.870828,Setúbal,146.3,2024-09-22 22:13:31,user_0062,27.7
7.7347,3027936,195,41.023409,-7.6764,Leiria,113.08,2023-01-14 22:15:08,user_0018,5.6
5.2976,4754895,168,37.292592,-7.644178,Lisboa,130.14,2024-09-25 05:01:51,user_0091,10.3
5.6849,551741,190,39.813009,-8.524858,Coimbra,133.95,2024-04-19 01:40:59,user_0110,35.0
9.3578,9283926,164,40.099995,-8.649544,Viseu,167.95,2023-06-18 18:04:27,user_0056,37.9
10.8089,6090007,106,36.904286,-9.483795,Viseu,137.98,2023-10-05 21:53:06,user_0085,24.7
1.748,723809,175,41.799592,-8.151525,Porto,143.03,2024-12-13 22:14:28,user_0150,25.9
0.6303,9960710,103,38.932838,-7.85065,Leiria,106.61,2023-03-14 17:03:25,user_0008,31.4
14.9155,156837,182,39.486716,-6.974467,Braga,77.63,2023-08-19 06:47:18,user_0139,19.2
3.5677,519676,68,37.87402,-9.273468,Viseu,155.58,2024-09-24 17:51:30,user_0107,16.5
0.9021,1610921,126,39.954593,-6.358436,Porto,60.07,2024-01-24 00:56:33,user_0012,31.9
2.9291,4463593,118,40.953099,-8.602541,Aveiro,106.02,2023-05-17 02:01:57,user_0176,6.0
0.6805,6916950,93,39.829462,-8.25315,Coimbra,90.53,2024-01-01 11:24:08,user_0103,36.0
5.938,2694670,87,40.840175,-9.335568,Porto,114.39,2023-12-01 07:55:09,user_0063,20.4
12.0558,6970746,111,40.55554,-7.279336,Coimbra,103.58,2024-11-07 05:39:05,user_0027,22.6
5.1845,5659848,71,38.088289,-7.089662,Évora,158.59,2023-01-16 16:28:40,user_0035,27.2
6.7183,9545322,122,39.079064,-6.34211,Évora,96.43,2023-06-30 14:18:37,user_0130,14.6
10.1662,4161460,174,37.643134,-8.354781,Lisboa,138.51,2024-01-22 11:21:25,user_0136,25.9
7.6825,9125272,54,37.109679,-8.624946,Lisboa,123.81,2023-09-01 12:08:23,user_0020,29.3
12.9355,7402072,103,37.215345,-7.031306,Braga,172.15,2023-10-15 04:21:53,user_0008,9.1
13.0039,5875836,135,41.6125,-7.096877,Porto,119.93,2023-04-25 14:43:55,user_0191,23.2
0.2477,8893396,52,41.822687,-6.313778,Braga,180.94,2023-09-11 03:35:02,user_0068,16.5
11.6929,1506440,87,37.374888,-8.801917,Coimbra,60.02,2023-09-14 21:31:01,user_0159,24.5
6.9649,8181494,191,38.575967,-7.102005,Évora,144.68,2024-04-01 10:02:47,user_0160,5.7
14.8337,4411045,191,37.472103,-9.272647,Porto,61.37,2023-06-22 10:18:26,user_0141,31.0
7.3002,1477482,122,41.071144,-7.866748,Évora,159.95,2024-12-15 02:50:22,user_0086,10.9
14.8047,9622286,87,39.381485,-9.094071,Faro,92.89,2024-01-01 21:55:32,user_0026,29.1
11.3431,6621504,174,40.006309,-7.279304,Aveiro,113.2,2024-08-15 16:21:46,user_0081,31.9
3.8042,6528925,119,39.599554,-7.455013,Aveiro,113.26,2024-04-01 19:52:55,user_0157,31.3
8.1221,1125664,114,40.451268,-9.333968,Faro,178.5,2024-10-03 10:25:33,user_0120,33.6
14.8828,2667107,74,38.495661,-8.413299,Viseu,74.29,2024-10-11 23:50:40,user_0018,15.8
12.8772,3725563,65,37.587467,-8.156886,Aveiro,153.37,2024-08-17 20:19:23,user_0069,38.8
1.5508,7231445,64,36.9881,-8.656595,Leiria,197.38,2023-01-22 12:14:33,user_0140,5.8
10.6249,6157703,180,39.128464,-9.368522,Évora,63.13,2024-02-10 02:32:14,user_0130,21.8
5.2491,3380635,86,41.439172,-8.416006,Setúbal,195.23,2023-07-24 12:59:46,user_0170,14.5
0.204,2959532,174,38.426333,-6.805075,Évora,62.58,2023-04-21 17:55:38,user_0135,30.9
6.1119,4150122,162,37.879784,-8.275629,Évora,177.76,2024-10-16 22:30:41,user_0047,33.2
3.5978,8198344,50,41.530214,-8.400543,Braga,194.57,2024-04-24 13:26:39,user_0123,33.8
12.3012,1106136,120,37.427243,-6.298039,Setúbal,199.02,2023-03-06 02:10:07,user_0054,15.4
5.1262,901495,152,37.159005,-9.358456,Setúbal,124.28,2023-10-07 00:16:07,user_0015,14.6
12.4301,3120847,68,41.297066,-6.89122,Leiria,181.37,2024-12-02 05:48:42,user_0186,28.7
0.1089,5131131,101,40.404547,-7.857482,Lisboa,77.13,2024-03-23 02:05:45,user_0161,37.5
4.6865,4474445,167,39.010343,-6.288827,Évora,119.55,2024-04-01 15:11:27,user_0195,13.9
3.6934,5168811,156,40.66172,-8.162199,Lisboa,103.12,2023-06-16 00:32:17,user_0191,36.9
3.5802,3149407,104,40.6072,-7.092656,Viseu,115.32,2023-06-25 11:07:16,user_0176,25.7
1.116,6779697,63,37.100303,-9.26222,Coimbra,158.28,2023-04-22 12:09:54,user_0066,30.8
2.8882,3710324,62,40.281234,-6.342174,Évora,72.25,2024-12-09 11:48:40,user_0081,20.4
8.3777,7546128,133,40.104362,-8.328555,Setúbal,199.74,2024-10-26 02:33:50,user_0193,33.2
4.4413,6986658,139,41.718896,-7.718384,Setúbal,148.91,2023-08-29 09:04:07,user_0036,39.0
6.3192,9371520,76,41.733113,-9.029163,Faro,182.29,2024-01-31 19:56:07,user_0017,11.0
5.7153,7278492,138,38.788997,-6.285103,Évora,176.16,2023-05-31 22:23:14,user_0002,18.5
13.151,2544306,186,39.84921,-7.211901,Leiria,167.24,2023-04-12 03:51:38,user_0033,35.2
13.589,529983,90,37.606787,-9.316579,Setúbal,65.49,2024-01-31 04:31:08,user_0093,11.2
7.4451,2323964,97,37.232283,-8.972297,Viseu,132.31,2024-08-07 01:50:26,user_0124,19.5
5.0193,582787,61,39.063899,-8.140564,Évora,105.94,2024-09-21 16:32:08,user_0134,10.8
1.6913,23382,187,40.34941,-8.762979,Leiria,75.81,2023-08-14 13:39:06,user_0171,27.7
14.3057,5617492,55,39.738806,-8.464273,Évora,108.02,2024-05-29 17:59:22,user_0100,13.3
0.9974,7346796,90,39.048285,-6.10853,Setúbal,150.27,2024-01-18 09:04:19,user_0088,18.3
4.535,4940560,55,40.990563,-7.260594,Braga,92.29,2023-04-09 17:37:25,user_0011,22.2
4.5412,1342643,179,40.872137,-6.36446,Lisboa,122.24,2024-12-27 20:24:54,user_0005,15.4
4.874,9692217,64,40.55971,-8.018286,Viseu,116.63,2024-12-13 07:36:41,user_0030,28.8
2.5479,1930719,194,37.285161,-7.08504,Leiria,67.34,2023-04-16 23:04:11,user_0138,8.9
11.7691,9299953,65,40.882348,-7.937053,Évora,147.93,2024-11-12 02:41:04,user_0091,35.8
1.9252,8259150,134,41.497107,-8.384037,Braga,146.64,2024-10-31 11:48:15,user_0091,21.8
9.5601,3428811,59,37.19721,-7.734811,Viseu,195.3,2023-08-20 18:32:01,user_0152,25.0
1.9453,9680956,187,38.908357,-8.047142,Leiria,101.72,2024-02-11 20:36:07,user_0187,26.8
1.151,9455984,187,41.841777,-6.166162,Braga,118.65,2024-11-23 11:29:57,user_0122,7.1
13.6505,2513614,68,39.896194,-7.813034,Braga,116.51,2023-03-28 10:08:43,user_0118,31.5
2.9329,4846113,117,39.467887,-6.742215,Évora,188.76,2023-08-20 20:18:35,user_0195,38.1
12.3366,2543173,91,37.787231,-7.232814,Porto,117.21,2024-10-04 03:15:35,user_0061,23.2
8.215,3144720,189,39.727431,-7.869267,Viseu,121.99,2024-06-14 18:26:00,user_0102,18.7
1.2601,3791343,195,39.095216,-7.88789,Évora,95.33,2024-07-12 18:25:17,user_0026,32.5
14.3362,1622512,133,37.537215,-8.337574,Évora,60.16,2024-10-04 11:54:39,user_0109,30.2
3.7797,450067,183,39.221663,-9.136262,Lisboa,75.46,2023-10-30 05:59:00,user_0112,27.8
12.9087,6192072,102,37.721997,-6.911004,Viseu,158.54,2023-10-28 05:07:51,user_0039,38.8
2.6153,8744250,147,40.553318,-6.378478,Porto,155.55,2023-11-20 09:26:19,user_0003,25.4
12.8237,5010500,91,41.768242,-8.758953,Faro,105.15,2024-11-12 15:37:28,user_0038,13.7
0.2971,6061782,79,39.247885,-6.35271,Coimbra,126.22,2024-10-14 17:09:33,user_0042,5.9
7.7255,6461029,58,40.061842,-8.710166,Braga,101.63,2024-11-12 06:32:25,user_0048,20.9
11.5647,7397239,83,39.054878,-7.697731,Viseu,162.33,2023-07-19 20:54:31,user_0013,27.8
14.0285,5377168,137,37.592269,-8.331685,Aveiro,177.95,2024-07-22 17:58:12,user_0089,11.0
13.6471,8017464,194,41.752776,-9.11067,Évora,185.87,2023-03-19 22:38:07,user_0088,5.9
12.3124,6421472,99,37.547893,-9.32035,Leiria,84.34,2023-05-15 20:45:31,user_0056,36.8
13.3341,1697152,125,37.458134,-8.257822,Braga,157.3,2024-07-10 14:04:47,user_0187,15.6
3.0684,1159149,95,39.195865,-9.339031,Viseu,194.82,2024-03-22 17:55:03,user_0063,21.3
4.3343,120730,95,40.194436,-9.145698,Lisboa,151.09,2023-07-14 19:25:58,user_0080,8.2
4.4056,4081093,175,38.674616,-9.016188,Leiria,109.14,2024-02-18 22:35:41,user_0043,18.4
5.7181,9501370,66,37.862585,-9.493487,Leiria,149.03,2023-06-18 13:34:00,user_0075,19.8
5.9605,1839968,115,40.994817,-8.978942,Lisboa,156.38,2023-06-19 11:50:16,user_0057,36.6
8.2139,4213085,153,38.715517,-7.537252,Aveiro,115.59,2024-05-16 18:51:37,user_0149,35.3
2.4822,1286793,54,37.871605,-6.713621,Viseu,74.56,2023-09-20 06:15:30,user_0182,11.6
10.3996,7855506,172,38.725424,-8.842338,Lisboa,144.93,2024-05-17 08:14:07,user_0181,24.5
2.5967,1941042,174,37.972771,-9.225033,Setúbal,172.3,2023-12-14 22:04:15,user_0173,30.6
4.7236,2651222,161,39.497239,-7.019652,Leiria,199.66,2024-01-02 16:43:36,user_0164,15.2
7.5998,9755715,65,40.241447,-9.472247,Braga,91.23,2024-03-17 10:33:00,user_0063,18.8
11.967,3818067,130,40.897787,-7.003849,Setúbal,158.05,2024-06-03 18:34:30,user_0126,39.5
11.1181,8649769,140,38.03781,-9.054201,Braga,63.93,2023-09-30 23:46:07,user_0125,31.6
9.7185,6357722,184,37.73477,-8.723831,Faro,195.78,2024-09-14 01:18:27,user_0001,20.3
2.421,7735491,185,36.998017,-9.091762,Évora,61.76,2023-12-25 18:07:36,user_0092,23.7
8.251,5375653,121,38.040439,-8.65905,Viseu,110.23,2023-04-11 09:13:22,user_0195,26.9
1.403,3857469,145,37.019527,-6.786202,Coimbra,70.7,2023-05-22 01:54:43,user_0119,22.5
5.7227,3851526,160,38.627371,-9.04935,Coimbra,146.94,2023-01-24 12:39:42,user_0161,19.4
6.2614,335983,131,37.628465,-6.119837,Évora,107.53,2024-07-12 02:43:14,user_0032,17.6
0.6932,2466993,87,39.799478,-8.387868,Faro,162.61,2023-01-11 23:02:59,user_0186,10.9
4.1824,1115059,103,38.818634,-6.365308,Lisboa,128.09,2023-07-16 23:55:28,user_0126,39.1
14.3392,8788377,125,37.367927,-8.853888,Viseu,118.72,2023-10-29 12:31:52,user_0026,8.2
14.3091,2654965,64,38.899332,-8.861148,Porto,108.79,2024-06-25 22:15:50,user_0061,26.0
5.3497,7551506,165,37.946741,-7.577859,Setúbal,72.06,2024-12-22 10:01:28,user_0112,38.6
0.7422,5338888,58,40.300887,-9.32796,Leiria,88.68,2024-07-07 04:14:45,user_0145,18.1
2.7685,9481532,57,38.722181,-6.77659,Évora,149.47,2023-02-18 06:42:30,user_0069,13.8
5.944,4920851,159,37.63515,-8.005308,Coimbra,129.55,2024-11-07 18:50:53,user_0029,38.4
14.2219,4463721,196,38.648009,-7.122732,Porto,69.81,2024-12-20 12:11:46,user_0063,33.1
2.2039,3472108,100,38.021892,-8.906251,Coimbra,136.15,2024-09-25 00:06:00,user_0134,27.9
11.4764,4925233,80,40.878895,-7.315985,Faro,67.58,2023-12-24 15:47:58,user_0105,26.4
1.7194,8523215,151,41.816838,-7.48016,Porto,131.64,2023-08-26 04:10:16,user_0187,17.6
14.7207,5768076,52,37.027457,-6.930752,Lisboa,195.09,2023-12-01 00:11:13,user_0115,27.4
5.7861,5495179,148,40.350101,-8.488836,Coimbra,103.03,2023-06-30 03:39:10,user_0021,30.4
11.651,3346953,132,38.219789,-6.327237,Setúbal,161.29,2023-10-23 13:15:56,user_0173,6.1
5.2046,1156928,92,37.232043,-6.231576,Lisboa,164.38,2023-01-31 12:47:46,user_0173,9.1
9.4523,3241695,78,36.971757,-6.54838,Lisboa,116.68,2024-06-20 19:00:46,user_0087,16.0
2.961,6642589,59,41.305048,-7.555085,Leiria,143.06,2023-10-05 16:09:19,user_0035,16.3
2.2757,212628,189,38.668033,-8.07102,Faro,126.09,2023-08-17 09:57:50,user_0052,36.5
14.0772,6643509,95,41.872719,-9.302826,Porto,99.67,2024-03-22 09:33:55,user_0046,29.0
13.7729,7763412,79,39.111886,-6.279425,Porto,165.66,2024-06-26 00:02:12,user_0194,18.1
13.3233,4327261,143,37.837989,-6.263943,Coimbra,158.4,2024-03-09 11:28:39,user_0057,33.3
9.419,4771873,81,40.785718,-9.436459,Porto,186.08,2024-01-19 10:02:20,user_0042,16.3
12.1432,7645447,96,41.532461,-8.286582,Coimbra,146.54,2024-10-01 07:43:03,user_0077,39.7
1.1287,1085110,137,40.978105,-6.507876,Setúbal,114.42,2024-07-28 10:50:09,user_0098,32.4
5.0884,9530218,112,40.625996,-9.225103,Évora,159.96,2024-01-16 01:46:19,user_0016,33.3
4.7742,7398129,180,38.573498,-8.831674,Setúbal,146.67,2023-11-26 16:12:00,user_0133,14.1
9.5711,4623527,72,37.222452,-6.172497,Coimbra,146.33,2024-08-26 17:13:01,user_0001,10.1
5.4038,5715574,123,37.906497,-6.619218,Viseu,178.98,2023-01-31 23:07:36,user_0150,18.6
2.3128,5906512,99,39.134051,-6.398984,Braga,187.47,2024-12-27 23:03:11,user_0048,16.7
8.9874,9947892,173,41.680999,-9.016675,Coimbra,85.23,2024-01-14 15:40:13,user_0122,31.9
12.2343,974687,62,40.514271,-8.781526,Faro,103.97,2023-10-16 19:06:29,user_0026,11.1
5.7936,7701349,175,41.041415,-7.441584,Coimbra,151.04,2024-06-20 16:10:47,user_0034,23.5
2.0708,824726,78,38.286469,-7.79409,Braga,138.01,2024-02-12 02:55:14,user_0114,27.0
3.0307,5840445,170,40.319115,-8.485088,Lisboa,151.33,2024-01-12 18:32:22,user_0058,18.5
3.6385,8393302,139,41.212191,-6.494923,Braga,120.62,2024-04-05 08:57:45,user_0135,12.0
4.5685,2679590,182,39.297058,-6.435279,Faro,117.74,2023-02-05 23:39:22,user_0025,36.3
9.6776,4740148,197,39.049459,-8.508274,Setúbal,76.47,2023-08-01 13:27:44,user_0185,9.9
9.0541,6210239,127,40.497023,-8.970439,Coimbra,147.31,2023-10-18 13:39:32,user_0140,15.6
10.4716,9062875,158,39.699558,-8.993086,Lisboa,84.61,2023-08-11 07:47:19,user_0159,31.5
5.5013,2037775,63,41.865855,-7.852954,Viseu,153.94,2024-08-27 03:55:12,user_0027,26.2
12.3776,9616743,185,39.025514,-9.048077,Évora,195.39,2023-12-03 18:48:08,user_0086,30.6
3.1409,1986373,97,37.779716,-7.890643,Leiria,95.9,2023-11-05 09:32:14,user_0162,33.3
7.0887,4818060,190,39.259675,-7.929424,Setúbal,79.9,2024-03-23 14:06:45,user_0118,36.3
12.034,2916971,73,38.076025,-6.494025,Setúbal,63.38,2023-02-09 19:39:27,user_0081,15.7
2.7844,5835770,128,39.706269,-8.492885,Leiria,113.04,2024-01-13 09:18:29,user_0075,21.6
1.737,9413054,100,37.528985,-7.593782,Coimbra,90.05,2023-04-14 20:02:17,user_0093,29.1
13.2669,2613456,52,41.649881,-6.9721,Faro,128.86,2024-08-28 19:44:03,user_0034,32.8
5.2097,7214554,177,41.199114,-7.47389,Faro,133.4,2023-11-26 17:45:01,user_0115,25.2
10.2897,4266660,168,37.677827,-6.256169,Faro,108.91,2024-06-11 12:46:18,user_0165,23.0
0.4777,6084010,107,37.761965,-7.452257,Aveiro,164.99,2023-03-24 14:45:58,user_0186,29.2
10.3817,6551381,174,39.462193,-6.433669,Lisboa,186.67,2024-07-22 11:22:10,user_0113,18.4
4.8099,608919,162,40.764407,-8.666808,Viseu,89.61,2024-11-15 14:59:59,user_0112,36.3
0.9305,6727830,104,37.995397,-7.593441,Viseu,177.08,2024-05-23 03:55:11,user_0060,12.4
9.1862,9221838,168,37.204859,-7.65276,Braga,78.37,2023-04-09 18:34:22,user_0026,35.9
3.688,5924216,169,39.627671,-6.135863,Aveiro,92.02,2023-10-29 21:33:32,user_0126,27.5
5.8634,8729430,129,40.357986,-8.804679,Leiria,138.6,2023-11-26 03:31:12,user_0173,26.0
1.3007,4704863,91,38.121827,-9.020622,Porto,102.92,2023-05-11 13:57:09,user_0045,21.4
2.2927,7352236,70,40.598839,-7.420315,Coimbra,65.84,2024-03-06 22:19:37,user_0032,10.4
4.5399,7085282,59,41.653219,-8.739447,Aveiro,101.28,2024-06-04 05:21:16,user_0197,35.3
1.4374,4440768,106,37.585372,-7.326872,Faro,186.68,2023-05-28 09:50:55,user_0071,6.8
13.6713,5276473,105,39.455145,-6.193537,Lisboa,84.39,2023-11-28 22:02:59,user_0023,14.4
0.1901,6499716,87,37.18421,-6.28188,Setúbal,166.93,2023-07-02 13:26:30,user_0193,8.8
7.3095,115064,135,37.933305,-8.71425,Leiria,161.12,2024-05-19 22:53:21,user_0167,8.7
1.9364,2589644,162,37.349097,-8.918952,Leiria,74.87,2024-10-24 05:29:10,user_0195,18.7
4.6844,7209403,161,38.920033,-7.593486,Lisboa,106.12,2024-08-04 10:26:19,user_0173,10.6
13.8983,9929458,103,41.004159,-7.504957,Coimbra,86.51,2024-06-08 09:55:30,user_0195,25.3
2.5092,3058321,95,39.785652,-7.24835,Lisboa,63.24,2023-04-01 04:29:40,user_0063,27.0
14.4909,2200852,53,38.012924,-6.978931,Évora,84.23,2023-03-25 08:10:11,user_0070,35.9
3.1663,6447726,111,37.100553,-7.456745,Braga,88.22,2023-11-25 01:27:37,user_0054,15.5
11.1493,4347864,173,39.666991,-9.12004,Porto,83.24,2023-09-22 22:46:05,user_0027,15.8
8.2455,8033907,177,37.563984,-6.813463,Aveiro,72.75,2024-01-18 09:16:45,user_0093,13.6
13.2787,3103800,161,38.61367,-9.229642,Leiria,133.68,2023-10-08 09:12:38,user_0079,32.4
8.3545,1338618,134,39.450961,-9.432025,Évora,105.17,2024-07-31 11:29:12,user_0036,20.0
8.0649,7735167,53,41.418663,-6.883162,Setúbal,187.15,2024-01-09 12:23:46,user_0133,24.3
3.0123,586901,114,37.309117,-7.635585,Viseu,86.21,2024-11-24 07:41:17,user_0195,18.1
2.5768,8762529,111,40.243038,-7.124789,Setúbal,144.4,2023-10-04 10:26:58,user_0179,10.5
13.7557,9392247,139,36.970406,-8.198659,Leiria,186.09,2023-10-05 20:14:05,user_0032,8.6
4.9848,7912798,169,40.049543,-9.462286,Faro,66.61,2024-07-14 19:55:15,user_0149,35.4
5.644,407650,179,39.657662,-8.374548,Faro,132.28,2024-10-27 22:40:07,user_0017,14.3
11.4214,5672745,186,40.959333,-7.43234,Porto,123.09,2024-02-17 19:24:44,user_0154,38.0
5.1485,3729046,94,39.558312,-8.73261,Setúbal,190.03,2024-04-26 10:58:17,user_0022,38.2
14.2857,9583105,195,38.663083,-7.161465,Setúbal,152.93,2023-04-20 13:34:19,user_0041,21.8
11.0951,3615383,161,38.113754,-6.799037,Setúbal,108.88,2024-09-26 05:42:02,user_0059,38.6
9.0017,770448,91,37.326249,-7.955492,Coimbra,159.61,2023-05-11 13:44:44,user_0075,6.0
13.2253,3819128,90,39.573063,-6.522548,Évora,141.57,2024-06-03 19:04:19,user_0122,8.2
0.8391,8126710,138,41.34161,-6.593624,Leiria,108.6,2023-11-03 07:04:16,user_0010,13.5
3.9302,5274033,91,39.473722,-6.514603,Lisboa,169.93,2023-08-14 22:45:38,user_0087,12.3
7.029,1840220,84,40.595514,-7.252474,Braga,153.54,2024-07-15 02:24:17,user_0005,13.8
3.482,8523019,116,38.392175,-8.463717,Viseu,60.76,2023-11-22 18:26:39,user_0055,20.8
11.1842,4151910,90,39.140654,-7.863746,Leiria,181.12,2024-04-02 07:27:14,user_0026,7.2
13.7962,2677678,148,38.523016,-7.084264,Faro,115.59,2023-03-27 19:32:44,user_0004,24.4
6.4142,412610,99,37.446331,-8.784084,Setúbal,150.36,2023-04-07 01:07:28,user_0107,15.8
5.1978,7178560,153,38.984943,-6.987932,Aveiro,115.55,2023-05-29 01:57:42,user_0027,7.5
14.4271,52055,135,40.721436,-7.636499,Leiria,183.39,2024-03-30 11:15:25,user_0126,31.4
6.7283,5347389,128,38.874875,-9.173541,Aveiro,151.12,2023-07-04 18:30:15,user_0186,27.9
7.3868,6943122,94,40.150896,-7.605226,Braga,141.11,2023-12-01 19:25:09,user_0003,32.8
5.3396,1136263,196,40.693077,-9.272961,Viseu,197.24,2024-09-16 10:48:06,user_0050,37.9
13.6523,2497838,155,38.513681,-9.451355,Lisboa,99.29,2024-02-01 18:08:25,user_0125,25.5
8.5774,5129584,194,40.887573,-6.475266,Faro,69.14,2023-01-05 04:44:58,user_0026,32.5
11.4564,5762726,171,38.594629,-7.834285,Évora,132.24,2024-10-06 08:57:18,user_0146,12.0
12.1959,2299820,126,38.180535,-7.652815,Porto,119.36,2023-06-23 15:37:43,user_0135,19.4
5.1936,9989056,105,38.012231,-8.548212,Lisboa,123.6,2024-03-05 20:52:04,user_0117,23.6
6.562,3543244,161,37.899521,-7.654668,Coimbra,146.81,2023-12-14 06:28:26,user_0045,23.9
12.7422,1838346,142,40.58562,-8.925846,Braga,146.12,2023-10-27 09:51:06,user_0141,30.1
5.5125,7402633,90,41.337546,-6.964804,Coimbra,114.92,2023-02-27 23:10:26,user_0006,32.9
11.9296,7566169,55,38.053242,-6.700613,Lisboa,180.8,2024-03-14 01:47:19,user_0163,28.3
14.1208,6911542,147,37.326201,-6.590022,Porto,151.2,2023-06-28 15:22:29,user_0053,6.7
9.3858,5898131,122,38.468835,-9.137381,Lisboa,184.59,2024-02-04 13:25:29,user_0196,17.3
11.1502,159876,90,40.189236,-7.603635,Braga,187.84,2024-03-28 10:18:03,user_0170,25.0
12.0959,9053883,58,38.7426,-6.750247,Coimbra,83.42,2024-02-12 00:15:08,user_0004,22.8
12.6911,5516182,57,39.645883,-9.064064,Lisboa,155.28,2024-08-25 10:25:25,user_0060,6.6
5.9863,9788041,153,40.621525,-9.161624,Setúbal,104.45,2023-02-05 17:03:26,user_0173,39.3
0.8638,3410331,62,38.942393,-6.722397,Porto,177.1,2023-04-19 05:26:53,user_0072,38.5
6.088,6189152,68,41.898474,-6.791097,Viseu,162.6,2024-04-21 21:24:39,user_0075,32.1
10.139,3511449,147,38.389746,-7.974443,Faro,87.82,2023-01-27 19:21:10,user_0066,6.9
6.8102,1414447,145,41.791242,-9.126982,Aveiro,191.42,2024-09-15 07:05:20,user_0022,20.1
11.2596,3458332,98,37.915148,-7.745181,Coimbra,155.69,2024-05-01 21:46:45,user_0140,19.3
5.419,2180122,149,37.454659,-8.157669,Faro,192.81,2024-09-03 18:00:46,user_0051,24.5
9.5577,716177,131,40.654153,-7.736939,Leiria,88.27,2023-08-06 20:41:45,user_0145,7.0
2.8777,5412199,115,40.411548,-8.004356,Porto,181.76,2024-11-02 21:08:23,user_0164,19.8
11.2656,9440105,140,40.955847,-7.567051,Porto,153.53,2023-02-05 19:01:46,user_0093,31.5
8.2309,3019332,108,38.617952,-7.027759,Setúbal,137.32,2023-11-01 09:05:07,user_0049,39.9
3.1406,479177,102,41.554038,-6.865476,Setúbal,174.87,2023-05-11 02:54:42,user_0016,25.8
4.4495,9880084,101,37.497407,-7.293461,Braga,148.6,2024-05-05 15:01:31,user_0044,37.9
11.2543,521317,130,37.051386,-8.823602,Leiria,153.74,2024-03-22 02:17:33,user_0107,39.9
7.2908,3826562,64,38.402819,-8.149782,Lisboa,95.51,2024-05-19 19:19:06,user_0150,20.2
3.3189,8167399,170,40.886622,-9.257838,Braga,174.39,2024-03-10 07:51:23,user_0094,28.4
14.5123,1508797,197,40.264912,-7.964309,Aveiro,151.04,2024-07-28 17:37:43,user_0008,12.5
10.7554,3926888,54,39.081044,-6.200846,Aveiro,178.21,2023-05-10 12:23:08,user_0110,21.6
14.3613,2024676,184,38.181268,-7.318116,Coimbra,109.21,2023-11-29 09:31:07,user_0018,7.7
6.4639,9036545,67,37.196364,-8.974317,Aveiro,106.44,2024-02-27 15:29:21,user_0080,6.0
7.179,5202753,105,38.587528,-8.586836,Viseu,63.35,2024-11-10 23:31:35,user_0118,36.3
13.4795,2152304,124,39.200099,-9.28045,Aveiro,167.6,2023-03-09 23:34:21,user_0072,35.0
7.9232,7560105,145,40.335119,-8.879793,Lisboa,106.24,2023-08-07 11:38:21,user_0094,15.9
10.6385,4552939,163,40.12986,-7.841338,Braga,105.81,2023-09-27 01:20:10,user_0038,21.0
3.8574,6514849,150,41.636725,-8.327488,Lisboa,156.42,2023-10-04 15:01:02,user_0157,22.3
6.7562,8475177,77,37.40198,-8.806528,Porto,95.4,2023-02-19 09:31:12,user_0081,23.2
1.9394,8198931,99,38.581701,-9.001565,Coimbra,187.26,2023-11-08 22:42:49,user_0107,9.7
3.1691,984131,51,39.30789,-7.269358,Braga,135.33,2024-02-06 20:15:12,user_0130,32.1
0.1141,4875436,117,40.253479,-7.602452,Setúbal,195.73,2023-08-02 18:25:44,user_0187,17.2
0.685,7749611,177,39.377258,-6.635023,Faro,70.73,2023-04-09 05:14:32,user_0042,6.1
14.6615,4878154,126,41.463791,-8.87694,Faro,107.16,2024-05-22 01:43:57,user_0118,28.7
3.7111,7940312,73,39.943362,-6.616849,Viseu,113.41,2023-07-20 07:48:46,user_0021,34.0
9.9833,7681147,161,37.098327,-7.535102,Évora,162.26,2024-01-20 17:57:50,user_0130,37.1
12.6026,9610401,168,37.46828,-8.594841,Évora,89.81,2024-01-18 23:48:05,user_0005,28.6
8.3048,5204369,85,40.667478,-8.569919,Leiria,112.55,2024-05-22 22:55:58,user_0017,11.7
2.3819,6361293,51,40.478938,-8.172707,Aveiro,187.49,2024-03-22 19:10:53,user_0024,25.6
10.9489,5905447,176,37.667485,-7.935567,Braga,76.04,2023-03-21 18:58:30,user_0136,36.9
9.0437,945424,154,37.194543,-9.219483,Porto,164.35,2024-06-16 16:50:37,user_0158,17.3
10.9956,1958754,67,39.793589,-6.637203,Lisboa,158.35,2024-04-04 03:42:18,user_0178,38.4
11.5692,639068,57,40.078694,-9.08676,Viseu,78.27,2024-12-21 15:33:21,user_0150,8.4
14.6336,1371242,64,37.576498,-7.856237,Setúbal,156.39,2023-12-20 01:46:31,user_0059,30.5
8.6461,3663175,194,39.268097,-8.197908,Coimbra,139.77,2024-05-17 17:13:22,user_0152,9.2
5.1905,6150208,72,38.429158,-7.758224,Braga,100.25,2024-11-12 17:46:55,user_0026,33.0
9.7621,2020148,142,41.556528,-6.482559,Porto,103.56,2024-12-20 23:35:53,user_0061,8.4
1.1198,1160675,98,37.995999,-6.1371,Porto,176.62,2023-07-29 15:31:17,user_0136,16.4
13.4712,5918342,113,40.566304,-9.431077,Coimbra,92.34,2024-03-20 10:57:27,user_0012,32.2
1.8788,4036589,83,39.49067,-8.162986,Lisboa,131.79,2023-08-20 00:52:46,user_0014,21.1
4.9849,2726427,67,36.957605,-6.720124,Setúbal,155.36,2024-01-19 12:51:15,user_0030,35.9
12.2546,4772925,113,39.484993,-8.38955,Viseu,78.19,2024-12-27 08:49:34,user_0183,19.1
9.0,8079850,155,37.397361,-7.293277,Faro,190.53,2023-09-16 07:30:38,user_0099,39.8
