actionId,date,durationMinutes,encouragementMessage,id,recommendation,timestamp,title,userId
high_intensity,11-05-2026 13:13:35,10,Excelente intensidade! Continue assim.,yBY26thP7TUukQMTpeMj,True,1778505215000,Alta Intensidade,f7c6682ad24d37f8
medium_intensity,20-05-2026 00:54:11,5,Este nível de atividade é ideal para o seu bem-estar.,AcpfUwnHCZVA0CoYjbN0,True,1779238451000,Ritmo Saudável,57e7d972b508815d
low_intensity,23-05-2026 05:50:39,2,Um ritmo mais leve será benéfico para o seu bem-estar.,m89EGo9zMnvtgWOXsnf2,True,1779515439000,Ritmo Baixo,8e7f2987241c2818
low_intensity,11-05-2026 14:27:29,2,Um ritmo mais leve será benéfico para o seu bem-estar.,aCKBNtjBM47iSuli3Ri6,True,1778509649000,Ritmo Baixo,8f8c45c33ff51d0e
medium_intensity,29-05-2026 00:58:51,5,Este nível de atividade é ideal para o seu bem-estar.,78n1vm2bgZlE9ukwI6E0,True,1780016331000,Ritmo Saudável,574582321d04df00
high_intensity,11-05-2026 19:04:57,10,Excelente intensidade! Continue assim.,HkVR2Drq2OphPakEezLc,True,1778526297000,Alta Intensidade,1b38ab967d98cc4e
medium_intensity,03-05-2026 19:27:21,5,Este nível de atividade é ideal para o seu bem-estar.,ocr7qmqXttDk0Wt57nUW,True,1777836441000,Ritmo Saudável,53c682ded6545e06
medium_intensity,22-05-2026 22:23:43,5,Este nível de atividade é ideal para o seu bem-estar.,vYvl2Nk3W4uNrmTOWnQl,True,1779488623000,Ritmo Saudável,63d3511e9e857901
medium_intensity,05-05-2026 23:00:25,5,Este nível de atividade é ideal para o seu bem-estar.,9iY28HZMNQX2xpLUfDUD,True,1778022025000,Ritmo Saudável,b8e78b83a62a0cb7
high_intensity,19-05-2026 17:10:09,10,Excelente intensidade! Continue assim.,ITX0vy2MyvLGi4bPHB9n,True,1779210609000,Alta Intensidade,f879804e4456e5d4
low_intensity,14-05-2026 07:24:30,2,Um ritmo mais leve será benéfico para o seu bem-estar.,lKNElAC92reERGDHTYct,True,1778743470000,Ritmo Baixo,72ba4e2f87adceb5
high_intensity,02-05-2026 19:19:22,10,Excelente intensidade! Continue assim.,Iq72hG3qnGrmHUnKKwdH,True,1777749562000,Alta Intensidade,c9ab51cba10ae1e9
medium_intensity,15-05-2026 21:19:28,5,Este nível de atividade é ideal para o seu bem-estar.,TSnYCw5ZXC85oSrtrddz,True,1778879968000,Ritmo Saudável,9d16533a62ab9315
high_intensity,17-05-2026 11:27:28,10,Excelente intensidade! Continue assim.,qwv7lfu5dULS5G6xQQAs,True,1779017248000,Alta Intensidade,8e2e127651e9cbde
high_intensity,07-05-2026 21:05:36,10,Excelente intensidade! Continue assim.,eWZYBplZ8BH5G5WqwlQr,True,1778187936000,Alta Intensidade,39a54d73a921b9f6
low_intensity,14-05-2026 11:28:19,2,Um ritmo mais leve será benéfico para o seu bem-estar.,YE7KR1YKANvyCiUPkToO,True,1778758099000,Ritmo Baixo,ec75a53f04901eec
high_intensity,02-05-2026 13:02:18,10,Excelente intensidade! Continue assim.,N1az27kp7DmZH9Lb6ext,True,1777726938000,Alta Intensidade,d0825fdf3da3660c
medium_intensity,29-05-2026 08:16:26,5,Este nível de atividade é ideal para o seu bem-estar.,vxvM2kIvNJM6vulf35kF,True,1780042586000,Ritmo Saudável,517fc5ca69b652a5
medium_intensity,07-05-2026 09:40:30,5,Este nível de atividade é ideal para o seu bem-estar.,w77MHPVXWxgcIofxg0Sj,True,1778146830000,Ritmo Saudável,bb80f878cef35322
high_intensity,03-05-2026 02:29:25,10,Excelente intensidade! Continue assim.,VaH5Ac7eHMvonc0D0KmD,True,1777775365000,Alta Intensidade,5e1de20fecf98844
low_intensity,04-05-2026 13:16:44,2,Um ritmo mais leve será benéfico para o seu bem-estar.,oHEmbyQpdYXEfzLU0Ulg,True,1777900604000,Ritmo Baixo,d632e4ce536ec364
low_intensity,08-05-2026 19:52:27,2,Um ritmo mais leve será benéfico para o seu bem-estar.,BHIldfLdWQwoYCG8XOnn,True,1778269947000,Ritmo Baixo,daf96d2280390dec
high_intensity,13-05-2026 04:00:50,10,Excelente intensidade! Continue assim.,r0ipO410P4UIQIgGsA5p,True,1778644850000,Alta Intensidade,75778bdb64d1008e
low_intensity,22-05-2026 02:34:44,2,Um ritmo mais leve será benéfico para o seu bem-estar.,ijgM94P4pBAQXXdRJlRF,True,1779417284000,Ritmo Baixo,1bd749deaf799034
medium_intensity,02-05-2026 10:45:19,5,Este nível de atividade é ideal para o seu bem-estar.,3n0zSRlaJyzg2RQg2Ggd,True,1777718719000,Ritmo Saudável,55b620d8c0ab41e0
medium_intensity,08-05-2026 07:21:04,5,Este nível de atividade é ideal para o seu bem-estar.,wAYYB4MDlPr3fGzVwUcj,True,1778224864000,Ritmo Saudável,8dc02e5c153f83a3
medium_intensity,08-05-2026 07:13:44,5,Este nível de atividade é ideal para o seu bem-estar.,1McdpvsmkFjglL5uUlDP,True,1778224424000,Ritmo Saudável,7e8fb26408446272
low_intensity,19-05-2026 00:54:30,2,Um ritmo mais leve será benéfico para o seu bem-estar.,du4a6eNR9DJmDYEUUUje,True,1779152070000,Ritmo Baixo,75778bdb64d1008e
low_intensity,04-05-2026 17:26:56,2,Um ritmo mais leve será benéfico para o seu bem-estar.,iguMGAnsgJ5WeivrBIiF,True,1777915616000,Ritmo Baixo,f7c6682ad24d37f8
high_intensity,17-05-2026 21:41:41,10,Excelente intensidade! Continue assim.,8ZsGMBMVmJ3R94R34zCn,True,1779054101000,Alta Intensidade,2a339e8954684016
medium_intensity,25-05-2026 22:40:51,5,Este nível de atividade é ideal para o seu bem-estar.,tcRDWQcd6ESC3Ab4k97T,True,1779748851000,Ritmo Saudável,a8c47673d6a4f85c
medium_intensity,19-05-2026 14:36:01,5,Este nível de atividade é ideal para o seu bem-estar.,OAj4ulCcCNIa1LQvsCTK,True,1779201361000,Ritmo Saudável,13db178cd9a1e37a
high_intensity,02-05-2026 17:54:19,10,Excelente intensidade! Continue assim.,DIyB65oNnSSbQ06QtmCd,True,1777744459000,Alta Intensidade,18d281edb3671f44
low_intensity,29-05-2026 21:33:21,2,Um ritmo mais leve será benéfico para o seu bem-estar.,2Gujtdrh9OAcW10KCoBO,True,1780090401000,Ritmo Baixo,06bf6a628379e030
high_intensity,03-05-2026 14:39:17,10,Excelente intensidade! Continue assim.,QbwrFuOBe1euxFjTHlte,True,1777819157000,Alta Intensidade,330949523d665e3b
low_intensity,18-05-2026 03:42:10,2,Um ritmo mais leve será benéfico para o seu bem-estar.,00mKPCYN10wBaYmoIfQz,True,1779075730000,Ritmo Baixo,42d576864f9952c7
high_intensity,24-05-2026 04:15:04,10,Excelente intensidade! Continue assim.,Stefp1PiZLuiVgIkEmxp,True,1779596104000,Alta Intensidade,de2dde23040292bc
low_intensity,03-05-2026 23:20:17,2,Um ritmo mais leve será benéfico para o seu bem-estar.,cWoFN2RYKulJbB4nZ7Am,True,1777850417000,Ritmo Baixo,923d0315f3ae2bb3
low_intensity,25-05-2026 17:03:03,2,Um ritmo mais leve será benéfico para o seu bem-estar.,d2fuU5DBYrdLKJDkFYyg,True,1779728583000,Ritmo Baixo,bb80f878cef35322
high_intensity,22-05-2026 01:36:05,10,Excelente intensidade! Continue assim.,JCYeLSxV9nVOxXeKUmua,True,1779413765000,Alta Intensidade,c51d4eb54f89fec8
low_intensity,09-05-2026 22:10:37,2,Um ritmo mais leve será benéfico para o seu bem-estar.,ocC6VLmgqBDTUSRoXFiO,True,1778364637000,Ritmo Baixo,24d6a87b0598b02e
medium_intensity,26-05-2026 18:48:40,5,Este nível de atividade é ideal para o seu bem-estar.,cChNGn47lTsBQ2EV29v9,True,1779821320000,Ritmo Saudável,cbf338d836298cb7
low_intensity,07-05-2026 19:59:31,2,Um ritmo mais leve será benéfico para o seu bem-estar.,TJxRnsdRIi2JQq3W0xeT,True,1778183971000,Ritmo Baixo,ce246387dd078174
medium_intensity,06-05-2026 17:07:32,5,Este nível de atividade é ideal para o seu bem-estar.,N6UAbEKZwcnTc8RI50uF,True,1778087252000,Ritmo Saudável,e1bd0a847e7079be
medium_intensity,18-05-2026 10:40:02,5,Este nível de atividade é ideal para o seu bem-estar.,X74qwxfIAWjKlXRPOKNi,True,1779100802000,Ritmo Saudável,ce246387dd078174
medium_intensity,22-05-2026 14:34:14,5,Este nível de atividade é ideal para o seu bem-estar.,xyVsY2VknlLvXoCLllw3,True,1779460454000,Ritmo Saudável,bc74204126e384ca
medium_intensity,14-05-2026 20:02:31,5,Este nível de atividade é ideal para o seu bem-estar.,6ZWKV8dT2rn07RfxfTf2,True,1778788951000,Ritmo Saudável,bb80f878cef35322
high_intensity,16-05-2026 19:11:04,10,Excelente intensidade! Continue assim.,AGqB97QbkibbrjD6yuNw,True,1778958664000,Alta Intensidade,1bd749deaf799034
low_intensity,13-05-2026 21:31:28,2,Um ritmo mais leve será benéfico para o seu bem-estar.,Tj7udPvL8R8OILTZOALT,True,1778707888000,Ritmo Baixo,3811390588367f0e
medium_intensity,28-05-2026 17:16:16,5,Este nível de atividade é ideal para o seu bem-estar.,Uj1LCp6WNnixsnBB52BP,True,1779988576000,Ritmo Saudável,c837debb39dd1e68
high_intensity,11-05-2026 14:58:07,10,Excelente intensidade! Continue assim.,VLDHmKDRb0u5DUnCGlQY,True,1778511487000,Alta Intensidade,1bd749deaf799034
low_intensity,21-05-2026 17:45:08,2,Um ritmo mais leve será benéfico para o seu bem-estar.,7vDPWbUqCuKZVWiDXKXn,True,1779385508000,Ritmo Baixo,e8c9832b5c388bb5
medium_intensity,24-05-2026 04:28:35,5,Este nível de atividade é ideal para o seu bem-estar.,6TS4iVYP83uJBycY3HNh,True,1779596915000,Ritmo Saudável,da211edc7bac01a0
medium_intensity,11-05-2026 11:06:10,5,Este nível de atividade é ideal para o seu bem-estar.,bjxJz4JvBq1LTzE2XB4J,True,1778497570000,Ritmo Saudável,72bd2672c948d2cb
high_intensity,13-05-2026 07:45:28,10,Excelente intensidade! Continue assim.,UuBMS5lLm2O6XCyUEBiY,True,1778658328000,Alta Intensidade,9cbee3c1d7168837
medium_intensity,18-05-2026 02:38:34,5,Este nível de atividade é ideal para o seu bem-estar.,7SR9OkQous9bTcT7enqD,True,1779071914000,Ritmo Saudável,c7f34dc43387f858
medium_intensity,04-05-2026 18:56:59,5,Este nível de atividade é ideal para o seu bem-estar.,zi3jESfGbe4Fssoh0PX9,True,1777921019000,Ritmo Saudável,b30b0b43692b035b
high_intensity,14-05-2026 02:42:26,10,Excelente intensidade! Continue assim.,MrtTQ2ygJOPrA9y5uywS,True,1778726546000,Alta Intensidade,d0825fdf3da3660c
low_intensity,18-05-2026 01:09:46,2,Um ritmo mais leve será benéfico para o seu bem-estar.,GJefZ9sdaK9bueO2F5Dl,True,1779066586000,Ritmo Baixo,1bd749deaf799034
medium_intensity,28-05-2026 10:16:46,5,Este nível de atividade é ideal para o seu bem-estar.,WcptFCOAmoIzNBWAwgrL,True,1779963406000,Ritmo Saudável,7e8fb26408446272
low_intensity,26-05-2026 22:00:41,2,Um ritmo mais leve será benéfico para o seu bem-estar.,RG27ib72UwumBhFiQUk8,True,1779832841000,Ritmo Baixo,3b1338c1207d1e2e
high_intensity,17-05-2026 11:08:50,10,Excelente intensidade! Continue assim.,dzb7t5CKTWgw5SMTzRmL,True,1779016130000,Alta Intensidade,75778bdb64d1008e
low_intensity,07-05-2026 04:23:10,2,Um ritmo mais leve será benéfico para o seu bem-estar.,V1RJVkSKuYYd2iP6WRbF,True,1778127790000,Ritmo Baixo,517fc5ca69b652a5
low_intensity,05-05-2026 04:20:52,2,Um ritmo mais leve será benéfico para o seu bem-estar.,oJremA9mYJUXzsAmNatt,True,1777954852000,Ritmo Baixo,ec75a53f04901eec
medium_intensity,09-05-2026 16:09:59,5,Este nível de atividade é ideal para o seu bem-estar.,ifHOn5llyrhs90Jk2kLq,True,1778342999000,Ritmo Saudável,7d176c63414fcd05
high_intensity,14-05-2026 15:50:15,10,Excelente intensidade! Continue assim.,FjlxT8bNFxveA0F5t1SW,True,1778773815000,Alta Intensidade,ce246387dd078174
low_intensity,01-05-2026 00:19:33,2,Um ritmo mais leve será benéfico para o seu bem-estar.,TXyOoBzXYNKk8GtwJjnq,True,1777594773000,Ritmo Baixo,153c202e3cfef4ba
low_intensity,10-05-2026 21:51:28,2,Um ritmo mais leve será benéfico para o seu bem-estar.,I4Psf0dSKeby10641cNR,True,1778449888000,Ritmo Baixo,c31244cee16e0c77
high_intensity,08-05-2026 11:03:10,10,Excelente intensidade! Continue assim.,u26nEugl3goWTbIweznF,True,1778238190000,Alta Intensidade,c6a2d85265d19a41
high_intensity,23-05-2026 19:43:58,10,Excelente intensidade! Continue assim.,UJ91Yq0bUMhsH3dNj1Vz,True,1779565438000,Alta Intensidade,c837debb39dd1e68
low_intensity,28-05-2026 10:34:44,2,Um ritmo mais leve será benéfico para o seu bem-estar.,IwWOrQdZpTNjpeKyk1jX,True,1779964484000,Ritmo Baixo,ae7ec9246c4649bc
low_intensity,13-05-2026 05:32:45,2,Um ritmo mais leve será benéfico para o seu bem-estar.,vrlPAxhBAVRRI7Hg6Wob,True,1778650365000,Ritmo Baixo,5afe6ceac06784f5
low_intensity,05-05-2026 14:49:32,2,Um ritmo mais leve será benéfico para o seu bem-estar.,jBVIkLmOXlz0CKllzHHl,True,1777992572000,Ritmo Baixo,f879804e4456e5d4
high_intensity,14-05-2026 13:27:28,10,Excelente intensidade! Continue assim.,mXXjLoqQ2qoA56nfzX8a,True,1778765248000,Alta Intensidade,64a94f9052422a0c
low_intensity,02-05-2026 13:42:45,2,Um ritmo mais leve será benéfico para o seu bem-estar.,oDDTezT0kBm3nIomsoO3,True,1777729365000,Ritmo Baixo,64a94f9052422a0c
high_intensity,02-05-2026 23:40:06,10,Excelente intensidade! Continue assim.,zomOnARcQLe9lJMJHcBX,True,1777765206000,Alta Intensidade,2f2bd7547d602b7a
low_intensity,15-05-2026 19:34:49,2,Um ritmo mais leve será benéfico para o seu bem-estar.,BEkZRdVjXJkO1i6eCMrw,True,1778873689000,Ritmo Baixo,75778bdb64d1008e
low_intensity,14-05-2026 17:49:13,2,Um ritmo mais leve será benéfico para o seu bem-estar.,ScXawlXOdvPmvz8Sy7zu,True,1778780953000,Ritmo Baixo,1b1cc9cee9f27003
medium_intensity,05-05-2026 12:19:11,5,Este nível de atividade é ideal para o seu bem-estar.,wqGxr4WIuEiWey6adDwH,True,1777983551000,Ritmo Saudável,3cc68b8049eb8d4c
high_intensity,21-05-2026 15:43:22,10,Excelente intensidade! Continue assim.,uAvgEDGjOhWpwMXqdWKW,True,1779378202000,Alta Intensidade,1bd749deaf799034
low_intensity,24-05-2026 17:43:23,2,Um ritmo mais leve será benéfico para o seu bem-estar.,1BAizw1Bd05eiiTFhOZI,True,1779644603000,Ritmo Baixo,a2fd30e5fa49ad53
low_intensity,25-05-2026 06:27:37,2,Um ritmo mais leve será benéfico para o seu bem-estar.,Yu3YcyGDiZIUnegPSGfV,True,1779690457000,Ritmo Baixo,06961ead71f8b1d8
low_intensity,10-05-2026 13:02:33,2,Um ritmo mais leve será benéfico para o seu bem-estar.,nFlQIjxpyjZ6bk4TxHLf,True,1778418153000,Ritmo Baixo,6588d11c4a11acb1
high_intensity,11-05-2026 07:00:51,10,Excelente intensidade! Continue assim.,ABHPIZd6EI39SYM2bQFc,True,1778482851000,Alta Intensidade,1bd749deaf799034
low_intensity,03-05-2026 01:36:00,2,Um ritmo mais leve será benéfico para o seu bem-estar.,b1VkvO1ZyICYhr1bS1dq,True,1777772160000,Ritmo Baixo,57e7d972b508815d
low_intensity,29-05-2026 12:08:29,2,Um ritmo mais leve será benéfico para o seu bem-estar.,YdLyZur3UggieRd01UdZ,True,1780056509000,Ritmo Baixo,3bd002cf1fcfa789
medium_intensity,02-05-2026 09:56:26,5,Este nível de atividade é ideal para o seu bem-estar.,einaJVfT2sBed194iSTS,True,1777715786000,Ritmo Saudável,c51d4eb54f89fec8
low_intensity,21-05-2026 16:34:31,2,Um ritmo mais leve será benéfico para o seu bem-estar.,1gIxAnnTEszsYyTZdL3m,True,1779381271000,Ritmo Baixo,c51d4eb54f89fec8
low_intensity,15-05-2026 17:31:54,2,Um ritmo mais leve será benéfico para o seu bem-estar.,pLu9sxphymf6blmFyblR,True,1778866314000,Ritmo Baixo,72bd2672c948d2cb
low_intensity,20-05-2026 12:21:36,2,Um ritmo mais leve será benéfico para o seu bem-estar.,oXfOFIft5K1OVkNsog0z,True,1779279696000,Ritmo Baixo,57e7d972b508815d
low_intensity,15-05-2026 19:36:36,2,Um ritmo mais leve será benéfico para o seu bem-estar.,QlWCwq5DVdXdKy2ErnDH,True,1778873796000,Ritmo Baixo,514af2be7dc985d8
high_intensity,18-05-2026 19:46:15,10,Excelente intensidade! Continue assim.,N4YUgydTTIlE05nvSh3I,True,1779133575000,Alta Intensidade,c0014ea2ee2fdaea
high_intensity,07-05-2026 15:08:33,10,Excelente intensidade! Continue assim.,6GhHAbzW0ZUUfyvOECRq,True,1778166513000,Alta Intensidade,cb207a93391638cb
high_intensity,08-05-2026 04:55:09,10,Excelente intensidade! Continue assim.,39xtPqo1fcvskyPlifhx,True,1778216109000,Alta Intensidade,ae7ec9246c4649bc
low_intensity,02-05-2026 19:25:30,2,Um ritmo mais leve será benéfico para o seu bem-estar.,5xkWKHk2ea9ZmFHaScMK,True,1777749930000,Ritmo Baixo,057c44d337463e07
medium_intensity,29-05-2026 22:08:54,5,Este nível de atividade é ideal para o seu bem-estar.,OmfY66zids3Ecer2NvHY,True,1780092534000,Ritmo Saudável,7e8fb26408446272
medium_intensity,23-05-2026 23:05:26,5,Este nível de atividade é ideal para o seu bem-estar.,e6IjuoKxEaaGHrh5gtSi,True,1779577526000,Ritmo Saudável,2f2bd7547d602b7a
medium_intensity,12-05-2026 21:57:44,5,Este nível de atividade é ideal para o seu bem-estar.,8GPMhou8XDsBuC2Tlgkp,True,1778623064000,Ritmo Saudável,cb4c1290e91970dd
low_intensity,22-05-2026 14:09:05,2,Um ritmo mais leve será benéfico para o seu bem-estar.,110IFKBCJpm3ZuFrL3MK,True,1779458945000,Ritmo Baixo,6214b1b462c04096
low_intensity,14-05-2026 23:45:32,2,Um ritmo mais leve será benéfico para o seu bem-estar.,mmsyyUhIB1PANMqfIRnu,True,1778802332000,Ritmo Baixo,91d55d217a2af234
high_intensity,19-05-2026 19:12:12,10,Excelente intensidade! Continue assim.,9qU5lq0LJjgdm9g6urz6,True,1779217932000,Alta Intensidade,556be8558ce56421
medium_intensity,17-05-2026 15:14:15,5,Este nível de atividade é ideal para o seu bem-estar.,BGFJIqMy9f6zpqjQAh1J,True,1779030855000,Ritmo Saudável,3cc68b8049eb8d4c
medium_intensity,23-05-2026 05:02:08,5,Este nível de atividade é ideal para o seu bem-estar.,X8v8K5KlOm3ha9YtvVYU,True,1779512528000,Ritmo Saudável,3993ad7e2565b6b0
high_intensity,29-05-2026 20:10:20,10,Excelente intensidade! Continue assim.,a9ecYca5qqdYFitMfrAn,True,1780085420000,Alta Intensidade,1d6285f5502cf1f8
high_intensity,23-05-2026 19:12:28,10,Excelente intensidade! Continue assim.,A9BTIulp7b3oWUybHAAz,True,1779563548000,Alta Intensidade,72ba4e2f87adceb5
medium_intensity,21-05-2026 18:01:58,5,Este nível de atividade é ideal para o seu bem-estar.,knPY266BLoIjxmd3McH7,True,1779386518000,Ritmo Saudável,6214b1b462c04096
low_intensity,14-05-2026 23:14:00,2,Um ritmo mais leve será benéfico para o seu bem-estar.,2upQpTcw02UiyNP17V6c,True,1778800440000,Ritmo Baixo,f879804e4456e5d4
high_intensity,13-05-2026 10:09:32,10,Excelente intensidade! Continue assim.,x7Ib60TSX4feSGbB7TgK,True,1778666972000,Alta Intensidade,6f36a3307488809f
high_intensity,08-05-2026 17:35:55,10,Excelente intensidade! Continue assim.,DowRwAmQDtLQYxF3kQI1,True,1778261755000,Alta Intensidade,34cbefbc28798720
low_intensity,19-05-2026 02:46:37,2,Um ritmo mais leve será benéfico para o seu bem-estar.,w7QkKVxpUM1o8DQ5TKZx,True,1779158797000,Ritmo Baixo,7d176c63414fcd05
low_intensity,02-05-2026 19:26:08,2,Um ritmo mais leve será benéfico para o seu bem-estar.,IFOD65kABimSZ4geOARl,True,1777749968000,Ritmo Baixo,389da1f3a7c1d8de
low_intensity,28-05-2026 13:58:14,2,Um ritmo mais leve será benéfico para o seu bem-estar.,b1FbPBG3lTJSqvzBle5h,True,1779976694000,Ritmo Baixo,55b620d8c0ab41e0
low_intensity,06-05-2026 22:58:30,2,Um ritmo mais leve será benéfico para o seu bem-estar.,XbH9mqb7hoXJ2UczTqfm,True,1778108310000,Ritmo Baixo,bb4bb9fbcfcc16d1
medium_intensity,25-05-2026 05:41:47,5,Este nível de atividade é ideal para o seu bem-estar.,gazLUyo23FxyEPZxqsYn,True,1779687707000,Ritmo Saudável,1d3db575c4a79d75
high_intensity,21-05-2026 11:43:15,10,Excelente intensidade! Continue assim.,mwnMqdcUhP1UcYkoENB2,True,1779363795000,Alta Intensidade,3811390588367f0e
low_intensity,29-05-2026 08:12:04,2,Um ritmo mais leve será benéfico para o seu bem-estar.,mt8Mk1MtwOrhg7AYAOPq,True,1780042324000,Ritmo Baixo,131c7dd8f3ab4b35
high_intensity,21-05-2026 01:30:54,10,Excelente intensidade! Continue assim.,7kc0AVBrPx4SRAicukir,True,1779327054000,Alta Intensidade,f7af4712fd6b9108
medium_intensity,02-05-2026 22:06:33,5,Este nível de atividade é ideal para o seu bem-estar.,ch6jERk7AteepJpyDB4P,True,1777759593000,Ritmo Saudável,24d6a87b0598b02e
high_intensity,24-05-2026 05:26:54,10,Excelente intensidade! Continue assim.,4DmBuXUoCWOlFcg6l9GR,True,1779600414000,Alta Intensidade,5a7b6516c51a4d4e
medium_intensity,16-05-2026 12:29:41,5,Este nível de atividade é ideal para o seu bem-estar.,BJhLDac01A6lQWmqodke,True,1778934581000,Ritmo Saudável,f7af4712fd6b9108
high_intensity,05-05-2026 00:05:14,10,Excelente intensidade! Continue assim.,4FhVtCBvFmhew8GwoCbf,True,1777939514000,Alta Intensidade,d5eb4d757b335d0e
high_intensity,07-05-2026 11:24:02,10,Excelente intensidade! Continue assim.,tci2X8ZBnq5mlwGCnAKJ,True,1778153042000,Alta Intensidade,55b620d8c0ab41e0
high_intensity,27-05-2026 05:35:51,10,Excelente intensidade! Continue assim.,7Vnlc7yNWJHC6IGA5Bar,True,1779860151000,Alta Intensidade,552b8d6c350cb13c
high_intensity,13-05-2026 00:20:40,10,Excelente intensidade! Continue assim.,8724opm5Jj2ufnUa3rfh,True,1778631640000,Alta Intensidade,517fc5ca69b652a5
high_intensity,13-05-2026 10:17:36,10,Excelente intensidade! Continue assim.,gvdugO3YwkQ2q3coYjWG,True,1778667456000,Alta Intensidade,3b1338c1207d1e2e
medium_intensity,20-05-2026 07:45:36,5,Este nível de atividade é ideal para o seu bem-estar.,5lEaGuxnhXX8M2kCWNAd,True,1779263136000,Ritmo Saudável,3db4e6efff8b7518
medium_intensity,02-05-2026 13:26:23,5,Este nível de atividade é ideal para o seu bem-estar.,1yaq1LK1JPftbtWsiJXG,True,1777728383000,Ritmo Saudável,24d6a87b0598b02e
high_intensity,18-05-2026 10:44:44,10,Excelente intensidade! Continue assim.,DzQp07w6Ae7zthryVVZn,True,1779101084000,Alta Intensidade,13db178cd9a1e37a
medium_intensity,16-05-2026 10:39:00,5,Este nível de atividade é ideal para o seu bem-estar.,lGvpGxLNhSrwCA4gIYaM,True,1778927940000,Ritmo Saudável,91d55d217a2af234
low_intensity,05-05-2026 06:43:21,2,Um ritmo mais leve será benéfico para o seu bem-estar.,lG6lzDo6E8AAzOn07E5D,True,1777963401000,Ritmo Baixo,53c682ded6545e06
low_intensity,19-05-2026 22:22:30,2,Um ritmo mais leve será benéfico para o seu bem-estar.,C2g8z0SPE2VP6EpjtzJ9,True,1779229350000,Ritmo Baixo,75778bdb64d1008e
medium_intensity,15-05-2026 00:12:33,5,Este nível de atividade é ideal para o seu bem-estar.,rObtRVs9RL9KJEYwAVzP,True,1778803953000,Ritmo Saudável,06bf6a628379e030
low_intensity,10-05-2026 10:36:44,2,Um ritmo mais leve será benéfico para o seu bem-estar.,v2bCV52E7VzfoesESnsY,True,1778409404000,Ritmo Baixo,5e1de20fecf98844
medium_intensity,23-05-2026 16:01:56,5,Este nível de atividade é ideal para o seu bem-estar.,An3n3bbhVfKPCjJMSQFP,True,1779552116000,Ritmo Saudável,057c44d337463e07
medium_intensity,21-05-2026 21:09:07,5,Este nível de atividade é ideal para o seu bem-estar.,951xP4BOppYi9SoBqPkg,True,1779397747000,Ritmo Saudável,131c7dd8f3ab4b35
low_intensity,06-05-2026 21:05:53,2,Um ritmo mais leve será benéfico para o seu bem-estar.,D2hDttUPFJkBGUkrooiy,True,1778101553000,Ritmo Baixo,c0014ea2ee2fdaea
medium_intensity,19-05-2026 19:26:10,5,Este nível de atividade é ideal para o seu bem-estar.,UJXWEfkKE6dGukGM9C4w,True,1779218770000,Ritmo Saudável,6f36a3307488809f
low_intensity,03-05-2026 22:33:28,2,Um ritmo mais leve será benéfico para o seu bem-estar.,sLitTNveEon6fyJ2n0rJ,True,1777847608000,Ritmo Baixo,4c885efe7bde3ff4
medium_intensity,03-05-2026 18:09:57,5,Este nível de atividade é ideal para o seu bem-estar.,1N3EkRi0pjgd8x7CK0EJ,True,1777831797000,Ritmo Saudável,bb4bb9fbcfcc16d1
low_intensity,01-05-2026 04:13:21,2,Um ritmo mais leve será benéfico para o seu bem-estar.,6fvpx7BRQHIPkbCPtDAZ,True,1777608801000,Ritmo Baixo,53c682ded6545e06
medium_intensity,24-05-2026 15:36:09,5,Este nível de atividade é ideal para o seu bem-estar.,bROManpK7pReNwi64qiC,True,1779636969000,Ritmo Saudável,9d789fd91804129f
low_intensity,06-05-2026 15:19:37,2,Um ritmo mais leve será benéfico para o seu bem-estar.,WjFDMPbZpf6tbHT3Kttb,True,1778080777000,Ritmo Baixo,bb80f878cef35322
medium_intensity,22-05-2026 01:31:47,5,Este nível de atividade é ideal para o seu bem-estar.,mfUbCSjGUeFlQPx4MUAe,True,1779413507000,Ritmo Saudável,1b38ab967d98cc4e
medium_intensity,17-05-2026 23:32:23,5,Este nível de atividade é ideal para o seu bem-estar.,YRsc7PKINqpiuUh7PHqC,True,1779060743000,Ritmo Saudável,cbf338d836298cb7
low_intensity,21-05-2026 05:16:36,2,Um ritmo mais leve será benéfico para o seu bem-estar.,hpHtQfrREBht1OHCZHrj,True,1779340596000,Ritmo Baixo,5311a0642c2564ad
low_intensity,22-05-2026 09:07:48,2,Um ritmo mais leve será benéfico para o seu bem-estar.,DgsbsIheUFMovUNLng4F,True,1779440868000,Ritmo Baixo,3993ad7e2565b6b0
medium_intensity,26-05-2026 04:45:21,5,Este nível de atividade é ideal para o seu bem-estar.,kPbqxEZMhGTxpeRYc2BJ,True,1779770721000,Ritmo Saudável,c31244cee16e0c77
low_intensity,25-05-2026 01:13:32,2,Um ritmo mais leve será benéfico para o seu bem-estar.,9vac2PN32iqlipcuqeEl,True,1779671612000,Ritmo Baixo,cb207a93391638cb
low_intensity,29-05-2026 19:38:26,2,Um ritmo mais leve será benéfico para o seu bem-estar.,tJ2wiRLd0tWjjWw50rQq,True,1780083506000,Ritmo Baixo,95744df47936b8c4
medium_intensity,10-05-2026 21:52:32,5,Este nível de atividade é ideal para o seu bem-estar.,flddRuq9Ls00gwLfvmC4,True,1778449952000,Ritmo Saudável,5afe6ceac06784f5
medium_intensity,11-05-2026 12:49:09,5,Este nível de atividade é ideal para o seu bem-estar.,rNyWNIVaVrGtUjBoRQKK,True,1778503749000,Ritmo Saudável,867d47425e9cccc7
low_intensity,19-05-2026 16:42:06,2,Um ritmo mais leve será benéfico para o seu bem-estar.,BYSLYoPB0y4oe5z6qNqi,True,1779208926000,Ritmo Baixo,c837debb39dd1e68
low_intensity,07-05-2026 15:40:10,2,Um ritmo mais leve será benéfico para o seu bem-estar.,Glk8biCPsfPJO9OOcFjC,True,1778168410000,Ritmo Baixo,95744df47936b8c4
low_intensity,04-05-2026 09:05:41,2,Um ritmo mais leve será benéfico para o seu bem-estar.,3KLx9hkfudDmFp2J2MCi,True,1777885541000,Ritmo Baixo,552b8d6c350cb13c
low_intensity,01-05-2026 00:12:11,2,Um ritmo mais leve será benéfico para o seu bem-estar.,chZqTdrcPSWs2eDxYsUz,True,1777594331000,Ritmo Baixo,923d0315f3ae2bb3
medium_intensity,30-05-2026 11:46:29,5,Este nível de atividade é ideal para o seu bem-estar.,Edqe1aaSHUc6yYaotplD,True,1780141589000,Ritmo Saudável,7f281c8dbac1f799
high_intensity,03-05-2026 09:37:31,10,Excelente intensidade! Continue assim.,QoclbHlKjTKmCnyzPcrC,True,1777801051000,Alta Intensidade,1d6285f5502cf1f8
high_intensity,03-05-2026 01:47:51,10,Excelente intensidade! Continue assim.,l60az9HQoEoYnYX63Kvs,True,1777772871000,Alta Intensidade,7182af742e04dc6d
high_intensity,15-05-2026 16:16:29,10,Excelente intensidade! Continue assim.,N48oKR4Y524uQjQkhB48,True,1778861789000,Alta Intensidade,514af2be7dc985d8
low_intensity,25-05-2026 02:50:04,2,Um ritmo mais leve será benéfico para o seu bem-estar.,1qOGlMYHxQpC7906koNm,True,1779677404000,Ritmo Baixo,c7f34dc43387f858
medium_intensity,10-05-2026 07:46:15,5,Este nível de atividade é ideal para o seu bem-estar.,q6EdPjadTc6s2D486oV4,True,1778399175000,Ritmo Saudável,3bc1bf7fb69f3ba3
low_intensity,26-05-2026 03:40:04,2,Um ritmo mais leve será benéfico para o seu bem-estar.,wyPnsYoQm04Zr1Ey9lUd,True,1779766804000,Ritmo Baixo,d5eb4d757b335d0e
high_intensity,25-05-2026 21:08:05,10,Excelente intensidade! Continue assim.,hKKn2yL3xHsJYqGEtnDM,True,1779743285000,Alta Intensidade,f879804e4456e5d4
high_intensity,27-05-2026 11:22:03,10,Excelente intensidade! Continue assim.,NLPYPWiLQtIgBHhSRzif,True,1779880923000,Alta Intensidade,18d281edb3671f44
high_intensity,12-05-2026 07:55:09,10,Excelente intensidade! Continue assim.,DoKP6FJfiaiTf970EEId,True,1778572509000,Alta Intensidade,7e8fb26408446272
medium_intensity,20-05-2026 23:08:34,5,Este nível de atividade é ideal para o seu bem-estar.,Z5EBlZPKwtfVHsczUgpM,True,1779318514000,Ritmo Saudável,53c682ded6545e06
low_intensity,25-05-2026 08:51:35,2,Um ritmo mais leve será benéfico para o seu bem-estar.,D6uiC9Uhr515gXDYfAqZ,True,1779699095000,Ritmo Baixo,cb4c1290e91970dd
low_intensity,01-05-2026 03:31:40,2,Um ritmo mais leve será benéfico para o seu bem-estar.,titdAMmnnxOYNNntbLjt,True,1777606300000,Ritmo Baixo,c31244cee16e0c77
medium_intensity,02-05-2026 19:32:48,5,Este nível de atividade é ideal para o seu bem-estar.,l6MM4sbdBEMo5OfQw8Pw,True,1777750368000,Ritmo Saudável,e84878f982129128
high_intensity,20-05-2026 14:44:32,10,Excelente intensidade! Continue assim.,64Y1N5BilI0ZAB2QmwYn,True,1779288272000,Alta Intensidade,430f674c6dfe941a
high_intensity,23-05-2026 16:22:10,10,Excelente intensidade! Continue assim.,LRmcS2MRsOGEFHcRF6Sh,True,1779553330000,Alta Intensidade,1d3db575c4a79d75
low_intensity,30-05-2026 22:53:41,2,Um ritmo mais leve será benéfico para o seu bem-estar.,gKx0SitHm7DlkDKHFLxs,True,1780181621000,Ritmo Baixo,102edb38b5ec347f
medium_intensity,10-05-2026 00:03:51,5,Este nível de atividade é ideal para o seu bem-estar.,K6CVA6VuwQFQtN91CRgK,True,1778371431000,Ritmo Saudável,a8c47673d6a4f85c
high_intensity,12-05-2026 07:00:24,10,Excelente intensidade! Continue assim.,EaiL2bM2Fe0Pxng4qrKS,True,1778569224000,Alta Intensidade,0e52f2934d8ce165
high_intensity,16-05-2026 06:50:51,10,Excelente intensidade! Continue assim.,UkG2WTFViOShl9O5L39u,True,1778914251000,Alta Intensidade,da211edc7bac01a0
medium_intensity,17-05-2026 21:31:49,5,Este nível de atividade é ideal para o seu bem-estar.,3QtYdRn251FY9zifTq6i,True,1779053509000,Ritmo Saudável,cb4c1290e91970dd
low_intensity,02-05-2026 01:06:22,2,Um ritmo mais leve será benéfico para o seu bem-estar.,7mTmcntgpa0FLH24bGC7,True,1777683982000,Ritmo Baixo,234da97fe615c6b7
low_intensity,24-05-2026 07:57:15,2,Um ritmo mais leve será benéfico para o seu bem-estar.,xJ5TGs9CoU0d9mbtJxKr,True,1779609435000,Ritmo Baixo,06961ead71f8b1d8
medium_intensity,16-05-2026 08:10:42,5,Este nível de atividade é ideal para o seu bem-estar.,um3XDOozVfQtbthugt5P,True,1778919042000,Ritmo Saudável,ec75a53f04901eec
high_intensity,05-05-2026 15:01:31,10,Excelente intensidade! Continue assim.,CEHP1Km145kY30fCE5Wu,True,1777993291000,Alta Intensidade,5311a0642c2564ad
medium_intensity,07-05-2026 07:03:07,5,Este nível de atividade é ideal para o seu bem-estar.,m2kOyTC5dVIIw3VPTFbB,True,1778137387000,Ritmo Saudável,1b38ab967d98cc4e
high_intensity,25-05-2026 08:16:43,10,Excelente intensidade! Continue assim.,BvsS6BYFjpVleounJmWm,True,1779697003000,Alta Intensidade,f7af4712fd6b9108
low_intensity,23-05-2026 08:54:07,2,Um ritmo mais leve será benéfico para o seu bem-estar.,nTH9bdZJ1TKtxCA4jLrh,True,1779526447000,Ritmo Baixo,cb4c1290e91970dd
low_intensity,30-05-2026 00:03:25,2,Um ritmo mais leve será benéfico para o seu bem-estar.,7l6zAUV6fgvW43jwwLSX,True,1780099405000,Ritmo Baixo,a2fd30e5fa49ad53
high_intensity,12-05-2026 11:32:07,10,Excelente intensidade! Continue assim.,VWxNkcqDwOPsFndnAENs,True,1778585527000,Alta Intensidade,c31244cee16e0c77
medium_intensity,24-05-2026 04:50:24,5,Este nível de atividade é ideal para o seu bem-estar.,wDsmyzDIbhUiuVpgUJYI,True,1779598224000,Ritmo Saudável,91d55d217a2af234
medium_intensity,22-05-2026 17:14:54,5,Este nível de atividade é ideal para o seu bem-estar.,7lUAfddqgS1QnztY4Dv0,True,1779470094000,Ritmo Saudável,06bf6a628379e030
low_intensity,24-05-2026 17:08:13,2,Um ritmo mais leve será benéfico para o seu bem-estar.,0xZ8VpQMX0BraV7wBG0w,True,1779642493000,Ritmo Baixo,e9da39984fb29dc6
high_intensity,25-05-2026 00:03:19,10,Excelente intensidade! Continue assim.,P4sMmgwZScosRs0UvbSE,True,1779667399000,Alta Intensidade,0e52f2934d8ce165
medium_intensity,10-05-2026 15:27:58,5,Este nível de atividade é ideal para o seu bem-estar.,DH4ycT5e2Gr2MK5G4Gzg,True,1778426878000,Ritmo Saudável,72bd2672c948d2cb
high_intensity,14-05-2026 07:44:05,10,Excelente intensidade! Continue assim.,CiHya8aYML2Jd9cRHPBT,True,1778744645000,Alta Intensidade,6f36a3307488809f
medium_intensity,11-05-2026 22:02:25,5,Este nível de atividade é ideal para o seu bem-estar.,wAcmO2Sx0wVcXuixeOkl,True,1778536945000,Ritmo Saudável,6f36a3307488809f
high_intensity,21-05-2026 00:45:35,10,Excelente intensidade! Continue assim.,KCUtLkzKHCNuTYmzcGdP,True,1779324335000,Alta Intensidade,1d3db575c4a79d75
high_intensity,26-05-2026 02:56:08,10,Excelente intensidade! Continue assim.,gRR5XuBXHKlezzGOItKh,True,1779764168000,Alta Intensidade,153c202e3cfef4ba
low_intensity,03-05-2026 13:12:38,2,Um ritmo mais leve será benéfico para o seu bem-estar.,r4cuMvxCfopwcToMqrCk,True,1777813958000,Ritmo Baixo,7d176c63414fcd05
medium_intensity,08-05-2026 21:53:24,5,Este nível de atividade é ideal para o seu bem-estar.,jn1KjTlWuDwqIPwgO8LJ,True,1778277204000,Ritmo Saudável,c6a2d85265d19a41
high_intensity,23-05-2026 00:25:42,10,Excelente intensidade! Continue assim.,fuBm8UOy8NcSdhumLC0V,True,1779495942000,Alta Intensidade,04964f8452901231
medium_intensity,10-05-2026 15:37:02,5,Este nível de atividade é ideal para o seu bem-estar.,C95t57N5bQ1bmQw0tX6w,True,1778427422000,Ritmo Saudável,1d3db575c4a79d75
medium_intensity,30-05-2026 20:00:13,5,Este nível de atividade é ideal para o seu bem-estar.,7ML5iGS2iNpxkD2Ppjyw,True,1780171213000,Ritmo Saudável,3b1338c1207d1e2e
high_intensity,09-05-2026 19:36:49,10,Excelente intensidade! Continue assim.,mnmAoDCvwLhSL3ITQgxt,True,1778355409000,Alta Intensidade,5311a0642c2564ad
high_intensity,12-05-2026 14:34:42,10,Excelente intensidade! Continue assim.,3oN8TGzKS5CA4gcqXNkO,True,1778596482000,Alta Intensidade,2b95dd3cf28e7c18
high_intensity,03-05-2026 22:54:38,10,Excelente intensidade! Continue assim.,Y2tymMxSq9oME20BKay9,True,1777848878000,Alta Intensidade,e8c9832b5c388bb5
high_intensity,04-05-2026 15:45:31,10,Excelente intensidade! Continue assim.,AznSJiTL72EjJfohxoTf,True,1777909531000,Alta Intensidade,34cbefbc28798720
medium_intensity,08-05-2026 05:25:35,5,Este nível de atividade é ideal para o seu bem-estar.,kg1ypjtJQ5qMsstisMNO,True,1778217935000,Ritmo Saudável,234da97fe615c6b7
high_intensity,25-05-2026 08:19:09,10,Excelente intensidade! Continue assim.,GhmZUxGFtokws1lC8YJV,True,1779697149000,Alta Intensidade,cb207a93391638cb
medium_intensity,21-05-2026 23:18:02,5,Este nível de atividade é ideal para o seu bem-estar.,1sjnwI5WLtA2BHQnbXAN,True,1779405482000,Ritmo Saudável,9d789fd91804129f
high_intensity,13-05-2026 13:37:23,10,Excelente intensidade! Continue assim.,Gy6JkNCJUwIr0hEZAZTL,True,1778679443000,Alta Intensidade,7f281c8dbac1f799
medium_intensity,07-05-2026 10:12:03,5,Este nível de atividade é ideal para o seu bem-estar.,6B6pzqDtOONcbJlFIWCW,True,1778148723000,Ritmo Saudável,ec75a53f04901eec
low_intensity,20-05-2026 15:54:00,2,Um ritmo mais leve será benéfico para o seu bem-estar.,dAbiMV6QmpvwOs3wKA2r,True,1779292440000,Ritmo Baixo,1b38ab967d98cc4e
low_intensity,20-05-2026 05:12:08,2,Um ritmo mais leve será benéfico para o seu bem-estar.,tnMYG8aBXVhv9IM0kOZ4,True,1779253928000,Ritmo Baixo,3bd002cf1fcfa789
medium_intensity,10-05-2026 06:34:37,5,Este nível de atividade é ideal para o seu bem-estar.,dAMIj9L5L2Z6ogUryy3Y,True,1778394877000,Ritmo Saudável,63d3511e9e857901
high_intensity,19-05-2026 16:42:21,10,Excelente intensidade! Continue assim.,gU7LI18PUmNjsiNxVSiU,True,1779208941000,Alta Intensidade,9d16533a62ab9315
high_intensity,12-05-2026 23:54:18,10,Excelente intensidade! Continue assim.,9nQBzawGDblIXBtA0qBO,True,1778630058000,Alta Intensidade,d5eb4d757b335d0e
medium_intensity,20-05-2026 03:50:41,5,Este nível de atividade é ideal para o seu bem-estar.,xUvpQzy1tIoK910NiYQk,True,1779249041000,Ritmo Saudável,53c682ded6545e06
high_intensity,27-05-2026 08:24:34,10,Excelente intensidade! Continue assim.,qdnTqiYRaGjl3fEQaFhH,True,1779870274000,Alta Intensidade,42ac1a2bf982f79c
low_intensity,18-05-2026 20:20:44,2,Um ritmo mais leve será benéfico para o seu bem-estar.,O0Z5mfOOOkuWGaHCTqWO,True,1779135644000,Ritmo Baixo,9cbee3c1d7168837
low_intensity,07-05-2026 03:12:10,2,Um ritmo mais leve será benéfico para o seu bem-estar.,d8onFpojx4xLmPiWAcNV,True,1778123530000,Ritmo Baixo,8e2e127651e9cbde
high_intensity,19-05-2026 10:29:05,10,Excelente intensidade! Continue assim.,Gm0b78b3ZaeNHbwDtJrO,True,1779186545000,Alta Intensidade,95744df47936b8c4
medium_intensity,07-05-2026 22:57:16,5,Este nível de atividade é ideal para o seu bem-estar.,n34rXS9mipLCl2Ntg1pK,True,1778194636000,Ritmo Saudável,eb39e98aca20e7d3
medium_intensity,20-05-2026 15:24:08,5,Este nível de atividade é ideal para o seu bem-estar.,81RKQNAjXS7YAdXldbBD,True,1779290648000,Ritmo Saudável,2618243a251bd83f
medium_intensity,05-05-2026 17:09:18,5,Este nível de atividade é ideal para o seu bem-estar.,lSnVdYGEa7qrQcVr4cY7,True,1778000958000,Ritmo Saudável,e84878f982129128
high_intensity,11-05-2026 12:06:40,10,Excelente intensidade! Continue assim.,DTcPIxCCPFh6Hsbnjkng,True,1778501200000,Alta Intensidade,04964f8452901231
high_intensity,22-05-2026 03:28:23,10,Excelente intensidade! Continue assim.,7HSBqopE8f9mWfRxxh7j,True,1779420503000,Alta Intensidade,c6a2d85265d19a41
medium_intensity,03-05-2026 12:05:55,5,Este nível de atividade é ideal para o seu bem-estar.,bM1mrq8QVOhfJTBzz8cF,True,1777809955000,Ritmo Saudável,57e7d972b508815d
low_intensity,21-05-2026 06:44:18,2,Um ritmo mais leve será benéfico para o seu bem-estar.,tqQXRAd1np5VvHN4gwrX,True,1779345858000,Ritmo Baixo,b572bc65fae8bec1
medium_intensity,21-05-2026 10:34:37,5,Este nível de atividade é ideal para o seu bem-estar.,EgdaGsTqSDLhgeoMCq0l,True,1779359677000,Ritmo Saudável,0e52f2934d8ce165
medium_intensity,11-05-2026 18:47:48,5,Este nível de atividade é ideal para o seu bem-estar.,Z62DcJNPzdfLipQiOadq,True,1778525268000,Ritmo Saudável,2a339e8954684016
low_intensity,09-05-2026 13:11:38,2,Um ritmo mais leve será benéfico para o seu bem-estar.,F1MQHr3Z9HtFUN1tD2vb,True,1778332298000,Ritmo Baixo,6f36a3307488809f
high_intensity,01-05-2026 05:17:28,10,Excelente intensidade! Continue assim.,CiM2QCsyXduRWIdTnxbn,True,1777612648000,Alta Intensidade,3cc68b8049eb8d4c
low_intensity,12-05-2026 21:30:33,2,Um ritmo mais leve será benéfico para o seu bem-estar.,oR1s7BSvONsEa0ZueLVG,True,1778621433000,Ritmo Baixo,06961ead71f8b1d8
high_intensity,22-05-2026 22:20:28,10,Excelente intensidade! Continue assim.,3z3XeRGYhb7pww0hOZsD,True,1779488428000,Alta Intensidade,d57d393b16ba030e
high_intensity,30-05-2026 05:20:33,10,Excelente intensidade! Continue assim.,ehHREMBJXV2WIPskaFlZ,True,1780118433000,Alta Intensidade,42d576864f9952c7
high_intensity,30-05-2026 04:21:07,10,Excelente intensidade! Continue assim.,fWwjra2cqcwiOqbfEpb6,True,1780114867000,Alta Intensidade,57e17fffc619e182
high_intensity,17-05-2026 03:30:23,10,Excelente intensidade! Continue assim.,qHhTeEinvPCLIGYJQipB,True,1778988623000,Alta Intensidade,5e1de20fecf98844
high_intensity,07-05-2026 21:18:51,10,Excelente intensidade! Continue assim.,AdWe6sILzzXkXycUiAFi,True,1778188731000,Alta Intensidade,3bd002cf1fcfa789
medium_intensity,02-05-2026 03:12:17,5,Este nível de atividade é ideal para o seu bem-estar.,lZXVAiVcBtR8zd71gCUD,True,1777691537000,Ritmo Saudável,1d6285f5502cf1f8
medium_intensity,23-05-2026 22:20:11,5,Este nível de atividade é ideal para o seu bem-estar.,JHeJuwROtA5EbLgl64QT,True,1779574811000,Ritmo Saudável,cbf338d836298cb7
medium_intensity,01-05-2026 23:21:43,5,Este nível de atividade é ideal para o seu bem-estar.,NbwExanCBqqGoRE5YXAf,True,1777677703000,Ritmo Saudável,bbbe498ee44f6349
medium_intensity,08-05-2026 16:14:53,5,Este nível de atividade é ideal para o seu bem-estar.,5PSz1VGCacY8FsnlxZaj,True,1778256893000,Ritmo Saudável,f879804e4456e5d4
high_intensity,01-05-2026 05:00:04,10,Excelente intensidade! Continue assim.,tXQ8sGHOnwmy0XcxsKSP,True,1777611604000,Alta Intensidade,7f281c8dbac1f799
medium_intensity,30-05-2026 22:06:32,5,Este nível de atividade é ideal para o seu bem-estar.,aP0yY2ePlNnalb0N513H,True,1780178792000,Ritmo Saudável,d0825fdf3da3660c
medium_intensity,14-05-2026 21:18:10,5,Este nível de atividade é ideal para o seu bem-estar.,hX21sbdj4ZrO7qK5KQDJ,True,1778793490000,Ritmo Saudável,517fc5ca69b652a5
medium_intensity,16-05-2026 07:52:46,5,Este nível de atividade é ideal para o seu bem-estar.,4XZJQN7z0Nqq0FxgYeK8,True,1778917966000,Ritmo Saudável,2a339e8954684016
medium_intensity,28-05-2026 17:17:27,5,Este nível de atividade é ideal para o seu bem-estar.,o3KGHVEULknXoZTxcFDz,True,1779988647000,Ritmo Saudável,18d281edb3671f44
high_intensity,20-05-2026 00:21:50,10,Excelente intensidade! Continue assim.,D2xdWeYPFCIvkdcVkiNV,True,1779236510000,Alta Intensidade,39a54d73a921b9f6
high_intensity,11-05-2026 11:39:45,10,Excelente intensidade! Continue assim.,lVo4ZmUEURrnGirQ08s7,True,1778499585000,Alta Intensidade,5e1de20fecf98844
medium_intensity,16-05-2026 02:13:59,5,Este nível de atividade é ideal para o seu bem-estar.,kPusDXcKkQ2ZiSOQM4cM,True,1778897639000,Ritmo Saudável,8e7f2987241c2818
medium_intensity,01-05-2026 01:20:31,5,Este nível de atividade é ideal para o seu bem-estar.,qJwFwsolDBp4hZUw4VnV,True,1777598431000,Ritmo Saudável,72bd2672c948d2cb
medium_intensity,30-05-2026 08:24:27,5,Este nível de atividade é ideal para o seu bem-estar.,QsneS4PKxeTor8HYSiEl,True,1780129467000,Ritmo Saudável,3bc1bf7fb69f3ba3
medium_intensity,28-05-2026 03:17:58,5,Este nível de atividade é ideal para o seu bem-estar.,COm20CFvZmRBGq1m2Z3w,True,1779938278000,Ritmo Saudável,e1bd0a847e7079be
high_intensity,20-05-2026 19:28:13,10,Excelente intensidade! Continue assim.,cG6AJFkecvSuRpPGAca9,True,1779305293000,Alta Intensidade,2618243a251bd83f
high_intensity,17-05-2026 18:42:03,10,Excelente intensidade! Continue assim.,H9RXxdeVqxDn3U8TWzqr,True,1779043323000,Alta Intensidade,cbf338d836298cb7
low_intensity,23-05-2026 13:56:32,2,Um ritmo mais leve será benéfico para o seu bem-estar.,l9Rd5LFbZGY1LcIjvUgs,True,1779544592000,Ritmo Baixo,c85cdb0ef48d09c8
high_intensity,06-05-2026 07:52:06,10,Excelente intensidade! Continue assim.,Tcqb0eWpQD11vDfaEnqQ,True,1778053926000,Alta Intensidade,f7af4712fd6b9108
high_intensity,20-05-2026 09:34:28,10,Excelente intensidade! Continue assim.,3WsBZMtFcIwRsfo9280q,True,1779269668000,Alta Intensidade,d57d393b16ba030e
high_intensity,28-05-2026 07:27:04,10,Excelente intensidade! Continue assim.,VPudsAzW0lc99o0yRMdF,True,1779953224000,Alta Intensidade,c6a2d85265d19a41
medium_intensity,21-05-2026 16:24:50,5,Este nível de atividade é ideal para o seu bem-estar.,A6yIoHKd84yTs1U8Am7E,True,1779380690000,Ritmo Saudável,de2dde23040292bc
medium_intensity,30-05-2026 16:49:40,5,Este nível de atividade é ideal para o seu bem-estar.,wOrKodfj1HSCQ95xX4aC,True,1780159780000,Ritmo Saudável,f879804e4456e5d4
medium_intensity,10-05-2026 08:55:05,5,Este nível de atividade é ideal para o seu bem-estar.,pN3ZzGWY2NlUsXB0Gy2m,True,1778403305000,Ritmo Saudável,b8e78b83a62a0cb7
low_intensity,09-05-2026 02:53:49,2,Um ritmo mais leve será benéfico para o seu bem-estar.,ReOoBH5UnYoqqnPWymrX,True,1778295229000,Ritmo Baixo,3bd002cf1fcfa789
medium_intensity,28-05-2026 16:58:54,5,Este nível de atividade é ideal para o seu bem-estar.,xoeXnNvNqGDndnP9zgnf,True,1779987534000,Ritmo Saudável,17b4966e9be4d8d8
high_intensity,28-05-2026 09:06:01,10,Excelente intensidade! Continue assim.,jM9QfRAMtAAkSG0TfHQB,True,1779959161000,Alta Intensidade,556be8558ce56421
medium_intensity,13-05-2026 18:29:46,5,Este nível de atividade é ideal para o seu bem-estar.,GAWMKX6Lp4nYy7lAK40N,True,1778696986000,Ritmo Saudável,c6a2d85265d19a41
low_intensity,17-05-2026 08:44:16,2,Um ritmo mais leve será benéfico para o seu bem-estar.,yGEH4yYMlNRSKCSJPvni,True,1779007456000,Ritmo Baixo,93279918e60ec274
low_intensity,16-05-2026 14:02:46,2,Um ritmo mais leve será benéfico para o seu bem-estar.,uh3A0ITvjWKA7xmzvlkq,True,1778940166000,Ritmo Baixo,2f2bd7547d602b7a
high_intensity,15-05-2026 13:08:52,10,Excelente intensidade! Continue assim.,wAGjwySzUPv4xBVIJLkf,True,1778850532000,Alta Intensidade,a2fd30e5fa49ad53
medium_intensity,16-05-2026 03:45:04,5,Este nível de atividade é ideal para o seu bem-estar.,ewZqbK3DHpEQ2dKKa4Ea,True,1778903104000,Ritmo Saudável,04964f8452901231
low_intensity,26-05-2026 17:47:25,2,Um ritmo mais leve será benéfico para o seu bem-estar.,dndwWhWlZI4vqyGYmf1D,True,1779817645000,Ritmo Baixo,64a94f9052422a0c
medium_intensity,23-05-2026 05:02:50,5,Este nível de atividade é ideal para o seu bem-estar.,ghMoCUAIKaB9atXwBZsm,True,1779512570000,Ritmo Saudável,c85cdb0ef48d09c8
low_intensity,08-05-2026 06:08:57,2,Um ritmo mais leve será benéfico para o seu bem-estar.,3b2CuUYDVWdiMICXYbuY,True,1778220537000,Ritmo Baixo,389da1f3a7c1d8de
low_intensity,20-05-2026 07:43:23,2,Um ritmo mais leve será benéfico para o seu bem-estar.,cFuWCw5H92KMtTvMT4lK,True,1779263003000,Ritmo Baixo,c51d4eb54f89fec8
high_intensity,05-05-2026 15:25:38,10,Excelente intensidade! Continue assim.,Pezij9ReeuboOzd4plOz,True,1777994738000,Alta Intensidade,eb39e98aca20e7d3
high_intensity,08-05-2026 20:27:06,10,Excelente intensidade! Continue assim.,797b3cT8eHUv9QhU3j3c,True,1778272026000,Alta Intensidade,55b620d8c0ab41e0
high_intensity,27-05-2026 03:15:07,10,Excelente intensidade! Continue assim.,lDSJ1wthfvWzNeDxqSMv,True,1779851707000,Alta Intensidade,9cbee3c1d7168837
medium_intensity,03-05-2026 13:00:22,5,Este nível de atividade é ideal para o seu bem-estar.,mihF66kGFuMqi8q7AwDS,True,1777813222000,Ritmo Saudável,556be8558ce56421
low_intensity,04-05-2026 10:30:59,2,Um ritmo mais leve será benéfico para o seu bem-estar.,1c3cR7Ld2ZO5Ga8idsmR,True,1777890659000,Ritmo Baixo,5afe6ceac06784f5
high_intensity,10-05-2026 07:03:33,10,Excelente intensidade! Continue assim.,84f77XZ3fMpaWDBzxRFg,True,1778396613000,Alta Intensidade,5a7b6516c51a4d4e
high_intensity,21-05-2026 22:04:48,10,Excelente intensidade! Continue assim.,gaEm5he0ivytPdr5dNFJ,True,1779401088000,Alta Intensidade,57e17fffc619e182
medium_intensity,11-05-2026 18:37:31,5,Este nível de atividade é ideal para o seu bem-estar.,IbAq8FKEm6olDD0SiQSP,True,1778524651000,Ritmo Saudável,8dc02e5c153f83a3
high_intensity,05-05-2026 22:27:46,10,Excelente intensidade! Continue assim.,Mr20Mz3clnOmV5yOz5Od,True,1778020066000,Alta Intensidade,c51d4eb54f89fec8
high_intensity,14-05-2026 12:56:46,10,Excelente intensidade! Continue assim.,53yCymNkMXDhgS2OjEab,True,1778763406000,Alta Intensidade,e84878f982129128
high_intensity,23-05-2026 16:50:13,10,Excelente intensidade! Continue assim.,rMQk3mHIzvk8Slu45mIc,True,1779555013000,Alta Intensidade,0e52f2934d8ce165
low_intensity,05-05-2026 22:34:50,2,Um ritmo mais leve será benéfico para o seu bem-estar.,gwQcAw4wPIG3hpeDJI4y,True,1778020490000,Ritmo Baixo,153c202e3cfef4ba
high_intensity,06-05-2026 18:30:10,10,Excelente intensidade! Continue assim.,34C3MSHQgh8azcJr0SSv,True,1778092210000,Alta Intensidade,53c682ded6545e06
low_intensity,20-05-2026 04:58:50,2,Um ritmo mais leve será benéfico para o seu bem-estar.,GmUNih4LTjz5SDetMBya,True,1779253130000,Ritmo Baixo,cb4c1290e91970dd
high_intensity,18-05-2026 11:20:51,10,Excelente intensidade! Continue assim.,5JTo94x5Had5KKDOgyaT,True,1779103251000,Alta Intensidade,bc74204126e384ca
high_intensity,25-05-2026 04:52:13,10,Excelente intensidade! Continue assim.,A47edxCmtMCwvjbKo1bS,True,1779684733000,Alta Intensidade,06bf6a628379e030
medium_intensity,14-05-2026 07:23:59,5,Este nível de atividade é ideal para o seu bem-estar.,gZuz4Y4bOVFq7XNPbT4H,True,1778743439000,Ritmo Saudável,0e52f2934d8ce165
low_intensity,25-05-2026 22:22:59,2,Um ritmo mais leve será benéfico para o seu bem-estar.,ODVXNk0YLbNxlKcczrar,True,1779747779000,Ritmo Baixo,5afe6ceac06784f5
high_intensity,27-05-2026 01:41:41,10,Excelente intensidade! Continue assim.,kgRuqFkKBFJNpPnQjD32,True,1779846101000,Alta Intensidade,2a339e8954684016
high_intensity,14-05-2026 19:35:22,10,Excelente intensidade! Continue assim.,bL28ood00s9SHM1uW57b,True,1778787322000,Alta Intensidade,923d0315f3ae2bb3
high_intensity,19-05-2026 20:29:35,10,Excelente intensidade! Continue assim.,2Cdnvd5jL0Gn5mbTG2lv,True,1779222575000,Alta Intensidade,13db178cd9a1e37a
medium_intensity,05-05-2026 22:09:44,5,Este nível de atividade é ideal para o seu bem-estar.,MQtmxYQ0Xsx9n0JybZrk,True,1778018984000,Ritmo Saudável,6f36a3307488809f
high_intensity,27-05-2026 18:10:45,10,Excelente intensidade! Continue assim.,MxlFNaQdIhO3PaxOHT7s,True,1779905445000,Alta Intensidade,bbbe498ee44f6349
low_intensity,23-05-2026 23:23:53,2,Um ritmo mais leve será benéfico para o seu bem-estar.,uVYILDOLJOgbrIixmspj,True,1779578633000,Ritmo Baixo,bb80f878cef35322
high_intensity,19-05-2026 05:27:37,10,Excelente intensidade! Continue assim.,8vukZ10W3P9YV03X0TBI,True,1779168457000,Alta Intensidade,7d176c63414fcd05
low_intensity,28-05-2026 03:59:40,2,Um ritmo mais leve será benéfico para o seu bem-estar.,i73FlrNA12TvnbzxnpGy,True,1779940780000,Ritmo Baixo,d4389e820d4f82fa
medium_intensity,21-05-2026 09:29:13,5,Este nível de atividade é ideal para o seu bem-estar.,cJ5629USmxvYCHkeVcb6,True,1779355753000,Ritmo Saudável,a8c47673d6a4f85c
medium_intensity,20-05-2026 17:20:38,5,Este nível de atividade é ideal para o seu bem-estar.,59fm7bu0xl7VwzwDAUYg,True,1779297638000,Ritmo Saudável,e8c9832b5c388bb5
medium_intensity,26-05-2026 09:54:05,5,Este nível de atividade é ideal para o seu bem-estar.,WfkItHFgql7CLSm54yqH,True,1779789245000,Ritmo Saudável,234da97fe615c6b7
high_intensity,15-05-2026 05:19:26,10,Excelente intensidade! Continue assim.,Dp8Pwj2L933B1OjWm4Xg,True,1778822366000,Alta Intensidade,de2dde23040292bc
medium_intensity,30-05-2026 02:50:05,5,Este nível de atividade é ideal para o seu bem-estar.,LHK7SXQL9y7BpLu9mvwB,True,1780109405000,Ritmo Saudável,24d6a87b0598b02e
medium_intensity,07-05-2026 18:23:34,5,Este nível de atividade é ideal para o seu bem-estar.,EeT24r8076gXkZ9LkW9I,True,1778178214000,Ritmo Saudável,d0825fdf3da3660c
medium_intensity,23-05-2026 07:38:02,5,Este nível de atividade é ideal para o seu bem-estar.,gnlLsryUhehJPxAjglef,True,1779521882000,Ritmo Saudável,c85cdb0ef48d09c8
high_intensity,28-05-2026 13:25:15,10,Excelente intensidade! Continue assim.,mASOaTEpXa1YPMwVdzQQ,True,1779974715000,Alta Intensidade,487b076a69a53671
high_intensity,14-05-2026 07:25:39,10,Excelente intensidade! Continue assim.,EPfolq2ryKuR80Uu3Irk,True,1778743539000,Alta Intensidade,9d16533a62ab9315
medium_intensity,12-05-2026 10:44:06,5,Este nível de atividade é ideal para o seu bem-estar.,Fw3Au5D0KloYEa7V20S6,True,1778582646000,Ritmo Saudável,06961ead71f8b1d8
low_intensity,16-05-2026 21:40:48,2,Um ritmo mais leve será benéfico para o seu bem-estar.,9pvEsagRwrNragAxrQLq,True,1778967648000,Ritmo Baixo,72bd2672c948d2cb
medium_intensity,26-05-2026 11:50:23,5,Este nível de atividade é ideal para o seu bem-estar.,kzdHq3cdG6qAWhoX9Gvn,True,1779796223000,Ritmo Saudável,c34c1310eab19c87
medium_intensity,09-05-2026 16:53:57,5,Este nível de atividade é ideal para o seu bem-estar.,FajU6RBnNeUK8LkStCYb,True,1778345637000,Ritmo Saudável,bc74204126e384ca
low_intensity,17-05-2026 17:26:58,2,Um ritmo mais leve será benéfico para o seu bem-estar.,PQmsZQvkhbgzkKgoQXsv,True,1779038818000,Ritmo Baixo,102edb38b5ec347f
medium_intensity,16-05-2026 03:39:35,5,Este nível de atividade é ideal para o seu bem-estar.,8DEwb3NdYtIISpRK8tYd,True,1778902775000,Ritmo Saudável,330949523d665e3b
medium_intensity,13-05-2026 07:47:20,5,Este nível de atividade é ideal para o seu bem-estar.,xbw7NfIsCzRCDpnuYM9T,True,1778658440000,Ritmo Saudável,2618243a251bd83f
high_intensity,08-05-2026 22:46:34,10,Excelente intensidade! Continue assim.,lwweppmpM9ZugGld8e2E,True,1778280394000,Alta Intensidade,c6a2d85265d19a41
medium_intensity,02-05-2026 04:20:46,5,Este nível de atividade é ideal para o seu bem-estar.,RDfieV7CSsCSSlrJXspU,True,1777695646000,Ritmo Saudável,53c682ded6545e06
high_intensity,05-05-2026 13:52:34,10,Excelente intensidade! Continue assim.,NMItBGHEdgfNjgfAcwfg,True,1777989154000,Alta Intensidade,7d176c63414fcd05
low_intensity,12-05-2026 13:03:48,2,Um ritmo mais leve será benéfico para o seu bem-estar.,QQBwlZCPSzunPsvlWf9Q,True,1778591028000,Ritmo Baixo,b572bc65fae8bec1
high_intensity,05-05-2026 21:44:01,10,Excelente intensidade! Continue assim.,EXLcpGl0u5u3tddnljB7,True,1778017441000,Alta Intensidade,17b4966e9be4d8d8
low_intensity,16-05-2026 01:08:43,2,Um ritmo mais leve será benéfico para o seu bem-estar.,A5NZ23DZHgv3NAVJLMnA,True,1778893723000,Ritmo Baixo,574582321d04df00
high_intensity,12-05-2026 10:21:29,10,Excelente intensidade! Continue assim.,bzJiffsdxEhidt33HRWc,True,1778581289000,Alta Intensidade,3b1338c1207d1e2e
medium_intensity,22-05-2026 23:30:09,5,Este nível de atividade é ideal para o seu bem-estar.,wd6PGtQR03OXG4dJdg3J,True,1779492609000,Ritmo Saudável,c837debb39dd1e68
high_intensity,02-05-2026 15:53:53,10,Excelente intensidade! Continue assim.,B8YJiQeAFvOADOfNkYSv,True,1777737233000,Alta Intensidade,da211edc7bac01a0
low_intensity,26-05-2026 16:17:11,2,Um ritmo mais leve será benéfico para o seu bem-estar.,E9cNoklyqj9plusqwcaz,True,1779812231000,Ritmo Baixo,da211edc7bac01a0
high_intensity,22-05-2026 06:06:17,10,Excelente intensidade! Continue assim.,7KROx8iYJ40m2yyF1uio,True,1779429977000,Alta Intensidade,42ac1a2bf982f79c
high_intensity,10-05-2026 06:21:46,10,Excelente intensidade! Continue assim.,gR3UuOQ30A9zXmpWwgzF,True,1778394106000,Alta Intensidade,42ac1a2bf982f79c
high_intensity,04-05-2026 12:36:48,10,Excelente intensidade! Continue assim.,NbndKo6ROleB4mxhvxto,True,1777898208000,Alta Intensidade,eb39e98aca20e7d3
medium_intensity,24-05-2026 03:13:10,5,Este nível de atividade é ideal para o seu bem-estar.,yHszekAkd1TnqZnPH08o,True,1779592390000,Ritmo Saudável,a8c47673d6a4f85c
low_intensity,02-05-2026 05:50:08,2,Um ritmo mais leve será benéfico para o seu bem-estar.,2MenBbnYr0mp36cTasor,True,1777701008000,Ritmo Baixo,4c885efe7bde3ff4
medium_intensity,27-05-2026 16:31:26,5,Este nível de atividade é ideal para o seu bem-estar.,h2g2kCVw5kTSwap8K3rj,True,1779899486000,Ritmo Saudável,91279a646f8ea6ac
high_intensity,15-05-2026 15:58:08,10,Excelente intensidade! Continue assim.,XvOSkqCkljWDEemsRYDY,True,1778860688000,Alta Intensidade,bc74204126e384ca
high_intensity,28-05-2026 20:41:30,10,Excelente intensidade! Continue assim.,qHXYgMm9f1gkuF9mPIuU,True,1780000890000,Alta Intensidade,39a54d73a921b9f6
low_intensity,21-05-2026 08:18:22,2,Um ritmo mais leve será benéfico para o seu bem-estar.,Vazhxq4xRGlZcJgaGEKV,True,1779351502000,Ritmo Baixo,ae7ec9246c4649bc
low_intensity,18-05-2026 04:11:55,2,Um ritmo mais leve será benéfico para o seu bem-estar.,M5UqMb9D2v5iaCzxi4GA,True,1779077515000,Ritmo Baixo,53c682ded6545e06
medium_intensity,30-05-2026 12:21:02,5,Este nível de atividade é ideal para o seu bem-estar.,qNpfZrdQRTgsHiWqwTtm,True,1780143662000,Ritmo Saudável,1bd749deaf799034
high_intensity,01-05-2026 06:30:05,10,Excelente intensidade! Continue assim.,zrevihqA6pHiVn9dQDAj,True,1777617005000,Alta Intensidade,a2fd30e5fa49ad53
high_intensity,06-05-2026 19:18:16,10,Excelente intensidade! Continue assim.,jO0CA4sdGazsSpDIwtQl,True,1778095096000,Alta Intensidade,24d6a87b0598b02e
high_intensity,12-05-2026 16:24:39,10,Excelente intensidade! Continue assim.,jQaYYNNElwliewMkKQJe,True,1778603079000,Alta Intensidade,430f674c6dfe941a
medium_intensity,17-05-2026 07:58:07,5,Este nível de atividade é ideal para o seu bem-estar.,ClT6KRMIJUAuzAkMUGUM,True,1779004687000,Ritmo Saudável,da211edc7bac01a0
low_intensity,07-05-2026 09:32:16,2,Um ritmo mais leve será benéfico para o seu bem-estar.,Hsqcknu8nrAhBAzwpiqo,True,1778146336000,Ritmo Baixo,cb207a93391638cb
medium_intensity,16-05-2026 20:24:24,5,Este nível de atividade é ideal para o seu bem-estar.,WadwkNDJLmkiqhe85XFM,True,1778963064000,Ritmo Saudável,c7f34dc43387f858
medium_intensity,22-05-2026 02:29:39,5,Este nível de atividade é ideal para o seu bem-estar.,Y4pifEq1hZLW2JL7LtDb,True,1779416979000,Ritmo Saudável,53c682ded6545e06
high_intensity,24-05-2026 20:57:04,10,Excelente intensidade! Continue assim.,NJZCyr6OFjcNJ1xXtqZc,True,1779656224000,Alta Intensidade,8dc02e5c153f83a3
low_intensity,30-05-2026 01:24:29,2,Um ritmo mais leve será benéfico para o seu bem-estar.,Ezs5ys7OwIqNlnfp2dlR,True,1780104269000,Ritmo Baixo,8f8c45c33ff51d0e
high_intensity,27-05-2026 09:07:57,10,Excelente intensidade! Continue assim.,FXHnbAKsIWeT6wHhJ3xq,True,1779872877000,Alta Intensidade,fb188f553674b4c4
medium_intensity,14-05-2026 16:02:27,5,Este nível de atividade é ideal para o seu bem-estar.,xbMFZ5yyZfAyjWROufUP,True,1778774547000,Ritmo Saudável,34cbefbc28798720
low_intensity,30-05-2026 16:02:09,2,Um ritmo mais leve será benéfico para o seu bem-estar.,9wXK6IF0gmLQZuFRXVvO,True,1780156929000,Ritmo Baixo,8e2e127651e9cbde
low_intensity,09-05-2026 02:37:50,2,Um ritmo mais leve será benéfico para o seu bem-estar.,HToQnBKChR9vXRkUpLfL,True,1778294270000,Ritmo Baixo,7e8fb26408446272
high_intensity,21-05-2026 08:48:15,10,Excelente intensidade! Continue assim.,aLNzrtlbwPdJooTfXRfa,True,1779353295000,Alta Intensidade,6588d11c4a11acb1
medium_intensity,27-05-2026 17:24:29,5,Este nível de atividade é ideal para o seu bem-estar.,ZbUw0nFoLJtCknHABkGq,True,1779902669000,Ritmo Saudável,06bf6a628379e030
high_intensity,27-05-2026 09:05:27,10,Excelente intensidade! Continue assim.,9EYh9zNOInJ1DhdrhE60,True,1779872727000,Alta Intensidade,517fc5ca69b652a5
high_intensity,06-05-2026 00:50:35,10,Excelente intensidade! Continue assim.,iTQeD5b4Jckc4Jfyq0Lq,True,1778028635000,Alta Intensidade,c0014ea2ee2fdaea
low_intensity,25-05-2026 07:53:59,2,Um ritmo mais leve será benéfico para o seu bem-estar.,4NZ73rkqcjli861eJsfP,True,1779695639000,Ritmo Baixo,8dc02e5c153f83a3
high_intensity,14-05-2026 02:21:27,10,Excelente intensidade! Continue assim.,CAgtsa7SSywsbOHlJhob,True,1778725287000,Alta Intensidade,1bd749deaf799034
low_intensity,12-05-2026 17:09:40,2,Um ritmo mais leve será benéfico para o seu bem-estar.,ArJyUd1ervi6aboZLe5E,True,1778605780000,Ritmo Baixo,c51d4eb54f89fec8
high_intensity,03-05-2026 14:22:44,10,Excelente intensidade! Continue assim.,CppF0RBaYYEiwUiO0YCq,True,1777818164000,Alta Intensidade,057c44d337463e07
medium_intensity,17-05-2026 19:12:18,5,Este nível de atividade é ideal para o seu bem-estar.,cupK1RACzcrCHAy1LPpk,True,1779045138000,Ritmo Saudável,3811390588367f0e
high_intensity,23-05-2026 22:42:27,10,Excelente intensidade! Continue assim.,PEjMKZkKrxMNiKRU6RYO,True,1779576147000,Alta Intensidade,3db4e6efff8b7518
low_intensity,16-05-2026 06:47:05,2,Um ritmo mais leve será benéfico para o seu bem-estar.,LZGp5ihGZkogYHcqinb5,True,1778914025000,Ritmo Baixo,5a7b6516c51a4d4e
low_intensity,21-05-2026 08:09:56,2,Um ritmo mais leve será benéfico para o seu bem-estar.,ykYmUYL481y5nll7mUNr,True,1779350996000,Ritmo Baixo,4c885efe7bde3ff4
high_intensity,23-05-2026 22:59:17,10,Excelente intensidade! Continue assim.,m0CJN9YBlpU5pHD2LNc5,True,1779577157000,Alta Intensidade,2a339e8954684016
high_intensity,25-05-2026 21:20:22,10,Excelente intensidade! Continue assim.,QfUTwzkhMw9ZZotyvoj5,True,1779744022000,Alta Intensidade,2618243a251bd83f
high_intensity,20-05-2026 03:05:22,10,Excelente intensidade! Continue assim.,jZkT5XZ0xVkhLVmDAIxl,True,1779246322000,Alta Intensidade,6f36a3307488809f
high_intensity,08-05-2026 15:47:56,10,Excelente intensidade! Continue assim.,wRRdp19nJq12N6ioP6Yh,True,1778255276000,Alta Intensidade,d5eb4d757b335d0e
high_intensity,14-05-2026 11:29:35,10,Excelente intensidade! Continue assim.,SJwTKsjc5uMxd5dwmy5P,True,1778758175000,Alta Intensidade,c85cdb0ef48d09c8
medium_intensity,15-05-2026 05:14:35,5,Este nível de atividade é ideal para o seu bem-estar.,Zr8TTIEv2C1tLfZMhdbv,True,1778822075000,Ritmo Saudável,3db4e6efff8b7518
medium_intensity,17-05-2026 12:46:42,5,Este nível de atividade é ideal para o seu bem-estar.,pT5QEDEc7afTjHiA5vSa,True,1779022002000,Ritmo Saudável,13db178cd9a1e37a
high_intensity,22-05-2026 00:58:01,10,Excelente intensidade! Continue assim.,RGZl3VOA2MEVVfo7Rn26,True,1779411481000,Alta Intensidade,c85cdb0ef48d09c8
high_intensity,24-05-2026 15:07:13,10,Excelente intensidade! Continue assim.,YhHfsIZ2kLMiDXuje5Dd,True,1779635233000,Alta Intensidade,7f281c8dbac1f799
medium_intensity,17-05-2026 19:12:34,5,Este nível de atividade é ideal para o seu bem-estar.,g3tSGqpKACDyijwXQwvs,True,1779045154000,Ritmo Saudável,430f674c6dfe941a
low_intensity,02-05-2026 06:14:43,2,Um ritmo mais leve será benéfico para o seu bem-estar.,C4KA1dFuamwUUCL10tS9,True,1777702483000,Ritmo Baixo,bb4bb9fbcfcc16d1
high_intensity,13-05-2026 19:16:24,10,Excelente intensidade! Continue assim.,DYYQeZKJ1BDLMeHL0oRi,True,1778699784000,Alta Intensidade,867d47425e9cccc7
medium_intensity,26-05-2026 21:43:35,5,Este nível de atividade é ideal para o seu bem-estar.,MCQOpbXx25hw3lIGaTq7,True,1779831815000,Ritmo Saudável,5afe6ceac06784f5
low_intensity,08-05-2026 17:44:00,2,Um ritmo mais leve será benéfico para o seu bem-estar.,h70PwDJYepYd7Fmo14z9,True,1778262240000,Ritmo Baixo,bb4bb9fbcfcc16d1
low_intensity,30-05-2026 03:25:27,2,Um ritmo mais leve será benéfico para o seu bem-estar.,89WuguXJUrl72IDnvwDx,True,1780111527000,Ritmo Baixo,b30b0b43692b035b
high_intensity,18-05-2026 22:34:35,10,Excelente intensidade! Continue assim.,qg2DaFHdPmJ1yg5CfTkd,True,1779143675000,Alta Intensidade,0e52f2934d8ce165
medium_intensity,25-05-2026 12:51:30,5,Este nível de atividade é ideal para o seu bem-estar.,goDtcDmdTuxKmZytGpQb,True,1779713490000,Ritmo Saudável,42ac1a2bf982f79c
medium_intensity,10-05-2026 06:45:13,5,Este nível de atividade é ideal para o seu bem-estar.,PnmFccTmn1DjzzPzFy7m,True,1778395513000,Ritmo Saudável,430f674c6dfe941a
low_intensity,10-05-2026 02:16:00,2,Um ritmo mais leve será benéfico para o seu bem-estar.,hSwz9kJBNyjPq8MCw7px,True,1778379360000,Ritmo Baixo,bc74204126e384ca
low_intensity,05-05-2026 10:41:04,2,Um ritmo mais leve será benéfico para o seu bem-estar.,RnNsXyo8g8yDBYhkD6dl,True,1777977664000,Ritmo Baixo,c51d4eb54f89fec8
high_intensity,20-05-2026 22:01:52,10,Excelente intensidade! Continue assim.,urZgaYF9E58VnVddy8Xj,True,1779314512000,Alta Intensidade,3811390588367f0e
high_intensity,21-05-2026 14:47:08,10,Excelente intensidade! Continue assim.,rd0jkQqcxG3pvkGUr2nT,True,1779374828000,Alta Intensidade,6588d11c4a11acb1
low_intensity,30-05-2026 21:38:13,2,Um ritmo mais leve será benéfico para o seu bem-estar.,XbDCXNPlzwWD6UNDJt94,True,1780177093000,Ritmo Baixo,72bd2672c948d2cb
medium_intensity,01-05-2026 12:39:05,5,Este nível de atividade é ideal para o seu bem-estar.,1OLQf1XrSq9KZJuQwNK7,True,1777639145000,Ritmo Saudável,57e17fffc619e182
high_intensity,17-05-2026 08:52:10,10,Excelente intensidade! Continue assim.,Kyv5YyOqsFvKvpWkn1rL,True,1779007930000,Alta Intensidade,fb188f553674b4c4
medium_intensity,13-05-2026 16:08:09,5,Este nível de atividade é ideal para o seu bem-estar.,UBGF9I16iyp0Pqs5COnv,True,1778688489000,Ritmo Saudável,18d281edb3671f44
low_intensity,23-05-2026 22:57:10,2,Um ritmo mais leve será benéfico para o seu bem-estar.,LGr9wFTfSS9Ni5j8DFj1,True,1779577030000,Ritmo Baixo,82a83fc853728306
high_intensity,14-05-2026 02:42:21,10,Excelente intensidade! Continue assim.,Dw5hWhcoa5UkSdTdUEEd,True,1778726541000,Alta Intensidade,17b4966e9be4d8d8
low_intensity,13-05-2026 14:22:09,2,Um ritmo mais leve será benéfico para o seu bem-estar.,uGsZ2wM7Pi6SnjqPKQub,True,1778682129000,Ritmo Baixo,72ba4e2f87adceb5
low_intensity,14-05-2026 01:21:37,2,Um ritmo mais leve será benéfico para o seu bem-estar.,Ph2odv62xCFxnHirQIGe,True,1778721697000,Ritmo Baixo,c9ab51cba10ae1e9
high_intensity,26-05-2026 00:01:12,10,Excelente intensidade! Continue assim.,HCwl7mujpJIed3l3jRqI,True,1779753672000,Alta Intensidade,7d176c63414fcd05
medium_intensity,19-05-2026 19:32:25,5,Este nível de atividade é ideal para o seu bem-estar.,dO4I2Hk1j3kHIPj3XDo8,True,1779219145000,Ritmo Saudável,3cc68b8049eb8d4c
low_intensity,05-05-2026 23:55:55,2,Um ritmo mais leve será benéfico para o seu bem-estar.,rSBJ9mCLkQw9LWrKE1B3,True,1778025355000,Ritmo Baixo,330949523d665e3b
high_intensity,24-05-2026 02:18:07,10,Excelente intensidade! Continue assim.,Tm3bNcMmYP6B5nshXCGd,True,1779589087000,Alta Intensidade,18d281edb3671f44
medium_intensity,09-05-2026 08:48:27,5,Este nível de atividade é ideal para o seu bem-estar.,DJU1YbSIaO4BiRN0aNw0,True,1778316507000,Ritmo Saudável,9cbee3c1d7168837
low_intensity,16-05-2026 09:45:10,2,Um ritmo mais leve será benéfico para o seu bem-estar.,Ff3ToZTn4motMO74WMFR,True,1778924710000,Ritmo Baixo,bb4bb9fbcfcc16d1
high_intensity,23-05-2026 20:46:35,10,Excelente intensidade! Continue assim.,2Zt36T1hKvk8nOF8fIin,True,1779569195000,Alta Intensidade,5311a0642c2564ad
low_intensity,14-05-2026 05:25:52,2,Um ritmo mais leve será benéfico para o seu bem-estar.,TizcLmljekRICgtehQ6h,True,1778736352000,Ritmo Baixo,06961ead71f8b1d8
low_intensity,26-05-2026 03:22:25,2,Um ritmo mais leve será benéfico para o seu bem-estar.,8BI3jEZsJ1XY8Fv8BRtM,True,1779765745000,Ritmo Baixo,bb80f878cef35322
medium_intensity,18-05-2026 10:10:24,5,Este nível de atividade é ideal para o seu bem-estar.,k4iJP7Bf9MN0RIvOVLKC,True,1779099024000,Ritmo Saudável,1b38ab967d98cc4e
low_intensity,19-05-2026 03:59:48,2,Um ritmo mais leve será benéfico para o seu bem-estar.,eqcFOCqd0ZyHFs7QgCec,True,1779163188000,Ritmo Baixo,1b38ab967d98cc4e
low_intensity,18-05-2026 17:47:57,2,Um ritmo mais leve será benéfico para o seu bem-estar.,4DqSajzhCoWrqTZcofTf,True,1779126477000,Ritmo Baixo,06bf6a628379e030
low_intensity,17-05-2026 21:11:54,2,Um ritmo mais leve será benéfico para o seu bem-estar.,pvN8wJDqV88eGkZNSZIv,True,1779052314000,Ritmo Baixo,93279918e60ec274
medium_intensity,08-05-2026 02:42:27,5,Este nível de atividade é ideal para o seu bem-estar.,Ne2wdYLlTz9Ee4bX0stJ,True,1778208147000,Ritmo Saudável,19a558ecc36977ce
medium_intensity,28-05-2026 23:24:03,5,Este nível de atividade é ideal para o seu bem-estar.,QPQUsklkXvD6inX7iV3L,True,1780010643000,Ritmo Saudável,72bd2672c948d2cb
medium_intensity,27-05-2026 03:09:51,5,Este nível de atividade é ideal para o seu bem-estar.,f5ObH3t8qmWONH0pX8zk,True,1779851391000,Ritmo Saudável,153c202e3cfef4ba
low_intensity,24-05-2026 05:54:22,2,Um ritmo mais leve será benéfico para o seu bem-estar.,TpoUPhF7wrGNRweMyqgg,True,1779602062000,Ritmo Baixo,3811390588367f0e
medium_intensity,07-05-2026 20:03:18,5,Este nível de atividade é ideal para o seu bem-estar.,i1ynz5DgoIvbXv5VZQDs,True,1778184198000,Ritmo Saudável,b30b0b43692b035b
low_intensity,25-05-2026 09:05:15,2,Um ritmo mais leve será benéfico para o seu bem-estar.,wpMH3vACxD5Whks28VVZ,True,1779699915000,Ritmo Baixo,72bd2672c948d2cb
medium_intensity,11-05-2026 00:38:00,5,Este nível de atividade é ideal para o seu bem-estar.,xFZpbt1haLqtCEn1IkmM,True,1778459880000,Ritmo Saudável,eb39e98aca20e7d3
high_intensity,26-05-2026 11:45:38,10,Excelente intensidade! Continue assim.,V0HzaYf4Npuk6wmM5S3K,True,1779795938000,Alta Intensidade,e9da39984fb29dc6
medium_intensity,11-05-2026 16:18:00,5,Este nível de atividade é ideal para o seu bem-estar.,nL4UzYdNhZVQr6j8p3pQ,True,1778516280000,Ritmo Saudável,f7af4712fd6b9108
low_intensity,22-05-2026 05:12:43,2,Um ritmo mais leve será benéfico para o seu bem-estar.,ZP9kewK8gyAMA8XZkSa2,True,1779426763000,Ritmo Baixo,0f98939ac68105bb
high_intensity,04-05-2026 15:43:28,10,Excelente intensidade! Continue assim.,8hTpvAh6X5WboFbQgim7,True,1777909408000,Alta Intensidade,1b38ab967d98cc4e
medium_intensity,27-05-2026 16:21:23,5,Este nível de atividade é ideal para o seu bem-estar.,NhSBCkZpXfcoJ9vrnluO,True,1779898883000,Ritmo Saudável,eb39e98aca20e7d3
low_intensity,11-05-2026 17:28:16,2,Um ritmo mais leve será benéfico para o seu bem-estar.,havD9JnNwBbPO1CRh33u,True,1778520496000,Ritmo Baixo,de2dde23040292bc
low_intensity,15-05-2026 20:32:51,2,Um ritmo mais leve será benéfico para o seu bem-estar.,cWIQy3n6HOORhkTywbHb,True,1778877171000,Ritmo Baixo,3c58290022ed11b1
medium_intensity,10-05-2026 13:32:47,5,Este nível de atividade é ideal para o seu bem-estar.,usvFgGfbPrbiEtA2NAY4,True,1778419967000,Ritmo Saudável,514af2be7dc985d8
low_intensity,08-05-2026 18:00:53,2,Um ritmo mais leve será benéfico para o seu bem-estar.,f9kiVH5piCxXkXbOapoM,True,1778263253000,Ritmo Baixo,c85cdb0ef48d09c8
low_intensity,30-05-2026 05:13:41,2,Um ritmo mais leve será benéfico para o seu bem-estar.,cGjD5ps53FIikadtpJYd,True,1780118021000,Ritmo Baixo,7d176c63414fcd05
high_intensity,06-05-2026 08:01:08,10,Excelente intensidade! Continue assim.,VBvIGH7UKAN9gfiHgZsf,True,1778054468000,Alta Intensidade,3993ad7e2565b6b0
medium_intensity,06-05-2026 02:14:25,5,Este nível de atividade é ideal para o seu bem-estar.,PdmOJ1TlcL9zmeq5EuFK,True,1778033665000,Ritmo Saudável,bbbe498ee44f6349
high_intensity,03-05-2026 13:58:35,10,Excelente intensidade! Continue assim.,HOLViU1tgMlRWRazCVeZ,True,1777816715000,Alta Intensidade,b30b0b43692b035b
medium_intensity,04-05-2026 06:08:15,5,Este nível de atividade é ideal para o seu bem-estar.,pyievNktRxHQCZOBCz91,True,1777874895000,Ritmo Saudável,e1bd0a847e7079be
high_intensity,30-05-2026 21:12:14,10,Excelente intensidade! Continue assim.,v6PHmuabZ9ryTUM3AUR0,True,1780175534000,Alta Intensidade,330949523d665e3b
medium_intensity,24-05-2026 19:13:22,5,Este nível de atividade é ideal para o seu bem-estar.,89fPEdht6wEEpWrt9Xx4,True,1779650002000,Ritmo Saudável,ae7ec9246c4649bc
high_intensity,01-05-2026 05:48:04,10,Excelente intensidade! Continue assim.,6G610rHPUKG9zeuDiMqC,True,1777614484000,Alta Intensidade,b572bc65fae8bec1
high_intensity,02-05-2026 12:55:06,10,Excelente intensidade! Continue assim.,7WXLKrkVtJu8tJ8NKjLo,True,1777726506000,Alta Intensidade,0e52f2934d8ce165
high_intensity,13-05-2026 08:08:22,10,Excelente intensidade! Continue assim.,Bn9XS7WXXuJRENLyCXRN,True,1778659702000,Alta Intensidade,9cbee3c1d7168837
high_intensity,25-05-2026 06:30:12,10,Excelente intensidade! Continue assim.,zgK57X5fQNseg5RZFzhV,True,1779690612000,Alta Intensidade,330949523d665e3b
medium_intensity,23-05-2026 05:37:22,5,Este nível de atividade é ideal para o seu bem-estar.,i7C7oRegdpBihEonsFgf,True,1779514642000,Ritmo Saudável,64a94f9052422a0c
low_intensity,24-05-2026 21:30:06,2,Um ritmo mais leve será benéfico para o seu bem-estar.,uphfdfPGsmEyaCpd2nb2,True,1779658206000,Ritmo Baixo,d57d393b16ba030e
high_intensity,14-05-2026 16:50:09,10,Excelente intensidade! Continue assim.,l01EO75tuy8O38AcYHz7,True,1778777409000,Alta Intensidade,3c58290022ed11b1
medium_intensity,18-05-2026 00:37:17,5,Este nível de atividade é ideal para o seu bem-estar.,4G9Q4IpvIVHGkIC6X5PD,True,1779064637000,Ritmo Saudável,1d6285f5502cf1f8
low_intensity,11-05-2026 04:55:39,2,Um ritmo mais leve será benéfico para o seu bem-estar.,XxJZ1diqNMjWANiticGd,True,1778475339000,Ritmo Baixo,04964f8452901231
medium_intensity,27-05-2026 07:59:58,5,Este nível de atividade é ideal para o seu bem-estar.,hbmg2iSv5tlmNV4rzE0f,True,1779868798000,Ritmo Saudável,3993ad7e2565b6b0
high_intensity,11-05-2026 00:16:13,10,Excelente intensidade! Continue assim.,jG9Th5mSBJjnZ1oXapiO,True,1778458573000,Alta Intensidade,bc74204126e384ca
high_intensity,09-05-2026 17:25:59,10,Excelente intensidade! Continue assim.,IEdVgx9Dynl8POxKCqXX,True,1778347559000,Alta Intensidade,552b8d6c350cb13c
medium_intensity,09-05-2026 20:22:31,5,Este nível de atividade é ideal para o seu bem-estar.,mBfLYB89vR30pX3I7jI0,True,1778358151000,Ritmo Saudável,234da97fe615c6b7
low_intensity,30-05-2026 12:45:15,2,Um ritmo mais leve será benéfico para o seu bem-estar.,PnJAmcE6WPUiyeASZ255,True,1780145115000,Ritmo Baixo,34cbefbc28798720
high_intensity,01-05-2026 19:38:29,10,Excelente intensidade! Continue assim.,BfqLLTkj3o1nM9HvscLL,True,1777664309000,Alta Intensidade,6214b1b462c04096
medium_intensity,22-05-2026 20:49:44,5,Este nível de atividade é ideal para o seu bem-estar.,UJRBrKmdBwjhGFTTuQqK,True,1779482984000,Ritmo Saudável,17b4966e9be4d8d8
high_intensity,10-05-2026 07:01:48,10,Excelente intensidade! Continue assim.,zWfOw8Kq0VIbJFKS3ij4,True,1778396508000,Alta Intensidade,9cbee3c1d7168837
high_intensity,28-05-2026 11:59:33,10,Excelente intensidade! Continue assim.,GTqubujENzZgJXgVLWZl,True,1779969573000,Alta Intensidade,9cbee3c1d7168837
high_intensity,30-05-2026 05:48:41,10,Excelente intensidade! Continue assim.,vnOpvvvGFxQJnP6PXYTL,True,1780120121000,Alta Intensidade,f7af4712fd6b9108
high_intensity,17-05-2026 15:48:49,10,Excelente intensidade! Continue assim.,RU4XS8EdN8duHwq1zxQJ,True,1779032929000,Alta Intensidade,cbf338d836298cb7
medium_intensity,04-05-2026 12:34:42,5,Este nível de atividade é ideal para o seu bem-estar.,x5o6kV3kNrhGFIwTJtYJ,True,1777898082000,Ritmo Saudável,8f8c45c33ff51d0e
high_intensity,16-05-2026 00:30:09,10,Excelente intensidade! Continue assim.,XJJLGqFCK9KpObeZaGN2,True,1778891409000,Alta Intensidade,de2dde23040292bc
medium_intensity,18-05-2026 20:08:59,5,Este nível de atividade é ideal para o seu bem-estar.,ZDxz22a2gmXf0u2zW1pM,True,1779134939000,Ritmo Saudável,f879804e4456e5d4
low_intensity,10-05-2026 11:01:23,2,Um ritmo mais leve será benéfico para o seu bem-estar.,KKxhreyRYQzgsYnSmApC,True,1778410883000,Ritmo Baixo,63d3511e9e857901
high_intensity,13-05-2026 04:11:30,10,Excelente intensidade! Continue assim.,US3GRCbJDo4ALNvL6Qwm,True,1778645490000,Alta Intensidade,d0825fdf3da3660c
low_intensity,20-05-2026 22:58:18,2,Um ritmo mais leve será benéfico para o seu bem-estar.,uGUf6zo94qYB2W4hi6nW,True,1779317898000,Ritmo Baixo,91279a646f8ea6ac
high_intensity,13-05-2026 17:09:15,10,Excelente intensidade! Continue assim.,Blo7o0RObF1aEpEWj88Y,True,1778692155000,Alta Intensidade,34cbefbc28798720
low_intensity,30-05-2026 11:52:34,2,Um ritmo mais leve será benéfico para o seu bem-estar.,5M7OZYMbk4cyMJC3xFkf,True,1780141954000,Ritmo Baixo,f7c6682ad24d37f8
high_intensity,15-05-2026 11:28:23,10,Excelente intensidade! Continue assim.,96rU4jijV8zcsaBSuVOQ,True,1778844503000,Alta Intensidade,c6a2d85265d19a41
medium_intensity,08-05-2026 06:14:19,5,Este nível de atividade é ideal para o seu bem-estar.,BT3fcMlkEwdiFfL83nKK,True,1778220859000,Ritmo Saudável,8e7f2987241c2818
high_intensity,06-05-2026 16:52:29,10,Excelente intensidade! Continue assim.,tNJSVqYUSiEmQVju7QXi,True,1778086349000,Alta Intensidade,8e7f2987241c2818
medium_intensity,05-05-2026 18:58:37,5,Este nível de atividade é ideal para o seu bem-estar.,GOZtMqOqGPBcJJFgJI2f,True,1778007517000,Ritmo Saudável,c34c1310eab19c87
low_intensity,13-05-2026 14:29:36,2,Um ritmo mais leve será benéfico para o seu bem-estar.,LPMqTr2DSQoNZeRIIeZV,True,1778682576000,Ritmo Baixo,923d0315f3ae2bb3
low_intensity,03-05-2026 03:07:51,2,Um ritmo mais leve será benéfico para o seu bem-estar.,bxpBrRjrTa4wqh1jwJmA,True,1777777671000,Ritmo Baixo,8e7f2987241c2818
high_intensity,05-05-2026 20:03:55,10,Excelente intensidade! Continue assim.,076Mp9QsYJTlNj77zAkW,True,1778011435000,Alta Intensidade,430f674c6dfe941a
high_intensity,26-05-2026 11:35:31,10,Excelente intensidade! Continue assim.,QQPk8rjXnimhp9wpVUBH,True,1779795331000,Alta Intensidade,ec75a53f04901eec
low_intensity,23-05-2026 08:27:11,2,Um ritmo mais leve será benéfico para o seu bem-estar.,kWP7sV1LSfd7lRh5h0GB,True,1779524831000,Ritmo Baixo,2f2bd7547d602b7a
medium_intensity,12-05-2026 07:17:47,5,Este nível de atividade é ideal para o seu bem-estar.,xGk70Un9b8yZBh0su28W,True,1778570267000,Ritmo Saudável,7182af742e04dc6d
medium_intensity,26-05-2026 21:33:04,5,Este nível de atividade é ideal para o seu bem-estar.,5uuGeF5N9OYEDKzNwyLO,True,1779831184000,Ritmo Saudável,cb207a93391638cb
medium_intensity,05-05-2026 18:35:38,5,Este nível de atividade é ideal para o seu bem-estar.,tjqukJxaXMkgsXDnbdKy,True,1778006138000,Ritmo Saudável,39a54d73a921b9f6
medium_intensity,29-05-2026 07:00:19,5,Este nível de atividade é ideal para o seu bem-estar.,zox7OQKi6jx3vQH0NYoU,True,1780038019000,Ritmo Saudável,867d47425e9cccc7
high_intensity,24-05-2026 03:58:59,10,Excelente intensidade! Continue assim.,tjObyjULmShuHFet55Yq,True,1779595139000,Alta Intensidade,bb80f878cef35322
medium_intensity,15-05-2026 04:20:43,5,Este nível de atividade é ideal para o seu bem-estar.,MQOQMEgGWcBPf2lJkiWW,True,1778818843000,Ritmo Saudável,d632e4ce536ec364
medium_intensity,24-05-2026 04:40:28,5,Este nível de atividade é ideal para o seu bem-estar.,3zLRgyaOyJe5BxlYSmGl,True,1779597628000,Ritmo Saudável,153c202e3cfef4ba
medium_intensity,13-05-2026 08:28:09,5,Este nível de atividade é ideal para o seu bem-estar.,AtLS4EslGFOo80da2cW8,True,1778660889000,Ritmo Saudável,8f8c45c33ff51d0e
high_intensity,09-05-2026 13:43:22,10,Excelente intensidade! Continue assim.,wWez2DOk7TMtd2Kccs69,True,1778334202000,Alta Intensidade,19a558ecc36977ce
low_intensity,01-05-2026 09:18:53,2,Um ritmo mais leve será benéfico para o seu bem-estar.,pzEKFzfygA9vF3Y3KuGY,True,1777627133000,Ritmo Baixo,04964f8452901231
high_intensity,26-05-2026 13:38:57,10,Excelente intensidade! Continue assim.,lqhOnPx9FmeTBhVSP6HQ,True,1779802737000,Alta Intensidade,18d281edb3671f44
medium_intensity,10-05-2026 04:48:32,5,Este nível de atividade é ideal para o seu bem-estar.,UDns6QjwCq5eIBhOkWD9,True,1778388512000,Ritmo Saudável,3bd002cf1fcfa789
high_intensity,05-05-2026 19:17:31,10,Excelente intensidade! Continue assim.,hLKbbSAitoAlBffIfcry,True,1778008651000,Alta Intensidade,d632e4ce536ec364
low_intensity,21-05-2026 17:57:51,2,Um ritmo mais leve será benéfico para o seu bem-estar.,mQ1RoKzWyv8P1R7UfpPv,True,1779386271000,Ritmo Baixo,91d55d217a2af234
low_intensity,08-05-2026 12:47:34,2,Um ritmo mais leve será benéfico para o seu bem-estar.,h14sLITqMLKcKbtrL4j1,True,1778244454000,Ritmo Baixo,cb207a93391638cb
low_intensity,11-05-2026 17:46:05,2,Um ritmo mais leve será benéfico para o seu bem-estar.,3kafuYIdtYaB2goRIXbM,True,1778521565000,Ritmo Baixo,102edb38b5ec347f
high_intensity,09-05-2026 03:48:35,10,Excelente intensidade! Continue assim.,yznaHMZz0IA2b2wkepMw,True,1778298515000,Alta Intensidade,3c58290022ed11b1
low_intensity,25-05-2026 23:40:08,2,Um ritmo mais leve será benéfico para o seu bem-estar.,h6aJNBJW1kkYTYSpUYxB,True,1779752408000,Ritmo Baixo,cb207a93391638cb
medium_intensity,17-05-2026 00:48:41,5,Este nível de atividade é ideal para o seu bem-estar.,HmKTx980Zgz1xF3ysaBa,True,1778978921000,Ritmo Saudável,b8e78b83a62a0cb7
high_intensity,16-05-2026 08:38:10,10,Excelente intensidade! Continue assim.,tITxBkix10WohVL3d9oF,True,1778920690000,Alta Intensidade,514af2be7dc985d8
low_intensity,07-05-2026 06:49:58,2,Um ritmo mais leve será benéfico para o seu bem-estar.,Yf0JUKkZKWTcFkdZUe7H,True,1778136598000,Ritmo Baixo,7182af742e04dc6d
low_intensity,08-05-2026 02:24:51,2,Um ritmo mais leve será benéfico para o seu bem-estar.,0QnapkLmcGNtXs44y9P1,True,1778207091000,Ritmo Baixo,1d3db575c4a79d75
low_intensity,02-05-2026 08:35:28,2,Um ritmo mais leve será benéfico para o seu bem-estar.,9WmDH2WsJ9h8zHN1O6od,True,1777710928000,Ritmo Baixo,72ba4e2f87adceb5
high_intensity,15-05-2026 16:44:30,10,Excelente intensidade! Continue assim.,fqf1QL97eF9bFfGwQbyt,True,1778863470000,Alta Intensidade,0e52f2934d8ce165
medium_intensity,19-05-2026 08:11:00,5,Este nível de atividade é ideal para o seu bem-estar.,Z1HzpS6XEvIvHR1FY7pE,True,1779178260000,Ritmo Saudável,63d3511e9e857901
low_intensity,15-05-2026 01:42:53,2,Um ritmo mais leve será benéfico para o seu bem-estar.,2RCqFpNNcucIY0KBrbJT,True,1778809373000,Ritmo Baixo,e7eb35b501d57e1f
low_intensity,21-05-2026 15:58:00,2,Um ritmo mais leve será benéfico para o seu bem-estar.,hRwjKSf0P7oiFfp2CNDK,True,1779379080000,Ritmo Baixo,2618243a251bd83f
low_intensity,05-05-2026 13:00:19,2,Um ritmo mais leve será benéfico para o seu bem-estar.,BJBI51d1xMf9ZVLmTtFa,True,1777986019000,Ritmo Baixo,3993ad7e2565b6b0
medium_intensity,18-05-2026 23:21:52,5,Este nível de atividade é ideal para o seu bem-estar.,bG4TMFrzJ2b3l6lRYnyJ,True,1779146512000,Ritmo Saudável,c9ab51cba10ae1e9
medium_intensity,25-05-2026 13:03:30,5,Este nível de atividade é ideal para o seu bem-estar.,0vj72n0kthwSnZS5OPnu,True,1779714210000,Ritmo Saudável,e9da39984fb29dc6
high_intensity,25-05-2026 08:29:14,10,Excelente intensidade! Continue assim.,E4DTHseVMcViiYuKHKJl,True,1779697754000,Alta Intensidade,3993ad7e2565b6b0
medium_intensity,06-05-2026 07:58:31,5,Este nível de atividade é ideal para o seu bem-estar.,vXBloIIDbhhZSh5Dt99g,True,1778054311000,Ritmo Saudável,a2fd30e5fa49ad53
high_intensity,26-05-2026 16:34:44,10,Excelente intensidade! Continue assim.,hiUYervuChYAWbPF6jV4,True,1779813284000,Alta Intensidade,c51d4eb54f89fec8
medium_intensity,03-05-2026 18:09:35,5,Este nível de atividade é ideal para o seu bem-estar.,GFrpi0eeNzTpqZ206JEa,True,1777831775000,Ritmo Saudável,c31244cee16e0c77
high_intensity,06-05-2026 11:08:21,10,Excelente intensidade! Continue assim.,MYz63snxmDRDAmGfNxmH,True,1778065701000,Alta Intensidade,daf96d2280390dec
low_intensity,15-05-2026 18:44:53,2,Um ritmo mais leve será benéfico para o seu bem-estar.,gxXI5M7N0iS496hGyBFB,True,1778870693000,Ritmo Baixo,f7c6682ad24d37f8
medium_intensity,16-05-2026 19:04:59,5,Este nível de atividade é ideal para o seu bem-estar.,mVRnL3i0LvzrezxfglQ5,True,1778958299000,Ritmo Saudável,d4389e820d4f82fa
low_intensity,27-05-2026 07:25:38,2,Um ritmo mais leve será benéfico para o seu bem-estar.,A4Rzl8QaCLyunKEsjKhG,True,1779866738000,Ritmo Baixo,91279a646f8ea6ac
high_intensity,17-05-2026 14:25:00,10,Excelente intensidade! Continue assim.,EyerR3XFAMfDqfyULaW2,True,1779027900000,Alta Intensidade,234da97fe615c6b7
medium_intensity,12-05-2026 05:32:22,5,Este nível de atividade é ideal para o seu bem-estar.,jV1JRwf12AXDu4lS5tt4,True,1778563942000,Ritmo Saudável,2b95dd3cf28e7c18
high_intensity,28-05-2026 14:55:31,10,Excelente intensidade! Continue assim.,TbDMC1ucopEvwQ9GTA8e,True,1779980131000,Alta Intensidade,f7c6682ad24d37f8
high_intensity,20-05-2026 19:20:42,10,Excelente intensidade! Continue assim.,ZuRX055RuGQkIIFMVHxS,True,1779304842000,Alta Intensidade,c85cdb0ef48d09c8
low_intensity,08-05-2026 22:08:18,2,Um ritmo mais leve será benéfico para o seu bem-estar.,vPUbtyZCOYE7UfcBKLPt,True,1778278098000,Ritmo Baixo,da211edc7bac01a0
low_intensity,27-05-2026 12:26:25,2,Um ritmo mais leve será benéfico para o seu bem-estar.,21N6KDJAf26JcpdTihva,True,1779884785000,Ritmo Baixo,0f98939ac68105bb
low_intensity,18-05-2026 05:40:47,2,Um ritmo mais leve será benéfico para o seu bem-estar.,ITE5JhhlUCpyglk5vYgL,True,1779082847000,Ritmo Baixo,19a558ecc36977ce
medium_intensity,30-05-2026 17:51:14,5,Este nível de atividade é ideal para o seu bem-estar.,ZNHw9fSNItSMo47Q0CUe,True,1780163474000,Ritmo Saudável,c0014ea2ee2fdaea
high_intensity,21-05-2026 12:33:32,10,Excelente intensidade! Continue assim.,g57MnTcZl23s813NzRgL,True,1779366812000,Alta Intensidade,556be8558ce56421
low_intensity,22-05-2026 14:29:01,2,Um ritmo mais leve será benéfico para o seu bem-estar.,zxDTHHtlR8pbCTsiPsKv,True,1779460141000,Ritmo Baixo,c51d4eb54f89fec8
medium_intensity,29-05-2026 20:33:27,5,Este nível de atividade é ideal para o seu bem-estar.,dPLh5ToVMkcUdPaCzp6U,True,1780086807000,Ritmo Saudável,1b38ab967d98cc4e
medium_intensity,16-05-2026 17:46:23,5,Este nível de atividade é ideal para o seu bem-estar.,OPVETaR1Bnc8PHfQWocJ,True,1778953583000,Ritmo Saudável,ec75a53f04901eec
medium_intensity,29-05-2026 17:57:50,5,Este nível de atividade é ideal para o seu bem-estar.,IoO0mdYljseexKeLveQF,True,1780077470000,Ritmo Saudável,b30b0b43692b035b
high_intensity,21-05-2026 04:00:13,10,Excelente intensidade! Continue assim.,l7675g79A1FulrVySy1g,True,1779336013000,Alta Intensidade,2a339e8954684016
medium_intensity,18-05-2026 16:52:02,5,Este nível de atividade é ideal para o seu bem-estar.,Q72llxi2Mj9Hg7eWuM2V,True,1779123122000,Ritmo Saudável,c7f34dc43387f858
low_intensity,22-05-2026 01:42:45,2,Um ritmo mais leve será benéfico para o seu bem-estar.,BE81r8HUtcvsW0ttmesk,True,1779414165000,Ritmo Baixo,13db178cd9a1e37a
low_intensity,11-05-2026 04:57:43,2,Um ritmo mais leve será benéfico para o seu bem-estar.,zXS1Pk3ZHz5MfhReVXL5,True,1778475463000,Ritmo Baixo,5afe6ceac06784f5
high_intensity,23-05-2026 13:32:17,10,Excelente intensidade! Continue assim.,IvVvrabf90sFHC0NVKLq,True,1779543137000,Alta Intensidade,18d281edb3671f44
high_intensity,23-05-2026 20:39:13,10,Excelente intensidade! Continue assim.,FnqhkTy7c0AgaTYscndt,True,1779568753000,Alta Intensidade,7d176c63414fcd05
high_intensity,20-05-2026 06:20:13,10,Excelente intensidade! Continue assim.,knVUeoNjodSI4ExkgUgI,True,1779258013000,Alta Intensidade,0e52f2934d8ce165
low_intensity,30-05-2026 13:57:41,2,Um ritmo mais leve será benéfico para o seu bem-estar.,f5d6x7UdaVqjRrbG4KNZ,True,1780149461000,Ritmo Baixo,1bd749deaf799034
medium_intensity,02-05-2026 03:14:46,5,Este nível de atividade é ideal para o seu bem-estar.,6uzB6Ivr4fIOJQjMkSgL,True,1777691686000,Ritmo Saudável,923d0315f3ae2bb3
high_intensity,02-05-2026 10:28:17,10,Excelente intensidade! Continue assim.,Zvp3scbx4Y9r3130128f,True,1777717697000,Alta Intensidade,93279918e60ec274
high_intensity,11-05-2026 07:59:49,10,Excelente intensidade! Continue assim.,MTSDy9SpGOz0xNP88ODx,True,1778486389000,Alta Intensidade,ae7ec9246c4649bc
low_intensity,20-05-2026 08:49:42,2,Um ritmo mais leve será benéfico para o seu bem-estar.,gcG3VB5DxXQiaWpAXzZr,True,1779266982000,Ritmo Baixo,a8c47673d6a4f85c
medium_intensity,01-05-2026 22:46:16,5,Este nível de atividade é ideal para o seu bem-estar.,snqgEdvm7iLeqDwlqfTo,True,1777675576000,Ritmo Saudável,d57d393b16ba030e
high_intensity,25-05-2026 17:07:33,10,Excelente intensidade! Continue assim.,Iy6PCIYpzFrBvNW8GGJX,True,1779728853000,Alta Intensidade,13db178cd9a1e37a
high_intensity,30-05-2026 01:26:38,10,Excelente intensidade! Continue assim.,BdtuYoeOVCs7fhSTEpgE,True,1780104398000,Alta Intensidade,3cc68b8049eb8d4c
medium_intensity,01-05-2026 19:35:46,5,Este nível de atividade é ideal para o seu bem-estar.,Ed7CF8lIRxAhxGkJl8Gc,True,1777664146000,Ritmo Saudável,7f281c8dbac1f799
medium_intensity,28-05-2026 11:51:23,5,Este nível de atividade é ideal para o seu bem-estar.,TSuSwJJOlJxxel4ZRVBC,True,1779969083000,Ritmo Saudável,1d6285f5502cf1f8
high_intensity,14-05-2026 13:16:45,10,Excelente intensidade! Continue assim.,XWXhXuVril8V4iMguvXw,True,1778764605000,Alta Intensidade,06961ead71f8b1d8
low_intensity,11-05-2026 23:25:00,2,Um ritmo mais leve será benéfico para o seu bem-estar.,f8D5U7l8YR6h8QWVQKIq,True,1778541900000,Ritmo Baixo,e7eb35b501d57e1f
high_intensity,14-05-2026 00:43:56,10,Excelente intensidade! Continue assim.,RzMhj2gudRTWZySwa1aL,True,1778719436000,Alta Intensidade,39a54d73a921b9f6
low_intensity,02-05-2026 09:42:53,2,Um ritmo mais leve será benéfico para o seu bem-estar.,3Z3gxWCPUf8WlhnD3tGV,True,1777714973000,Ritmo Baixo,daf96d2280390dec
medium_intensity,23-05-2026 15:56:14,5,Este nível de atividade é ideal para o seu bem-estar.,lImVO47c7fA45Le8zzrq,True,1779551774000,Ritmo Saudável,06bf6a628379e030
high_intensity,25-05-2026 12:48:26,10,Excelente intensidade! Continue assim.,TT7bauurjNtckOalwnGm,True,1779713306000,Alta Intensidade,06961ead71f8b1d8
low_intensity,07-05-2026 18:32:45,2,Um ritmo mais leve será benéfico para o seu bem-estar.,8qfYdyuKIhjPHYZ0Xixe,True,1778178765000,Ritmo Baixo,57e17fffc619e182
high_intensity,03-05-2026 18:36:39,10,Excelente intensidade! Continue assim.,Gmn2ArL3oEyKSs0X9GFZ,True,1777833399000,Alta Intensidade,d4389e820d4f82fa
high_intensity,23-05-2026 23:17:09,10,Excelente intensidade! Continue assim.,VqwKB3xu5rKGoDWkGwRA,True,1779578229000,Alta Intensidade,7182af742e04dc6d
high_intensity,09-05-2026 20:50:56,10,Excelente intensidade! Continue assim.,Dj0CynUCu1hytNP6uOrY,True,1778359856000,Alta Intensidade,3cc68b8049eb8d4c
low_intensity,26-05-2026 14:06:24,2,Um ritmo mais leve será benéfico para o seu bem-estar.,Q4Oam0PkuVUi1ZP0XOqG,True,1779804384000,Ritmo Baixo,c31244cee16e0c77
medium_intensity,08-05-2026 08:55:39,5,Este nível de atividade é ideal para o seu bem-estar.,UhBdVNC4J07x0jdmpFrf,True,1778230539000,Ritmo Saudável,13db178cd9a1e37a
low_intensity,14-05-2026 15:32:46,2,Um ritmo mais leve será benéfico para o seu bem-estar.,ikNC39ktEV1x81YZp8jU,True,1778772766000,Ritmo Baixo,6214b1b462c04096
low_intensity,09-05-2026 04:01:44,2,Um ritmo mais leve será benéfico para o seu bem-estar.,b0Mf1nxWln1sR7LgtM85,True,1778299304000,Ritmo Baixo,8e2e127651e9cbde
high_intensity,28-05-2026 23:09:49,10,Excelente intensidade! Continue assim.,qTY1lNmAowwIOjuL6pNU,True,1780009789000,Alta Intensidade,5a7b6516c51a4d4e
low_intensity,21-05-2026 16:21:55,2,Um ritmo mais leve será benéfico para o seu bem-estar.,iU6bRBNc5Fvz7L8vu1PQ,True,1779380515000,Ritmo Baixo,d5eb4d757b335d0e
medium_intensity,22-05-2026 00:02:53,5,Este nível de atividade é ideal para o seu bem-estar.,OYGk8ijfyxkyKwM3WnTX,True,1779408173000,Ritmo Saudável,ce246387dd078174
high_intensity,11-05-2026 17:03:50,10,Excelente intensidade! Continue assim.,mVdqF9HY4ovxbWv26pdZ,True,1778519030000,Alta Intensidade,34cbefbc28798720
medium_intensity,23-05-2026 05:59:35,5,Este nível de atividade é ideal para o seu bem-estar.,zqw9zIQgY9c2LV0MnvGM,True,1779515975000,Ritmo Saudável,cbf338d836298cb7
high_intensity,13-05-2026 15:44:24,10,Excelente intensidade! Continue assim.,p78P9Gw6uvuBCo2eYfqq,True,1778687064000,Alta Intensidade,e84878f982129128
medium_intensity,21-05-2026 10:28:50,5,Este nível de atividade é ideal para o seu bem-estar.,dVkT9cEFVupFnu51RPnQ,True,1779359330000,Ritmo Saudável,fb188f553674b4c4
low_intensity,06-05-2026 10:13:58,2,Um ritmo mais leve será benéfico para o seu bem-estar.,sv9k9ZviZJxFDZDvVsZr,True,1778062438000,Ritmo Baixo,e1bd0a847e7079be
medium_intensity,14-05-2026 01:49:21,5,Este nível de atividade é ideal para o seu bem-estar.,3foh6fNbJdoZ1XIebouj,True,1778723361000,Ritmo Saudável,517fc5ca69b652a5
high_intensity,11-05-2026 15:16:00,10,Excelente intensidade! Continue assim.,KqESb1K3Y8KEh7lugVw0,True,1778512560000,Alta Intensidade,39a54d73a921b9f6
low_intensity,07-05-2026 21:16:57,2,Um ritmo mais leve será benéfico para o seu bem-estar.,m5cBUrhXhqhHiCf2dzqe,True,1778188617000,Ritmo Baixo,9cbee3c1d7168837
low_intensity,19-05-2026 18:10:23,2,Um ritmo mais leve será benéfico para o seu bem-estar.,ubMOmlnt9owHOQEHRtfO,True,1779214223000,Ritmo Baixo,3b1338c1207d1e2e
low_intensity,06-05-2026 14:49:58,2,Um ritmo mais leve será benéfico para o seu bem-estar.,ABs6ZdSAVwLYCHI7Pdy1,True,1778078998000,Ritmo Baixo,867d47425e9cccc7
high_intensity,05-05-2026 09:52:02,10,Excelente intensidade! Continue assim.,npAQvtpXz0gApNbx1NHd,True,1777974722000,Alta Intensidade,1d3db575c4a79d75
low_intensity,02-05-2026 03:18:26,2,Um ritmo mais leve será benéfico para o seu bem-estar.,gNkD9Mh3AFJHdDEkMcn6,True,1777691906000,Ritmo Baixo,06bf6a628379e030
medium_intensity,16-05-2026 10:56:43,5,Este nível de atividade é ideal para o seu bem-estar.,Wb7PIdHpPx5MHu7hVLng,True,1778929003000,Ritmo Saudável,ec75a53f04901eec
high_intensity,25-05-2026 19:21:14,10,Excelente intensidade! Continue assim.,Oi2x9vypkVTZ5Cmno74d,True,1779736874000,Alta Intensidade,06bf6a628379e030
low_intensity,30-05-2026 20:58:53,2,Um ritmo mais leve será benéfico para o seu bem-estar.,6IvB6OwiM4VTMigRn00x,True,1780174733000,Ritmo Baixo,552b8d6c350cb13c
medium_intensity,28-05-2026 11:38:10,5,Este nível de atividade é ideal para o seu bem-estar.,QIS07XvNusfY3Sbn31L2,True,1779968290000,Ritmo Saudável,6214b1b462c04096
medium_intensity,14-05-2026 20:09:38,5,Este nível de atividade é ideal para o seu bem-estar.,UN8pr2uyVgn4Al4XfeaX,True,1778789378000,Ritmo Saudável,3b1338c1207d1e2e
medium_intensity,20-05-2026 08:25:14,5,Este nível de atividade é ideal para o seu bem-estar.,ENd2myk91gd3qwa7PQVB,True,1779265514000,Ritmo Saudável,7d176c63414fcd05
medium_intensity,16-05-2026 04:54:21,5,Este nível de atividade é ideal para o seu bem-estar.,RUPg5L1HxdxHmce0t01e,True,1778907261000,Ritmo Saudável,9d789fd91804129f
medium_intensity,17-05-2026 22:14:29,5,Este nível de atividade é ideal para o seu bem-estar.,7hQHKBce1JOtx7uAzUPO,True,1779056069000,Ritmo Saudável,91279a646f8ea6ac
low_intensity,29-05-2026 12:20:33,2,Um ritmo mais leve será benéfico para o seu bem-estar.,tdiyvEB9qO6Ag4MPL6ir,True,1780057233000,Ritmo Baixo,d4389e820d4f82fa
high_intensity,24-05-2026 16:25:25,10,Excelente intensidade! Continue assim.,COUwZ0T6a7L6XsSD044w,True,1779639925000,Alta Intensidade,2f2bd7547d602b7a
low_intensity,16-05-2026 18:39:31,2,Um ritmo mais leve será benéfico para o seu bem-estar.,GeVhkYoETa8V5fU6DQka,True,1778956771000,Ritmo Baixo,9d16533a62ab9315
low_intensity,18-05-2026 04:09:50,2,Um ritmo mais leve será benéfico para o seu bem-estar.,z6wZJQZHJoNn9ZtjU49o,True,1779077390000,Ritmo Baixo,8f8c45c33ff51d0e
medium_intensity,23-05-2026 17:53:39,5,Este nível de atividade é ideal para o seu bem-estar.,bHUigrtPVSdLoUDPrQTU,True,1779558819000,Ritmo Saudável,3b1338c1207d1e2e
high_intensity,18-05-2026 09:58:36,10,Excelente intensidade! Continue assim.,W8NLRpGXVdhuhxRUCTEn,True,1779098316000,Alta Intensidade,42d576864f9952c7
medium_intensity,27-05-2026 18:00:29,5,Este nível de atividade é ideal para o seu bem-estar.,goNH5330CnJlJbaIYxDn,True,1779904829000,Ritmo Saudável,7e8fb26408446272
high_intensity,20-05-2026 05:37:07,10,Excelente intensidade! Continue assim.,2yXcp7aQaf8f3Tb1EP3p,True,1779255427000,Alta Intensidade,bbbe498ee44f6349
high_intensity,06-05-2026 00:03:31,10,Excelente intensidade! Continue assim.,7k4xLtxgfVurRLkLQIBN,True,1778025811000,Alta Intensidade,3bd002cf1fcfa789
low_intensity,01-05-2026 05:55:46,2,Um ritmo mais leve será benéfico para o seu bem-estar.,mRmgmV7qPziAIG5zJbqQ,True,1777614946000,Ritmo Baixo,057c44d337463e07
low_intensity,23-05-2026 06:01:09,2,Um ritmo mais leve será benéfico para o seu bem-estar.,Ds2hDkxZ6lm8Fmh9Nqa6,True,1779516069000,Ritmo Baixo,42ac1a2bf982f79c
medium_intensity,13-05-2026 11:45:29,5,Este nível de atividade é ideal para o seu bem-estar.,T9fke4kaQbidJgMVPErw,True,1778672729000,Ritmo Saudável,3b1338c1207d1e2e
low_intensity,20-05-2026 13:43:20,2,Um ritmo mais leve será benéfico para o seu bem-estar.,zhd2v7FvCaLkndzi7zBW,True,1779284600000,Ritmo Baixo,55b620d8c0ab41e0
low_intensity,05-05-2026 12:10:36,2,Um ritmo mais leve será benéfico para o seu bem-estar.,gFcbTVgv3HCPirGZJFs8,True,1777983036000,Ritmo Baixo,1d3db575c4a79d75
medium_intensity,19-05-2026 22:26:51,5,Este nível de atividade é ideal para o seu bem-estar.,V5j77aziAQNsnVat8BgL,True,1779229611000,Ritmo Saudável,574582321d04df00
low_intensity,15-05-2026 22:03:58,2,Um ritmo mais leve será benéfico para o seu bem-estar.,6sEHYkeFznq62S26whTO,True,1778882638000,Ritmo Baixo,3cc68b8049eb8d4c
medium_intensity,03-05-2026 07:50:24,5,Este nível de atividade é ideal para o seu bem-estar.,SX7ZaSZeKbzV56fSKVFg,True,1777794624000,Ritmo Saudável,e1bd0a847e7079be
medium_intensity,08-05-2026 20:48:40,5,Este nível de atividade é ideal para o seu bem-estar.,erPvq1Ul9735ae11X6r8,True,1778273320000,Ritmo Saudável,c837debb39dd1e68
high_intensity,17-05-2026 10:08:24,10,Excelente intensidade! Continue assim.,3PCu5UAglzqmhanQZS2Z,True,1779012504000,Alta Intensidade,e7eb35b501d57e1f
high_intensity,18-05-2026 17:04:47,10,Excelente intensidade! Continue assim.,ZUZZrVequ01mIAxLhB18,True,1779123887000,Alta Intensidade,f7af4712fd6b9108
low_intensity,09-05-2026 10:24:58,2,Um ritmo mais leve será benéfico para o seu bem-estar.,PJVthlHb9Phn0HZazT1j,True,1778322298000,Ritmo Baixo,c0014ea2ee2fdaea
medium_intensity,13-05-2026 20:00:58,5,Este nível de atividade é ideal para o seu bem-estar.,jmHy622eaDZ69HKjeX32,True,1778702458000,Ritmo Saudável,2f2bd7547d602b7a
low_intensity,05-05-2026 09:04:04,2,Um ritmo mais leve será benéfico para o seu bem-estar.,br5jwoBMTFT9oilHk96R,True,1777971844000,Ritmo Baixo,de2dde23040292bc
high_intensity,21-05-2026 06:40:39,10,Excelente intensidade! Continue assim.,RXdgxHtKzIuffSYb5ilp,True,1779345639000,Alta Intensidade,9d789fd91804129f
medium_intensity,06-05-2026 06:08:18,5,Este nível de atividade é ideal para o seu bem-estar.,DNCpkKnhSMuYq7wKGg5l,True,1778047698000,Ritmo Saudável,ec75a53f04901eec
high_intensity,16-05-2026 01:40:29,10,Excelente intensidade! Continue assim.,FQRVixd9V5lbFR2qKVWM,True,1778895629000,Alta Intensidade,42d576864f9952c7
high_intensity,22-05-2026 07:53:42,10,Excelente intensidade! Continue assim.,C6s4EiIvhpR6rwe76LO9,True,1779436422000,Alta Intensidade,487b076a69a53671
low_intensity,04-05-2026 01:32:31,2,Um ritmo mais leve será benéfico para o seu bem-estar.,zeRQcfk7HvNBPyG0aZd0,True,1777858351000,Ritmo Baixo,b30b0b43692b035b
medium_intensity,02-05-2026 14:19:22,5,Este nível de atividade é ideal para o seu bem-estar.,IGmLqatkDOMGPppGLBE7,True,1777731562000,Ritmo Saudável,57e7d972b508815d
high_intensity,24-05-2026 05:05:41,10,Excelente intensidade! Continue assim.,eKxetaKvIEwBa7aSgP8g,True,1779599141000,Alta Intensidade,06bf6a628379e030
low_intensity,30-05-2026 13:03:12,2,Um ritmo mais leve será benéfico para o seu bem-estar.,eZ8Ds1T33PqJfbVIkKne,True,1780146192000,Ritmo Baixo,b8e78b83a62a0cb7
medium_intensity,02-05-2026 21:43:21,5,Este nível de atividade é ideal para o seu bem-estar.,IdyxJs8NisTPBeAfYU5B,True,1777758201000,Ritmo Saudável,3cc68b8049eb8d4c
medium_intensity,25-05-2026 15:04:29,5,Este nível de atividade é ideal para o seu bem-estar.,HY5MSgWhZjnfULNXRt2g,True,1779721469000,Ritmo Saudável,a8c47673d6a4f85c
high_intensity,02-05-2026 03:08:19,10,Excelente intensidade! Continue assim.,na1wnqzem3MAViIR0t7O,True,1777691299000,Alta Intensidade,b30b0b43692b035b
high_intensity,29-05-2026 09:52:11,10,Excelente intensidade! Continue assim.,SgCAerIOy1qjcuHhz204,True,1780048331000,Alta Intensidade,57e17fffc619e182
high_intensity,06-05-2026 03:39:45,10,Excelente intensidade! Continue assim.,Upd2piblnZEWjW90xkQ3,True,1778038785000,Alta Intensidade,3cc68b8049eb8d4c
low_intensity,02-05-2026 15:53:27,2,Um ritmo mais leve será benéfico para o seu bem-estar.,RbOhvAO7udNwixnFt21j,True,1777737207000,Ritmo Baixo,517fc5ca69b652a5
low_intensity,01-05-2026 03:13:43,2,Um ritmo mais leve será benéfico para o seu bem-estar.,Z6eWKfbhuNAxlQBzcdl8,True,1777605223000,Ritmo Baixo,c7f34dc43387f858
low_intensity,16-05-2026 17:53:37,2,Um ritmo mais leve será benéfico para o seu bem-estar.,aymTCC2S1YcSh3fvDq2T,True,1778954017000,Ritmo Baixo,517fc5ca69b652a5
medium_intensity,20-05-2026 17:46:39,5,Este nível de atividade é ideal para o seu bem-estar.,umJG57hfrjTeQEbBiYhs,True,1779299199000,Ritmo Saudável,63d3511e9e857901
medium_intensity,17-05-2026 12:51:27,5,Este nível de atividade é ideal para o seu bem-estar.,TRY4ORJIfRkISj6JKONu,True,1779022287000,Ritmo Saudável,04964f8452901231
high_intensity,18-05-2026 06:22:11,10,Excelente intensidade! Continue assim.,ebB9U5T6taN6L7CuLAyr,True,1779085331000,Alta Intensidade,3bd002cf1fcfa789
medium_intensity,29-05-2026 04:25:39,5,Este nível de atividade é ideal para o seu bem-estar.,UUKnFcmh1dim8sXKANUy,True,1780028739000,Ritmo Saudável,c837debb39dd1e68
medium_intensity,28-05-2026 16:40:30,5,Este nível de atividade é ideal para o seu bem-estar.,Rxd6yXB49zhtfAvoQkgX,True,1779986430000,Ritmo Saudável,131c7dd8f3ab4b35
low_intensity,16-05-2026 01:47:33,2,Um ritmo mais leve será benéfico para o seu bem-estar.,9GwL2zcsIEBhVIPXAklQ,True,1778896053000,Ritmo Baixo,c31244cee16e0c77
high_intensity,29-05-2026 00:09:00,10,Excelente intensidade! Continue assim.,SMX3fMVQCdQnlRdFInj4,True,1780013340000,Alta Intensidade,39a54d73a921b9f6
high_intensity,12-05-2026 16:42:02,10,Excelente intensidade! Continue assim.,NRiEBVZmpodb30pluq5c,True,1778604122000,Alta Intensidade,d5eb4d757b335d0e
high_intensity,13-05-2026 04:26:45,10,Excelente intensidade! Continue assim.,1ziVRPKnEzQC6711pJy8,True,1778646405000,Alta Intensidade,24d6a87b0598b02e
high_intensity,11-05-2026 00:39:18,10,Excelente intensidade! Continue assim.,xTudUvPAT1SUwRvQdjg5,True,1778459958000,Alta Intensidade,57e7d972b508815d
high_intensity,21-05-2026 15:49:05,10,Excelente intensidade! Continue assim.,smMbkxTesn9ve5ylSITI,True,1779378545000,Alta Intensidade,9d789fd91804129f
low_intensity,21-05-2026 22:25:08,2,Um ritmo mais leve será benéfico para o seu bem-estar.,GIq00AlpkOcjTBzKFngT,True,1779402308000,Ritmo Baixo,cbf338d836298cb7
medium_intensity,04-05-2026 23:32:09,5,Este nível de atividade é ideal para o seu bem-estar.,y17DXcOKHr4D6GWVtXy5,True,1777937529000,Ritmo Saudável,0f98939ac68105bb
low_intensity,17-05-2026 01:13:46,2,Um ritmo mais leve será benéfico para o seu bem-estar.,LeSALjZ7l4I0mMnGkO0F,True,1778980426000,Ritmo Baixo,c837debb39dd1e68
medium_intensity,24-05-2026 13:45:59,5,Este nível de atividade é ideal para o seu bem-estar.,w7xtPWI0BieGbu3GEWef,True,1779630359000,Ritmo Saudável,1d3db575c4a79d75
medium_intensity,16-05-2026 10:46:31,5,Este nível de atividade é ideal para o seu bem-estar.,AIKG3nKIZ4f7XiSFSP2S,True,1778928391000,Ritmo Saudável,c837debb39dd1e68
medium_intensity,01-05-2026 20:31:59,5,Este nível de atividade é ideal para o seu bem-estar.,C9xRqGNuakAfzxgrATVD,True,1777667519000,Ritmo Saudável,57e7d972b508815d
high_intensity,02-05-2026 19:31:07,10,Excelente intensidade! Continue assim.,hWzsR94AVQNAPKKFJchI,True,1777750267000,Alta Intensidade,82a83fc853728306
high_intensity,17-05-2026 01:30:38,10,Excelente intensidade! Continue assim.,EP5P5YnzJbPkUdS8JzKK,True,1778981438000,Alta Intensidade,1b38ab967d98cc4e
high_intensity,26-05-2026 06:45:54,10,Excelente intensidade! Continue assim.,atvvpDEkztUdBgymAz5n,True,1779777954000,Alta Intensidade,f7c6682ad24d37f8
high_intensity,03-05-2026 06:13:09,10,Excelente intensidade! Continue assim.,7sQsyZFyyhK67rFhgaQS,True,1777788789000,Alta Intensidade,8dc02e5c153f83a3
low_intensity,20-05-2026 22:36:01,2,Um ritmo mais leve será benéfico para o seu bem-estar.,wteps2rjenXSeGKcQfV8,True,1779316561000,Ritmo Baixo,bb4bb9fbcfcc16d1
low_intensity,27-05-2026 01:50:21,2,Um ritmo mais leve será benéfico para o seu bem-estar.,Tldmx0770cEqoa1mmbz4,True,1779846621000,Ritmo Baixo,330949523d665e3b
low_intensity,27-05-2026 12:47:39,2,Um ritmo mais leve será benéfico para o seu bem-estar.,PgexRq7x5fThnOYKCf2D,True,1779886059000,Ritmo Baixo,3bc1bf7fb69f3ba3
medium_intensity,08-05-2026 16:15:29,5,Este nível de atividade é ideal para o seu bem-estar.,3HA2BstE5L96JTAbnwRz,True,1778256929000,Ritmo Saudável,3811390588367f0e
high_intensity,27-05-2026 22:57:19,10,Excelente intensidade! Continue assim.,LEdwJSXZmOQ4fWqUmbhz,True,1779922639000,Alta Intensidade,ec75a53f04901eec
high_intensity,27-05-2026 16:14:50,10,Excelente intensidade! Continue assim.,td1V8FXZ2y8tbG8P5CYu,True,1779898490000,Alta Intensidade,f7c6682ad24d37f8
medium_intensity,01-05-2026 11:42:25,5,Este nível de atividade é ideal para o seu bem-estar.,Gsaa5RTu007UcCfjg7VW,True,1777635745000,Ritmo Saudável,91279a646f8ea6ac
medium_intensity,26-05-2026 21:02:00,5,Este nível de atividade é ideal para o seu bem-estar.,2lAilWlLyrGak8PFHqXW,True,1779829320000,Ritmo Saudável,2a339e8954684016
medium_intensity,30-05-2026 21:12:44,5,Este nível de atividade é ideal para o seu bem-estar.,oIKjiRIApB0oG6M7f8LD,True,1780175564000,Ritmo Saudável,91279a646f8ea6ac
low_intensity,01-05-2026 06:45:35,2,Um ritmo mais leve será benéfico para o seu bem-estar.,r3xKyiUhWc9uMFnkIJ9O,True,1777617935000,Ritmo Baixo,057c44d337463e07
medium_intensity,02-05-2026 18:23:39,5,Este nível de atividade é ideal para o seu bem-estar.,LXHPLlLGHh2WTdaa1cN2,True,1777746219000,Ritmo Saudável,e7eb35b501d57e1f
low_intensity,25-05-2026 19:38:49,2,Um ritmo mais leve será benéfico para o seu bem-estar.,2KSQKnfSladewopslViw,True,1779737929000,Ritmo Baixo,42d576864f9952c7
medium_intensity,30-05-2026 10:29:48,5,Este nível de atividade é ideal para o seu bem-estar.,WkjkJRMwBJOlc72EDvvO,True,1780136988000,Ritmo Saudável,55b620d8c0ab41e0
medium_intensity,12-05-2026 16:00:22,5,Este nível de atividade é ideal para o seu bem-estar.,riiK5PVqUyGeDX2FgRCx,True,1778601622000,Ritmo Saudável,102edb38b5ec347f
low_intensity,29-05-2026 02:37:33,2,Um ritmo mais leve será benéfico para o seu bem-estar.,kaf3vtKXxDiYheJ5Wgro,True,1780022253000,Ritmo Baixo,3993ad7e2565b6b0
high_intensity,01-05-2026 00:13:52,10,Excelente intensidade! Continue assim.,sBmfDHGn2zACqAX1DxMG,True,1777594432000,Alta Intensidade,e8c9832b5c388bb5
high_intensity,22-05-2026 04:19:21,10,Excelente intensidade! Continue assim.,81oAl9f3rCDldCWeFQo1,True,1779423561000,Alta Intensidade,3993ad7e2565b6b0
low_intensity,30-05-2026 12:16:01,2,Um ritmo mais leve será benéfico para o seu bem-estar.,G9P9zZ6uHHpbDEr1hAFw,True,1780143361000,Ritmo Baixo,1b38ab967d98cc4e
low_intensity,22-05-2026 05:58:04,2,Um ritmo mais leve será benéfico para o seu bem-estar.,LLF7jYlXuRSiPY46nfWS,True,1779429484000,Ritmo Baixo,19a558ecc36977ce
medium_intensity,13-05-2026 01:48:25,5,Este nível de atividade é ideal para o seu bem-estar.,jceKry5nGB90NIwIFXLY,True,1778636905000,Ritmo Saudável,c85cdb0ef48d09c8
high_intensity,17-05-2026 07:03:06,10,Excelente intensidade! Continue assim.,qso7fJ1nbUn6w4g6qQjT,True,1779001386000,Alta Intensidade,517fc5ca69b652a5
medium_intensity,05-05-2026 15:47:44,5,Este nível de atividade é ideal para o seu bem-estar.,AIuMIslaMFltkLgzNR2p,True,1777996064000,Ritmo Saudável,102edb38b5ec347f
high_intensity,18-05-2026 15:08:15,10,Excelente intensidade! Continue assim.,zBN6kcEhjFq9XERqhtRL,True,1779116895000,Alta Intensidade,55b620d8c0ab41e0
low_intensity,30-05-2026 02:44:01,2,Um ritmo mais leve será benéfico para o seu bem-estar.,RWyoG3nC4sO3G2vkasmW,True,1780109041000,Ritmo Baixo,8f8c45c33ff51d0e
high_intensity,24-05-2026 20:18:58,10,Excelente intensidade! Continue assim.,ONhVN7zWd6f6RzQxHwWM,True,1779653938000,Alta Intensidade,153c202e3cfef4ba
medium_intensity,01-05-2026 04:21:50,5,Este nível de atividade é ideal para o seu bem-estar.,26Q2lqjjao0qa2Ulamum,True,1777609310000,Ritmo Saudável,057c44d337463e07
medium_intensity,14-05-2026 11:17:15,5,Este nível de atividade é ideal para o seu bem-estar.,D2e2X7wedxBeYjKNw11V,True,1778757435000,Ritmo Saudável,517fc5ca69b652a5
high_intensity,09-05-2026 23:29:20,10,Excelente intensidade! Continue assim.,U25db7rSbkGBhkcUHd5m,True,1778369360000,Alta Intensidade,574582321d04df00
high_intensity,22-05-2026 21:55:58,10,Excelente intensidade! Continue assim.,cxW8Msu0TAzzGsO74dWY,True,1779486958000,Alta Intensidade,430f674c6dfe941a
medium_intensity,13-05-2026 01:18:36,5,Este nível de atividade é ideal para o seu bem-estar.,zUCQJcVILbRJ4LVQZoJu,True,1778635116000,Ritmo Saudável,c837debb39dd1e68
low_intensity,09-05-2026 11:56:42,2,Um ritmo mais leve será benéfico para o seu bem-estar.,9qzoxjp1zUBMvVjyd1fk,True,1778327802000,Ritmo Baixo,c31244cee16e0c77
high_intensity,26-05-2026 16:56:26,10,Excelente intensidade! Continue assim.,mGwvLZaaQEKSjQMaTJiG,True,1779814586000,Alta Intensidade,3993ad7e2565b6b0
medium_intensity,27-05-2026 12:43:21,5,Este nível de atividade é ideal para o seu bem-estar.,K1N7GP36tcyJWSQOzrGz,True,1779885801000,Ritmo Saudável,3993ad7e2565b6b0
low_intensity,20-05-2026 18:38:37,2,Um ritmo mais leve será benéfico para o seu bem-estar.,WcVVJf2HfhGgGAiEek4P,True,1779302317000,Ritmo Baixo,5e1de20fecf98844
medium_intensity,12-05-2026 04:54:04,5,Este nível de atividade é ideal para o seu bem-estar.,pFyxGd2oc6YNWVjT5Qi9,True,1778561644000,Ritmo Saudável,bbbe498ee44f6349
low_intensity,06-05-2026 00:36:16,2,Um ritmo mais leve será benéfico para o seu bem-estar.,zgvLiiFnSqmYi9VS0q6O,True,1778027776000,Ritmo Baixo,bc74204126e384ca
high_intensity,11-05-2026 04:40:16,10,Excelente intensidade! Continue assim.,TlCQZGyoLIkmJPq71TgK,True,1778474416000,Alta Intensidade,55b620d8c0ab41e0
high_intensity,05-05-2026 11:42:02,10,Excelente intensidade! Continue assim.,HH47KVjTA0rPS9PrnpdL,True,1777981322000,Alta Intensidade,cbf338d836298cb7
medium_intensity,23-05-2026 11:51:16,5,Este nível de atividade é ideal para o seu bem-estar.,kuTTug5fCd1lbEPo7EYD,True,1779537076000,Ritmo Saudável,c31244cee16e0c77
low_intensity,14-05-2026 18:33:34,2,Um ritmo mais leve será benéfico para o seu bem-estar.,65brcDwrNlxEOVMbHbFU,True,1778783614000,Ritmo Baixo,57e7d972b508815d
medium_intensity,18-05-2026 10:10:45,5,Este nível de atividade é ideal para o seu bem-estar.,pN8jSiXNlC41Q74KyFv2,True,1779099045000,Ritmo Saudável,13db178cd9a1e37a
high_intensity,09-05-2026 17:28:27,10,Excelente intensidade! Continue assim.,AT1H0c9x03wovt9h0eUp,True,1778347707000,Alta Intensidade,75778bdb64d1008e
high_intensity,12-05-2026 05:39:42,10,Excelente intensidade! Continue assim.,bj6BTaOjPBR1oaGE7B0O,True,1778564382000,Alta Intensidade,057c44d337463e07
low_intensity,24-05-2026 05:34:29,2,Um ritmo mais leve será benéfico para o seu bem-estar.,ecQazuMfEm60ZSJHyKQt,True,1779600869000,Ritmo Baixo,24d6a87b0598b02e
low_intensity,13-05-2026 15:07:18,2,Um ritmo mais leve será benéfico para o seu bem-estar.,9lECAVX2GvEnX2FEwRt4,True,1778684838000,Ritmo Baixo,1791998ac3161359
medium_intensity,07-05-2026 10:24:06,5,Este nível de atividade é ideal para o seu bem-estar.,iamCdfLbOmumyItjfkwl,True,1778149446000,Ritmo Saudável,ae7ec9246c4649bc
medium_intensity,25-05-2026 08:14:11,5,Este nível de atividade é ideal para o seu bem-estar.,bFOyn0YuQ6kKx7Kgy1tZ,True,1779696851000,Ritmo Saudável,c85cdb0ef48d09c8
low_intensity,12-05-2026 00:42:10,2,Um ritmo mais leve será benéfico para o seu bem-estar.,MoR0H6gVTwjx03RtjMdF,True,1778546530000,Ritmo Baixo,24d6a87b0598b02e
low_intensity,07-05-2026 05:50:15,2,Um ritmo mais leve será benéfico para o seu bem-estar.,H0PiAdp1naUHe2Ix5xL3,True,1778133015000,Ritmo Baixo,3811390588367f0e
low_intensity,16-05-2026 12:40:11,2,Um ritmo mais leve será benéfico para o seu bem-estar.,TFkBGfvNyYj8AfwXYKHg,True,1778935211000,Ritmo Baixo,3811390588367f0e
high_intensity,21-05-2026 18:52:03,10,Excelente intensidade! Continue assim.,YrCHoETkpsLD690twt67,True,1779389523000,Alta Intensidade,3db4e6efff8b7518
low_intensity,13-05-2026 00:27:54,2,Um ritmo mais leve será benéfico para o seu bem-estar.,mTs4EYDkaBGfAsVSBgzA,True,1778632074000,Ritmo Baixo,b30b0b43692b035b
high_intensity,15-05-2026 13:03:15,10,Excelente intensidade! Continue assim.,ATfUGlTRXnU1zAtuCx7Y,True,1778850195000,Alta Intensidade,c6a2d85265d19a41
high_intensity,17-05-2026 18:13:06,10,Excelente intensidade! Continue assim.,ZYX4vXmv2VT6a1oOOnlF,True,1779041586000,Alta Intensidade,42ac1a2bf982f79c
medium_intensity,11-05-2026 21:54:28,5,Este nível de atividade é ideal para o seu bem-estar.,priUImaTZTpnNuDS53CU,True,1778536468000,Ritmo Saudável,95744df47936b8c4
medium_intensity,16-05-2026 01:57:06,5,Este nível de atividade é ideal para o seu bem-estar.,10FUWVPYYRUwIrE2nM3S,True,1778896626000,Ritmo Saudável,f7c6682ad24d37f8
low_intensity,12-05-2026 01:40:46,2,Um ritmo mais leve será benéfico para o seu bem-estar.,jKFK4COFlWRZjh0VNPnB,True,1778550046000,Ritmo Baixo,3db4e6efff8b7518
high_intensity,27-05-2026 05:42:20,10,Excelente intensidade! Continue assim.,sW46HBtx0buRJvrqGNKt,True,1779860540000,Alta Intensidade,b30b0b43692b035b
medium_intensity,19-05-2026 20:52:56,5,Este nível de atividade é ideal para o seu bem-estar.,p3XQBWhwMHk0VWqkK0Is,True,1779223976000,Ritmo Saudável,91279a646f8ea6ac
low_intensity,16-05-2026 09:33:12,2,Um ritmo mais leve será benéfico para o seu bem-estar.,T63ejgLR9kTk3W53vbP0,True,1778923992000,Ritmo Baixo,131c7dd8f3ab4b35
high_intensity,09-05-2026 09:29:08,10,Excelente intensidade! Continue assim.,FdDwsSqX4RbDiwwbYw1f,True,1778318948000,Alta Intensidade,c7f34dc43387f858
high_intensity,28-05-2026 04:24:09,10,Excelente intensidade! Continue assim.,5UqkzNkEZBMO7kxIDNZp,True,1779942249000,Alta Intensidade,153c202e3cfef4ba
high_intensity,07-05-2026 21:25:51,10,Excelente intensidade! Continue assim.,3z05LISYO8BP8qS1bcvo,True,1778189151000,Alta Intensidade,556be8558ce56421
low_intensity,07-05-2026 23:44:23,2,Um ritmo mais leve será benéfico para o seu bem-estar.,Csbkf3kPk47o7DG9Lt7x,True,1778197463000,Ritmo Baixo,7f281c8dbac1f799
medium_intensity,15-05-2026 02:00:35,5,Este nível de atividade é ideal para o seu bem-estar.,n3XGty2LLVwvAXgBBweG,True,1778810435000,Ritmo Saudável,c31244cee16e0c77
medium_intensity,30-05-2026 16:14:53,5,Este nível de atividade é ideal para o seu bem-estar.,EBDSC6wU87QRMhN3LvXS,True,1780157693000,Ritmo Saudável,330949523d665e3b
low_intensity,20-05-2026 07:05:06,2,Um ritmo mais leve será benéfico para o seu bem-estar.,aqym6AnNrt9dbAILciF3,True,1779260706000,Ritmo Baixo,1b38ab967d98cc4e
high_intensity,04-05-2026 06:28:03,10,Excelente intensidade! Continue assim.,1cxvoYOCwvkYgtPHEknS,True,1777876083000,Alta Intensidade,c0014ea2ee2fdaea
medium_intensity,27-05-2026 18:48:25,5,Este nível de atividade é ideal para o seu bem-estar.,9C7T2MetHKycrfUqQBK7,True,1779907705000,Ritmo Saudável,487b076a69a53671
low_intensity,28-05-2026 14:20:24,2,Um ritmo mais leve será benéfico para o seu bem-estar.,kL0VkMgYkeJgvuDbAkOD,True,1779978024000,Ritmo Baixo,3bc1bf7fb69f3ba3
low_intensity,14-05-2026 00:31:20,2,Um ritmo mais leve será benéfico para o seu bem-estar.,EmCYnBDcOsI5DWbVyOQI,True,1778718680000,Ritmo Baixo,2f2bd7547d602b7a
low_intensity,25-05-2026 03:09:19,2,Um ritmo mais leve será benéfico para o seu bem-estar.,lQNncacOh92VBzx1JN5J,True,1779678559000,Ritmo Baixo,75778bdb64d1008e
medium_intensity,02-05-2026 01:51:31,5,Este nível de atividade é ideal para o seu bem-estar.,C14Qp2l4kpdQi4Ag4PEq,True,1777686691000,Ritmo Saudável,c85cdb0ef48d09c8
high_intensity,03-05-2026 13:06:54,10,Excelente intensidade! Continue assim.,lZEg2r7P1jYImNiRwrEJ,True,1777813614000,Alta Intensidade,a8c47673d6a4f85c
low_intensity,23-05-2026 15:28:20,2,Um ritmo mais leve será benéfico para o seu bem-estar.,tF0zg6G7V9AriXaaxgvX,True,1779550100000,Ritmo Baixo,5311a0642c2564ad
medium_intensity,01-05-2026 12:53:09,5,Este nível de atividade é ideal para o seu bem-estar.,bOVqSBzVZGnamEc3ZqaO,True,1777639989000,Ritmo Saudável,867d47425e9cccc7
low_intensity,18-05-2026 08:21:19,2,Um ritmo mais leve será benéfico para o seu bem-estar.,exlBXJBWoMuvjSGauTYL,True,1779092479000,Ritmo Baixo,923d0315f3ae2bb3
low_intensity,19-05-2026 21:03:23,2,Um ritmo mais leve será benéfico para o seu bem-estar.,Xwc5NwzAzny2PSVrjOyE,True,1779224603000,Ritmo Baixo,552b8d6c350cb13c
medium_intensity,30-05-2026 02:06:34,5,Este nível de atividade é ideal para o seu bem-estar.,D60XRT0ptXgPZafJlYrz,True,1780106794000,Ritmo Saudável,c85cdb0ef48d09c8
high_intensity,09-05-2026 20:18:05,10,Excelente intensidade! Continue assim.,yoM505ZZf9imlJmWvL6I,True,1778357885000,Alta Intensidade,ae7ec9246c4649bc
medium_intensity,19-05-2026 01:50:24,5,Este nível de atividade é ideal para o seu bem-estar.,k9nUKe45DGWwF4bYvA2p,True,1779155424000,Ritmo Saudável,18d281edb3671f44
low_intensity,03-05-2026 16:20:01,2,Um ritmo mais leve será benéfico para o seu bem-estar.,DBMBtP3IiOtITDyJJwZI,True,1777825201000,Ritmo Baixo,3bd002cf1fcfa789
low_intensity,01-05-2026 08:21:54,2,Um ritmo mais leve será benéfico para o seu bem-estar.,NLdwa56TfOiavV2n1EYu,True,1777623714000,Ritmo Baixo,e8c9832b5c388bb5
high_intensity,04-05-2026 03:48:52,10,Excelente intensidade! Continue assim.,g5MWMz4dQNoBMijC4xen,True,1777866532000,Alta Intensidade,daf96d2280390dec
medium_intensity,17-05-2026 20:33:48,5,Este nível de atividade é ideal para o seu bem-estar.,g98uHDNli3s40jAsR16T,True,1779050028000,Ritmo Saudável,b30b0b43692b035b
medium_intensity,24-05-2026 05:29:21,5,Este nível de atividade é ideal para o seu bem-estar.,D36MLQzTzvgIW4tnlzw8,True,1779600561000,Ritmo Saudável,ec75a53f04901eec
low_intensity,08-05-2026 13:23:12,2,Um ritmo mais leve será benéfico para o seu bem-estar.,DNkam2FqFzCOTJWAae1W,True,1778246592000,Ritmo Baixo,0f98939ac68105bb
high_intensity,12-05-2026 04:10:31,10,Excelente intensidade! Continue assim.,uxaF4wh0A1UlZZzgf55A,True,1778559031000,Alta Intensidade,430f674c6dfe941a
medium_intensity,13-05-2026 23:06:20,5,Este nível de atividade é ideal para o seu bem-estar.,GYYWsn0dGXacqzejQUoc,True,1778713580000,Ritmo Saudável,42d576864f9952c7
medium_intensity,19-05-2026 05:23:50,5,Este nível de atividade é ideal para o seu bem-estar.,4klALc0JBJYkDembrMfc,True,1779168230000,Ritmo Saudável,9d16533a62ab9315
low_intensity,07-05-2026 08:54:31,2,Um ritmo mais leve será benéfico para o seu bem-estar.,gj0L8iTvrZfwoYUS6tcb,True,1778144071000,Ritmo Baixo,5e1de20fecf98844
medium_intensity,30-05-2026 20:35:31,5,Este nível de atividade é ideal para o seu bem-estar.,4UkvyWpM7bUr9unNnBsG,True,1780173331000,Ritmo Saudável,b572bc65fae8bec1
medium_intensity,10-05-2026 18:42:36,5,Este nível de atividade é ideal para o seu bem-estar.,FHxUeJJ8Cvwo20Em1mPY,True,1778438556000,Ritmo Saudável,430f674c6dfe941a
medium_intensity,13-05-2026 08:03:31,5,Este nível de atividade é ideal para o seu bem-estar.,V67BNca1bP7NkVEYNOkP,True,1778659411000,Ritmo Saudável,3bc1bf7fb69f3ba3
medium_intensity,18-05-2026 19:00:13,5,Este nível de atividade é ideal para o seu bem-estar.,tprg7Jq14U1CizP2HK2J,True,1779130813000,Ritmo Saudável,8e2e127651e9cbde
medium_intensity,27-05-2026 03:06:39,5,Este nível de atividade é ideal para o seu bem-estar.,EAyTvCbHAsTsMFBNDs9w,True,1779851199000,Ritmo Saudável,0e52f2934d8ce165
high_intensity,19-05-2026 01:18:47,10,Excelente intensidade! Continue assim.,cKeDhb76D40NvPBr3CGM,True,1779153527000,Alta Intensidade,5afe6ceac06784f5
medium_intensity,12-05-2026 15:44:27,5,Este nível de atividade é ideal para o seu bem-estar.,QeUxj3v14aqFKSZecJ1D,True,1778600667000,Ritmo Saudável,6588d11c4a11acb1
low_intensity,30-05-2026 11:25:21,2,Um ritmo mais leve será benéfico para o seu bem-estar.,AIVEK1ErTG78eqnUjCsj,True,1780140321000,Ritmo Baixo,72bd2672c948d2cb
low_intensity,25-05-2026 15:19:51,2,Um ritmo mais leve será benéfico para o seu bem-estar.,HqzVZpWgpKynO81y3dVx,True,1779722391000,Ritmo Baixo,330949523d665e3b
medium_intensity,14-05-2026 18:51:39,5,Este nível de atividade é ideal para o seu bem-estar.,fQeMyhWeKMcwGqqLpcwg,True,1778784699000,Ritmo Saudável,0f98939ac68105bb
medium_intensity,12-05-2026 23:02:15,5,Este nível de atividade é ideal para o seu bem-estar.,JclHSfKeEqMw6yx0FzLy,True,1778626935000,Ritmo Saudável,f7c6682ad24d37f8
high_intensity,30-05-2026 07:24:09,10,Excelente intensidade! Continue assim.,j5aOfrc6RQdPpVE5wXXZ,True,1780125849000,Alta Intensidade,0e52f2934d8ce165
high_intensity,02-05-2026 07:43:03,10,Excelente intensidade! Continue assim.,DEYvx0t5y1WDmmY4WVaK,True,1777707783000,Alta Intensidade,d4389e820d4f82fa
high_intensity,30-05-2026 09:21:16,10,Excelente intensidade! Continue assim.,sTWdnGVte2iuWj2BPp7h,True,1780132876000,Alta Intensidade,574582321d04df00
high_intensity,16-05-2026 05:47:28,10,Excelente intensidade! Continue assim.,VPu9N4szsksQ5KtCqDPE,True,1778910448000,Alta Intensidade,c7f34dc43387f858
low_intensity,07-05-2026 10:44:18,2,Um ritmo mais leve será benéfico para o seu bem-estar.,UuMmBY3FKtjQBWYBsNK6,True,1778150658000,Ritmo Baixo,8f8c45c33ff51d0e
high_intensity,26-05-2026 17:58:26,10,Excelente intensidade! Continue assim.,TCPx3qwJeK0Kcaf2Kt0f,True,1779818306000,Alta Intensidade,daf96d2280390dec
medium_intensity,22-05-2026 07:28:56,5,Este nível de atividade é ideal para o seu bem-estar.,w8PQwFdngTaOjlRu7ieD,True,1779434936000,Ritmo Saudável,55b620d8c0ab41e0
low_intensity,03-05-2026 17:56:36,2,Um ritmo mais leve será benéfico para o seu bem-estar.,J4kNZtcRFCRGXnO2Fu7c,True,1777830996000,Ritmo Baixo,06bf6a628379e030
medium_intensity,23-05-2026 17:50:42,5,Este nível de atividade é ideal para o seu bem-estar.,DN2LvZK6rcnqpD6WCtOX,True,1779558642000,Ritmo Saudável,430f674c6dfe941a
high_intensity,17-05-2026 20:21:26,10,Excelente intensidade! Continue assim.,kRpw0qqHIOT49M7X0u4V,True,1779049286000,Alta Intensidade,c85cdb0ef48d09c8
low_intensity,12-05-2026 03:47:54,2,Um ritmo mais leve será benéfico para o seu bem-estar.,RiNsW5g9M7LTSLAahKhc,True,1778557674000,Ritmo Baixo,93279918e60ec274
high_intensity,24-05-2026 21:43:33,10,Excelente intensidade! Continue assim.,8gI5lsLcIVmlxSpOXlkt,True,1779659013000,Alta Intensidade,64a94f9052422a0c
medium_intensity,01-05-2026 14:10:02,5,Este nível de atividade é ideal para o seu bem-estar.,aSf67M5zKM3dYC5NlU8f,True,1777644602000,Ritmo Saudável,39a54d73a921b9f6
medium_intensity,08-05-2026 00:41:53,5,Este nível de atividade é ideal para o seu bem-estar.,CcQQ3DO3WqjpvUQdL7Xi,True,1778200913000,Ritmo Saudável,c51d4eb54f89fec8
high_intensity,27-05-2026 02:23:33,10,Excelente intensidade! Continue assim.,Qjd3V75RZFnM6qh7cnOW,True,1779848613000,Alta Intensidade,153c202e3cfef4ba
high_intensity,29-05-2026 02:37:33,10,Excelente intensidade! Continue assim.,TS7fVYZBJrMba7ehRAuf,True,1780022253000,Alta Intensidade,1d3db575c4a79d75
medium_intensity,16-05-2026 12:41:31,5,Este nível de atividade é ideal para o seu bem-estar.,dRgYpMBw89eEgjtQdGsF,True,1778935291000,Ritmo Saudável,04964f8452901231
medium_intensity,09-05-2026 04:59:06,5,Este nível de atividade é ideal para o seu bem-estar.,KPHtktvii9tbSG96cmS1,True,1778302746000,Ritmo Saudável,867d47425e9cccc7
low_intensity,19-05-2026 15:38:26,2,Um ritmo mais leve será benéfico para o seu bem-estar.,QY53Ot95XKlsRDSQYo6z,True,1779205106000,Ritmo Baixo,63d3511e9e857901
medium_intensity,25-05-2026 04:12:06,5,Este nível de atividade é ideal para o seu bem-estar.,Bvh16G9ylBmpNQq3Rqwx,True,1779682326000,Ritmo Saudável,f7af4712fd6b9108
medium_intensity,12-05-2026 01:54:17,5,Este nível de atividade é ideal para o seu bem-estar.,ZKUVgJKQLbWjPu4ceKWc,True,1778550857000,Ritmo Saudável,a2fd30e5fa49ad53
high_intensity,07-05-2026 00:13:17,10,Excelente intensidade! Continue assim.,1u11J50YP7b4tZFlO51A,True,1778112797000,Alta Intensidade,c837debb39dd1e68
high_intensity,15-05-2026 05:20:37,10,Excelente intensidade! Continue assim.,QkbnMgpRQzHDZmnyR6qh,True,1778822437000,Alta Intensidade,ec75a53f04901eec
medium_intensity,16-05-2026 04:28:43,5,Este nível de atividade é ideal para o seu bem-estar.,T12ir6Q7UehKOZyCxKuG,True,1778905723000,Ritmo Saudável,63d3511e9e857901
medium_intensity,05-05-2026 12:51:16,5,Este nível de atividade é ideal para o seu bem-estar.,y2dxU0ZA3csai2GZZaLM,True,1777985476000,Ritmo Saudável,234da97fe615c6b7
medium_intensity,08-05-2026 10:15:29,5,Este nível de atividade é ideal para o seu bem-estar.,v3BfQvhIyBscV5nEIyqI,True,1778235329000,Ritmo Saudável,153c202e3cfef4ba
medium_intensity,09-05-2026 16:32:07,5,Este nível de atividade é ideal para o seu bem-estar.,kitByUNeD6IN0x6P7XH1,True,1778344327000,Ritmo Saudável,5afe6ceac06784f5
high_intensity,04-05-2026 17:40:54,10,Excelente intensidade! Continue assim.,7xjkcAU0qdRccJWcwoNM,True,1777916454000,Alta Intensidade,bc74204126e384ca
medium_intensity,30-05-2026 15:44:38,5,Este nível de atividade é ideal para o seu bem-estar.,qKdBuT8cAOIOTazl3kLy,True,1780155878000,Ritmo Saudável,2618243a251bd83f
low_intensity,20-05-2026 02:07:47,2,Um ritmo mais leve será benéfico para o seu bem-estar.,t1PUbQraqmI41RDzlyiX,True,1779242867000,Ritmo Baixo,923d0315f3ae2bb3
high_intensity,19-05-2026 12:30:37,10,Excelente intensidade! Continue assim.,DkFYOEAD6PLeWUxO1XTO,True,1779193837000,Alta Intensidade,7f281c8dbac1f799
medium_intensity,22-05-2026 17:01:22,5,Este nível de atividade é ideal para o seu bem-estar.,TmjNuFZxxcIQvQeAYs3E,True,1779469282000,Ritmo Saudável,e7eb35b501d57e1f
high_intensity,17-05-2026 03:28:24,10,Excelente intensidade! Continue assim.,DszmeGc8hg0hlOu0BXdP,True,1778988504000,Alta Intensidade,c7f34dc43387f858
low_intensity,14-05-2026 03:21:37,2,Um ritmo mais leve será benéfico para o seu bem-estar.,ly1ERgaHUXM8edCOhw6D,True,1778728897000,Ritmo Baixo,7e8fb26408446272
medium_intensity,26-05-2026 02:05:14,5,Este nível de atividade é ideal para o seu bem-estar.,R5Xx4RvlWSwYCgFqoXmT,True,1779761114000,Ritmo Saudável,39a54d73a921b9f6
medium_intensity,15-05-2026 18:48:02,5,Este nível de atividade é ideal para o seu bem-estar.,1SXBevt4VMdnWQjfpYXf,True,1778870882000,Ritmo Saudável,2f2bd7547d602b7a
low_intensity,28-05-2026 12:25:39,2,Um ritmo mais leve será benéfico para o seu bem-estar.,aOUN8bxxUeMW48ToWDkO,True,1779971139000,Ritmo Baixo,430f674c6dfe941a
high_intensity,10-05-2026 17:18:45,10,Excelente intensidade! Continue assim.,1EBUQYHDUNTPMQMpOVbJ,True,1778433525000,Alta Intensidade,bbbe498ee44f6349
high_intensity,25-05-2026 00:07:08,10,Excelente intensidade! Continue assim.,8zzxNGEIJtN9ZkTnvPAy,True,1779667628000,Alta Intensidade,d0825fdf3da3660c
medium_intensity,11-05-2026 09:13:02,5,Este nível de atividade é ideal para o seu bem-estar.,3zxv8B2kHsfvDxMwE6RG,True,1778490782000,Ritmo Saudável,b30b0b43692b035b
medium_intensity,23-05-2026 02:20:25,5,Este nível de atividade é ideal para o seu bem-estar.,N7iF9WErookGWZvbBHK6,True,1779502825000,Ritmo Saudável,b572bc65fae8bec1
medium_intensity,24-05-2026 14:19:08,5,Este nível de atividade é ideal para o seu bem-estar.,xdp4wZ3iXKb4ijQzgj66,True,1779632348000,Ritmo Saudável,517fc5ca69b652a5
medium_intensity,02-05-2026 05:57:11,5,Este nível de atividade é ideal para o seu bem-estar.,XO17wq4u1XWUWLJpCPr4,True,1777701431000,Ritmo Saudável,1791998ac3161359
medium_intensity,03-05-2026 18:07:12,5,Este nível de atividade é ideal para o seu bem-estar.,JS6IuwKk1D8SEZ1seO56,True,1777831632000,Ritmo Saudável,3db4e6efff8b7518
high_intensity,15-05-2026 03:15:38,10,Excelente intensidade! Continue assim.,sSIF9x7CEippYsqv9Eks,True,1778814938000,Alta Intensidade,06961ead71f8b1d8
low_intensity,19-05-2026 00:59:41,2,Um ritmo mais leve será benéfico para o seu bem-estar.,RCjzvo8s8rEWlV9s1pZm,True,1779152381000,Ritmo Baixo,c0014ea2ee2fdaea
medium_intensity,22-05-2026 19:46:37,5,Este nível de atividade é ideal para o seu bem-estar.,rDlyXi7Z7GA10edUR173,True,1779479197000,Ritmo Saudável,d5eb4d757b335d0e
medium_intensity,19-05-2026 18:10:10,5,Este nível de atividade é ideal para o seu bem-estar.,CjPKy4DkU82kpHva2wod,True,1779214210000,Ritmo Saudável,f879804e4456e5d4
medium_intensity,18-05-2026 13:43:14,5,Este nível de atividade é ideal para o seu bem-estar.,IoQFFGC5VTvzVtWQ8AIS,True,1779111794000,Ritmo Saudável,867d47425e9cccc7
high_intensity,27-05-2026 06:57:46,10,Excelente intensidade! Continue assim.,Bqotm5LK87iog5Qot5rA,True,1779865066000,Alta Intensidade,552b8d6c350cb13c
high_intensity,21-05-2026 00:05:29,10,Excelente intensidade! Continue assim.,s2NMdZNXYv4JlCtDBsBE,True,1779321929000,Alta Intensidade,bb4bb9fbcfcc16d1
low_intensity,01-05-2026 22:48:31,2,Um ritmo mais leve será benéfico para o seu bem-estar.,IjSnpBEWkLvG6eunmlHh,True,1777675711000,Ritmo Baixo,d0825fdf3da3660c
low_intensity,08-05-2026 19:51:49,2,Um ritmo mais leve será benéfico para o seu bem-estar.,KX017NSJABiL5lJetcxw,True,1778269909000,Ritmo Baixo,3993ad7e2565b6b0
high_intensity,15-05-2026 11:46:41,10,Excelente intensidade! Continue assim.,VDp2jFxggy90UdnR0Fe6,True,1778845601000,Alta Intensidade,d5eb4d757b335d0e
medium_intensity,06-05-2026 07:08:53,5,Este nível de atividade é ideal para o seu bem-estar.,U3U8LObMRUL4iLhwZvwD,True,1778051333000,Ritmo Saudável,5a7b6516c51a4d4e
medium_intensity,09-05-2026 09:12:02,5,Este nível de atividade é ideal para o seu bem-estar.,rSNKeeVn976NXskNwJLi,True,1778317922000,Ritmo Saudável,a8c47673d6a4f85c
high_intensity,23-05-2026 06:22:08,10,Excelente intensidade! Continue assim.,Ba5ROst6V6Xwb7A1ViNO,True,1779517328000,Alta Intensidade,d4389e820d4f82fa
high_intensity,16-05-2026 11:14:43,10,Excelente intensidade! Continue assim.,2lW3xVUtXCkweJnl7pY0,True,1778930083000,Alta Intensidade,7e8fb26408446272
medium_intensity,17-05-2026 01:39:36,5,Este nível de atividade é ideal para o seu bem-estar.,ONnMPL9w42PIhTNmNChU,True,1778981976000,Ritmo Saudável,3cc68b8049eb8d4c
low_intensity,18-05-2026 17:50:24,2,Um ritmo mais leve será benéfico para o seu bem-estar.,zZaHs7eLLlsLn7gP7N9D,True,1779126624000,Ritmo Baixo,c31244cee16e0c77
high_intensity,06-05-2026 01:38:45,10,Excelente intensidade! Continue assim.,B1Moasp2owaJvzjsfkJB,True,1778031525000,Alta Intensidade,a2fd30e5fa49ad53
high_intensity,17-05-2026 12:09:43,10,Excelente intensidade! Continue assim.,1eKpsK5PSboiW1y4vEAM,True,1779019783000,Alta Intensidade,39a54d73a921b9f6
medium_intensity,15-05-2026 04:26:34,5,Este nível de atividade é ideal para o seu bem-estar.,ibyn0qFPESZxVw1wY9br,True,1778819194000,Ritmo Saudável,2a339e8954684016
low_intensity,23-05-2026 23:46:10,2,Um ritmo mais leve será benéfico para o seu bem-estar.,XuQjGC8hgLQR8SyvTiVe,True,1779579970000,Ritmo Baixo,04964f8452901231
high_intensity,20-05-2026 09:54:24,10,Excelente intensidade! Continue assim.,7gxZqUK136Nln4jF5B3T,True,1779270864000,Alta Intensidade,234da97fe615c6b7
high_intensity,30-05-2026 21:54:39,10,Excelente intensidade! Continue assim.,ju8hCgJJEx5e5DlzVM8c,True,1780178079000,Alta Intensidade,487b076a69a53671
high_intensity,11-05-2026 15:29:20,10,Excelente intensidade! Continue assim.,vGMUqEaeDWJe2sVdTZze,True,1778513360000,Alta Intensidade,867d47425e9cccc7
high_intensity,14-05-2026 23:55:15,10,Excelente intensidade! Continue assim.,pkvw0C2bC8lmut222244,True,1778802915000,Alta Intensidade,cb207a93391638cb
medium_intensity,15-05-2026 17:27:18,5,Este nível de atividade é ideal para o seu bem-estar.,ASDbLsRUAvy1MPc9KBq0,True,1778866038000,Ritmo Saudável,923d0315f3ae2bb3
low_intensity,13-05-2026 14:30:20,2,Um ritmo mais leve será benéfico para o seu bem-estar.,XKgeUFnEjxfraB4bB1x5,True,1778682620000,Ritmo Baixo,2a339e8954684016
low_intensity,18-05-2026 04:46:01,2,Um ritmo mais leve será benéfico para o seu bem-estar.,VshMGEXYjU7kXnoujvNJ,True,1779079561000,Ritmo Baixo,234da97fe615c6b7
low_intensity,17-05-2026 14:19:56,2,Um ritmo mais leve será benéfico para o seu bem-estar.,RPeJY1Cz0hrgURRq20Vs,True,1779027596000,Ritmo Baixo,d0825fdf3da3660c
high_intensity,13-05-2026 22:40:38,10,Excelente intensidade! Continue assim.,6FHuKHyu5TBgxySoqFcV,True,1778712038000,Alta Intensidade,d4389e820d4f82fa
medium_intensity,19-05-2026 21:46:50,5,Este nível de atividade é ideal para o seu bem-estar.,cWk38EKfmJVSVWoaFq9N,True,1779227210000,Ritmo Saudável,42d576864f9952c7
medium_intensity,17-05-2026 18:01:59,5,Este nível de atividade é ideal para o seu bem-estar.,ezWAWM9S9DfrDE4LDlq8,True,1779040919000,Ritmo Saudável,f7c6682ad24d37f8
low_intensity,02-05-2026 02:40:50,2,Um ritmo mais leve será benéfico para o seu bem-estar.,TMEvseWHPuMCS9NX24hV,True,1777689650000,Ritmo Baixo,8dc02e5c153f83a3
high_intensity,10-05-2026 23:51:53,10,Excelente intensidade! Continue assim.,i0zK8LiUgce0eUPRjFqU,True,1778457113000,Alta Intensidade,53c682ded6545e06
medium_intensity,27-05-2026 05:51:30,5,Este nível de atividade é ideal para o seu bem-estar.,GSTX86Kuw0CKUZsEpeyn,True,1779861090000,Ritmo Saudável,057c44d337463e07
low_intensity,19-05-2026 05:25:40,2,Um ritmo mais leve será benéfico para o seu bem-estar.,9YhWyMkAOi6mMZeKJRAi,True,1779168340000,Ritmo Baixo,57e17fffc619e182
medium_intensity,01-05-2026 11:01:25,5,Este nível de atividade é ideal para o seu bem-estar.,uNg4VCVYgstSugSPd52e,True,1777633285000,Ritmo Saudável,ce246387dd078174
low_intensity,06-05-2026 05:44:14,2,Um ritmo mais leve será benéfico para o seu bem-estar.,BCegsRT9zMsF78XwlMvX,True,1778046254000,Ritmo Baixo,e8c9832b5c388bb5
low_intensity,10-05-2026 12:46:07,2,Um ritmo mais leve será benéfico para o seu bem-estar.,kSzK7vIMSt6cxkXVChC7,True,1778417167000,Ritmo Baixo,9d16533a62ab9315
low_intensity,27-05-2026 03:43:17,2,Um ritmo mais leve será benéfico para o seu bem-estar.,WkThAgRQM2r6AEKhrp9T,True,1779853397000,Ritmo Baixo,ce246387dd078174
low_intensity,02-05-2026 15:44:25,2,Um ritmo mais leve será benéfico para o seu bem-estar.,Biy4wFHRIfsDt5cyzcA4,True,1777736665000,Ritmo Baixo,e8c9832b5c388bb5
high_intensity,21-05-2026 15:11:02,10,Excelente intensidade! Continue assim.,87cJOmm8daxTkmU3SdS4,True,1779376262000,Alta Intensidade,0f98939ac68105bb
high_intensity,21-05-2026 21:45:38,10,Excelente intensidade! Continue assim.,EFqNtMsATrE9GLot5LhX,True,1779399938000,Alta Intensidade,06bf6a628379e030
high_intensity,11-05-2026 11:06:38,10,Excelente intensidade! Continue assim.,qxQXh5Jgc2CIDGEgIBKf,True,1778497598000,Alta Intensidade,3bd002cf1fcfa789
high_intensity,29-05-2026 18:54:03,10,Excelente intensidade! Continue assim.,x0l554Ugatfa1WzL2lH0,True,1780080843000,Alta Intensidade,cbf338d836298cb7
high_intensity,22-05-2026 09:51:16,10,Excelente intensidade! Continue assim.,FHf019rrcRmy6WoGhaxk,True,1779443476000,Alta Intensidade,6214b1b462c04096
low_intensity,14-05-2026 09:07:49,2,Um ritmo mais leve será benéfico para o seu bem-estar.,NLqaIZxBNT37Fhk517Um,True,1778749669000,Ritmo Baixo,153c202e3cfef4ba
medium_intensity,04-05-2026 09:07:43,5,Este nível de atividade é ideal para o seu bem-estar.,GgaERUvx7bKPxkA4Qz4x,True,1777885663000,Ritmo Saudável,552b8d6c350cb13c
high_intensity,03-05-2026 15:26:03,10,Excelente intensidade! Continue assim.,gsZc6W6ilnGGXJnIUJ5H,True,1777821963000,Alta Intensidade,c51d4eb54f89fec8
medium_intensity,07-05-2026 14:09:18,5,Este nível de atividade é ideal para o seu bem-estar.,OmuEeVYiqhUw8NuiIRy0,True,1778162958000,Ritmo Saudável,9d16533a62ab9315
low_intensity,15-05-2026 04:03:29,2,Um ritmo mais leve será benéfico para o seu bem-estar.,fgBD3Stz7FjdoarriqtW,True,1778817809000,Ritmo Baixo,b572bc65fae8bec1
low_intensity,29-05-2026 19:48:13,2,Um ritmo mais leve será benéfico para o seu bem-estar.,097VUp2qHbGC6Br8YMvu,True,1780084093000,Ritmo Baixo,ce246387dd078174
high_intensity,05-05-2026 20:19:21,10,Excelente intensidade! Continue assim.,tSBE1It6nALpG8rJtEKK,True,1778012361000,Alta Intensidade,9cbee3c1d7168837
high_intensity,04-05-2026 01:08:42,10,Excelente intensidade! Continue assim.,PfdExiazoB7iRIdHA0UE,True,1777856922000,Alta Intensidade,bbbe498ee44f6349
low_intensity,12-05-2026 09:25:27,2,Um ritmo mais leve será benéfico para o seu bem-estar.,rzCFYHPmb8C8ZYHjBxSH,True,1778577927000,Ritmo Baixo,57e17fffc619e182
medium_intensity,13-05-2026 15:10:30,5,Este nível de atividade é ideal para o seu bem-estar.,eN2kLYTOkU4NDAJgh9MO,True,1778685030000,Ritmo Saudável,ce246387dd078174
high_intensity,05-05-2026 03:18:53,10,Excelente intensidade! Continue assim.,eZqOMbkFql8wV0kVGiQ0,True,1777951133000,Alta Intensidade,d57d393b16ba030e
medium_intensity,25-05-2026 15:06:09,5,Este nível de atividade é ideal para o seu bem-estar.,14WlOBncSTVRcXowfJwO,True,1779721569000,Ritmo Saudável,7f281c8dbac1f799
medium_intensity,16-05-2026 17:41:54,5,Este nível de atividade é ideal para o seu bem-estar.,ctR99LGYnU0bCVRJ6DQP,True,1778953314000,Ritmo Saudável,91279a646f8ea6ac
high_intensity,06-05-2026 06:49:09,10,Excelente intensidade! Continue assim.,e3RGoK8YBxFQ492qoKTJ,True,1778050149000,Alta Intensidade,91d55d217a2af234
low_intensity,25-05-2026 05:44:13,2,Um ritmo mais leve será benéfico para o seu bem-estar.,tS2YxZyyiotAtwZ2hDmg,True,1779687853000,Ritmo Baixo,24d6a87b0598b02e
medium_intensity,12-05-2026 15:01:01,5,Este nível de atividade é ideal para o seu bem-estar.,OWhKzakjOSYB0SElCz8z,True,1778598061000,Ritmo Saudável,d632e4ce536ec364
low_intensity,04-05-2026 13:17:20,2,Um ritmo mais leve será benéfico para o seu bem-estar.,s9BdAb0gTdk4OpwLkHsx,True,1777900640000,Ritmo Baixo,c51d4eb54f89fec8
low_intensity,07-05-2026 19:10:26,2,Um ritmo mais leve será benéfico para o seu bem-estar.,1DmXp5OULUJCTBg6Yeyh,True,1778181026000,Ritmo Baixo,64a94f9052422a0c
low_intensity,08-05-2026 09:41:44,2,Um ritmo mais leve será benéfico para o seu bem-estar.,OyAmQNSDQUzF6eANDZSL,True,1778233304000,Ritmo Baixo,102edb38b5ec347f
high_intensity,02-05-2026 05:38:51,10,Excelente intensidade! Continue assim.,1LBsziQZqfUgzCSMja4m,True,1777700331000,Alta Intensidade,574582321d04df00
medium_intensity,08-05-2026 10:38:29,5,Este nível de atividade é ideal para o seu bem-estar.,5F7emZPWGrk9vNw8stIb,True,1778236709000,Ritmo Saudável,f7af4712fd6b9108
high_intensity,04-05-2026 06:22:10,10,Excelente intensidade! Continue assim.,7FuEZjNGcNZgnTUi8Rxx,True,1777875730000,Alta Intensidade,57e17fffc619e182
low_intensity,30-05-2026 08:49:32,2,Um ritmo mais leve será benéfico para o seu bem-estar.,LmXoSAiPpJ7guoHnjcE1,True,1780130972000,Ritmo Baixo,d5eb4d757b335d0e
high_intensity,09-05-2026 01:43:06,10,Excelente intensidade! Continue assim.,F5Ao3SxpPnahIKNIjzSX,True,1778290986000,Alta Intensidade,24d6a87b0598b02e
low_intensity,06-05-2026 15:39:37,2,Um ritmo mais leve será benéfico para o seu bem-estar.,O0BKmBRvK3cANQ2RZWU4,True,1778081977000,Ritmo Baixo,64a94f9052422a0c
medium_intensity,04-05-2026 17:16:20,5,Este nível de atividade é ideal para o seu bem-estar.,JIyhoiq1NIjP1v0PzKlh,True,1777914980000,Ritmo Saudável,3db4e6efff8b7518
medium_intensity,14-05-2026 04:03:41,5,Este nível de atividade é ideal para o seu bem-estar.,saVSXvq7rfDE4FigAMH3,True,1778731421000,Ritmo Saudável,cb4c1290e91970dd
low_intensity,17-05-2026 04:15:15,2,Um ritmo mais leve será benéfico para o seu bem-estar.,XhoJRBt5se6dPFlEuX7b,True,1778991315000,Ritmo Baixo,39a54d73a921b9f6
high_intensity,08-05-2026 03:00:59,10,Excelente intensidade! Continue assim.,Y4BiOG87gwePYPSkUO8A,True,1778209259000,Alta Intensidade,c837debb39dd1e68
medium_intensity,02-05-2026 08:25:01,5,Este nível de atividade é ideal para o seu bem-estar.,LpYKOMwHQtE5ITAhkr1M,True,1777710301000,Ritmo Saudável,06961ead71f8b1d8
medium_intensity,09-05-2026 06:09:19,5,Este nível de atividade é ideal para o seu bem-estar.,ccGMnY8zYXDTm3SrXzgj,True,1778306959000,Ritmo Saudável,72ba4e2f87adceb5
medium_intensity,04-05-2026 10:02:32,5,Este nível de atividade é ideal para o seu bem-estar.,JFnv5tVFczhAL5JpfFtk,True,1777888952000,Ritmo Saudável,34cbefbc28798720
high_intensity,07-05-2026 01:16:34,10,Excelente intensidade! Continue assim.,mBziCBF0FOg7U5mTRijw,True,1778116594000,Alta Intensidade,8e2e127651e9cbde
medium_intensity,23-05-2026 23:45:58,5,Este nível de atividade é ideal para o seu bem-estar.,uuv5Os3yuF7v2D6EcdsH,True,1779579958000,Ritmo Saudável,9cbee3c1d7168837
low_intensity,16-05-2026 03:15:55,2,Um ritmo mais leve será benéfico para o seu bem-estar.,y9ZUaNz3u7we6RAOzYvP,True,1778901355000,Ritmo Baixo,da211edc7bac01a0
medium_intensity,01-05-2026 18:27:48,5,Este nível de atividade é ideal para o seu bem-estar.,79qJLesKNo14OktqIOIX,True,1777660068000,Ritmo Saudável,7e8fb26408446272
high_intensity,01-05-2026 05:50:46,10,Excelente intensidade! Continue assim.,a4aaEQKB8Yj8tudaNqUy,True,1777614646000,Alta Intensidade,91279a646f8ea6ac
high_intensity,16-05-2026 02:40:17,10,Excelente intensidade! Continue assim.,xpqrdhsIEMIEczBwvXQk,True,1778899217000,Alta Intensidade,867d47425e9cccc7
high_intensity,16-05-2026 15:35:19,10,Excelente intensidade! Continue assim.,lDkEJ4ojXvEWeXYwmeua,True,1778945719000,Alta Intensidade,7d176c63414fcd05
medium_intensity,27-05-2026 09:11:58,5,Este nível de atividade é ideal para o seu bem-estar.,eCoLmf4ihaLdYmbqTTMu,True,1779873118000,Ritmo Saudável,bc74204126e384ca
high_intensity,01-05-2026 03:22:30,10,Excelente intensidade! Continue assim.,Jzf0YXOujuCHtzwe42Yh,True,1777605750000,Alta Intensidade,e1bd0a847e7079be
high_intensity,01-05-2026 04:05:50,10,Excelente intensidade! Continue assim.,wkzy5HNjynYDm88CcqrS,True,1777608350000,Alta Intensidade,7182af742e04dc6d
high_intensity,09-05-2026 06:07:35,10,Excelente intensidade! Continue assim.,2Sy7yldemZ9vQN4cEqxJ,True,1778306855000,Alta Intensidade,923d0315f3ae2bb3
medium_intensity,16-05-2026 18:41:06,5,Este nível de atividade é ideal para o seu bem-estar.,qv9QPrIRPGhJVuQirUSk,True,1778956866000,Ritmo Saudável,de2dde23040292bc
medium_intensity,23-05-2026 08:01:56,5,Este nível de atividade é ideal para o seu bem-estar.,YhjBWb8oA2MQjQfCp5g9,True,1779523316000,Ritmo Saudável,c85cdb0ef48d09c8
high_intensity,29-05-2026 14:44:50,10,Excelente intensidade! Continue assim.,42ilRRSfv2oIpdGSZ1t2,True,1780065890000,Alta Intensidade,63d3511e9e857901
low_intensity,05-05-2026 05:02:37,2,Um ritmo mais leve será benéfico para o seu bem-estar.,WHb78ea03viTIgEqU81Q,True,1777957357000,Ritmo Baixo,552b8d6c350cb13c
low_intensity,18-05-2026 02:03:38,2,Um ritmo mais leve será benéfico para o seu bem-estar.,fx7Yuq6T6BfwYhLbjtQn,True,1779069818000,Ritmo Baixo,057c44d337463e07
low_intensity,24-05-2026 00:57:17,2,Um ritmo mais leve será benéfico para o seu bem-estar.,XvcDdCd13LAyeV58jORj,True,1779584237000,Ritmo Baixo,c85cdb0ef48d09c8
low_intensity,23-05-2026 10:03:25,2,Um ritmo mais leve será benéfico para o seu bem-estar.,crlnjIGO5kETpUqc5c7R,True,1779530605000,Ritmo Baixo,574582321d04df00
high_intensity,16-05-2026 03:49:16,10,Excelente intensidade! Continue assim.,pdjls7eAIFJy9iU8RsMO,True,1778903356000,Alta Intensidade,f7c6682ad24d37f8
low_intensity,21-05-2026 11:10:09,2,Um ritmo mais leve será benéfico para o seu bem-estar.,YukzdQvjSOJrn1vELMFD,True,1779361809000,Ritmo Baixo,63d3511e9e857901
low_intensity,19-05-2026 05:26:39,2,Um ritmo mais leve será benéfico para o seu bem-estar.,Qf8Gx0iEkfTlzhXMf8n4,True,1779168399000,Ritmo Baixo,e7eb35b501d57e1f
high_intensity,09-05-2026 11:05:45,10,Excelente intensidade! Continue assim.,Szz8UKIqi9mxuT4rCPEg,True,1778324745000,Alta Intensidade,fb188f553674b4c4
high_intensity,15-05-2026 03:45:10,10,Excelente intensidade! Continue assim.,5NJNyff5FqE2Xqzz8wQZ,True,1778816710000,Alta Intensidade,57e17fffc619e182
low_intensity,16-05-2026 23:51:56,2,Um ritmo mais leve será benéfico para o seu bem-estar.,KyDXDp1pzO4RkMWvPRH8,True,1778975516000,Ritmo Baixo,131c7dd8f3ab4b35
low_intensity,08-05-2026 04:12:30,2,Um ritmo mais leve será benéfico para o seu bem-estar.,ocEI0J4PMVcI1bIa97AA,True,1778213550000,Ritmo Baixo,1b1cc9cee9f27003
high_intensity,27-05-2026 16:49:54,10,Excelente intensidade! Continue assim.,oBwgAOPbRGt5ktRiJMny,True,1779900594000,Alta Intensidade,93279918e60ec274
low_intensity,22-05-2026 21:35:33,2,Um ritmo mais leve será benéfico para o seu bem-estar.,TBKXk4RAQVDU6VoCGtfM,True,1779485733000,Ritmo Baixo,574582321d04df00
low_intensity,05-05-2026 01:06:00,2,Um ritmo mais leve será benéfico para o seu bem-estar.,6DcmxP6UrPpweDn209hG,True,1777943160000,Ritmo Baixo,cb4c1290e91970dd
high_intensity,04-05-2026 23:14:10,10,Excelente intensidade! Continue assim.,ExQcQ3Xt8FVqKzD9u59i,True,1777936450000,Alta Intensidade,c837debb39dd1e68
medium_intensity,08-05-2026 03:44:02,5,Este nível de atividade é ideal para o seu bem-estar.,gR3sAW6kz0pnoCd6PxSt,True,1778211842000,Ritmo Saudável,e8c9832b5c388bb5
low_intensity,19-05-2026 09:58:52,2,Um ritmo mais leve será benéfico para o seu bem-estar.,ubIwAMXlJj4eMMomZuVs,True,1779184732000,Ritmo Baixo,514af2be7dc985d8
high_intensity,28-05-2026 20:12:44,10,Excelente intensidade! Continue assim.,3eZtYEgrMpYRyhi1Qj3w,True,1779999164000,Alta Intensidade,3bd002cf1fcfa789
low_intensity,06-05-2026 15:34:00,2,Um ritmo mais leve será benéfico para o seu bem-estar.,7Jh3nZJbKr71EWH9PXD3,True,1778081640000,Ritmo Baixo,552b8d6c350cb13c
high_intensity,30-05-2026 15:37:27,10,Excelente intensidade! Continue assim.,tI1TuvD6qcuubPP6315M,True,1780155447000,Alta Intensidade,8dc02e5c153f83a3
medium_intensity,13-05-2026 07:47:00,5,Este nível de atividade é ideal para o seu bem-estar.,dFeOUQxsyzPEYpDXDsRw,True,1778658420000,Ritmo Saudável,c51d4eb54f89fec8
high_intensity,23-05-2026 01:36:36,10,Excelente intensidade! Continue assim.,uq6hrM44j3RY3hkcADR0,True,1779500196000,Alta Intensidade,9d789fd91804129f
medium_intensity,28-05-2026 16:33:37,5,Este nível de atividade é ideal para o seu bem-estar.,weuALvT49JsRxMx6qwhv,True,1779986017000,Ritmo Saudável,1b1cc9cee9f27003
medium_intensity,21-05-2026 23:32:00,5,Este nível de atividade é ideal para o seu bem-estar.,FWuLIKii5nIOIMqgZdy1,True,1779406320000,Ritmo Saudável,330949523d665e3b
high_intensity,13-05-2026 11:21:36,10,Excelente intensidade! Continue assim.,7hadYSNamTZ3GgZ3NLdK,True,1778671296000,Alta Intensidade,923d0315f3ae2bb3
high_intensity,18-05-2026 19:07:54,10,Excelente intensidade! Continue assim.,GZpC2OaOpstHXAzpfnZ8,True,1779131274000,Alta Intensidade,2618243a251bd83f
high_intensity,24-05-2026 01:36:49,10,Excelente intensidade! Continue assim.,3CO9RN0Z8mrRJABBVm0z,True,1779586609000,Alta Intensidade,3993ad7e2565b6b0
medium_intensity,24-05-2026 06:21:06,5,Este nível de atividade é ideal para o seu bem-estar.,nMt5P6iPtMZHxeGFFIEy,True,1779603666000,Ritmo Saudável,6588d11c4a11acb1
medium_intensity,27-05-2026 11:30:20,5,Este nível de atividade é ideal para o seu bem-estar.,WR4ZPeCtW6fjObZNlXjr,True,1779881420000,Ritmo Saudável,7182af742e04dc6d
high_intensity,17-05-2026 07:34:24,10,Excelente intensidade! Continue assim.,TIdFwtgOChjtIPvniKUU,True,1779003264000,Alta Intensidade,7e8fb26408446272
low_intensity,23-05-2026 09:38:11,2,Um ritmo mais leve será benéfico para o seu bem-estar.,uewEZtbvtXhIjLTgHu66,True,1779529091000,Ritmo Baixo,ec75a53f04901eec
high_intensity,16-05-2026 04:08:30,10,Excelente intensidade! Continue assim.,W017QCK2s52GQjQRes00,True,1778904510000,Alta Intensidade,5311a0642c2564ad
high_intensity,21-05-2026 06:01:05,10,Excelente intensidade! Continue assim.,wVGTdQLWZaPSoyXsk7of,True,1779343265000,Alta Intensidade,3bc1bf7fb69f3ba3
high_intensity,08-05-2026 04:53:38,10,Excelente intensidade! Continue assim.,n8aqBg9EdIqeJwQ5JQE9,True,1778216018000,Alta Intensidade,fb188f553674b4c4
low_intensity,21-05-2026 02:55:17,2,Um ritmo mais leve será benéfico para o seu bem-estar.,0kHnirGbOgYxHGyo5jby,True,1779332117000,Ritmo Baixo,7182af742e04dc6d
low_intensity,07-05-2026 00:28:52,2,Um ritmo mais leve será benéfico para o seu bem-estar.,SLNwpQVLlGoAsNKSWVgK,True,1778113732000,Ritmo Baixo,5311a0642c2564ad
low_intensity,21-05-2026 10:49:34,2,Um ritmo mais leve será benéfico para o seu bem-estar.,bkUtNVI103S0FZDIu154,True,1779360574000,Ritmo Baixo,5afe6ceac06784f5
low_intensity,06-05-2026 08:01:16,2,Um ritmo mais leve será benéfico para o seu bem-estar.,l2LoUSPHcemBFtNYdFRO,True,1778054476000,Ritmo Baixo,1b1cc9cee9f27003
medium_intensity,20-05-2026 11:07:39,5,Este nível de atividade é ideal para o seu bem-estar.,Q937UXub545xrns4GK1u,True,1779275259000,Ritmo Saudável,102edb38b5ec347f
medium_intensity,03-05-2026 23:18:37,5,Este nível de atividade é ideal para o seu bem-estar.,LWkuzAtJOkxG3BjxZtrT,True,1777850317000,Ritmo Saudável,7d176c63414fcd05
medium_intensity,10-05-2026 17:10:19,5,Este nível de atividade é ideal para o seu bem-estar.,cWvaNah9HQF7UVwpLY8d,True,1778433019000,Ritmo Saudável,f879804e4456e5d4
high_intensity,27-05-2026 10:26:35,10,Excelente intensidade! Continue assim.,roOlep3x6UXtl3ckUfIZ,True,1779877595000,Alta Intensidade,c85cdb0ef48d09c8
medium_intensity,25-05-2026 12:33:12,5,Este nível de atividade é ideal para o seu bem-estar.,A04RZ6DhIgPxkBIJvjku,True,1779712392000,Ritmo Saudável,1b38ab967d98cc4e
high_intensity,24-05-2026 08:40:40,10,Excelente intensidade! Continue assim.,11UN8CnUZINMearRDgiz,True,1779612040000,Alta Intensidade,1b1cc9cee9f27003
low_intensity,20-05-2026 13:41:03,2,Um ritmo mais leve será benéfico para o seu bem-estar.,vrmcfdpJu5iqfyUwH5qP,True,1779284463000,Ritmo Baixo,d632e4ce536ec364
low_intensity,26-05-2026 13:33:43,2,Um ritmo mais leve será benéfico para o seu bem-estar.,DcVLIhoULLnHCY9F54gc,True,1779802423000,Ritmo Baixo,d632e4ce536ec364
medium_intensity,22-05-2026 13:55:40,5,Este nível de atividade é ideal para o seu bem-estar.,65jB99UUSEFrILrjIJwK,True,1779458140000,Ritmo Saudável,57e7d972b508815d
high_intensity,28-05-2026 19:32:41,10,Excelente intensidade! Continue assim.,FvULAcAR7ffoGmwGKEOA,True,1779996761000,Alta Intensidade,c6a2d85265d19a41
high_intensity,14-05-2026 20:22:44,10,Excelente intensidade! Continue assim.,LMDmmSndtVtst7bc3xx8,True,1778790164000,Alta Intensidade,b30b0b43692b035b
low_intensity,01-05-2026 22:27:48,2,Um ritmo mais leve será benéfico para o seu bem-estar.,6zRdp3MQJIChzpEAiuSQ,True,1777674468000,Ritmo Baixo,fb188f553674b4c4
medium_intensity,15-05-2026 07:36:31,5,Este nível de atividade é ideal para o seu bem-estar.,0b8y3Wwl3ppJSZXZSgpP,True,1778830591000,Ritmo Saudável,e9da39984fb29dc6
high_intensity,28-05-2026 15:07:46,10,Excelente intensidade! Continue assim.,cheKM6fUxkHZ15BVDU5E,True,1779980866000,Alta Intensidade,06bf6a628379e030
high_intensity,30-05-2026 23:53:38,10,Excelente intensidade! Continue assim.,cXynWJxmq3RhHQeIZ1tF,True,1780185218000,Alta Intensidade,7f281c8dbac1f799
low_intensity,14-05-2026 21:13:45,2,Um ritmo mais leve será benéfico para o seu bem-estar.,bdwQlAu7vOYmPK8SVaCQ,True,1778793225000,Ritmo Baixo,64a94f9052422a0c
high_intensity,14-05-2026 03:34:35,10,Excelente intensidade! Continue assim.,TyoumsGZqK3v3mJhJmvl,True,1778729675000,Alta Intensidade,e8c9832b5c388bb5
low_intensity,24-05-2026 09:50:35,2,Um ritmo mais leve será benéfico para o seu bem-estar.,6ZqltLVKLbWLZuVf2ZgX,True,1779616235000,Ritmo Baixo,cb207a93391638cb
low_intensity,22-05-2026 20:52:40,2,Um ritmo mais leve será benéfico para o seu bem-estar.,EQi7XvG9V0EYGvQjq6Rs,True,1779483160000,Ritmo Baixo,1d3db575c4a79d75
low_intensity,17-05-2026 05:42:01,2,Um ritmo mais leve será benéfico para o seu bem-estar.,P1n8MWUkijCYMAchrOkT,True,1778996521000,Ritmo Baixo,bb80f878cef35322
low_intensity,15-05-2026 18:46:31,2,Um ritmo mais leve será benéfico para o seu bem-estar.,GQbNCNGUh4KhApRcpgT6,True,1778870791000,Ritmo Baixo,867d47425e9cccc7
medium_intensity,17-05-2026 17:24:54,5,Este nível de atividade é ideal para o seu bem-estar.,n3fllsk3Lx77oEOnRKoy,True,1779038694000,Ritmo Saudável,487b076a69a53671
high_intensity,24-05-2026 21:15:59,10,Excelente intensidade! Continue assim.,BDrzhBnWCfYiGhYtV1RB,True,1779657359000,Alta Intensidade,102edb38b5ec347f
low_intensity,09-05-2026 12:39:18,2,Um ritmo mais leve será benéfico para o seu bem-estar.,J1m01PmbGfa8XU3dB360,True,1778330358000,Ritmo Baixo,18d281edb3671f44
medium_intensity,15-05-2026 16:00:44,5,Este nível de atividade é ideal para o seu bem-estar.,8UfbsQNUop9b9mgcLw0U,True,1778860844000,Ritmo Saudável,06961ead71f8b1d8
high_intensity,25-05-2026 04:07:49,10,Excelente intensidade! Continue assim.,p1TuIYa6kRRcp0Eq9ugC,True,1779682069000,Alta Intensidade,da211edc7bac01a0
high_intensity,26-05-2026 19:48:50,10,Excelente intensidade! Continue assim.,ZyIegXjcu9u2revDk5GJ,True,1779824930000,Alta Intensidade,1bd749deaf799034
low_intensity,21-05-2026 10:57:53,2,Um ritmo mais leve será benéfico para o seu bem-estar.,keMUWJ10rluilwyLpxg9,True,1779361073000,Ritmo Baixo,131c7dd8f3ab4b35
low_intensity,29-05-2026 16:02:25,2,Um ritmo mais leve será benéfico para o seu bem-estar.,jOjO14sjNAMLKWgpBmae,True,1780070545000,Ritmo Baixo,0f98939ac68105bb
medium_intensity,19-05-2026 05:11:08,5,Este nível de atividade é ideal para o seu bem-estar.,cHJQC2RB6GJjjsbZVZZ1,True,1779167468000,Ritmo Saudável,72ba4e2f87adceb5
medium_intensity,26-05-2026 10:57:51,5,Este nível de atividade é ideal para o seu bem-estar.,3xWUpmhg0xEi218Ur9cQ,True,1779793071000,Ritmo Saudável,9d789fd91804129f
high_intensity,09-05-2026 08:52:38,10,Excelente intensidade! Continue assim.,8Xz8PGvIcxVkzx0vU4ms,True,1778316758000,Alta Intensidade,da211edc7bac01a0
medium_intensity,25-05-2026 07:59:46,5,Este nível de atividade é ideal para o seu bem-estar.,fCHmOICrPxXgGdBLd4p3,True,1779695986000,Ritmo Saudável,e9da39984fb29dc6
medium_intensity,01-05-2026 18:25:05,5,Este nível de atividade é ideal para o seu bem-estar.,FleDR87RVVF7fqQgaYU2,True,1777659905000,Ritmo Saudável,82a83fc853728306
low_intensity,26-05-2026 17:03:47,2,Um ritmo mais leve será benéfico para o seu bem-estar.,nczqAzMhGmTNyEvoXegJ,True,1779815027000,Ritmo Baixo,95744df47936b8c4
medium_intensity,19-05-2026 06:53:01,5,Este nível de atividade é ideal para o seu bem-estar.,4tPbiLk5ctrmxsNjknEd,True,1779173581000,Ritmo Saudável,64a94f9052422a0c
medium_intensity,29-05-2026 18:09:28,5,Este nível de atividade é ideal para o seu bem-estar.,DE2JjIi1jyqb9vTvzmLF,True,1780078168000,Ritmo Saudável,72ba4e2f87adceb5
medium_intensity,04-05-2026 05:21:10,5,Este nível de atividade é ideal para o seu bem-estar.,s5raVNCw9EUATEkAUuqc,True,1777872070000,Ritmo Saudável,daf96d2280390dec
low_intensity,15-05-2026 10:31:49,2,Um ritmo mais leve será benéfico para o seu bem-estar.,Y4qF04Jhs1XYmkngBQgM,True,1778841109000,Ritmo Baixo,330949523d665e3b
high_intensity,26-05-2026 01:02:13,10,Excelente intensidade! Continue assim.,D86REoiHSZyCVLs1wPif,True,1779757333000,Alta Intensidade,c0014ea2ee2fdaea
low_intensity,17-05-2026 05:16:43,2,Um ritmo mais leve será benéfico para o seu bem-estar.,OTzU7RhnxatneHnPJml8,True,1778995003000,Ritmo Baixo,8e7f2987241c2818
high_intensity,01-05-2026 15:11:57,10,Excelente intensidade! Continue assim.,edvmesgvjC5vfY0NP3sr,True,1777648317000,Alta Intensidade,63d3511e9e857901
low_intensity,01-05-2026 13:12:24,2,Um ritmo mais leve será benéfico para o seu bem-estar.,3nS0FHQX1AbT1wTyxYlV,True,1777641144000,Ritmo Baixo,3b1338c1207d1e2e
high_intensity,04-05-2026 01:34:33,10,Excelente intensidade! Continue assim.,JIfT8JGXqQ7rqzQpaJbB,True,1777858473000,Alta Intensidade,6588d11c4a11acb1
low_intensity,05-05-2026 21:10:54,2,Um ritmo mais leve será benéfico para o seu bem-estar.,vq2pJJwpAMy0tPZWVPXR,True,1778015454000,Ritmo Baixo,6214b1b462c04096
low_intensity,30-05-2026 22:35:40,2,Um ritmo mais leve será benéfico para o seu bem-estar.,3gF5MMpjJl1ooEP1fACS,True,1780180540000,Ritmo Baixo,3bc1bf7fb69f3ba3
low_intensity,30-05-2026 20:27:26,2,Um ritmo mais leve será benéfico para o seu bem-estar.,AQWggcTTIx91QQkromKr,True,1780172846000,Ritmo Baixo,389da1f3a7c1d8de
medium_intensity,20-05-2026 00:42:47,5,Este nível de atividade é ideal para o seu bem-estar.,ET70Gj6UEK7IDkoqc3lf,True,1779237767000,Ritmo Saudável,7e8fb26408446272
high_intensity,13-05-2026 08:28:41,10,Excelente intensidade! Continue assim.,sqoFzFJ829E71nNdCQ3O,True,1778660921000,Alta Intensidade,18d281edb3671f44
high_intensity,13-05-2026 20:04:03,10,Excelente intensidade! Continue assim.,Okx9HRhhxBJqkIcDTLkG,True,1778702643000,Alta Intensidade,95744df47936b8c4
high_intensity,16-05-2026 23:24:08,10,Excelente intensidade! Continue assim.,RVUtVv3Q36nHmtRc6RFv,True,1778973848000,Alta Intensidade,cb4c1290e91970dd
low_intensity,25-05-2026 08:22:13,2,Um ritmo mais leve será benéfico para o seu bem-estar.,SihFRKAz1Qn6LFlJz9bq,True,1779697333000,Ritmo Baixo,e8c9832b5c388bb5
low_intensity,18-05-2026 20:09:54,2,Um ritmo mais leve será benéfico para o seu bem-estar.,44qzFdK8QL5iakMMc6h5,True,1779134994000,Ritmo Baixo,42d576864f9952c7
medium_intensity,20-05-2026 22:36:52,5,Este nível de atividade é ideal para o seu bem-estar.,rGxgYKZZQMCyOoT4xqJs,True,1779316612000,Ritmo Saudável,131c7dd8f3ab4b35
low_intensity,25-05-2026 14:56:45,2,Um ritmo mais leve será benéfico para o seu bem-estar.,tyddIVtBxs2cFbIvaWE2,True,1779721005000,Ritmo Baixo,8dc02e5c153f83a3
high_intensity,01-05-2026 17:17:26,10,Excelente intensidade! Continue assim.,ZMNVebY1025MhUZc1Dr4,True,1777655846000,Alta Intensidade,19a558ecc36977ce
low_intensity,10-05-2026 16:48:08,2,Um ritmo mais leve será benéfico para o seu bem-estar.,7HoRZuetgSkWKG0pkgKX,True,1778431688000,Ritmo Baixo,1b38ab967d98cc4e
high_intensity,14-05-2026 04:15:31,10,Excelente intensidade! Continue assim.,LihpqeivVifK7s9hK0GX,True,1778732131000,Alta Intensidade,91d55d217a2af234
low_intensity,05-05-2026 06:18:02,2,Um ritmo mais leve será benéfico para o seu bem-estar.,LfCmxjujDZrGcWFF7oOR,True,1777961882000,Ritmo Baixo,6f36a3307488809f
high_intensity,19-05-2026 06:35:26,10,Excelente intensidade! Continue assim.,qFWzlwl1U82NIowJqQBO,True,1779172526000,Alta Intensidade,234da97fe615c6b7
high_intensity,12-05-2026 18:35:53,10,Excelente intensidade! Continue assim.,PAdWZxiwrzTImprLI3QS,True,1778610953000,Alta Intensidade,3bd002cf1fcfa789
high_intensity,23-05-2026 23:39:23,10,Excelente intensidade! Continue assim.,9pchq5ZHcckj24Cysxls,True,1779579563000,Alta Intensidade,06bf6a628379e030
low_intensity,22-05-2026 02:54:07,2,Um ritmo mais leve será benéfico para o seu bem-estar.,ei0LO4SklRBDBNU3XwF6,True,1779418447000,Ritmo Baixo,c837debb39dd1e68
high_intensity,28-05-2026 20:26:47,10,Excelente intensidade! Continue assim.,JY5fLW6OxvpCFv6pNHls,True,1780000007000,Alta Intensidade,574582321d04df00
medium_intensity,30-05-2026 00:37:56,5,Este nível de atividade é ideal para o seu bem-estar.,uGQffEL7O4di109ku6ao,True,1780101476000,Ritmo Saudável,ec75a53f04901eec
low_intensity,23-05-2026 12:59:26,2,Um ritmo mais leve será benéfico para o seu bem-estar.,AtCVX103YpPU2nnROr4k,True,1779541166000,Ritmo Baixo,57e7d972b508815d
high_intensity,08-05-2026 23:19:49,10,Excelente intensidade! Continue assim.,rccVBhlFjOrVMQet8xY8,True,1778282389000,Alta Intensidade,19a558ecc36977ce
medium_intensity,09-05-2026 19:32:55,5,Este nível de atividade é ideal para o seu bem-estar.,5Z72qJ4LhkF92WuelruF,True,1778355175000,Ritmo Saudável,3811390588367f0e
high_intensity,12-05-2026 09:08:37,10,Excelente intensidade! Continue assim.,Ig57KUcAnQo2govzVHzr,True,1778576917000,Alta Intensidade,7182af742e04dc6d
high_intensity,22-05-2026 18:08:21,10,Excelente intensidade! Continue assim.,rCMfIyubYCWzq7FRQA90,True,1779473301000,Alta Intensidade,72bd2672c948d2cb
high_intensity,28-05-2026 15:33:51,10,Excelente intensidade! Continue assim.,kygqrZriI1XqDHcDpDRL,True,1779982431000,Alta Intensidade,c837debb39dd1e68
low_intensity,22-05-2026 19:46:48,2,Um ritmo mais leve será benéfico para o seu bem-estar.,ICANMvKDpb3yGG3I31vl,True,1779479208000,Ritmo Baixo,1bd749deaf799034
low_intensity,02-05-2026 19:24:42,2,Um ritmo mais leve será benéfico para o seu bem-estar.,AgkpzMRspz6N0auRXMwC,True,1777749882000,Ritmo Baixo,131c7dd8f3ab4b35
low_intensity,28-05-2026 22:10:40,2,Um ritmo mais leve será benéfico para o seu bem-estar.,4euAFtltTK16F0WSduEO,True,1780006240000,Ritmo Baixo,cb207a93391638cb
high_intensity,26-05-2026 17:08:49,10,Excelente intensidade! Continue assim.,esrlcT5S28DM3C7gYW2p,True,1779815329000,Alta Intensidade,330949523d665e3b
medium_intensity,29-05-2026 09:33:44,5,Este nível de atividade é ideal para o seu bem-estar.,ufVvJyhSSUU7XcZp10RT,True,1780047224000,Ritmo Saudável,82a83fc853728306
low_intensity,21-05-2026 19:37:10,2,Um ritmo mais leve será benéfico para o seu bem-estar.,KuxEHswEznzUG7f014df,True,1779392230000,Ritmo Baixo,d4389e820d4f82fa
medium_intensity,08-05-2026 13:40:51,5,Este nível de atividade é ideal para o seu bem-estar.,SR3IuzaSAXrM1ycyVKnF,True,1778247651000,Ritmo Saudável,cb207a93391638cb
high_intensity,07-05-2026 17:40:12,10,Excelente intensidade! Continue assim.,ltRQRxQeFKfg4nn4hchT,True,1778175612000,Alta Intensidade,487b076a69a53671
high_intensity,18-05-2026 21:07:34,10,Excelente intensidade! Continue assim.,fo0gbwSyRoZDH5afROx1,True,1779138454000,Alta Intensidade,c6a2d85265d19a41
low_intensity,03-05-2026 06:29:16,2,Um ritmo mais leve será benéfico para o seu bem-estar.,t86hl1GsnGVFb0kAz3tK,True,1777789756000,Ritmo Baixo,a8c47673d6a4f85c
medium_intensity,27-05-2026 04:22:23,5,Este nível de atividade é ideal para o seu bem-estar.,X09IE7fTsFtKrnnO2ywU,True,1779855743000,Ritmo Saudável,55b620d8c0ab41e0
low_intensity,14-05-2026 03:06:16,2,Um ritmo mais leve será benéfico para o seu bem-estar.,YEVzw2WLEWOtHor4laPY,True,1778727976000,Ritmo Baixo,cb207a93391638cb
high_intensity,11-05-2026 12:31:23,10,Excelente intensidade! Continue assim.,pETnVMtqX7kfogHQpqnt,True,1778502683000,Alta Intensidade,6588d11c4a11acb1
high_intensity,23-05-2026 15:06:44,10,Excelente intensidade! Continue assim.,fZz65wtgWnsXCpbEVvhF,True,1779548804000,Alta Intensidade,c51d4eb54f89fec8
high_intensity,09-05-2026 09:36:00,10,Excelente intensidade! Continue assim.,c5VwTYbjMJPRK6Ne6gTN,True,1778319360000,Alta Intensidade,1b1cc9cee9f27003
medium_intensity,05-05-2026 12:37:20,5,Este nível de atividade é ideal para o seu bem-estar.,kcOVHArv6CXQwpbQ670l,True,1777984640000,Ritmo Saudável,1b38ab967d98cc4e
high_intensity,13-05-2026 23:40:34,10,Excelente intensidade! Continue assim.,uOMvIqlYEL1BeaBrNSyE,True,1778715634000,Alta Intensidade,bb80f878cef35322
medium_intensity,11-05-2026 09:25:21,5,Este nível de atividade é ideal para o seu bem-estar.,uAMnzvOmoBwEIIr8huye,True,1778491521000,Ritmo Saudável,a8c47673d6a4f85c
high_intensity,01-05-2026 19:01:34,10,Excelente intensidade! Continue assim.,bGvueShI4sL7nG5kFjab,True,1777662094000,Alta Intensidade,8e7f2987241c2818
high_intensity,01-05-2026 15:56:53,10,Excelente intensidade! Continue assim.,GRlhbfi08jswzjCn8JIF,True,1777651013000,Alta Intensidade,4c885efe7bde3ff4
medium_intensity,05-05-2026 04:41:17,5,Este nível de atividade é ideal para o seu bem-estar.,6uPlLjxMhbVpacnfXiOp,True,1777956077000,Ritmo Saudável,487b076a69a53671
low_intensity,26-05-2026 08:03:48,2,Um ritmo mais leve será benéfico para o seu bem-estar.,UtPcmxlzrdKNhYCz5s0z,True,1779782628000,Ritmo Baixo,2a339e8954684016
medium_intensity,17-05-2026 15:15:21,5,Este nível de atividade é ideal para o seu bem-estar.,aML3BnCxJJEjNSV23F5E,True,1779030921000,Ritmo Saudável,04964f8452901231
low_intensity,30-05-2026 06:58:19,2,Um ritmo mais leve será benéfico para o seu bem-estar.,nfKiLeGi4vWeDpttnFDG,True,1780124299000,Ritmo Baixo,1d6285f5502cf1f8
medium_intensity,06-05-2026 03:43:10,5,Este nível de atividade é ideal para o seu bem-estar.,DswL8uBFTuY8C8uRfUzm,True,1778038990000,Ritmo Saudável,d4389e820d4f82fa
high_intensity,27-05-2026 17:36:50,10,Excelente intensidade! Continue assim.,o0JX81WvJ3gedfgGOnhm,True,1779903410000,Alta Intensidade,53c682ded6545e06
low_intensity,30-05-2026 18:51:52,2,Um ritmo mais leve será benéfico para o seu bem-estar.,kfgH3dmILhvCji7kh8aR,True,1780167112000,Ritmo Baixo,fb188f553674b4c4
high_intensity,14-05-2026 06:20:45,10,Excelente intensidade! Continue assim.,oqBY5LuL8QeQTHS9imsh,True,1778739645000,Alta Intensidade,923d0315f3ae2bb3
medium_intensity,20-05-2026 18:51:07,5,Este nível de atividade é ideal para o seu bem-estar.,95tRHMo0hW1QsTaHEtIx,True,1779303067000,Ritmo Saudável,1bd749deaf799034
high_intensity,18-05-2026 06:34:06,10,Excelente intensidade! Continue assim.,MJvnhFbk5pqy7sOjSiLy,True,1779086046000,Alta Intensidade,cb4c1290e91970dd
medium_intensity,22-05-2026 10:17:20,5,Este nível de atividade é ideal para o seu bem-estar.,cnaZNfaqDWA0hGUR2F5F,True,1779445040000,Ritmo Saudável,f7c6682ad24d37f8
low_intensity,05-05-2026 23:19:14,2,Um ritmo mais leve será benéfico para o seu bem-estar.,H25BE9Uj3W29H8tbwdq4,True,1778023154000,Ritmo Baixo,91279a646f8ea6ac
high_intensity,05-05-2026 02:39:02,10,Excelente intensidade! Continue assim.,LWKCBlvjdUddzOMOqG0M,True,1777948742000,Alta Intensidade,06961ead71f8b1d8
medium_intensity,24-05-2026 03:54:38,5,Este nível de atividade é ideal para o seu bem-estar.,DULyWezNkbJELyxE8il6,True,1779594878000,Ritmo Saudável,cbf338d836298cb7
medium_intensity,17-05-2026 18:43:35,5,Este nível de atividade é ideal para o seu bem-estar.,VKzDbPEjJLL4yzxg3hBr,True,1779043415000,Ritmo Saudável,102edb38b5ec347f
low_intensity,12-05-2026 18:05:49,2,Um ritmo mais leve será benéfico para o seu bem-estar.,2ZcuTRg12C2sj1PZJlkh,True,1778609149000,Ritmo Baixo,5e1de20fecf98844
medium_intensity,24-05-2026 20:34:50,5,Este nível de atividade é ideal para o seu bem-estar.,hIPOJ2T8GF95I51eF3NA,True,1779654890000,Ritmo Saudável,ae7ec9246c4649bc
high_intensity,27-05-2026 22:43:26,10,Excelente intensidade! Continue assim.,5IlT5cvFiFhsddaZDhmp,True,1779921806000,Alta Intensidade,c9ab51cba10ae1e9
low_intensity,03-05-2026 08:25:44,2,Um ritmo mais leve será benéfico para o seu bem-estar.,0jfHcWYS4jqpxbadvG1H,True,1777796744000,Ritmo Baixo,d632e4ce536ec364
low_intensity,18-05-2026 07:44:06,2,Um ritmo mais leve será benéfico para o seu bem-estar.,BGOMjXoZZfPTDzXgI8td,True,1779090246000,Ritmo Baixo,9cbee3c1d7168837
low_intensity,09-05-2026 14:58:07,2,Um ritmo mais leve será benéfico para o seu bem-estar.,V5hBbv4Acc1tAmTmhEts,True,1778338687000,Ritmo Baixo,42d576864f9952c7
medium_intensity,29-05-2026 21:08:58,5,Este nível de atividade é ideal para o seu bem-estar.,VNtrbhChCbyzutjTlZMm,True,1780088938000,Ritmo Saudável,1b1cc9cee9f27003
medium_intensity,26-05-2026 01:10:08,5,Este nível de atividade é ideal para o seu bem-estar.,kEXmVN1uGAMVoV6tHw36,True,1779757808000,Ritmo Saudável,5e1de20fecf98844
medium_intensity,08-05-2026 08:10:08,5,Este nível de atividade é ideal para o seu bem-estar.,ROssoX3GA0o9oQltU4kx,True,1778227808000,Ritmo Saudável,f7c6682ad24d37f8
high_intensity,24-05-2026 16:57:51,10,Excelente intensidade! Continue assim.,aaz2zoWKM7Xt23I0ikTr,True,1779641871000,Alta Intensidade,04964f8452901231
low_intensity,05-05-2026 03:44:56,2,Um ritmo mais leve será benéfico para o seu bem-estar.,H1ltwwATPmjZ62d6J0Bm,True,1777952696000,Ritmo Baixo,e1bd0a847e7079be
medium_intensity,18-05-2026 15:45:07,5,Este nível de atividade é ideal para o seu bem-estar.,Ec82U18sGtcZYNLGesJ0,True,1779119107000,Ritmo Saudável,d0825fdf3da3660c
high_intensity,29-05-2026 14:58:18,10,Excelente intensidade! Continue assim.,NfIbb8kDYf36mF5l9bWG,True,1780066698000,Alta Intensidade,e1bd0a847e7079be
high_intensity,05-05-2026 06:06:09,10,Excelente intensidade! Continue assim.,l6HQxG93a9hC1PlstJfa,True,1777961169000,Alta Intensidade,517fc5ca69b652a5
medium_intensity,09-05-2026 00:22:00,5,Este nível de atividade é ideal para o seu bem-estar.,9pNWpn826UFXMlcRIR2w,True,1778286120000,Ritmo Saudável,1b1cc9cee9f27003
medium_intensity,08-05-2026 20:33:29,5,Este nível de atividade é ideal para o seu bem-estar.,RbM1q2JMffHjim1lmNGm,True,1778272409000,Ritmo Saudável,7d176c63414fcd05
high_intensity,11-05-2026 23:05:47,10,Excelente intensidade! Continue assim.,2C54cD5q65lLAQBAo8SL,True,1778540747000,Alta Intensidade,1d6285f5502cf1f8
high_intensity,22-05-2026 22:29:00,10,Excelente intensidade! Continue assim.,GwhJgWuxELHo8RssENL7,True,1779488940000,Alta Intensidade,e1bd0a847e7079be
high_intensity,28-05-2026 20:56:28,10,Excelente intensidade! Continue assim.,2o2mNNBE1PI7KFt8giBj,True,1780001788000,Alta Intensidade,3811390588367f0e
high_intensity,10-05-2026 03:04:04,10,Excelente intensidade! Continue assim.,GuEMtp2S8tMbfprQY4KI,True,1778382244000,Alta Intensidade,f7c6682ad24d37f8
low_intensity,15-05-2026 12:54:51,2,Um ritmo mais leve será benéfico para o seu bem-estar.,QUedwoBGkrYnwbM7rSV4,True,1778849691000,Ritmo Baixo,153c202e3cfef4ba
medium_intensity,13-05-2026 07:38:19,5,Este nível de atividade é ideal para o seu bem-estar.,AbEmb8o6UmJ15ZKtsVxT,True,1778657899000,Ritmo Saudável,574582321d04df00
medium_intensity,14-05-2026 01:55:55,5,Este nível de atividade é ideal para o seu bem-estar.,zCY4Bc7of7zM3ijiIAl8,True,1778723755000,Ritmo Saudável,93279918e60ec274
low_intensity,22-05-2026 19:52:27,2,Um ritmo mais leve será benéfico para o seu bem-estar.,yWZsq0qMURbX13z3LOwD,True,1779479547000,Ritmo Baixo,17b4966e9be4d8d8
low_intensity,16-05-2026 15:15:36,2,Um ritmo mais leve será benéfico para o seu bem-estar.,AQx1qbB7oLRoyhaYOIwQ,True,1778944536000,Ritmo Baixo,0f98939ac68105bb
high_intensity,26-05-2026 04:20:52,10,Excelente intensidade! Continue assim.,KFEOt9hyu11E1VR0XzKL,True,1779769252000,Alta Intensidade,3b1338c1207d1e2e
low_intensity,23-05-2026 02:16:23,2,Um ritmo mais leve será benéfico para o seu bem-estar.,sr4lDklN7F8MEEofd3R7,True,1779502583000,Ritmo Baixo,1d6285f5502cf1f8
low_intensity,14-05-2026 13:50:31,2,Um ritmo mais leve será benéfico para o seu bem-estar.,gu1lzVb4u8pae33gvGkZ,True,1778766631000,Ritmo Baixo,72ba4e2f87adceb5
high_intensity,22-05-2026 05:35:24,10,Excelente intensidade! Continue assim.,Uhn3slBIkowlW4A1dvhl,True,1779428124000,Alta Intensidade,64a94f9052422a0c
low_intensity,02-05-2026 12:13:15,2,Um ritmo mais leve será benéfico para o seu bem-estar.,Wx0BxzFU80AV7BW8gdPN,True,1777723995000,Ritmo Baixo,5311a0642c2564ad
high_intensity,19-05-2026 05:59:49,10,Excelente intensidade! Continue assim.,AWCyP0XLVmWCoA1qJrOy,True,1779170389000,Alta Intensidade,04964f8452901231
low_intensity,28-05-2026 23:19:11,2,Um ritmo mais leve será benéfico para o seu bem-estar.,h7REPLZwE0OGzL1LsMU9,True,1780010351000,Ritmo Baixo,a8c47673d6a4f85c
low_intensity,15-05-2026 03:54:31,2,Um ritmo mais leve será benéfico para o seu bem-estar.,PrTl8Ci9oDnnJO7ws3ij,True,1778817271000,Ritmo Baixo,d5eb4d757b335d0e
medium_intensity,23-05-2026 17:55:00,5,Este nível de atividade é ideal para o seu bem-estar.,m0YMSBZLXaxd58CyWUKp,True,1779558900000,Ritmo Saudável,8e7f2987241c2818
high_intensity,26-05-2026 04:47:38,10,Excelente intensidade! Continue assim.,crUDQQikpZkLKYLk1q3V,True,1779770858000,Alta Intensidade,330949523d665e3b
high_intensity,24-05-2026 18:44:06,10,Excelente intensidade! Continue assim.,YnSl7stUyYRrkfJALRHc,True,1779648246000,Alta Intensidade,3cc68b8049eb8d4c
high_intensity,29-05-2026 02:20:57,10,Excelente intensidade! Continue assim.,xLrZJyfk4WSjwt7YtVmH,True,1780021257000,Alta Intensidade,c7f34dc43387f858
medium_intensity,28-05-2026 01:11:36,5,Este nível de atividade é ideal para o seu bem-estar.,0VhcLtkPQTcK9Yks2Qet,True,1779930696000,Ritmo Saudável,bc74204126e384ca
medium_intensity,09-05-2026 11:49:18,5,Este nível de atividade é ideal para o seu bem-estar.,rxLZ74nFomcRaPxZYyJo,True,1778327358000,Ritmo Saudável,131c7dd8f3ab4b35
low_intensity,19-05-2026 03:15:04,2,Um ritmo mais leve será benéfico para o seu bem-estar.,1x6cBwn2IseoI2BoPpyO,True,1779160504000,Ritmo Baixo,7182af742e04dc6d
low_intensity,08-05-2026 22:41:59,2,Um ritmo mais leve será benéfico para o seu bem-estar.,9fpjsMxB4FJTRBCJ1H3e,True,1778280119000,Ritmo Baixo,e1bd0a847e7079be
low_intensity,08-05-2026 22:14:44,2,Um ritmo mais leve será benéfico para o seu bem-estar.,dj3kDhozTMfIfdXVnroO,True,1778278484000,Ritmo Baixo,13db178cd9a1e37a
medium_intensity,23-05-2026 08:32:02,5,Este nível de atividade é ideal para o seu bem-estar.,RkWD63BFyTEFBLYP1jV7,True,1779525122000,Ritmo Saudável,bb4bb9fbcfcc16d1
high_intensity,03-05-2026 03:02:11,10,Excelente intensidade! Continue assim.,bGu2KvQhYrEjkf8RevW5,True,1777777331000,Alta Intensidade,daf96d2280390dec
high_intensity,09-05-2026 13:35:09,10,Excelente intensidade! Continue assim.,nktTPAUlnNSxYLFZJpfo,True,1778333709000,Alta Intensidade,0f98939ac68105bb
high_intensity,24-05-2026 18:02:03,10,Excelente intensidade! Continue assim.,6fwtHwRlHW646dsqdiGS,True,1779645723000,Alta Intensidade,24d6a87b0598b02e
high_intensity,06-05-2026 19:43:26,10,Excelente intensidade! Continue assim.,ZBv5x7po1qauGBws38df,True,1778096606000,Alta Intensidade,c0014ea2ee2fdaea
high_intensity,19-05-2026 07:14:33,10,Excelente intensidade! Continue assim.,hbws8V74ONOwgGfDkQGB,True,1779174873000,Alta Intensidade,1791998ac3161359
high_intensity,08-05-2026 20:26:37,10,Excelente intensidade! Continue assim.,oR1j5VCng41XKL9JrhpG,True,1778271997000,Alta Intensidade,bbbe498ee44f6349
high_intensity,11-05-2026 18:11:54,10,Excelente intensidade! Continue assim.,nBxEDdUiN8AIt4s4hOgr,True,1778523114000,Alta Intensidade,1bd749deaf799034
medium_intensity,07-05-2026 20:34:40,5,Este nível de atividade é ideal para o seu bem-estar.,xz26v4oHOAODqoEHXPqy,True,1778186080000,Ritmo Saudável,9d16533a62ab9315
low_intensity,02-05-2026 12:23:47,2,Um ritmo mais leve será benéfico para o seu bem-estar.,LuczWXsYKw1FsLwKk5cD,True,1777724627000,Ritmo Baixo,18d281edb3671f44
medium_intensity,03-05-2026 02:30:10,5,Este nível de atividade é ideal para o seu bem-estar.,Wn3xFkbyC1wBezzRhBSY,True,1777775410000,Ritmo Saudável,d4389e820d4f82fa
medium_intensity,20-05-2026 23:51:23,5,Este nível de atividade é ideal para o seu bem-estar.,UpvgoOsaIn0MYy0K5IKs,True,1779321083000,Ritmo Saudável,cbf338d836298cb7
medium_intensity,28-05-2026 21:31:55,5,Este nível de atividade é ideal para o seu bem-estar.,JfBVEg93erzQZRZh1Fke,True,1780003915000,Ritmo Saudável,da211edc7bac01a0
medium_intensity,09-05-2026 14:19:23,5,Este nível de atividade é ideal para o seu bem-estar.,dWIHpd7N5FhJFcpCP5FF,True,1778336363000,Ritmo Saudável,57e7d972b508815d
high_intensity,01-05-2026 10:20:58,10,Excelente intensidade! Continue assim.,dxxpT8OwDU1r6cy7vVL7,True,1777630858000,Alta Intensidade,06bf6a628379e030
high_intensity,22-05-2026 21:34:01,10,Excelente intensidade! Continue assim.,DUAcUygis49jsnlrFLeC,True,1779485641000,Alta Intensidade,2b95dd3cf28e7c18
high_intensity,19-05-2026 18:08:08,10,Excelente intensidade! Continue assim.,fhlLByjAtBBubFA0LaOT,True,1779214088000,Alta Intensidade,42ac1a2bf982f79c
medium_intensity,14-05-2026 23:56:45,5,Este nível de atividade é ideal para o seu bem-estar.,OpY2nuSvvbHmbGbLGgTm,True,1778803005000,Ritmo Saudável,57e17fffc619e182
low_intensity,25-05-2026 13:11:49,2,Um ritmo mais leve será benéfico para o seu bem-estar.,v0KPZwkhK0ERGPUsHhI8,True,1779714709000,Ritmo Baixo,e1bd0a847e7079be
low_intensity,07-05-2026 23:03:40,2,Um ritmo mais leve será benéfico para o seu bem-estar.,ZNpfQYKE6GT82yCAls8J,True,1778195020000,Ritmo Baixo,e9da39984fb29dc6
low_intensity,25-05-2026 11:34:04,2,Um ritmo mais leve será benéfico para o seu bem-estar.,s5wxJKxg9Mkg96yZxRP4,True,1779708844000,Ritmo Baixo,ae7ec9246c4649bc
low_intensity,19-05-2026 08:44:33,2,Um ritmo mais leve será benéfico para o seu bem-estar.,Pc6YHsjWT0KVbEzuvAgd,True,1779180273000,Ritmo Baixo,6588d11c4a11acb1
low_intensity,11-05-2026 07:00:50,2,Um ritmo mais leve será benéfico para o seu bem-estar.,NXgOMu83px03aUONhqr3,True,1778482850000,Ritmo Baixo,f7af4712fd6b9108
low_intensity,19-05-2026 12:13:37,2,Um ritmo mais leve será benéfico para o seu bem-estar.,y3px1KsSjujiz4kbKI6F,True,1779192817000,Ritmo Baixo,17b4966e9be4d8d8
medium_intensity,23-05-2026 09:11:09,5,Este nível de atividade é ideal para o seu bem-estar.,nwPdNCZZaT3obtEMCMyq,True,1779527469000,Ritmo Saudável,91279a646f8ea6ac
low_intensity,25-05-2026 20:42:41,2,Um ritmo mais leve será benéfico para o seu bem-estar.,1rD5bmZ0B3X6DHnUH3Iy,True,1779741761000,Ritmo Baixo,1b38ab967d98cc4e
low_intensity,30-05-2026 21:51:40,2,Um ritmo mais leve será benéfico para o seu bem-estar.,IDQ4nOP7cZw6Qyh19eek,True,1780177900000,Ritmo Baixo,3b1338c1207d1e2e
low_intensity,16-05-2026 05:21:20,2,Um ritmo mais leve será benéfico para o seu bem-estar.,FQJKCm19vA600nGFn6BI,True,1778908880000,Ritmo Baixo,7f281c8dbac1f799
high_intensity,28-05-2026 16:11:35,10,Excelente intensidade! Continue assim.,YCkr4vHlpyqkwgMQ7GUL,True,1779984695000,Alta Intensidade,0e52f2934d8ce165
low_intensity,28-05-2026 15:28:24,2,Um ritmo mais leve será benéfico para o seu bem-estar.,gErwPsmiKVtaZTNKSxDx,True,1779982104000,Ritmo Baixo,c837debb39dd1e68
medium_intensity,16-05-2026 16:42:08,5,Este nível de atividade é ideal para o seu bem-estar.,9drMknOJEBGpsGPZwtGE,True,1778949728000,Ritmo Saudável,daf96d2280390dec
low_intensity,21-05-2026 21:27:55,2,Um ritmo mais leve será benéfico para o seu bem-estar.,lEGvVpSXUY4ByoZTOy8n,True,1779398875000,Ritmo Baixo,24d6a87b0598b02e
high_intensity,10-05-2026 16:15:56,10,Excelente intensidade! Continue assim.,JVioOWwKirYM3CmPXRbF,True,1778429756000,Alta Intensidade,1791998ac3161359
low_intensity,30-05-2026 19:24:01,2,Um ritmo mais leve será benéfico para o seu bem-estar.,xdg77ytDVsCkExRltuoI,True,1780169041000,Ritmo Baixo,e84878f982129128
high_intensity,26-05-2026 12:31:01,10,Excelente intensidade! Continue assim.,vEvDd7jYqgdvC6okaPQ4,True,1779798661000,Alta Intensidade,24d6a87b0598b02e
high_intensity,09-05-2026 12:23:36,10,Excelente intensidade! Continue assim.,vmNXb2VVMguWIiFvGtHk,True,1778329416000,Alta Intensidade,102edb38b5ec347f
low_intensity,26-05-2026 10:45:14,2,Um ritmo mais leve será benéfico para o seu bem-estar.,n7xksGtmaHZRjcI5x20B,True,1779792314000,Ritmo Baixo,552b8d6c350cb13c
high_intensity,28-05-2026 15:06:21,10,Excelente intensidade! Continue assim.,lCIxdMl2i8x1RdcQCs63,True,1779980781000,Alta Intensidade,34cbefbc28798720
low_intensity,09-05-2026 05:29:13,2,Um ritmo mais leve será benéfico para o seu bem-estar.,LDGqrYAmxYAtLsIFlMmR,True,1778304553000,Ritmo Baixo,d632e4ce536ec364
high_intensity,07-05-2026 21:28:48,10,Excelente intensidade! Continue assim.,fXURW3J2XT4zEXvZaSKm,True,1778189328000,Alta Intensidade,1b38ab967d98cc4e
low_intensity,11-05-2026 08:46:51,2,Um ritmo mais leve será benéfico para o seu bem-estar.,FCuVwZM67AcTiuOotSNi,True,1778489211000,Ritmo Baixo,a2fd30e5fa49ad53
medium_intensity,12-05-2026 11:16:52,5,Este nível de atividade é ideal para o seu bem-estar.,NQ3j5h9jmMNWzJjSPXHc,True,1778584612000,Ritmo Saudável,f879804e4456e5d4
medium_intensity,01-05-2026 15:47:29,5,Este nível de atividade é ideal para o seu bem-estar.,kOhdqirrczqnjJbvNNVA,True,1777650449000,Ritmo Saudável,c31244cee16e0c77
high_intensity,04-05-2026 15:39:03,10,Excelente intensidade! Continue assim.,6aMGPcahQJyCe8iL9PR2,True,1777909143000,Alta Intensidade,131c7dd8f3ab4b35
low_intensity,13-05-2026 09:03:29,2,Um ritmo mais leve será benéfico para o seu bem-estar.,rVud3U6URuVcoS3gOaKP,True,1778663009000,Ritmo Baixo,0e52f2934d8ce165
medium_intensity,03-05-2026 15:34:58,5,Este nível de atividade é ideal para o seu bem-estar.,TmfQrJuJ7g1hLriSkjRc,True,1777822498000,Ritmo Saudável,daf96d2280390dec
medium_intensity,25-05-2026 17:12:38,5,Este nível de atividade é ideal para o seu bem-estar.,8FVkBxBVoFLUnupBS4x1,True,1779729158000,Ritmo Saudável,42ac1a2bf982f79c
medium_intensity,17-05-2026 03:35:55,5,Este nível de atividade é ideal para o seu bem-estar.,DEcCP1csJW3js7Di5QUU,True,1778988955000,Ritmo Saudável,c51d4eb54f89fec8
high_intensity,15-05-2026 18:39:23,10,Excelente intensidade! Continue assim.,97d0aH51ynFQ8eoK3FaC,True,1778870363000,Alta Intensidade,c85cdb0ef48d09c8
low_intensity,29-05-2026 14:01:24,2,Um ritmo mais leve será benéfico para o seu bem-estar.,4JkZutcjKiztsJT4HcOK,True,1780063284000,Ritmo Baixo,e7eb35b501d57e1f
low_intensity,14-05-2026 22:45:31,2,Um ritmo mais leve será benéfico para o seu bem-estar.,JI7PUZC3oJzrKEbQNaw9,True,1778798731000,Ritmo Baixo,517fc5ca69b652a5
medium_intensity,01-05-2026 22:03:31,5,Este nível de atividade é ideal para o seu bem-estar.,EfIpHin3jy2O2z7A9IXq,True,1777673011000,Ritmo Saudável,3c58290022ed11b1
low_intensity,23-05-2026 20:52:52,2,Um ritmo mais leve será benéfico para o seu bem-estar.,riJle4sXRftVQr7ZOpVx,True,1779569572000,Ritmo Baixo,131c7dd8f3ab4b35
medium_intensity,14-05-2026 17:20:16,5,Este nível de atividade é ideal para o seu bem-estar.,dIq1DhNiMRylbxL5hP1v,True,1778779216000,Ritmo Saudável,487b076a69a53671
low_intensity,02-05-2026 07:57:08,2,Um ritmo mais leve será benéfico para o seu bem-estar.,WIfI3he12YJdTMJFuixn,True,1777708628000,Ritmo Baixo,a8c47673d6a4f85c
medium_intensity,25-05-2026 19:27:14,5,Este nível de atividade é ideal para o seu bem-estar.,b3XBA5qzVnqrl9O8dHjD,True,1779737234000,Ritmo Saudável,1791998ac3161359
medium_intensity,07-05-2026 07:22:16,5,Este nível de atividade é ideal para o seu bem-estar.,g5hMvt0LpgWAFnajqSSp,True,1778138536000,Ritmo Saudável,18d281edb3671f44
medium_intensity,15-05-2026 11:19:09,5,Este nível de atividade é ideal para o seu bem-estar.,GlHXYDovaBMa2YjCZ3rT,True,1778843949000,Ritmo Saudável,330949523d665e3b
high_intensity,06-05-2026 14:24:17,10,Excelente intensidade! Continue assim.,wGOAS9u0X8KdMdEslvzF,True,1778077457000,Alta Intensidade,517fc5ca69b652a5
low_intensity,10-05-2026 17:04:41,2,Um ritmo mais leve será benéfico para o seu bem-estar.,iHUmVKxvjV87Bfy7l3xv,True,1778432681000,Ritmo Baixo,a2fd30e5fa49ad53
medium_intensity,15-05-2026 22:23:28,5,Este nível de atividade é ideal para o seu bem-estar.,aBWTaNTnjZewqgKEGpLT,True,1778883808000,Ritmo Saudável,d4389e820d4f82fa
high_intensity,17-05-2026 21:49:39,10,Excelente intensidade! Continue assim.,MGlRT89adTJKdvEvvvt4,True,1779054579000,Alta Intensidade,ec75a53f04901eec
high_intensity,24-05-2026 00:22:09,10,Excelente intensidade! Continue assim.,NQgEc5l4dnh7E7StOXHj,True,1779582129000,Alta Intensidade,4c885efe7bde3ff4
high_intensity,02-05-2026 11:49:27,10,Excelente intensidade! Continue assim.,jw1qYCwmAFOdgJWWd8L6,True,1777722567000,Alta Intensidade,1791998ac3161359
low_intensity,10-05-2026 23:32:56,2,Um ritmo mais leve será benéfico para o seu bem-estar.,bpcgetrUNo9BQ85aXuvA,True,1778455976000,Ritmo Baixo,c51d4eb54f89fec8
low_intensity,09-05-2026 19:48:24,2,Um ritmo mais leve será benéfico para o seu bem-estar.,UE8e8Lt7ZE4jyuu1IjAI,True,1778356104000,Ritmo Baixo,8e2e127651e9cbde
high_intensity,19-05-2026 06:57:52,10,Excelente intensidade! Continue assim.,yDch773BXytoaUH93pOW,True,1779173872000,Alta Intensidade,2f2bd7547d602b7a
high_intensity,02-05-2026 15:27:25,10,Excelente intensidade! Continue assim.,RygUL349O30IDPI80JxW,True,1777735645000,Alta Intensidade,f879804e4456e5d4
medium_intensity,20-05-2026 22:21:54,5,Este nível de atividade é ideal para o seu bem-estar.,jZbo9g5SZM47vp62NNeC,True,1779315714000,Ritmo Saudável,3993ad7e2565b6b0
low_intensity,17-05-2026 06:53:33,2,Um ritmo mais leve será benéfico para o seu bem-estar.,0EXVNjwMebAN7NBXNmsN,True,1779000813000,Ritmo Baixo,6214b1b462c04096
high_intensity,17-05-2026 16:24:37,10,Excelente intensidade! Continue assim.,FOh5hMkjuvtfnFodzHoC,True,1779035077000,Alta Intensidade,91279a646f8ea6ac
low_intensity,28-05-2026 11:50:30,2,Um ritmo mais leve será benéfico para o seu bem-estar.,hIv6BE7ySTdR9ZHN49Qh,True,1779969030000,Ritmo Baixo,b572bc65fae8bec1
low_intensity,12-05-2026 23:25:05,2,Um ritmo mais leve será benéfico para o seu bem-estar.,r1RwLMAXTktHI6JmRwZu,True,1778628305000,Ritmo Baixo,3811390588367f0e
low_intensity,28-05-2026 12:45:31,2,Um ritmo mais leve será benéfico para o seu bem-estar.,fQOJf3o2NihGzTSgP8Hh,True,1779972331000,Ritmo Baixo,24d6a87b0598b02e
low_intensity,06-05-2026 04:28:28,2,Um ritmo mais leve será benéfico para o seu bem-estar.,VwW4gPgwidRl6RlIrQQy,True,1778041708000,Ritmo Baixo,6588d11c4a11acb1
medium_intensity,30-05-2026 05:04:46,5,Este nível de atividade é ideal para o seu bem-estar.,QEYSZaullkTdCmjZTNsL,True,1780117486000,Ritmo Saudável,e1bd0a847e7079be
low_intensity,19-05-2026 08:41:18,2,Um ritmo mais leve será benéfico para o seu bem-estar.,LFTQ3cVc7jE8F0vLwhje,True,1779180078000,Ritmo Baixo,389da1f3a7c1d8de
high_intensity,29-05-2026 06:31:29,10,Excelente intensidade! Continue assim.,PU7hEA54bS5csMfnh70k,True,1780036289000,Alta Intensidade,cbf338d836298cb7
medium_intensity,17-05-2026 08:54:01,5,Este nível de atividade é ideal para o seu bem-estar.,RPl2K7WYY3hoDi0jzapF,True,1779008041000,Ritmo Saudável,daf96d2280390dec
low_intensity,12-05-2026 02:33:07,2,Um ritmo mais leve será benéfico para o seu bem-estar.,S9ezXXNN5sgvByg5KJuA,True,1778553187000,Ritmo Baixo,72ba4e2f87adceb5
medium_intensity,13-05-2026 11:35:48,5,Este nível de atividade é ideal para o seu bem-estar.,5CE02wL64qlcpTxbEoel,True,1778672148000,Ritmo Saudável,da211edc7bac01a0
low_intensity,23-05-2026 14:44:21,2,Um ritmo mais leve será benéfico para o seu bem-estar.,mz6UQwYtuazIvAmUg9dl,True,1779547461000,Ritmo Baixo,13db178cd9a1e37a
high_intensity,12-05-2026 21:33:20,10,Excelente intensidade! Continue assim.,AIpg6CWHfCF6XgO7wmIR,True,1778621600000,Alta Intensidade,5311a0642c2564ad
low_intensity,22-05-2026 02:23:08,2,Um ritmo mais leve será benéfico para o seu bem-estar.,c5V4tEAZouIdTL3QcrsM,True,1779416588000,Ritmo Baixo,63d3511e9e857901
medium_intensity,09-05-2026 01:17:37,5,Este nível de atividade é ideal para o seu bem-estar.,k5eY8jdTVok0LOt4xhG5,True,1778289457000,Ritmo Saudável,24d6a87b0598b02e
medium_intensity,12-05-2026 06:42:22,5,Este nível de atividade é ideal para o seu bem-estar.,AVOInMUohRp7oS5x4QE4,True,1778568142000,Ritmo Saudável,0e52f2934d8ce165
medium_intensity,21-05-2026 17:32:53,5,Este nível de atividade é ideal para o seu bem-estar.,716FWlqcAaVI5NiWUB3y,True,1779384773000,Ritmo Saudável,2f2bd7547d602b7a
high_intensity,05-05-2026 20:33:02,10,Excelente intensidade! Continue assim.,Iq2cSlNfPATaV92855nO,True,1778013182000,Alta Intensidade,64a94f9052422a0c
high_intensity,01-05-2026 11:04:00,10,Excelente intensidade! Continue assim.,nsy14YlEzBrMFDQ9MPLW,True,1777633440000,Alta Intensidade,234da97fe615c6b7
high_intensity,30-05-2026 22:02:34,10,Excelente intensidade! Continue assim.,b5VhHTp5Ayk70VtjEoUG,True,1780178554000,Alta Intensidade,e84878f982129128
high_intensity,20-05-2026 01:38:41,10,Excelente intensidade! Continue assim.,l7PqaP9lgBPw3DFHD63K,True,1779241121000,Alta Intensidade,64a94f9052422a0c
low_intensity,16-05-2026 19:07:09,2,Um ritmo mais leve será benéfico para o seu bem-estar.,733sA9MOSyGI9wUaGUzV,True,1778958429000,Ritmo Baixo,bb80f878cef35322
high_intensity,28-05-2026 21:23:03,10,Excelente intensidade! Continue assim.,qtorp0osmgaLNLsZQxTc,True,1780003383000,Alta Intensidade,f7c6682ad24d37f8
low_intensity,23-05-2026 16:25:14,2,Um ritmo mais leve será benéfico para o seu bem-estar.,VygJbs36jBhpX6AmsUJ6,True,1779553514000,Ritmo Baixo,5a7b6516c51a4d4e
high_intensity,07-05-2026 07:27:03,10,Excelente intensidade! Continue assim.,usCQ0J9z7X2Dex4yalr6,True,1778138823000,Alta Intensidade,b8e78b83a62a0cb7
high_intensity,16-05-2026 00:41:42,10,Excelente intensidade! Continue assim.,mycAeahoJ7yHbGcXpsNQ,True,1778892102000,Alta Intensidade,13db178cd9a1e37a
low_intensity,28-05-2026 11:24:25,2,Um ritmo mais leve será benéfico para o seu bem-estar.,cIZw8mAGWtqP7Hm7K56X,True,1779967465000,Ritmo Baixo,bb80f878cef35322
high_intensity,27-05-2026 03:10:27,10,Excelente intensidade! Continue assim.,obiGDgK8hHTaNo01W5Bs,True,1779851427000,Alta Intensidade,2b95dd3cf28e7c18
low_intensity,17-05-2026 23:30:25,2,Um ritmo mais leve será benéfico para o seu bem-estar.,5GpxulNrRSufnKwmjVUq,True,1779060625000,Ritmo Baixo,bc74204126e384ca
high_intensity,10-05-2026 12:55:52,10,Excelente intensidade! Continue assim.,4adaZk6CXbzZ1dsgxcDa,True,1778417752000,Alta Intensidade,5a7b6516c51a4d4e
low_intensity,14-05-2026 23:05:47,2,Um ritmo mais leve será benéfico para o seu bem-estar.,TTaH9q8VHnB7Iog6V1X2,True,1778799947000,Ritmo Baixo,cbf338d836298cb7
high_intensity,13-05-2026 06:05:37,10,Excelente intensidade! Continue assim.,WsqXbNElo0YxfoivzTXQ,True,1778652337000,Alta Intensidade,5e1de20fecf98844
low_intensity,02-05-2026 09:46:54,2,Um ritmo mais leve será benéfico para o seu bem-estar.,EBbWFtf0UMJi9K0PhiHL,True,1777715214000,Ritmo Baixo,39a54d73a921b9f6
low_intensity,13-05-2026 04:11:26,2,Um ritmo mais leve será benéfico para o seu bem-estar.,OfnGolokYZsNHWIExjEU,True,1778645486000,Ritmo Baixo,3bd002cf1fcfa789
low_intensity,05-05-2026 18:14:39,2,Um ritmo mais leve será benéfico para o seu bem-estar.,3PRprKK4BV4yDWqnT0z1,True,1778004879000,Ritmo Baixo,c51d4eb54f89fec8
medium_intensity,01-05-2026 21:09:29,5,Este nível de atividade é ideal para o seu bem-estar.,WCpr2OWFEF03Jlz133TB,True,1777669769000,Ritmo Saudável,bb80f878cef35322
high_intensity,17-05-2026 04:04:17,10,Excelente intensidade! Continue assim.,7Wwz7np6PK3kozSOXrRM,True,1778990657000,Alta Intensidade,4c885efe7bde3ff4
high_intensity,02-05-2026 22:04:43,10,Excelente intensidade! Continue assim.,q8Zf3W04O5RrNSLrUaIs,True,1777759483000,Alta Intensidade,91279a646f8ea6ac
high_intensity,21-05-2026 21:16:20,10,Excelente intensidade! Continue assim.,Tq2rsOPj8W79XopVAolq,True,1779398180000,Alta Intensidade,91279a646f8ea6ac
low_intensity,01-05-2026 17:04:23,2,Um ritmo mais leve será benéfico para o seu bem-estar.,Q5dr0Wj6tnsScTZ6Wn3k,True,1777655063000,Ritmo Baixo,3db4e6efff8b7518
low_intensity,06-05-2026 03:12:41,2,Um ritmo mais leve será benéfico para o seu bem-estar.,BG3H1v9dSxznAG0balb0,True,1778037161000,Ritmo Baixo,de2dde23040292bc
medium_intensity,27-05-2026 12:51:58,5,Este nível de atividade é ideal para o seu bem-estar.,7EM7h2FqXb9PJf3RqOAx,True,1779886318000,Ritmo Saudável,eb39e98aca20e7d3
low_intensity,24-05-2026 14:43:14,2,Um ritmo mais leve será benéfico para o seu bem-estar.,iOxzMRXEHNaoIa07AUBr,True,1779633794000,Ritmo Baixo,b30b0b43692b035b
medium_intensity,26-05-2026 01:54:43,5,Este nível de atividade é ideal para o seu bem-estar.,D1FFrkLLXM79x7ufA1bb,True,1779760483000,Ritmo Saudável,91d55d217a2af234
low_intensity,19-05-2026 21:15:19,2,Um ritmo mais leve será benéfico para o seu bem-estar.,0pXCVQwVRRb2fCpxU897,True,1779225319000,Ritmo Baixo,bb80f878cef35322
high_intensity,07-05-2026 12:56:36,10,Excelente intensidade! Continue assim.,jzCKySg0Ba2hBr0uprXS,True,1778158596000,Alta Intensidade,3993ad7e2565b6b0
low_intensity,15-05-2026 01:42:03,2,Um ritmo mais leve será benéfico para o seu bem-estar.,1dnVoVysC8rPF7x0uldZ,True,1778809323000,Ritmo Baixo,42ac1a2bf982f79c
low_intensity,04-05-2026 13:34:10,2,Um ritmo mais leve será benéfico para o seu bem-estar.,z2ZSnFU1FHsm2uffRwMG,True,1777901650000,Ritmo Baixo,153c202e3cfef4ba
high_intensity,18-05-2026 22:23:13,10,Excelente intensidade! Continue assim.,wLipO9tNAPGWgZGEyLrk,True,1779142993000,Alta Intensidade,e84878f982129128
low_intensity,08-05-2026 19:34:09,2,Um ritmo mais leve será benéfico para o seu bem-estar.,na48LpQ30YRLSoGNYUUL,True,1778268849000,Ritmo Baixo,4c885efe7bde3ff4
medium_intensity,27-05-2026 05:42:14,5,Este nível de atividade é ideal para o seu bem-estar.,2vEMHytWQIwwgTWuwrND,True,1779860534000,Ritmo Saudável,91d55d217a2af234
low_intensity,11-05-2026 22:03:57,2,Um ritmo mais leve será benéfico para o seu bem-estar.,zkqElnRQzhjCKoDfSn6A,True,1778537037000,Ritmo Baixo,91279a646f8ea6ac
medium_intensity,17-05-2026 14:52:05,5,Este nível de atividade é ideal para o seu bem-estar.,TQVJr8is3RTsqpMeyT8u,True,1779029525000,Ritmo Saudável,1d6285f5502cf1f8
medium_intensity,04-05-2026 15:21:19,5,Este nível de atividade é ideal para o seu bem-estar.,EKRJGWLLoKPJApl1my1L,True,1777908079000,Ritmo Saudável,4c885efe7bde3ff4
low_intensity,18-05-2026 09:44:44,2,Um ritmo mais leve será benéfico para o seu bem-estar.,CbDXu2H5WRNaFna4C6bR,True,1779097484000,Ritmo Baixo,75778bdb64d1008e
high_intensity,10-05-2026 06:17:51,10,Excelente intensidade! Continue assim.,dEHzqwHXIeu0eEsBvwho,True,1778393871000,Alta Intensidade,574582321d04df00
high_intensity,07-05-2026 07:00:51,10,Excelente intensidade! Continue assim.,JBMxkU32rErvaqHAeB6U,True,1778137251000,Alta Intensidade,1d3db575c4a79d75
medium_intensity,15-05-2026 15:21:43,5,Este nível de atividade é ideal para o seu bem-estar.,VB1i9IDt7dgWF4DjdftZ,True,1778858503000,Ritmo Saudável,e9da39984fb29dc6
medium_intensity,25-05-2026 15:54:36,5,Este nível de atividade é ideal para o seu bem-estar.,eqbyGCniIvMPHQFXrB6I,True,1779724476000,Ritmo Saudável,3bd002cf1fcfa789
low_intensity,19-05-2026 19:28:48,2,Um ritmo mais leve será benéfico para o seu bem-estar.,ww0l8356s2IjjMuIbM3k,True,1779218928000,Ritmo Baixo,556be8558ce56421
high_intensity,28-05-2026 20:18:44,10,Excelente intensidade! Continue assim.,uXlglYaXFdlu5aG1MTOr,True,1779999524000,Alta Intensidade,552b8d6c350cb13c
high_intensity,11-05-2026 14:52:59,10,Excelente intensidade! Continue assim.,jrlikRLRPTYx6NyFFjc8,True,1778511179000,Alta Intensidade,18d281edb3671f44
low_intensity,08-05-2026 23:57:12,2,Um ritmo mais leve será benéfico para o seu bem-estar.,9dYuEWJ5vrBnaRBXiJ2s,True,1778284632000,Ritmo Baixo,0f98939ac68105bb
high_intensity,21-05-2026 11:29:30,10,Excelente intensidade! Continue assim.,ZpKvbBjMEnlndyecXrEq,True,1779362970000,Alta Intensidade,c31244cee16e0c77
high_intensity,18-05-2026 10:14:42,10,Excelente intensidade! Continue assim.,pnStcvp3Bd9n34eRxM7H,True,1779099282000,Alta Intensidade,153c202e3cfef4ba
high_intensity,24-05-2026 14:19:53,10,Excelente intensidade! Continue assim.,8LI2MC3xfQPg46PF4csg,True,1779632393000,Alta Intensidade,ce246387dd078174
low_intensity,02-05-2026 15:07:23,2,Um ritmo mais leve será benéfico para o seu bem-estar.,vSdcRhEYXMS0ORRQwrzK,True,1777734443000,Ritmo Baixo,330949523d665e3b
medium_intensity,20-05-2026 03:09:10,5,Este nível de atividade é ideal para o seu bem-estar.,SikorIdnFL61I5hG3QBl,True,1779246550000,Ritmo Saudável,ce246387dd078174
high_intensity,15-05-2026 08:11:48,10,Excelente intensidade! Continue assim.,YefBzBWkpCtAD2OezXog,True,1778832708000,Alta Intensidade,cb4c1290e91970dd
high_intensity,12-05-2026 05:38:25,10,Excelente intensidade! Continue assim.,b0p8UdplPZCgONvMeDZU,True,1778564305000,Alta Intensidade,2618243a251bd83f
high_intensity,21-05-2026 14:34:14,10,Excelente intensidade! Continue assim.,qVogm3vGr5eMddQHEULF,True,1779374054000,Alta Intensidade,867d47425e9cccc7
high_intensity,28-05-2026 07:08:43,10,Excelente intensidade! Continue assim.,6VZ423Tlo9TiygVEaBEu,True,1779952123000,Alta Intensidade,ae7ec9246c4649bc
medium_intensity,14-05-2026 17:38:47,5,Este nível de atividade é ideal para o seu bem-estar.,fnrIiVRlRGpQ5Fl1fgE5,True,1778780327000,Ritmo Saudável,42ac1a2bf982f79c
high_intensity,01-05-2026 10:26:30,10,Excelente intensidade! Continue assim.,Llk4GyT5lih8JYFGrjSU,True,1777631190000,Alta Intensidade,a2fd30e5fa49ad53
low_intensity,25-05-2026 23:20:01,2,Um ritmo mais leve será benéfico para o seu bem-estar.,IMom5VbQhFDZwaf2L1zj,True,1779751201000,Ritmo Baixo,82a83fc853728306
medium_intensity,02-05-2026 05:14:42,5,Este nível de atividade é ideal para o seu bem-estar.,zxdfxJfR5xCB3ekGjVah,True,1777698882000,Ritmo Saudável,234da97fe615c6b7
high_intensity,18-05-2026 02:33:25,10,Excelente intensidade! Continue assim.,aKQmORtyN4rFJ7h2R4B0,True,1779071605000,Alta Intensidade,c85cdb0ef48d09c8
medium_intensity,27-05-2026 11:05:20,5,Este nível de atividade é ideal para o seu bem-estar.,khkASxqm6qaRl3wE1Cpx,True,1779879920000,Ritmo Saudável,75778bdb64d1008e
high_intensity,21-05-2026 16:08:08,10,Excelente intensidade! Continue assim.,uXPy277WyzQyF0Q4Ht7w,True,1779379688000,Alta Intensidade,de2dde23040292bc
low_intensity,07-05-2026 19:04:01,2,Um ritmo mais leve será benéfico para o seu bem-estar.,oBJgnN14jHP4rduPQOEf,True,1778180641000,Ritmo Baixo,57e17fffc619e182
low_intensity,05-05-2026 23:04:08,2,Um ritmo mais leve será benéfico para o seu bem-estar.,u1bzBJZPTlrHdc0IUNPu,True,1778022248000,Ritmo Baixo,9d789fd91804129f
high_intensity,20-05-2026 00:12:58,10,Excelente intensidade! Continue assim.,sSrc2gNVZ0M5WmDPe3Mk,True,1779235978000,Alta Intensidade,04964f8452901231
low_intensity,01-05-2026 09:56:12,2,Um ritmo mais leve será benéfico para o seu bem-estar.,gRcY7K8d9z4SXjXdYfSl,True,1777629372000,Ritmo Baixo,1791998ac3161359
high_intensity,09-05-2026 23:07:33,10,Excelente intensidade! Continue assim.,ARG2pgvrd23xq16HGXGj,True,1778368053000,Alta Intensidade,1b1cc9cee9f27003
low_intensity,19-05-2026 04:11:10,2,Um ritmo mais leve será benéfico para o seu bem-estar.,LuZX3TqBDimgfdp5HljX,True,1779163870000,Ritmo Baixo,39a54d73a921b9f6
low_intensity,25-05-2026 08:43:31,2,Um ritmo mais leve será benéfico para o seu bem-estar.,CDQEnYfwyDkdPNN7UO3O,True,1779698611000,Ritmo Baixo,5a7b6516c51a4d4e
medium_intensity,26-05-2026 06:18:25,5,Este nível de atividade é ideal para o seu bem-estar.,k87GCcbqzQdpxhOplmkX,True,1779776305000,Ritmo Saudável,c0014ea2ee2fdaea
low_intensity,11-05-2026 18:24:42,2,Um ritmo mais leve será benéfico para o seu bem-estar.,vXyKvxMuZPV40uJkSeU0,True,1778523882000,Ritmo Baixo,24d6a87b0598b02e
medium_intensity,15-05-2026 20:09:08,5,Este nível de atividade é ideal para o seu bem-estar.,wpng1VanK42dCMyv6qJU,True,1778875748000,Ritmo Saudável,ce246387dd078174
low_intensity,21-05-2026 04:05:55,2,Um ritmo mais leve será benéfico para o seu bem-estar.,KdHF8SOXOO7OISqTMJAj,True,1779336355000,Ritmo Baixo,eb39e98aca20e7d3
high_intensity,01-05-2026 22:52:24,10,Excelente intensidade! Continue assim.,jscAe4H3XHcPjCeJq5I6,True,1777675944000,Alta Intensidade,c7f34dc43387f858
medium_intensity,15-05-2026 06:32:15,5,Este nível de atividade é ideal para o seu bem-estar.,1II3FWt5iVGexbp01Ri0,True,1778826735000,Ritmo Saudável,7182af742e04dc6d
medium_intensity,14-05-2026 17:18:54,5,Este nível de atividade é ideal para o seu bem-estar.,kgKBrFNpiisNq9oByvWo,True,1778779134000,Ritmo Saudável,556be8558ce56421
high_intensity,11-05-2026 20:31:50,10,Excelente intensidade! Continue assim.,AQyGEubqT5g0VGQ6cIsp,True,1778531510000,Alta Intensidade,c9ab51cba10ae1e9
low_intensity,05-05-2026 05:20:27,2,Um ritmo mais leve será benéfico para o seu bem-estar.,4OgY0vKniIRZ2oYPx1uC,True,1777958427000,Ritmo Baixo,57e17fffc619e182
high_intensity,12-05-2026 18:36:56,10,Excelente intensidade! Continue assim.,EVIFjh0tQw2ujYD4hfGf,True,1778611016000,Alta Intensidade,e84878f982129128
low_intensity,08-05-2026 01:38:33,2,Um ritmo mais leve será benéfico para o seu bem-estar.,yihVmx2Jkytlr9acdjkm,True,1778204313000,Ritmo Baixo,5afe6ceac06784f5
high_intensity,06-05-2026 02:23:28,10,Excelente intensidade! Continue assim.,LFra9HCJP4Jk2zECx6sh,True,1778034208000,Alta Intensidade,bb80f878cef35322
medium_intensity,25-05-2026 00:20:50,5,Este nível de atividade é ideal para o seu bem-estar.,FoNArQYp7d5YUsIiR8Fo,True,1779668450000,Ritmo Saudável,1d6285f5502cf1f8
high_intensity,16-05-2026 02:52:54,10,Excelente intensidade! Continue assim.,Xs6LfJWRacvmD9wntjZI,True,1778899974000,Alta Intensidade,63d3511e9e857901
medium_intensity,03-05-2026 18:55:08,5,Este nível de atividade é ideal para o seu bem-estar.,cmD2MI7cwDE0Pfu5mQJp,True,1777834508000,Ritmo Saudável,153c202e3cfef4ba
low_intensity,16-05-2026 23:22:34,2,Um ritmo mais leve será benéfico para o seu bem-estar.,0QxfsubYxHIYXvsfZ8QH,True,1778973754000,Ritmo Baixo,1b38ab967d98cc4e
low_intensity,13-05-2026 00:50:22,2,Um ritmo mais leve será benéfico para o seu bem-estar.,g6kSfEgxOXmtHpSfYO8T,True,1778633422000,Ritmo Baixo,c85cdb0ef48d09c8
low_intensity,10-05-2026 09:58:45,2,Um ritmo mais leve será benéfico para o seu bem-estar.,79ZzyRbBFFqXPssPk5WY,True,1778407125000,Ritmo Baixo,574582321d04df00
medium_intensity,20-05-2026 14:14:44,5,Este nível de atividade é ideal para o seu bem-estar.,SDcrYM48B99wjh1tASpM,True,1779286484000,Ritmo Saudável,f7c6682ad24d37f8
low_intensity,07-05-2026 12:22:48,2,Um ritmo mais leve será benéfico para o seu bem-estar.,QNMIoq9ctzcHLqcKHeW9,True,1778156568000,Ritmo Baixo,55b620d8c0ab41e0
high_intensity,09-05-2026 01:54:04,10,Excelente intensidade! Continue assim.,55BfpkVVTJuXMeFe9Nko,True,1778291644000,Alta Intensidade,867d47425e9cccc7
medium_intensity,10-05-2026 17:03:57,5,Este nível de atividade é ideal para o seu bem-estar.,a6sYApFHRAgrnztni3SL,True,1778432637000,Ritmo Saudável,72bd2672c948d2cb
medium_intensity,16-05-2026 15:04:59,5,Este nível de atividade é ideal para o seu bem-estar.,Ah60YYaiJe1N5gueBNsR,True,1778943899000,Ritmo Saudável,57e17fffc619e182
high_intensity,22-05-2026 03:23:40,10,Excelente intensidade! Continue assim.,bivuo23nZTOdUixCov0n,True,1779420220000,Alta Intensidade,3c58290022ed11b1
high_intensity,18-05-2026 22:08:11,10,Excelente intensidade! Continue assim.,lTfs8GVYG1Yau5Gl1lRj,True,1779142091000,Alta Intensidade,42ac1a2bf982f79c
low_intensity,01-05-2026 17:12:06,2,Um ritmo mais leve será benéfico para o seu bem-estar.,gxXVnX2FtCugNc8qubol,True,1777655526000,Ritmo Baixo,64a94f9052422a0c
low_intensity,10-05-2026 21:02:36,2,Um ritmo mais leve será benéfico para o seu bem-estar.,7KpQVoR8Ses2VbQudn3B,True,1778446956000,Ritmo Baixo,153c202e3cfef4ba
medium_intensity,18-05-2026 01:54:58,5,Este nível de atividade é ideal para o seu bem-estar.,izVwik6jVgHC0WWpYynE,True,1779069298000,Ritmo Saudável,b572bc65fae8bec1
low_intensity,11-05-2026 00:04:38,2,Um ritmo mais leve será benéfico para o seu bem-estar.,rkvjpX2GNLFCaf0m3Mmz,True,1778457878000,Ritmo Baixo,389da1f3a7c1d8de
medium_intensity,24-05-2026 20:09:07,5,Este nível de atividade é ideal para o seu bem-estar.,CXnNVu4qujJc3vNiU4qo,True,1779653347000,Ritmo Saudável,552b8d6c350cb13c
medium_intensity,29-05-2026 15:41:31,5,Este nível de atividade é ideal para o seu bem-estar.,9Cnh5oMAhz38NLIL9xog,True,1780069291000,Ritmo Saudável,18d281edb3671f44
medium_intensity,15-05-2026 15:17:55,5,Este nível de atividade é ideal para o seu bem-estar.,Bp0noAaE49PeMMoI6q0C,True,1778858275000,Ritmo Saudável,487b076a69a53671
high_intensity,03-05-2026 01:35:04,10,Excelente intensidade! Continue assim.,CLwR7GCxzIKiD70ZcBQ4,True,1777772104000,Alta Intensidade,3cc68b8049eb8d4c
medium_intensity,27-05-2026 06:31:22,5,Este nível de atividade é ideal para o seu bem-estar.,xUPh7HyaUWwzJkXHllgF,True,1779863482000,Ritmo Saudável,06961ead71f8b1d8
high_intensity,12-05-2026 07:05:10,10,Excelente intensidade! Continue assim.,VBy8i1eqbxbVTOo172x9,True,1778569510000,Alta Intensidade,64a94f9052422a0c
low_intensity,06-05-2026 18:22:39,2,Um ritmo mais leve será benéfico para o seu bem-estar.,C2C3TeN8ZrgGmPxhAV2s,True,1778091759000,Ritmo Baixo,ae7ec9246c4649bc
low_intensity,08-05-2026 16:32:34,2,Um ritmo mais leve será benéfico para o seu bem-estar.,2Oa1fqMKPRpP6dv7X6rm,True,1778257954000,Ritmo Baixo,64a94f9052422a0c
low_intensity,23-05-2026 23:18:12,2,Um ritmo mais leve será benéfico para o seu bem-estar.,w44ltEy0CFbOu20cl584,True,1779578292000,Ritmo Baixo,131c7dd8f3ab4b35
high_intensity,17-05-2026 18:58:02,10,Excelente intensidade! Continue assim.,DOi0yVJzpkcVEaGJ8HT4,True,1779044282000,Alta Intensidade,72bd2672c948d2cb
high_intensity,13-05-2026 22:04:26,10,Excelente intensidade! Continue assim.,tcPG4ZULRTY0ZKtETWRA,True,1778709866000,Alta Intensidade,8f8c45c33ff51d0e
low_intensity,12-05-2026 14:53:52,2,Um ritmo mais leve será benéfico para o seu bem-estar.,GKGbbj9RTjYHyeSw0iwr,True,1778597632000,Ritmo Baixo,91279a646f8ea6ac
medium_intensity,11-05-2026 13:48:48,5,Este nível de atividade é ideal para o seu bem-estar.,Q79RnSyHyfuhGAurFWvy,True,1778507328000,Ritmo Saudável,da211edc7bac01a0
low_intensity,07-05-2026 14:27:27,2,Um ritmo mais leve será benéfico para o seu bem-estar.,mDSXqlW6aLHRb3Zq9qwd,True,1778164047000,Ritmo Baixo,63d3511e9e857901
low_intensity,13-05-2026 03:38:25,2,Um ritmo mais leve será benéfico para o seu bem-estar.,XtQrbyGX1yk2qxF6ptXi,True,1778643505000,Ritmo Baixo,0e52f2934d8ce165
low_intensity,09-05-2026 00:52:16,2,Um ritmo mais leve será benéfico para o seu bem-estar.,hSbzSYNFpeehHeNRioTx,True,1778287936000,Ritmo Baixo,fb188f553674b4c4
low_intensity,22-05-2026 05:00:09,2,Um ritmo mais leve será benéfico para o seu bem-estar.,x42U8Ei04QZxqTsKNcRu,True,1779426009000,Ritmo Baixo,72ba4e2f87adceb5
low_intensity,29-05-2026 03:03:10,2,Um ritmo mais leve será benéfico para o seu bem-estar.,uamZYVhyNtiRh0rLPB2Y,True,1780023790000,Ritmo Baixo,cb207a93391638cb
medium_intensity,07-05-2026 12:03:26,5,Este nível de atividade é ideal para o seu bem-estar.,cGcdx7hmo4b4qQuhBBoV,True,1778155406000,Ritmo Saudável,b8e78b83a62a0cb7
low_intensity,05-05-2026 13:09:27,2,Um ritmo mais leve será benéfico para o seu bem-estar.,MD7ztBenUmQQZcPooLLG,True,1777986567000,Ritmo Baixo,95744df47936b8c4
medium_intensity,29-05-2026 07:33:01,5,Este nível de atividade é ideal para o seu bem-estar.,Q03Pov9D503nvK5arFfS,True,1780039981000,Ritmo Saudável,2b95dd3cf28e7c18
medium_intensity,09-05-2026 17:25:36,5,Este nível de atividade é ideal para o seu bem-estar.,qxhic6sDgiXs7jm71CHr,True,1778347536000,Ritmo Saudável,b8e78b83a62a0cb7
medium_intensity,07-05-2026 23:49:58,5,Este nível de atividade é ideal para o seu bem-estar.,Rnmz3dEo369qxqYtFnjh,True,1778197798000,Ritmo Saudável,487b076a69a53671
medium_intensity,04-05-2026 12:00:17,5,Este nível de atividade é ideal para o seu bem-estar.,HMQc2oa1Oqx5cjWRGZat,True,1777896017000,Ritmo Saudável,2f2bd7547d602b7a
low_intensity,26-05-2026 09:56:41,2,Um ritmo mais leve será benéfico para o seu bem-estar.,5IiMFrv1CTVRTZV7wQY4,True,1779789401000,Ritmo Baixo,f7af4712fd6b9108
high_intensity,16-05-2026 17:42:53,10,Excelente intensidade! Continue assim.,Ebsuex7RoMEfo2GiIahe,True,1778953373000,Alta Intensidade,2f2bd7547d602b7a
high_intensity,28-05-2026 02:10:52,10,Excelente intensidade! Continue assim.,g0E0DmOO50fxwhcVT7db,True,1779934252000,Alta Intensidade,5a7b6516c51a4d4e
low_intensity,26-05-2026 16:41:42,2,Um ritmo mais leve será benéfico para o seu bem-estar.,AxyxzzqjH8y1dNqBrcbH,True,1779813702000,Ritmo Baixo,eb39e98aca20e7d3
low_intensity,22-05-2026 13:30:57,2,Um ritmo mais leve será benéfico para o seu bem-estar.,YAgi5gsNcZitD9fqEmsr,True,1779456657000,Ritmo Baixo,574582321d04df00
low_intensity,29-05-2026 23:52:01,2,Um ritmo mais leve será benéfico para o seu bem-estar.,XTmB3MqEGY26NByh7dqg,True,1780098721000,Ritmo Baixo,3bc1bf7fb69f3ba3
medium_intensity,04-05-2026 04:13:35,5,Este nível de atividade é ideal para o seu bem-estar.,b2rpQ7tzmPkJhuMBUhrk,True,1777868015000,Ritmo Saudável,f879804e4456e5d4
high_intensity,08-05-2026 11:03:02,10,Excelente intensidade! Continue assim.,lc0DH2R71AsjlckIhoZ2,True,1778238182000,Alta Intensidade,552b8d6c350cb13c
medium_intensity,07-05-2026 04:03:28,5,Este nível de atividade é ideal para o seu bem-estar.,ZMV4sB84xPMcM3lDAjrZ,True,1778126608000,Ritmo Saudável,3db4e6efff8b7518
high_intensity,26-05-2026 07:33:06,10,Excelente intensidade! Continue assim.,zMelAfrS6EFSeS5k1ef3,True,1779780786000,Alta Intensidade,b572bc65fae8bec1
medium_intensity,17-05-2026 07:59:09,5,Este nível de atividade é ideal para o seu bem-estar.,9YxPH3kjJ9lQvd4hB8p5,True,1779004749000,Ritmo Saudável,d4389e820d4f82fa
high_intensity,24-05-2026 14:53:03,10,Excelente intensidade! Continue assim.,CoPJoqMHV0BYIlkx5pOd,True,1779634383000,Alta Intensidade,389da1f3a7c1d8de
low_intensity,13-05-2026 09:06:06,2,Um ritmo mais leve será benéfico para o seu bem-estar.,zc3eCjjLCS1yByZtZdPQ,True,1778663166000,Ritmo Baixo,234da97fe615c6b7
low_intensity,19-05-2026 16:34:27,2,Um ritmo mais leve será benéfico para o seu bem-estar.,3Lp3LDddpo2ChGpWHmHz,True,1779208467000,Ritmo Baixo,f7af4712fd6b9108
medium_intensity,02-05-2026 23:15:19,5,Este nível de atividade é ideal para o seu bem-estar.,yw6Kj36J0ugrvNtRJe02,True,1777763719000,Ritmo Saudável,e84878f982129128
high_intensity,13-05-2026 09:56:10,10,Excelente intensidade! Continue assim.,ScR4abDXVZxAsW65T6J4,True,1778666170000,Alta Intensidade,3bc1bf7fb69f3ba3
medium_intensity,30-05-2026 08:45:29,5,Este nível de atividade é ideal para o seu bem-estar.,su3Rsem66P6G6AAshcjR,True,1780130729000,Ritmo Saudável,8e7f2987241c2818
medium_intensity,30-05-2026 21:42:35,5,Este nível de atividade é ideal para o seu bem-estar.,md61ekx1aKhxOkNdD1BY,True,1780177355000,Ritmo Saudável,389da1f3a7c1d8de
low_intensity,28-05-2026 12:02:37,2,Um ritmo mais leve será benéfico para o seu bem-estar.,jNGZuewtv4dYUMEbQNhS,True,1779969757000,Ritmo Baixo,eb39e98aca20e7d3
medium_intensity,05-05-2026 23:15:42,5,Este nível de atividade é ideal para o seu bem-estar.,sidxZ5gaeB5UMHbfklDb,True,1778022942000,Ritmo Saudável,bc74204126e384ca
medium_intensity,29-05-2026 17:14:02,5,Este nível de atividade é ideal para o seu bem-estar.,zMEy5PUn3f02Sr8V2r37,True,1780074842000,Ritmo Saudável,7182af742e04dc6d
high_intensity,15-05-2026 19:42:45,10,Excelente intensidade! Continue assim.,LMBnt347IVG1r11MVe2c,True,1778874165000,Alta Intensidade,e84878f982129128
low_intensity,10-05-2026 22:03:42,2,Um ritmo mais leve será benéfico para o seu bem-estar.,XzYhVyrOSbZlczgrO4gt,True,1778450622000,Ritmo Baixo,ae7ec9246c4649bc
medium_intensity,24-05-2026 16:59:15,5,Este nível de atividade é ideal para o seu bem-estar.,fmt4bL5wfdslOh5xvZ7l,True,1779641955000,Ritmo Saudável,389da1f3a7c1d8de
high_intensity,25-05-2026 00:31:27,10,Excelente intensidade! Continue assim.,4noeCRTOUz8opuama0YS,True,1779669087000,Alta Intensidade,389da1f3a7c1d8de
high_intensity,05-05-2026 05:54:14,10,Excelente intensidade! Continue assim.,nHH9fAnYyubpNLE8aVi5,True,1777960454000,Alta Intensidade,389da1f3a7c1d8de
medium_intensity,19-05-2026 01:03:39,5,Este nível de atividade é ideal para o seu bem-estar.,zXNRg8lLjXRoTX0SHTqy,True,1779152619000,Ritmo Saudável,fb188f553674b4c4
high_intensity,29-05-2026 04:08:38,10,Excelente intensidade! Continue assim.,5IX9w2UPIbW3pzlxTHVG,True,1780027718000,Alta Intensidade,d4389e820d4f82fa
low_intensity,03-05-2026 05:54:10,2,Um ritmo mais leve será benéfico para o seu bem-estar.,gRT4jzRU5hw9IS5GFCmO,True,1777787650000,Ritmo Baixo,b30b0b43692b035b
medium_intensity,09-05-2026 23:22:26,5,Este nível de atividade é ideal para o seu bem-estar.,hv7WEL8KWuzdCV7FXnXa,True,1778368946000,Ritmo Saudável,430f674c6dfe941a
high_intensity,16-05-2026 01:18:30,10,Excelente intensidade! Continue assim.,BhXA0C8kgitMHUi3tw3B,True,1778894310000,Alta Intensidade,e8c9832b5c388bb5
high_intensity,26-05-2026 18:36:10,10,Excelente intensidade! Continue assim.,cqblKWq5dhXYg9OzEdrS,True,1779820570000,Alta Intensidade,7d176c63414fcd05
low_intensity,20-05-2026 04:13:36,2,Um ritmo mais leve será benéfico para o seu bem-estar.,QZR8X4iIuC02JwoIocMx,True,1779250416000,Ritmo Baixo,19a558ecc36977ce
high_intensity,05-05-2026 21:08:54,10,Excelente intensidade! Continue assim.,TEL9hTKu8HJq7lmXRKCR,True,1778015334000,Alta Intensidade,517fc5ca69b652a5
medium_intensity,08-05-2026 03:52:52,5,Este nível de atividade é ideal para o seu bem-estar.,CEHuWd0CE30jpLzwj5sV,True,1778212372000,Ritmo Saudável,867d47425e9cccc7
high_intensity,15-05-2026 02:20:44,10,Excelente intensidade! Continue assim.,hNYi7x416f4UKLUjOPTa,True,1778811644000,Alta Intensidade,e7eb35b501d57e1f
low_intensity,04-05-2026 08:15:48,2,Um ritmo mais leve será benéfico para o seu bem-estar.,qalS9EqvoJCWR42AYGqG,True,1777882548000,Ritmo Baixo,13db178cd9a1e37a
high_intensity,19-05-2026 09:38:46,10,Excelente intensidade! Continue assim.,zRr2ypIfv9tsLqgVxC7c,True,1779183526000,Alta Intensidade,53c682ded6545e06
low_intensity,10-05-2026 05:23:45,2,Um ritmo mais leve será benéfico para o seu bem-estar.,KeZrJNJtVbBsH6hWtgn1,True,1778390625000,Ritmo Baixo,1bd749deaf799034
high_intensity,09-05-2026 12:24:22,10,Excelente intensidade! Continue assim.,eUq9Ln3dUb0S4DL7TLgp,True,1778329462000,Alta Intensidade,8e7f2987241c2818
medium_intensity,10-05-2026 11:28:50,5,Este nível de atividade é ideal para o seu bem-estar.,W7vL5zHjif0zMJpASdjp,True,1778412530000,Ritmo Saudável,3db4e6efff8b7518
medium_intensity,29-05-2026 13:50:57,5,Este nível de atividade é ideal para o seu bem-estar.,oHtEeBewULH9cfZhkTO8,True,1780062657000,Ritmo Saudável,ce246387dd078174
low_intensity,03-05-2026 11:47:24,2,Um ritmo mais leve será benéfico para o seu bem-estar.,bfCSE7Sob2qbKwhFh0yW,True,1777808844000,Ritmo Baixo,57e7d972b508815d
medium_intensity,14-05-2026 07:43:15,5,Este nível de atividade é ideal para o seu bem-estar.,BvuCnRaCu2rs2efAs5li,True,1778744595000,Ritmo Saudável,9cbee3c1d7168837
low_intensity,01-05-2026 18:31:01,2,Um ritmo mais leve será benéfico para o seu bem-estar.,nPLLjFJgCsei4ZmHMPX9,True,1777660261000,Ritmo Baixo,57e7d972b508815d
low_intensity,22-05-2026 01:57:48,2,Um ritmo mais leve será benéfico para o seu bem-estar.,XvEH4tncZGmZ7lVXa3Cs,True,1779415068000,Ritmo Baixo,2b95dd3cf28e7c18
high_intensity,10-05-2026 02:44:06,10,Excelente intensidade! Continue assim.,cLDku7HS6EscDrGcrz8W,True,1778381046000,Alta Intensidade,131c7dd8f3ab4b35
high_intensity,04-05-2026 07:12:53,10,Excelente intensidade! Continue assim.,hGohWnKpVNiJBn7ZaRAH,True,1777878773000,Alta Intensidade,d5eb4d757b335d0e
high_intensity,21-05-2026 18:16:42,10,Excelente intensidade! Continue assim.,dPVHsZawZonVpykrsqry,True,1779387402000,Alta Intensidade,9cbee3c1d7168837
medium_intensity,03-05-2026 13:58:40,5,Este nível de atividade é ideal para o seu bem-estar.,kP6xdv8PMQCgmKIBoFde,True,1777816720000,Ritmo Saudável,d632e4ce536ec364
low_intensity,23-05-2026 06:39:01,2,Um ritmo mais leve será benéfico para o seu bem-estar.,5YDswPIGPpY4xKIw4JSO,True,1779518341000,Ritmo Baixo,c34c1310eab19c87
high_intensity,16-05-2026 13:02:13,10,Excelente intensidade! Continue assim.,d69nkhpr6QVTen60pZot,True,1778936533000,Alta Intensidade,04964f8452901231
high_intensity,13-05-2026 22:26:58,10,Excelente intensidade! Continue assim.,JV4ijcuEdN7rJ6UioVbo,True,1778711218000,Alta Intensidade,ce246387dd078174
high_intensity,15-05-2026 08:29:01,10,Excelente intensidade! Continue assim.,45OlGdLKSpVW8uvCCCFf,True,1778833741000,Alta Intensidade,574582321d04df00
low_intensity,03-05-2026 16:38:19,2,Um ritmo mais leve será benéfico para o seu bem-estar.,mlHK8cLzRY5fkytk23Qf,True,1777826299000,Ritmo Baixo,8e2e127651e9cbde
low_intensity,17-05-2026 15:58:44,2,Um ritmo mais leve será benéfico para o seu bem-estar.,YUwXHKgBdJIAw70Od4TI,True,1779033524000,Ritmo Baixo,06bf6a628379e030
medium_intensity,02-05-2026 20:25:32,5,Este nível de atividade é ideal para o seu bem-estar.,STpROolR9qFTAuS6lxEP,True,1777753532000,Ritmo Saudável,6214b1b462c04096
low_intensity,09-05-2026 22:06:59,2,Um ritmo mais leve será benéfico para o seu bem-estar.,QF7SykEAlexgmSQsq8CY,True,1778364419000,Ritmo Baixo,5e1de20fecf98844
high_intensity,04-05-2026 08:14:36,10,Excelente intensidade! Continue assim.,cCxnZVsvN1siPwZ3EZWM,True,1777882476000,Alta Intensidade,daf96d2280390dec
low_intensity,15-05-2026 14:05:10,2,Um ritmo mais leve será benéfico para o seu bem-estar.,HDC1Pms5xxmPs9kReQfy,True,1778853910000,Ritmo Baixo,c837debb39dd1e68
low_intensity,25-05-2026 13:14:58,2,Um ritmo mais leve será benéfico para o seu bem-estar.,Z3CJvb3BQN7oM6jARFz5,True,1779714898000,Ritmo Baixo,3db4e6efff8b7518
low_intensity,04-05-2026 10:15:19,2,Um ritmo mais leve será benéfico para o seu bem-estar.,jzSkj0Wd5k0P2SLjWOWA,True,1777889719000,Ritmo Baixo,91279a646f8ea6ac
high_intensity,12-05-2026 20:30:06,10,Excelente intensidade! Continue assim.,wSYithECB0MtB2KkNnZ4,True,1778617806000,Alta Intensidade,42d576864f9952c7
medium_intensity,26-05-2026 16:21:20,5,Este nível de atividade é ideal para o seu bem-estar.,MYOQ1V0DbBxoHOhswaIR,True,1779812480000,Ritmo Saudável,c7f34dc43387f858
low_intensity,24-05-2026 20:49:52,2,Um ritmo mais leve será benéfico para o seu bem-estar.,v1oy1740t5Q97KnMjzQ8,True,1779655792000,Ritmo Baixo,57e7d972b508815d
low_intensity,25-05-2026 17:10:30,2,Um ritmo mais leve será benéfico para o seu bem-estar.,A0alfHzBEUCjuWeX3civ,True,1779729030000,Ritmo Baixo,d5eb4d757b335d0e
medium_intensity,29-05-2026 08:46:34,5,Este nível de atividade é ideal para o seu bem-estar.,NlCYLVfHtknFvmbfbLyQ,True,1780044394000,Ritmo Saudável,923d0315f3ae2bb3
medium_intensity,21-05-2026 05:42:58,5,Este nível de atividade é ideal para o seu bem-estar.,VDv8yLn81VmPHt17WGp4,True,1779342178000,Ritmo Saudável,75778bdb64d1008e
high_intensity,17-05-2026 22:54:29,10,Excelente intensidade! Continue assim.,bSX9ezzDGFw2HVvhEG5Q,True,1779058469000,Alta Intensidade,bb4bb9fbcfcc16d1
low_intensity,20-05-2026 22:28:30,2,Um ritmo mais leve será benéfico para o seu bem-estar.,krKaA1YZtDwaITHbpAxW,True,1779316110000,Ritmo Baixo,ae7ec9246c4649bc
high_intensity,16-05-2026 04:22:56,10,Excelente intensidade! Continue assim.,gcYHXfiUNGzPSe4oPY3L,True,1778905376000,Alta Intensidade,057c44d337463e07
high_intensity,19-05-2026 09:18:39,10,Excelente intensidade! Continue assim.,LPpRcBeI2CliD1tYuiB5,True,1779182319000,Alta Intensidade,556be8558ce56421
low_intensity,05-05-2026 19:37:51,2,Um ritmo mais leve será benéfico para o seu bem-estar.,ac7zrLN5rwEEWFeiddZ6,True,1778009871000,Ritmo Baixo,389da1f3a7c1d8de
high_intensity,10-05-2026 02:59:52,10,Excelente intensidade! Continue assim.,9mWNvpW13xNG0DXHcW2k,True,1778381992000,Alta Intensidade,c51d4eb54f89fec8
low_intensity,29-05-2026 06:35:42,2,Um ritmo mais leve será benéfico para o seu bem-estar.,dfxuYQ34RtZmC2SlCfnf,True,1780036542000,Ritmo Baixo,3db4e6efff8b7518
high_intensity,04-05-2026 23:17:17,10,Excelente intensidade! Continue assim.,2KSAmiImm2tFCdE3nX4w,True,1777936637000,Alta Intensidade,330949523d665e3b
low_intensity,19-05-2026 18:26:16,2,Um ritmo mais leve será benéfico para o seu bem-estar.,HUGgfGbfeuKj3ghJeUoE,True,1779215176000,Ritmo Baixo,eb39e98aca20e7d3
low_intensity,17-05-2026 10:04:43,2,Um ritmo mais leve será benéfico para o seu bem-estar.,93ZdZuqHqvWbvc38Tcw1,True,1779012283000,Ritmo Baixo,3993ad7e2565b6b0
high_intensity,08-05-2026 19:22:51,10,Excelente intensidade! Continue assim.,KQlXGejC18SapVqAWDgY,True,1778268171000,Alta Intensidade,fb188f553674b4c4
medium_intensity,14-05-2026 22:31:43,5,Este nível de atividade é ideal para o seu bem-estar.,DWZXfV2fn4u2JJsw4Rw3,True,1778797903000,Ritmo Saudável,04964f8452901231
low_intensity,18-05-2026 12:50:42,2,Um ritmo mais leve será benéfico para o seu bem-estar.,g1pfScsq6ONvqTc99syE,True,1779108642000,Ritmo Baixo,131c7dd8f3ab4b35
high_intensity,14-05-2026 22:38:51,10,Excelente intensidade! Continue assim.,Cu8WeSZQTU2uhHfj6Mns,True,1778798331000,Alta Intensidade,2a339e8954684016
high_intensity,18-05-2026 22:28:22,10,Excelente intensidade! Continue assim.,Nss4ALg1Hft055cneVgW,True,1779143302000,Alta Intensidade,4c885efe7bde3ff4
medium_intensity,01-05-2026 23:11:18,5,Este nível de atividade é ideal para o seu bem-estar.,Jt7ELd2nbX6EVNgS6DCn,True,1777677078000,Ritmo Saudável,6214b1b462c04096
medium_intensity,04-05-2026 23:34:00,5,Este nível de atividade é ideal para o seu bem-estar.,5foRIt86s1f007QuXqAt,True,1777937640000,Ritmo Saudável,c837debb39dd1e68
low_intensity,19-05-2026 17:12:49,2,Um ritmo mais leve será benéfico para o seu bem-estar.,p6pixVqtATspZdOtLcVl,True,1779210769000,Ritmo Baixo,3b1338c1207d1e2e
high_intensity,10-05-2026 08:24:59,10,Excelente intensidade! Continue assim.,gxpaEBCi8ba1tPfBjQXn,True,1778401499000,Alta Intensidade,63d3511e9e857901
low_intensity,26-05-2026 00:55:21,2,Um ritmo mais leve será benéfico para o seu bem-estar.,mW85e2F2ANmakllBCwOD,True,1779756921000,Ritmo Baixo,0f98939ac68105bb
low_intensity,29-05-2026 13:35:49,2,Um ritmo mais leve será benéfico para o seu bem-estar.,L44hlcam7DUrMslnmdYe,True,1780061749000,Ritmo Baixo,3bd002cf1fcfa789
medium_intensity,11-05-2026 05:56:59,5,Este nível de atividade é ideal para o seu bem-estar.,OcRVOCdN6ORutCPuA7rr,True,1778479019000,Ritmo Saudável,9d16533a62ab9315
medium_intensity,14-05-2026 19:07:15,5,Este nível de atividade é ideal para o seu bem-estar.,m75zPE4C8xftbhXOuvWk,True,1778785635000,Ritmo Saudável,552b8d6c350cb13c
medium_intensity,20-05-2026 14:22:26,5,Este nível de atividade é ideal para o seu bem-estar.,Qnzfqn2DpytIkbJS9h6E,True,1779286946000,Ritmo Saudável,c51d4eb54f89fec8
medium_intensity,12-05-2026 03:38:22,5,Este nível de atividade é ideal para o seu bem-estar.,8UFty3JkO8rG9hT1DyGC,True,1778557102000,Ritmo Saudável,de2dde23040292bc
high_intensity,11-05-2026 07:01:57,10,Excelente intensidade! Continue assim.,k8mKgVlrMRHvMB0IPGjD,True,1778482917000,Alta Intensidade,517fc5ca69b652a5
medium_intensity,10-05-2026 16:22:30,5,Este nível de atividade é ideal para o seu bem-estar.,ZLpiiytEFPPBLFGuMMEi,True,1778430150000,Ritmo Saudável,6588d11c4a11acb1
medium_intensity,11-05-2026 15:50:02,5,Este nível de atividade é ideal para o seu bem-estar.,VGmQrNpLDb4fJZyhiTkJ,True,1778514602000,Ritmo Saudável,6f36a3307488809f
medium_intensity,12-05-2026 18:16:42,5,Este nível de atividade é ideal para o seu bem-estar.,EQZMVWqiL9QyFseNjq3Y,True,1778609802000,Ritmo Saudável,7f281c8dbac1f799
low_intensity,22-05-2026 20:51:05,2,Um ritmo mais leve será benéfico para o seu bem-estar.,zTyQfFOUkFb5kn0DeKts,True,1779483065000,Ritmo Baixo,3811390588367f0e
low_intensity,11-05-2026 01:12:28,2,Um ritmo mais leve será benéfico para o seu bem-estar.,ylPMDE7RgN15rA3VaBTA,True,1778461948000,Ritmo Baixo,153c202e3cfef4ba
medium_intensity,07-05-2026 15:00:12,5,Este nível de atividade é ideal para o seu bem-estar.,KuVEKiAH4NurwCdP02WI,True,1778166012000,Ritmo Saudável,72bd2672c948d2cb
low_intensity,13-05-2026 16:15:28,2,Um ritmo mais leve será benéfico para o seu bem-estar.,Lhv4q0DYkc4N5MRoj1XP,True,1778688928000,Ritmo Baixo,556be8558ce56421
high_intensity,11-05-2026 04:16:29,10,Excelente intensidade! Continue assim.,uDqxYNZXtbji0ZsxWNbG,True,1778472989000,Alta Intensidade,53c682ded6545e06
high_intensity,08-05-2026 04:25:06,10,Excelente intensidade! Continue assim.,3UiQysE42OCRfdcFusfL,True,1778214306000,Alta Intensidade,923d0315f3ae2bb3
high_intensity,20-05-2026 05:25:32,10,Excelente intensidade! Continue assim.,of273MjN1lLtGQaG3k1X,True,1779254732000,Alta Intensidade,bb4bb9fbcfcc16d1
medium_intensity,20-05-2026 23:32:53,5,Este nível de atividade é ideal para o seu bem-estar.,zaxBQnwwQvPQZJ8B1DHC,True,1779319973000,Ritmo Saudável,057c44d337463e07
high_intensity,05-05-2026 05:06:25,10,Excelente intensidade! Continue assim.,5680sH80x0548Q8xlMRH,True,1777957585000,Alta Intensidade,bb80f878cef35322
low_intensity,21-05-2026 15:59:16,2,Um ritmo mais leve será benéfico para o seu bem-estar.,6xYjyrcnXXlYCe2gh7Wb,True,1779379156000,Ritmo Baixo,91d55d217a2af234
low_intensity,19-05-2026 14:52:39,2,Um ritmo mais leve será benéfico para o seu bem-estar.,4llRk4i9VjtqeYqNI0Qu,True,1779202359000,Ritmo Baixo,1bd749deaf799034
low_intensity,19-05-2026 23:49:09,2,Um ritmo mais leve será benéfico para o seu bem-estar.,9E0m3sl8BbzztX07KL6L,True,1779234549000,Ritmo Baixo,ce246387dd078174
medium_intensity,09-05-2026 18:20:38,5,Este nível de atividade é ideal para o seu bem-estar.,ZWgLmaCayoVVnHCHVubB,True,1778350838000,Ritmo Saudável,8f8c45c33ff51d0e
low_intensity,17-05-2026 20:33:31,2,Um ritmo mais leve será benéfico para o seu bem-estar.,jrM7hSGaynO4pnwW0rdc,True,1779050011000,Ritmo Baixo,d4389e820d4f82fa
high_intensity,23-05-2026 15:52:51,10,Excelente intensidade! Continue assim.,fh9MteGBzNzQyqbSFiaL,True,1779551571000,Alta Intensidade,6588d11c4a11acb1
high_intensity,09-05-2026 17:06:44,10,Excelente intensidade! Continue assim.,8z4cBSgMOW9YcuCCT9Aq,True,1778346404000,Alta Intensidade,55b620d8c0ab41e0
medium_intensity,05-05-2026 06:51:46,5,Este nível de atividade é ideal para o seu bem-estar.,KIvp9kdUICzDbsWZ7XEh,True,1777963906000,Ritmo Saudável,c34c1310eab19c87
high_intensity,11-05-2026 19:20:08,10,Excelente intensidade! Continue assim.,ylZlfFP6Dlgc6gZlNv9h,True,1778527208000,Alta Intensidade,6588d11c4a11acb1
medium_intensity,27-05-2026 22:27:07,5,Este nível de atividade é ideal para o seu bem-estar.,dcAZ46pPoHjRqR8TdFAf,True,1779920827000,Ritmo Saudável,91279a646f8ea6ac
medium_intensity,04-05-2026 09:55:36,5,Este nível de atividade é ideal para o seu bem-estar.,pyuQHvMjyQwIFtSUU1s5,True,1777888536000,Ritmo Saudável,24d6a87b0598b02e
medium_intensity,22-05-2026 20:24:01,5,Este nível de atividade é ideal para o seu bem-estar.,OHGi5IZ7rblpqaqeaso3,True,1779481441000,Ritmo Saudável,7f281c8dbac1f799
medium_intensity,06-05-2026 18:27:48,5,Este nível de atividade é ideal para o seu bem-estar.,xM6iIpdHGBCqOBRorZ8t,True,1778092068000,Ritmo Saudável,7182af742e04dc6d
medium_intensity,03-05-2026 03:36:26,5,Este nível de atividade é ideal para o seu bem-estar.,qidEyqR6DtaTV4EJDiz0,True,1777779386000,Ritmo Saudável,330949523d665e3b
high_intensity,11-05-2026 05:54:05,10,Excelente intensidade! Continue assim.,PZQkBj4SKcF3tcXbqQPn,True,1778478845000,Alta Intensidade,72bd2672c948d2cb
medium_intensity,14-05-2026 02:57:10,5,Este nível de atividade é ideal para o seu bem-estar.,0q2OyuK9g0tDLaDKzylN,True,1778727430000,Ritmo Saudável,a2fd30e5fa49ad53
low_intensity,14-05-2026 11:16:41,2,Um ritmo mais leve será benéfico para o seu bem-estar.,XPV2T8wMKnRP5s6DvENJ,True,1778757401000,Ritmo Baixo,c9ab51cba10ae1e9
high_intensity,04-05-2026 23:41:09,10,Excelente intensidade! Continue assim.,F3ZeYJ4UfFEN3ecgq6rs,True,1777938069000,Alta Intensidade,3bd002cf1fcfa789
medium_intensity,22-05-2026 17:22:31,5,Este nível de atividade é ideal para o seu bem-estar.,6kk7QG9MyljW0WFtMTEa,True,1779470551000,Ritmo Saudável,75778bdb64d1008e
high_intensity,21-05-2026 15:01:21,10,Excelente intensidade! Continue assim.,8r5aqZR3CCwzzxxsYpmu,True,1779375681000,Alta Intensidade,923d0315f3ae2bb3
high_intensity,09-05-2026 06:56:10,10,Excelente intensidade! Continue assim.,2JJ1uuoHTZp1tu6my5QE,True,1778309770000,Alta Intensidade,5a7b6516c51a4d4e
high_intensity,05-05-2026 00:18:07,10,Excelente intensidade! Continue assim.,qUeKvuRDV3LWV5Mwvlal,True,1777940287000,Alta Intensidade,923d0315f3ae2bb3
medium_intensity,16-05-2026 10:21:47,5,Este nível de atividade é ideal para o seu bem-estar.,sw4ihlWL9YeLgQpF66ZR,True,1778926907000,Ritmo Saudável,bb80f878cef35322
medium_intensity,22-05-2026 19:51:12,5,Este nível de atividade é ideal para o seu bem-estar.,tk8Q3kfLzqWeSDsF3xDa,True,1779479472000,Ritmo Saudável,c837debb39dd1e68
medium_intensity,26-05-2026 05:57:56,5,Este nível de atividade é ideal para o seu bem-estar.,k7WhMiML4XFZFy5CZLNH,True,1779775076000,Ritmo Saudável,de2dde23040292bc
high_intensity,11-05-2026 15:42:45,10,Excelente intensidade! Continue assim.,46KVKWVu122GxMd3iXW4,True,1778514165000,Alta Intensidade,e84878f982129128
high_intensity,02-05-2026 11:26:36,10,Excelente intensidade! Continue assim.,QxsRF8BHjqAYP3Lzygjs,True,1777721196000,Alta Intensidade,72bd2672c948d2cb
medium_intensity,25-05-2026 18:30:51,5,Este nível de atividade é ideal para o seu bem-estar.,OndXmg71i5WziX4Gtj98,True,1779733851000,Ritmo Saudável,daf96d2280390dec
low_intensity,01-05-2026 20:54:35,2,Um ritmo mais leve será benéfico para o seu bem-estar.,THybNAnloYwZeVpwRYrk,True,1777668875000,Ritmo Baixo,1bd749deaf799034
medium_intensity,30-05-2026 03:51:20,5,Este nível de atividade é ideal para o seu bem-estar.,rldYRM4ivnw5pQn7mdLg,True,1780113080000,Ritmo Saudável,923d0315f3ae2bb3
high_intensity,14-05-2026 14:04:21,10,Excelente intensidade! Continue assim.,eBGqxZUATTwuCkb2mSFw,True,1778767461000,Alta Intensidade,e9da39984fb29dc6
high_intensity,04-05-2026 18:40:02,10,Excelente intensidade! Continue assim.,G9lFK6rGkbumOvn3fjgc,True,1777920002000,Alta Intensidade,3993ad7e2565b6b0
low_intensity,22-05-2026 22:17:30,2,Um ritmo mais leve será benéfico para o seu bem-estar.,qOlirhMtfqC0bvHMIecR,True,1779488250000,Ritmo Baixo,57e7d972b508815d
medium_intensity,09-05-2026 09:37:23,5,Este nível de atividade é ideal para o seu bem-estar.,qo6QLcNlAyjDYoM59ofI,True,1778319443000,Ritmo Saudável,c51d4eb54f89fec8
low_intensity,11-05-2026 15:36:20,2,Um ritmo mais leve será benéfico para o seu bem-estar.,6WXhr511t0AXhuDG6jJE,True,1778513780000,Ritmo Baixo,f7af4712fd6b9108
high_intensity,11-05-2026 21:46:36,10,Excelente intensidade! Continue assim.,k3HlYIf4qX1qd88nIk5y,True,1778535996000,Alta Intensidade,34cbefbc28798720
medium_intensity,13-05-2026 23:21:10,5,Este nível de atividade é ideal para o seu bem-estar.,OsbJARpTwSRFIKM3GwjL,True,1778714470000,Ritmo Saudável,923d0315f3ae2bb3
high_intensity,29-05-2026 15:09:55,10,Excelente intensidade! Continue assim.,3hC0zFAGUlnLYN5YtwNL,True,1780067395000,Alta Intensidade,cb207a93391638cb
low_intensity,11-05-2026 00:53:40,2,Um ritmo mais leve será benéfico para o seu bem-estar.,SlZlqDVJUXJA5qmfvwWf,True,1778460820000,Ritmo Baixo,b8e78b83a62a0cb7
low_intensity,09-05-2026 02:36:11,2,Um ritmo mais leve será benéfico para o seu bem-estar.,2tGM9xAOxEi2UNmtt9Xt,True,1778294171000,Ritmo Baixo,d0825fdf3da3660c
medium_intensity,15-05-2026 09:13:01,5,Este nível de atividade é ideal para o seu bem-estar.,FKtj9WPqEEhKAinbdSXk,True,1778836381000,Ritmo Saudável,c6a2d85265d19a41
medium_intensity,10-05-2026 20:02:08,5,Este nível de atividade é ideal para o seu bem-estar.,t7M9egK1DcGBKrNUKGZf,True,1778443328000,Ritmo Saudável,c34c1310eab19c87
medium_intensity,29-05-2026 11:37:58,5,Este nível de atividade é ideal para o seu bem-estar.,faH0IHOHX6ecGV1euuqw,True,1780054678000,Ritmo Saudável,7e8fb26408446272
low_intensity,30-05-2026 22:28:19,2,Um ritmo mais leve será benéfico para o seu bem-estar.,iEwfWxcVR4uOfZ6Mtcb6,True,1780180099000,Ritmo Baixo,95744df47936b8c4
medium_intensity,03-05-2026 19:26:54,5,Este nível de atividade é ideal para o seu bem-estar.,RXH9vcPPcX6KfMX4C4C9,True,1777836414000,Ritmo Saudável,517fc5ca69b652a5
low_intensity,21-05-2026 19:39:46,2,Um ritmo mais leve será benéfico para o seu bem-estar.,b519Awy6Ajt6qCW1EQRt,True,1779392386000,Ritmo Baixo,1b1cc9cee9f27003
medium_intensity,27-05-2026 16:53:26,5,Este nível de atividade é ideal para o seu bem-estar.,GugSbCC9bpqITxVAGu9M,True,1779900806000,Ritmo Saudável,a2fd30e5fa49ad53
medium_intensity,20-05-2026 10:26:39,5,Este nível de atividade é ideal para o seu bem-estar.,ZsNpEM2ZXRdL1Bc54EMY,True,1779272799000,Ritmo Saudável,17b4966e9be4d8d8
high_intensity,10-05-2026 23:09:15,10,Excelente intensidade! Continue assim.,tTHpcAwVkOdAZwl6E78q,True,1778454555000,Alta Intensidade,95744df47936b8c4
low_intensity,18-05-2026 12:30:34,2,Um ritmo mais leve será benéfico para o seu bem-estar.,0FBaCg0KOlbIexcdBNXT,True,1779107434000,Ritmo Baixo,91d55d217a2af234
low_intensity,26-05-2026 12:24:32,2,Um ritmo mais leve será benéfico para o seu bem-estar.,nI4GBAXvdxpAjq9iGcwu,True,1779798272000,Ritmo Baixo,6214b1b462c04096
low_intensity,08-05-2026 15:07:04,2,Um ritmo mais leve será benéfico para o seu bem-estar.,cStBR5ysoxcHQRafYp4w,True,1778252824000,Ritmo Baixo,1b38ab967d98cc4e
medium_intensity,18-05-2026 02:28:18,5,Este nível de atividade é ideal para o seu bem-estar.,VO4QXsDFEBriQKUsjJtC,True,1779071298000,Ritmo Saudável,3811390588367f0e
low_intensity,30-05-2026 01:20:39,2,Um ritmo mais leve será benéfico para o seu bem-estar.,FPzSofywbZDh2q8WmUSv,True,1780104039000,Ritmo Baixo,c85cdb0ef48d09c8
medium_intensity,07-05-2026 05:03:43,5,Este nível de atividade é ideal para o seu bem-estar.,TLwzax5ZbIGYS6fNwfV8,True,1778130223000,Ritmo Saudável,9d16533a62ab9315
high_intensity,23-05-2026 15:46:37,10,Excelente intensidade! Continue assim.,rPS5vzhfpa0MlGHWzGRi,True,1779551197000,Alta Intensidade,cb4c1290e91970dd
medium_intensity,12-05-2026 20:52:28,5,Este nível de atividade é ideal para o seu bem-estar.,8AvptQ15zlINghXjBcgq,True,1778619148000,Ritmo Saudável,e8c9832b5c388bb5
low_intensity,08-05-2026 17:46:35,2,Um ritmo mais leve será benéfico para o seu bem-estar.,Eac3ACjaysRyiHjqkLc1,True,1778262395000,Ritmo Baixo,ae7ec9246c4649bc
medium_intensity,07-05-2026 15:42:59,5,Este nível de atividade é ideal para o seu bem-estar.,oq7WkQL1qFejjV3JMQ3v,True,1778168579000,Ritmo Saudável,39a54d73a921b9f6
high_intensity,07-05-2026 01:04:53,10,Excelente intensidade! Continue assim.,A0pQpTQ0cDTm3vtfJmVp,True,1778115893000,Alta Intensidade,ae7ec9246c4649bc
high_intensity,21-05-2026 04:43:49,10,Excelente intensidade! Continue assim.,TaAQkZKYSyxy7GY0I4tX,True,1779338629000,Alta Intensidade,da211edc7bac01a0
low_intensity,30-05-2026 13:48:19,2,Um ritmo mais leve será benéfico para o seu bem-estar.,STiBS24ew8AAixQKeQBo,True,1780148899000,Ritmo Baixo,19a558ecc36977ce
low_intensity,28-05-2026 12:56:23,2,Um ritmo mais leve será benéfico para o seu bem-estar.,zEc1bakoA8gPXSerNHwt,True,1779972983000,Ritmo Baixo,7f281c8dbac1f799
low_intensity,14-05-2026 00:27:24,2,Um ritmo mais leve será benéfico para o seu bem-estar.,EJj4Q59YzjFuGPbttY5D,True,1778718444000,Ritmo Baixo,06bf6a628379e030
low_intensity,20-05-2026 07:13:33,2,Um ritmo mais leve será benéfico para o seu bem-estar.,CZzKlANmnblxILfMWgb9,True,1779261213000,Ritmo Baixo,42d576864f9952c7
medium_intensity,30-05-2026 16:03:27,5,Este nível de atividade é ideal para o seu bem-estar.,sDU4MOtDu6rqRMNc4zGa,True,1780157007000,Ritmo Saudável,487b076a69a53671
low_intensity,04-05-2026 09:52:55,2,Um ritmo mais leve será benéfico para o seu bem-estar.,qSaR3tmCsTWKBUqUwpEB,True,1777888375000,Ritmo Baixo,b8e78b83a62a0cb7
high_intensity,14-05-2026 08:32:49,10,Excelente intensidade! Continue assim.,w1omcEFoRPaz8SB7tSx1,True,1778747569000,Alta Intensidade,556be8558ce56421
low_intensity,04-05-2026 11:49:11,2,Um ritmo mais leve será benéfico para o seu bem-estar.,9pJ7DMa6jeKHxHSASfuI,True,1777895351000,Ritmo Baixo,75778bdb64d1008e
medium_intensity,10-05-2026 00:11:19,5,Este nível de atividade é ideal para o seu bem-estar.,WHbl1TGWrXq8ofKlMknc,True,1778371879000,Ritmo Saudável,517fc5ca69b652a5
high_intensity,24-05-2026 20:13:35,10,Excelente intensidade! Continue assim.,3zXxxWCQyXxNgIeOYDLj,True,1779653615000,Alta Intensidade,82a83fc853728306
high_intensity,29-05-2026 23:28:29,10,Excelente intensidade! Continue assim.,t0PfvahyToUzvViU4jPk,True,1780097309000,Alta Intensidade,057c44d337463e07
low_intensity,29-05-2026 00:50:08,2,Um ritmo mais leve será benéfico para o seu bem-estar.,Xg4ghwgax4DlOkplSLd1,True,1780015808000,Ritmo Baixo,5a7b6516c51a4d4e
high_intensity,11-05-2026 21:44:51,10,Excelente intensidade! Continue assim.,YciMxkmSqm9rWGcXXfSm,True,1778535891000,Alta Intensidade,3811390588367f0e
medium_intensity,04-05-2026 08:05:55,5,Este nível de atividade é ideal para o seu bem-estar.,YpoGGdm2hgy35d4tukAs,True,1777881955000,Ritmo Saudável,057c44d337463e07
medium_intensity,08-05-2026 00:06:43,5,Este nível de atividade é ideal para o seu bem-estar.,cF6S3gn6El6UEO4mEHxy,True,1778198803000,Ritmo Saudável,6214b1b462c04096
low_intensity,10-05-2026 23:23:25,2,Um ritmo mais leve será benéfico para o seu bem-estar.,mdrzV0KukylPNDEiaVGg,True,1778455405000,Ritmo Baixo,c9ab51cba10ae1e9
medium_intensity,03-05-2026 03:51:31,5,Este nível de atividade é ideal para o seu bem-estar.,lVWjHB15lgRZBKFMcRRu,True,1777780291000,Ritmo Saudável,e84878f982129128
high_intensity,19-05-2026 05:18:25,10,Excelente intensidade! Continue assim.,qqlzWJBXAqi7RuINuvnS,True,1779167905000,Alta Intensidade,b30b0b43692b035b
high_intensity,21-05-2026 20:42:15,10,Excelente intensidade! Continue assim.,dw0gsf4xy40HASDUUVQx,True,1779396135000,Alta Intensidade,82a83fc853728306
low_intensity,14-05-2026 02:05:24,2,Um ritmo mais leve será benéfico para o seu bem-estar.,mJz8HQwPuqeyrFkHBVEi,True,1778724324000,Ritmo Baixo,430f674c6dfe941a
high_intensity,04-05-2026 05:54:12,10,Excelente intensidade! Continue assim.,ADyBQ23dqIDlYgf91z8S,True,1777874052000,Alta Intensidade,55b620d8c0ab41e0
medium_intensity,19-05-2026 17:27:16,5,Este nível de atividade é ideal para o seu bem-estar.,U5npSqV0FDhMlMMzIPrt,True,1779211636000,Ritmo Saudável,c51d4eb54f89fec8
medium_intensity,17-05-2026 00:01:02,5,Este nível de atividade é ideal para o seu bem-estar.,sLWc79mHifZ1wNvJ1raN,True,1778976062000,Ritmo Saudável,55b620d8c0ab41e0
low_intensity,08-05-2026 13:51:43,2,Um ritmo mais leve será benéfico para o seu bem-estar.,JBoBmXSDrycL9hMxduHr,True,1778248303000,Ritmo Baixo,1b1cc9cee9f27003
high_intensity,28-05-2026 06:12:18,10,Excelente intensidade! Continue assim.,4Lf5AjLbn2OHQsuvdMS1,True,1779948738000,Alta Intensidade,517fc5ca69b652a5
medium_intensity,10-05-2026 18:23:09,5,Este nível de atividade é ideal para o seu bem-estar.,ee7IkJmS42ttVAhZzGTf,True,1778437389000,Ritmo Saudável,8e7f2987241c2818
low_intensity,28-05-2026 19:58:32,2,Um ritmo mais leve será benéfico para o seu bem-estar.,L75ZHfQi8vZ7KMH9Cj0f,True,1779998312000,Ritmo Baixo,e8c9832b5c388bb5
medium_intensity,20-05-2026 19:42:40,5,Este nível de atividade é ideal para o seu bem-estar.,taqVkVpGm9DwIqtze0G5,True,1779306160000,Ritmo Saudável,de2dde23040292bc
medium_intensity,04-05-2026 04:53:15,5,Este nível de atividade é ideal para o seu bem-estar.,IEM7Vbl2M41NgIaocoX8,True,1777870395000,Ritmo Saudável,3cc68b8049eb8d4c
high_intensity,12-05-2026 16:35:06,10,Excelente intensidade! Continue assim.,8a47CwwXfMrISqHAybzZ,True,1778603706000,Alta Intensidade,3bd002cf1fcfa789
medium_intensity,01-05-2026 21:08:51,5,Este nível de atividade é ideal para o seu bem-estar.,g2kUYGJ9xnMA7f7BhAlW,True,1777669731000,Ritmo Saudável,d5eb4d757b335d0e
high_intensity,02-05-2026 18:03:38,10,Excelente intensidade! Continue assim.,NmlZWKCrw9WBeoSbLsHM,True,1777745018000,Alta Intensidade,bb80f878cef35322
medium_intensity,10-05-2026 08:13:01,5,Este nível de atividade é ideal para o seu bem-estar.,wm2GHAFE9g8wmxaJ8xjg,True,1778400781000,Ritmo Saudável,bbbe498ee44f6349
low_intensity,29-05-2026 05:58:04,2,Um ritmo mais leve será benéfico para o seu bem-estar.,kqbtXcyVpvKiPYQT1Brp,True,1780034284000,Ritmo Baixo,fb188f553674b4c4
medium_intensity,24-05-2026 22:50:33,5,Este nível de atividade é ideal para o seu bem-estar.,c4deLR2jbYe4xwo8ryPW,True,1779663033000,Ritmo Saudável,c6a2d85265d19a41
medium_intensity,05-05-2026 01:55:32,5,Este nível de atividade é ideal para o seu bem-estar.,8ozgHyifDhFzOlRALhoR,True,1777946132000,Ritmo Saudável,eb39e98aca20e7d3
low_intensity,10-05-2026 01:41:33,2,Um ritmo mais leve será benéfico para o seu bem-estar.,EqZqjaEj7GoxlmjobHMS,True,1778377293000,Ritmo Baixo,514af2be7dc985d8
medium_intensity,03-05-2026 22:35:08,5,Este nível de atividade é ideal para o seu bem-estar.,WsTZrkMOJTa0dpVkWPMA,True,1777847708000,Ritmo Saudável,8f8c45c33ff51d0e
low_intensity,11-05-2026 16:45:41,2,Um ritmo mais leve será benéfico para o seu bem-estar.,E0Ov7tuPhH5k2tNHBoKn,True,1778517941000,Ritmo Baixo,39a54d73a921b9f6
high_intensity,11-05-2026 02:56:36,10,Excelente intensidade! Continue assim.,ztRTv6RaGKIsIsoqlG4E,True,1778468196000,Alta Intensidade,8f8c45c33ff51d0e
low_intensity,04-05-2026 03:10:55,2,Um ritmo mais leve será benéfico para o seu bem-estar.,PuxDQ7eXuw45sP4kQgrp,True,1777864255000,Ritmo Baixo,c837debb39dd1e68
low_intensity,25-05-2026 01:32:25,2,Um ritmo mais leve será benéfico para o seu bem-estar.,l7mSFERxlUsF79vWMjxe,True,1779672745000,Ritmo Baixo,f7af4712fd6b9108
low_intensity,09-05-2026 21:34:13,2,Um ritmo mais leve será benéfico para o seu bem-estar.,RNCBDi1G9BjgN3HwwRTz,True,1778362453000,Ritmo Baixo,556be8558ce56421
low_intensity,05-05-2026 02:35:21,2,Um ritmo mais leve será benéfico para o seu bem-estar.,nyRXcx1UN8ipnQTfJUHM,True,1777948521000,Ritmo Baixo,3993ad7e2565b6b0
low_intensity,20-05-2026 20:38:47,2,Um ritmo mais leve será benéfico para o seu bem-estar.,O9nJmBsaJjDb7Mos4g3L,True,1779309527000,Ritmo Baixo,d57d393b16ba030e
low_intensity,28-05-2026 03:06:45,2,Um ritmo mais leve será benéfico para o seu bem-estar.,JYf4F0n5KRmefPCtYVY3,True,1779937605000,Ritmo Baixo,cbf338d836298cb7
medium_intensity,22-05-2026 07:45:52,5,Este nível de atividade é ideal para o seu bem-estar.,Si6dkGW8uDJluRFruD72,True,1779435952000,Ritmo Saudável,131c7dd8f3ab4b35
low_intensity,25-05-2026 05:36:21,2,Um ritmo mais leve será benéfico para o seu bem-estar.,XfjwhaRunWqwnYNE0xwW,True,1779687381000,Ritmo Baixo,bc74204126e384ca
high_intensity,27-05-2026 04:04:34,10,Excelente intensidade! Continue assim.,snuvj9XyABVBCsg5Slfs,True,1779854674000,Alta Intensidade,3c58290022ed11b1
medium_intensity,26-05-2026 16:17:19,5,Este nível de atividade é ideal para o seu bem-estar.,QwlZgDvhj0mE3oPMdN6Q,True,1779812239000,Ritmo Saudável,c6a2d85265d19a41
low_intensity,04-05-2026 04:11:21,2,Um ritmo mais leve será benéfico para o seu bem-estar.,5h2Zzs9ckpjE5AebC8EJ,True,1777867881000,Ritmo Baixo,34cbefbc28798720
low_intensity,18-05-2026 01:38:47,2,Um ritmo mais leve será benéfico para o seu bem-estar.,0Ul3skUCniEwfPC324m1,True,1779068327000,Ritmo Baixo,e7eb35b501d57e1f
low_intensity,05-05-2026 08:05:16,2,Um ritmo mais leve será benéfico para o seu bem-estar.,sB5SYiZXQKkYha3eWdke,True,1777968316000,Ritmo Baixo,2618243a251bd83f
low_intensity,30-05-2026 12:03:00,2,Um ritmo mais leve será benéfico para o seu bem-estar.,xZMLJgjCG249EgHM3twR,True,1780142580000,Ritmo Baixo,514af2be7dc985d8
medium_intensity,12-05-2026 09:40:04,5,Este nível de atividade é ideal para o seu bem-estar.,yLaZKr0ywE0Mw6OB44l6,True,1778578804000,Ritmo Saudável,b572bc65fae8bec1
high_intensity,23-05-2026 11:14:50,10,Excelente intensidade! Continue assim.,hYcV51mts0Rh5mrhndRv,True,1779534890000,Alta Intensidade,72bd2672c948d2cb
low_intensity,27-05-2026 21:01:52,2,Um ritmo mais leve será benéfico para o seu bem-estar.,z5UOcZYHxnsRoCwtBdea,True,1779915712000,Ritmo Baixo,bb4bb9fbcfcc16d1
medium_intensity,05-05-2026 23:05:09,5,Este nível de atividade é ideal para o seu bem-estar.,U6JrJGeaJwx5f3vVLUlt,True,1778022309000,Ritmo Saudável,c6a2d85265d19a41
high_intensity,19-05-2026 21:19:15,10,Excelente intensidade! Continue assim.,bWJPztQGLDlw2Hm6qE4x,True,1779225555000,Alta Intensidade,c837debb39dd1e68
low_intensity,25-05-2026 19:32:19,2,Um ritmo mais leve será benéfico para o seu bem-estar.,yMZKJ0yy2ABO4amcQPzo,True,1779737539000,Ritmo Baixo,2618243a251bd83f
high_intensity,30-05-2026 11:09:15,10,Excelente intensidade! Continue assim.,6KcA13MpRQQM0jKIkSU3,True,1780139355000,Alta Intensidade,1b1cc9cee9f27003
high_intensity,18-05-2026 12:00:14,10,Excelente intensidade! Continue assim.,xnZ2CGHeuWMJXeOKItQ2,True,1779105614000,Alta Intensidade,9d789fd91804129f
low_intensity,19-05-2026 17:46:01,2,Um ritmo mais leve será benéfico para o seu bem-estar.,vEsZ5mEKFtdMEgmAEIYU,True,1779212761000,Ritmo Baixo,9d16533a62ab9315
medium_intensity,21-05-2026 02:48:07,5,Este nível de atividade é ideal para o seu bem-estar.,b6iiZmSN8BJHuiNklWcr,True,1779331687000,Ritmo Saudável,04964f8452901231
low_intensity,21-05-2026 03:09:51,2,Um ritmo mais leve será benéfico para o seu bem-estar.,PwlMeFVKnCtRTMUo1yqK,True,1779332991000,Ritmo Baixo,3993ad7e2565b6b0
high_intensity,24-05-2026 17:26:47,10,Excelente intensidade! Continue assim.,fOkckcWJGYYBHCIMujQo,True,1779643607000,Alta Intensidade,330949523d665e3b
high_intensity,29-05-2026 17:02:27,10,Excelente intensidade! Continue assim.,DdC5kmVNeCLl93lwagy4,True,1780074147000,Alta Intensidade,389da1f3a7c1d8de
medium_intensity,30-05-2026 02:55:39,5,Este nível de atividade é ideal para o seu bem-estar.,l5dyno2BhMKWlzpE61cE,True,1780109739000,Ritmo Saudável,e9da39984fb29dc6
low_intensity,17-05-2026 19:37:18,2,Um ritmo mais leve será benéfico para o seu bem-estar.,T5BLbd4UeSMYAQr8ZbTY,True,1779046638000,Ritmo Baixo,57e17fffc619e182
medium_intensity,22-05-2026 00:02:38,5,Este nível de atividade é ideal para o seu bem-estar.,1MT314Hq08JJywQev7sH,True,1779408158000,Ritmo Saudável,d5eb4d757b335d0e
high_intensity,14-05-2026 10:51:48,10,Excelente intensidade! Continue assim.,FAswgmxH7UhA6HEYWTrZ,True,1778755908000,Alta Intensidade,5311a0642c2564ad
medium_intensity,21-05-2026 14:19:43,5,Este nível de atividade é ideal para o seu bem-estar.,peh6SXbp110V7oCHFwM9,True,1779373183000,Ritmo Saudável,d0825fdf3da3660c
high_intensity,30-05-2026 16:27:29,10,Excelente intensidade! Continue assim.,AribabINrOPnAhm93E15,True,1780158449000,Alta Intensidade,daf96d2280390dec
high_intensity,17-05-2026 07:31:17,10,Excelente intensidade! Continue assim.,owvXkiRDGc0YHgPuqUpx,True,1779003077000,Alta Intensidade,d5eb4d757b335d0e
medium_intensity,06-05-2026 15:43:34,5,Este nível de atividade é ideal para o seu bem-estar.,dAMNqdGjo7GhmY1RZNI4,True,1778082214000,Ritmo Saudável,06961ead71f8b1d8
medium_intensity,14-05-2026 21:32:56,5,Este nível de atividade é ideal para o seu bem-estar.,13MvfGT3zjIRBSHNTw0E,True,1778794376000,Ritmo Saudável,ec75a53f04901eec
high_intensity,08-05-2026 05:16:58,10,Excelente intensidade! Continue assim.,RM5MPosDZPfIJIIco311,True,1778217418000,Alta Intensidade,17b4966e9be4d8d8
low_intensity,26-05-2026 19:42:51,2,Um ritmo mais leve será benéfico para o seu bem-estar.,0yeX0BVRXfuBtuhzpPnx,True,1779824571000,Ritmo Baixo,2618243a251bd83f
low_intensity,16-05-2026 14:15:52,2,Um ritmo mais leve será benéfico para o seu bem-estar.,HAB5Cfxquc3EGsFfaHDo,True,1778940952000,Ritmo Baixo,c31244cee16e0c77
high_intensity,06-05-2026 16:21:46,10,Excelente intensidade! Continue assim.,Dem1LqKEN0HXjwyiQOM1,True,1778084506000,Alta Intensidade,fb188f553674b4c4
high_intensity,09-05-2026 00:48:18,10,Excelente intensidade! Continue assim.,U3bGqPm7zBB8WhsDXynR,True,1778287698000,Alta Intensidade,8e7f2987241c2818
medium_intensity,29-05-2026 16:31:06,5,Este nível de atividade é ideal para o seu bem-estar.,0VDzAWAcXGx69cN6auob,True,1780072266000,Ritmo Saudável,64a94f9052422a0c
medium_intensity,07-05-2026 13:32:18,5,Este nível de atividade é ideal para o seu bem-estar.,fYRH8b2iO5xANjX5ocKP,True,1778160738000,Ritmo Saudável,5e1de20fecf98844
medium_intensity,20-05-2026 17:35:13,5,Este nível de atividade é ideal para o seu bem-estar.,NHtwGn1ZbZ1u3npOm9dS,True,1779298513000,Ritmo Saudável,517fc5ca69b652a5
low_intensity,18-05-2026 09:29:42,2,Um ritmo mais leve será benéfico para o seu bem-estar.,wbxqQcIs2tNhqwmfkfSZ,True,1779096582000,Ritmo Baixo,0f98939ac68105bb
high_intensity,15-05-2026 04:09:56,10,Excelente intensidade! Continue assim.,SlTrsbYQ8c2jyeJva3oV,True,1778818196000,Alta Intensidade,0e52f2934d8ce165
medium_intensity,12-05-2026 17:56:10,5,Este nível de atividade é ideal para o seu bem-estar.,w8snkBBTIlBGedmvHzcK,True,1778608570000,Ritmo Saudável,3993ad7e2565b6b0
high_intensity,10-05-2026 07:21:02,10,Excelente intensidade! Continue assim.,zNwVey4J1W4cOsscQ0ye,True,1778397662000,Alta Intensidade,2b95dd3cf28e7c18
medium_intensity,29-05-2026 13:53:07,5,Este nível de atividade é ideal para o seu bem-estar.,S1JilzBrNuzVEkg5yVTN,True,1780062787000,Ritmo Saudável,c9ab51cba10ae1e9
high_intensity,14-05-2026 05:46:19,10,Excelente intensidade! Continue assim.,a5BOOJAqHrEQ8Kedc70m,True,1778737579000,Alta Intensidade,b30b0b43692b035b
high_intensity,06-05-2026 05:50:56,10,Excelente intensidade! Continue assim.,6g2fx9IBTyuMLI5ryHXu,True,1778046656000,Alta Intensidade,24d6a87b0598b02e
high_intensity,26-05-2026 03:11:49,10,Excelente intensidade! Continue assim.,tk33uYnQjtQG7BhilYPa,True,1779765109000,Alta Intensidade,e9da39984fb29dc6
high_intensity,06-05-2026 15:08:08,10,Excelente intensidade! Continue assim.,gPgopVmhLEbd5PaVWYf9,True,1778080088000,Alta Intensidade,330949523d665e3b
medium_intensity,08-05-2026 10:09:44,5,Este nível de atividade é ideal para o seu bem-estar.,CAI1swFt7S3cxCcTkWk3,True,1778234984000,Ritmo Saudável,923d0315f3ae2bb3
medium_intensity,13-05-2026 22:51:45,5,Este nível de atividade é ideal para o seu bem-estar.,ECfADL4VhIUUwb65725t,True,1778712705000,Ritmo Saudável,13db178cd9a1e37a
high_intensity,06-05-2026 04:49:04,10,Excelente intensidade! Continue assim.,Z3ZCDh8w6Q20cPciKW1M,True,1778042944000,Alta Intensidade,55b620d8c0ab41e0
high_intensity,05-05-2026 02:16:27,10,Excelente intensidade! Continue assim.,yboxEl7qJuyUIG7ARqXB,True,1777947387000,Alta Intensidade,b30b0b43692b035b
low_intensity,12-05-2026 21:58:05,2,Um ritmo mais leve será benéfico para o seu bem-estar.,9AKsFjvabT6c4kHRPUVL,True,1778623085000,Ritmo Baixo,514af2be7dc985d8
medium_intensity,15-05-2026 00:04:26,5,Este nível de atividade é ideal para o seu bem-estar.,VryOQnufQAuf0n5AvHJE,True,1778803466000,Ritmo Saudável,72ba4e2f87adceb5
medium_intensity,20-05-2026 13:11:56,5,Este nível de atividade é ideal para o seu bem-estar.,VFcsWwsIhgqdqrih1aXl,True,1779282716000,Ritmo Saudável,bb80f878cef35322
low_intensity,19-05-2026 06:23:07,2,Um ritmo mais leve será benéfico para o seu bem-estar.,uQUMHDr9xeRCbrt62Hsr,True,1779171787000,Ritmo Baixo,7e8fb26408446272
high_intensity,18-05-2026 08:35:36,10,Excelente intensidade! Continue assim.,u5RqMibNpVWfylWfM3kR,True,1779093336000,Alta Intensidade,389da1f3a7c1d8de
medium_intensity,10-05-2026 01:09:04,5,Este nível de atividade é ideal para o seu bem-estar.,mRojp852Zwm5IPOgCdFT,True,1778375344000,Ritmo Saudável,42d576864f9952c7
medium_intensity,16-05-2026 14:48:12,5,Este nível de atividade é ideal para o seu bem-estar.,u8gvxMRd6aqdIOHagY2u,True,1778942892000,Ritmo Saudável,102edb38b5ec347f
high_intensity,10-05-2026 22:36:10,10,Excelente intensidade! Continue assim.,RMAe80G015p4ors6YKWe,True,1778452570000,Alta Intensidade,5e1de20fecf98844
medium_intensity,26-05-2026 07:30:44,5,Este nível de atividade é ideal para o seu bem-estar.,W1jHGSTDkW0OywBFoiMr,True,1779780644000,Ritmo Saudável,cbf338d836298cb7
high_intensity,26-05-2026 02:52:23,10,Excelente intensidade! Continue assim.,EpjN9WhwwJO0sM2hD9IK,True,1779763943000,Alta Intensidade,514af2be7dc985d8
high_intensity,02-05-2026 03:23:27,10,Excelente intensidade! Continue assim.,qkkcdJWbJcDTe3qkTwrC,True,1777692207000,Alta Intensidade,c837debb39dd1e68
high_intensity,24-05-2026 20:02:59,10,Excelente intensidade! Continue assim.,43omUtV1KPJId7493BBg,True,1779652979000,Alta Intensidade,55b620d8c0ab41e0
high_intensity,27-05-2026 17:52:26,10,Excelente intensidade! Continue assim.,F33kgiY2IAdGa9emdPEv,True,1779904346000,Alta Intensidade,5a7b6516c51a4d4e
high_intensity,16-05-2026 23:40:31,10,Excelente intensidade! Continue assim.,nE7cHqN12DuRBZp1d8DU,True,1778974831000,Alta Intensidade,a8c47673d6a4f85c
medium_intensity,13-05-2026 13:51:10,5,Este nível de atividade é ideal para o seu bem-estar.,RVovKmv6ze1qsVCN99VR,True,1778680270000,Ritmo Saudável,d5eb4d757b335d0e
high_intensity,24-05-2026 02:39:14,10,Excelente intensidade! Continue assim.,gagEkNvL2l805HQDqa3Y,True,1779590354000,Alta Intensidade,24d6a87b0598b02e
high_intensity,03-05-2026 21:47:41,10,Excelente intensidade! Continue assim.,E6FkB1LMFGTfqUK5OpVT,True,1777844861000,Alta Intensidade,d4389e820d4f82fa
low_intensity,01-05-2026 00:05:02,2,Um ritmo mais leve será benéfico para o seu bem-estar.,esRl8oXZatgKbwFxTbSx,True,1777593902000,Ritmo Baixo,556be8558ce56421
low_intensity,23-05-2026 08:52:32,2,Um ritmo mais leve será benéfico para o seu bem-estar.,6LJd2LGGYspAVR9O3ygM,True,1779526352000,Ritmo Baixo,ec75a53f04901eec
low_intensity,26-05-2026 06:45:54,2,Um ritmo mais leve será benéfico para o seu bem-estar.,AnXkXIWewNQZzWajEtEl,True,1779777954000,Ritmo Baixo,552b8d6c350cb13c
high_intensity,19-05-2026 16:16:12,10,Excelente intensidade! Continue assim.,4R7b9p1UnPJh0BSQNoN9,True,1779207372000,Alta Intensidade,3bd002cf1fcfa789
high_intensity,26-05-2026 02:59:56,10,Excelente intensidade! Continue assim.,JP3jc4opcHjiqqB3Y0sZ,True,1779764396000,Alta Intensidade,8dc02e5c153f83a3
high_intensity,15-05-2026 21:07:24,10,Excelente intensidade! Continue assim.,bZKwagHSw5SpNa3fqG4v,True,1778879244000,Alta Intensidade,3993ad7e2565b6b0
medium_intensity,02-05-2026 14:47:25,5,Este nível de atividade é ideal para o seu bem-estar.,nUjXDaawXJLLfk1FcoWk,True,1777733245000,Ritmo Saudável,c85cdb0ef48d09c8
high_intensity,11-05-2026 23:21:39,10,Excelente intensidade! Continue assim.,2FQeAlS5yNeunyg6KDhK,True,1778541699000,Alta Intensidade,514af2be7dc985d8
high_intensity,14-05-2026 14:35:21,10,Excelente intensidade! Continue assim.,HXlaLz6v7Y9FZJgIvYYk,True,1778769321000,Alta Intensidade,153c202e3cfef4ba
medium_intensity,21-05-2026 15:38:02,5,Este nível de atividade é ideal para o seu bem-estar.,74bzAwJ9Xf1v9S9Km29C,True,1779377882000,Ritmo Saudável,ae7ec9246c4649bc
low_intensity,01-05-2026 15:56:36,2,Um ritmo mais leve será benéfico para o seu bem-estar.,hQU40qkFxGyU7pCfk25w,True,1777650996000,Ritmo Baixo,3b1338c1207d1e2e
low_intensity,13-05-2026 08:00:50,2,Um ritmo mais leve será benéfico para o seu bem-estar.,s4NYUxbuJed6Ohsa5crO,True,1778659250000,Ritmo Baixo,91279a646f8ea6ac
medium_intensity,06-05-2026 04:48:45,5,Este nível de atividade é ideal para o seu bem-estar.,TpQFyDXQr9lp5Hbq55JM,True,1778042925000,Ritmo Saudável,57e7d972b508815d
low_intensity,04-05-2026 12:19:04,2,Um ritmo mais leve será benéfico para o seu bem-estar.,Ay6NT2UB5v1kFQ5zTisu,True,1777897144000,Ritmo Baixo,7182af742e04dc6d
low_intensity,05-05-2026 19:04:38,2,Um ritmo mais leve será benéfico para o seu bem-estar.,LZJfevJNLDTm9ZV44d4P,True,1778007878000,Ritmo Baixo,6f36a3307488809f
medium_intensity,17-05-2026 11:54:52,5,Este nível de atividade é ideal para o seu bem-estar.,beKye6YIoWQa1Thi6lXy,True,1779018892000,Ritmo Saudável,bb80f878cef35322
medium_intensity,15-05-2026 03:52:30,5,Este nível de atividade é ideal para o seu bem-estar.,wfuGJAERZicxAsduXPid,True,1778817150000,Ritmo Saudável,574582321d04df00
high_intensity,05-05-2026 07:09:43,10,Excelente intensidade! Continue assim.,Ml8OrcrFeMm4YVbJdGOc,True,1777964983000,Alta Intensidade,d5eb4d757b335d0e
high_intensity,08-05-2026 12:15:49,10,Excelente intensidade! Continue assim.,TaQ63CVofWetgFZBwX2A,True,1778242549000,Alta Intensidade,a8c47673d6a4f85c
high_intensity,11-05-2026 06:09:31,10,Excelente intensidade! Continue assim.,inMq64tQ5289BgoM9Pu9,True,1778479771000,Alta Intensidade,d57d393b16ba030e
high_intensity,07-05-2026 04:35:56,10,Excelente intensidade! Continue assim.,LFwx6vYpvy3zCVhhji9E,True,1778128556000,Alta Intensidade,c85cdb0ef48d09c8
high_intensity,08-05-2026 08:32:59,10,Excelente intensidade! Continue assim.,8PwJbhoPtromyaNOwSve,True,1778229179000,Alta Intensidade,d4389e820d4f82fa
medium_intensity,04-05-2026 21:24:57,5,Este nível de atividade é ideal para o seu bem-estar.,fiV3TJX1UwuOSPA2wTiO,True,1777929897000,Ritmo Saudável,de2dde23040292bc
high_intensity,20-05-2026 22:47:55,10,Excelente intensidade! Continue assim.,iFNdJ04a41ob6bGhhfTC,True,1779317275000,Alta Intensidade,93279918e60ec274
low_intensity,04-05-2026 14:35:05,2,Um ritmo mais leve será benéfico para o seu bem-estar.,7GX1e04TMonRBWe6cU0w,True,1777905305000,Ritmo Baixo,7f281c8dbac1f799
high_intensity,20-05-2026 04:16:49,10,Excelente intensidade! Continue assim.,nutbhIqpvqS94VKoJ93H,True,1779250609000,Alta Intensidade,cbf338d836298cb7
low_intensity,02-05-2026 06:43:07,2,Um ritmo mais leve será benéfico para o seu bem-estar.,4XSIUIuJOgB66Uyc4GZY,True,1777704187000,Ritmo Baixo,4c885efe7bde3ff4
high_intensity,29-05-2026 01:46:35,10,Excelente intensidade! Continue assim.,S1JYWlkTMNsXyecTqwCW,True,1780019195000,Alta Intensidade,7d176c63414fcd05
medium_intensity,25-05-2026 14:56:21,5,Este nível de atividade é ideal para o seu bem-estar.,JPSxDZH5QJMoctPPO1rb,True,1779720981000,Ritmo Saudável,234da97fe615c6b7
low_intensity,06-05-2026 02:35:18,2,Um ritmo mais leve será benéfico para o seu bem-estar.,XW6jYAgZ2gsXfYxdbKhN,True,1778034918000,Ritmo Baixo,3bc1bf7fb69f3ba3
medium_intensity,13-05-2026 00:38:13,5,Este nível de atividade é ideal para o seu bem-estar.,Mi9ov5sdoDmQhDR6KFXt,True,1778632693000,Ritmo Saudável,04964f8452901231
low_intensity,18-05-2026 20:51:59,2,Um ritmo mais leve será benéfico para o seu bem-estar.,TcmHErSQH1OiZPbIrQcV,True,1779137519000,Ritmo Baixo,72ba4e2f87adceb5
medium_intensity,11-05-2026 07:57:32,5,Este nível de atividade é ideal para o seu bem-estar.,F43XMwdjMYLHZ0B7LFkd,True,1778486252000,Ritmo Saudável,0e52f2934d8ce165
low_intensity,16-05-2026 22:14:07,2,Um ritmo mais leve será benéfico para o seu bem-estar.,dSL8AnPqUxFfQXfdFomh,True,1778969647000,Ritmo Baixo,19a558ecc36977ce
high_intensity,15-05-2026 00:42:06,10,Excelente intensidade! Continue assim.,4xK572g7JVycKLrcXkyd,True,1778805726000,Alta Intensidade,3cc68b8049eb8d4c
medium_intensity,07-05-2026 13:35:37,5,Este nível de atividade é ideal para o seu bem-estar.,3QmSdJXvy2gh0bLgi2GO,True,1778160937000,Ritmo Saudável,2f2bd7547d602b7a
high_intensity,11-05-2026 01:08:05,10,Excelente intensidade! Continue assim.,hobLaLkgV47PT6898qBv,True,1778461685000,Alta Intensidade,6588d11c4a11acb1
medium_intensity,08-05-2026 17:13:49,5,Este nível de atividade é ideal para o seu bem-estar.,yZdUnyTjzb0kXFNIYxj0,True,1778260429000,Ritmo Saudável,91d55d217a2af234
high_intensity,19-05-2026 09:23:03,10,Excelente intensidade! Continue assim.,X2MLQKGjH8TspbYHHs8j,True,1779182583000,Alta Intensidade,7e8fb26408446272
high_intensity,22-05-2026 09:33:38,10,Excelente intensidade! Continue assim.,6RTDC0l3fj3HpItNrkrB,True,1779442418000,Alta Intensidade,d57d393b16ba030e
high_intensity,23-05-2026 11:23:58,10,Excelente intensidade! Continue assim.,setfvGGxfypD2FeW0v8C,True,1779535438000,Alta Intensidade,9d16533a62ab9315
low_intensity,27-05-2026 23:10:58,2,Um ritmo mais leve será benéfico para o seu bem-estar.,slOSFD7PwwcqUG3geJJf,True,1779923458000,Ritmo Baixo,057c44d337463e07
low_intensity,20-05-2026 09:41:28,2,Um ritmo mais leve será benéfico para o seu bem-estar.,PgpcPOJNdnUWshu5QU03,True,1779270088000,Ritmo Baixo,42ac1a2bf982f79c
medium_intensity,21-05-2026 13:17:59,5,Este nível de atividade é ideal para o seu bem-estar.,n5Uour7LMh3y2zoeUB82,True,1779369479000,Ritmo Saudável,cb207a93391638cb
high_intensity,23-05-2026 00:35:36,10,Excelente intensidade! Continue assim.,xVZTVs4WaoeN8IfzC8QA,True,1779496536000,Alta Intensidade,18d281edb3671f44
medium_intensity,27-05-2026 17:45:58,5,Este nível de atividade é ideal para o seu bem-estar.,q4lRqXevi338IxTHr591,True,1779903958000,Ritmo Saudável,574582321d04df00
medium_intensity,02-05-2026 12:34:12,5,Este nível de atividade é ideal para o seu bem-estar.,vL3ocjR2W32JojVphasn,True,1777725252000,Ritmo Saudável,9d16533a62ab9315
high_intensity,21-05-2026 05:18:33,10,Excelente intensidade! Continue assim.,JTG8QQw0KPPeqV8JzOTm,True,1779340713000,Alta Intensidade,7e8fb26408446272
low_intensity,01-05-2026 09:24:09,2,Um ritmo mais leve será benéfico para o seu bem-estar.,MWqxGKj7wAOjLjmhU7LI,True,1777627449000,Ritmo Baixo,e84878f982129128
high_intensity,01-05-2026 11:19:25,10,Excelente intensidade! Continue assim.,0GcQ6Q3pXZu9AphmM6UC,True,1777634365000,Alta Intensidade,e1bd0a847e7079be
medium_intensity,22-05-2026 12:33:55,5,Este nível de atividade é ideal para o seu bem-estar.,K5RE2MENZIotSsO6QRH6,True,1779453235000,Ritmo Saudável,ec75a53f04901eec
medium_intensity,10-05-2026 06:36:17,5,Este nível de atividade é ideal para o seu bem-estar.,vBse6vrJ8atXngblTWub,True,1778394977000,Ritmo Saudável,057c44d337463e07
high_intensity,22-05-2026 19:38:56,10,Excelente intensidade! Continue assim.,gC2URN9G3MRsVwM6ZJ9C,True,1779478736000,Alta Intensidade,102edb38b5ec347f
medium_intensity,17-05-2026 18:01:35,5,Este nível de atividade é ideal para o seu bem-estar.,1idle4oNDuGWWdDKWgTc,True,1779040895000,Ritmo Saudável,f879804e4456e5d4
high_intensity,19-05-2026 08:11:32,10,Excelente intensidade! Continue assim.,zJAantoE3AWCs9tBWtrD,True,1779178292000,Alta Intensidade,3bd002cf1fcfa789
low_intensity,22-05-2026 02:20:02,2,Um ritmo mais leve será benéfico para o seu bem-estar.,ljwIOtS5NGK2np5jIhRh,True,1779416402000,Ritmo Baixo,389da1f3a7c1d8de
low_intensity,13-05-2026 21:20:31,2,Um ritmo mais leve será benéfico para o seu bem-estar.,kurjxa4gZcN5OAOrAKhR,True,1778707231000,Ritmo Baixo,330949523d665e3b
high_intensity,16-05-2026 23:02:04,10,Excelente intensidade! Continue assim.,xQyYUQUkZAWNZAOw8wT2,True,1778972524000,Alta Intensidade,1d6285f5502cf1f8
low_intensity,22-05-2026 00:23:23,2,Um ritmo mais leve será benéfico para o seu bem-estar.,4POYmh3cmCENapABw5Rl,True,1779409403000,Ritmo Baixo,bb80f878cef35322
medium_intensity,17-05-2026 07:23:24,5,Este nível de atividade é ideal para o seu bem-estar.,WPPaUlf9taBU0i2BFVl1,True,1779002604000,Ritmo Saudável,ae7ec9246c4649bc
medium_intensity,23-05-2026 20:38:55,5,Este nível de atividade é ideal para o seu bem-estar.,XysWAs2Jf63vI9IzAZbK,True,1779568735000,Ritmo Saudável,19a558ecc36977ce
high_intensity,29-05-2026 06:30:21,10,Excelente intensidade! Continue assim.,ucATI1ysA7d65LGEkedC,True,1780036221000,Alta Intensidade,2f2bd7547d602b7a
high_intensity,18-05-2026 00:12:50,10,Excelente intensidade! Continue assim.,YTCY7Ak7mBbfiICE1nNy,True,1779063170000,Alta Intensidade,39a54d73a921b9f6
high_intensity,20-05-2026 19:02:07,10,Excelente intensidade! Continue assim.,9S8wE6X5SgbIt5fr6wZs,True,1779303727000,Alta Intensidade,057c44d337463e07
high_intensity,14-05-2026 22:21:52,10,Excelente intensidade! Continue assim.,Z8cSStSgOicdbFqKO5Zz,True,1778797312000,Alta Intensidade,cb207a93391638cb
low_intensity,15-05-2026 12:05:12,2,Um ritmo mais leve será benéfico para o seu bem-estar.,rVxwDDRcwqLfuTIg1OxN,True,1778846712000,Ritmo Baixo,82a83fc853728306
high_intensity,25-05-2026 03:56:08,10,Excelente intensidade! Continue assim.,A4eAc9hB1Z2mqiB3k0Cj,True,1779681368000,Alta Intensidade,4c885efe7bde3ff4
low_intensity,17-05-2026 17:02:42,2,Um ritmo mais leve será benéfico para o seu bem-estar.,gPR9ryD1YVMhilLxcDPU,True,1779037362000,Ritmo Baixo,574582321d04df00
low_intensity,24-05-2026 08:21:31,2,Um ritmo mais leve será benéfico para o seu bem-estar.,DcEgnEX551R62A7xsHS3,True,1779610891000,Ritmo Baixo,2618243a251bd83f
high_intensity,04-05-2026 03:29:34,10,Excelente intensidade! Continue assim.,hqUMKszeNYV2GgU68zSA,True,1777865374000,Alta Intensidade,6f36a3307488809f
high_intensity,22-05-2026 04:22:00,10,Excelente intensidade! Continue assim.,hNmlGFb6se8ZH8anAyRy,True,1779423720000,Alta Intensidade,18d281edb3671f44
low_intensity,18-05-2026 04:23:29,2,Um ritmo mais leve será benéfico para o seu bem-estar.,e5DFcDvLC1SsexeIfxY5,True,1779078209000,Ritmo Baixo,34cbefbc28798720
medium_intensity,05-05-2026 07:02:38,5,Este nível de atividade é ideal para o seu bem-estar.,5gS8ZFnujeL0aC7mQTJb,True,1777964558000,Ritmo Saudável,53c682ded6545e06
high_intensity,20-05-2026 05:52:04,10,Excelente intensidade! Continue assim.,97PawEilDdSyIYyrEdVr,True,1779256324000,Alta Intensidade,517fc5ca69b652a5
high_intensity,21-05-2026 03:39:57,10,Excelente intensidade! Continue assim.,zcZ8drq4SaCYdeD4D278,True,1779334797000,Alta Intensidade,ae7ec9246c4649bc
medium_intensity,03-05-2026 08:14:04,5,Este nível de atividade é ideal para o seu bem-estar.,HBZQgOrkFuR03epMVxVW,True,1777796044000,Ritmo Saudável,330949523d665e3b
low_intensity,28-05-2026 20:06:57,2,Um ritmo mais leve será benéfico para o seu bem-estar.,QefzKTCS1sTX4jEar2ts,True,1779998817000,Ritmo Baixo,cb4c1290e91970dd
high_intensity,06-05-2026 10:29:28,10,Excelente intensidade! Continue assim.,OyXAVZ0YUucpOLnuiM1u,True,1778063368000,Alta Intensidade,a8c47673d6a4f85c
low_intensity,20-05-2026 18:15:38,2,Um ritmo mais leve será benéfico para o seu bem-estar.,dSk3NxZje3TAP2Z13qnU,True,1779300938000,Ritmo Baixo,da211edc7bac01a0
low_intensity,15-05-2026 02:42:43,2,Um ritmo mais leve será benéfico para o seu bem-estar.,OfIfTvQ5NF2nt5LfWrd9,True,1778812963000,Ritmo Baixo,95744df47936b8c4
high_intensity,10-05-2026 11:45:15,10,Excelente intensidade! Continue assim.,0KQI62NRXkkCUNXRMGBk,True,1778413515000,Alta Intensidade,64a94f9052422a0c
low_intensity,30-05-2026 18:35:24,2,Um ritmo mais leve será benéfico para o seu bem-estar.,RLgmMALxd0sFu9f2MaQj,True,1780166124000,Ritmo Baixo,3db4e6efff8b7518
low_intensity,21-05-2026 04:00:15,2,Um ritmo mais leve será benéfico para o seu bem-estar.,P7eXrHV5ENgRtExD3xOV,True,1779336015000,Ritmo Baixo,91d55d217a2af234
low_intensity,05-05-2026 17:29:44,2,Um ritmo mais leve será benéfico para o seu bem-estar.,CXBa035PRD90Jp4iEeG5,True,1778002184000,Ritmo Baixo,b572bc65fae8bec1
medium_intensity,19-05-2026 12:45:03,5,Este nível de atividade é ideal para o seu bem-estar.,ZrUvsgpaFo6NL3w5hxS1,True,1779194703000,Ritmo Saudável,487b076a69a53671
high_intensity,25-05-2026 14:53:12,10,Excelente intensidade! Continue assim.,GVzaNHoFbdO7P12uzfzZ,True,1779720792000,Alta Intensidade,91d55d217a2af234
medium_intensity,13-05-2026 15:41:00,5,Este nível de atividade é ideal para o seu bem-estar.,SFnjRJKzEZppDTcHFZnZ,True,1778686860000,Ritmo Saudável,514af2be7dc985d8
high_intensity,03-05-2026 18:09:46,10,Excelente intensidade! Continue assim.,WQi87BI8iFO9gGXXe9IC,True,1777831786000,Alta Intensidade,7d176c63414fcd05
low_intensity,17-05-2026 18:43:02,2,Um ritmo mais leve será benéfico para o seu bem-estar.,sHGAIBNHcQQAUSguTu3l,True,1779043382000,Ritmo Baixo,c31244cee16e0c77
high_intensity,02-05-2026 23:36:59,10,Excelente intensidade! Continue assim.,aSoxLiHjZCnnMSCxVql3,True,1777765019000,Alta Intensidade,e9da39984fb29dc6
low_intensity,17-05-2026 10:02:06,2,Um ritmo mais leve será benéfico para o seu bem-estar.,pUfhughGBBJR0KDF09Gm,True,1779012126000,Ritmo Baixo,bc74204126e384ca
low_intensity,18-05-2026 11:35:14,2,Um ritmo mais leve será benéfico para o seu bem-estar.,KEzjRMVL6WxdP0JONnNw,True,1779104114000,Ritmo Baixo,574582321d04df00
low_intensity,03-05-2026 20:57:55,2,Um ritmo mais leve será benéfico para o seu bem-estar.,eNVC8fNpVupJHSWVRTEP,True,1777841875000,Ritmo Baixo,e8c9832b5c388bb5
medium_intensity,27-05-2026 21:29:18,5,Este nível de atividade é ideal para o seu bem-estar.,QtwUGVEJACxFDAncz8hD,True,1779917358000,Ritmo Saudável,c9ab51cba10ae1e9
high_intensity,27-05-2026 14:53:37,10,Excelente intensidade! Continue assim.,CXBW7WyegruPSXgJEEQP,True,1779893617000,Alta Intensidade,b572bc65fae8bec1
medium_intensity,27-05-2026 15:13:43,5,Este nível de atividade é ideal para o seu bem-estar.,5pYCuNmAIfBBGJH8Pm92,True,1779894823000,Ritmo Saudável,057c44d337463e07
medium_intensity,15-05-2026 12:05:44,5,Este nível de atividade é ideal para o seu bem-estar.,aMpmHhSM5Oh5zz1W7Jn5,True,1778846744000,Ritmo Saudável,de2dde23040292bc
low_intensity,27-05-2026 04:48:06,2,Um ritmo mais leve será benéfico para o seu bem-estar.,xns1YuJyVdTiMvi0oHko,True,1779857286000,Ritmo Baixo,72ba4e2f87adceb5
high_intensity,14-05-2026 14:14:02,10,Excelente intensidade! Continue assim.,M3JHFdxdPCTVYtGvNilF,True,1778768042000,Alta Intensidade,34cbefbc28798720
low_intensity,02-05-2026 16:02:33,2,Um ritmo mais leve será benéfico para o seu bem-estar.,COvuUZr7kVtahUrgc9jD,True,1777737753000,Ritmo Baixo,4c885efe7bde3ff4
low_intensity,08-05-2026 00:36:20,2,Um ritmo mais leve será benéfico para o seu bem-estar.,dXgJzBhczuQxt5roe7Ao,True,1778200580000,Ritmo Baixo,17b4966e9be4d8d8
high_intensity,14-05-2026 20:47:46,10,Excelente intensidade! Continue assim.,FwNmcu3bl0DXORTnSmHz,True,1778791666000,Alta Intensidade,d632e4ce536ec364
medium_intensity,14-05-2026 02:12:08,5,Este nível de atividade é ideal para o seu bem-estar.,LD2LV6V2Q0T95CW3yDLS,True,1778724728000,Ritmo Saudável,c51d4eb54f89fec8
low_intensity,25-05-2026 11:28:46,2,Um ritmo mais leve será benéfico para o seu bem-estar.,3zK8g8IbtWYaYsud9fcZ,True,1779708526000,Ritmo Baixo,923d0315f3ae2bb3
low_intensity,05-05-2026 14:34:19,2,Um ritmo mais leve será benéfico para o seu bem-estar.,rVtR7m5haxvalrsia5FW,True,1777991659000,Ritmo Baixo,64a94f9052422a0c
medium_intensity,06-05-2026 05:19:59,5,Este nível de atividade é ideal para o seu bem-estar.,o4aHpI7HBFyW4Tif5O4M,True,1778044799000,Ritmo Saudável,923d0315f3ae2bb3
medium_intensity,09-05-2026 16:05:52,5,Este nível de atividade é ideal para o seu bem-estar.,ouVo2SOkZR73Qikm8dFh,True,1778342752000,Ritmo Saudável,eb39e98aca20e7d3
medium_intensity,05-05-2026 14:26:36,5,Este nível de atividade é ideal para o seu bem-estar.,0wi16JF9kHQKKopgkOoZ,True,1777991196000,Ritmo Saudável,1b38ab967d98cc4e
high_intensity,18-05-2026 14:35:39,10,Excelente intensidade! Continue assim.,zwLeRAKWVe7IhXvGV3Mi,True,1779114939000,Alta Intensidade,c7f34dc43387f858
low_intensity,19-05-2026 04:58:10,2,Um ritmo mais leve será benéfico para o seu bem-estar.,qMB97kN8QXveU375LMfw,True,1779166690000,Ritmo Baixo,7e8fb26408446272
medium_intensity,27-05-2026 10:26:16,5,Este nível de atividade é ideal para o seu bem-estar.,WRWp4SzEe4p0uye9iKQl,True,1779877576000,Ritmo Saudável,daf96d2280390dec
high_intensity,14-05-2026 15:12:54,10,Excelente intensidade! Continue assim.,LC6oN8Zh7WulAc1otnLp,True,1778771574000,Alta Intensidade,d5eb4d757b335d0e
high_intensity,22-05-2026 17:32:20,10,Excelente intensidade! Continue assim.,o2sJdglCeMdHHUjlPiUy,True,1779471140000,Alta Intensidade,8e2e127651e9cbde
medium_intensity,27-05-2026 22:24:34,5,Este nível de atividade é ideal para o seu bem-estar.,rgttdduAi1ql0H4qIn0T,True,1779920674000,Ritmo Saudável,57e17fffc619e182
low_intensity,24-05-2026 07:57:37,2,Um ritmo mais leve será benéfico para o seu bem-estar.,YR5xw79yStNG3mr86BLs,True,1779609457000,Ritmo Baixo,c85cdb0ef48d09c8
medium_intensity,16-05-2026 08:46:04,5,Este nível de atividade é ideal para o seu bem-estar.,Av2uyBm5sTyeqq021Dyk,True,1778921164000,Ritmo Saudável,eb39e98aca20e7d3
high_intensity,30-05-2026 22:27:14,10,Excelente intensidade! Continue assim.,EColsTMQsU9xbfegMhPi,True,1780180034000,Alta Intensidade,53c682ded6545e06
low_intensity,29-05-2026 18:49:35,2,Um ritmo mais leve será benéfico para o seu bem-estar.,Pc6KLZpRnOM2pOfwgUml,True,1780080575000,Ritmo Baixo,b30b0b43692b035b
low_intensity,28-05-2026 22:34:36,2,Um ritmo mais leve será benéfico para o seu bem-estar.,PMfnFszWhtfH0GP1kBei,True,1780007676000,Ritmo Baixo,57e17fffc619e182
medium_intensity,23-05-2026 02:39:21,5,Este nível de atividade é ideal para o seu bem-estar.,QBezRoFGcjFSrWhtoZw6,True,1779503961000,Ritmo Saudável,234da97fe615c6b7
high_intensity,21-05-2026 09:12:06,10,Excelente intensidade! Continue assim.,dM4LvOwVokMlJhVl5chl,True,1779354726000,Alta Intensidade,514af2be7dc985d8
medium_intensity,15-05-2026 02:41:19,5,Este nível de atividade é ideal para o seu bem-estar.,qoS60seQCCZiivk4RgbG,True,1778812879000,Ritmo Saudável,d5eb4d757b335d0e
low_intensity,14-05-2026 13:00:31,2,Um ritmo mais leve será benéfico para o seu bem-estar.,VlIhj63mWQjvCTsGBBcr,True,1778763631000,Ritmo Baixo,556be8558ce56421
medium_intensity,09-05-2026 05:43:03,5,Este nível de atividade é ideal para o seu bem-estar.,QNLxVnVSiu63v64bJanJ,True,1778305383000,Ritmo Saudável,c9ab51cba10ae1e9
high_intensity,15-05-2026 23:21:24,10,Excelente intensidade! Continue assim.,0LtLPPX4d9U3EXOV6O0b,True,1778887284000,Alta Intensidade,72bd2672c948d2cb
low_intensity,13-05-2026 12:51:47,2,Um ritmo mais leve será benéfico para o seu bem-estar.,gWjfr6u0KNTA4GGvmOkK,True,1778676707000,Ritmo Baixo,487b076a69a53671
low_intensity,20-05-2026 06:50:05,2,Um ritmo mais leve será benéfico para o seu bem-estar.,jPIBnPWh5pv1XRTGUb0W,True,1779259805000,Ritmo Baixo,7e8fb26408446272
high_intensity,11-05-2026 01:41:36,10,Excelente intensidade! Continue assim.,PQ4ch2K9UaEh9cFMKUeT,True,1778463696000,Alta Intensidade,ec75a53f04901eec
low_intensity,22-05-2026 04:15:07,2,Um ritmo mais leve será benéfico para o seu bem-estar.,0rgwBvb0d9ArUCzwFgCl,True,1779423307000,Ritmo Baixo,55b620d8c0ab41e0
high_intensity,11-05-2026 00:18:50,10,Excelente intensidade! Continue assim.,SQP35I2YQJFE1gY1Zwjg,True,1778458730000,Alta Intensidade,8dc02e5c153f83a3
high_intensity,11-05-2026 15:34:21,10,Excelente intensidade! Continue assim.,iQWD6gPj4ArQyPba25g2,True,1778513661000,Alta Intensidade,06bf6a628379e030
medium_intensity,26-05-2026 02:00:45,5,Este nível de atividade é ideal para o seu bem-estar.,BPTy6bYI1slE5n57Fg5J,True,1779760845000,Ritmo Saudável,06bf6a628379e030
medium_intensity,09-05-2026 04:41:06,5,Este nível de atividade é ideal para o seu bem-estar.,CRELKm7hN7UjmFsra2uR,True,1778301666000,Ritmo Saudável,d4389e820d4f82fa
high_intensity,08-05-2026 06:40:39,10,Excelente intensidade! Continue assim.,fuKy2OUi8u9iEgKxkFhW,True,1778222439000,Alta Intensidade,9cbee3c1d7168837
high_intensity,03-05-2026 09:55:52,10,Excelente intensidade! Continue assim.,hDbGyP81IMpPmcxoDbdY,True,1777802152000,Alta Intensidade,d57d393b16ba030e
low_intensity,13-05-2026 20:57:13,2,Um ritmo mais leve será benéfico para o seu bem-estar.,EvZCJ9PeFQqnttpQIqcc,True,1778705833000,Ritmo Baixo,06961ead71f8b1d8
medium_intensity,21-05-2026 10:54:31,5,Este nível de atividade é ideal para o seu bem-estar.,lbE4n5D51sWEDKncazIu,True,1779360871000,Ritmo Saudável,3db4e6efff8b7518
high_intensity,17-05-2026 05:53:31,10,Excelente intensidade! Continue assim.,qbsQCaNbSxFboCdbDQSD,True,1778997211000,Alta Intensidade,93279918e60ec274
low_intensity,15-05-2026 08:31:45,2,Um ritmo mais leve será benéfico para o seu bem-estar.,xUjcsJ5dbxFUmXtV3FAq,True,1778833905000,Ritmo Baixo,1d3db575c4a79d75
high_intensity,22-05-2026 03:21:54,10,Excelente intensidade! Continue assim.,FQIYjx2nd9Z2PYOGTEFq,True,1779420114000,Alta Intensidade,d5eb4d757b335d0e
high_intensity,27-05-2026 12:43:36,10,Excelente intensidade! Continue assim.,QgQNltZCADhi6QkaiCkR,True,1779885816000,Alta Intensidade,c7f34dc43387f858
high_intensity,28-05-2026 10:40:27,10,Excelente intensidade! Continue assim.,1eDCAb8GsaimgdrLNhs7,True,1779964827000,Alta Intensidade,06bf6a628379e030
low_intensity,23-05-2026 15:20:36,2,Um ritmo mais leve será benéfico para o seu bem-estar.,R64FzgWpKuM3tcRGb3ZD,True,1779549636000,Ritmo Baixo,13db178cd9a1e37a
low_intensity,26-05-2026 23:17:28,2,Um ritmo mais leve será benéfico para o seu bem-estar.,Kwlpv2mFXQa0ySKtu7VR,True,1779837448000,Ritmo Baixo,06961ead71f8b1d8
medium_intensity,06-05-2026 12:45:51,5,Este nível de atividade é ideal para o seu bem-estar.,3dODpgglvOhnWj3YbUEV,True,1778071551000,Ritmo Saudável,7182af742e04dc6d
low_intensity,07-05-2026 05:05:08,2,Um ritmo mais leve será benéfico para o seu bem-estar.,Q5edAkV8xRVMqAYEnzMV,True,1778130308000,Ritmo Baixo,bbbe498ee44f6349
low_intensity,19-05-2026 09:01:00,2,Um ritmo mais leve será benéfico para o seu bem-estar.,k2GE5DNsSi4CxT3nEa1t,True,1779181260000,Ritmo Baixo,e7eb35b501d57e1f
low_intensity,10-05-2026 15:04:39,2,Um ritmo mais leve será benéfico para o seu bem-estar.,ODm2ZRYTLGz1Z9IMhrHe,True,1778425479000,Ritmo Baixo,e1bd0a847e7079be
high_intensity,02-05-2026 20:41:10,10,Excelente intensidade! Continue assim.,X4ok7gN9FFIkOBHMxe4X,True,1777754470000,Alta Intensidade,057c44d337463e07
medium_intensity,29-05-2026 19:06:40,5,Este nível de atividade é ideal para o seu bem-estar.,z2CXE7V8xiG04EqLiXY0,True,1780081600000,Ritmo Saudável,bb80f878cef35322
medium_intensity,26-05-2026 02:00:16,5,Este nível de atividade é ideal para o seu bem-estar.,Hp2f66kSuyJdWcSeUgkL,True,1779760816000,Ritmo Saudável,b8e78b83a62a0cb7
medium_intensity,07-05-2026 22:21:39,5,Este nível de atividade é ideal para o seu bem-estar.,35ZUowuuCDzzdD7Q2GZA,True,1778192499000,Ritmo Saudável,514af2be7dc985d8
medium_intensity,23-05-2026 10:35:05,5,Este nível de atividade é ideal para o seu bem-estar.,HxbOtKnRWURKWxEeDcdS,True,1779532505000,Ritmo Saudável,6214b1b462c04096
low_intensity,03-05-2026 19:12:04,2,Um ritmo mais leve será benéfico para o seu bem-estar.,G3j3qtpIILTG8S2D1DGQ,True,1777835524000,Ritmo Baixo,f7c6682ad24d37f8
medium_intensity,01-05-2026 23:26:46,5,Este nível de atividade é ideal para o seu bem-estar.,aU2wam83GaJrzjKpS7yx,True,1777678006000,Ritmo Saudável,0f98939ac68105bb
low_intensity,13-05-2026 09:42:07,2,Um ritmo mais leve será benéfico para o seu bem-estar.,1OPt1igMzg0CzuIVNjrH,True,1778665327000,Ritmo Baixo,6f36a3307488809f
medium_intensity,12-05-2026 11:24:03,5,Este nível de atividade é ideal para o seu bem-estar.,C0VR8vEtt3fN9tHf2yS0,True,1778585043000,Ritmo Saudável,3bd002cf1fcfa789
high_intensity,23-05-2026 13:39:17,10,Excelente intensidade! Continue assim.,yafwbkeothfyTiXxSQkV,True,1779543557000,Alta Intensidade,72ba4e2f87adceb5
high_intensity,15-05-2026 22:06:50,10,Excelente intensidade! Continue assim.,59luxOFhpnMjhlpocMiI,True,1778882810000,Alta Intensidade,55b620d8c0ab41e0
high_intensity,03-05-2026 23:49:54,10,Excelente intensidade! Continue assim.,AqO1etZBu0SqMnDlsCQc,True,1777852194000,Alta Intensidade,f7af4712fd6b9108
high_intensity,12-05-2026 00:09:10,10,Excelente intensidade! Continue assim.,aGgObl6EQajDf4DJBD5a,True,1778544550000,Alta Intensidade,57e17fffc619e182
high_intensity,05-05-2026 05:00:00,10,Excelente intensidade! Continue assim.,i6w0eNPFQxYjPwkc84Kk,True,1777957200000,Alta Intensidade,6588d11c4a11acb1
high_intensity,11-05-2026 13:58:17,10,Excelente intensidade! Continue assim.,plgcKLU36H4kcrO7j4iF,True,1778507897000,Alta Intensidade,9cbee3c1d7168837
high_intensity,07-05-2026 02:25:00,10,Excelente intensidade! Continue assim.,dkfS6yFylgPy5OmiNw21,True,1778120700000,Alta Intensidade,9d789fd91804129f
low_intensity,22-05-2026 08:17:50,2,Um ritmo mais leve será benéfico para o seu bem-estar.,yHjt4qaHaEvEQ6MYvjmH,True,1779437870000,Ritmo Baixo,91279a646f8ea6ac
medium_intensity,08-05-2026 07:43:05,5,Este nível de atividade é ideal para o seu bem-estar.,7dmSmL6yC7Oewm0xNwz7,True,1778226185000,Ritmo Saudável,cb4c1290e91970dd
low_intensity,07-05-2026 14:25:17,2,Um ritmo mais leve será benéfico para o seu bem-estar.,kLrsh6KTk7OSGikMgMYS,True,1778163917000,Ritmo Baixo,72bd2672c948d2cb
high_intensity,01-05-2026 19:26:25,10,Excelente intensidade! Continue assim.,L5MPYkoliNitKo95aY7C,True,1777663585000,Alta Intensidade,ae7ec9246c4649bc
high_intensity,03-05-2026 15:10:57,10,Excelente intensidade! Continue assim.,KLXYqwuPdK0oOFLPt6f7,True,1777821057000,Alta Intensidade,42ac1a2bf982f79c
high_intensity,15-05-2026 00:53:28,10,Excelente intensidade! Continue assim.,HWtnuKlmPZtoh9ovl71c,True,1778806408000,Alta Intensidade,5afe6ceac06784f5
medium_intensity,09-05-2026 09:48:59,5,Este nível de atividade é ideal para o seu bem-estar.,zvYf1Wf1QgUskic8WgCW,True,1778320139000,Ritmo Saudável,c0014ea2ee2fdaea
high_intensity,12-05-2026 02:14:42,10,Excelente intensidade! Continue assim.,PeApW9cI9hQo6tztZVp3,True,1778552082000,Alta Intensidade,3bd002cf1fcfa789
low_intensity,02-05-2026 06:47:30,2,Um ritmo mais leve será benéfico para o seu bem-estar.,kXGhPQ0eyQr3TUogJ2Pv,True,1777704450000,Ritmo Baixo,f879804e4456e5d4
high_intensity,07-05-2026 19:09:51,10,Excelente intensidade! Continue assim.,Tjc80U3P56J1YhHBN3yD,True,1778180991000,Alta Intensidade,0e52f2934d8ce165
medium_intensity,01-05-2026 11:19:04,5,Este nível de atividade é ideal para o seu bem-estar.,p1gyJlWhZ3b4RNPBIMmL,True,1777634344000,Ritmo Saudável,5311a0642c2564ad
medium_intensity,21-05-2026 00:28:54,5,Este nível de atividade é ideal para o seu bem-estar.,3mPv6XfiSRPWcFPK3fAU,True,1779323334000,Ritmo Saudável,7f281c8dbac1f799
high_intensity,01-05-2026 11:05:43,10,Excelente intensidade! Continue assim.,pIWtq7XlXOwqfqAgBeWU,True,1777633543000,Alta Intensidade,552b8d6c350cb13c
low_intensity,08-05-2026 04:22:58,2,Um ritmo mais leve será benéfico para o seu bem-estar.,m72EPURndq4kLYAspzKt,True,1778214178000,Ritmo Baixo,cb4c1290e91970dd
high_intensity,05-05-2026 22:18:49,10,Excelente intensidade! Continue assim.,mPkwTyptM7gSjSp6R9Jt,True,1778019529000,Alta Intensidade,42d576864f9952c7
medium_intensity,08-05-2026 01:11:46,5,Este nível de atividade é ideal para o seu bem-estar.,ZBA8SbQI8NZ2xyJzBt27,True,1778202706000,Ritmo Saudável,f7af4712fd6b9108
high_intensity,03-05-2026 02:34:19,10,Excelente intensidade! Continue assim.,7xZjfAWICwlnTIzzUGZd,True,1777775659000,Alta Intensidade,c31244cee16e0c77
high_intensity,06-05-2026 18:38:24,10,Excelente intensidade! Continue assim.,Y9ieyPYBTjuucXeZBgOz,True,1778092704000,Alta Intensidade,57e7d972b508815d
low_intensity,03-05-2026 06:18:08,2,Um ritmo mais leve será benéfico para o seu bem-estar.,rMPnuIK8nPdlpU7Dqy9G,True,1777789088000,Ritmo Baixo,7182af742e04dc6d
low_intensity,10-05-2026 01:28:37,2,Um ritmo mais leve será benéfico para o seu bem-estar.,1MCZ5otQZvZyVKLYbZaB,True,1778376517000,Ritmo Baixo,ec75a53f04901eec
high_intensity,26-05-2026 04:49:40,10,Excelente intensidade! Continue assim.,LQ0QyoiDpyrRnalSWNKe,True,1779770980000,Alta Intensidade,1d3db575c4a79d75
high_intensity,26-05-2026 21:23:16,10,Excelente intensidade! Continue assim.,3LUPEaSBIAbH7zZtKIoU,True,1779830596000,Alta Intensidade,556be8558ce56421
high_intensity,24-05-2026 01:40:51,10,Excelente intensidade! Continue assim.,WwXBSmmWAxgJnZ4hSE6C,True,1779586851000,Alta Intensidade,a8c47673d6a4f85c
low_intensity,14-05-2026 06:12:47,2,Um ritmo mais leve será benéfico para o seu bem-estar.,jwCYhPqfWWVaTqqVY4dj,True,1778739167000,Ritmo Baixo,bb80f878cef35322
low_intensity,04-05-2026 17:45:07,2,Um ritmo mais leve será benéfico para o seu bem-estar.,pLEyPrHbwr4fTTDr09UF,True,1777916707000,Ritmo Baixo,1b1cc9cee9f27003
medium_intensity,03-05-2026 17:47:52,5,Este nível de atividade é ideal para o seu bem-estar.,cHYnyrXO1whplLXmAuiP,True,1777830472000,Ritmo Saudável,5afe6ceac06784f5
high_intensity,07-05-2026 11:43:52,10,Excelente intensidade! Continue assim.,NxVNOG92iMrzKsbqgbG6,True,1778154232000,Alta Intensidade,18d281edb3671f44
high_intensity,10-05-2026 21:15:59,10,Excelente intensidade! Continue assim.,ZQMGsGBW2SUC7vSWy63J,True,1778447759000,Alta Intensidade,c85cdb0ef48d09c8
low_intensity,15-05-2026 15:00:05,2,Um ritmo mais leve será benéfico para o seu bem-estar.,gmjAQhSHcnwaqeNwXtva,True,1778857205000,Ritmo Baixo,72bd2672c948d2cb
low_intensity,05-05-2026 12:20:42,2,Um ritmo mais leve será benéfico para o seu bem-estar.,ivPlrRBmEDmmqqs3bZzs,True,1777983642000,Ritmo Baixo,c9ab51cba10ae1e9
medium_intensity,22-05-2026 07:40:17,5,Este nível de atividade é ideal para o seu bem-estar.,RSHVJbWU8niujgkNnZBr,True,1779435617000,Ritmo Saudável,24d6a87b0598b02e
medium_intensity,03-05-2026 17:11:03,5,Este nível de atividade é ideal para o seu bem-estar.,jkMlI0VmlSbQQ7bSyPrU,True,1777828263000,Ritmo Saudável,d0825fdf3da3660c
low_intensity,20-05-2026 02:52:54,2,Um ritmo mais leve será benéfico para o seu bem-estar.,D4tRWn0QtgOddad0IfMs,True,1779245574000,Ritmo Baixo,c85cdb0ef48d09c8
high_intensity,15-05-2026 14:47:50,10,Excelente intensidade! Continue assim.,qrVYd0V63BSgxfYZ6rJ2,True,1778856470000,Alta Intensidade,55b620d8c0ab41e0
high_intensity,21-05-2026 10:31:07,10,Excelente intensidade! Continue assim.,1mVht51V6eC3qzsQkudl,True,1779359467000,Alta Intensidade,75778bdb64d1008e
low_intensity,23-05-2026 15:25:32,2,Um ritmo mais leve será benéfico para o seu bem-estar.,ExjxBpPAFFssbXXP1lFF,True,1779549932000,Ritmo Baixo,72bd2672c948d2cb
low_intensity,12-05-2026 21:33:55,2,Um ritmo mais leve será benéfico para o seu bem-estar.,sX9eIgojLxoaFqx74kOu,True,1778621635000,Ritmo Baixo,574582321d04df00
low_intensity,14-05-2026 13:54:00,2,Um ritmo mais leve será benéfico para o seu bem-estar.,3xFbC5ceJ2umNR39kUfb,True,1778766840000,Ritmo Baixo,d5eb4d757b335d0e
high_intensity,17-05-2026 05:05:39,10,Excelente intensidade! Continue assim.,9XDsjTzA3otV8TFfG9d2,True,1778994339000,Alta Intensidade,f7c6682ad24d37f8
high_intensity,26-05-2026 03:23:19,10,Excelente intensidade! Continue assim.,iM25dKSJCp3PYxMOHazJ,True,1779765799000,Alta Intensidade,b30b0b43692b035b
low_intensity,30-05-2026 14:03:24,2,Um ritmo mais leve será benéfico para o seu bem-estar.,3665O7aAYzNpwqAilAB0,True,1780149804000,Ritmo Baixo,923d0315f3ae2bb3
low_intensity,06-05-2026 07:37:43,2,Um ritmo mais leve será benéfico para o seu bem-estar.,PqM2xMb6i93awQ3KB8PP,True,1778053063000,Ritmo Baixo,4c885efe7bde3ff4
high_intensity,17-05-2026 18:04:47,10,Excelente intensidade! Continue assim.,ok0M3MbBZh4x6b7Mt7DN,True,1779041087000,Alta Intensidade,de2dde23040292bc
low_intensity,05-05-2026 22:56:01,2,Um ritmo mais leve será benéfico para o seu bem-estar.,l1XLozSa0ivL3JpdaGtA,True,1778021761000,Ritmo Baixo,6214b1b462c04096
medium_intensity,07-05-2026 01:55:07,5,Este nível de atividade é ideal para o seu bem-estar.,lXo80dgBfREk103QyHQc,True,1778118907000,Ritmo Saudável,d4389e820d4f82fa
low_intensity,18-05-2026 20:56:28,2,Um ritmo mais leve será benéfico para o seu bem-estar.,Fl9G2cRfsMhysimmX2Xy,True,1779137788000,Ritmo Baixo,8f8c45c33ff51d0e
low_intensity,29-05-2026 04:00:20,2,Um ritmo mais leve será benéfico para o seu bem-estar.,MMmKKSvmwqiu4lInYpTL,True,1780027220000,Ritmo Baixo,1791998ac3161359
medium_intensity,15-05-2026 09:47:47,5,Este nível de atividade é ideal para o seu bem-estar.,OypOixkNMpy6MrwRw3hY,True,1778838467000,Ritmo Saudável,24d6a87b0598b02e
medium_intensity,18-05-2026 22:23:00,5,Este nível de atividade é ideal para o seu bem-estar.,ZNO7SykJ6kSNidNolTG7,True,1779142980000,Ritmo Saudável,b8e78b83a62a0cb7
high_intensity,08-05-2026 23:01:00,10,Excelente intensidade! Continue assim.,4zDKFJc5g03d9wVp8wId,True,1778281260000,Alta Intensidade,f7af4712fd6b9108
high_intensity,05-05-2026 18:27:41,10,Excelente intensidade! Continue assim.,F6eXHPsRyvZIXgZ8Pwp9,True,1778005661000,Alta Intensidade,d4389e820d4f82fa
high_intensity,30-05-2026 13:21:14,10,Excelente intensidade! Continue assim.,1QwPb448R2dfJeYJ1iCB,True,1780147274000,Alta Intensidade,e7eb35b501d57e1f
medium_intensity,14-05-2026 14:29:52,5,Este nível de atividade é ideal para o seu bem-estar.,r01g7cP2FvZdgizzh8Nw,True,1778768992000,Ritmo Saudável,de2dde23040292bc
low_intensity,08-05-2026 07:30:35,2,Um ritmo mais leve será benéfico para o seu bem-estar.,U34nuLgukZJnlW8unIux,True,1778225435000,Ritmo Baixo,91d55d217a2af234
medium_intensity,17-05-2026 01:01:36,5,Este nível de atividade é ideal para o seu bem-estar.,w1G8b6WciasF2gxKfOnB,True,1778979696000,Ritmo Saudável,8dc02e5c153f83a3
medium_intensity,26-05-2026 03:17:55,5,Este nível de atividade é ideal para o seu bem-estar.,8CwdbIEDnVUIvQjEYhtA,True,1779765475000,Ritmo Saudável,17b4966e9be4d8d8
low_intensity,24-05-2026 08:24:07,2,Um ritmo mais leve será benéfico para o seu bem-estar.,MO9vWwO5dj4o3BcFIp6S,True,1779611047000,Ritmo Baixo,1791998ac3161359
high_intensity,16-05-2026 22:44:42,10,Excelente intensidade! Continue assim.,ajRMuuCgmRXL2lCeSaEV,True,1778971482000,Alta Intensidade,cbf338d836298cb7
high_intensity,28-05-2026 04:30:36,10,Excelente intensidade! Continue assim.,VBb0TrIAkIrvUMLIdSnq,True,1779942636000,Alta Intensidade,514af2be7dc985d8
high_intensity,15-05-2026 18:47:41,10,Excelente intensidade! Continue assim.,HR9MInEHV5GT4Oyfwmpp,True,1778870861000,Alta Intensidade,57e7d972b508815d
high_intensity,12-05-2026 14:04:37,10,Excelente intensidade! Continue assim.,0cMTlR4rGozWGlWdNHty,True,1778594677000,Alta Intensidade,4c885efe7bde3ff4
high_intensity,11-05-2026 23:17:51,10,Excelente intensidade! Continue assim.,b8avelkiY55kq0Lju4gw,True,1778541471000,Alta Intensidade,b8e78b83a62a0cb7
high_intensity,06-05-2026 12:15:40,10,Excelente intensidade! Continue assim.,DVcoyfZQbU2yksldZZqw,True,1778069740000,Alta Intensidade,c34c1310eab19c87
low_intensity,07-05-2026 09:49:59,2,Um ritmo mais leve será benéfico para o seu bem-estar.,bZPMASCizkyzzEK3EdSC,True,1778147399000,Ritmo Baixo,13db178cd9a1e37a
medium_intensity,06-05-2026 15:10:45,5,Este nível de atividade é ideal para o seu bem-estar.,TSyvfQS5kQsLsMgXhTc5,True,1778080245000,Ritmo Saudável,3c58290022ed11b1
medium_intensity,12-05-2026 05:51:55,5,Este nível de atividade é ideal para o seu bem-estar.,FPZyO50H6xd9tcVszg52,True,1778565115000,Ritmo Saudável,53c682ded6545e06
medium_intensity,22-05-2026 00:22:53,5,Este nível de atividade é ideal para o seu bem-estar.,GWPVqQFhuvdIwNytoKSh,True,1779409373000,Ritmo Saudável,1b1cc9cee9f27003
low_intensity,01-05-2026 04:16:43,2,Um ritmo mais leve será benéfico para o seu bem-estar.,BXO6Eeb40X9iJ9IODQZL,True,1777609003000,Ritmo Baixo,389da1f3a7c1d8de
high_intensity,24-05-2026 08:00:04,10,Excelente intensidade! Continue assim.,2DMeL6PHwitfvpBNfTM7,True,1779609604000,Alta Intensidade,3bc1bf7fb69f3ba3
medium_intensity,26-05-2026 10:19:23,5,Este nível de atividade é ideal para o seu bem-estar.,OnRLjyTbg8C4SEzcR12b,True,1779790763000,Ritmo Saudável,9cbee3c1d7168837
medium_intensity,02-05-2026 01:51:25,5,Este nível de atividade é ideal para o seu bem-estar.,aLzVeMjXpDl3APPI9L79,True,1777686685000,Ritmo Saudável,7f281c8dbac1f799
low_intensity,09-05-2026 20:41:21,2,Um ritmo mais leve será benéfico para o seu bem-estar.,v3vrxHBs4w38KkYyl3Z7,True,1778359281000,Ritmo Baixo,63d3511e9e857901
high_intensity,21-05-2026 23:21:28,10,Excelente intensidade! Continue assim.,4GL4C4pGFgNEKnfhU95w,True,1779405688000,Alta Intensidade,3bd002cf1fcfa789
high_intensity,08-05-2026 09:59:47,10,Excelente intensidade! Continue assim.,uPXOEfsAxpDXPd9InUOB,True,1778234387000,Alta Intensidade,ae7ec9246c4649bc
low_intensity,20-05-2026 10:11:00,2,Um ritmo mais leve será benéfico para o seu bem-estar.,WBTnj9TiRAscSkDJRT2v,True,1779271860000,Ritmo Baixo,e84878f982129128
low_intensity,20-05-2026 08:11:43,2,Um ritmo mais leve será benéfico para o seu bem-estar.,pCsnr0byuA1rYTS71YLx,True,1779264703000,Ritmo Baixo,c837debb39dd1e68
high_intensity,28-05-2026 19:04:27,10,Excelente intensidade! Continue assim.,DgjhONgf4zbHqQKwTVui,True,1779995067000,Alta Intensidade,3b1338c1207d1e2e
medium_intensity,12-05-2026 23:56:14,5,Este nível de atividade é ideal para o seu bem-estar.,pt6e2SYpJCnhElt28gBd,True,1778630174000,Ritmo Saudável,daf96d2280390dec
medium_intensity,10-05-2026 12:50:25,5,Este nível de atividade é ideal para o seu bem-estar.,XZBotm3eo6AlpiMrxmQW,True,1778417425000,Ritmo Saudável,da211edc7bac01a0
low_intensity,19-05-2026 23:09:05,2,Um ritmo mais leve será benéfico para o seu bem-estar.,2rkvXRy3lInKMqpL1xMe,True,1779232145000,Ritmo Baixo,e84878f982129128
medium_intensity,24-05-2026 02:08:30,5,Este nível de atividade é ideal para o seu bem-estar.,kBSyhpbq62J6XCxBxRaQ,True,1779588510000,Ritmo Saudável,552b8d6c350cb13c
medium_intensity,25-05-2026 05:12:44,5,Este nível de atividade é ideal para o seu bem-estar.,90BS0Uc35wzd0WT0AOOV,True,1779685964000,Ritmo Saudável,c34c1310eab19c87
high_intensity,06-05-2026 14:57:08,10,Excelente intensidade! Continue assim.,livEB6eFCAoI4NHigAvP,True,1778079428000,Alta Intensidade,72bd2672c948d2cb
medium_intensity,04-05-2026 10:56:08,5,Este nível de atividade é ideal para o seu bem-estar.,gFNoKzWSr5Mc1sx33x0Q,True,1777892168000,Ritmo Saudável,13db178cd9a1e37a
high_intensity,03-05-2026 07:07:16,10,Excelente intensidade! Continue assim.,ckU0LN76pGwhZiCHGkXJ,True,1777792036000,Alta Intensidade,2618243a251bd83f
low_intensity,11-05-2026 22:20:42,2,Um ritmo mais leve será benéfico para o seu bem-estar.,dTlxnyIfpsh3MrP6E5Rm,True,1778538042000,Ritmo Baixo,131c7dd8f3ab4b35
high_intensity,25-05-2026 06:21:18,10,Excelente intensidade! Continue assim.,kWBUQjP46yVNAEYzriY5,True,1779690078000,Alta Intensidade,f7af4712fd6b9108
low_intensity,02-05-2026 08:28:52,2,Um ritmo mais leve será benéfico para o seu bem-estar.,GZrnikq42DDEuOOK9o8n,True,1777710532000,Ritmo Baixo,9cbee3c1d7168837
medium_intensity,17-05-2026 07:06:08,5,Este nível de atividade é ideal para o seu bem-estar.,PwZGefzR4r0oeySaZDJd,True,1779001568000,Ritmo Saudável,de2dde23040292bc
high_intensity,25-05-2026 00:26:30,10,Excelente intensidade! Continue assim.,2kHualviXlFiW8YAzT4g,True,1779668790000,Alta Intensidade,f879804e4456e5d4
high_intensity,06-05-2026 09:27:04,10,Excelente intensidade! Continue assim.,LwZ1MdIuUwL4TsstThgs,True,1778059624000,Alta Intensidade,cbf338d836298cb7
medium_intensity,05-05-2026 04:46:46,5,Este nível de atividade é ideal para o seu bem-estar.,rtUijLe2ej4YveSlVxns,True,1777956406000,Ritmo Saudável,ec75a53f04901eec
medium_intensity,09-05-2026 17:41:58,5,Este nível de atividade é ideal para o seu bem-estar.,pqAtsq0kFrbp4dSC1mLY,True,1778348518000,Ritmo Saudável,13db178cd9a1e37a
low_intensity,07-05-2026 20:24:07,2,Um ritmo mais leve será benéfico para o seu bem-estar.,VFRt8Jn2BWnfaiNGPSoy,True,1778185447000,Ritmo Baixo,e7eb35b501d57e1f
high_intensity,10-05-2026 11:42:21,10,Excelente intensidade! Continue assim.,obVEbe4bZ3cLuEshg5oE,True,1778413341000,Alta Intensidade,e9da39984fb29dc6
high_intensity,22-05-2026 07:51:17,10,Excelente intensidade! Continue assim.,2pJ7OOddD8vP276e4IUC,True,1779436277000,Alta Intensidade,6f36a3307488809f
low_intensity,15-05-2026 17:13:03,2,Um ritmo mais leve será benéfico para o seu bem-estar.,4T2ksLV3BQjPudNsOsXs,True,1778865183000,Ritmo Baixo,5a7b6516c51a4d4e
medium_intensity,16-05-2026 15:46:11,5,Este nível de atividade é ideal para o seu bem-estar.,kJQ6QQEBQ4xA9f6syzeO,True,1778946371000,Ritmo Saudável,514af2be7dc985d8
medium_intensity,19-05-2026 06:36:07,5,Este nível de atividade é ideal para o seu bem-estar.,dGZ9H9tteEFSQK460ke7,True,1779172567000,Ritmo Saudável,b30b0b43692b035b
medium_intensity,24-05-2026 08:24:40,5,Este nível de atividade é ideal para o seu bem-estar.,IC87Dwb53WvYfTkC6zjr,True,1779611080000,Ritmo Saudável,5a7b6516c51a4d4e
high_intensity,02-05-2026 22:03:07,10,Excelente intensidade! Continue assim.,SN420AXr6q63NjkpUVCG,True,1777759387000,Alta Intensidade,b572bc65fae8bec1
low_intensity,20-05-2026 04:39:49,2,Um ritmo mais leve será benéfico para o seu bem-estar.,YufvHwGarkID2JQgqetS,True,1779251989000,Ritmo Baixo,19a558ecc36977ce
high_intensity,06-05-2026 23:59:03,10,Excelente intensidade! Continue assim.,lcYhhrRpAAKA4hN3ZMeV,True,1778111943000,Alta Intensidade,c837debb39dd1e68
low_intensity,15-05-2026 00:26:51,2,Um ritmo mais leve será benéfico para o seu bem-estar.,eYweA2Iagc5SK97YGATF,True,1778804811000,Ritmo Baixo,b30b0b43692b035b
medium_intensity,19-05-2026 19:43:10,5,Este nível de atividade é ideal para o seu bem-estar.,R174fUqyfH3IJ23RB1qu,True,1779219790000,Ritmo Saudável,2a339e8954684016
medium_intensity,09-05-2026 22:05:30,5,Este nível de atividade é ideal para o seu bem-estar.,y4SlhPFC5LFpH3hhs08r,True,1778364330000,Ritmo Saudável,8e7f2987241c2818
low_intensity,08-05-2026 03:35:24,2,Um ritmo mais leve será benéfico para o seu bem-estar.,M9DQ4V6z0fWb3IQ4ojjw,True,1778211324000,Ritmo Baixo,1b38ab967d98cc4e
high_intensity,14-05-2026 21:09:20,10,Excelente intensidade! Continue assim.,tocL1VxvmhiOewxCjJQ8,True,1778792960000,Alta Intensidade,cb4c1290e91970dd
low_intensity,06-05-2026 06:40:16,2,Um ritmo mais leve será benéfico para o seu bem-estar.,qkTf9cdFcxppZg84cFr5,True,1778049616000,Ritmo Baixo,da211edc7bac01a0
low_intensity,10-05-2026 01:39:01,2,Um ritmo mais leve será benéfico para o seu bem-estar.,0PKFj9pSoTmO0cElcouH,True,1778377141000,Ritmo Baixo,1b38ab967d98cc4e
medium_intensity,16-05-2026 08:08:42,5,Este nível de atividade é ideal para o seu bem-estar.,H9MvPdeVdjMz4AWoVmgT,True,1778918922000,Ritmo Saudável,867d47425e9cccc7
low_intensity,09-05-2026 01:46:01,2,Um ritmo mais leve será benéfico para o seu bem-estar.,dk0rOrUXHyTseKBc6WuV,True,1778291161000,Ritmo Baixo,04964f8452901231
low_intensity,12-05-2026 21:50:11,2,Um ritmo mais leve será benéfico para o seu bem-estar.,j6QCjO83AbsnGAwY3BU2,True,1778622611000,Ritmo Baixo,72bd2672c948d2cb
high_intensity,02-05-2026 23:07:54,10,Excelente intensidade! Continue assim.,uXz4g8ILIwetNZjrmlXj,True,1777763274000,Alta Intensidade,1b1cc9cee9f27003
low_intensity,13-05-2026 10:05:27,2,Um ritmo mais leve será benéfico para o seu bem-estar.,4Ww2e507T3biTj4A6iGA,True,1778666727000,Ritmo Baixo,c6a2d85265d19a41
medium_intensity,10-05-2026 08:47:33,5,Este nível de atividade é ideal para o seu bem-estar.,0JNqiGeDND899OLpwoM3,True,1778402853000,Ritmo Saudável,b572bc65fae8bec1
low_intensity,26-05-2026 09:49:06,2,Um ritmo mais leve será benéfico para o seu bem-estar.,idamWgp9kiGzQDDJ9uaJ,True,1779788946000,Ritmo Baixo,c34c1310eab19c87
medium_intensity,04-05-2026 03:06:17,5,Este nível de atividade é ideal para o seu bem-estar.,9XvBjj8Hd52cLENWOS9f,True,1777863977000,Ritmo Saudável,c6a2d85265d19a41
medium_intensity,21-05-2026 03:00:06,5,Este nível de atividade é ideal para o seu bem-estar.,DAqSf3CUrbD2FSwjDL9O,True,1779332406000,Ritmo Saudável,6214b1b462c04096
low_intensity,17-05-2026 18:40:02,2,Um ritmo mais leve será benéfico para o seu bem-estar.,DmuYos85HCiacAfKs45W,True,1779043202000,Ritmo Baixo,e9da39984fb29dc6
medium_intensity,18-05-2026 19:58:37,5,Este nível de atividade é ideal para o seu bem-estar.,NKdxG4lfTtuiuavYFdZv,True,1779134317000,Ritmo Saudável,234da97fe615c6b7
low_intensity,08-05-2026 21:24:20,2,Um ritmo mais leve será benéfico para o seu bem-estar.,4xEs3kgi7ILW67sru4Ck,True,1778275460000,Ritmo Baixo,8e2e127651e9cbde
high_intensity,09-05-2026 18:05:20,10,Excelente intensidade! Continue assim.,gtobN9uqdjS92LghVc5M,True,1778349920000,Alta Intensidade,131c7dd8f3ab4b35
medium_intensity,07-05-2026 08:54:46,5,Este nível de atividade é ideal para o seu bem-estar.,ZiD0WeFgglRKHWLhpbOn,True,1778144086000,Ritmo Saudável,bc74204126e384ca
medium_intensity,13-05-2026 03:31:42,5,Este nível de atividade é ideal para o seu bem-estar.,V34BW42tmP0tutqpqxkR,True,1778643102000,Ritmo Saudável,d0825fdf3da3660c
medium_intensity,30-05-2026 10:21:08,5,Este nível de atividade é ideal para o seu bem-estar.,8pknp9ov3P8C7ZN9FM5S,True,1780136468000,Ritmo Saudável,06bf6a628379e030
low_intensity,02-05-2026 07:11:51,2,Um ritmo mais leve será benéfico para o seu bem-estar.,Ain4lrKUJ1h6F4ZvLPA1,True,1777705911000,Ritmo Baixo,d632e4ce536ec364
low_intensity,10-05-2026 20:15:54,2,Um ritmo mais leve será benéfico para o seu bem-estar.,hkK4sBiHa9jZWazfR0yc,True,1778444154000,Ritmo Baixo,1791998ac3161359
high_intensity,21-05-2026 13:50:06,10,Excelente intensidade! Continue assim.,s9e0IxLlFkYzhpG5VZYs,True,1779371406000,Alta Intensidade,c31244cee16e0c77
high_intensity,28-05-2026 09:55:46,10,Excelente intensidade! Continue assim.,we8JaXMAfP7XhbfKCEYZ,True,1779962146000,Alta Intensidade,eb39e98aca20e7d3
medium_intensity,07-05-2026 23:13:40,5,Este nível de atividade é ideal para o seu bem-estar.,zJxA654Vn3pZLQ8loFOJ,True,1778195620000,Ritmo Saudável,6588d11c4a11acb1
low_intensity,29-05-2026 02:27:26,2,Um ritmo mais leve será benéfico para o seu bem-estar.,i1JYOsalc6sikkOBwHaH,True,1780021646000,Ritmo Baixo,42ac1a2bf982f79c
high_intensity,19-05-2026 13:48:40,10,Excelente intensidade! Continue assim.,PLdyiQ7a2M8iAHJVTy5E,True,1779198520000,Alta Intensidade,7f281c8dbac1f799
low_intensity,29-05-2026 01:12:48,2,Um ritmo mais leve será benéfico para o seu bem-estar.,ojtAOrZRYAmn8HTbjv6r,True,1780017168000,Ritmo Baixo,4c885efe7bde3ff4
high_intensity,29-05-2026 08:58:04,10,Excelente intensidade! Continue assim.,DVpBtsrCKmqXO4AgRlbm,True,1780045084000,Alta Intensidade,42ac1a2bf982f79c
high_intensity,16-05-2026 17:48:12,10,Excelente intensidade! Continue assim.,aFpJwCYsqHlkOLrcTmDJ,True,1778953692000,Alta Intensidade,75778bdb64d1008e
high_intensity,11-05-2026 07:53:52,10,Excelente intensidade! Continue assim.,X9Do6Shk29Q2Qfq3QQo2,True,1778486032000,Alta Intensidade,389da1f3a7c1d8de
medium_intensity,14-05-2026 03:28:45,5,Este nível de atividade é ideal para o seu bem-estar.,Rp0iOgkHPiDYvR3MxMiq,True,1778729325000,Ritmo Saudável,72ba4e2f87adceb5
medium_intensity,17-05-2026 21:24:31,5,Este nível de atividade é ideal para o seu bem-estar.,aJ8NSXlA2xdz9kjlOmxf,True,1779053071000,Ritmo Saudável,da211edc7bac01a0
high_intensity,17-05-2026 20:08:47,10,Excelente intensidade! Continue assim.,7pthWzJs0DDpDvCBbfUd,True,1779048527000,Alta Intensidade,93279918e60ec274
medium_intensity,17-05-2026 22:48:04,5,Este nível de atividade é ideal para o seu bem-estar.,wNYtQaBQs2iGe3agmY2c,True,1779058084000,Ritmo Saudável,2f2bd7547d602b7a
medium_intensity,25-05-2026 18:05:02,5,Este nível de atividade é ideal para o seu bem-estar.,CvQl1UjpQTkYNPP61AJe,True,1779732302000,Ritmo Saudável,556be8558ce56421
medium_intensity,09-05-2026 10:33:12,5,Este nível de atividade é ideal para o seu bem-estar.,drsGhIFauWLnjAD4IqVH,True,1778322792000,Ritmo Saudável,c51d4eb54f89fec8
low_intensity,24-05-2026 19:37:56,2,Um ritmo mais leve será benéfico para o seu bem-estar.,RDfvxvj18P11Z1RKT6Ga,True,1779651476000,Ritmo Baixo,39a54d73a921b9f6
medium_intensity,05-05-2026 20:53:34,5,Este nível de atividade é ideal para o seu bem-estar.,emG372psIay9EzwZlcxp,True,1778014414000,Ritmo Saudável,2618243a251bd83f
medium_intensity,12-05-2026 23:32:59,5,Este nível de atividade é ideal para o seu bem-estar.,OkMZb920ddp9dlUJV6FJ,True,1778628779000,Ritmo Saudável,17b4966e9be4d8d8
low_intensity,26-05-2026 22:48:09,2,Um ritmo mais leve será benéfico para o seu bem-estar.,w0h6UtQu4PGdQ1gDWW1U,True,1779835689000,Ritmo Baixo,72ba4e2f87adceb5
low_intensity,11-05-2026 01:45:10,2,Um ritmo mais leve será benéfico para o seu bem-estar.,FUSnWNZ5UKMCdvYTSvpb,True,1778463910000,Ritmo Baixo,e1bd0a847e7079be
high_intensity,07-05-2026 00:25:53,10,Excelente intensidade! Continue assim.,D3Edcf7vfdH0FrwM559r,True,1778113553000,Alta Intensidade,a8c47673d6a4f85c
high_intensity,05-05-2026 04:20:48,10,Excelente intensidade! Continue assim.,KILemhD26uVHpuKM0jHp,True,1777954848000,Alta Intensidade,1b38ab967d98cc4e
low_intensity,12-05-2026 11:53:40,2,Um ritmo mais leve será benéfico para o seu bem-estar.,ErgGVjreFTaiQB9SF580,True,1778586820000,Ritmo Baixo,6f36a3307488809f
medium_intensity,17-05-2026 05:27:59,5,Este nível de atividade é ideal para o seu bem-estar.,f2M7l6GeclFzcHqA93pV,True,1778995679000,Ritmo Saudável,153c202e3cfef4ba
low_intensity,15-05-2026 03:17:03,2,Um ritmo mais leve será benéfico para o seu bem-estar.,bmyrAc1fWfISJ58AM61W,True,1778815023000,Ritmo Baixo,e84878f982129128
low_intensity,13-05-2026 01:27:07,2,Um ritmo mais leve será benéfico para o seu bem-estar.,TlvTZ3Gdid1HN3N8zRCT,True,1778635627000,Ritmo Baixo,2b95dd3cf28e7c18
medium_intensity,29-05-2026 23:41:37,5,Este nível de atividade é ideal para o seu bem-estar.,TbpFQq9e9AWGpb7mO2zD,True,1780098097000,Ritmo Saudável,3bd002cf1fcfa789
low_intensity,06-05-2026 16:27:32,2,Um ritmo mais leve será benéfico para o seu bem-estar.,7Wbh9D0a9YlHwwJ8ZoRi,True,1778084852000,Ritmo Baixo,57e7d972b508815d
high_intensity,20-05-2026 10:10:19,10,Excelente intensidade! Continue assim.,JK9XesFeDiOJ6HMVGvAS,True,1779271819000,Alta Intensidade,7f281c8dbac1f799
medium_intensity,23-05-2026 20:11:19,5,Este nível de atividade é ideal para o seu bem-estar.,PT0K7N1YFpH0iYyAC810,True,1779567079000,Ritmo Saudável,17b4966e9be4d8d8
medium_intensity,24-05-2026 11:29:09,5,Este nível de atividade é ideal para o seu bem-estar.,YIx5WJoWSedeiP068Xs8,True,1779622149000,Ritmo Saudável,95744df47936b8c4
low_intensity,04-05-2026 02:13:11,2,Um ritmo mais leve será benéfico para o seu bem-estar.,Ie4XeXIF4SyI1wK23ad1,True,1777860791000,Ritmo Baixo,e1bd0a847e7079be
high_intensity,14-05-2026 02:04:53,10,Excelente intensidade! Continue assim.,6bNQNjG9D426NsSZuQ8C,True,1778724293000,Alta Intensidade,cb207a93391638cb
low_intensity,29-05-2026 19:48:46,2,Um ritmo mais leve será benéfico para o seu bem-estar.,c6sPFMZ1sV1zfKsMPbL6,True,1780084126000,Ritmo Baixo,389da1f3a7c1d8de
high_intensity,16-05-2026 19:22:14,10,Excelente intensidade! Continue assim.,SzIVyoUbfMnLFI7yTCEa,True,1778959334000,Alta Intensidade,ae7ec9246c4649bc
high_intensity,02-05-2026 12:27:26,10,Excelente intensidade! Continue assim.,NTuRtlvYccWCHQ2NewQy,True,1777724846000,Alta Intensidade,8dc02e5c153f83a3
low_intensity,11-05-2026 11:54:40,2,Um ritmo mais leve será benéfico para o seu bem-estar.,T2O0CoYVfEN1W4Acostv,True,1778500480000,Ritmo Baixo,0f98939ac68105bb
medium_intensity,22-05-2026 10:50:04,5,Este nível de atividade é ideal para o seu bem-estar.,B3khlM74XneI819pZf0L,True,1779447004000,Ritmo Saudável,2b95dd3cf28e7c18
high_intensity,12-05-2026 02:15:08,10,Excelente intensidade! Continue assim.,hhe4yIMgjmF7uh22JM9D,True,1778552108000,Alta Intensidade,389da1f3a7c1d8de
low_intensity,18-05-2026 11:00:24,2,Um ritmo mais leve será benéfico para o seu bem-estar.,9C44mz0Kr6wr6S3FuGod,True,1779102024000,Ritmo Baixo,19a558ecc36977ce
high_intensity,14-05-2026 10:58:35,10,Excelente intensidade! Continue assim.,7lNvMzhFw2n1Sfr2ibKx,True,1778756315000,Alta Intensidade,de2dde23040292bc
high_intensity,29-05-2026 01:33:11,10,Excelente intensidade! Continue assim.,rngL4BZgXq3OrXZqErOU,True,1780018391000,Alta Intensidade,18d281edb3671f44
low_intensity,30-05-2026 03:16:34,2,Um ritmo mais leve será benéfico para o seu bem-estar.,kDBiwi3VaMRqNlENNXaN,True,1780110994000,Ritmo Baixo,39a54d73a921b9f6
high_intensity,29-05-2026 13:11:36,10,Excelente intensidade! Continue assim.,gEDRJChZBAEQteEYe0mT,True,1780060296000,Alta Intensidade,e7eb35b501d57e1f
low_intensity,11-05-2026 23:12:44,2,Um ritmo mais leve será benéfico para o seu bem-estar.,gwTK1tOmX8d21lZNaG1p,True,1778541164000,Ritmo Baixo,9d789fd91804129f
low_intensity,13-05-2026 17:13:42,2,Um ritmo mais leve será benéfico para o seu bem-estar.,iapxD6EeEwbazBi5QsqX,True,1778692422000,Ritmo Baixo,42ac1a2bf982f79c
medium_intensity,25-05-2026 11:25:29,5,Este nível de atividade é ideal para o seu bem-estar.,DlwxpAGPW5hMyppSXW3K,True,1779708329000,Ritmo Saudável,57e7d972b508815d
medium_intensity,10-05-2026 17:06:28,5,Este nível de atividade é ideal para o seu bem-estar.,8Ronq7dY1hcuSeT7jEg4,True,1778432788000,Ritmo Saudável,6f36a3307488809f
low_intensity,23-05-2026 19:26:12,2,Um ritmo mais leve será benéfico para o seu bem-estar.,OVQZXE6Evt5ADp6SadtO,True,1779564372000,Ritmo Baixo,556be8558ce56421
medium_intensity,02-05-2026 07:34:55,5,Este nível de atividade é ideal para o seu bem-estar.,DWNMNg1mKiDTheBS1nL2,True,1777707295000,Ritmo Saudável,c34c1310eab19c87
medium_intensity,10-05-2026 08:27:59,5,Este nível de atividade é ideal para o seu bem-estar.,Rk0YFFGRowxD7TjkotT0,True,1778401679000,Ritmo Saudável,63d3511e9e857901
low_intensity,06-05-2026 06:58:27,2,Um ritmo mais leve será benéfico para o seu bem-estar.,rcG70kiHSfOxFRFxJtrP,True,1778050707000,Ritmo Baixo,72ba4e2f87adceb5
high_intensity,27-05-2026 03:55:29,10,Excelente intensidade! Continue assim.,VXfjvIYYYORI07KvFFSS,True,1779854129000,Alta Intensidade,5a7b6516c51a4d4e
medium_intensity,23-05-2026 18:50:51,5,Este nível de atividade é ideal para o seu bem-estar.,FflVr55noeht2jt914o1,True,1779562251000,Ritmo Saudável,1b1cc9cee9f27003
high_intensity,21-05-2026 07:20:03,10,Excelente intensidade! Continue assim.,EZuG8X5tlRwRSlBENXzR,True,1779348003000,Alta Intensidade,fb188f553674b4c4
medium_intensity,30-05-2026 10:45:10,5,Este nível de atividade é ideal para o seu bem-estar.,CcL9sfU8OKsoHpVLq9iz,True,1780137910000,Ritmo Saudável,3bc1bf7fb69f3ba3
high_intensity,18-05-2026 23:24:27,10,Excelente intensidade! Continue assim.,JJhzVI5dyVq7njJcsflc,True,1779146667000,Alta Intensidade,75778bdb64d1008e
high_intensity,11-05-2026 16:01:53,10,Excelente intensidade! Continue assim.,VXQUvev4DbTfgRnYeVOq,True,1778515313000,Alta Intensidade,cb207a93391638cb
high_intensity,05-05-2026 19:45:22,10,Excelente intensidade! Continue assim.,VP4Bldp3pk247vyeK0l7,True,1778010322000,Alta Intensidade,556be8558ce56421
low_intensity,22-05-2026 05:09:11,2,Um ritmo mais leve será benéfico para o seu bem-estar.,ONUhswV28Y2bmMx9Esct,True,1779426551000,Ritmo Baixo,b30b0b43692b035b
medium_intensity,12-05-2026 04:27:53,5,Este nível de atividade é ideal para o seu bem-estar.,iOSI6HRrAifZJ3sfYUkN,True,1778560073000,Ritmo Saudável,8dc02e5c153f83a3
high_intensity,09-05-2026 06:48:55,10,Excelente intensidade! Continue assim.,Mj4OF5yurCX65RYT20El,True,1778309335000,Alta Intensidade,131c7dd8f3ab4b35
medium_intensity,10-05-2026 19:32:40,5,Este nível de atividade é ideal para o seu bem-estar.,Hpy3Yu7j2T6uIOE7BkPI,True,1778441560000,Ritmo Saudável,6f36a3307488809f
low_intensity,19-05-2026 00:59:50,2,Um ritmo mais leve será benéfico para o seu bem-estar.,cvzOgO8Xf8aEaCMnrShd,True,1779152390000,Ritmo Baixo,131c7dd8f3ab4b35
low_intensity,10-05-2026 13:02:21,2,Um ritmo mais leve será benéfico para o seu bem-estar.,tM817dTGANC7Yf8whPRl,True,1778418141000,Ritmo Baixo,cbf338d836298cb7
low_intensity,11-05-2026 07:00:06,2,Um ritmo mais leve será benéfico para o seu bem-estar.,OnTKg4KYajgPjJOP8E8H,True,1778482806000,Ritmo Baixo,6214b1b462c04096
high_intensity,10-05-2026 01:31:30,10,Excelente intensidade! Continue assim.,IdqeV3511qrZ0k1GFZHq,True,1778376690000,Alta Intensidade,91d55d217a2af234
low_intensity,13-05-2026 19:50:28,2,Um ritmo mais leve será benéfico para o seu bem-estar.,tcOD8CrPp30V4Nnq5mzR,True,1778701828000,Ritmo Baixo,34cbefbc28798720
high_intensity,08-05-2026 01:57:37,10,Excelente intensidade! Continue assim.,qiOJay287uGNUgDxlzdf,True,1778205457000,Alta Intensidade,5311a0642c2564ad
medium_intensity,08-05-2026 05:35:18,5,Este nível de atividade é ideal para o seu bem-estar.,MQTqCOsBZbK5HbEMFw8Y,True,1778218518000,Ritmo Saudável,fb188f553674b4c4
high_intensity,18-05-2026 15:44:14,10,Excelente intensidade! Continue assim.,Pcgff6WwvOAapszZbCCL,True,1779119054000,Alta Intensidade,8f8c45c33ff51d0e
low_intensity,19-05-2026 04:32:18,2,Um ritmo mais leve será benéfico para o seu bem-estar.,D5aJgqJqp1EkpkOGCtL8,True,1779165138000,Ritmo Baixo,574582321d04df00
medium_intensity,12-05-2026 19:23:35,5,Este nível de atividade é ideal para o seu bem-estar.,N8coctWBPr23W1uCqCbx,True,1778613815000,Ritmo Saudável,c9ab51cba10ae1e9
high_intensity,16-05-2026 23:17:02,10,Excelente intensidade! Continue assim.,eMjEYLR2V9GNZSNdPUQT,True,1778973422000,Alta Intensidade,f879804e4456e5d4
high_intensity,04-05-2026 10:30:44,10,Excelente intensidade! Continue assim.,BBHyXTTzVyq2rWIPrpGv,True,1777890644000,Alta Intensidade,5e1de20fecf98844
low_intensity,18-05-2026 05:24:08,2,Um ritmo mais leve será benéfico para o seu bem-estar.,5QaFeHMnNQZqOJZrVmfG,True,1779081848000,Ritmo Baixo,cb4c1290e91970dd
medium_intensity,24-05-2026 11:57:54,5,Este nível de atividade é ideal para o seu bem-estar.,5KPjwo8REx1A8foY74ca,True,1779623874000,Ritmo Saudável,6588d11c4a11acb1
medium_intensity,30-05-2026 04:38:38,5,Este nível de atividade é ideal para o seu bem-estar.,DZvA3tzU2XccGgBVzXzG,True,1780115918000,Ritmo Saudável,cbf338d836298cb7
medium_intensity,17-05-2026 14:13:53,5,Este nível de atividade é ideal para o seu bem-estar.,tKgxHpxV0sVMDczWriHy,True,1779027233000,Ritmo Saudável,330949523d665e3b
medium_intensity,08-05-2026 12:51:27,5,Este nível de atividade é ideal para o seu bem-estar.,RnOCtAXuuV4Hi0yYNhFz,True,1778244687000,Ritmo Saudável,5311a0642c2564ad
high_intensity,12-05-2026 01:32:19,10,Excelente intensidade! Continue assim.,DjD4ojDfArPipEb35alk,True,1778549539000,Alta Intensidade,fb188f553674b4c4
high_intensity,18-05-2026 18:05:07,10,Excelente intensidade! Continue assim.,enHAMe94KT1HqEDjzNCb,True,1779127507000,Alta Intensidade,3993ad7e2565b6b0
high_intensity,23-05-2026 06:08:10,10,Excelente intensidade! Continue assim.,gbJavxmQPMTwABFZ2t6r,True,1779516490000,Alta Intensidade,b30b0b43692b035b
high_intensity,08-05-2026 07:20:08,10,Excelente intensidade! Continue assim.,Gg5oI7cZQ2ta5gNT5CXw,True,1778224808000,Alta Intensidade,13db178cd9a1e37a
low_intensity,25-05-2026 15:01:35,2,Um ritmo mais leve será benéfico para o seu bem-estar.,ghAKSJTgS4Eo00DsJUlR,True,1779721295000,Ritmo Baixo,91279a646f8ea6ac
medium_intensity,03-05-2026 23:45:51,5,Este nível de atividade é ideal para o seu bem-estar.,eAqxDPbEZVs9pAQ4eSO0,True,1777851951000,Ritmo Saudável,1791998ac3161359
medium_intensity,13-05-2026 18:30:24,5,Este nível de atividade é ideal para o seu bem-estar.,VJXOGNaVFMUtF8uMieXW,True,1778697024000,Ritmo Saudável,0e52f2934d8ce165
high_intensity,24-05-2026 02:39:24,10,Excelente intensidade! Continue assim.,GyHiZbxn2FULFzrH9xLq,True,1779590364000,Alta Intensidade,bb80f878cef35322
medium_intensity,17-05-2026 14:50:39,5,Este nível de atividade é ideal para o seu bem-estar.,KR6o1FUHwXjREgJArXac,True,1779029439000,Ritmo Saudável,13db178cd9a1e37a
high_intensity,15-05-2026 05:01:30,10,Excelente intensidade! Continue assim.,5CHRNChG7QwceCtRpCj5,True,1778821290000,Alta Intensidade,b8e78b83a62a0cb7
high_intensity,20-05-2026 09:10:50,10,Excelente intensidade! Continue assim.,s6r3i7WW3veRbopp9i00,True,1779268250000,Alta Intensidade,53c682ded6545e06
low_intensity,02-05-2026 05:36:12,2,Um ritmo mais leve será benéfico para o seu bem-estar.,A56eTkridyKqRzOI3Tlq,True,1777700172000,Ritmo Baixo,3b1338c1207d1e2e
high_intensity,15-05-2026 18:12:39,10,Excelente intensidade! Continue assim.,6Byv7mQTo0oQ6v1Wa55p,True,1778868759000,Alta Intensidade,42d576864f9952c7
high_intensity,10-05-2026 21:15:40,10,Excelente intensidade! Continue assim.,BQXpovRJeuQTq51oHaLG,True,1778447740000,Alta Intensidade,6588d11c4a11acb1
medium_intensity,12-05-2026 23:02:20,5,Este nível de atividade é ideal para o seu bem-estar.,86BCj4YZaoJQ2TqMZgA0,True,1778626940000,Ritmo Saudável,64a94f9052422a0c
medium_intensity,06-05-2026 03:43:28,5,Este nível de atividade é ideal para o seu bem-estar.,NRBFJUyLyDrKodM4ThZN,True,1778039008000,Ritmo Saudável,f7af4712fd6b9108
medium_intensity,30-05-2026 13:30:29,5,Este nível de atividade é ideal para o seu bem-estar.,6dmtSqUupq4Sy7bdhN1c,True,1780147829000,Ritmo Saudável,e9da39984fb29dc6
medium_intensity,10-05-2026 14:17:33,5,Este nível de atividade é ideal para o seu bem-estar.,poaB3zBdWJJRaFPTtYeB,True,1778422653000,Ritmo Saudável,4c885efe7bde3ff4
low_intensity,04-05-2026 12:07:25,2,Um ritmo mais leve será benéfico para o seu bem-estar.,F41zy8Eos76EDAqoXjPK,True,1777896445000,Ritmo Baixo,72ba4e2f87adceb5
high_intensity,23-05-2026 14:09:51,10,Excelente intensidade! Continue assim.,LcXo87H1PjEWmYN2EClI,True,1779545391000,Alta Intensidade,5e1de20fecf98844
medium_intensity,15-05-2026 07:37:25,5,Este nível de atividade é ideal para o seu bem-estar.,Xy3IXSsObZa219R4w5rq,True,1778830645000,Ritmo Saudável,b572bc65fae8bec1
medium_intensity,23-05-2026 22:55:19,5,Este nível de atividade é ideal para o seu bem-estar.,oZVUmMmFl8RbvAv8iQDH,True,1779576919000,Ritmo Saudável,7182af742e04dc6d
low_intensity,08-05-2026 17:31:26,2,Um ritmo mais leve será benéfico para o seu bem-estar.,SW7Rzrmo157CVl4Otd30,True,1778261486000,Ritmo Baixo,574582321d04df00
high_intensity,10-05-2026 00:43:18,10,Excelente intensidade! Continue assim.,JUAKTv6hXDSceHrjQWjD,True,1778373798000,Alta Intensidade,ec75a53f04901eec
high_intensity,29-05-2026 16:53:25,10,Excelente intensidade! Continue assim.,yMU2gjgxAqGNlcbcGovB,True,1780073605000,Alta Intensidade,93279918e60ec274
medium_intensity,18-05-2026 11:20:18,5,Este nível de atividade é ideal para o seu bem-estar.,dkplofK1Z6aVZICkDhQI,True,1779103218000,Ritmo Saudável,1b1cc9cee9f27003
medium_intensity,06-05-2026 18:30:53,5,Este nível de atividade é ideal para o seu bem-estar.,DLhbF8tC9vyOpVqgnvu7,True,1778092253000,Ritmo Saudável,102edb38b5ec347f
high_intensity,21-05-2026 20:20:00,10,Excelente intensidade! Continue assim.,uwiMiqlKd7qNrdRANEFx,True,1779394800000,Alta Intensidade,d0825fdf3da3660c
medium_intensity,07-05-2026 15:24:01,5,Este nível de atividade é ideal para o seu bem-estar.,RJhcCiczrNm2JS116DHG,True,1778167441000,Ritmo Saudável,0f98939ac68105bb
low_intensity,16-05-2026 08:39:10,2,Um ritmo mais leve será benéfico para o seu bem-estar.,UooJHAkJAFRk1siFxrSa,True,1778920750000,Ritmo Baixo,3bc1bf7fb69f3ba3
medium_intensity,10-05-2026 00:44:58,5,Este nível de atividade é ideal para o seu bem-estar.,2JtxL8gsD91FBaG3VHjU,True,1778373898000,Ritmo Saudável,d632e4ce536ec364
high_intensity,06-05-2026 09:26:16,10,Excelente intensidade! Continue assim.,PpGuBCY4BQfhzRbHX0hO,True,1778059576000,Alta Intensidade,487b076a69a53671
high_intensity,11-05-2026 21:44:08,10,Excelente intensidade! Continue assim.,SiVXnaiAfe1qvswdKE5n,True,1778535848000,Alta Intensidade,131c7dd8f3ab4b35
medium_intensity,30-05-2026 15:38:39,5,Este nível de atividade é ideal para o seu bem-estar.,9ItmpEmNCj6i5ArRuz4m,True,1780155519000,Ritmo Saudável,2b95dd3cf28e7c18
medium_intensity,10-05-2026 18:32:04,5,Este nível de atividade é ideal para o seu bem-estar.,3mvaIfWLFW5B4xz1KyGs,True,1778437924000,Ritmo Saudável,3b1338c1207d1e2e
low_intensity,21-05-2026 04:58:02,2,Um ritmo mais leve será benéfico para o seu bem-estar.,u9m3xXK5VnF57YqP4DPQ,True,1779339482000,Ritmo Baixo,b572bc65fae8bec1
high_intensity,27-05-2026 06:59:34,10,Excelente intensidade! Continue assim.,dZk8r4XPIfl1TMGTSZHj,True,1779865174000,Alta Intensidade,ce246387dd078174
medium_intensity,30-05-2026 09:07:31,5,Este nível de atividade é ideal para o seu bem-estar.,oPZAtgTFLL6u90Ct0uSj,True,1780132051000,Ritmo Saudável,63d3511e9e857901
medium_intensity,17-05-2026 14:16:25,5,Este nível de atividade é ideal para o seu bem-estar.,RjMSc2BOsNaPo29kBe5O,True,1779027385000,Ritmo Saudável,556be8558ce56421
medium_intensity,13-05-2026 05:46:54,5,Este nível de atividade é ideal para o seu bem-estar.,Zbc1H0dcZvSKoJuWVmvT,True,1778651214000,Ritmo Saudável,24d6a87b0598b02e
high_intensity,21-05-2026 09:20:35,10,Excelente intensidade! Continue assim.,naryDZzJPHTNDfvYiYZg,True,1779355235000,Alta Intensidade,1bd749deaf799034
low_intensity,12-05-2026 23:26:15,2,Um ritmo mais leve será benéfico para o seu bem-estar.,U9wTSSnmCqXq4lcngTMf,True,1778628375000,Ritmo Baixo,d57d393b16ba030e
low_intensity,16-05-2026 08:39:52,2,Um ritmo mais leve será benéfico para o seu bem-estar.,ApAGD1BksdlRrrtmTLBw,True,1778920792000,Ritmo Baixo,153c202e3cfef4ba
medium_intensity,13-05-2026 06:26:19,5,Este nível de atividade é ideal para o seu bem-estar.,kAFh2stvXSZKosSTk90f,True,1778653579000,Ritmo Saudável,c0014ea2ee2fdaea
medium_intensity,09-05-2026 03:52:08,5,Este nível de atividade é ideal para o seu bem-estar.,2oGYpN9AZxT0dCHhTGNy,True,1778298728000,Ritmo Saudável,234da97fe615c6b7
high_intensity,28-05-2026 01:31:46,10,Excelente intensidade! Continue assim.,dm7tA43WI3tSQeV6yCNa,True,1779931906000,Alta Intensidade,c837debb39dd1e68
high_intensity,12-05-2026 02:57:32,10,Excelente intensidade! Continue assim.,pyXtvgTiFE9SCfttUdh1,True,1778554652000,Alta Intensidade,e1bd0a847e7079be
high_intensity,28-05-2026 00:39:55,10,Excelente intensidade! Continue assim.,z8LSZxa4vKempp6FVtv2,True,1779928795000,Alta Intensidade,b572bc65fae8bec1
medium_intensity,08-05-2026 11:46:17,5,Este nível de atividade é ideal para o seu bem-estar.,BnZGeH0j8V7kufjQNRxt,True,1778240777000,Ritmo Saudável,34cbefbc28798720
low_intensity,13-05-2026 07:09:49,2,Um ritmo mais leve será benéfico para o seu bem-estar.,RxxYxEAkCq1poPCF1Llp,True,1778656189000,Ritmo Baixo,93279918e60ec274
high_intensity,30-05-2026 02:29:38,10,Excelente intensidade! Continue assim.,q2gXHkvbiscGWYWMu5ik,True,1780108178000,Alta Intensidade,cbf338d836298cb7
medium_intensity,07-05-2026 20:37:25,5,Este nível de atividade é ideal para o seu bem-estar.,G1ShHBvvLqzJLcrZOOYF,True,1778186245000,Ritmo Saudável,e7eb35b501d57e1f
medium_intensity,13-05-2026 06:20:16,5,Este nível de atividade é ideal para o seu bem-estar.,AErsoprHjVPPbWMBveoh,True,1778653216000,Ritmo Saudável,bb80f878cef35322
medium_intensity,06-05-2026 21:09:43,5,Este nível de atividade é ideal para o seu bem-estar.,0I6cq6oK8U2pRikvnY2l,True,1778101783000,Ritmo Saudável,c6a2d85265d19a41
low_intensity,02-05-2026 01:29:52,2,Um ritmo mais leve será benéfico para o seu bem-estar.,dO2xC0uU7ivRnpdqUbak,True,1777685392000,Ritmo Baixo,d632e4ce536ec364
high_intensity,05-05-2026 00:36:15,10,Excelente intensidade! Continue assim.,BuAOdo8mjE9Coazw9Ag1,True,1777941375000,Alta Intensidade,0f98939ac68105bb
high_intensity,26-05-2026 11:40:02,10,Excelente intensidade! Continue assim.,hixadPPkDQSXwkiUt22H,True,1779795602000,Alta Intensidade,bb4bb9fbcfcc16d1
medium_intensity,23-05-2026 09:04:27,5,Este nível de atividade é ideal para o seu bem-estar.,PdjGVreY5jPL85NHDuTL,True,1779527067000,Ritmo Saudável,3db4e6efff8b7518
high_intensity,29-05-2026 06:22:31,10,Excelente intensidade! Continue assim.,zdUNQFyyAPXRKma0NMYU,True,1780035751000,Alta Intensidade,de2dde23040292bc
medium_intensity,03-05-2026 23:09:49,5,Este nível de atividade é ideal para o seu bem-estar.,vTcweBGjtIKcvrsUsmdF,True,1777849789000,Ritmo Saudável,3db4e6efff8b7518
medium_intensity,13-05-2026 09:31:06,5,Este nível de atividade é ideal para o seu bem-estar.,asJDoVP9rrztmTFecRLk,True,1778664666000,Ritmo Saudável,5a7b6516c51a4d4e
high_intensity,15-05-2026 03:37:44,10,Excelente intensidade! Continue assim.,vyoGUILEYli9wNLQsncn,True,1778816264000,Alta Intensidade,bc74204126e384ca
low_intensity,26-05-2026 16:39:27,2,Um ritmo mais leve será benéfico para o seu bem-estar.,RtcauyFyGPDHyJTPx5HU,True,1779813567000,Ritmo Baixo,057c44d337463e07
high_intensity,18-05-2026 12:42:17,10,Excelente intensidade! Continue assim.,0DzLUqEcvimFdPYv2zfu,True,1779108137000,Alta Intensidade,6588d11c4a11acb1
low_intensity,23-05-2026 23:57:40,2,Um ritmo mais leve será benéfico para o seu bem-estar.,p0idPGF5VZhprs4ZmgQh,True,1779580660000,Ritmo Baixo,057c44d337463e07
high_intensity,30-05-2026 06:42:17,10,Excelente intensidade! Continue assim.,MhGbH1cbtRputgdTNGfQ,True,1780123337000,Alta Intensidade,3b1338c1207d1e2e
medium_intensity,04-05-2026 02:55:18,5,Este nível de atividade é ideal para o seu bem-estar.,u3Jpgdf7Oql6UDNjRZug,True,1777863318000,Ritmo Saudável,923d0315f3ae2bb3
high_intensity,20-05-2026 09:55:48,10,Excelente intensidade! Continue assim.,jyBDJtJ6hlKmL2NF5vrj,True,1779270948000,Alta Intensidade,057c44d337463e07
low_intensity,22-05-2026 17:45:36,2,Um ritmo mais leve será benéfico para o seu bem-estar.,W6oXKeHgSSP51VI9zotY,True,1779471936000,Ritmo Baixo,2a339e8954684016
high_intensity,01-05-2026 09:44:45,10,Excelente intensidade! Continue assim.,2ufenxkGNksWAqVUILrv,True,1777628685000,Alta Intensidade,487b076a69a53671
medium_intensity,16-05-2026 03:05:25,5,Este nível de atividade é ideal para o seu bem-estar.,0IroLq1Q5DFOoyj98kYh,True,1778900725000,Ritmo Saudável,2f2bd7547d602b7a
low_intensity,01-05-2026 01:01:41,2,Um ritmo mais leve será benéfico para o seu bem-estar.,aZZhXmClFed4YqEhVeK0,True,1777597301000,Ritmo Baixo,867d47425e9cccc7
medium_intensity,11-05-2026 09:15:36,5,Este nível de atividade é ideal para o seu bem-estar.,HDizibXPHWJh0BZUEwzz,True,1778490936000,Ritmo Saudável,24d6a87b0598b02e
high_intensity,17-05-2026 14:04:38,10,Excelente intensidade! Continue assim.,PyrBRadRlmnISe6gptB5,True,1779026678000,Alta Intensidade,c51d4eb54f89fec8
medium_intensity,24-05-2026 12:56:06,5,Este nível de atividade é ideal para o seu bem-estar.,hLjVZrFZJ3alnpnloVCT,True,1779627366000,Ritmo Saudável,ae7ec9246c4649bc
high_intensity,17-05-2026 06:45:05,10,Excelente intensidade! Continue assim.,XJFqbQBZsMUNgq8q3mbC,True,1779000305000,Alta Intensidade,5311a0642c2564ad
medium_intensity,17-05-2026 17:17:30,5,Este nível de atividade é ideal para o seu bem-estar.,vwPQECIPRwzJtUViA06V,True,1779038250000,Ritmo Saudável,131c7dd8f3ab4b35
high_intensity,24-05-2026 17:15:11,10,Excelente intensidade! Continue assim.,5BtKThGVGLmpa2qmZ7V9,True,1779642911000,Alta Intensidade,c0014ea2ee2fdaea
medium_intensity,22-05-2026 21:26:16,5,Este nível de atividade é ideal para o seu bem-estar.,HKrayPre5YIcVY0c033h,True,1779485176000,Ritmo Saudável,c9ab51cba10ae1e9
low_intensity,09-05-2026 18:30:58,2,Um ritmo mais leve será benéfico para o seu bem-estar.,V2xn3WFgh6WVcEgq0NhX,True,1778351458000,Ritmo Baixo,389da1f3a7c1d8de
low_intensity,03-05-2026 04:59:28,2,Um ritmo mais leve será benéfico para o seu bem-estar.,FUNKyoXGMBXaQFRuNVhA,True,1777784368000,Ritmo Baixo,8e7f2987241c2818
medium_intensity,19-05-2026 06:34:59,5,Este nível de atividade é ideal para o seu bem-estar.,J8vv4cA8yZJVo2ROlist,True,1779172499000,Ritmo Saudável,bb80f878cef35322
low_intensity,05-05-2026 10:26:25,2,Um ritmo mais leve será benéfico para o seu bem-estar.,x30voW0oC4RxsqUp9bxr,True,1777976785000,Ritmo Baixo,bb4bb9fbcfcc16d1
low_intensity,04-05-2026 02:43:13,2,Um ritmo mais leve será benéfico para o seu bem-estar.,jFlNzhm8cySPu1sMOhsO,True,1777862593000,Ritmo Baixo,552b8d6c350cb13c
low_intensity,04-05-2026 05:59:32,2,Um ritmo mais leve será benéfico para o seu bem-estar.,VLuv2BsAKQZoksnrIna3,True,1777874372000,Ritmo Baixo,0f98939ac68105bb
low_intensity,05-05-2026 12:13:05,2,Um ritmo mais leve será benéfico para o seu bem-estar.,PUL7to1dy75uvORB7qOz,True,1777983185000,Ritmo Baixo,7f281c8dbac1f799
high_intensity,08-05-2026 11:43:40,10,Excelente intensidade! Continue assim.,0yFdI3rVdsio32hyAX1i,True,1778240620000,Alta Intensidade,c7f34dc43387f858
low_intensity,01-05-2026 01:33:34,2,Um ritmo mais leve será benéfico para o seu bem-estar.,bNoQJ2AOB2W0F5Hh5iEe,True,1777599214000,Ritmo Baixo,5a7b6516c51a4d4e
medium_intensity,22-05-2026 21:45:37,5,Este nível de atividade é ideal para o seu bem-estar.,I7MxoihmmNfVooGebJZQ,True,1779486337000,Ritmo Saudável,95744df47936b8c4
low_intensity,06-05-2026 11:21:25,2,Um ritmo mais leve será benéfico para o seu bem-estar.,C3R0umVvBX0t9cnKY5Sz,True,1778066485000,Ritmo Baixo,63d3511e9e857901
low_intensity,11-05-2026 02:42:38,2,Um ritmo mais leve será benéfico para o seu bem-estar.,KI2P2ygDKnea8CWKmZ6o,True,1778467358000,Ritmo Baixo,0f98939ac68105bb
low_intensity,14-05-2026 16:27:10,2,Um ritmo mais leve será benéfico para o seu bem-estar.,HrE7dh6NGgwfprpOo8gT,True,1778776030000,Ritmo Baixo,3993ad7e2565b6b0
high_intensity,14-05-2026 05:00:41,10,Excelente intensidade! Continue assim.,XsgiOUJcAANfKfbhWhsh,True,1778734841000,Alta Intensidade,8f8c45c33ff51d0e
medium_intensity,18-05-2026 03:39:58,5,Este nível de atividade é ideal para o seu bem-estar.,JiCQ5WgLXoSgLawyTb26,True,1779075598000,Ritmo Saudável,867d47425e9cccc7
medium_intensity,20-05-2026 22:44:47,5,Este nível de atividade é ideal para o seu bem-estar.,Q9JYQlKQu1gBzfQYtVku,True,1779317087000,Ritmo Saudável,cbf338d836298cb7
medium_intensity,15-05-2026 23:18:50,5,Este nível de atividade é ideal para o seu bem-estar.,bMmbhj0bCqSfbyD356oR,True,1778887130000,Ritmo Saudável,e9da39984fb29dc6
high_intensity,09-05-2026 22:27:45,10,Excelente intensidade! Continue assim.,nVAXsmY2SlM3zASChXpF,True,1778365665000,Alta Intensidade,2f2bd7547d602b7a
high_intensity,30-05-2026 02:21:23,10,Excelente intensidade! Continue assim.,tI1qhbO6UBMxcI5hQrMF,True,1780107683000,Alta Intensidade,131c7dd8f3ab4b35
high_intensity,16-05-2026 05:34:20,10,Excelente intensidade! Continue assim.,OkZrVwVTyxiIiUjDI7sn,True,1778909660000,Alta Intensidade,7f281c8dbac1f799
medium_intensity,09-05-2026 12:00:00,5,Este nível de atividade é ideal para o seu bem-estar.,SlUefPLlfLn3m1ky9HTA,True,1778328000000,Ritmo Saudável,b572bc65fae8bec1
high_intensity,07-05-2026 22:32:08,10,Excelente intensidade! Continue assim.,vQ58uIiVHgEcKZCReJAp,True,1778193128000,Alta Intensidade,93279918e60ec274
medium_intensity,25-05-2026 05:14:35,5,Este nível de atividade é ideal para o seu bem-estar.,I7mPJ95NnI0sE5ZUCD6m,True,1779686075000,Ritmo Saudável,574582321d04df00
high_intensity,14-05-2026 18:30:25,10,Excelente intensidade! Continue assim.,2DwKNiGuQT0HnxeEoidM,True,1778783425000,Alta Intensidade,f7af4712fd6b9108
low_intensity,22-05-2026 19:54:32,2,Um ritmo mais leve será benéfico para o seu bem-estar.,flpZy8ImR04BtSErQajo,True,1779479672000,Ritmo Baixo,a2fd30e5fa49ad53
low_intensity,27-05-2026 20:38:52,2,Um ritmo mais leve será benéfico para o seu bem-estar.,EievaNjnyUuTqbnsfox7,True,1779914332000,Ritmo Baixo,2618243a251bd83f
low_intensity,02-05-2026 16:04:48,2,Um ritmo mais leve será benéfico para o seu bem-estar.,PhacAqXL8bgxriyiK4Rj,True,1777737888000,Ritmo Baixo,34cbefbc28798720
high_intensity,09-05-2026 23:00:05,10,Excelente intensidade! Continue assim.,ONItcWUr4ufHxHlrGHA3,True,1778367605000,Alta Intensidade,574582321d04df00
low_intensity,21-05-2026 05:27:33,2,Um ritmo mais leve será benéfico para o seu bem-estar.,WOMWNzGtbHszS5iQfKe0,True,1779341253000,Ritmo Baixo,da211edc7bac01a0
high_intensity,27-05-2026 14:50:22,10,Excelente intensidade! Continue assim.,fYjtFr4yp5vWVCU8cL5n,True,1779893422000,Alta Intensidade,d57d393b16ba030e
low_intensity,09-05-2026 13:15:59,2,Um ritmo mais leve será benéfico para o seu bem-estar.,7ZTYkKZXbZjiXOKD1PA5,True,1778332559000,Ritmo Baixo,42ac1a2bf982f79c
high_intensity,05-05-2026 23:05:58,10,Excelente intensidade! Continue assim.,RhKaInOo4wTsjv52x8yF,True,1778022358000,Alta Intensidade,9d16533a62ab9315
medium_intensity,07-05-2026 11:56:48,5,Este nível de atividade é ideal para o seu bem-estar.,F0ZZc29CYac2mdp3Xt3O,True,1778155008000,Ritmo Saudável,e8c9832b5c388bb5
high_intensity,21-05-2026 07:34:03,10,Excelente intensidade! Continue assim.,UGahFDe8xyzw2xCnfAFL,True,1779348843000,Alta Intensidade,eb39e98aca20e7d3
high_intensity,07-05-2026 16:20:41,10,Excelente intensidade! Continue assim.,ZUqw3R0BZumZMzloO7DX,True,1778170841000,Alta Intensidade,39a54d73a921b9f6
low_intensity,06-05-2026 23:44:37,2,Um ritmo mais leve será benéfico para o seu bem-estar.,qWOlmKCQpNgMlzn9X0FO,True,1778111077000,Ritmo Baixo,06bf6a628379e030
low_intensity,07-05-2026 22:28:03,2,Um ritmo mais leve será benéfico para o seu bem-estar.,lZrIFcCbo3iTr0miO2Yt,True,1778192883000,Ritmo Baixo,d57d393b16ba030e
medium_intensity,07-05-2026 07:39:08,5,Este nível de atividade é ideal para o seu bem-estar.,YjIx8iPpVkCvACE2RU6d,True,1778139548000,Ritmo Saudável,75778bdb64d1008e
high_intensity,21-05-2026 20:05:58,10,Excelente intensidade! Continue assim.,NHAgPyZe9HrRyfWjiNOV,True,1779393958000,Alta Intensidade,bb4bb9fbcfcc16d1
low_intensity,06-05-2026 05:22:24,2,Um ritmo mais leve será benéfico para o seu bem-estar.,wooo6rCqmEYflKmbn7py,True,1778044944000,Ritmo Baixo,2f2bd7547d602b7a
high_intensity,07-05-2026 14:54:48,10,Excelente intensidade! Continue assim.,YGojOiogv8J3Y7Ot4Sdy,True,1778165688000,Alta Intensidade,3bc1bf7fb69f3ba3
medium_intensity,06-05-2026 06:19:14,5,Este nível de atividade é ideal para o seu bem-estar.,0JmxzP25KL9RrxeVhuqZ,True,1778048354000,Ritmo Saudável,d4389e820d4f82fa
medium_intensity,08-05-2026 17:11:41,5,Este nível de atividade é ideal para o seu bem-estar.,Wfb3R7SkPSu0epGtrTTC,True,1778260301000,Ritmo Saudável,cb4c1290e91970dd
high_intensity,20-05-2026 22:17:04,10,Excelente intensidade! Continue assim.,Ue8geCylOHhss5ptUVJD,True,1779315424000,Alta Intensidade,517fc5ca69b652a5
medium_intensity,21-05-2026 14:53:36,5,Este nível de atividade é ideal para o seu bem-estar.,t7FL9HbL0siSnmBan4MU,True,1779375216000,Ritmo Saudável,487b076a69a53671
low_intensity,15-05-2026 23:49:41,2,Um ritmo mais leve será benéfico para o seu bem-estar.,DBupDijme7Eh0MvE09Zv,True,1778888981000,Ritmo Baixo,bc74204126e384ca
medium_intensity,06-05-2026 11:28:48,5,Este nível de atividade é ideal para o seu bem-estar.,tgG5LZDpVtFB9kRs9Vlk,True,1778066928000,Ritmo Saudável,19a558ecc36977ce
low_intensity,16-05-2026 11:38:44,2,Um ritmo mais leve será benéfico para o seu bem-estar.,wKjx7XM9wQ1wXIHtoDav,True,1778931524000,Ritmo Baixo,b8e78b83a62a0cb7
high_intensity,24-05-2026 02:01:02,10,Excelente intensidade! Continue assim.,W23GHwJQrQWDlbPWbuaN,True,1779588062000,Alta Intensidade,bb4bb9fbcfcc16d1
medium_intensity,21-05-2026 11:22:13,5,Este nível de atividade é ideal para o seu bem-estar.,5KNum8XnaSVRmAbb71PI,True,1779362533000,Ritmo Saudável,8f8c45c33ff51d0e
low_intensity,25-05-2026 07:50:04,2,Um ritmo mais leve será benéfico para o seu bem-estar.,rld2dp8LXnIJKPfJeS9m,True,1779695404000,Ritmo Baixo,72bd2672c948d2cb
high_intensity,01-05-2026 17:15:57,10,Excelente intensidade! Continue assim.,WuwrswTsyX2ALBJ1wMRl,True,1777655757000,Alta Intensidade,2b95dd3cf28e7c18
high_intensity,08-05-2026 06:05:35,10,Excelente intensidade! Continue assim.,4dWNDJFpXKU43RUoYvfv,True,1778220335000,Alta Intensidade,82a83fc853728306
high_intensity,03-05-2026 07:48:41,10,Excelente intensidade! Continue assim.,EngtxREYYCaOqsLDzaZk,True,1777794521000,Alta Intensidade,6f36a3307488809f
low_intensity,30-05-2026 21:33:32,2,Um ritmo mais leve será benéfico para o seu bem-estar.,KMeRNVbarx9c97raqpIa,True,1780176812000,Ritmo Baixo,53c682ded6545e06
low_intensity,20-05-2026 00:03:12,2,Um ritmo mais leve será benéfico para o seu bem-estar.,cHKVj7p0Z99llZZ3KRKY,True,1779235392000,Ritmo Baixo,bb80f878cef35322
high_intensity,17-05-2026 19:30:47,10,Excelente intensidade! Continue assim.,Xo0WOlkQFk11VnrTb4mz,True,1779046247000,Alta Intensidade,daf96d2280390dec
high_intensity,06-05-2026 10:33:49,10,Excelente intensidade! Continue assim.,lN9jFjQn0rksZyfqWT1W,True,1778063629000,Alta Intensidade,0f98939ac68105bb
low_intensity,09-05-2026 11:59:20,2,Um ritmo mais leve será benéfico para o seu bem-estar.,xu5Vqk4zrAmXkBbU3AvD,True,1778327960000,Ritmo Baixo,8e2e127651e9cbde
high_intensity,27-05-2026 01:50:25,10,Excelente intensidade! Continue assim.,cu2NBeHpjxEIyxrgnJFu,True,1779846625000,Alta Intensidade,517fc5ca69b652a5
high_intensity,05-05-2026 16:47:06,10,Excelente intensidade! Continue assim.,9DTkp76iyRM1piMrwFQx,True,1777999626000,Alta Intensidade,91d55d217a2af234
medium_intensity,04-05-2026 23:37:25,5,Este nível de atividade é ideal para o seu bem-estar.,cjhy5wxxyZbODZbg3qAs,True,1777937845000,Ritmo Saudável,19a558ecc36977ce
medium_intensity,07-05-2026 17:15:47,5,Este nível de atividade é ideal para o seu bem-estar.,GCtS87RQ0PVVO5YotSOE,True,1778174147000,Ritmo Saudável,de2dde23040292bc
high_intensity,01-05-2026 00:10:40,10,Excelente intensidade! Continue assim.,cdSB9Qa57zn9G5hzV9Ev,True,1777594240000,Alta Intensidade,556be8558ce56421
medium_intensity,01-05-2026 06:04:25,5,Este nível de atividade é ideal para o seu bem-estar.,H4ebid2yquPeh4JoSpKI,True,1777615465000,Ritmo Saudável,0e52f2934d8ce165
low_intensity,25-05-2026 17:37:58,2,Um ritmo mais leve será benéfico para o seu bem-estar.,hJDQTSvju3UFteay9ZHa,True,1779730678000,Ritmo Baixo,1bd749deaf799034
low_intensity,27-05-2026 02:05:53,2,Um ritmo mais leve será benéfico para o seu bem-estar.,sfyR6oKViLlEtBYnM3sX,True,1779847553000,Ritmo Baixo,f7af4712fd6b9108
medium_intensity,02-05-2026 08:42:03,5,Este nível de atividade é ideal para o seu bem-estar.,XWCcx8pY4iAX3DBLMX77,True,1777711323000,Ritmo Saudável,64a94f9052422a0c
medium_intensity,09-05-2026 09:03:09,5,Este nível de atividade é ideal para o seu bem-estar.,aHLYKVYwTtABUoNBx5D6,True,1778317389000,Ritmo Saudável,5a7b6516c51a4d4e
high_intensity,24-05-2026 22:19:00,10,Excelente intensidade! Continue assim.,7wQJ3O9JqsBaxo99i1eJ,True,1779661140000,Alta Intensidade,0e52f2934d8ce165
high_intensity,01-05-2026 02:39:39,10,Excelente intensidade! Continue assim.,1nuuTDFe4LRbkfT6HDSf,True,1777603179000,Alta Intensidade,3993ad7e2565b6b0
high_intensity,02-05-2026 09:11:41,10,Excelente intensidade! Continue assim.,hMfHHo1qKKXhjBBvjONJ,True,1777713101000,Alta Intensidade,cb4c1290e91970dd
medium_intensity,27-05-2026 10:30:56,5,Este nível de atividade é ideal para o seu bem-estar.,EBnz7lpLO8ON0kqm2idI,True,1779877856000,Ritmo Saudável,a2fd30e5fa49ad53
low_intensity,02-05-2026 02:06:11,2,Um ritmo mais leve será benéfico para o seu bem-estar.,tgkc5dKZbvTwrzoBvyVw,True,1777687571000,Ritmo Baixo,552b8d6c350cb13c
low_intensity,29-05-2026 22:50:48,2,Um ritmo mais leve será benéfico para o seu bem-estar.,leNGVtm0utmfvmAdJNxJ,True,1780095048000,Ritmo Baixo,5311a0642c2564ad
high_intensity,02-05-2026 04:49:21,10,Excelente intensidade! Continue assim.,eds68jJpN5RAYK4VMnPw,True,1777697361000,Alta Intensidade,389da1f3a7c1d8de
medium_intensity,23-05-2026 11:08:29,5,Este nível de atividade é ideal para o seu bem-estar.,tfA9XsMuoByjT0oxYetv,True,1779534509000,Ritmo Saudável,3c58290022ed11b1
medium_intensity,21-05-2026 09:21:21,5,Este nível de atividade é ideal para o seu bem-estar.,J2dwF4AzYTyi5r9WeO4d,True,1779355281000,Ritmo Saudável,eb39e98aca20e7d3
high_intensity,22-05-2026 08:46:57,10,Excelente intensidade! Continue assim.,5rzmeDRRQd4NzpsnK4Ie,True,1779439617000,Alta Intensidade,867d47425e9cccc7
low_intensity,21-05-2026 17:26:09,2,Um ritmo mais leve será benéfico para o seu bem-estar.,eYgnBwbrSFBD896N9LwI,True,1779384369000,Ritmo Baixo,1791998ac3161359
medium_intensity,26-05-2026 19:14:11,5,Este nível de atividade é ideal para o seu bem-estar.,1OgzKHFsKp0mz5mdRpvl,True,1779822851000,Ritmo Saudável,3b1338c1207d1e2e
high_intensity,03-05-2026 15:45:58,10,Excelente intensidade! Continue assim.,dYaeDFaemeviOvYjrCt7,True,1777823158000,Alta Intensidade,d0825fdf3da3660c
high_intensity,15-05-2026 01:51:10,10,Excelente intensidade! Continue assim.,kMxntR3t7BN7q8gO4Hiv,True,1778809870000,Alta Intensidade,c34c1310eab19c87
low_intensity,18-05-2026 13:12:29,2,Um ritmo mais leve será benéfico para o seu bem-estar.,tCcdLiX6QUq94IO3nS17,True,1779109949000,Ritmo Baixo,7182af742e04dc6d
medium_intensity,09-05-2026 11:26:59,5,Este nível de atividade é ideal para o seu bem-estar.,6Uc9DupywNQhci3kNI5d,True,1778326019000,Ritmo Saudável,923d0315f3ae2bb3
high_intensity,14-05-2026 06:26:01,10,Excelente intensidade! Continue assim.,zE7Fjl8TS0SKbDcTQkqf,True,1778739961000,Alta Intensidade,430f674c6dfe941a
medium_intensity,22-05-2026 20:46:36,5,Este nível de atividade é ideal para o seu bem-estar.,AZqRwmZqBiPWeE8IfKDN,True,1779482796000,Ritmo Saudável,e7eb35b501d57e1f
medium_intensity,09-05-2026 08:22:29,5,Este nível de atividade é ideal para o seu bem-estar.,xpmFscjBoW9xWnKZUO90,True,1778314949000,Ritmo Saudável,5afe6ceac06784f5
low_intensity,27-05-2026 06:52:58,2,Um ritmo mais leve será benéfico para o seu bem-estar.,4WW64Zv4tIA0R1l4bbtG,True,1779864778000,Ritmo Baixo,3811390588367f0e
low_intensity,07-05-2026 13:09:25,2,Um ritmo mais leve será benéfico para o seu bem-estar.,CXasrsBPILvruukBJnaj,True,1778159365000,Ritmo Baixo,867d47425e9cccc7
low_intensity,18-05-2026 18:28:05,2,Um ritmo mais leve será benéfico para o seu bem-estar.,8JNqxVi0mMwLIqL74zTO,True,1779128885000,Ritmo Baixo,75778bdb64d1008e
low_intensity,29-05-2026 02:49:46,2,Um ritmo mais leve será benéfico para o seu bem-estar.,Yu1tpuHbgTFokPUZVI9K,True,1780022986000,Ritmo Baixo,430f674c6dfe941a
high_intensity,26-05-2026 12:34:30,10,Excelente intensidade! Continue assim.,BsUarqjzOQuUesi1pI3v,True,1779798870000,Alta Intensidade,cbf338d836298cb7
high_intensity,19-05-2026 14:40:39,10,Excelente intensidade! Continue assim.,ZVIO5AKutTVXO6KaLNrL,True,1779201639000,Alta Intensidade,5311a0642c2564ad
medium_intensity,19-05-2026 15:38:39,5,Este nível de atividade é ideal para o seu bem-estar.,poSrNZkse7ntKzTH47OI,True,1779205119000,Ritmo Saudável,04964f8452901231
medium_intensity,10-05-2026 22:55:29,5,Este nível de atividade é ideal para o seu bem-estar.,DKEBOgipMhYNRkz77zcs,True,1778453729000,Ritmo Saudável,18d281edb3671f44
high_intensity,23-05-2026 16:25:58,10,Excelente intensidade! Continue assim.,gvw7TKSn1W9ocCdgfuYF,True,1779553558000,Alta Intensidade,d0825fdf3da3660c
high_intensity,23-05-2026 19:44:15,10,Excelente intensidade! Continue assim.,0uxZnd53NfIfb6mGoxV4,True,1779565455000,Alta Intensidade,2618243a251bd83f
low_intensity,12-05-2026 13:04:01,2,Um ritmo mais leve será benéfico para o seu bem-estar.,E5GO93a40EvNWRmDdHaB,True,1778591041000,Ritmo Baixo,64a94f9052422a0c
medium_intensity,20-05-2026 20:34:16,5,Este nível de atividade é ideal para o seu bem-estar.,Fe5YUUKN38Y3NXWnMI5e,True,1779309256000,Ritmo Saudável,c837debb39dd1e68
high_intensity,22-05-2026 21:39:16,10,Excelente intensidade! Continue assim.,4hP5UdAJ5FF0EGYJe1is,True,1779485956000,Alta Intensidade,5e1de20fecf98844
high_intensity,29-05-2026 13:36:51,10,Excelente intensidade! Continue assim.,2Q5cQozPazERJjNn81l9,True,1780061811000,Alta Intensidade,3b1338c1207d1e2e
high_intensity,22-05-2026 04:39:09,10,Excelente intensidade! Continue assim.,MEYpAnM3QrWdNAnZXmBj,True,1779424749000,Alta Intensidade,c85cdb0ef48d09c8
high_intensity,05-05-2026 12:55:25,10,Excelente intensidade! Continue assim.,zUb1QLGfnUtysM86jsTE,True,1777985725000,Alta Intensidade,a2fd30e5fa49ad53
medium_intensity,12-05-2026 23:04:33,5,Este nível de atividade é ideal para o seu bem-estar.,kwwLbU3lWUBV1JGMdbaZ,True,1778627073000,Ritmo Saudável,389da1f3a7c1d8de
medium_intensity,16-05-2026 10:09:43,5,Este nível de atividade é ideal para o seu bem-estar.,GdyVEzlOZXjNS5P5kFgo,True,1778926183000,Ritmo Saudável,7f281c8dbac1f799
medium_intensity,27-05-2026 01:16:40,5,Este nível de atividade é ideal para o seu bem-estar.,G2AIjcpKLTBaEW45C33V,True,1779844600000,Ritmo Saudável,c0014ea2ee2fdaea
medium_intensity,12-05-2026 03:40:24,5,Este nível de atividade é ideal para o seu bem-estar.,RDmqUY2boJMhkvT1k961,True,1778557224000,Ritmo Saudável,131c7dd8f3ab4b35
high_intensity,30-05-2026 15:16:39,10,Excelente intensidade! Continue assim.,Zv9EBhfl2A4tAqnx9KhJ,True,1780154199000,Alta Intensidade,d4389e820d4f82fa
medium_intensity,19-05-2026 02:46:30,5,Este nível de atividade é ideal para o seu bem-estar.,lTpIBUPcJPSmCETCF6Pw,True,1779158790000,Ritmo Saudável,430f674c6dfe941a
medium_intensity,28-05-2026 19:15:00,5,Este nível de atividade é ideal para o seu bem-estar.,Y7w4tfBm8hxzF2qCzVj8,True,1779995700000,Ritmo Saudável,3993ad7e2565b6b0
high_intensity,19-05-2026 03:06:34,10,Excelente intensidade! Continue assim.,aYYIzB4T67i5GUryqeLY,True,1779159994000,Alta Intensidade,867d47425e9cccc7
low_intensity,26-05-2026 02:34:32,2,Um ritmo mais leve será benéfico para o seu bem-estar.,YNqj0GBH4M2emBn7jh1r,True,1779762872000,Ritmo Baixo,9cbee3c1d7168837
medium_intensity,03-05-2026 12:30:48,5,Este nível de atividade é ideal para o seu bem-estar.,AazrQ5JyqW3C75xZ0qqf,True,1777811448000,Ritmo Saudável,2618243a251bd83f
low_intensity,28-05-2026 08:52:43,2,Um ritmo mais leve será benéfico para o seu bem-estar.,KuVURLcVwqAu2BE1rCEo,True,1779958363000,Ritmo Baixo,c34c1310eab19c87
low_intensity,23-05-2026 05:42:11,2,Um ritmo mais leve será benéfico para o seu bem-estar.,Q1L8W38rSBxwrojFgqsh,True,1779514931000,Ritmo Baixo,ec75a53f04901eec
medium_intensity,12-05-2026 19:20:30,5,Este nível de atividade é ideal para o seu bem-estar.,CqDBdvQBJmYJATvsNb0r,True,1778613630000,Ritmo Saudável,daf96d2280390dec
high_intensity,03-05-2026 19:15:21,10,Excelente intensidade! Continue assim.,uy1sPaGsOFD4Ys6u5ZrG,True,1777835721000,Alta Intensidade,06961ead71f8b1d8
low_intensity,26-05-2026 12:58:11,2,Um ritmo mais leve será benéfico para o seu bem-estar.,qr4db7YNpufJiUt4zRTu,True,1779800291000,Ritmo Baixo,f7c6682ad24d37f8
low_intensity,21-05-2026 20:14:17,2,Um ritmo mais leve será benéfico para o seu bem-estar.,a8VTBDcSD8k8vweImiQq,True,1779394457000,Ritmo Baixo,5311a0642c2564ad
low_intensity,13-05-2026 18:30:45,2,Um ritmo mais leve será benéfico para o seu bem-estar.,PQtLtnYIWeXhSttwIBtd,True,1778697045000,Ritmo Baixo,75778bdb64d1008e
medium_intensity,14-05-2026 18:22:45,5,Este nível de atividade é ideal para o seu bem-estar.,l3tYbTNOmHohCgxUBqmV,True,1778782965000,Ritmo Saudável,514af2be7dc985d8
high_intensity,03-05-2026 08:33:55,10,Excelente intensidade! Continue assim.,S2BEEgJpxognqKx9p03E,True,1777797235000,Alta Intensidade,3cc68b8049eb8d4c
high_intensity,07-05-2026 13:59:59,10,Excelente intensidade! Continue assim.,TJ9swsSV1n0vC607AJjM,True,1778162399000,Alta Intensidade,2b95dd3cf28e7c18
low_intensity,24-05-2026 22:46:54,2,Um ritmo mais leve será benéfico para o seu bem-estar.,iCjBGqpNIDi67HORAhM3,True,1779662814000,Ritmo Baixo,17b4966e9be4d8d8
high_intensity,02-05-2026 00:11:16,10,Excelente intensidade! Continue assim.,iqMeoP9jfhOFA3IQL4Bi,True,1777680676000,Alta Intensidade,2f2bd7547d602b7a
high_intensity,19-05-2026 11:04:55,10,Excelente intensidade! Continue assim.,QwSW9CMmqP4YufM3QA77,True,1779188695000,Alta Intensidade,1b1cc9cee9f27003
low_intensity,10-05-2026 17:40:15,2,Um ritmo mais leve será benéfico para o seu bem-estar.,3hpvd3k9YIpCnyprCez4,True,1778434815000,Ritmo Baixo,c34c1310eab19c87
high_intensity,11-05-2026 17:19:27,10,Excelente intensidade! Continue assim.,iPxzE1HxHzTkwjp1qaAn,True,1778519967000,Alta Intensidade,95744df47936b8c4
low_intensity,28-05-2026 00:05:31,2,Um ritmo mais leve será benéfico para o seu bem-estar.,5TTgvbjynJCZhiCeE3zz,True,1779926731000,Ritmo Baixo,389da1f3a7c1d8de
medium_intensity,02-05-2026 22:49:00,5,Este nível de atividade é ideal para o seu bem-estar.,2fZPGwY7bTQNDeOXG7Px,True,1777762140000,Ritmo Saudável,2b95dd3cf28e7c18
medium_intensity,22-05-2026 22:23:37,5,Este nível de atividade é ideal para o seu bem-estar.,K5BIcWptoybOQTYtfS5i,True,1779488617000,Ritmo Saudável,daf96d2280390dec
low_intensity,20-05-2026 12:41:05,2,Um ritmo mais leve será benéfico para o seu bem-estar.,AGxjZXzIb9aJEzYkZAx4,True,1779280865000,Ritmo Baixo,e84878f982129128
high_intensity,06-05-2026 05:07:32,10,Excelente intensidade! Continue assim.,A2EVEGVEtXITbcvdypAk,True,1778044052000,Alta Intensidade,72ba4e2f87adceb5
high_intensity,19-05-2026 01:07:24,10,Excelente intensidade! Continue assim.,xFOIrmnvdGBegdUlvuvF,True,1779152844000,Alta Intensidade,574582321d04df00
low_intensity,08-05-2026 15:00:28,2,Um ritmo mais leve será benéfico para o seu bem-estar.,rshMo0HXapFQOW9yXc2q,True,1778252428000,Ritmo Baixo,daf96d2280390dec
medium_intensity,08-05-2026 01:16:28,5,Este nível de atividade é ideal para o seu bem-estar.,gJdqcFdfBoO3vPimNYAz,True,1778202988000,Ritmo Saudável,24d6a87b0598b02e
high_intensity,09-05-2026 21:40:41,10,Excelente intensidade! Continue assim.,qjA9rnyIx0IOaVMwAyRo,True,1778362841000,Alta Intensidade,514af2be7dc985d8
high_intensity,28-05-2026 14:12:16,10,Excelente intensidade! Continue assim.,H8nledAA0qFeZJ6onf3s,True,1779977536000,Alta Intensidade,b572bc65fae8bec1
low_intensity,17-05-2026 00:42:55,2,Um ritmo mais leve será benéfico para o seu bem-estar.,GOiwKqYn2eJ3dWqWsDO2,True,1778978575000,Ritmo Baixo,6214b1b462c04096
high_intensity,28-05-2026 05:46:06,10,Excelente intensidade! Continue assim.,GfoRLfnK077q7acGHHil,True,1779947166000,Alta Intensidade,c31244cee16e0c77
medium_intensity,18-05-2026 22:32:33,5,Este nível de atividade é ideal para o seu bem-estar.,kkURHP6CbbMw9Fu8m5oK,True,1779143553000,Ritmo Saudável,234da97fe615c6b7
high_intensity,08-05-2026 18:03:52,10,Excelente intensidade! Continue assim.,7orGnmQ1iwXQtg66Xs8M,True,1778263432000,Alta Intensidade,eb39e98aca20e7d3
low_intensity,25-05-2026 08:41:15,2,Um ritmo mais leve será benéfico para o seu bem-estar.,uIJwATuQBzdDihtRccij,True,1779698475000,Ritmo Baixo,cbf338d836298cb7
high_intensity,16-05-2026 16:37:52,10,Excelente intensidade! Continue assim.,6tdsC0OQTWtNK1Dh6dL3,True,1778949472000,Alta Intensidade,d0825fdf3da3660c
high_intensity,16-05-2026 20:13:21,10,Excelente intensidade! Continue assim.,4rBblaSaiILVTiwr19ti,True,1778962401000,Alta Intensidade,6588d11c4a11acb1
low_intensity,11-05-2026 16:00:08,2,Um ritmo mais leve será benéfico para o seu bem-estar.,fSYYtKB6IpXaOWRyroQx,True,1778515208000,Ritmo Baixo,1d6285f5502cf1f8
medium_intensity,06-05-2026 14:34:48,5,Este nível de atividade é ideal para o seu bem-estar.,dAkvXoKy0YA2csnlhEVJ,True,1778078088000,Ritmo Saudável,5a7b6516c51a4d4e
medium_intensity,14-05-2026 03:07:33,5,Este nível de atividade é ideal para o seu bem-estar.,JhNuTrKEABnBPQgFF25A,True,1778728053000,Ritmo Saudável,95744df47936b8c4
medium_intensity,06-05-2026 05:49:49,5,Este nível de atividade é ideal para o seu bem-estar.,cmqhy3TnFx3rn3SwSj4a,True,1778046589000,Ritmo Saudável,57e7d972b508815d
medium_intensity,07-05-2026 16:42:23,5,Este nível de atividade é ideal para o seu bem-estar.,y64QiGigJoJ3R4QiBsAx,True,1778172143000,Ritmo Saudável,2a339e8954684016
medium_intensity,04-05-2026 11:31:33,5,Este nível de atividade é ideal para o seu bem-estar.,1KKNJYW6UQk3ctYaN77g,True,1777894293000,Ritmo Saudável,c31244cee16e0c77
high_intensity,24-05-2026 16:49:35,10,Excelente intensidade! Continue assim.,HayZ4jVwKWae6oi7LUcm,True,1779641375000,Alta Intensidade,1bd749deaf799034
medium_intensity,27-05-2026 21:48:33,5,Este nível de atividade é ideal para o seu bem-estar.,g6Wjsx7EECjUqAmXzXbA,True,1779918513000,Ritmo Saudável,cbf338d836298cb7
high_intensity,05-05-2026 13:22:13,10,Excelente intensidade! Continue assim.,1lHROPi3q02ZhwytVP6c,True,1777987333000,Alta Intensidade,7f281c8dbac1f799
low_intensity,22-05-2026 02:13:43,2,Um ritmo mais leve será benéfico para o seu bem-estar.,DBd4xmnRgYKY0RE6Dv4e,True,1779416023000,Ritmo Baixo,3b1338c1207d1e2e
high_intensity,08-05-2026 05:28:56,10,Excelente intensidade! Continue assim.,uIDbZ6qBE60GQLj0VUYd,True,1778218136000,Alta Intensidade,057c44d337463e07
low_intensity,14-05-2026 23:51:47,2,Um ritmo mais leve será benéfico para o seu bem-estar.,tP00IUid0FFBRrR1nH13,True,1778802707000,Ritmo Baixo,2a339e8954684016
low_intensity,18-05-2026 03:42:07,2,Um ritmo mais leve será benéfico para o seu bem-estar.,e6zTmdMYFQ8jKez6CTdw,True,1779075727000,Ritmo Baixo,1b38ab967d98cc4e
low_intensity,11-05-2026 21:16:43,2,Um ritmo mais leve será benéfico para o seu bem-estar.,ZFhXG5LpgBzAZ35CYLPi,True,1778534203000,Ritmo Baixo,e1bd0a847e7079be
low_intensity,21-05-2026 21:43:57,2,Um ritmo mais leve será benéfico para o seu bem-estar.,VufaHWtFUhDypi85fnIU,True,1779399837000,Ritmo Baixo,53c682ded6545e06
medium_intensity,15-05-2026 05:02:18,5,Este nível de atividade é ideal para o seu bem-estar.,MYLcq3XOgBJGwOsPig74,True,1778821338000,Ritmo Saudável,d57d393b16ba030e
high_intensity,29-05-2026 14:19:16,10,Excelente intensidade! Continue assim.,TfmyMK5NQyi52lwXy2r3,True,1780064356000,Alta Intensidade,55b620d8c0ab41e0
high_intensity,21-05-2026 21:16:50,10,Excelente intensidade! Continue assim.,gZXosfw38O9lH2mBIR7f,True,1779398210000,Alta Intensidade,0f98939ac68105bb
high_intensity,03-05-2026 14:48:38,10,Excelente intensidade! Continue assim.,aodao6FE3EKGk7qnGxsM,True,1777819718000,Alta Intensidade,7d176c63414fcd05
high_intensity,03-05-2026 04:04:21,10,Excelente intensidade! Continue assim.,3tkN4HGO8JbuVzdDpXpQ,True,1777781061000,Alta Intensidade,17b4966e9be4d8d8
low_intensity,15-05-2026 06:31:43,2,Um ritmo mais leve será benéfico para o seu bem-estar.,w7o9uN0wdNsKjVG7ij12,True,1778826703000,Ritmo Baixo,153c202e3cfef4ba
low_intensity,27-05-2026 03:09:42,2,Um ritmo mais leve será benéfico para o seu bem-estar.,18i1BvYcwpUN4InflPi8,True,1779851382000,Ritmo Baixo,eb39e98aca20e7d3
medium_intensity,15-05-2026 16:49:29,5,Este nível de atividade é ideal para o seu bem-estar.,HxQXPOW2u5ozKGW2VUwD,True,1778863769000,Ritmo Saudável,6588d11c4a11acb1
high_intensity,30-05-2026 07:02:16,10,Excelente intensidade! Continue assim.,VyuGQyNHhc2vmiLL8vo7,True,1780124536000,Alta Intensidade,1bd749deaf799034
low_intensity,24-05-2026 10:30:32,2,Um ritmo mais leve será benéfico para o seu bem-estar.,wDu5kli2cVw6CKUE3Dhz,True,1779618632000,Ritmo Baixo,3cc68b8049eb8d4c
medium_intensity,28-05-2026 01:12:41,5,Este nível de atividade é ideal para o seu bem-estar.,7JOxKcTii3BEfLe07Emp,True,1779930761000,Ritmo Saudável,39a54d73a921b9f6
high_intensity,06-05-2026 14:11:38,10,Excelente intensidade! Continue assim.,910FcPbhJPx1u1af8a7L,True,1778076698000,Alta Intensidade,8f8c45c33ff51d0e
medium_intensity,28-05-2026 12:35:31,5,Este nível de atividade é ideal para o seu bem-estar.,wiPtst5pHLWwZ6GMCxyq,True,1779971731000,Ritmo Saudável,1d3db575c4a79d75
medium_intensity,22-05-2026 00:04:22,5,Este nível de atividade é ideal para o seu bem-estar.,Xks1Isl1AIxxRyggcVf8,True,1779408262000,Ritmo Saudável,d632e4ce536ec364
high_intensity,19-05-2026 13:30:54,10,Excelente intensidade! Continue assim.,Q5UvZ7bIMaBaTH1xFfLe,True,1779197454000,Alta Intensidade,552b8d6c350cb13c
high_intensity,14-05-2026 23:33:30,10,Excelente intensidade! Continue assim.,h2xj9wbgS9pMckL4KZLi,True,1778801610000,Alta Intensidade,5311a0642c2564ad
medium_intensity,10-05-2026 23:07:30,5,Este nível de atividade é ideal para o seu bem-estar.,krldHnhxjhwGtrXOgD6B,True,1778454450000,Ritmo Saudável,c7f34dc43387f858
high_intensity,06-05-2026 07:45:04,10,Excelente intensidade! Continue assim.,EkA07jrU6747UhSttIMO,True,1778053504000,Alta Intensidade,c51d4eb54f89fec8
medium_intensity,05-05-2026 11:02:33,5,Este nível de atividade é ideal para o seu bem-estar.,Fn7H6sW9syXdsYhcaXmI,True,1777978953000,Ritmo Saudável,06961ead71f8b1d8
medium_intensity,18-05-2026 07:16:07,5,Este nível de atividade é ideal para o seu bem-estar.,olvGl3NJ4cN7vprz0GBc,True,1779088567000,Ritmo Saudável,75778bdb64d1008e
medium_intensity,03-05-2026 12:49:57,5,Este nível de atividade é ideal para o seu bem-estar.,c4NHHKCsrRwWbTlJLhnF,True,1777812597000,Ritmo Saudável,7d176c63414fcd05
low_intensity,04-05-2026 15:36:58,2,Um ritmo mais leve será benéfico para o seu bem-estar.,fI5Dv70dguuFCAkdcoTt,True,1777909018000,Ritmo Baixo,13db178cd9a1e37a
medium_intensity,03-05-2026 14:53:21,5,Este nível de atividade é ideal para o seu bem-estar.,i8SVrbhiF3V8lurAfpfc,True,1777820001000,Ritmo Saudável,0f98939ac68105bb
high_intensity,25-05-2026 17:11:45,10,Excelente intensidade! Continue assim.,ErrdQ9bRoGmFdre2aLaN,True,1779729105000,Alta Intensidade,c837debb39dd1e68
medium_intensity,06-05-2026 08:45:43,5,Este nível de atividade é ideal para o seu bem-estar.,8DZ1Vfjb9Pp1CfpRnjXz,True,1778057143000,Ritmo Saudável,057c44d337463e07
medium_intensity,06-05-2026 08:48:28,5,Este nível de atividade é ideal para o seu bem-estar.,afmhJ6W8bz4FY2dF2qLd,True,1778057308000,Ritmo Saudável,06bf6a628379e030
medium_intensity,26-05-2026 16:53:25,5,Este nível de atividade é ideal para o seu bem-estar.,hVi5qMh5TlrXzocc1PK6,True,1779814405000,Ritmo Saudável,234da97fe615c6b7
medium_intensity,01-05-2026 11:59:54,5,Este nível de atividade é ideal para o seu bem-estar.,9tNnlOIlFuqvOdA4BIHV,True,1777636794000,Ritmo Saudável,57e17fffc619e182
low_intensity,22-05-2026 05:55:35,2,Um ritmo mais leve será benéfico para o seu bem-estar.,6Q0uiJfCGDguP1Afynt3,True,1779429335000,Ritmo Baixo,7e8fb26408446272
low_intensity,14-05-2026 16:05:24,2,Um ritmo mais leve será benéfico para o seu bem-estar.,Hrb8xm6ZphGVMsthYIu7,True,1778774724000,Ritmo Baixo,64a94f9052422a0c
low_intensity,07-05-2026 11:11:22,2,Um ritmo mais leve será benéfico para o seu bem-estar.,YXfUU5O2wlghYA1xxGRl,True,1778152282000,Ritmo Baixo,3993ad7e2565b6b0
high_intensity,25-05-2026 02:26:26,10,Excelente intensidade! Continue assim.,fRAd1S4dj25OGt7EBekq,True,1779675986000,Alta Intensidade,102edb38b5ec347f
high_intensity,21-05-2026 23:07:06,10,Excelente intensidade! Continue assim.,8jg6vI8yBV2H4zBckhq8,True,1779404826000,Alta Intensidade,8f8c45c33ff51d0e
medium_intensity,07-05-2026 06:25:59,5,Este nível de atividade é ideal para o seu bem-estar.,Xy81ue0ENumPNhgNfhl1,True,1778135159000,Ritmo Saudável,64a94f9052422a0c
low_intensity,28-05-2026 13:23:35,2,Um ritmo mais leve será benéfico para o seu bem-estar.,9ADAbTeg0TwoxTIqc1uM,True,1779974615000,Ritmo Baixo,430f674c6dfe941a
low_intensity,06-05-2026 11:37:11,2,Um ritmo mais leve será benéfico para o seu bem-estar.,WFaacL5v2XG8DrgK8N9Q,True,1778067431000,Ritmo Baixo,3811390588367f0e
low_intensity,28-05-2026 10:45:34,2,Um ritmo mais leve será benéfico para o seu bem-estar.,xgvoVZ4uCohRPOpi30b5,True,1779965134000,Ritmo Baixo,17b4966e9be4d8d8
medium_intensity,25-05-2026 20:06:20,5,Este nível de atividade é ideal para o seu bem-estar.,IQ6HoqGW8YLsRryEvnMx,True,1779739580000,Ritmo Saudável,8e2e127651e9cbde
medium_intensity,15-05-2026 22:46:47,5,Este nível de atividade é ideal para o seu bem-estar.,ghYHaKTkDUD5l5dSgGnP,True,1778885207000,Ritmo Saudável,06961ead71f8b1d8
low_intensity,20-05-2026 02:03:17,2,Um ritmo mais leve será benéfico para o seu bem-estar.,KTNf5Y2zTRcv3m3am9p0,True,1779242597000,Ritmo Baixo,53c682ded6545e06
high_intensity,16-05-2026 16:20:54,10,Excelente intensidade! Continue assim.,GYmLFjyY9F8gT6mrYiR6,True,1778948454000,Alta Intensidade,cbf338d836298cb7
low_intensity,03-05-2026 16:24:33,2,Um ritmo mais leve será benéfico para o seu bem-estar.,9rsVD73qzlxWylIy9REa,True,1777825473000,Ritmo Baixo,4c885efe7bde3ff4
high_intensity,14-05-2026 21:38:20,10,Excelente intensidade! Continue assim.,fx2UVu8BUqywHK52V9GE,True,1778794700000,Alta Intensidade,923d0315f3ae2bb3
medium_intensity,08-05-2026 01:24:45,5,Este nível de atividade é ideal para o seu bem-estar.,8oK0WJycrK1hOWtI5Jjq,True,1778203485000,Ritmo Saudável,57e7d972b508815d
low_intensity,21-05-2026 02:25:32,2,Um ritmo mais leve será benéfico para o seu bem-estar.,X03ZbnOfSyVSRkt5rICc,True,1779330332000,Ritmo Baixo,cbf338d836298cb7
high_intensity,11-05-2026 21:59:36,10,Excelente intensidade! Continue assim.,aWzt1Kd58mjREi83OyLk,True,1778536776000,Alta Intensidade,daf96d2280390dec
medium_intensity,04-05-2026 08:59:57,5,Este nível de atividade é ideal para o seu bem-estar.,86fNkgaDMhVJhlRp2h8O,True,1777885197000,Ritmo Saudável,0f98939ac68105bb
low_intensity,17-05-2026 11:36:47,2,Um ritmo mais leve será benéfico para o seu bem-estar.,Xe1zH0L0nRChhprfkbim,True,1779017807000,Ritmo Baixo,8e2e127651e9cbde
high_intensity,20-05-2026 10:28:01,10,Excelente intensidade! Continue assim.,SYx5lGmySdEDTqsluiok,True,1779272881000,Alta Intensidade,ce246387dd078174
low_intensity,17-05-2026 23:45:06,2,Um ritmo mais leve será benéfico para o seu bem-estar.,1EzoZzPnmaZcYr1h6u86,True,1779061506000,Ritmo Baixo,c51d4eb54f89fec8
low_intensity,27-05-2026 09:57:23,2,Um ritmo mais leve será benéfico para o seu bem-estar.,CikrWbwmDNAIwWMnECwj,True,1779875843000,Ritmo Baixo,cbf338d836298cb7
low_intensity,28-05-2026 20:47:36,2,Um ritmo mais leve será benéfico para o seu bem-estar.,Fwjy2rnW4LHrtSMfZQ3s,True,1780001256000,Ritmo Baixo,5e1de20fecf98844
medium_intensity,28-05-2026 21:59:23,5,Este nível de atividade é ideal para o seu bem-estar.,UwNdXl8ZdcAhuM1rqEYl,True,1780005563000,Ritmo Saudável,2618243a251bd83f
medium_intensity,29-05-2026 15:26:28,5,Este nível de atividade é ideal para o seu bem-estar.,KB9i3TAVzb7IT04S21xv,True,1780068388000,Ritmo Saudável,ce246387dd078174
low_intensity,29-05-2026 09:21:28,2,Um ritmo mais leve será benéfico para o seu bem-estar.,UMKy99Dq66ay2LLySW8N,True,1780046488000,Ritmo Baixo,6214b1b462c04096
low_intensity,21-05-2026 14:55:46,2,Um ritmo mais leve será benéfico para o seu bem-estar.,jArMtPjelO0ALmpy85An,True,1779375346000,Ritmo Baixo,487b076a69a53671
low_intensity,03-05-2026 15:07:25,2,Um ritmo mais leve será benéfico para o seu bem-estar.,TNOR6Ckaoiihhy4oYZBK,True,1777820845000,Ritmo Baixo,24d6a87b0598b02e
medium_intensity,07-05-2026 21:43:43,5,Este nível de atividade é ideal para o seu bem-estar.,nVAzZFOS8w2S7d4Lgn1U,True,1778190223000,Ritmo Saudável,e1bd0a847e7079be
high_intensity,20-05-2026 14:55:50,10,Excelente intensidade! Continue assim.,IGLk8eQkBOoFcSQYQJbu,True,1779288950000,Alta Intensidade,b30b0b43692b035b
medium_intensity,28-05-2026 16:48:05,5,Este nível de atividade é ideal para o seu bem-estar.,ITqMi89xGgwtZ2hS7h1a,True,1779986885000,Ritmo Saudável,c85cdb0ef48d09c8
high_intensity,15-05-2026 14:40:54,10,Excelente intensidade! Continue assim.,1zpYApdVIeXIiNSBZnNk,True,1778856054000,Alta Intensidade,cb4c1290e91970dd
low_intensity,02-05-2026 17:20:37,2,Um ritmo mais leve será benéfico para o seu bem-estar.,IwkCqGPhXSQaWCTFYazW,True,1777742437000,Ritmo Baixo,9d789fd91804129f
high_intensity,26-05-2026 17:10:00,10,Excelente intensidade! Continue assim.,4T60JgL0Idt3G1JvzP3x,True,1779815400000,Alta Intensidade,13db178cd9a1e37a
high_intensity,24-05-2026 02:16:59,10,Excelente intensidade! Continue assim.,8vwptT8C25GaM09dyDm6,True,1779589019000,Alta Intensidade,b572bc65fae8bec1
medium_intensity,23-05-2026 14:24:42,5,Este nível de atividade é ideal para o seu bem-estar.,h1xWMz5BvGjXUEXwiUHN,True,1779546282000,Ritmo Saudável,13db178cd9a1e37a
low_intensity,25-05-2026 23:28:23,2,Um ritmo mais leve será benéfico para o seu bem-estar.,GWuvAI91DAhB3DoHbuh7,True,1779751703000,Ritmo Baixo,1d6285f5502cf1f8
medium_intensity,01-05-2026 01:44:43,5,Este nível de atividade é ideal para o seu bem-estar.,0P0LgYYRiVGlPe190lHG,True,1777599883000,Ritmo Saudável,556be8558ce56421
high_intensity,20-05-2026 05:19:25,10,Excelente intensidade! Continue assim.,aTUOGRNvSVzTKrFad4t0,True,1779254365000,Alta Intensidade,867d47425e9cccc7
medium_intensity,21-05-2026 06:38:23,5,Este nível de atividade é ideal para o seu bem-estar.,o47a9kUae6RfO4MXRy8o,True,1779345503000,Ritmo Saudável,cb207a93391638cb
low_intensity,02-05-2026 05:34:49,2,Um ritmo mais leve será benéfico para o seu bem-estar.,jaIAJ2jRiGgcL3m243BS,True,1777700089000,Ritmo Baixo,cbf338d836298cb7
low_intensity,15-05-2026 04:48:13,2,Um ritmo mais leve será benéfico para o seu bem-estar.,Wp9oLs65Bs7b7nlITs1G,True,1778820493000,Ritmo Baixo,487b076a69a53671
low_intensity,16-05-2026 04:34:19,2,Um ritmo mais leve será benéfico para o seu bem-estar.,KzxZBPAjKPRNQQAvSjxg,True,1778906059000,Ritmo Baixo,24d6a87b0598b02e
medium_intensity,21-05-2026 08:21:57,5,Este nível de atividade é ideal para o seu bem-estar.,IdaiCBmEX4UFHVQUwcAo,True,1779351717000,Ritmo Saudável,c9ab51cba10ae1e9
high_intensity,10-05-2026 12:30:20,10,Excelente intensidade! Continue assim.,QoybUiDGHMyUPtv0kChy,True,1778416220000,Alta Intensidade,389da1f3a7c1d8de
medium_intensity,03-05-2026 18:08:44,5,Este nível de atividade é ideal para o seu bem-estar.,ymLgPZ1ipUYWD5hOzYuS,True,1777831724000,Ritmo Saudável,34cbefbc28798720
low_intensity,28-05-2026 05:30:27,2,Um ritmo mais leve será benéfico para o seu bem-estar.,seKT4JM0yMkWKOGnQgMH,True,1779946227000,Ritmo Baixo,8e7f2987241c2818
medium_intensity,01-05-2026 05:21:24,5,Este nível de atividade é ideal para o seu bem-estar.,6p0id08Cwg9h7r4jhcD8,True,1777612884000,Ritmo Saudável,24d6a87b0598b02e
high_intensity,27-05-2026 05:21:40,10,Excelente intensidade! Continue assim.,gQwsGd66o5UbiLfRouib,True,1779859300000,Alta Intensidade,55b620d8c0ab41e0
low_intensity,10-05-2026 22:34:41,2,Um ritmo mais leve será benéfico para o seu bem-estar.,EOPKU5d9vGAVZWJthCq9,True,1778452481000,Ritmo Baixo,d632e4ce536ec364
high_intensity,18-05-2026 19:54:15,10,Excelente intensidade! Continue assim.,aumW4O2EypsK07ZqiQ8k,True,1779134055000,Alta Intensidade,6214b1b462c04096
medium_intensity,30-05-2026 03:20:38,5,Este nível de atividade é ideal para o seu bem-estar.,CLFJsHsdmA2QV7P5JUeS,True,1780111238000,Ritmo Saudável,1b1cc9cee9f27003
medium_intensity,20-05-2026 01:21:09,5,Este nível de atividade é ideal para o seu bem-estar.,nhGU31AkilfqBmGx4Oc7,True,1779240069000,Ritmo Saudável,91279a646f8ea6ac
medium_intensity,22-05-2026 09:30:36,5,Este nível de atividade é ideal para o seu bem-estar.,UbPwtknHBW7fDKQmNX68,True,1779442236000,Ritmo Saudável,c6a2d85265d19a41
low_intensity,21-05-2026 01:26:21,2,Um ritmo mais leve será benéfico para o seu bem-estar.,avcCnPNrQtrOhfpdr0Ws,True,1779326781000,Ritmo Baixo,24d6a87b0598b02e
low_intensity,21-05-2026 11:04:16,2,Um ritmo mais leve será benéfico para o seu bem-estar.,K7BFQsSnGe7BGeNaIFH3,True,1779361456000,Ritmo Baixo,f7af4712fd6b9108
low_intensity,15-05-2026 12:52:08,2,Um ritmo mais leve será benéfico para o seu bem-estar.,GWu2ytlcerLpcd0UDy8s,True,1778849528000,Ritmo Baixo,57e17fffc619e182
low_intensity,02-05-2026 06:58:45,2,Um ritmo mais leve será benéfico para o seu bem-estar.,v7tbLSYpLDEiROR97enc,True,1777705125000,Ritmo Baixo,c85cdb0ef48d09c8
medium_intensity,04-05-2026 10:33:39,5,Este nível de atividade é ideal para o seu bem-estar.,YW4crQym9ugWSNenctVa,True,1777890819000,Ritmo Saudável,3db4e6efff8b7518
medium_intensity,08-05-2026 07:13:39,5,Este nível de atividade é ideal para o seu bem-estar.,tMAn9BZ3HQiHz9sX4ODf,True,1778224419000,Ritmo Saudável,923d0315f3ae2bb3
high_intensity,07-05-2026 20:17:50,10,Excelente intensidade! Continue assim.,mOgePArvvjdu4XXhpjXy,True,1778185070000,Alta Intensidade,95744df47936b8c4
low_intensity,30-05-2026 00:32:19,2,Um ritmo mais leve será benéfico para o seu bem-estar.,KPHr45ctsJSYtA4pYBLH,True,1780101139000,Ritmo Baixo,d0825fdf3da3660c
low_intensity,01-05-2026 06:49:10,2,Um ritmo mais leve será benéfico para o seu bem-estar.,liFIFm2ZpCv9MfGJqOXS,True,1777618150000,Ritmo Baixo,53c682ded6545e06
high_intensity,08-05-2026 14:19:28,10,Excelente intensidade! Continue assim.,2iKy49sUYcbg4ZUCfJ5W,True,1778249968000,Alta Intensidade,de2dde23040292bc
high_intensity,14-05-2026 22:14:06,10,Excelente intensidade! Continue assim.,A0DuuIWb2daxQOAmfR9i,True,1778796846000,Alta Intensidade,e9da39984fb29dc6
medium_intensity,01-05-2026 03:51:02,5,Este nível de atividade é ideal para o seu bem-estar.,A9GrDPfdTEfOsr6CzwdJ,True,1777607462000,Ritmo Saudável,6214b1b462c04096
high_intensity,10-05-2026 18:09:07,10,Excelente intensidade! Continue assim.,4btHdgmZ8E7MXrYx8pij,True,1778436547000,Alta Intensidade,57e7d972b508815d
low_intensity,19-05-2026 22:12:59,2,Um ritmo mais leve será benéfico para o seu bem-estar.,y1sfiJA0ME9ARbURsqM7,True,1779228779000,Ritmo Baixo,57e7d972b508815d
low_intensity,14-05-2026 11:29:32,2,Um ritmo mais leve será benéfico para o seu bem-estar.,ZbqSMBxowq00Kj77LBD4,True,1778758172000,Ritmo Baixo,6214b1b462c04096
high_intensity,22-05-2026 05:11:16,10,Excelente intensidade! Continue assim.,Yo8NwkLbU4DRCGap5T4G,True,1779426676000,Alta Intensidade,131c7dd8f3ab4b35
high_intensity,26-05-2026 12:19:21,10,Excelente intensidade! Continue assim.,QSeJwM6GLDGADjlPPuW8,True,1779797961000,Alta Intensidade,e9da39984fb29dc6
high_intensity,06-05-2026 23:39:38,10,Excelente intensidade! Continue assim.,avw3U2aiwbzUDWVMhfOv,True,1778110778000,Alta Intensidade,06bf6a628379e030
medium_intensity,17-05-2026 04:57:17,5,Este nível de atividade é ideal para o seu bem-estar.,RnRwelT3xm1bM7lqu37Y,True,1778993837000,Ritmo Saudável,3bd002cf1fcfa789
high_intensity,14-05-2026 18:48:17,10,Excelente intensidade! Continue assim.,9GUJDnXhdL8TfGoEuhAk,True,1778784497000,Alta Intensidade,7f281c8dbac1f799
low_intensity,11-05-2026 14:26:51,2,Um ritmo mais leve será benéfico para o seu bem-estar.,EzyiAdDiLyqCia1m3BQ8,True,1778509611000,Ritmo Baixo,64a94f9052422a0c
medium_intensity,05-05-2026 07:25:03,5,Este nível de atividade é ideal para o seu bem-estar.,YNvUS7vlOXwkOhFoyRwq,True,1777965903000,Ritmo Saudável,1b38ab967d98cc4e
medium_intensity,14-05-2026 07:46:49,5,Este nível de atividade é ideal para o seu bem-estar.,0pi9ezbloAsUhWHSSoPy,True,1778744809000,Ritmo Saudável,b30b0b43692b035b
medium_intensity,20-05-2026 18:43:20,5,Este nível de atividade é ideal para o seu bem-estar.,u5zCm1rWgqStS1Iy2oZY,True,1779302600000,Ritmo Saudável,2f2bd7547d602b7a
high_intensity,15-05-2026 09:13:50,10,Excelente intensidade! Continue assim.,Nf9acMU1HjSkbMNStPoh,True,1778836430000,Alta Intensidade,1b1cc9cee9f27003
high_intensity,19-05-2026 07:09:55,10,Excelente intensidade! Continue assim.,3c2WUyoIdWvi4esu1Hq4,True,1779174595000,Alta Intensidade,a8c47673d6a4f85c
low_intensity,25-05-2026 07:41:28,2,Um ritmo mais leve será benéfico para o seu bem-estar.,Wcuxya4PMzay24A8wdFB,True,1779694888000,Ritmo Baixo,7d176c63414fcd05
low_intensity,08-05-2026 12:21:20,2,Um ritmo mais leve será benéfico para o seu bem-estar.,WAUJ3P7tCpzsPaoNEHCr,True,1778242880000,Ritmo Baixo,53c682ded6545e06
high_intensity,01-05-2026 19:41:59,10,Excelente intensidade! Continue assim.,06j1EnKXanG9BtzsBDTy,True,1777664519000,Alta Intensidade,131c7dd8f3ab4b35
low_intensity,01-05-2026 09:04:56,2,Um ritmo mais leve será benéfico para o seu bem-estar.,rcjd9z2kbtGRsqeJ87Bm,True,1777626296000,Ritmo Baixo,e9da39984fb29dc6
medium_intensity,25-05-2026 17:59:51,5,Este nível de atividade é ideal para o seu bem-estar.,OHVNeCvlibCKFGxI3Vvm,True,1779731991000,Ritmo Saudável,13db178cd9a1e37a
medium_intensity,11-05-2026 18:23:00,5,Este nível de atividade é ideal para o seu bem-estar.,rSZsQ1NlXxZI9m9HsYCw,True,1778523780000,Ritmo Saudável,06bf6a628379e030
high_intensity,15-05-2026 00:19:36,10,Excelente intensidade! Continue assim.,1mpan3OHB6E2HpVFhM6O,True,1778804376000,Alta Intensidade,b30b0b43692b035b
low_intensity,21-05-2026 10:45:18,2,Um ritmo mais leve será benéfico para o seu bem-estar.,Qu2JjhXs50GsL69uxTU5,True,1779360318000,Ritmo Baixo,42d576864f9952c7
high_intensity,16-05-2026 13:42:07,10,Excelente intensidade! Continue assim.,5yy54R0XA8B111w57uGO,True,1778938927000,Alta Intensidade,c9ab51cba10ae1e9
high_intensity,08-05-2026 18:49:40,10,Excelente intensidade! Continue assim.,HBAVqabb95La0Sl7qF0t,True,1778266180000,Alta Intensidade,3b1338c1207d1e2e
high_intensity,10-05-2026 03:30:27,10,Excelente intensidade! Continue assim.,fNIFp0l7kXRqJsBd12z8,True,1778383827000,Alta Intensidade,f7af4712fd6b9108
high_intensity,10-05-2026 21:45:11,10,Excelente intensidade! Continue assim.,2SGpdQiS3QivZsIlGr4Q,True,1778449511000,Alta Intensidade,3993ad7e2565b6b0
medium_intensity,16-05-2026 07:09:13,5,Este nível de atividade é ideal para o seu bem-estar.,MdUqBYI4Pg3H5MNKib8g,True,1778915353000,Ritmo Saudável,9cbee3c1d7168837
high_intensity,16-05-2026 22:24:16,10,Excelente intensidade! Continue assim.,n68Ij2dKYzzUldaZbAp8,True,1778970256000,Alta Intensidade,f7af4712fd6b9108
high_intensity,02-05-2026 04:24:05,10,Excelente intensidade! Continue assim.,ggfB5fJ2jZzHewSccuEV,True,1777695845000,Alta Intensidade,3db4e6efff8b7518
high_intensity,05-05-2026 18:08:43,10,Excelente intensidade! Continue assim.,VSHBdjSI9b8A6GBaSS6C,True,1778004523000,Alta Intensidade,5a7b6516c51a4d4e
high_intensity,04-05-2026 09:14:59,10,Excelente intensidade! Continue assim.,Lj8C7AbGnKzGYiKyTIoO,True,1777886099000,Alta Intensidade,552b8d6c350cb13c
low_intensity,03-05-2026 21:50:52,2,Um ritmo mais leve será benéfico para o seu bem-estar.,yWwdL9qlConPBgV82DY0,True,1777845052000,Ritmo Baixo,da211edc7bac01a0
high_intensity,20-05-2026 22:21:41,10,Excelente intensidade! Continue assim.,R9fAacb6NhKopQD4SqaC,True,1779315701000,Alta Intensidade,2618243a251bd83f
medium_intensity,30-05-2026 09:18:05,5,Este nível de atividade é ideal para o seu bem-estar.,JiP6wmkEbVjj6SOvokzT,True,1780132685000,Ritmo Saudável,72ba4e2f87adceb5
medium_intensity,28-05-2026 21:53:23,5,Este nível de atividade é ideal para o seu bem-estar.,IMRooOl1KOVgJvvOnnE3,True,1780005203000,Ritmo Saudável,e84878f982129128
low_intensity,07-05-2026 04:27:33,2,Um ritmo mais leve será benéfico para o seu bem-estar.,dFrmwzjQwqD2W3FvY97e,True,1778128053000,Ritmo Baixo,8e7f2987241c2818
high_intensity,18-05-2026 18:49:53,10,Excelente intensidade! Continue assim.,BZs76PFB5njnRStuhBgz,True,1779130193000,Alta Intensidade,1bd749deaf799034
high_intensity,21-05-2026 12:47:18,10,Excelente intensidade! Continue assim.,uB4hpahjUc0RBRy0sq9y,True,1779367638000,Alta Intensidade,556be8558ce56421
low_intensity,22-05-2026 20:54:25,2,Um ritmo mais leve será benéfico para o seu bem-estar.,boa8otIVm9YE95KHwPkK,True,1779483265000,Ritmo Baixo,b572bc65fae8bec1
low_intensity,11-05-2026 21:28:44,2,Um ritmo mais leve será benéfico para o seu bem-estar.,g0XPd6yzRLkK1KN4x5tw,True,1778534924000,Ritmo Baixo,9d16533a62ab9315
medium_intensity,01-05-2026 14:02:17,5,Este nível de atividade é ideal para o seu bem-estar.,iT8LPfvDZxLYrezQBbTn,True,1777644137000,Ritmo Saudável,2618243a251bd83f
low_intensity,15-05-2026 21:57:25,2,Um ritmo mais leve será benéfico para o seu bem-estar.,eo9amEN3SDaEb6Ah9ovS,True,1778882245000,Ritmo Baixo,93279918e60ec274
high_intensity,22-05-2026 02:03:43,10,Excelente intensidade! Continue assim.,hrtMrMzwZAjmi7oVExqf,True,1779415423000,Alta Intensidade,39a54d73a921b9f6
medium_intensity,25-05-2026 17:18:43,5,Este nível de atividade é ideal para o seu bem-estar.,R0cgvjRij28puvU6dDDs,True,1779729523000,Ritmo Saudável,d5eb4d757b335d0e
high_intensity,29-05-2026 00:43:49,10,Excelente intensidade! Continue assim.,VVoJpqo19C2Y8VZ3Dag7,True,1780015429000,Alta Intensidade,552b8d6c350cb13c
medium_intensity,09-05-2026 23:42:07,5,Este nível de atividade é ideal para o seu bem-estar.,N9bGqMUtQVJ05CBnDqkB,True,1778370127000,Ritmo Saudável,3c58290022ed11b1
medium_intensity,13-05-2026 01:45:20,5,Este nível de atividade é ideal para o seu bem-estar.,203Vf2S5km24Y13KuQPl,True,1778636720000,Ritmo Saudável,517fc5ca69b652a5
high_intensity,20-05-2026 18:09:25,10,Excelente intensidade! Continue assim.,IGljb0TdksqgdhQtvNfT,True,1779300565000,Alta Intensidade,153c202e3cfef4ba
low_intensity,22-05-2026 13:03:56,2,Um ritmo mais leve será benéfico para o seu bem-estar.,7ByN8sFgeDFfCf6cOkee,True,1779455036000,Ritmo Baixo,e7eb35b501d57e1f
low_intensity,25-05-2026 22:07:13,2,Um ritmo mais leve será benéfico para o seu bem-estar.,hejImPuZud5LP8PwjRbC,True,1779746833000,Ritmo Baixo,eb39e98aca20e7d3
low_intensity,08-05-2026 17:41:29,2,Um ritmo mais leve será benéfico para o seu bem-estar.,aGckWsOVzvmAXIGywn7t,True,1778262089000,Ritmo Baixo,8e7f2987241c2818
medium_intensity,28-05-2026 11:17:48,5,Este nível de atividade é ideal para o seu bem-estar.,0S22MOisPVlF68lGX9dj,True,1779967068000,Ritmo Saudável,c7f34dc43387f858
high_intensity,07-05-2026 15:14:11,10,Excelente intensidade! Continue assim.,htHFz4Bz4F69ekNMACMQ,True,1778166851000,Alta Intensidade,f7af4712fd6b9108
low_intensity,07-05-2026 18:44:55,2,Um ritmo mais leve será benéfico para o seu bem-estar.,KOKQFKpxFs5Asmu4pPPY,True,1778179495000,Ritmo Baixo,13db178cd9a1e37a
medium_intensity,16-05-2026 14:19:20,5,Este nível de atividade é ideal para o seu bem-estar.,u0LylMM8Ho3RjU1sa6Ka,True,1778941160000,Ritmo Saudável,3b1338c1207d1e2e
high_intensity,25-05-2026 17:23:09,10,Excelente intensidade! Continue assim.,Nc6hVUPDdBmcyCfpk9xb,True,1779729789000,Alta Intensidade,7e8fb26408446272
high_intensity,30-05-2026 14:05:05,10,Excelente intensidade! Continue assim.,ohtgU77Y4Biwknnh5tRu,True,1780149905000,Alta Intensidade,d0825fdf3da3660c
medium_intensity,10-05-2026 06:17:42,5,Este nível de atividade é ideal para o seu bem-estar.,rYH34lA26lHa9Z7ZfuTv,True,1778393862000,Ritmo Saudável,b572bc65fae8bec1
low_intensity,09-05-2026 20:03:24,2,Um ritmo mais leve será benéfico para o seu bem-estar.,RqTZ3jH2ejGUVsiOKyHx,True,1778357004000,Ritmo Baixo,f7c6682ad24d37f8
medium_intensity,03-05-2026 14:51:42,5,Este nível de atividade é ideal para o seu bem-estar.,gg48ZpXfj81HJXJkxLEX,True,1777819902000,Ritmo Saudável,b8e78b83a62a0cb7
high_intensity,12-05-2026 01:31:09,10,Excelente intensidade! Continue assim.,tzPOMdIFe5bHXchGk32F,True,1778549469000,Alta Intensidade,91279a646f8ea6ac
medium_intensity,12-05-2026 17:35:08,5,Este nível de atividade é ideal para o seu bem-estar.,JJHAbhmvLsygvO6h5y8z,True,1778607308000,Ritmo Saudável,2a339e8954684016
low_intensity,25-05-2026 22:58:58,2,Um ritmo mais leve será benéfico para o seu bem-estar.,xDEj8gNMggfa4oNOZc8v,True,1779749938000,Ritmo Baixo,2a339e8954684016
medium_intensity,08-05-2026 17:42:13,5,Este nível de atividade é ideal para o seu bem-estar.,O9Vxv1sdjeEK1zYjHiHD,True,1778262133000,Ritmo Saudável,19a558ecc36977ce
low_intensity,05-05-2026 22:20:05,2,Um ritmo mais leve será benéfico para o seu bem-estar.,rWG286aupwzsTtwWWcrU,True,1778019605000,Ritmo Baixo,574582321d04df00
high_intensity,05-05-2026 12:40:36,10,Excelente intensidade! Continue assim.,NsLO5ObvdAFQSTxMELBU,True,1777984836000,Alta Intensidade,7e8fb26408446272
low_intensity,01-05-2026 04:11:34,2,Um ritmo mais leve será benéfico para o seu bem-estar.,HEC67BpLBP0sjB8H2qdG,True,1777608694000,Ritmo Baixo,153c202e3cfef4ba
medium_intensity,25-05-2026 20:44:06,5,Este nível de atividade é ideal para o seu bem-estar.,IuKsyXPSWecGvJThel3S,True,1779741846000,Ritmo Saudável,b30b0b43692b035b
medium_intensity,30-05-2026 10:12:00,5,Este nível de atividade é ideal para o seu bem-estar.,RUuGSwU4r4takHcHr75D,True,1780135920000,Ritmo Saudável,057c44d337463e07
medium_intensity,05-05-2026 16:16:41,5,Este nível de atividade é ideal para o seu bem-estar.,AhGIIe3tOCqbUS93L8Aw,True,1777997801000,Ritmo Saudável,ec75a53f04901eec
medium_intensity,27-05-2026 09:27:22,5,Este nível de atividade é ideal para o seu bem-estar.,EdTiiFvnQd1cYMwVhT5M,True,1779874042000,Ritmo Saudável,3db4e6efff8b7518
high_intensity,16-05-2026 05:17:40,10,Excelente intensidade! Continue assim.,ikwlyyTnWpHP5z30pwxr,True,1778908660000,Alta Intensidade,ec75a53f04901eec
medium_intensity,09-05-2026 16:03:39,5,Este nível de atividade é ideal para o seu bem-estar.,iFf8UovLAaxKI9iT4Sg7,True,1778342619000,Ritmo Saudável,95744df47936b8c4
medium_intensity,16-05-2026 03:03:39,5,Este nível de atividade é ideal para o seu bem-estar.,RUVaiNtsRKjzW937HZJv,True,1778900619000,Ritmo Saudável,bbbe498ee44f6349
medium_intensity,29-05-2026 17:36:17,5,Este nível de atividade é ideal para o seu bem-estar.,bryZDrgE1ereYGb4ycXU,True,1780076177000,Ritmo Saudável,e9da39984fb29dc6
low_intensity,18-05-2026 11:52:03,2,Um ritmo mais leve será benéfico para o seu bem-estar.,3Pl7Eu8LpyCirRbhenXQ,True,1779105123000,Ritmo Baixo,c51d4eb54f89fec8
medium_intensity,20-05-2026 17:53:05,5,Este nível de atividade é ideal para o seu bem-estar.,n74iQCDzSzwCvexcGJsr,True,1779299585000,Ritmo Saudável,3db4e6efff8b7518
low_intensity,08-05-2026 18:18:54,2,Um ritmo mais leve será benéfico para o seu bem-estar.,1MBna8a6bh4e15I3Arb6,True,1778264334000,Ritmo Baixo,24d6a87b0598b02e
low_intensity,09-05-2026 04:01:43,2,Um ritmo mais leve será benéfico para o seu bem-estar.,vBtj0VqiXnCgzjZF0ro4,True,1778299303000,Ritmo Baixo,da211edc7bac01a0
low_intensity,10-05-2026 15:41:42,2,Um ritmo mais leve será benéfico para o seu bem-estar.,9BBqVFF1rovR0uwSYaT4,True,1778427702000,Ritmo Baixo,55b620d8c0ab41e0
low_intensity,03-05-2026 02:21:26,2,Um ritmo mais leve será benéfico para o seu bem-estar.,Kic3aYtG8ZOHVfSMIGnB,True,1777774886000,Ritmo Baixo,9d789fd91804129f
low_intensity,21-05-2026 22:56:36,2,Um ritmo mais leve será benéfico para o seu bem-estar.,Y068HBooTru4KAXxOvaI,True,1779404196000,Ritmo Baixo,5e1de20fecf98844
high_intensity,29-05-2026 05:55:41,10,Excelente intensidade! Continue assim.,R048h33Sh4ReyFAHHCpd,True,1780034141000,Alta Intensidade,3bd002cf1fcfa789
high_intensity,01-05-2026 04:25:01,10,Excelente intensidade! Continue assim.,R3V0mhpF0kQPNBUFG9GI,True,1777609501000,Alta Intensidade,430f674c6dfe941a
high_intensity,23-05-2026 16:49:40,10,Excelente intensidade! Continue assim.,pXIXZ5lxDHoTaWGCD2By,True,1779554980000,Alta Intensidade,057c44d337463e07
high_intensity,09-05-2026 00:12:38,10,Excelente intensidade! Continue assim.,kJ62saYwb9DO441NEIZp,True,1778285558000,Alta Intensidade,c85cdb0ef48d09c8
low_intensity,17-05-2026 05:49:06,2,Um ritmo mais leve será benéfico para o seu bem-estar.,CRU5DLjBfR5WijJcdnsY,True,1778996946000,Ritmo Baixo,3811390588367f0e
high_intensity,19-05-2026 17:25:15,10,Excelente intensidade! Continue assim.,XOehqLDvqW3SCtwJBw7m,True,1779211515000,Alta Intensidade,e1bd0a847e7079be
high_intensity,12-05-2026 14:56:36,10,Excelente intensidade! Continue assim.,SEKFqmDpKrY0omsSvIzZ,True,1778597796000,Alta Intensidade,153c202e3cfef4ba
low_intensity,15-05-2026 06:50:51,2,Um ritmo mais leve será benéfico para o seu bem-estar.,PUq8ypnyyIsH2SgzeSip,True,1778827851000,Ritmo Baixo,7d176c63414fcd05
low_intensity,27-05-2026 07:52:41,2,Um ritmo mais leve será benéfico para o seu bem-estar.,A35B3migZ7Yb0S4tzFng,True,1779868361000,Ritmo Baixo,64a94f9052422a0c
high_intensity,04-05-2026 08:10:18,10,Excelente intensidade! Continue assim.,gkN8kvqeWwylpSfej22C,True,1777882218000,Alta Intensidade,ce246387dd078174
low_intensity,23-05-2026 18:59:31,2,Um ritmo mais leve será benéfico para o seu bem-estar.,YyIOxwOJMVF6hiDdTKRH,True,1779562771000,Ritmo Baixo,556be8558ce56421
high_intensity,07-05-2026 20:10:44,10,Excelente intensidade! Continue assim.,0fnOaYFC8MsFONezSBvN,True,1778184644000,Alta Intensidade,bc74204126e384ca
high_intensity,05-05-2026 18:30:58,10,Excelente intensidade! Continue assim.,QuVQtzZ98OMGq0TqvIcn,True,1778005858000,Alta Intensidade,c51d4eb54f89fec8
medium_intensity,18-05-2026 17:21:09,5,Este nível de atividade é ideal para o seu bem-estar.,R9pGSavjl5y65ON9ccf6,True,1779124869000,Ritmo Saudável,867d47425e9cccc7
medium_intensity,28-05-2026 09:05:26,5,Este nível de atividade é ideal para o seu bem-estar.,XUwBbn1XJ2EUmzyrgQA6,True,1779959126000,Ritmo Saudável,55b620d8c0ab41e0
high_intensity,17-05-2026 17:54:52,10,Excelente intensidade! Continue assim.,IYMxOhF7YVXIJRZqmXI5,True,1779040492000,Alta Intensidade,24d6a87b0598b02e
low_intensity,17-05-2026 01:35:21,2,Um ritmo mais leve será benéfico para o seu bem-estar.,LjKeL07cb6FLzpPWAdlU,True,1778981721000,Ritmo Baixo,1b1cc9cee9f27003
medium_intensity,12-05-2026 03:12:30,5,Este nível de atividade é ideal para o seu bem-estar.,VoZ3Ljg2zUhQv4czrl2R,True,1778555550000,Ritmo Saudável,cb207a93391638cb
low_intensity,21-05-2026 07:27:45,2,Um ritmo mais leve será benéfico para o seu bem-estar.,Xqwx1h7PQ6XfJIzihYJY,True,1779348465000,Ritmo Baixo,9d789fd91804129f
medium_intensity,27-05-2026 05:31:11,5,Este nível de atividade é ideal para o seu bem-estar.,96a9AZLySaWXlqpVFlf2,True,1779859871000,Ritmo Saudável,57e7d972b508815d
medium_intensity,24-05-2026 02:22:03,5,Este nível de atividade é ideal para o seu bem-estar.,BVnexDCbkXTAePiDY0NM,True,1779589323000,Ritmo Saudável,72bd2672c948d2cb
medium_intensity,25-05-2026 20:22:12,5,Este nível de atividade é ideal para o seu bem-estar.,sbPCBPyMDCPkpc1NDp5n,True,1779740532000,Ritmo Saudável,7182af742e04dc6d
low_intensity,12-05-2026 14:05:05,2,Um ritmo mais leve será benéfico para o seu bem-estar.,spqoWGjTriCx9Kis1wG0,True,1778594705000,Ritmo Baixo,3cc68b8049eb8d4c
medium_intensity,15-05-2026 00:31:39,5,Este nível de atividade é ideal para o seu bem-estar.,HhU5ivBm35HInNPAYHvL,True,1778805099000,Ritmo Saudável,f7af4712fd6b9108
medium_intensity,05-05-2026 22:26:07,5,Este nível de atividade é ideal para o seu bem-estar.,GDvbpEfkjzn3Gle4eGDG,True,1778019967000,Ritmo Saudável,923d0315f3ae2bb3
medium_intensity,13-05-2026 16:14:36,5,Este nível de atividade é ideal para o seu bem-estar.,vubkG3fj2e7S3qqWnHDC,True,1778688876000,Ritmo Saudável,2b95dd3cf28e7c18
medium_intensity,29-05-2026 23:54:47,5,Este nível de atividade é ideal para o seu bem-estar.,cPvAGNUwsBfjSSpAbVuq,True,1780098887000,Ritmo Saudável,06bf6a628379e030
medium_intensity,23-05-2026 18:20:24,5,Este nível de atividade é ideal para o seu bem-estar.,sNbiS2FVxqNvG4cpriNl,True,1779560424000,Ritmo Saudável,057c44d337463e07
medium_intensity,16-05-2026 08:41:17,5,Este nível de atividade é ideal para o seu bem-estar.,rX7BRrjcRemV3cUSNfbs,True,1778920877000,Ritmo Saudável,d57d393b16ba030e
medium_intensity,01-05-2026 13:08:51,5,Este nível de atividade é ideal para o seu bem-estar.,HPtavIUJ7SfwNRzMAHbV,True,1777640931000,Ritmo Saudável,1791998ac3161359
high_intensity,09-05-2026 10:17:35,10,Excelente intensidade! Continue assim.,I4a04oj5XBqM2kXgzahB,True,1778321855000,Alta Intensidade,17b4966e9be4d8d8
high_intensity,17-05-2026 20:11:47,10,Excelente intensidade! Continue assim.,NrGfspevosXbEsPF5PRd,True,1779048707000,Alta Intensidade,9cbee3c1d7168837
medium_intensity,10-05-2026 09:45:33,5,Este nível de atividade é ideal para o seu bem-estar.,o1i9tNOfT75z02HdN9Pg,True,1778406333000,Ritmo Saudável,1d3db575c4a79d75
medium_intensity,16-05-2026 20:49:41,5,Este nível de atividade é ideal para o seu bem-estar.,uEMGOKK9bufmEo62cLyk,True,1778964581000,Ritmo Saudável,93279918e60ec274
medium_intensity,11-05-2026 13:51:50,5,Este nível de atividade é ideal para o seu bem-estar.,VlTm3n51LxO27wMp1c2g,True,1778507510000,Ritmo Saudável,1b1cc9cee9f27003
low_intensity,29-05-2026 01:54:11,2,Um ritmo mais leve será benéfico para o seu bem-estar.,FXlrfHRTjQChvTpezNRa,True,1780019651000,Ritmo Baixo,d5eb4d757b335d0e
low_intensity,25-05-2026 15:57:24,2,Um ritmo mais leve será benéfico para o seu bem-estar.,mu7MWy6xwGhDUeDsrwsz,True,1779724644000,Ritmo Baixo,f7af4712fd6b9108
high_intensity,07-05-2026 09:58:11,10,Excelente intensidade! Continue assim.,ggdwIU0Bp462SapZ3Hvn,True,1778147891000,Alta Intensidade,487b076a69a53671
low_intensity,29-05-2026 06:28:33,2,Um ritmo mais leve será benéfico para o seu bem-estar.,7myoaC4ss4V8nV6W4vZ7,True,1780036113000,Ritmo Baixo,556be8558ce56421
medium_intensity,17-05-2026 22:10:18,5,Este nível de atividade é ideal para o seu bem-estar.,zuWR53epr5c6Jh1a9BMo,True,1779055818000,Ritmo Saudável,1bd749deaf799034
high_intensity,23-05-2026 08:24:18,10,Excelente intensidade! Continue assim.,ytP8tY37tfEKrVegW8JY,True,1779524658000,Alta Intensidade,04964f8452901231
low_intensity,29-05-2026 18:29:08,2,Um ritmo mais leve será benéfico para o seu bem-estar.,i0yVIDflmgoztQ45wnsy,True,1780079348000,Ritmo Baixo,13db178cd9a1e37a
medium_intensity,22-05-2026 01:01:22,5,Este nível de atividade é ideal para o seu bem-estar.,lxpN1rdVw1upiinnyORv,True,1779411682000,Ritmo Saudável,d4389e820d4f82fa
high_intensity,17-05-2026 06:21:49,10,Excelente intensidade! Continue assim.,qDFh3g49LiMd79k6jjEq,True,1778998909000,Alta Intensidade,18d281edb3671f44
low_intensity,29-05-2026 13:53:31,2,Um ritmo mais leve será benéfico para o seu bem-estar.,2kyQWAn56pGuEjm7H8MS,True,1780062811000,Ritmo Baixo,7e8fb26408446272
medium_intensity,27-05-2026 11:32:13,5,Este nível de atividade é ideal para o seu bem-estar.,cjCrytdck2vhszUnceOI,True,1779881533000,Ritmo Saudável,bb80f878cef35322
medium_intensity,14-05-2026 22:03:30,5,Este nível de atividade é ideal para o seu bem-estar.,yLCfInpWiDnGbFUC3mVO,True,1778796210000,Ritmo Saudável,5a7b6516c51a4d4e
medium_intensity,29-05-2026 00:44:01,5,Este nível de atividade é ideal para o seu bem-estar.,29CFLTZuS9uaMRoFHlRa,True,1780015441000,Ritmo Saudável,3bd002cf1fcfa789
medium_intensity,06-05-2026 11:18:16,5,Este nível de atividade é ideal para o seu bem-estar.,wloeZC1AWai0aVxdnkC8,True,1778066296000,Ritmo Saudável,d632e4ce536ec364
low_intensity,29-05-2026 03:13:47,2,Um ritmo mais leve será benéfico para o seu bem-estar.,5sfDj0sMDCx5EhBXjFUd,True,1780024427000,Ritmo Baixo,7f281c8dbac1f799
medium_intensity,06-05-2026 21:36:39,5,Este nível de atividade é ideal para o seu bem-estar.,UomIX9v6zsCDUfc8BDAZ,True,1778103399000,Ritmo Saudável,c0014ea2ee2fdaea
high_intensity,05-05-2026 09:09:35,10,Excelente intensidade! Continue assim.,o26u3FbjT9miph44mENt,True,1777972175000,Alta Intensidade,c51d4eb54f89fec8
medium_intensity,02-05-2026 16:21:25,5,Este nível de atividade é ideal para o seu bem-estar.,SJ3VNuhIF3Gx0o1yM6lB,True,1777738885000,Ritmo Saudável,da211edc7bac01a0
low_intensity,28-05-2026 09:24:16,2,Um ritmo mais leve será benéfico para o seu bem-estar.,Dl2jzK8nYVjLaPj72r6p,True,1779960256000,Ritmo Baixo,72ba4e2f87adceb5
medium_intensity,02-05-2026 09:41:11,5,Este nível de atividade é ideal para o seu bem-estar.,wBzGcsYg7ki8t1ibpv58,True,1777714871000,Ritmo Saudável,de2dde23040292bc
high_intensity,16-05-2026 12:08:56,10,Excelente intensidade! Continue assim.,aTml8itp2VJAPAn4b1fn,True,1778933336000,Alta Intensidade,3cc68b8049eb8d4c
medium_intensity,29-05-2026 22:48:51,5,Este nível de atividade é ideal para o seu bem-estar.,sFyHHqpzglg19SmmJcny,True,1780094931000,Ritmo Saudável,2b95dd3cf28e7c18
medium_intensity,13-05-2026 00:48:50,5,Este nível de atividade é ideal para o seu bem-estar.,83X57GRcKESHyMnW72H6,True,1778633330000,Ritmo Saudável,2618243a251bd83f
medium_intensity,26-05-2026 16:55:07,5,Este nível de atividade é ideal para o seu bem-estar.,ZSuN1j78VXTYkZGT2LAG,True,1779814507000,Ritmo Saudável,8e7f2987241c2818
low_intensity,20-05-2026 01:29:37,2,Um ritmo mais leve será benéfico para o seu bem-estar.,JGeoicmd21tLzMvdCaSC,True,1779240577000,Ritmo Baixo,3993ad7e2565b6b0
medium_intensity,06-05-2026 07:26:15,5,Este nível de atividade é ideal para o seu bem-estar.,sQpjbz6yfLJbyc1lkxoM,True,1778052375000,Ritmo Saudável,2b95dd3cf28e7c18
low_intensity,18-05-2026 18:41:45,2,Um ritmo mais leve será benéfico para o seu bem-estar.,caZr77VuJG2ytMUeHaiz,True,1779129705000,Ritmo Baixo,102edb38b5ec347f
low_intensity,14-05-2026 09:32:45,2,Um ritmo mais leve será benéfico para o seu bem-estar.,6jrR9kxcTP0hC691BppV,True,1778751165000,Ritmo Baixo,923d0315f3ae2bb3
high_intensity,01-05-2026 09:15:54,10,Excelente intensidade! Continue assim.,9ruxeOJ3EbMbnRbdgrZF,True,1777626954000,Alta Intensidade,e7eb35b501d57e1f
low_intensity,25-05-2026 18:32:41,2,Um ritmo mais leve será benéfico para o seu bem-estar.,B4l7oMiJ6vN6MUeTyz8r,True,1779733961000,Ritmo Baixo,1d3db575c4a79d75
medium_intensity,12-05-2026 09:13:33,5,Este nível de atividade é ideal para o seu bem-estar.,3kcmOTBL2qxLe39wmKTO,True,1778577213000,Ritmo Saudável,9d789fd91804129f
high_intensity,09-05-2026 07:07:52,10,Excelente intensidade! Continue assim.,E4oVszYFCgrZMd9WfpNy,True,1778310472000,Alta Intensidade,72bd2672c948d2cb
low_intensity,21-05-2026 15:47:11,2,Um ritmo mais leve será benéfico para o seu bem-estar.,VJyyQNj3N92OOXTCybTG,True,1779378431000,Ritmo Baixo,9d16533a62ab9315
medium_intensity,27-05-2026 16:34:51,5,Este nível de atividade é ideal para o seu bem-estar.,QljLPmU209FSM9ZzTvep,True,1779899691000,Ritmo Saudável,7f281c8dbac1f799
low_intensity,13-05-2026 04:30:04,2,Um ritmo mais leve será benéfico para o seu bem-estar.,idVBirDJCHRvOrfY3RAO,True,1778646604000,Ritmo Baixo,75778bdb64d1008e
high_intensity,09-05-2026 20:10:47,10,Excelente intensidade! Continue assim.,lT8eh6DJ5DPGLArqad1o,True,1778357447000,Alta Intensidade,91279a646f8ea6ac
low_intensity,16-05-2026 22:26:12,2,Um ritmo mais leve será benéfico para o seu bem-estar.,YrcQviDIzs6590T6CLI1,True,1778970372000,Ritmo Baixo,7e8fb26408446272
low_intensity,16-05-2026 15:48:20,2,Um ritmo mais leve será benéfico para o seu bem-estar.,EfXd4dPDovpwiCHqTfmG,True,1778946500000,Ritmo Baixo,8f8c45c33ff51d0e
high_intensity,27-05-2026 21:31:27,10,Excelente intensidade! Continue assim.,keoFuCJQqV6UP0mtzbjP,True,1779917487000,Alta Intensidade,7182af742e04dc6d
medium_intensity,08-05-2026 08:17:51,5,Este nível de atividade é ideal para o seu bem-estar.,dW7u97NAmzRnvLaXAXFy,True,1778228271000,Ritmo Saudável,430f674c6dfe941a
high_intensity,20-05-2026 03:16:47,10,Excelente intensidade! Continue assim.,YBHclRMG2hjuhMvgHsmq,True,1779247007000,Alta Intensidade,d4389e820d4f82fa
low_intensity,23-05-2026 06:45:18,2,Um ritmo mais leve será benéfico para o seu bem-estar.,ZhQFy0BxiOaXiR5pwfs6,True,1779518718000,Ritmo Baixo,8f8c45c33ff51d0e
medium_intensity,30-05-2026 13:15:56,5,Este nível de atividade é ideal para o seu bem-estar.,hd6MFpfdXa64OCOA3g7N,True,1780146956000,Ritmo Saudável,330949523d665e3b
low_intensity,16-05-2026 12:51:27,2,Um ritmo mais leve será benéfico para o seu bem-estar.,cmjzZIPT2BSW5dl8xfjz,True,1778935887000,Ritmo Baixo,e1bd0a847e7079be
low_intensity,03-05-2026 01:30:19,2,Um ritmo mais leve será benéfico para o seu bem-estar.,CNwUloFgvWSrXZLui1Hh,True,1777771819000,Ritmo Baixo,c9ab51cba10ae1e9
high_intensity,02-05-2026 21:50:55,10,Excelente intensidade! Continue assim.,mvui4DQTu7gvUr5gfNGl,True,1777758655000,Alta Intensidade,4c885efe7bde3ff4
medium_intensity,02-05-2026 00:58:47,5,Este nível de atividade é ideal para o seu bem-estar.,QxzHQWD2EhFssFbE09Eg,True,1777683527000,Ritmo Saudável,7f281c8dbac1f799
low_intensity,17-05-2026 23:41:35,2,Um ritmo mais leve será benéfico para o seu bem-estar.,I7TOFjF3EXAVW8PYMPIF,True,1779061295000,Ritmo Baixo,a2fd30e5fa49ad53
medium_intensity,13-05-2026 08:04:55,5,Este nível de atividade é ideal para o seu bem-estar.,AITgJUJbnyIA0cOuKTE2,True,1778659495000,Ritmo Saudável,82a83fc853728306
low_intensity,20-05-2026 08:30:28,2,Um ritmo mais leve será benéfico para o seu bem-estar.,Dn5ynZV4imVjtVc4osPf,True,1779265828000,Ritmo Baixo,f7af4712fd6b9108
high_intensity,02-05-2026 12:30:09,10,Excelente intensidade! Continue assim.,5pLyyOOm5NZlF7mZloTB,True,1777725009000,Alta Intensidade,de2dde23040292bc
medium_intensity,13-05-2026 10:29:23,5,Este nível de atividade é ideal para o seu bem-estar.,4xO1TZxA7f8jpGjL7eHA,True,1778668163000,Ritmo Saudável,2a339e8954684016
low_intensity,29-05-2026 21:49:13,2,Um ritmo mais leve será benéfico para o seu bem-estar.,bBLJTW16NHUnvZUO2wbe,True,1780091353000,Ritmo Baixo,556be8558ce56421
medium_intensity,09-05-2026 05:52:27,5,Este nível de atividade é ideal para o seu bem-estar.,e5qsg3SYOUq5eDwduCAp,True,1778305947000,Ritmo Saudável,8e2e127651e9cbde
high_intensity,13-05-2026 21:11:09,10,Excelente intensidade! Continue assim.,sEjqhhRTwNgVj6QgyHlX,True,1778706669000,Alta Intensidade,bc74204126e384ca
medium_intensity,11-05-2026 13:48:04,5,Este nível de atividade é ideal para o seu bem-estar.,6XnBdQg96FndTrIT5YwL,True,1778507284000,Ritmo Saudável,3b1338c1207d1e2e
low_intensity,24-05-2026 13:15:09,2,Um ritmo mais leve será benéfico para o seu bem-estar.,ZevfUU2TYHfPWngLkdej,True,1779628509000,Ritmo Baixo,c34c1310eab19c87
low_intensity,25-05-2026 15:10:36,2,Um ritmo mais leve será benéfico para o seu bem-estar.,2dtwbEoYYsWPixX10CoZ,True,1779721836000,Ritmo Baixo,3811390588367f0e
medium_intensity,22-05-2026 11:11:45,5,Este nível de atividade é ideal para o seu bem-estar.,W8F9KZYvaxFdRFeei0VX,True,1779448305000,Ritmo Saudável,2a339e8954684016
medium_intensity,19-05-2026 23:44:26,5,Este nível de atividade é ideal para o seu bem-estar.,m5QS4oFKdpxRyHxePO2H,True,1779234266000,Ritmo Saudável,2618243a251bd83f
high_intensity,18-05-2026 10:54:55,10,Excelente intensidade! Continue assim.,NqSimVXdnh1P5p3tuR0V,True,1779101695000,Alta Intensidade,5a7b6516c51a4d4e
high_intensity,28-05-2026 03:49:04,10,Excelente intensidade! Continue assim.,ZmIiAdPNZjmGmneR6Qhl,True,1779940144000,Alta Intensidade,d57d393b16ba030e
high_intensity,11-05-2026 18:54:27,10,Excelente intensidade! Continue assim.,gQ1KJpCxQ2g3eXMQrltm,True,1778525667000,Alta Intensidade,ce246387dd078174
high_intensity,30-05-2026 02:01:56,10,Excelente intensidade! Continue assim.,zq0On3YYz4QWiHx6wqVE,True,1780106516000,Alta Intensidade,64a94f9052422a0c
high_intensity,25-05-2026 20:50:13,10,Excelente intensidade! Continue assim.,kb7VrzCxRaqFnmi0cy4b,True,1779742213000,Alta Intensidade,5afe6ceac06784f5
low_intensity,14-05-2026 23:59:33,2,Um ritmo mais leve será benéfico para o seu bem-estar.,4i5xtfIV9yIA1woHzJcK,True,1778803173000,Ritmo Baixo,330949523d665e3b
high_intensity,03-05-2026 04:48:27,10,Excelente intensidade! Continue assim.,DW6GnzdObA144boeav55,True,1777783707000,Alta Intensidade,556be8558ce56421
high_intensity,05-05-2026 03:27:53,10,Excelente intensidade! Continue assim.,hlZe5c4YYqBSDW9LeSz5,True,1777951673000,Alta Intensidade,574582321d04df00
high_intensity,03-05-2026 09:52:42,10,Excelente intensidade! Continue assim.,THTelzegt7FN1SN2Byrz,True,1777801962000,Alta Intensidade,8e7f2987241c2818
high_intensity,02-05-2026 10:30:31,10,Excelente intensidade! Continue assim.,3O3gPYW3bLMT1pOUSo3g,True,1777717831000,Alta Intensidade,c0014ea2ee2fdaea
high_intensity,09-05-2026 03:39:29,10,Excelente intensidade! Continue assim.,eF3GT72roaWvqmJ5Tadf,True,1778297969000,Alta Intensidade,9cbee3c1d7168837
high_intensity,08-05-2026 06:56:20,10,Excelente intensidade! Continue assim.,XDcj0KVzEshQrjj8uFpE,True,1778223380000,Alta Intensidade,330949523d665e3b
high_intensity,01-05-2026 13:08:24,10,Excelente intensidade! Continue assim.,mvTq7bSNkjW1jNyuCuOy,True,1777640904000,Alta Intensidade,102edb38b5ec347f
medium_intensity,13-05-2026 01:40:05,5,Este nível de atividade é ideal para o seu bem-estar.,pJipNsnS6KIE4b2AHspq,True,1778636405000,Ritmo Saudável,b30b0b43692b035b
high_intensity,08-05-2026 16:24:33,10,Excelente intensidade! Continue assim.,2WMsfAzzSMFqyZL496G5,True,1778257473000,Alta Intensidade,3993ad7e2565b6b0
low_intensity,06-05-2026 03:23:22,2,Um ritmo mais leve será benéfico para o seu bem-estar.,QN1Zc0USBD6QxqQRPC6r,True,1778037802000,Ritmo Baixo,ec75a53f04901eec
medium_intensity,26-05-2026 21:14:55,5,Este nível de atividade é ideal para o seu bem-estar.,19emehQbX0Qme2PEm7lG,True,1779830095000,Ritmo Saudável,c6a2d85265d19a41
medium_intensity,09-05-2026 07:29:10,5,Este nível de atividade é ideal para o seu bem-estar.,O8uFIBSil0H9LkTHkc2d,True,1778311750000,Ritmo Saudável,c31244cee16e0c77
low_intensity,04-05-2026 15:00:16,2,Um ritmo mais leve será benéfico para o seu bem-estar.,ey3yeatIZWCUTbCqk2BW,True,1777906816000,Ritmo Baixo,4c885efe7bde3ff4
medium_intensity,05-05-2026 10:40:43,5,Este nível de atividade é ideal para o seu bem-estar.,7YuQz1HwWWtu16kQFQob,True,1777977643000,Ritmo Saudável,9d789fd91804129f
medium_intensity,22-05-2026 17:26:47,5,Este nível de atividade é ideal para o seu bem-estar.,wzSpByIYxLzI7JJ7t16w,True,1779470807000,Ritmo Saudável,b30b0b43692b035b
medium_intensity,14-05-2026 16:12:46,5,Este nível de atividade é ideal para o seu bem-estar.,ai1erCmQbyxtnYIrz4iC,True,1778775166000,Ritmo Saudável,13db178cd9a1e37a
medium_intensity,23-05-2026 06:58:00,5,Este nível de atividade é ideal para o seu bem-estar.,he43ublTj4ldhnKIXLnl,True,1779519480000,Ritmo Saudável,bbbe498ee44f6349
low_intensity,03-05-2026 06:30:06,2,Um ritmo mais leve será benéfico para o seu bem-estar.,7QEqJvS7TO1mFa7a8StI,True,1777789806000,Ritmo Baixo,1bd749deaf799034
high_intensity,21-05-2026 22:57:18,10,Excelente intensidade! Continue assim.,Xd5Ni3aKY6iV7tRC5Ufn,True,1779404238000,Alta Intensidade,7182af742e04dc6d
high_intensity,05-05-2026 09:44:29,10,Excelente intensidade! Continue assim.,ZmwWSyob3T21GIxOaxOp,True,1777974269000,Alta Intensidade,eb39e98aca20e7d3
high_intensity,10-05-2026 09:02:46,10,Excelente intensidade! Continue assim.,TZF4n0F7WAlIHCXJ0mrv,True,1778403766000,Alta Intensidade,514af2be7dc985d8
high_intensity,14-05-2026 14:39:11,10,Excelente intensidade! Continue assim.,Z9BpGJ4pGFmZYBRh5nN5,True,1778769551000,Alta Intensidade,bb80f878cef35322
low_intensity,14-05-2026 22:59:05,2,Um ritmo mais leve será benéfico para o seu bem-estar.,0YcN7QVZ6jEWwwNrE9dq,True,1778799545000,Ritmo Baixo,102edb38b5ec347f
low_intensity,11-05-2026 07:30:54,2,Um ritmo mais leve será benéfico para o seu bem-estar.,cGPEnmw6j0L9Rk38etdQ,True,1778484654000,Ritmo Baixo,c9ab51cba10ae1e9
medium_intensity,15-05-2026 08:50:08,5,Este nível de atividade é ideal para o seu bem-estar.,TuCyyE37NhxLeGlj4aeR,True,1778835008000,Ritmo Saudável,18d281edb3671f44
low_intensity,23-05-2026 01:49:01,2,Um ritmo mais leve será benéfico para o seu bem-estar.,t4bWllNCxHJIsioBg7eK,True,1779500941000,Ritmo Baixo,c51d4eb54f89fec8
low_intensity,01-05-2026 23:14:44,2,Um ritmo mais leve será benéfico para o seu bem-estar.,ubpN75TUc8HjKxroOlA5,True,1777677284000,Ritmo Baixo,1b1cc9cee9f27003
low_intensity,30-05-2026 12:59:32,2,Um ritmo mais leve será benéfico para o seu bem-estar.,RiuVGzcGcvLQtU8tdqwt,True,1780145972000,Ritmo Baixo,1d6285f5502cf1f8
low_intensity,20-05-2026 07:39:13,2,Um ritmo mais leve será benéfico para o seu bem-estar.,lhotsAl6jcaWVy56MOxh,True,1779262753000,Ritmo Baixo,95744df47936b8c4
low_intensity,05-05-2026 10:25:27,2,Um ritmo mais leve será benéfico para o seu bem-estar.,3N6ZDvXKN3kS2e3CZUad,True,1777976727000,Ritmo Baixo,7d176c63414fcd05
high_intensity,15-05-2026 03:50:27,10,Excelente intensidade! Continue assim.,uKUeWl9F5ynaJGYv4X4c,True,1778817027000,Alta Intensidade,bb4bb9fbcfcc16d1
high_intensity,30-05-2026 12:43:57,10,Excelente intensidade! Continue assim.,wT0FU5pHlZ2NpmGyDx2Y,True,1780145037000,Alta Intensidade,3bd002cf1fcfa789
low_intensity,10-05-2026 01:23:49,2,Um ritmo mais leve será benéfico para o seu bem-estar.,0vAdDkEQtHFTLFnIDBY2,True,1778376229000,Ritmo Baixo,514af2be7dc985d8
low_intensity,02-05-2026 21:44:52,2,Um ritmo mais leve será benéfico para o seu bem-estar.,VIhy27Iwl6YPFE39mkdF,True,1777758292000,Ritmo Baixo,63d3511e9e857901
medium_intensity,25-05-2026 18:21:07,5,Este nível de atividade é ideal para o seu bem-estar.,cnUoQ3qPX9EvL4EV0MKY,True,1779733267000,Ritmo Saudável,c0014ea2ee2fdaea
low_intensity,14-05-2026 07:10:48,2,Um ritmo mais leve será benéfico para o seu bem-estar.,Y9E8pGH2waEe4dLipu3f,True,1778742648000,Ritmo Baixo,e9da39984fb29dc6
high_intensity,21-05-2026 08:22:29,10,Excelente intensidade! Continue assim.,zGNTSJN9UuTDXLCoqmUk,True,1779351749000,Alta Intensidade,6214b1b462c04096
high_intensity,08-05-2026 18:38:30,10,Excelente intensidade! Continue assim.,NJfxf7sQIhEaUSDZChwV,True,1778265510000,Alta Intensidade,cb207a93391638cb
low_intensity,18-05-2026 15:07:39,2,Um ritmo mais leve será benéfico para o seu bem-estar.,1t6rIVAHES515N1pQjWi,True,1779116859000,Ritmo Baixo,f7c6682ad24d37f8
high_intensity,23-05-2026 20:17:48,10,Excelente intensidade! Continue assim.,ZBqFybIAAw7579RSMgZu,True,1779567468000,Alta Intensidade,64a94f9052422a0c
low_intensity,10-05-2026 09:22:34,2,Um ritmo mais leve será benéfico para o seu bem-estar.,8fa9zHEnG6yHpXX3cDra,True,1778404954000,Ritmo Baixo,cb207a93391638cb
high_intensity,20-05-2026 11:30:48,10,Excelente intensidade! Continue assim.,ygcHz6SasJTZjVqX36AB,True,1779276648000,Alta Intensidade,552b8d6c350cb13c
low_intensity,05-05-2026 02:17:33,2,Um ritmo mais leve será benéfico para o seu bem-estar.,tu2XvUefwb2tPcDSAmP5,True,1777947453000,Ritmo Baixo,153c202e3cfef4ba
low_intensity,18-05-2026 09:14:04,2,Um ritmo mais leve será benéfico para o seu bem-estar.,zSvJJ9QbDmJXBZ5mqoJ9,True,1779095644000,Ritmo Baixo,da211edc7bac01a0
medium_intensity,19-05-2026 20:01:02,5,Este nível de atividade é ideal para o seu bem-estar.,In6b1xAkw8XJ61yJqkTQ,True,1779220862000,Ritmo Saudável,e84878f982129128
high_intensity,23-05-2026 20:48:01,10,Excelente intensidade! Continue assim.,cJk35vlK3Gy034BqocFV,True,1779569281000,Alta Intensidade,53c682ded6545e06
low_intensity,20-05-2026 17:46:22,2,Um ritmo mais leve será benéfico para o seu bem-estar.,N7QojIEGexzJFbMKAcNu,True,1779299182000,Ritmo Baixo,3b1338c1207d1e2e
low_intensity,19-05-2026 21:31:01,2,Um ritmo mais leve será benéfico para o seu bem-estar.,SGe0kklEPStb3U02t2nu,True,1779226261000,Ritmo Baixo,7d176c63414fcd05
medium_intensity,11-05-2026 03:37:31,5,Este nível de atividade é ideal para o seu bem-estar.,3y5Y4mCJidfP1lb4h7pF,True,1778470651000,Ritmo Saudável,057c44d337463e07
high_intensity,14-05-2026 12:02:11,10,Excelente intensidade! Continue assim.,f5uqqUSChuZbf65G9LxQ,True,1778760131000,Alta Intensidade,7f281c8dbac1f799
medium_intensity,01-05-2026 08:58:26,5,Este nível de atividade é ideal para o seu bem-estar.,0Nwnh3e9OvcgQINf9KBg,True,1777625906000,Ritmo Saudável,de2dde23040292bc
medium_intensity,03-05-2026 22:13:13,5,Este nível de atividade é ideal para o seu bem-estar.,X3QoqAubEwVsolHc74qk,True,1777846393000,Ritmo Saudável,cb207a93391638cb
medium_intensity,01-05-2026 16:49:31,5,Este nível de atividade é ideal para o seu bem-estar.,8P7O82hzWLikIxKyrFZo,True,1777654171000,Ritmo Saudável,3bc1bf7fb69f3ba3
high_intensity,05-05-2026 23:21:33,10,Excelente intensidade! Continue assim.,D77sLKM711EiP8d0Dtb2,True,1778023293000,Alta Intensidade,c31244cee16e0c77
high_intensity,05-05-2026 00:31:31,10,Excelente intensidade! Continue assim.,6vUAkSaybR2UuaQvjefe,True,1777941091000,Alta Intensidade,d5eb4d757b335d0e
high_intensity,20-05-2026 08:02:34,10,Excelente intensidade! Continue assim.,5psfNQfkRiMPh2cJBz02,True,1779264154000,Alta Intensidade,d57d393b16ba030e
low_intensity,04-05-2026 09:47:39,2,Um ritmo mais leve será benéfico para o seu bem-estar.,34l6so5x0NpJ3F3OWJ1m,True,1777888059000,Ritmo Baixo,6214b1b462c04096
low_intensity,28-05-2026 09:10:22,2,Um ritmo mais leve será benéfico para o seu bem-estar.,2iEQNzDzePvrO1yLlzVZ,True,1779959422000,Ritmo Baixo,2f2bd7547d602b7a
low_intensity,26-05-2026 15:36:33,2,Um ritmo mais leve será benéfico para o seu bem-estar.,i7IzP2STlwbrCFQxKO0G,True,1779809793000,Ritmo Baixo,ec75a53f04901eec
low_intensity,11-05-2026 00:15:01,2,Um ritmo mais leve será benéfico para o seu bem-estar.,uvASUHIaWSnLQnZOvZoN,True,1778458501000,Ritmo Baixo,3bd002cf1fcfa789
low_intensity,22-05-2026 03:52:24,2,Um ritmo mais leve será benéfico para o seu bem-estar.,mVgM9OHH8jiMcCeHaaor,True,1779421944000,Ritmo Baixo,ec75a53f04901eec
low_intensity,15-05-2026 21:45:10,2,Um ritmo mais leve será benéfico para o seu bem-estar.,2m7qVuwAC0nxai1bHxbl,True,1778881510000,Ritmo Baixo,a2fd30e5fa49ad53
high_intensity,12-05-2026 02:10:52,10,Excelente intensidade! Continue assim.,klFjew7JNX6grcEIlzw9,True,1778551852000,Alta Intensidade,daf96d2280390dec
low_intensity,06-05-2026 19:48:40,2,Um ritmo mais leve será benéfico para o seu bem-estar.,yGKHygnSPTTyM9YzQAga,True,1778096920000,Ritmo Baixo,c51d4eb54f89fec8
medium_intensity,24-05-2026 07:14:05,5,Este nível de atividade é ideal para o seu bem-estar.,tNIZJkZaB6IL7vfxkRNf,True,1779606845000,Ritmo Saudável,fb188f553674b4c4
low_intensity,01-05-2026 00:38:27,2,Um ritmo mais leve será benéfico para o seu bem-estar.,K5yiwzpOBnQM7wiCRJDJ,True,1777595907000,Ritmo Baixo,b30b0b43692b035b
medium_intensity,30-05-2026 22:24:29,5,Este nível de atividade é ideal para o seu bem-estar.,bDkiMa3mOmPlPt0oXCJG,True,1780179869000,Ritmo Saudável,0f98939ac68105bb
low_intensity,26-05-2026 07:03:07,2,Um ritmo mais leve será benéfico para o seu bem-estar.,OUkJJ7R6Cyg6oSSFOiIY,True,1779778987000,Ritmo Baixo,517fc5ca69b652a5
high_intensity,20-05-2026 23:13:33,10,Excelente intensidade! Continue assim.,Z33CfpSKJjglBAQeZCPq,True,1779318813000,Alta Intensidade,3b1338c1207d1e2e
medium_intensity,15-05-2026 21:41:09,5,Este nível de atividade é ideal para o seu bem-estar.,soJmiKQAYtlPhSh69tuL,True,1778881269000,Ritmo Saudável,b30b0b43692b035b
high_intensity,13-05-2026 09:25:31,10,Excelente intensidade! Continue assim.,cFHyorsxg5bcNDQKS4Av,True,1778664331000,Alta Intensidade,3b1338c1207d1e2e
high_intensity,05-05-2026 12:15:54,10,Excelente intensidade! Continue assim.,BNvEo87MkQnPJ4HMT1aG,True,1777983354000,Alta Intensidade,b30b0b43692b035b
medium_intensity,13-05-2026 06:36:32,5,Este nível de atividade é ideal para o seu bem-estar.,ndyTuKbLHEZQYjYcfT48,True,1778654192000,Ritmo Saudável,3cc68b8049eb8d4c
high_intensity,27-05-2026 20:57:46,10,Excelente intensidade! Continue assim.,PFvyX82tvfN2QeWIZWq6,True,1779915466000,Alta Intensidade,72ba4e2f87adceb5
high_intensity,07-05-2026 13:10:30,10,Excelente intensidade! Continue assim.,kHqMNzoCQNZiiED2jsWu,True,1778159430000,Alta Intensidade,72bd2672c948d2cb
medium_intensity,28-05-2026 00:06:23,5,Este nível de atividade é ideal para o seu bem-estar.,dDMQ7V4qeG1h5xuHAnUv,True,1779926783000,Ritmo Saudável,bc74204126e384ca
low_intensity,14-05-2026 23:09:13,2,Um ritmo mais leve será benéfico para o seu bem-estar.,iLb3akqkPHOG0ZIme14s,True,1778800153000,Ritmo Baixo,95744df47936b8c4
medium_intensity,18-05-2026 21:45:26,5,Este nível de atividade é ideal para o seu bem-estar.,HFlzcgj2iJV58TJF9ONF,True,1779140726000,Ritmo Saudável,63d3511e9e857901
medium_intensity,27-05-2026 19:23:37,5,Este nível de atividade é ideal para o seu bem-estar.,J5s7Eh104TCAXktZ0RGn,True,1779909817000,Ritmo Saudável,5afe6ceac06784f5
low_intensity,27-05-2026 06:19:12,2,Um ritmo mais leve será benéfico para o seu bem-estar.,OEuQktRKbZ4dWZGib2BD,True,1779862752000,Ritmo Baixo,1bd749deaf799034
low_intensity,23-05-2026 11:40:07,2,Um ritmo mais leve será benéfico para o seu bem-estar.,eBeHgcl1ZyspmHifKwQ1,True,1779536407000,Ritmo Baixo,2a339e8954684016
low_intensity,25-05-2026 13:58:14,2,Um ritmo mais leve será benéfico para o seu bem-estar.,lmhxricUx10kynzOFIrW,True,1779717494000,Ritmo Baixo,517fc5ca69b652a5
low_intensity,14-05-2026 02:33:43,2,Um ritmo mais leve será benéfico para o seu bem-estar.,zFRaBSLaDu44PrIsCgNR,True,1778726023000,Ritmo Baixo,63d3511e9e857901
high_intensity,24-05-2026 08:16:57,10,Excelente intensidade! Continue assim.,HKZGikRswznxIan6cHB7,True,1779610617000,Alta Intensidade,f879804e4456e5d4
low_intensity,16-05-2026 01:17:47,2,Um ritmo mais leve será benéfico para o seu bem-estar.,w4jYqVXhn67WkAjK9JY7,True,1778894267000,Ritmo Baixo,3b1338c1207d1e2e
medium_intensity,25-05-2026 13:52:58,5,Este nível de atividade é ideal para o seu bem-estar.,WiPTlX71MNj860zpTGF1,True,1779717178000,Ritmo Saudável,f879804e4456e5d4
high_intensity,17-05-2026 03:15:34,10,Excelente intensidade! Continue assim.,35cMaQ8G4UliSKXk1zEK,True,1778987734000,Alta Intensidade,3cc68b8049eb8d4c
low_intensity,26-05-2026 14:44:53,2,Um ritmo mais leve será benéfico para o seu bem-estar.,B01rkyPazOHciLxVDQTp,True,1779806693000,Ritmo Baixo,e84878f982129128
medium_intensity,16-05-2026 10:44:04,5,Este nível de atividade é ideal para o seu bem-estar.,SAsGgn5pWQV32Jaogk59,True,1778928244000,Ritmo Saudável,2618243a251bd83f
high_intensity,18-05-2026 03:51:10,10,Excelente intensidade! Continue assim.,ViEQbaBSc2QqNazJtf8V,True,1779076270000,Alta Intensidade,bbbe498ee44f6349
high_intensity,16-05-2026 22:32:04,10,Excelente intensidade! Continue assim.,Z66mBqVgo2QdkLiRsgnh,True,1778970724000,Alta Intensidade,da211edc7bac01a0
high_intensity,30-05-2026 09:33:22,10,Excelente intensidade! Continue assim.,izKBdIB2ZeEMeVPEQROp,True,1780133602000,Alta Intensidade,cb207a93391638cb
high_intensity,03-05-2026 04:22:35,10,Excelente intensidade! Continue assim.,ttvaXNWXae2lFO4NY4Et,True,1777782155000,Alta Intensidade,8e7f2987241c2818
medium_intensity,06-05-2026 23:36:37,5,Este nível de atividade é ideal para o seu bem-estar.,tAlVnc7Pfp5E0GtV8C2s,True,1778110597000,Ritmo Saudável,2618243a251bd83f
low_intensity,04-05-2026 23:58:11,2,Um ritmo mais leve será benéfico para o seu bem-estar.,ALpc5Iroq28EVM4sryfM,True,1777939091000,Ritmo Baixo,3cc68b8049eb8d4c
medium_intensity,30-05-2026 16:23:23,5,Este nível de atividade é ideal para o seu bem-estar.,1k5vvvK6qEtIZFcpqT2t,True,1780158203000,Ritmo Saudável,9d16533a62ab9315
low_intensity,24-05-2026 08:27:54,2,Um ritmo mais leve será benéfico para o seu bem-estar.,06SDe8V7TX0mvth0i3tH,True,1779611274000,Ritmo Baixo,e9da39984fb29dc6
medium_intensity,13-05-2026 12:48:29,5,Este nível de atividade é ideal para o seu bem-estar.,1QTq5wWJ8QHo0guQKHDW,True,1778676509000,Ritmo Saudável,1b1cc9cee9f27003
medium_intensity,15-05-2026 11:57:44,5,Este nível de atividade é ideal para o seu bem-estar.,qccH4kTfPjgqItSausHd,True,1778846264000,Ritmo Saudável,b572bc65fae8bec1
low_intensity,29-05-2026 15:34:59,2,Um ritmo mais leve será benéfico para o seu bem-estar.,vJNnMZxoC53GTmiponeV,True,1780068899000,Ritmo Baixo,f7c6682ad24d37f8
medium_intensity,24-05-2026 05:56:02,5,Este nível de atividade é ideal para o seu bem-estar.,xwDPTrcvymwSLIu52Pex,True,1779602162000,Ritmo Saudável,cbf338d836298cb7
high_intensity,14-05-2026 04:00:15,10,Excelente intensidade! Continue assim.,lRacqE7prSjRVxWOlX8w,True,1778731215000,Alta Intensidade,c9ab51cba10ae1e9
low_intensity,07-05-2026 13:35:04,2,Um ritmo mais leve será benéfico para o seu bem-estar.,NNRp7zQnFxp65pnI5Deo,True,1778160904000,Ritmo Baixo,1791998ac3161359
medium_intensity,30-05-2026 07:27:03,5,Este nível de atividade é ideal para o seu bem-estar.,dw8oUy4cYrBpA8EGlW5L,True,1780126023000,Ritmo Saudável,e7eb35b501d57e1f
medium_intensity,10-05-2026 19:07:56,5,Este nível de atividade é ideal para o seu bem-estar.,gkT4qEyrKOveT4Ap4rTI,True,1778440076000,Ritmo Saudável,7d176c63414fcd05
medium_intensity,25-05-2026 06:43:11,5,Este nível de atividade é ideal para o seu bem-estar.,cxnnfuRDlFtTp5m6bMcc,True,1779691391000,Ritmo Saudável,1d3db575c4a79d75
low_intensity,09-05-2026 23:28:14,2,Um ritmo mais leve será benéfico para o seu bem-estar.,kmTeaKbGzyZtHRzsw0XP,True,1778369294000,Ritmo Baixo,3bd002cf1fcfa789
medium_intensity,29-05-2026 04:47:44,5,Este nível de atividade é ideal para o seu bem-estar.,w80TglKawyuTk8btDITe,True,1780030064000,Ritmo Saudável,bc74204126e384ca
medium_intensity,05-05-2026 02:14:31,5,Este nível de atividade é ideal para o seu bem-estar.,6qfdsxNEV5H3hmVYX1xN,True,1777947271000,Ritmo Saudável,5311a0642c2564ad
low_intensity,06-05-2026 19:26:01,2,Um ritmo mais leve será benéfico para o seu bem-estar.,NRwmyInnH1UbXUnsRt2R,True,1778095561000,Ritmo Baixo,06961ead71f8b1d8
low_intensity,27-05-2026 21:07:11,2,Um ritmo mais leve será benéfico para o seu bem-estar.,n71AMlm46tbjj6ZBvItu,True,1779916031000,Ritmo Baixo,06961ead71f8b1d8
high_intensity,14-05-2026 15:52:27,10,Excelente intensidade! Continue assim.,QmlhdViQJpCLD12Sv4eh,True,1778773947000,Alta Intensidade,82a83fc853728306
high_intensity,27-05-2026 21:18:38,10,Excelente intensidade! Continue assim.,dxHhaNF1KsxAMGtsg8px,True,1779916718000,Alta Intensidade,17b4966e9be4d8d8
low_intensity,14-05-2026 07:01:12,2,Um ritmo mais leve será benéfico para o seu bem-estar.,Lmb9m6CeAF1Iwcd7d9US,True,1778742072000,Ritmo Baixo,6588d11c4a11acb1
low_intensity,19-05-2026 01:00:26,2,Um ritmo mais leve será benéfico para o seu bem-estar.,iX5tZqzeY9hOFlovTQiD,True,1779152426000,Ritmo Baixo,c0014ea2ee2fdaea
high_intensity,14-05-2026 00:23:05,10,Excelente intensidade! Continue assim.,4gFxBHrp6dpbFGAQLvcP,True,1778718185000,Alta Intensidade,5afe6ceac06784f5
high_intensity,05-05-2026 21:39:49,10,Excelente intensidade! Continue assim.,BeS2XrOvjFBnQcxERP9K,True,1778017189000,Alta Intensidade,93279918e60ec274
medium_intensity,24-05-2026 13:17:10,5,Este nível de atividade é ideal para o seu bem-estar.,gAdXWFeNKOVOamK0GieO,True,1779628630000,Ritmo Saudável,234da97fe615c6b7
high_intensity,03-05-2026 02:15:15,10,Excelente intensidade! Continue assim.,Key0gduBUMpfP7GS8nea,True,1777774515000,Alta Intensidade,72bd2672c948d2cb
medium_intensity,25-05-2026 17:57:04,5,Este nível de atividade é ideal para o seu bem-estar.,2RRVTB1egQ5mA3DGArwi,True,1779731824000,Ritmo Saudável,5afe6ceac06784f5
low_intensity,19-05-2026 02:33:57,2,Um ritmo mais leve será benéfico para o seu bem-estar.,GvHG4j0pU8RL1GvR8Mr0,True,1779158037000,Ritmo Baixo,d0825fdf3da3660c
low_intensity,13-05-2026 18:38:13,2,Um ritmo mais leve será benéfico para o seu bem-estar.,CqxXjfpfkCvazGUoRmZ5,True,1778697493000,Ritmo Baixo,3b1338c1207d1e2e
high_intensity,11-05-2026 10:58:51,10,Excelente intensidade! Continue assim.,JlAMgnSf3r8vcsYAjRGL,True,1778497131000,Alta Intensidade,63d3511e9e857901
high_intensity,19-05-2026 03:14:40,10,Excelente intensidade! Continue assim.,gUUs9MofFoQQXLFX8jGP,True,1779160480000,Alta Intensidade,2a339e8954684016
high_intensity,05-05-2026 14:57:47,10,Excelente intensidade! Continue assim.,OW4yG2YLtTAsQo5GW0my,True,1777993067000,Alta Intensidade,8f8c45c33ff51d0e
low_intensity,07-05-2026 17:24:21,2,Um ritmo mais leve será benéfico para o seu bem-estar.,zX0HgyfcVhiRCtp0AnKq,True,1778174661000,Ritmo Baixo,1b38ab967d98cc4e
low_intensity,27-05-2026 17:39:44,2,Um ritmo mais leve será benéfico para o seu bem-estar.,hIdzVr9wKUwYlfx7AqtU,True,1779903584000,Ritmo Baixo,f7af4712fd6b9108
low_intensity,26-05-2026 00:19:54,2,Um ritmo mais leve será benéfico para o seu bem-estar.,pb0rm9bFxDMMMuJJHoyn,True,1779754794000,Ritmo Baixo,552b8d6c350cb13c
medium_intensity,21-05-2026 05:16:37,5,Este nível de atividade é ideal para o seu bem-estar.,FWz6FxVlmnDfuJzD7ro1,True,1779340597000,Ritmo Saudável,e1bd0a847e7079be
low_intensity,20-05-2026 18:40:21,2,Um ritmo mais leve será benéfico para o seu bem-estar.,cBgd8FPOvRITfgosG3cy,True,1779302421000,Ritmo Baixo,9cbee3c1d7168837
low_intensity,27-05-2026 06:48:46,2,Um ritmo mais leve será benéfico para o seu bem-estar.,KIvFH2lJ86GRIsQVnJeI,True,1779864526000,Ritmo Baixo,c9ab51cba10ae1e9
high_intensity,12-05-2026 09:17:15,10,Excelente intensidade! Continue assim.,wD3Db6l2NaPhRFMDKIQf,True,1778577435000,Alta Intensidade,1d3db575c4a79d75
low_intensity,21-05-2026 18:56:23,2,Um ritmo mais leve será benéfico para o seu bem-estar.,v8oYf8JeLh3lROG8O0dh,True,1779389783000,Ritmo Baixo,1b1cc9cee9f27003
low_intensity,04-05-2026 15:44:46,2,Um ritmo mais leve será benéfico para o seu bem-estar.,JXQFaD2OTGBkLsQwQDL2,True,1777909486000,Ritmo Baixo,63d3511e9e857901
low_intensity,02-05-2026 05:16:27,2,Um ritmo mais leve será benéfico para o seu bem-estar.,poG5cK1SX5b5Ty08oO9P,True,1777698987000,Ritmo Baixo,8e7f2987241c2818
low_intensity,20-05-2026 15:08:22,2,Um ritmo mais leve será benéfico para o seu bem-estar.,S2ncX9kfBrfw33v1rcVH,True,1779289702000,Ritmo Baixo,42ac1a2bf982f79c
low_intensity,21-05-2026 13:25:08,2,Um ritmo mais leve será benéfico para o seu bem-estar.,ZTLCeJx8EM2VjHlvweAQ,True,1779369908000,Ritmo Baixo,1b1cc9cee9f27003
high_intensity,11-05-2026 20:59:43,10,Excelente intensidade! Continue assim.,AHIgbK9ExVane4M1VgJb,True,1778533183000,Alta Intensidade,06961ead71f8b1d8
high_intensity,09-05-2026 17:15:10,10,Excelente intensidade! Continue assim.,bab34rVBPPTFK4QK2nC8,True,1778346910000,Alta Intensidade,867d47425e9cccc7
medium_intensity,25-05-2026 03:58:26,5,Este nível de atividade é ideal para o seu bem-estar.,jlcEMyAHj6WmTBLObdUa,True,1779681506000,Ritmo Saudável,f7af4712fd6b9108
medium_intensity,24-05-2026 10:33:16,5,Este nível de atividade é ideal para o seu bem-estar.,efLD7wVvCLUZNYRs2Mla,True,1779618796000,Ritmo Saudável,daf96d2280390dec
low_intensity,25-05-2026 16:10:26,2,Um ritmo mais leve será benéfico para o seu bem-estar.,zW7Ebd0SEhPgIiWBeb55,True,1779725426000,Ritmo Baixo,cb4c1290e91970dd
medium_intensity,04-05-2026 04:51:22,5,Este nível de atividade é ideal para o seu bem-estar.,WAMC4T7hqy8hgS8ZDjqq,True,1777870282000,Ritmo Saudável,63d3511e9e857901
low_intensity,08-05-2026 01:10:54,2,Um ritmo mais leve será benéfico para o seu bem-estar.,lZztIZzFalGyOdkfldr8,True,1778202654000,Ritmo Baixo,c34c1310eab19c87
medium_intensity,23-05-2026 16:09:51,5,Este nível de atividade é ideal para o seu bem-estar.,T9pWCoAHdLALKYEREmhr,True,1779552591000,Ritmo Saudável,0f98939ac68105bb
low_intensity,20-05-2026 15:17:49,2,Um ritmo mais leve será benéfico para o seu bem-estar.,WIkNBIPrYD9O2L4K3DIe,True,1779290269000,Ritmo Baixo,131c7dd8f3ab4b35
medium_intensity,20-05-2026 06:14:44,5,Este nível de atividade é ideal para o seu bem-estar.,5NvZ3AnaMD14XeEnLbhe,True,1779257684000,Ritmo Saudável,64a94f9052422a0c
medium_intensity,24-05-2026 05:02:10,5,Este nível de atividade é ideal para o seu bem-estar.,6fTm5Nf0UgXxKTOxevFy,True,1779598930000,Ritmo Saudável,04964f8452901231
low_intensity,30-05-2026 04:57:36,2,Um ritmo mais leve será benéfico para o seu bem-estar.,mCjGrVclunTiMv0S9aC5,True,1780117056000,Ritmo Baixo,1d3db575c4a79d75
high_intensity,04-05-2026 19:43:56,10,Excelente intensidade! Continue assim.,bWw3i9Ed1tfC2A6IUzPL,True,1777923836000,Alta Intensidade,91279a646f8ea6ac
high_intensity,21-05-2026 22:32:25,10,Excelente intensidade! Continue assim.,teR2ZS1KaWyOBiDi9Yzb,True,1779402745000,Alta Intensidade,72ba4e2f87adceb5
low_intensity,12-05-2026 12:39:19,2,Um ritmo mais leve será benéfico para o seu bem-estar.,t6xCb6JcAXMLtvTnifqQ,True,1778589559000,Ritmo Baixo,8dc02e5c153f83a3
high_intensity,23-05-2026 04:52:40,10,Excelente intensidade! Continue assim.,IsR6vMSwh8zrjqsdKgHp,True,1779511960000,Alta Intensidade,131c7dd8f3ab4b35
high_intensity,04-05-2026 09:09:26,10,Excelente intensidade! Continue assim.,VwRefsvYGvwv7rIg62gS,True,1777885766000,Alta Intensidade,3b1338c1207d1e2e
high_intensity,14-05-2026 18:34:40,10,Excelente intensidade! Continue assim.,sVK7K5pipjtctgl3HsHI,True,1778783680000,Alta Intensidade,8dc02e5c153f83a3
medium_intensity,24-05-2026 20:01:15,5,Este nível de atividade é ideal para o seu bem-estar.,X53QVODUacIi4eNESL5K,True,1779652875000,Ritmo Saudável,42d576864f9952c7
high_intensity,28-05-2026 13:19:05,10,Excelente intensidade! Continue assim.,GUFGm5eTSew5hb2Tmiyd,True,1779974345000,Alta Intensidade,3c58290022ed11b1
medium_intensity,30-05-2026 07:09:31,5,Este nível de atividade é ideal para o seu bem-estar.,YqdLJCPFX4g1lxMeu3zh,True,1780124971000,Ritmo Saudável,3db4e6efff8b7518
high_intensity,24-05-2026 04:26:00,10,Excelente intensidade! Continue assim.,Gp6gaFBx3H8d6PPWJ19X,True,1779596760000,Alta Intensidade,556be8558ce56421
low_intensity,09-05-2026 03:53:18,2,Um ritmo mais leve será benéfico para o seu bem-estar.,NeUZTbkhFWmqyHOAV2e2,True,1778298798000,Ritmo Baixo,18d281edb3671f44
medium_intensity,25-05-2026 11:29:54,5,Este nível de atividade é ideal para o seu bem-estar.,CMEZaoXBv1u2fUFB7Xyn,True,1779708594000,Ritmo Saudável,2f2bd7547d602b7a
low_intensity,09-05-2026 14:25:44,2,Um ritmo mais leve será benéfico para o seu bem-estar.,k0pk8wLdKFEJ0fWN9V8k,True,1778336744000,Ritmo Baixo,c837debb39dd1e68
medium_intensity,08-05-2026 00:35:33,5,Este nível de atividade é ideal para o seu bem-estar.,myoridwB5IHQ74lQBAQW,True,1778200533000,Ritmo Saudável,da211edc7bac01a0
medium_intensity,26-05-2026 12:35:12,5,Este nível de atividade é ideal para o seu bem-estar.,IhTx7suYIlkPGeRwonsr,True,1779798912000,Ritmo Saudável,17b4966e9be4d8d8
high_intensity,07-05-2026 05:38:09,10,Excelente intensidade! Continue assim.,DdI7MRxAHt55zOABJaxM,True,1778132289000,Alta Intensidade,a8c47673d6a4f85c
medium_intensity,04-05-2026 11:40:37,5,Este nível de atividade é ideal para o seu bem-estar.,0ZU2o40GjONbEDUpdo8F,True,1777894837000,Ritmo Saudável,c31244cee16e0c77
high_intensity,10-05-2026 12:34:57,10,Excelente intensidade! Continue assim.,XAlR6fB6jmGzk88ETJvn,True,1778416497000,Alta Intensidade,5afe6ceac06784f5
medium_intensity,15-05-2026 13:43:21,5,Este nível de atividade é ideal para o seu bem-estar.,YP0DWs4T9UbK4p359jeQ,True,1778852601000,Ritmo Saudável,330949523d665e3b
medium_intensity,18-05-2026 05:18:09,5,Este nível de atividade é ideal para o seu bem-estar.,NMboF0UdfltaadkPEloD,True,1779081489000,Ritmo Saudável,34cbefbc28798720
low_intensity,26-05-2026 15:28:51,2,Um ritmo mais leve será benéfico para o seu bem-estar.,hhgmNvd5qdd20LBVDnVo,True,1779809331000,Ritmo Baixo,ce246387dd078174
low_intensity,02-05-2026 10:39:52,2,Um ritmo mais leve será benéfico para o seu bem-estar.,YMYSzlUNawDAjfCOc3pE,True,1777718392000,Ritmo Baixo,d632e4ce536ec364
high_intensity,16-05-2026 21:59:17,10,Excelente intensidade! Continue assim.,kHxurKsAQUBFVo61BEcf,True,1778968757000,Alta Intensidade,57e7d972b508815d
low_intensity,02-05-2026 04:34:48,2,Um ritmo mais leve será benéfico para o seu bem-estar.,fC651gry4qNaFMCVMALL,True,1777696488000,Ritmo Baixo,bc74204126e384ca
high_intensity,05-05-2026 04:16:33,10,Excelente intensidade! Continue assim.,OsHSITfe8abm1i8kfLFS,True,1777954593000,Alta Intensidade,39a54d73a921b9f6
high_intensity,15-05-2026 09:20:15,10,Excelente intensidade! Continue assim.,JAgkf9vER5LNZW2Mzvhv,True,1778836815000,Alta Intensidade,1d6285f5502cf1f8
medium_intensity,22-05-2026 13:46:40,5,Este nível de atividade é ideal para o seu bem-estar.,iDUMvKrlRypKrx6Kerkn,True,1779457600000,Ritmo Saudável,cb4c1290e91970dd
low_intensity,06-05-2026 07:45:50,2,Um ritmo mais leve será benéfico para o seu bem-estar.,MxaGF0gajHbaeH4AIKGD,True,1778053550000,Ritmo Baixo,39a54d73a921b9f6
low_intensity,20-05-2026 07:25:34,2,Um ritmo mais leve será benéfico para o seu bem-estar.,QAjFDVR1RSawGljEacDX,True,1779261934000,Ritmo Baixo,e84878f982129128
medium_intensity,28-05-2026 03:33:59,5,Este nível de atividade é ideal para o seu bem-estar.,25KiLUbGXaadi3RXiQzA,True,1779939239000,Ritmo Saudável,53c682ded6545e06
low_intensity,28-05-2026 01:50:16,2,Um ritmo mais leve será benéfico para o seu bem-estar.,PHsfgxQWdqkPpoV4oBr3,True,1779933016000,Ritmo Baixo,8dc02e5c153f83a3
high_intensity,15-05-2026 00:03:00,10,Excelente intensidade! Continue assim.,cTzMg8TGPfWUF7KEOeh3,True,1778803380000,Alta Intensidade,430f674c6dfe941a
high_intensity,02-05-2026 19:38:43,10,Excelente intensidade! Continue assim.,ERy5G8uD2KIAu6F2uolJ,True,1777750723000,Alta Intensidade,cbf338d836298cb7
low_intensity,13-05-2026 05:03:17,2,Um ritmo mais leve será benéfico para o seu bem-estar.,50Mt9hpI6NTh6Dle9H0i,True,1778648597000,Ritmo Baixo,3cc68b8049eb8d4c
medium_intensity,06-05-2026 03:02:40,5,Este nível de atividade é ideal para o seu bem-estar.,efkAA996J8HNr2rGi3fM,True,1778036560000,Ritmo Saudável,8e7f2987241c2818
medium_intensity,06-05-2026 04:06:27,5,Este nível de atividade é ideal para o seu bem-estar.,GtC2HYJJQg6NdRKwNdOt,True,1778040387000,Ritmo Saudável,e8c9832b5c388bb5
high_intensity,27-05-2026 03:08:11,10,Excelente intensidade! Continue assim.,oDm50QyWC326AmnekJbB,True,1779851291000,Alta Intensidade,72ba4e2f87adceb5
low_intensity,16-05-2026 20:07:21,2,Um ritmo mais leve será benéfico para o seu bem-estar.,a23cUZUQaMJPXOxgm6Ya,True,1778962041000,Ritmo Baixo,c51d4eb54f89fec8
high_intensity,29-05-2026 16:21:16,10,Excelente intensidade! Continue assim.,h4ZrmxFdtoExHeSXipWD,True,1780071676000,Alta Intensidade,c6a2d85265d19a41
low_intensity,16-05-2026 06:59:40,2,Um ritmo mais leve será benéfico para o seu bem-estar.,mAs3vPqrEOidxuWL65fD,True,1778914780000,Ritmo Baixo,2f2bd7547d602b7a
high_intensity,19-05-2026 07:14:01,10,Excelente intensidade! Continue assim.,RZvRSj4d3LMwm9K8PDXo,True,1779174841000,Alta Intensidade,da211edc7bac01a0
medium_intensity,06-05-2026 03:37:34,5,Este nível de atividade é ideal para o seu bem-estar.,CJEjDcymnY28vxtQF7EV,True,1778038654000,Ritmo Saudável,e1bd0a847e7079be
high_intensity,23-05-2026 13:25:17,10,Excelente intensidade! Continue assim.,Ns9GPRathPWbgYH7j6ZY,True,1779542717000,Alta Intensidade,e1bd0a847e7079be
low_intensity,11-05-2026 20:03:07,2,Um ritmo mais leve será benéfico para o seu bem-estar.,xeW9yRvdRQB8YwSuqGoQ,True,1778529787000,Ritmo Baixo,cbf338d836298cb7
high_intensity,09-05-2026 03:24:31,10,Excelente intensidade! Continue assim.,gz2vEs8gNvLkxRHgR5Gz,True,1778297071000,Alta Intensidade,eb39e98aca20e7d3
medium_intensity,18-05-2026 20:48:26,5,Este nível de atividade é ideal para o seu bem-estar.,6PdPiQBBOPnFumQiPVfH,True,1779137306000,Ritmo Saudável,c6a2d85265d19a41
high_intensity,13-05-2026 04:18:58,10,Excelente intensidade! Continue assim.,ZgNytY1ToN2dYyTkveiK,True,1778645938000,Alta Intensidade,1bd749deaf799034
high_intensity,24-05-2026 19:43:57,10,Excelente intensidade! Continue assim.,ojSP9NqG47BJPopWV1cy,True,1779651837000,Alta Intensidade,9d16533a62ab9315
high_intensity,12-05-2026 04:54:00,10,Excelente intensidade! Continue assim.,03H50FGP66uJqz4L8nME,True,1778561640000,Alta Intensidade,c85cdb0ef48d09c8
medium_intensity,27-05-2026 20:37:38,5,Este nível de atividade é ideal para o seu bem-estar.,4S39teR9z4IUvl5KDYYf,True,1779914258000,Ritmo Saudável,556be8558ce56421
high_intensity,27-05-2026 02:25:53,10,Excelente intensidade! Continue assim.,ykoDBGqyYjWztTQEbgJ1,True,1779848753000,Alta Intensidade,e8c9832b5c388bb5
high_intensity,20-05-2026 07:52:15,10,Excelente intensidade! Continue assim.,UeWL9fVGK9iCOS46qlcl,True,1779263535000,Alta Intensidade,ce246387dd078174
high_intensity,30-05-2026 06:57:32,10,Excelente intensidade! Continue assim.,1nUSqgheZf5GQ99o3Tgy,True,1780124252000,Alta Intensidade,9cbee3c1d7168837
high_intensity,05-05-2026 02:13:32,10,Excelente intensidade! Continue assim.,YQWfnPur6xfor03jNfnf,True,1777947212000,Alta Intensidade,0e52f2934d8ce165
medium_intensity,20-05-2026 03:15:28,5,Este nível de atividade é ideal para o seu bem-estar.,pTgBuaopm3kjVOrDMSN5,True,1779246928000,Ritmo Saudável,b30b0b43692b035b
high_intensity,15-05-2026 03:05:33,10,Excelente intensidade! Continue assim.,scMi5Mclr7vRzE9aZtcY,True,1778814333000,Alta Intensidade,867d47425e9cccc7
high_intensity,09-05-2026 03:31:00,10,Excelente intensidade! Continue assim.,bCwPxGprMSGRobgUuLm0,True,1778297460000,Alta Intensidade,2a339e8954684016
medium_intensity,13-05-2026 04:31:36,5,Este nível de atividade é ideal para o seu bem-estar.,IIqS6jFjjzJdMypP6La2,True,1778646696000,Ritmo Saudável,ec75a53f04901eec
medium_intensity,01-05-2026 14:40:48,5,Este nível de atividade é ideal para o seu bem-estar.,9Jj26c9MPZ1Di2q7cri0,True,1777646448000,Ritmo Saudável,c0014ea2ee2fdaea
high_intensity,06-05-2026 03:45:05,10,Excelente intensidade! Continue assim.,nnbfIMVFHJu5Mk0j6Ffz,True,1778039105000,Alta Intensidade,9d16533a62ab9315
medium_intensity,03-05-2026 19:54:00,5,Este nível de atividade é ideal para o seu bem-estar.,ZYPGTuXFHCRJXznyVQcK,True,1777838040000,Ritmo Saudável,5a7b6516c51a4d4e
low_intensity,21-05-2026 18:01:07,2,Um ritmo mais leve será benéfico para o seu bem-estar.,DihrPq0jJ2Bz6gNns47a,True,1779386467000,Ritmo Baixo,6f36a3307488809f
low_intensity,21-05-2026 04:20:18,2,Um ritmo mais leve será benéfico para o seu bem-estar.,TSiBFurMRkAoiwfllxmo,True,1779337218000,Ritmo Baixo,8e7f2987241c2818
medium_intensity,17-05-2026 19:37:16,5,Este nível de atividade é ideal para o seu bem-estar.,JstPJQyNJ4Sb7r4CJsJQ,True,1779046636000,Ritmo Saudável,c7f34dc43387f858
low_intensity,12-05-2026 22:16:25,2,Um ritmo mais leve será benéfico para o seu bem-estar.,viJlYHJc0eTYoSg74P37,True,1778624185000,Ritmo Baixo,389da1f3a7c1d8de
medium_intensity,27-05-2026 04:25:27,5,Este nível de atividade é ideal para o seu bem-estar.,9EE57L2N45XnNx0Z5GqG,True,1779855927000,Ritmo Saudável,9d16533a62ab9315
medium_intensity,22-05-2026 05:03:38,5,Este nível de atividade é ideal para o seu bem-estar.,48rfCwqPhf1oCtD3N8Ki,True,1779426218000,Ritmo Saudável,6214b1b462c04096
low_intensity,29-05-2026 15:54:35,2,Um ritmo mais leve será benéfico para o seu bem-estar.,z9uM15RDwFvqNSSb6OBB,True,1780070075000,Ritmo Baixo,2f2bd7547d602b7a
medium_intensity,03-05-2026 07:39:39,5,Este nível de atividade é ideal para o seu bem-estar.,uBqCRdlUF24reeGJohB4,True,1777793979000,Ritmo Saudável,53c682ded6545e06
high_intensity,16-05-2026 05:54:59,10,Excelente intensidade! Continue assim.,ceYHGiMvEQrj7ODuMlWl,True,1778910899000,Alta Intensidade,7d176c63414fcd05
medium_intensity,24-05-2026 02:34:20,5,Este nível de atividade é ideal para o seu bem-estar.,gxWo3SXAyoQggbADoOMh,True,1779590060000,Ritmo Saudável,da211edc7bac01a0
low_intensity,20-05-2026 12:44:34,2,Um ritmo mais leve será benéfico para o seu bem-estar.,Z1TOxW9dEQ5Jqszxev3y,True,1779281074000,Ritmo Baixo,b30b0b43692b035b
medium_intensity,11-05-2026 17:53:15,5,Este nível de atividade é ideal para o seu bem-estar.,3HcRGEVuMMUwUCKyYjSp,True,1778521995000,Ritmo Saudável,234da97fe615c6b7
high_intensity,12-05-2026 13:27:17,10,Excelente intensidade! Continue assim.,NM2mXFvJWZWcn3yLWsx2,True,1778592437000,Alta Intensidade,bb4bb9fbcfcc16d1
medium_intensity,27-05-2026 08:20:25,5,Este nível de atividade é ideal para o seu bem-estar.,AXO5Bi3HCQengFFORv0H,True,1779870025000,Ritmo Saudável,55b620d8c0ab41e0
medium_intensity,12-05-2026 07:24:40,5,Este nível de atividade é ideal para o seu bem-estar.,H2BmczpqGQfY6en0x0ho,True,1778570680000,Ritmo Saudável,6588d11c4a11acb1
low_intensity,19-05-2026 17:24:03,2,Um ritmo mais leve será benéfico para o seu bem-estar.,LQvXWbeAkaLHMgN2EGHO,True,1779211443000,Ritmo Baixo,1b38ab967d98cc4e
high_intensity,19-05-2026 13:47:07,10,Excelente intensidade! Continue assim.,KYsZpjdnqYZdx2T2fVsT,True,1779198427000,Alta Intensidade,f7af4712fd6b9108
medium_intensity,29-05-2026 19:49:22,5,Este nível de atividade é ideal para o seu bem-estar.,uLQW6Ue7vTEUbjHhr2oe,True,1780084162000,Ritmo Saudável,2618243a251bd83f
low_intensity,11-05-2026 17:15:15,2,Um ritmo mais leve será benéfico para o seu bem-estar.,rYuJfVFWTlD17DaHyif8,True,1778519715000,Ritmo Baixo,a8c47673d6a4f85c
high_intensity,20-05-2026 10:43:08,10,Excelente intensidade! Continue assim.,TES7tn7ZFydT8mDitIU0,True,1779273788000,Alta Intensidade,0f98939ac68105bb
high_intensity,03-05-2026 13:43:05,10,Excelente intensidade! Continue assim.,XxEhgQHD2cfUnYPURk9J,True,1777815785000,Alta Intensidade,0f98939ac68105bb
medium_intensity,09-05-2026 06:59:19,5,Este nível de atividade é ideal para o seu bem-estar.,ZxXv75mxOI95TeJtBjwX,True,1778309959000,Ritmo Saudável,cb4c1290e91970dd
low_intensity,15-05-2026 16:31:45,2,Um ritmo mais leve será benéfico para o seu bem-estar.,NQv8zQJwLkhs8WOq3EvM,True,1778862705000,Ritmo Baixo,5311a0642c2564ad
medium_intensity,19-05-2026 02:15:23,5,Este nível de atividade é ideal para o seu bem-estar.,dQkHB6zbmEhP6CgBnj84,True,1779156923000,Ritmo Saudável,556be8558ce56421
low_intensity,02-05-2026 08:08:07,2,Um ritmo mais leve será benéfico para o seu bem-estar.,avPzqb187y0oVE8rpW1h,True,1777709287000,Ritmo Baixo,c0014ea2ee2fdaea
medium_intensity,24-05-2026 19:53:16,5,Este nível de atividade é ideal para o seu bem-estar.,DK4zzNhM6kv3vT096BpX,True,1779652396000,Ritmo Saudável,13db178cd9a1e37a
low_intensity,05-05-2026 05:32:17,2,Um ritmo mais leve será benéfico para o seu bem-estar.,M5Qy7aWdeSlWArg4HeKe,True,1777959137000,Ritmo Baixo,a8c47673d6a4f85c
low_intensity,18-05-2026 07:31:20,2,Um ritmo mais leve será benéfico para o seu bem-estar.,n5zD3F73jErOLXtNizIx,True,1779089480000,Ritmo Baixo,19a558ecc36977ce
low_intensity,06-05-2026 00:45:50,2,Um ritmo mais leve será benéfico para o seu bem-estar.,mjUPYjOHZN6ryHydugLF,True,1778028350000,Ritmo Baixo,c9ab51cba10ae1e9
high_intensity,30-05-2026 09:47:07,10,Excelente intensidade! Continue assim.,oDX8NRncQAVRO95uErgM,True,1780134427000,Alta Intensidade,1791998ac3161359
medium_intensity,24-05-2026 05:16:21,5,Este nível de atividade é ideal para o seu bem-estar.,gsgIgl9L9C6ZfDcNfL0F,True,1779599781000,Ritmo Saudável,42d576864f9952c7
medium_intensity,28-05-2026 00:03:19,5,Este nível de atividade é ideal para o seu bem-estar.,696JoxYUZ71DnAUYQNIF,True,1779926599000,Ritmo Saudável,42d576864f9952c7
medium_intensity,08-05-2026 00:53:33,5,Este nível de atividade é ideal para o seu bem-estar.,FnuyzdWub1HOtvxfuGkk,True,1778201613000,Ritmo Saudável,5afe6ceac06784f5
low_intensity,19-05-2026 11:00:30,2,Um ritmo mais leve será benéfico para o seu bem-estar.,Xt7GE34ysX5yAaWCkFWn,True,1779188430000,Ritmo Baixo,0e52f2934d8ce165
medium_intensity,03-05-2026 04:55:36,5,Este nível de atividade é ideal para o seu bem-estar.,wyBi9mMhXAQNnIEzdqMs,True,1777784136000,Ritmo Saudável,234da97fe615c6b7
high_intensity,26-05-2026 17:05:24,10,Excelente intensidade! Continue assim.,MsSsQNiKTXPeEMz9itH8,True,1779815124000,Alta Intensidade,95744df47936b8c4
high_intensity,28-05-2026 09:29:18,10,Excelente intensidade! Continue assim.,E1ykLpIP3ACVzcRljM2H,True,1779960558000,Alta Intensidade,1b1cc9cee9f27003
low_intensity,29-05-2026 18:32:17,2,Um ritmo mais leve será benéfico para o seu bem-estar.,IpxpJGfPsjX4U9BOhgdv,True,1780079537000,Ritmo Baixo,131c7dd8f3ab4b35
high_intensity,09-05-2026 23:13:59,10,Excelente intensidade! Continue assim.,NT9Mm2L7IsPHvD4MrCci,True,1778368439000,Alta Intensidade,91d55d217a2af234
low_intensity,03-05-2026 15:50:35,2,Um ritmo mais leve será benéfico para o seu bem-estar.,UQzT04q8ZHPPkUiQp8dH,True,1777823435000,Ritmo Baixo,c837debb39dd1e68
low_intensity,20-05-2026 07:23:06,2,Um ritmo mais leve será benéfico para o seu bem-estar.,0BTjswRyPsh92Xk5V9r1,True,1779261786000,Ritmo Baixo,8dc02e5c153f83a3
low_intensity,18-05-2026 10:16:34,2,Um ritmo mais leve será benéfico para o seu bem-estar.,059ergdupst2tWgtQwn9,True,1779099394000,Ritmo Baixo,234da97fe615c6b7
medium_intensity,17-05-2026 20:45:52,5,Este nível de atividade é ideal para o seu bem-estar.,zWrCmjRY11xTyGDFAKS7,True,1779050752000,Ritmo Saudável,e7eb35b501d57e1f
high_intensity,02-05-2026 05:34:09,10,Excelente intensidade! Continue assim.,6GKCX6bcD9gjae8lVDGQ,True,1777700049000,Alta Intensidade,34cbefbc28798720
medium_intensity,19-05-2026 05:23:23,5,Este nível de atividade é ideal para o seu bem-estar.,F5JKz2HljoUk4zUe4Nqx,True,1779168203000,Ritmo Saudável,82a83fc853728306
low_intensity,26-05-2026 12:21:43,2,Um ritmo mais leve será benéfico para o seu bem-estar.,ZVVu7LnJKOHUh1tIxpRt,True,1779798103000,Ritmo Baixo,487b076a69a53671
medium_intensity,16-05-2026 10:12:35,5,Este nível de atividade é ideal para o seu bem-estar.,qD7xvNopmWgGQkDLRvUj,True,1778926355000,Ritmo Saudável,556be8558ce56421
high_intensity,05-05-2026 02:08:48,10,Excelente intensidade! Continue assim.,fyTpAgJa86XjJcWE49gq,True,1777946928000,Alta Intensidade,1d3db575c4a79d75
medium_intensity,07-05-2026 01:06:03,5,Este nível de atividade é ideal para o seu bem-estar.,EdZI2Qd5VFhcVW0VgHCt,True,1778115963000,Ritmo Saudável,bc74204126e384ca
high_intensity,27-05-2026 19:44:11,10,Excelente intensidade! Continue assim.,OngnLmmAsjFPfBcCb9ZK,True,1779911051000,Alta Intensidade,cbf338d836298cb7
high_intensity,21-05-2026 07:41:08,10,Excelente intensidade! Continue assim.,6Rv582jR81o48ZGjeO9F,True,1779349268000,Alta Intensidade,93279918e60ec274
high_intensity,13-05-2026 08:21:02,10,Excelente intensidade! Continue assim.,LvfB1lgkE3UV9yGol11M,True,1778660462000,Alta Intensidade,c7f34dc43387f858
low_intensity,28-05-2026 20:47:12,2,Um ritmo mais leve será benéfico para o seu bem-estar.,1m1gK0SIsDS15JFsxcaw,True,1780001232000,Ritmo Baixo,7d176c63414fcd05
medium_intensity,02-05-2026 18:04:12,5,Este nível de atividade é ideal para o seu bem-estar.,7y2lfJRVRSoi9aIurQVv,True,1777745052000,Ritmo Saudável,d4389e820d4f82fa
high_intensity,25-05-2026 11:13:23,10,Excelente intensidade! Continue assim.,3PChX7xHJ3UgfSNYnHtY,True,1779707603000,Alta Intensidade,bbbe498ee44f6349
low_intensity,16-05-2026 14:43:14,2,Um ritmo mais leve será benéfico para o seu bem-estar.,Llucq1ZdfxVxsCPBbxql,True,1778942594000,Ritmo Baixo,ec75a53f04901eec
low_intensity,19-05-2026 02:02:03,2,Um ritmo mais leve será benéfico para o seu bem-estar.,LR5YzHgXuiN9IWQA8zUW,True,1779156123000,Ritmo Baixo,c0014ea2ee2fdaea
low_intensity,29-05-2026 22:31:54,2,Um ritmo mais leve será benéfico para o seu bem-estar.,SbUG0E33BXjkYM7dWUuL,True,1780093914000,Ritmo Baixo,1791998ac3161359
low_intensity,04-05-2026 03:51:14,2,Um ritmo mais leve será benéfico para o seu bem-estar.,IsabfiuTuaArmnWn5O2h,True,1777866674000,Ritmo Baixo,1d3db575c4a79d75
high_intensity,27-05-2026 16:57:08,10,Excelente intensidade! Continue assim.,ggITSq1Bbcvu1t8h7HU4,True,1779901028000,Alta Intensidade,cb4c1290e91970dd
medium_intensity,05-05-2026 19:06:02,5,Este nível de atividade é ideal para o seu bem-estar.,k0xaA54G297KtK8T0Uzw,True,1778007962000,Ritmo Saudável,ec75a53f04901eec
medium_intensity,19-05-2026 05:15:49,5,Este nível de atividade é ideal para o seu bem-estar.,YizOwbtbX1H5r6j9S4pc,True,1779167749000,Ritmo Saudável,7f281c8dbac1f799
high_intensity,16-05-2026 18:08:52,10,Excelente intensidade! Continue assim.,lyCAhCv58rIzwITdDHG2,True,1778954932000,Alta Intensidade,9d16533a62ab9315
high_intensity,10-05-2026 14:42:40,10,Excelente intensidade! Continue assim.,p2URIbIwYHvE6wpGbDkr,True,1778424160000,Alta Intensidade,f7c6682ad24d37f8
low_intensity,03-05-2026 10:02:44,2,Um ritmo mais leve será benéfico para o seu bem-estar.,5XEqrsATKxMPSa5cLwsf,True,1777802564000,Ritmo Baixo,c0014ea2ee2fdaea
medium_intensity,25-05-2026 11:42:05,5,Este nível de atividade é ideal para o seu bem-estar.,1PMV7X8XcykwbztagssG,True,1779709325000,Ritmo Saudável,430f674c6dfe941a
high_intensity,27-05-2026 00:59:29,10,Excelente intensidade! Continue assim.,uiQUGMz9agNvBtI4eIMG,True,1779843569000,Alta Intensidade,fb188f553674b4c4
medium_intensity,16-05-2026 14:47:34,5,Este nível de atividade é ideal para o seu bem-estar.,pxkJ9irggYxnMWRRIWt4,True,1778942854000,Ritmo Saudável,9d16533a62ab9315
medium_intensity,21-05-2026 17:32:45,5,Este nível de atividade é ideal para o seu bem-estar.,PKCGZ5mfV0M1JYbfn9UK,True,1779384765000,Ritmo Saudável,330949523d665e3b
low_intensity,21-05-2026 07:47:16,2,Um ritmo mais leve será benéfico para o seu bem-estar.,8Ho556enfUDGniQxRaur,True,1779349636000,Ritmo Baixo,2b95dd3cf28e7c18
low_intensity,09-05-2026 17:08:17,2,Um ritmo mais leve será benéfico para o seu bem-estar.,qjTNtkiYRDHvcWEq6C9e,True,1778346497000,Ritmo Baixo,f7af4712fd6b9108
low_intensity,14-05-2026 12:27:11,2,Um ritmo mais leve será benéfico para o seu bem-estar.,PrRRr6loh5QCqzWJGlHk,True,1778761631000,Ritmo Baixo,153c202e3cfef4ba
high_intensity,14-05-2026 02:25:08,10,Excelente intensidade! Continue assim.,hKmlZAudsQPOceqihR6b,True,1778725508000,Alta Intensidade,42ac1a2bf982f79c
low_intensity,04-05-2026 05:42:15,2,Um ritmo mais leve será benéfico para o seu bem-estar.,idHoDg8mSXtUBxpVs5TM,True,1777873335000,Ritmo Baixo,3bc1bf7fb69f3ba3
medium_intensity,07-05-2026 17:38:48,5,Este nível de atividade é ideal para o seu bem-estar.,TkVDsG3VLIxkoyICBWdA,True,1778175528000,Ritmo Saudável,556be8558ce56421
high_intensity,18-05-2026 08:20:26,10,Excelente intensidade! Continue assim.,eng80u4MWCsqWTdYtFQQ,True,1779092426000,Alta Intensidade,f7c6682ad24d37f8
medium_intensity,28-05-2026 01:11:35,5,Este nível de atividade é ideal para o seu bem-estar.,DQfEsNX3BmOkPVQElxYd,True,1779930695000,Ritmo Saudável,867d47425e9cccc7
medium_intensity,12-05-2026 12:59:28,5,Este nível de atividade é ideal para o seu bem-estar.,IwNEmSqtzrG16o0ENBgL,True,1778590768000,Ritmo Saudável,f879804e4456e5d4
high_intensity,27-05-2026 13:19:34,10,Excelente intensidade! Continue assim.,W66Y0KsYEO03Lmnk6aaY,True,1779887974000,Alta Intensidade,d57d393b16ba030e
medium_intensity,02-05-2026 08:51:51,5,Este nível de atividade é ideal para o seu bem-estar.,LarwO6mCv2krzxDauW36,True,1777711911000,Ritmo Saudável,6f36a3307488809f
medium_intensity,14-05-2026 06:12:58,5,Este nível de atividade é ideal para o seu bem-estar.,vC4rWUvQ7chmZrHpEDja,True,1778739178000,Ritmo Saudável,e1bd0a847e7079be
low_intensity,26-05-2026 20:03:31,2,Um ritmo mais leve será benéfico para o seu bem-estar.,N1CgO7sQ7oRraMnXWsR3,True,1779825811000,Ritmo Baixo,0f98939ac68105bb
medium_intensity,18-05-2026 19:00:24,5,Este nível de atividade é ideal para o seu bem-estar.,mPVxPiUtqf3FWPByFYLL,True,1779130824000,Ritmo Saudável,04964f8452901231
low_intensity,19-05-2026 19:23:11,2,Um ritmo mais leve será benéfico para o seu bem-estar.,m6MausGpva3cG7UaPP5N,True,1779218591000,Ritmo Baixo,cb207a93391638cb
medium_intensity,18-05-2026 21:17:55,5,Este nível de atividade é ideal para o seu bem-estar.,UeHqQIXRVCgHzWQDTVHj,True,1779139075000,Ritmo Saudável,131c7dd8f3ab4b35
high_intensity,23-05-2026 08:46:08,10,Excelente intensidade! Continue assim.,I0MCh9x4zBFh6rYJaaBi,True,1779525968000,Alta Intensidade,3db4e6efff8b7518
high_intensity,30-05-2026 06:29:26,10,Excelente intensidade! Continue assim.,ssa01WNqMpqLPV9eR1zC,True,1780122566000,Alta Intensidade,91d55d217a2af234
low_intensity,01-05-2026 11:41:26,2,Um ritmo mais leve será benéfico para o seu bem-estar.,ru6AHuGKkB9jdxU5hAgm,True,1777635686000,Ritmo Baixo,91279a646f8ea6ac
medium_intensity,23-05-2026 20:51:12,5,Este nível de atividade é ideal para o seu bem-estar.,bqXtxEk0eIirH4EJDkfz,True,1779569472000,Ritmo Saudável,19a558ecc36977ce
low_intensity,07-05-2026 19:54:10,2,Um ritmo mais leve será benéfico para o seu bem-estar.,cpc1cpQ3GHa2NQK9gwCO,True,1778183650000,Ritmo Baixo,da211edc7bac01a0
low_intensity,06-05-2026 22:16:24,2,Um ritmo mais leve será benéfico para o seu bem-estar.,HlZSzQd2iMDZqHRSoaxW,True,1778105784000,Ritmo Baixo,d0825fdf3da3660c
high_intensity,11-05-2026 03:50:27,10,Excelente intensidade! Continue assim.,ndoUgSCYZLJAXDhJFZBP,True,1778471427000,Alta Intensidade,95744df47936b8c4
high_intensity,22-05-2026 20:52:10,10,Excelente intensidade! Continue assim.,E2ElPATLPEC3tivCysQi,True,1779483130000,Alta Intensidade,867d47425e9cccc7
medium_intensity,12-05-2026 22:15:53,5,Este nível de atividade é ideal para o seu bem-estar.,tYSmrYQaDxZDQHMiGZGD,True,1778624153000,Ritmo Saudável,9cbee3c1d7168837
medium_intensity,05-05-2026 07:30:52,5,Este nível de atividade é ideal para o seu bem-estar.,VYpajyDJ8YoYn8w62mSG,True,1777966252000,Ritmo Saudável,131c7dd8f3ab4b35
high_intensity,16-05-2026 06:19:26,10,Excelente intensidade! Continue assim.,jbxjjVUFxyGvdEaEObN9,True,1778912366000,Alta Intensidade,91d55d217a2af234
medium_intensity,30-05-2026 08:38:53,5,Este nível de atividade é ideal para o seu bem-estar.,3n4iCt72yhrCpAduiAHe,True,1780130333000,Ritmo Saudável,c51d4eb54f89fec8
high_intensity,26-05-2026 11:03:43,10,Excelente intensidade! Continue assim.,FWFuULLb9tx5tSAfO9FI,True,1779793423000,Alta Intensidade,0f98939ac68105bb
low_intensity,05-05-2026 07:08:59,2,Um ritmo mais leve será benéfico para o seu bem-estar.,IHA6RLS3Cmv8srHZY3w7,True,1777964939000,Ritmo Baixo,1b1cc9cee9f27003
low_intensity,23-05-2026 08:45:09,2,Um ritmo mais leve será benéfico para o seu bem-estar.,6ZNAOsnLDM9bevJdnIHC,True,1779525909000,Ritmo Baixo,ec75a53f04901eec
high_intensity,06-05-2026 16:33:30,10,Excelente intensidade! Continue assim.,47X7sOpfdxqsQRLqoF7B,True,1778085210000,Alta Intensidade,7f281c8dbac1f799
low_intensity,22-05-2026 23:29:11,2,Um ritmo mais leve será benéfico para o seu bem-estar.,9rOTWJ7sozjGkHppBfJf,True,1779492551000,Ritmo Baixo,06961ead71f8b1d8
medium_intensity,23-05-2026 07:36:37,5,Este nível de atividade é ideal para o seu bem-estar.,g7cA8UTwltSSNOCcFFIy,True,1779521797000,Ritmo Saudável,57e7d972b508815d
high_intensity,18-05-2026 15:17:38,10,Excelente intensidade! Continue assim.,9PxeAt4Opq8zc2XvHyfj,True,1779117458000,Alta Intensidade,389da1f3a7c1d8de
medium_intensity,26-05-2026 03:03:36,5,Este nível de atividade é ideal para o seu bem-estar.,yUXdsJbIA0K9WmS32uPg,True,1779764616000,Ritmo Saudável,c9ab51cba10ae1e9
high_intensity,18-05-2026 05:55:45,10,Excelente intensidade! Continue assim.,ctFZkuR6MbBnPfgZGVjr,True,1779083745000,Alta Intensidade,e7eb35b501d57e1f
low_intensity,13-05-2026 00:48:00,2,Um ritmo mais leve será benéfico para o seu bem-estar.,bdrHztvSglFFNizrSsyO,True,1778633280000,Ritmo Baixo,0f98939ac68105bb
high_intensity,27-05-2026 12:35:12,10,Excelente intensidade! Continue assim.,V6r6gZJ2rYKOTiNNYWHP,True,1779885312000,Alta Intensidade,1b38ab967d98cc4e
low_intensity,07-05-2026 01:06:51,2,Um ritmo mais leve será benéfico para o seu bem-estar.,OLTrAQKsDEoFFRXNoFGg,True,1778116011000,Ritmo Baixo,5afe6ceac06784f5
medium_intensity,25-05-2026 01:07:51,5,Este nível de atividade é ideal para o seu bem-estar.,s4xiJjULGZ9lgSc8eIzl,True,1779671271000,Ritmo Saudável,e8c9832b5c388bb5
medium_intensity,30-05-2026 23:40:59,5,Este nível de atividade é ideal para o seu bem-estar.,BC1DiA1AVD7h8JX87qBo,True,1780184459000,Ritmo Saudável,13db178cd9a1e37a
medium_intensity,10-05-2026 01:34:23,5,Este nível de atividade é ideal para o seu bem-estar.,KmI8Rgo9XYhiRHpNRPWR,True,1778376863000,Ritmo Saudável,19a558ecc36977ce
high_intensity,14-05-2026 15:23:16,10,Excelente intensidade! Continue assim.,t3AYsyR6XdotWEyqhXVY,True,1778772196000,Alta Intensidade,f879804e4456e5d4
medium_intensity,23-05-2026 16:26:56,5,Este nível de atividade é ideal para o seu bem-estar.,6HqGLeLT6M2FGs4NmfeT,True,1779553616000,Ritmo Saudável,57e17fffc619e182
high_intensity,14-05-2026 05:58:17,10,Excelente intensidade! Continue assim.,xSZeeH9Y8efsYueYDPDt,True,1778738297000,Alta Intensidade,1791998ac3161359
high_intensity,07-05-2026 20:13:51,10,Excelente intensidade! Continue assim.,TyY4epzHWRXJtbO93xY6,True,1778184831000,Alta Intensidade,9d16533a62ab9315
high_intensity,29-05-2026 14:57:35,10,Excelente intensidade! Continue assim.,CewjgB33DyQYOGnPnbao,True,1780066655000,Alta Intensidade,c34c1310eab19c87
high_intensity,09-05-2026 12:42:45,10,Excelente intensidade! Continue assim.,993rLHhHURiSwsaDtxAi,True,1778330565000,Alta Intensidade,04964f8452901231
low_intensity,24-05-2026 10:47:30,2,Um ritmo mais leve será benéfico para o seu bem-estar.,kcZWHPTNgQVX5Wx20R4Y,True,1779619650000,Ritmo Baixo,95744df47936b8c4
high_intensity,14-05-2026 04:51:11,10,Excelente intensidade! Continue assim.,TDgMDKVvBxCOaZoqtg6Z,True,1778734271000,Alta Intensidade,fb188f553674b4c4
low_intensity,23-05-2026 22:09:16,2,Um ritmo mais leve será benéfico para o seu bem-estar.,hqiZIIzQwrrmOcrQzk7N,True,1779574156000,Ritmo Baixo,8dc02e5c153f83a3
high_intensity,07-05-2026 09:18:29,10,Excelente intensidade! Continue assim.,tSijwPv1l9T8oex7gYW0,True,1778145509000,Alta Intensidade,6214b1b462c04096
high_intensity,14-05-2026 03:11:05,10,Excelente intensidade! Continue assim.,BtoeE5XFfhd5fFAyXlto,True,1778728265000,Alta Intensidade,8e2e127651e9cbde
low_intensity,26-05-2026 23:29:34,2,Um ritmo mais leve será benéfico para o seu bem-estar.,NlcAMy0IT84FXMnxeYA4,True,1779838174000,Ritmo Baixo,131c7dd8f3ab4b35
low_intensity,19-05-2026 02:35:20,2,Um ritmo mais leve será benéfico para o seu bem-estar.,aqH9ydg90o2b5kRJlSFe,True,1779158120000,Ritmo Baixo,c34c1310eab19c87
medium_intensity,14-05-2026 13:57:14,5,Este nível de atividade é ideal para o seu bem-estar.,vUbfRn6JL06kODJQag3L,True,1778767034000,Ritmo Saudável,8e2e127651e9cbde
low_intensity,29-05-2026 04:45:29,2,Um ritmo mais leve será benéfico para o seu bem-estar.,pZQx5ohcWRPiXeNWXn4E,True,1780029929000,Ritmo Baixo,153c202e3cfef4ba
low_intensity,06-05-2026 02:48:37,2,Um ritmo mais leve será benéfico para o seu bem-estar.,3IOlOHQ5GEUCyqv9ASwO,True,1778035717000,Ritmo Baixo,cb207a93391638cb
medium_intensity,16-05-2026 04:08:04,5,Este nível de atividade é ideal para o seu bem-estar.,DG1jL4PvpD89DPNHF7SJ,True,1778904484000,Ritmo Saudável,3cc68b8049eb8d4c
medium_intensity,03-05-2026 12:24:21,5,Este nível de atividade é ideal para o seu bem-estar.,4gD1HhxTYfrTCKAZ3ERF,True,1777811061000,Ritmo Saudável,91d55d217a2af234
high_intensity,16-05-2026 11:28:19,10,Excelente intensidade! Continue assim.,QxNxSChSbKoVJJsNwuoM,True,1778930899000,Alta Intensidade,5311a0642c2564ad
high_intensity,06-05-2026 01:23:54,10,Excelente intensidade! Continue assim.,PWrOirk3EVAySxlyIhxQ,True,1778030634000,Alta Intensidade,13db178cd9a1e37a
high_intensity,16-05-2026 07:09:07,10,Excelente intensidade! Continue assim.,FZ1R7tRVbXG4sTLAlL6a,True,1778915347000,Alta Intensidade,8dc02e5c153f83a3
low_intensity,20-05-2026 15:55:57,2,Um ritmo mais leve será benéfico para o seu bem-estar.,vgUI69KpF37KbZa8W5fu,True,1779292557000,Ritmo Baixo,3db4e6efff8b7518
low_intensity,23-05-2026 10:05:46,2,Um ritmo mais leve será benéfico para o seu bem-estar.,EmkWhVJxWdgk4zGuH3or,True,1779530746000,Ritmo Baixo,91279a646f8ea6ac
low_intensity,08-05-2026 00:05:08,2,Um ritmo mais leve será benéfico para o seu bem-estar.,FwQFXpjBF1Zu1shjfEXi,True,1778198708000,Ritmo Baixo,1b38ab967d98cc4e
low_intensity,28-05-2026 10:28:10,2,Um ritmo mais leve será benéfico para o seu bem-estar.,K2Gd3KoJjKzFHPUft6oY,True,1779964090000,Ritmo Baixo,c85cdb0ef48d09c8
low_intensity,21-05-2026 02:44:16,2,Um ritmo mais leve será benéfico para o seu bem-estar.,08k0ziBbxaT3NoJkEmay,True,1779331456000,Ritmo Baixo,2618243a251bd83f
medium_intensity,03-05-2026 14:46:50,5,Este nível de atividade é ideal para o seu bem-estar.,qv1ieuZlSrDpf4yLo8ay,True,1777819610000,Ritmo Saudável,da211edc7bac01a0
low_intensity,06-05-2026 23:41:54,2,Um ritmo mais leve será benéfico para o seu bem-estar.,yK1Jz5dZ6KjGjWRAX3uo,True,1778110914000,Ritmo Baixo,fb188f553674b4c4
low_intensity,01-05-2026 07:06:05,2,Um ritmo mais leve será benéfico para o seu bem-estar.,4CN5loxSlxFb2M5dzuYM,True,1777619165000,Ritmo Baixo,57e7d972b508815d
high_intensity,28-05-2026 20:53:16,10,Excelente intensidade! Continue assim.,NgVQv3NdRJvHvHJfGAeg,True,1780001596000,Alta Intensidade,3c58290022ed11b1
high_intensity,15-05-2026 10:23:36,10,Excelente intensidade! Continue assim.,6Guo8lxIIqaajeiZmHNh,True,1778840616000,Alta Intensidade,8dc02e5c153f83a3
low_intensity,20-05-2026 22:20:04,2,Um ritmo mais leve será benéfico para o seu bem-estar.,fGE3WQYj4PygSql0O1Pu,True,1779315604000,Ritmo Baixo,514af2be7dc985d8
high_intensity,08-05-2026 15:33:07,10,Excelente intensidade! Continue assim.,rAQ2agYj98JONan2Nvrs,True,1778254387000,Alta Intensidade,3811390588367f0e
medium_intensity,30-05-2026 15:06:41,5,Este nível de atividade é ideal para o seu bem-estar.,c166NedsTXPjABJdRvFw,True,1780153601000,Ritmo Saudável,1bd749deaf799034
medium_intensity,09-05-2026 03:04:05,5,Este nível de atividade é ideal para o seu bem-estar.,ls1eXA5sH6DEBi41csoL,True,1778295845000,Ritmo Saudável,3db4e6efff8b7518
high_intensity,15-05-2026 01:16:53,10,Excelente intensidade! Continue assim.,j5ZM0xoc8kVl8WWY8sIr,True,1778807813000,Alta Intensidade,6588d11c4a11acb1
high_intensity,22-05-2026 00:46:36,10,Excelente intensidade! Continue assim.,so7dSxS2ZE5Yy9kvtsZ4,True,1779410796000,Alta Intensidade,153c202e3cfef4ba
low_intensity,12-05-2026 02:57:08,2,Um ritmo mais leve será benéfico para o seu bem-estar.,1ZaSFXMPe61xWCFj1Nh1,True,1778554628000,Ritmo Baixo,430f674c6dfe941a
high_intensity,12-05-2026 09:01:01,10,Excelente intensidade! Continue assim.,M5jmMU1Ma8GhY7HsTSs4,True,1778576461000,Alta Intensidade,b30b0b43692b035b
low_intensity,11-05-2026 20:46:09,2,Um ritmo mais leve será benéfico para o seu bem-estar.,6FU6Z88D7QsLqMdAIFVM,True,1778532369000,Ritmo Baixo,3811390588367f0e
low_intensity,24-05-2026 02:20:08,2,Um ritmo mais leve será benéfico para o seu bem-estar.,BIMppyFV0B9tbcOtdGH2,True,1779589208000,Ritmo Baixo,7182af742e04dc6d
low_intensity,14-05-2026 04:29:04,2,Um ritmo mais leve será benéfico para o seu bem-estar.,uigwL6Yfwh1LF9IFjgfA,True,1778732944000,Ritmo Baixo,57e17fffc619e182
high_intensity,20-05-2026 02:26:07,10,Excelente intensidade! Continue assim.,gLtVsbYsAhXPoT1vtNK2,True,1779243967000,Alta Intensidade,3cc68b8049eb8d4c
medium_intensity,26-05-2026 20:22:50,5,Este nível de atividade é ideal para o seu bem-estar.,sebgo7qKBUrg13tTPhIt,True,1779826970000,Ritmo Saudável,5afe6ceac06784f5
medium_intensity,02-05-2026 10:55:24,5,Este nível de atividade é ideal para o seu bem-estar.,U9gmZ85oxO7anvyZL8Lp,True,1777719324000,Ritmo Saudável,e1bd0a847e7079be
low_intensity,14-05-2026 08:43:52,2,Um ritmo mais leve será benéfico para o seu bem-estar.,oCv9njJ7cTpq3Ga6J9Ge,True,1778748232000,Ritmo Baixo,ec75a53f04901eec
low_intensity,01-05-2026 13:55:39,2,Um ritmo mais leve será benéfico para o seu bem-estar.,9QPCgNbZ4czXsi3mbV5D,True,1777643739000,Ritmo Baixo,75778bdb64d1008e
medium_intensity,19-05-2026 18:37:54,5,Este nível de atividade é ideal para o seu bem-estar.,kjfywO3Ft7urheXmY6i7,True,1779215874000,Ritmo Saudável,95744df47936b8c4
high_intensity,15-05-2026 17:45:48,10,Excelente intensidade! Continue assim.,RwqddgBxzCcZBASFSpkL,True,1778867148000,Alta Intensidade,430f674c6dfe941a
high_intensity,25-05-2026 04:07:51,10,Excelente intensidade! Continue assim.,XG6UWYlAjnFKr9KgZieK,True,1779682071000,Alta Intensidade,7f281c8dbac1f799
low_intensity,22-05-2026 06:47:15,2,Um ritmo mais leve será benéfico para o seu bem-estar.,Vj0rNxOJqGZhwX4CZL8F,True,1779432435000,Ritmo Baixo,5e1de20fecf98844
high_intensity,11-05-2026 15:27:17,10,Excelente intensidade! Continue assim.,vYejr6TxRXF6P819xJd6,True,1778513237000,Alta Intensidade,34cbefbc28798720
high_intensity,16-05-2026 22:45:57,10,Excelente intensidade! Continue assim.,JYmFmiVacfZOocC48ChY,True,1778971557000,Alta Intensidade,95744df47936b8c4
low_intensity,25-05-2026 01:09:25,2,Um ritmo mais leve será benéfico para o seu bem-estar.,NAcBS0GfwrtyXDhAALnT,True,1779671365000,Ritmo Baixo,6588d11c4a11acb1
low_intensity,04-05-2026 14:20:27,2,Um ritmo mais leve será benéfico para o seu bem-estar.,AlSH8sqpFBo2f1p5EhpO,True,1777904427000,Ritmo Baixo,42d576864f9952c7
medium_intensity,26-05-2026 21:48:19,5,Este nível de atividade é ideal para o seu bem-estar.,Cdr4AAyuJm8RA6UAbDJy,True,1779832099000,Ritmo Saudável,17b4966e9be4d8d8
low_intensity,10-05-2026 18:06:33,2,Um ritmo mais leve será benéfico para o seu bem-estar.,QO2XAUvfnmbeIx9dnBYV,True,1778436393000,Ritmo Baixo,63d3511e9e857901
low_intensity,11-05-2026 00:02:25,2,Um ritmo mais leve será benéfico para o seu bem-estar.,ZaCqXWMVIXR2O6UFIIOZ,True,1778457745000,Ritmo Baixo,2b95dd3cf28e7c18
high_intensity,10-05-2026 22:52:34,10,Excelente intensidade! Continue assim.,BlxBXaORmDYiGNlxrEFP,True,1778453554000,Alta Intensidade,fb188f553674b4c4
low_intensity,04-05-2026 02:49:16,2,Um ritmo mais leve será benéfico para o seu bem-estar.,9Udd9pwe6rX8SORd1ay2,True,1777862956000,Ritmo Baixo,06961ead71f8b1d8
medium_intensity,06-05-2026 18:23:31,5,Este nível de atividade é ideal para o seu bem-estar.,yuMptEdv7cUpJr4SZ7o9,True,1778091811000,Ritmo Saudável,93279918e60ec274
medium_intensity,20-05-2026 01:17:51,5,Este nível de atividade é ideal para o seu bem-estar.,7K08C3igDDyRFecFgMYl,True,1779239871000,Ritmo Saudável,53c682ded6545e06
medium_intensity,23-05-2026 04:21:11,5,Este nível de atividade é ideal para o seu bem-estar.,TQ08QK07IaEENF7a8QyC,True,1779510071000,Ritmo Saudável,1b1cc9cee9f27003
medium_intensity,20-05-2026 09:57:02,5,Este nível de atividade é ideal para o seu bem-estar.,cgUdrevSNiXlVcioCYUQ,True,1779271022000,Ritmo Saudável,fb188f553674b4c4
high_intensity,09-05-2026 17:16:34,10,Excelente intensidade! Continue assim.,usTVwmsnRl7LrfbCMEa8,True,1778346994000,Alta Intensidade,0e52f2934d8ce165
medium_intensity,17-05-2026 04:25:21,5,Este nível de atividade é ideal para o seu bem-estar.,yjmPVjw7d260wAzJ2gvC,True,1778991921000,Ritmo Saudável,7f281c8dbac1f799
high_intensity,07-05-2026 17:35:31,10,Excelente intensidade! Continue assim.,vAHBDKvjaM0pJXytF2o1,True,1778175331000,Alta Intensidade,8dc02e5c153f83a3
medium_intensity,28-05-2026 21:00:14,5,Este nível de atividade é ideal para o seu bem-estar.,XDv7ZUigRllqAuTuzRpx,True,1780002014000,Ritmo Saudável,1791998ac3161359
high_intensity,18-05-2026 19:35:27,10,Excelente intensidade! Continue assim.,OJLmPHgPXhMcaacVfYEK,True,1779132927000,Alta Intensidade,923d0315f3ae2bb3
low_intensity,16-05-2026 10:18:43,2,Um ritmo mais leve será benéfico para o seu bem-estar.,kSMYcTU5gJ7a4wNwkDRZ,True,1778926723000,Ritmo Baixo,f7af4712fd6b9108
medium_intensity,08-05-2026 21:33:39,5,Este nível de atividade é ideal para o seu bem-estar.,RiPSDzz7oDemc9yN8aEh,True,1778276019000,Ritmo Saudável,552b8d6c350cb13c
low_intensity,02-05-2026 01:15:10,2,Um ritmo mais leve será benéfico para o seu bem-estar.,gYPst9HCFeEtKGwlPauz,True,1777684510000,Ritmo Baixo,7d176c63414fcd05
low_intensity,09-05-2026 10:35:46,2,Um ritmo mais leve será benéfico para o seu bem-estar.,O8x9xujbCcl9MIDz9wb6,True,1778322946000,Ritmo Baixo,1d3db575c4a79d75
high_intensity,13-05-2026 02:00:34,10,Excelente intensidade! Continue assim.,nmDgN93rLMqP87TNbthb,True,1778637634000,Alta Intensidade,b8e78b83a62a0cb7
low_intensity,08-05-2026 13:17:41,2,Um ritmo mais leve será benéfico para o seu bem-estar.,JqEeNQQcPKzYqTw2QGbE,True,1778246261000,Ritmo Baixo,d0825fdf3da3660c
low_intensity,21-05-2026 17:25:03,2,Um ritmo mais leve será benéfico para o seu bem-estar.,w4KnKwG6DeHjYth8Krvl,True,1779384303000,Ritmo Baixo,c85cdb0ef48d09c8
medium_intensity,07-05-2026 03:11:11,5,Este nível de atividade é ideal para o seu bem-estar.,VJpvHfA2NMg9k1OjyYcR,True,1778123471000,Ritmo Saudável,82a83fc853728306
low_intensity,29-05-2026 18:30:14,2,Um ritmo mais leve será benéfico para o seu bem-estar.,ru6vEKx7yLXBhjUluFpK,True,1780079414000,Ritmo Baixo,2f2bd7547d602b7a
low_intensity,02-05-2026 16:43:21,2,Um ritmo mais leve será benéfico para o seu bem-estar.,VX9onEK202iaCYkoPKlx,True,1777740201000,Ritmo Baixo,867d47425e9cccc7
medium_intensity,15-05-2026 05:47:31,5,Este nível de atividade é ideal para o seu bem-estar.,BGOxnCYtTNjtdSAIR7jK,True,1778824051000,Ritmo Saudável,1b1cc9cee9f27003
high_intensity,05-05-2026 14:59:29,10,Excelente intensidade! Continue assim.,E82UHh1wg6SUsjgIS6jC,True,1777993169000,Alta Intensidade,91d55d217a2af234
medium_intensity,21-05-2026 23:06:51,5,Este nível de atividade é ideal para o seu bem-estar.,RhFG4iKli4mmtsNK2bFk,True,1779404811000,Ritmo Saudável,6588d11c4a11acb1
high_intensity,13-05-2026 02:12:17,10,Excelente intensidade! Continue assim.,zVZNGXPmEPvqXqaGGR9L,True,1778638337000,Alta Intensidade,f879804e4456e5d4
low_intensity,20-05-2026 00:13:52,2,Um ritmo mais leve será benéfico para o seu bem-estar.,5OKKpirKXPyGm56Hjzjo,True,1779236032000,Ritmo Baixo,c7f34dc43387f858
medium_intensity,06-05-2026 03:17:20,5,Este nível de atividade é ideal para o seu bem-estar.,DJ4T3bvEAQcXxQtuxNGu,True,1778037440000,Ritmo Saudável,c34c1310eab19c87
medium_intensity,24-05-2026 22:12:12,5,Este nível de atividade é ideal para o seu bem-estar.,ufIkMeokhTXv5wmSsmL9,True,1779660732000,Ritmo Saudável,bc74204126e384ca
medium_intensity,23-05-2026 03:00:19,5,Este nível de atividade é ideal para o seu bem-estar.,U0hSIzmrrUFzTAy6VAb7,True,1779505219000,Ritmo Saudável,6f36a3307488809f
high_intensity,23-05-2026 14:59:57,10,Excelente intensidade! Continue assim.,uAO1YxrjV5urKCvMEcLL,True,1779548397000,Alta Intensidade,a2fd30e5fa49ad53
low_intensity,11-05-2026 22:22:02,2,Um ritmo mais leve será benéfico para o seu bem-estar.,Tci61e8Sg6hmReLUdhK5,True,1778538122000,Ritmo Baixo,55b620d8c0ab41e0
high_intensity,18-05-2026 09:27:34,10,Excelente intensidade! Continue assim.,kQ60mXIg48eguALkNYLy,True,1779096454000,Alta Intensidade,552b8d6c350cb13c
low_intensity,08-05-2026 23:21:50,2,Um ritmo mais leve será benéfico para o seu bem-estar.,duSfAVGjhXGOFCxf9YWQ,True,1778282510000,Ritmo Baixo,3db4e6efff8b7518
medium_intensity,04-05-2026 10:12:07,5,Este nível de atividade é ideal para o seu bem-estar.,llqV0ZttJX5oriNYzDnx,True,1777889527000,Ritmo Saudável,517fc5ca69b652a5
low_intensity,25-05-2026 19:55:15,2,Um ritmo mais leve será benéfico para o seu bem-estar.,Jv2GwSt2OKEsQXR5EliR,True,1779738915000,Ritmo Baixo,2b95dd3cf28e7c18
medium_intensity,02-05-2026 04:16:38,5,Este nível de atividade é ideal para o seu bem-estar.,lcoAyKBjJkuzGjRQxOOh,True,1777695398000,Ritmo Saudável,75778bdb64d1008e
medium_intensity,04-05-2026 00:36:34,5,Este nível de atividade é ideal para o seu bem-estar.,70kA5roDWAzLWC8kdJNj,True,1777854994000,Ritmo Saudável,bc74204126e384ca
medium_intensity,14-05-2026 00:23:44,5,Este nível de atividade é ideal para o seu bem-estar.,Rs2Zxi4l0NXXmk44iUso,True,1778718224000,Ritmo Saudável,1791998ac3161359
low_intensity,07-05-2026 17:04:55,2,Um ritmo mais leve será benéfico para o seu bem-estar.,X5dbUDUwOe6AnyoGL7Gv,True,1778173495000,Ritmo Baixo,c7f34dc43387f858
medium_intensity,22-05-2026 20:06:54,5,Este nível de atividade é ideal para o seu bem-estar.,sR2IbDHGdcK4X6qfi4bS,True,1779480414000,Ritmo Saudável,c51d4eb54f89fec8
high_intensity,07-05-2026 18:29:51,10,Excelente intensidade! Continue assim.,KNIllgoSWVeCtNBBfWWy,True,1778178591000,Alta Intensidade,24d6a87b0598b02e
medium_intensity,16-05-2026 23:18:23,5,Este nível de atividade é ideal para o seu bem-estar.,E0DrBDLo3KUuPL2cFZZ9,True,1778973503000,Ritmo Saudável,574582321d04df00
high_intensity,04-05-2026 15:51:42,10,Excelente intensidade! Continue assim.,q2yUA8OiPX0vcIEJR8Le,True,1777909902000,Alta Intensidade,c9ab51cba10ae1e9
high_intensity,06-05-2026 04:09:53,10,Excelente intensidade! Continue assim.,Kcp3d61ZiiGqDi7iQHWQ,True,1778040593000,Alta Intensidade,da211edc7bac01a0
low_intensity,24-05-2026 15:42:05,2,Um ritmo mais leve será benéfico para o seu bem-estar.,Nx7jqB2AOOOMlwZGPfTW,True,1779637325000,Ritmo Baixo,9d16533a62ab9315
high_intensity,28-05-2026 20:54:27,10,Excelente intensidade! Continue assim.,RQuR8sGelo9AzB4Y62EA,True,1780001667000,Alta Intensidade,7f281c8dbac1f799
low_intensity,27-05-2026 14:21:38,2,Um ritmo mais leve será benéfico para o seu bem-estar.,TYiaBTftdhccHGLZIOgU,True,1779891698000,Ritmo Baixo,bb4bb9fbcfcc16d1
low_intensity,19-05-2026 12:38:46,2,Um ritmo mais leve será benéfico para o seu bem-estar.,pSlLy1CQLzQptTnFpS9D,True,1779194326000,Ritmo Baixo,1d6285f5502cf1f8
low_intensity,19-05-2026 13:58:34,2,Um ritmo mais leve será benéfico para o seu bem-estar.,ELjwv5iTTgfUA5aNURW3,True,1779199114000,Ritmo Baixo,3b1338c1207d1e2e
low_intensity,27-05-2026 11:17:30,2,Um ritmo mais leve será benéfico para o seu bem-estar.,G7URvyPhIR7eX8URwD12,True,1779880650000,Ritmo Baixo,da211edc7bac01a0
low_intensity,01-05-2026 11:11:00,2,Um ritmo mais leve será benéfico para o seu bem-estar.,Kbco0GiPtiSw4UHIr7Hh,True,1777633860000,Ritmo Baixo,72bd2672c948d2cb
low_intensity,06-05-2026 18:40:03,2,Um ritmo mais leve será benéfico para o seu bem-estar.,Q7Wq2XNdt4MfSPA3He5h,True,1778092803000,Ritmo Baixo,06961ead71f8b1d8
high_intensity,06-05-2026 02:43:11,10,Excelente intensidade! Continue assim.,JsxZnQJvjVaUGALOSpaR,True,1778035391000,Alta Intensidade,3cc68b8049eb8d4c
high_intensity,22-05-2026 09:41:23,10,Excelente intensidade! Continue assim.,tIfc6cCxwTNoRYSulfZB,True,1779442883000,Alta Intensidade,c6a2d85265d19a41
low_intensity,12-05-2026 12:16:36,2,Um ritmo mais leve será benéfico para o seu bem-estar.,ZLWXy9AvSW9XKI733FNO,True,1778588196000,Ritmo Baixo,f7c6682ad24d37f8
medium_intensity,04-05-2026 23:44:32,5,Este nível de atividade é ideal para o seu bem-estar.,9C7uZVyc1cwAUfmUKgaU,True,1777938272000,Ritmo Saudável,e9da39984fb29dc6
low_intensity,23-05-2026 13:09:51,2,Um ritmo mais leve será benéfico para o seu bem-estar.,rFYJFwtu6PRigqVPXk8E,True,1779541791000,Ritmo Baixo,cbf338d836298cb7
high_intensity,24-05-2026 15:44:13,10,Excelente intensidade! Continue assim.,A9jK7Gx23pAWmd9RnN5A,True,1779637453000,Alta Intensidade,8dc02e5c153f83a3
high_intensity,23-05-2026 07:46:37,10,Excelente intensidade! Continue assim.,sF0huw6oeQkB66naRhME,True,1779522397000,Alta Intensidade,d57d393b16ba030e
high_intensity,19-05-2026 06:03:18,10,Excelente intensidade! Continue assim.,L5RBl98aHHDzFcZHA2tY,True,1779170598000,Alta Intensidade,2618243a251bd83f
low_intensity,13-05-2026 16:09:05,2,Um ritmo mais leve será benéfico para o seu bem-estar.,sAzPfxRaTJv34kjfqQfy,True,1778688545000,Ritmo Baixo,102edb38b5ec347f
high_intensity,21-05-2026 13:05:51,10,Excelente intensidade! Continue assim.,P46F38yLDOgG7qx19qz0,True,1779368751000,Alta Intensidade,1b38ab967d98cc4e
medium_intensity,05-05-2026 09:21:59,5,Este nível de atividade é ideal para o seu bem-estar.,H38OYLvHl1SUsZJdU6oO,True,1777972919000,Ritmo Saudável,42d576864f9952c7
medium_intensity,12-05-2026 20:07:50,5,Este nível de atividade é ideal para o seu bem-estar.,11XZ9w7MSFJmWgp5BIZd,True,1778616470000,Ritmo Saudável,c6a2d85265d19a41
high_intensity,09-05-2026 12:53:59,10,Excelente intensidade! Continue assim.,wK8B6hYIiTRuV5NBJlKa,True,1778331239000,Alta Intensidade,7e8fb26408446272
high_intensity,29-05-2026 07:07:49,10,Excelente intensidade! Continue assim.,6dC9p0GOl5U6xA0hxJ0b,True,1780038469000,Alta Intensidade,bb80f878cef35322
low_intensity,26-05-2026 16:09:14,2,Um ritmo mais leve será benéfico para o seu bem-estar.,3V6kWf77c25BheTPlISN,True,1779811754000,Ritmo Baixo,82a83fc853728306
low_intensity,20-05-2026 22:19:31,2,Um ritmo mais leve será benéfico para o seu bem-estar.,k0DzXnDxCIl3QubfQuQX,True,1779315571000,Ritmo Baixo,b8e78b83a62a0cb7
high_intensity,10-05-2026 12:11:41,10,Excelente intensidade! Continue assim.,7rts1oTHEGeGEAkoX15Y,True,1778415101000,Alta Intensidade,153c202e3cfef4ba
low_intensity,09-05-2026 06:24:14,2,Um ritmo mais leve será benéfico para o seu bem-estar.,0BeTtMeZYlf1n0P8yo5b,True,1778307854000,Ritmo Baixo,c837debb39dd1e68
low_intensity,27-05-2026 22:21:45,2,Um ritmo mais leve será benéfico para o seu bem-estar.,5QZKuNEqmvm8KQA8SN2E,True,1779920505000,Ritmo Baixo,17b4966e9be4d8d8
low_intensity,28-05-2026 16:04:49,2,Um ritmo mais leve será benéfico para o seu bem-estar.,zUFOt0JOhuUyLhmgGGP0,True,1779984289000,Ritmo Baixo,06bf6a628379e030
low_intensity,25-05-2026 01:12:42,2,Um ritmo mais leve será benéfico para o seu bem-estar.,3BMwzMzMqa7ZAbujHQ9j,True,1779671562000,Ritmo Baixo,7d176c63414fcd05
medium_intensity,03-05-2026 05:08:38,5,Este nível de atividade é ideal para o seu bem-estar.,vUNEJ1WlBkfdOStUFzbF,True,1777784918000,Ritmo Saudável,1d3db575c4a79d75
medium_intensity,21-05-2026 03:42:44,5,Este nível de atividade é ideal para o seu bem-estar.,TKEnHKND1vgV2QEAmFiu,True,1779334964000,Ritmo Saudável,5e1de20fecf98844
low_intensity,07-05-2026 06:47:51,2,Um ritmo mais leve será benéfico para o seu bem-estar.,9uYp2nwWBrd1hXIeeh4a,True,1778136471000,Ritmo Baixo,2f2bd7547d602b7a
low_intensity,12-05-2026 15:26:58,2,Um ritmo mais leve será benéfico para o seu bem-estar.,8dFTLkGU7KzdEo27nBsx,True,1778599618000,Ritmo Baixo,0e52f2934d8ce165
high_intensity,03-05-2026 19:37:42,10,Excelente intensidade! Continue assim.,epUBkxlc00aCjxaONuue,True,1777837062000,Alta Intensidade,1d6285f5502cf1f8
medium_intensity,07-05-2026 15:12:59,5,Este nível de atividade é ideal para o seu bem-estar.,XAhTr8LARioROcTOX7WY,True,1778166779000,Ritmo Saudável,a8c47673d6a4f85c
low_intensity,19-05-2026 22:35:19,2,Um ritmo mais leve será benéfico para o seu bem-estar.,7ouqGP1JKpn9RjnpkiNN,True,1779230119000,Ritmo Baixo,0f98939ac68105bb
high_intensity,10-05-2026 10:47:46,10,Excelente intensidade! Continue assim.,xW85eNxoXpt4LglipNXe,True,1778410066000,Alta Intensidade,389da1f3a7c1d8de
low_intensity,17-05-2026 06:26:04,2,Um ritmo mais leve será benéfico para o seu bem-estar.,2RcnoD8nV4u1uvTZIpjY,True,1778999164000,Ritmo Baixo,3c58290022ed11b1
high_intensity,20-05-2026 06:17:49,10,Excelente intensidade! Continue assim.,NgMh2Rp8rrItHUyVmOMS,True,1779257869000,Alta Intensidade,ce246387dd078174
low_intensity,02-05-2026 06:19:56,2,Um ritmo mais leve será benéfico para o seu bem-estar.,0lmP3nMeh9GBrMdxKqpS,True,1777702796000,Ritmo Baixo,234da97fe615c6b7
high_intensity,25-05-2026 03:57:56,10,Excelente intensidade! Continue assim.,fx8sZxYJcMmxTEderalR,True,1779681476000,Alta Intensidade,9cbee3c1d7168837
medium_intensity,06-05-2026 20:52:01,5,Este nível de atividade é ideal para o seu bem-estar.,1o0XVcpYPWNaduKOZtsb,True,1778100721000,Ritmo Saudável,430f674c6dfe941a
medium_intensity,13-05-2026 06:58:50,5,Este nível de atividade é ideal para o seu bem-estar.,iHqAIrrVufx6romIe4ZS,True,1778655530000,Ritmo Saudável,c34c1310eab19c87
high_intensity,09-05-2026 04:06:26,10,Excelente intensidade! Continue assim.,S1gyEmhbv8bnzAnOuFFR,True,1778299586000,Alta Intensidade,95744df47936b8c4
low_intensity,05-05-2026 11:12:00,2,Um ritmo mais leve será benéfico para o seu bem-estar.,Qw9dEop1o2EUjZubpkWQ,True,1777979520000,Ritmo Baixo,234da97fe615c6b7
medium_intensity,03-05-2026 03:32:48,5,Este nível de atividade é ideal para o seu bem-estar.,GZDfioF1zQCPRBIiundX,True,1777779168000,Ritmo Saudável,2a339e8954684016
medium_intensity,02-05-2026 21:50:21,5,Este nível de atividade é ideal para o seu bem-estar.,4EqYKeIrDVDjhNcfEYUw,True,1777758621000,Ritmo Saudável,1d6285f5502cf1f8
high_intensity,29-05-2026 02:03:37,10,Excelente intensidade! Continue assim.,wxAnz4Y4INRC7yargABV,True,1780020217000,Alta Intensidade,ce246387dd078174
medium_intensity,19-05-2026 11:17:08,5,Este nível de atividade é ideal para o seu bem-estar.,v13qJxNJChWOkROawLx6,True,1779189428000,Ritmo Saudável,5a7b6516c51a4d4e
high_intensity,10-05-2026 23:33:56,10,Excelente intensidade! Continue assim.,MrkSkbcOUTLUkKHXfWoi,True,1778456036000,Alta Intensidade,e84878f982129128
low_intensity,01-05-2026 20:13:15,2,Um ritmo mais leve será benéfico para o seu bem-estar.,Y7dzysRqWg438nfKuD59,True,1777666395000,Ritmo Baixo,42ac1a2bf982f79c
high_intensity,20-05-2026 09:17:44,10,Excelente intensidade! Continue assim.,9CXlm8aISeMdC4YxgZHm,True,1779268664000,Alta Intensidade,552b8d6c350cb13c
high_intensity,16-05-2026 04:42:19,10,Excelente intensidade! Continue assim.,4GyeTGXTK0Hq2fyNpBMp,True,1778906539000,Alta Intensidade,b8e78b83a62a0cb7
low_intensity,27-05-2026 19:21:11,2,Um ritmo mais leve será benéfico para o seu bem-estar.,MZRSko5wHp6zSFGkSoMy,True,1779909671000,Ritmo Baixo,7e8fb26408446272
low_intensity,28-05-2026 07:45:53,2,Um ritmo mais leve será benéfico para o seu bem-estar.,p9C5V8bCs07oeMeR3v6y,True,1779954353000,Ritmo Baixo,6f36a3307488809f
low_intensity,01-05-2026 15:45:11,2,Um ritmo mais leve será benéfico para o seu bem-estar.,YarEK86u1bi82IBP1ABK,True,1777650311000,Ritmo Baixo,75778bdb64d1008e
low_intensity,06-05-2026 19:34:34,2,Um ritmo mais leve será benéfico para o seu bem-estar.,6XtyXofdLKdtBT7pN4kL,True,1778096074000,Ritmo Baixo,1791998ac3161359
low_intensity,16-05-2026 17:32:15,2,Um ritmo mais leve será benéfico para o seu bem-estar.,ICI3pMZD3mcyXiFyiahb,True,1778952735000,Ritmo Baixo,3b1338c1207d1e2e
low_intensity,04-05-2026 22:57:17,2,Um ritmo mais leve será benéfico para o seu bem-estar.,frW04P0eLZTYI7AViQlW,True,1777935437000,Ritmo Baixo,6f36a3307488809f
high_intensity,29-05-2026 21:14:13,10,Excelente intensidade! Continue assim.,jxnKeThHQdJ1u6QKUpk6,True,1780089253000,Alta Intensidade,430f674c6dfe941a
low_intensity,22-05-2026 11:55:07,2,Um ritmo mais leve será benéfico para o seu bem-estar.,bsgQ9LissiG8DVIoBkdu,True,1779450907000,Ritmo Baixo,330949523d665e3b
high_intensity,24-05-2026 12:53:53,10,Excelente intensidade! Continue assim.,5JmgEiN2a8aHGYsEvYWD,True,1779627233000,Alta Intensidade,2f2bd7547d602b7a
low_intensity,25-05-2026 17:07:37,2,Um ritmo mais leve será benéfico para o seu bem-estar.,vcgzHkbXgBuCqRvyLVCl,True,1779728857000,Ritmo Baixo,63d3511e9e857901
low_intensity,13-05-2026 06:52:08,2,Um ritmo mais leve será benéfico para o seu bem-estar.,FZ25Lh40CXTUx0bD8sJ9,True,1778655128000,Ritmo Baixo,c837debb39dd1e68
medium_intensity,23-05-2026 16:24:28,5,Este nível de atividade é ideal para o seu bem-estar.,8UHJRW0UyanWE7VecH8F,True,1779553468000,Ritmo Saudável,3bd002cf1fcfa789
low_intensity,25-05-2026 21:43:13,2,Um ritmo mais leve será benéfico para o seu bem-estar.,oYnpf1YEsbPYdkNrm40e,True,1779745393000,Ritmo Baixo,c34c1310eab19c87
medium_intensity,17-05-2026 11:00:57,5,Este nível de atividade é ideal para o seu bem-estar.,TrDc37ejDj2FAzGQHQPF,True,1779015657000,Ritmo Saudável,3bc1bf7fb69f3ba3
medium_intensity,22-05-2026 17:27:43,5,Este nível de atividade é ideal para o seu bem-estar.,n2UUEn2p208PO1Q6F4Zr,True,1779470863000,Ritmo Saudável,c85cdb0ef48d09c8
medium_intensity,23-05-2026 10:22:34,5,Este nível de atividade é ideal para o seu bem-estar.,0DkefozsAaqQOSTBgAJa,True,1779531754000,Ritmo Saudável,c51d4eb54f89fec8
high_intensity,14-05-2026 10:02:50,10,Excelente intensidade! Continue assim.,C33o6mDSSlqREOzpxjCa,True,1778752970000,Alta Intensidade,2a339e8954684016
medium_intensity,21-05-2026 18:55:04,5,Este nível de atividade é ideal para o seu bem-estar.,ihjJJsZbDJuP4IqWChLH,True,1779389704000,Ritmo Saudável,f879804e4456e5d4
high_intensity,23-05-2026 08:44:15,10,Excelente intensidade! Continue assim.,ejud1GS94EodRNsXU5Hf,True,1779525855000,Alta Intensidade,4c885efe7bde3ff4
low_intensity,27-05-2026 16:37:55,2,Um ritmo mais leve será benéfico para o seu bem-estar.,JgOu6vPyfMqxv4oIiiAo,True,1779899875000,Ritmo Baixo,9cbee3c1d7168837
medium_intensity,24-05-2026 10:12:40,5,Este nível de atividade é ideal para o seu bem-estar.,0wrsQXzmeguv8gOZErkO,True,1779617560000,Ritmo Saudável,6214b1b462c04096
high_intensity,07-05-2026 21:31:13,10,Excelente intensidade! Continue assim.,5IjTevuFpeenfjyKt8mL,True,1778189473000,Alta Intensidade,04964f8452901231
medium_intensity,22-05-2026 16:25:19,5,Este nível de atividade é ideal para o seu bem-estar.,Kl9ZKkclkYUTHM3xz00H,True,1779467119000,Ritmo Saudável,c0014ea2ee2fdaea
low_intensity,03-05-2026 02:23:55,2,Um ritmo mais leve será benéfico para o seu bem-estar.,13OwMtl01nnznFeT1wlY,True,1777775035000,Ritmo Baixo,c9ab51cba10ae1e9
low_intensity,08-05-2026 07:55:03,2,Um ritmo mais leve será benéfico para o seu bem-estar.,qCFhO8HU6Ov69689JTIL,True,1778226903000,Ritmo Baixo,3bd002cf1fcfa789
low_intensity,21-05-2026 11:34:57,2,Um ritmo mais leve será benéfico para o seu bem-estar.,f1348ZyKMF5OYawBOCp8,True,1779363297000,Ritmo Baixo,3bc1bf7fb69f3ba3
low_intensity,25-05-2026 03:39:03,2,Um ritmo mais leve será benéfico para o seu bem-estar.,NNzMhDzL2XpfErjYMvvf,True,1779680343000,Ritmo Baixo,c7f34dc43387f858
high_intensity,14-05-2026 00:01:18,10,Excelente intensidade! Continue assim.,GWdWsK83XNQO2TcWqdK4,True,1778716878000,Alta Intensidade,1d6285f5502cf1f8
medium_intensity,20-05-2026 18:59:42,5,Este nível de atividade é ideal para o seu bem-estar.,wi0Ak6db90C3tIdA6fd2,True,1779303582000,Ritmo Saudável,3db4e6efff8b7518
low_intensity,10-05-2026 21:21:19,2,Um ritmo mais leve será benéfico para o seu bem-estar.,PcN1nNIZwYOUlsZjqE7O,True,1778448079000,Ritmo Baixo,c6a2d85265d19a41
high_intensity,30-05-2026 04:15:32,10,Excelente intensidade! Continue assim.,osR9QsXCJ2VZR3oG3v9S,True,1780114532000,Alta Intensidade,0f98939ac68105bb
medium_intensity,20-05-2026 17:32:29,5,Este nível de atividade é ideal para o seu bem-estar.,wnWmDb9JwX5rZqTMz9Ww,True,1779298349000,Ritmo Saudável,3993ad7e2565b6b0
medium_intensity,10-05-2026 12:29:04,5,Este nível de atividade é ideal para o seu bem-estar.,tCmF1Bp9diVRVCkiiuch,True,1778416144000,Ritmo Saudável,06bf6a628379e030
high_intensity,02-05-2026 02:22:20,10,Excelente intensidade! Continue assim.,jNYqX3hahG3pXV7niC63,True,1777688540000,Alta Intensidade,7e8fb26408446272
high_intensity,16-05-2026 13:42:21,10,Excelente intensidade! Continue assim.,ag811VdoOry76IJngUvq,True,1778938941000,Alta Intensidade,923d0315f3ae2bb3
medium_intensity,06-05-2026 13:10:13,5,Este nível de atividade é ideal para o seu bem-estar.,Cgi40Y2ZMEIThTdXab81,True,1778073013000,Ritmo Saudável,0f98939ac68105bb
low_intensity,15-05-2026 21:19:56,2,Um ritmo mais leve será benéfico para o seu bem-estar.,iY0PbCE3DMxzF0i3U6ej,True,1778879996000,Ritmo Baixo,b30b0b43692b035b
medium_intensity,09-05-2026 11:06:43,5,Este nível de atividade é ideal para o seu bem-estar.,JGmkU61TmrCSRZ8DrUW4,True,1778324803000,Ritmo Saudável,923d0315f3ae2bb3
high_intensity,12-05-2026 06:23:22,10,Excelente intensidade! Continue assim.,5v4d89Suib8r2bmtdav5,True,1778567002000,Alta Intensidade,daf96d2280390dec
high_intensity,21-05-2026 15:55:41,10,Excelente intensidade! Continue assim.,Fer6KKFGsdYYhrRMSpuA,True,1779378941000,Alta Intensidade,d57d393b16ba030e
high_intensity,24-05-2026 02:38:59,10,Excelente intensidade! Continue assim.,9N4RZGHMWi8rqSMFCB4o,True,1779590339000,Alta Intensidade,552b8d6c350cb13c
medium_intensity,05-05-2026 12:22:36,5,Este nível de atividade é ideal para o seu bem-estar.,cz92CvrCv8IUUwFdRSig,True,1777983756000,Ritmo Saudável,c6a2d85265d19a41
high_intensity,14-05-2026 09:14:45,10,Excelente intensidade! Continue assim.,7rxeST9OK2mxURGDs7F4,True,1778750085000,Alta Intensidade,1bd749deaf799034
medium_intensity,13-05-2026 14:33:01,5,Este nível de atividade é ideal para o seu bem-estar.,ClnUhApUIMpkKLovhCmz,True,1778682781000,Ritmo Saudável,95744df47936b8c4
low_intensity,22-05-2026 11:14:06,2,Um ritmo mais leve será benéfico para o seu bem-estar.,YvPINdMaNXbQeJujg47S,True,1779448446000,Ritmo Baixo,ae7ec9246c4649bc
low_intensity,20-05-2026 06:38:11,2,Um ritmo mais leve será benéfico para o seu bem-estar.,aR32TmZydA6NiMQBePhN,True,1779259091000,Ritmo Baixo,17b4966e9be4d8d8
low_intensity,12-05-2026 09:47:03,2,Um ritmo mais leve será benéfico para o seu bem-estar.,70Sw5RMS5a80Lh6ssW6e,True,1778579223000,Ritmo Baixo,ec75a53f04901eec
medium_intensity,20-05-2026 22:01:46,5,Este nível de atividade é ideal para o seu bem-estar.,YvjjsUR8lvtoy7Q7t3If,True,1779314506000,Ritmo Saudável,95744df47936b8c4
medium_intensity,25-05-2026 06:35:44,5,Este nível de atividade é ideal para o seu bem-estar.,3wSd9jfdqVTY3avekgZE,True,1779690944000,Ritmo Saudável,1b1cc9cee9f27003
high_intensity,20-05-2026 19:27:34,10,Excelente intensidade! Continue assim.,NwFoxBKXUsayoHYQ2qjs,True,1779305254000,Alta Intensidade,0f98939ac68105bb
medium_intensity,08-05-2026 07:25:20,5,Este nível de atividade é ideal para o seu bem-estar.,McLNGh4Wlm6l3dCz9utE,True,1778225120000,Ritmo Saudável,1d3db575c4a79d75
high_intensity,20-05-2026 22:04:10,10,Excelente intensidade! Continue assim.,NHEAUMsrxP8ua4OLsQya,True,1779314650000,Alta Intensidade,34cbefbc28798720
medium_intensity,28-05-2026 02:02:08,5,Este nível de atividade é ideal para o seu bem-estar.,u6KnSgBkNeH3PfSIyM3n,True,1779933728000,Ritmo Saudável,7e8fb26408446272
low_intensity,05-05-2026 03:37:46,2,Um ritmo mais leve será benéfico para o seu bem-estar.,DRKjdtu1F9iGuhk9YmHi,True,1777952266000,Ritmo Baixo,d4389e820d4f82fa
high_intensity,16-05-2026 10:00:44,10,Excelente intensidade! Continue assim.,gsV3zp52llicaRP7EpkA,True,1778925644000,Alta Intensidade,e8c9832b5c388bb5
low_intensity,18-05-2026 03:33:15,2,Um ritmo mais leve será benéfico para o seu bem-estar.,6JR30PMiH6A2lenqhP4d,True,1779075195000,Ritmo Baixo,fb188f553674b4c4
high_intensity,07-05-2026 17:39:10,10,Excelente intensidade! Continue assim.,jYDs3lqqsgX5J5B87K2R,True,1778175550000,Alta Intensidade,234da97fe615c6b7
medium_intensity,22-05-2026 17:18:13,5,Este nível de atividade é ideal para o seu bem-estar.,ujanhoJazY0feOrndFXp,True,1779470293000,Ritmo Saudável,3811390588367f0e
low_intensity,09-05-2026 14:34:03,2,Um ritmo mais leve será benéfico para o seu bem-estar.,xNjx01pooJ3KUAi1q2YU,True,1778337243000,Ritmo Baixo,bb80f878cef35322
low_intensity,05-05-2026 18:49:33,2,Um ritmo mais leve será benéfico para o seu bem-estar.,SmVzlhxYmnaZJm1OprIz,True,1778006973000,Ritmo Baixo,7d176c63414fcd05
high_intensity,29-05-2026 00:10:56,10,Excelente intensidade! Continue assim.,qWuFIFC8FxhglYaqTIXN,True,1780013456000,Alta Intensidade,d0825fdf3da3660c
low_intensity,29-05-2026 04:26:51,2,Um ritmo mais leve será benéfico para o seu bem-estar.,4sfFmOs4GZ6mfLUmkPdv,True,1780028811000,Ritmo Baixo,430f674c6dfe941a
medium_intensity,17-05-2026 22:13:59,5,Este nível de atividade é ideal para o seu bem-estar.,JKQlXtp7rZDUdzCSwcDd,True,1779056039000,Ritmo Saudável,c9ab51cba10ae1e9
low_intensity,15-05-2026 10:19:02,2,Um ritmo mais leve será benéfico para o seu bem-estar.,j2JxpwgbxF6wQuvEpDW7,True,1778840342000,Ritmo Baixo,19a558ecc36977ce
medium_intensity,29-05-2026 21:29:58,5,Este nível de atividade é ideal para o seu bem-estar.,zlnimnv0qrSQK2iYv3R1,True,1780090198000,Ritmo Saudável,daf96d2280390dec
medium_intensity,07-05-2026 12:04:00,5,Este nível de atividade é ideal para o seu bem-estar.,J7TfTeMA8Be4bcWyba8z,True,1778155440000,Ritmo Saudável,06bf6a628379e030
high_intensity,09-05-2026 23:43:21,10,Excelente intensidade! Continue assim.,cVzE8EilLZSw54fTUfjg,True,1778370201000,Alta Intensidade,cbf338d836298cb7
high_intensity,12-05-2026 08:25:33,10,Excelente intensidade! Continue assim.,5vOcOUbWjfk4AOqg6ynB,True,1778574333000,Alta Intensidade,c0014ea2ee2fdaea
high_intensity,17-05-2026 18:00:34,10,Excelente intensidade! Continue assim.,hHO6jek06cEbYcVE5OG9,True,1779040834000,Alta Intensidade,55b620d8c0ab41e0
low_intensity,10-05-2026 17:04:54,2,Um ritmo mais leve será benéfico para o seu bem-estar.,3NNx11Kv6d12e7hxTSiL,True,1778432694000,Ritmo Baixo,e7eb35b501d57e1f
medium_intensity,12-05-2026 07:04:39,5,Este nível de atividade é ideal para o seu bem-estar.,ZVvadETTvl5TtLPdWVd6,True,1778569479000,Ritmo Saudável,ec75a53f04901eec
high_intensity,03-05-2026 05:03:52,10,Excelente intensidade! Continue assim.,KQSBHbhOfDRB9zyhODkx,True,1777784632000,Alta Intensidade,e8c9832b5c388bb5
medium_intensity,04-05-2026 09:19:01,5,Este nível de atividade é ideal para o seu bem-estar.,zoo4hzrw3RevjLKGjhKF,True,1777886341000,Ritmo Saudável,f7c6682ad24d37f8
low_intensity,05-05-2026 21:42:51,2,Um ritmo mais leve será benéfico para o seu bem-estar.,Dccx3V2wgpLBFjRTS6EP,True,1778017371000,Ritmo Baixo,2f2bd7547d602b7a
high_intensity,27-05-2026 05:11:45,10,Excelente intensidade! Continue assim.,bnNStxP2Ls3sSdgsfwaQ,True,1779858705000,Alta Intensidade,19a558ecc36977ce
low_intensity,01-05-2026 07:04:03,2,Um ritmo mais leve será benéfico para o seu bem-estar.,NaMkLxzYtS8EsmcpZCcO,True,1777619043000,Ritmo Baixo,91d55d217a2af234
medium_intensity,04-05-2026 04:29:32,5,Este nível de atividade é ideal para o seu bem-estar.,172hkqo3ITzXYkSV2bRf,True,1777868972000,Ritmo Saudável,3c58290022ed11b1
high_intensity,05-05-2026 15:57:14,10,Excelente intensidade! Continue assim.,Y2NMwyHzZFHG6myYwT5n,True,1777996634000,Alta Intensidade,c34c1310eab19c87
high_intensity,01-05-2026 17:13:37,10,Excelente intensidade! Continue assim.,Mo9VOGTRcYDg7INMPREu,True,1777655617000,Alta Intensidade,b572bc65fae8bec1
high_intensity,30-05-2026 11:44:58,10,Excelente intensidade! Continue assim.,DPTiKNZe56j5utFml7ps,True,1780141498000,Alta Intensidade,57e17fffc619e182
low_intensity,29-05-2026 21:20:09,2,Um ritmo mais leve será benéfico para o seu bem-estar.,GwpjQPnImvggxh7ydzag,True,1780089609000,Ritmo Baixo,13db178cd9a1e37a
high_intensity,19-05-2026 13:24:43,10,Excelente intensidade! Continue assim.,PQxrZkEr3qmfaSk4FtH3,True,1779197083000,Alta Intensidade,131c7dd8f3ab4b35
medium_intensity,06-05-2026 23:42:38,5,Este nível de atividade é ideal para o seu bem-estar.,u4hnK8rMWy4UWuYVcZUC,True,1778110958000,Ritmo Saudável,a2fd30e5fa49ad53
medium_intensity,12-05-2026 07:32:27,5,Este nível de atividade é ideal para o seu bem-estar.,xV6HU7NgeHCjaoFKfFmY,True,1778571147000,Ritmo Saudável,c9ab51cba10ae1e9
high_intensity,23-05-2026 05:38:34,10,Excelente intensidade! Continue assim.,zCPEOxzglPG4UV4cvyEC,True,1779514714000,Alta Intensidade,f7af4712fd6b9108
medium_intensity,10-05-2026 05:28:22,5,Este nível de atividade é ideal para o seu bem-estar.,gkmLMPSlxRwN6K5aISYo,True,1778390902000,Ritmo Saudável,b30b0b43692b035b
medium_intensity,19-05-2026 04:47:25,5,Este nível de atividade é ideal para o seu bem-estar.,n26OEBtjH3i6vHMBHwmF,True,1779166045000,Ritmo Saudável,06bf6a628379e030
medium_intensity,17-05-2026 11:44:14,5,Este nível de atividade é ideal para o seu bem-estar.,GCAP5UZC4HltFfKIzRMv,True,1779018254000,Ritmo Saudável,1d6285f5502cf1f8
high_intensity,14-05-2026 11:09:40,10,Excelente intensidade! Continue assim.,FmrwApiMj8e9jh4wBC9j,True,1778756980000,Alta Intensidade,2f2bd7547d602b7a
low_intensity,15-05-2026 09:34:51,2,Um ritmo mais leve será benéfico para o seu bem-estar.,RVIMZhACenmfU90kBXHW,True,1778837691000,Ritmo Baixo,057c44d337463e07
high_intensity,24-05-2026 09:07:09,10,Excelente intensidade! Continue assim.,rAesCn2d9YMXRxqLzU4T,True,1779613629000,Alta Intensidade,17b4966e9be4d8d8
medium_intensity,03-05-2026 05:04:11,5,Este nível de atividade é ideal para o seu bem-estar.,tMpo5WgEtRPEhGtqgcvR,True,1777784651000,Ritmo Saudável,d5eb4d757b335d0e
medium_intensity,13-05-2026 06:38:30,5,Este nível de atividade é ideal para o seu bem-estar.,QPy2rUJ5Gc1REMBG566i,True,1778654310000,Ritmo Saudável,95744df47936b8c4
low_intensity,19-05-2026 06:48:02,2,Um ritmo mais leve será benéfico para o seu bem-estar.,C0oPBvFfgrxaQ36JXxX6,True,1779173282000,Ritmo Baixo,d57d393b16ba030e
low_intensity,26-05-2026 11:04:23,2,Um ritmo mais leve será benéfico para o seu bem-estar.,Aqo8UHYjzx9C3yrNI8mP,True,1779793463000,Ritmo Baixo,234da97fe615c6b7
high_intensity,16-05-2026 16:15:01,10,Excelente intensidade! Continue assim.,gHbdyWEolBxj5sq9n0P2,True,1778948101000,Alta Intensidade,5a7b6516c51a4d4e
high_intensity,25-05-2026 01:23:37,10,Excelente intensidade! Continue assim.,lDRAtM5YJphF1BalQaZA,True,1779672217000,Alta Intensidade,552b8d6c350cb13c
medium_intensity,16-05-2026 19:08:49,5,Este nível de atividade é ideal para o seu bem-estar.,NvBgZvimmKO7jGPbsD3S,True,1778958529000,Ritmo Saudável,234da97fe615c6b7
medium_intensity,19-05-2026 20:07:29,5,Este nível de atividade é ideal para o seu bem-estar.,IqCKlBArefH48CKjOwfQ,True,1779221249000,Ritmo Saudável,d5eb4d757b335d0e
high_intensity,10-05-2026 21:33:53,10,Excelente intensidade! Continue assim.,8tCsmN8NgmoNhMtRd3E9,True,1778448833000,Alta Intensidade,24d6a87b0598b02e
high_intensity,27-05-2026 20:32:08,10,Excelente intensidade! Continue assim.,utyobSrvP4pKq016Et4q,True,1779913928000,Alta Intensidade,1bd749deaf799034
medium_intensity,25-05-2026 13:40:05,5,Este nível de atividade é ideal para o seu bem-estar.,NwCbfZs70hC1VrZqgiiZ,True,1779716405000,Ritmo Saudável,d5eb4d757b335d0e
medium_intensity,05-05-2026 11:08:48,5,Este nível de atividade é ideal para o seu bem-estar.,bkNtiym8eQKNDro93TWe,True,1777979328000,Ritmo Saudável,18d281edb3671f44
low_intensity,10-05-2026 09:20:05,2,Um ritmo mais leve será benéfico para o seu bem-estar.,BdGbNJSisgFirwXGk08x,True,1778404805000,Ritmo Baixo,53c682ded6545e06
medium_intensity,09-05-2026 06:39:26,5,Este nível de atividade é ideal para o seu bem-estar.,RHajxGa3I5tyxA4pinkl,True,1778308766000,Ritmo Saudável,330949523d665e3b
high_intensity,10-05-2026 02:02:47,10,Excelente intensidade! Continue assim.,v1JZ71PAaC38AmvsJcE0,True,1778378567000,Alta Intensidade,ce246387dd078174
medium_intensity,05-05-2026 20:22:52,5,Este nível de atividade é ideal para o seu bem-estar.,5lAuweTTuDbYtn16BWAK,True,1778012572000,Ritmo Saudável,93279918e60ec274
medium_intensity,12-05-2026 03:39:19,5,Este nível de atividade é ideal para o seu bem-estar.,yiIjmFIpxHqVHqBKChZi,True,1778557159000,Ritmo Saudável,0e52f2934d8ce165
medium_intensity,07-05-2026 09:04:45,5,Este nível de atividade é ideal para o seu bem-estar.,ptdldxHk7CoEbBZm5dCB,True,1778144685000,Ritmo Saudável,923d0315f3ae2bb3
high_intensity,20-05-2026 21:26:22,10,Excelente intensidade! Continue assim.,TUnZro7xAytgenFqTwsb,True,1779312382000,Alta Intensidade,b8e78b83a62a0cb7
high_intensity,03-05-2026 13:20:40,10,Excelente intensidade! Continue assim.,TC7HQzluTIprdg26g7XN,True,1777814440000,Alta Intensidade,1791998ac3161359
low_intensity,29-05-2026 22:34:05,2,Um ritmo mais leve será benéfico para o seu bem-estar.,MJJXYa89vqmJYBUo9wBl,True,1780094045000,Ritmo Baixo,c9ab51cba10ae1e9
medium_intensity,03-05-2026 07:47:13,5,Este nível de atividade é ideal para o seu bem-estar.,LZEsVevUHl66kfF5R7wu,True,1777794433000,Ritmo Saudável,95744df47936b8c4
low_intensity,29-05-2026 06:07:57,2,Um ritmo mais leve será benéfico para o seu bem-estar.,c2p4Z1ISsSIn9DoCpLh7,True,1780034877000,Ritmo Baixo,d632e4ce536ec364
low_intensity,16-05-2026 15:09:43,2,Um ritmo mais leve será benéfico para o seu bem-estar.,yIcfifeHbrNAd3xK8VhY,True,1778944183000,Ritmo Baixo,42d576864f9952c7
low_intensity,29-05-2026 10:25:47,2,Um ritmo mais leve será benéfico para o seu bem-estar.,NoEsepJMqYze0PL3Y3y1,True,1780050347000,Ritmo Baixo,17b4966e9be4d8d8
high_intensity,25-05-2026 02:43:29,10,Excelente intensidade! Continue assim.,ysuYAKfJCjWsqgZaAIJX,True,1779677009000,Alta Intensidade,17b4966e9be4d8d8
low_intensity,25-05-2026 02:55:20,2,Um ritmo mais leve será benéfico para o seu bem-estar.,Ivt3CT19UvY1WfGlUCa4,True,1779677720000,Ritmo Baixo,bc74204126e384ca
high_intensity,29-05-2026 03:14:55,10,Excelente intensidade! Continue assim.,Gvdo87hyP8DsAhLScClZ,True,1780024495000,Alta Intensidade,c6a2d85265d19a41
medium_intensity,12-05-2026 08:09:46,5,Este nível de atividade é ideal para o seu bem-estar.,u9AzT4EjWI2CtaBlQzIi,True,1778573386000,Ritmo Saudável,8e7f2987241c2818
low_intensity,07-05-2026 16:23:43,2,Um ritmo mais leve será benéfico para o seu bem-estar.,oMF4GJIVZpBAAaNc8Yid,True,1778171023000,Ritmo Baixo,c837debb39dd1e68
medium_intensity,15-05-2026 13:21:12,5,Este nível de atividade é ideal para o seu bem-estar.,rjZ5EUg07d6jEJfJTXRQ,True,1778851272000,Ritmo Saudável,91d55d217a2af234
medium_intensity,27-05-2026 03:14:42,5,Este nível de atividade é ideal para o seu bem-estar.,OWwncNKY7XM23f1IWnLD,True,1779851682000,Ritmo Saudável,c51d4eb54f89fec8
high_intensity,23-05-2026 03:39:47,10,Excelente intensidade! Continue assim.,tlrNe4ushAU6vM0hZ45F,True,1779507587000,Alta Intensidade,552b8d6c350cb13c
high_intensity,30-05-2026 20:07:29,10,Excelente intensidade! Continue assim.,p712KY9A7PP1tAIFwzzt,True,1780171649000,Alta Intensidade,04964f8452901231
medium_intensity,28-05-2026 23:17:49,5,Este nível de atividade é ideal para o seu bem-estar.,ulE4gFwN5WCmdujKVjVh,True,1780010269000,Ritmo Saudável,b572bc65fae8bec1
high_intensity,28-05-2026 19:52:37,10,Excelente intensidade! Continue assim.,0CR3vSYEAXDzntqiH3e0,True,1779997957000,Alta Intensidade,82a83fc853728306
high_intensity,20-05-2026 05:59:57,10,Excelente intensidade! Continue assim.,jaUPbiewecOdmwH4k8Wb,True,1779256797000,Alta Intensidade,1791998ac3161359
low_intensity,02-05-2026 03:02:28,2,Um ritmo mais leve será benéfico para o seu bem-estar.,J0bRGaYqAk3vQq2fehF3,True,1777690948000,Ritmo Baixo,b8e78b83a62a0cb7
low_intensity,18-05-2026 07:53:47,2,Um ritmo mais leve será benéfico para o seu bem-estar.,5lqmyPjBLAvkBVylhHoI,True,1779090827000,Ritmo Baixo,b572bc65fae8bec1
high_intensity,26-05-2026 21:06:04,10,Excelente intensidade! Continue assim.,5s5o5Pl5ZteW69rteiuh,True,1779829564000,Alta Intensidade,7182af742e04dc6d
high_intensity,14-05-2026 01:19:44,10,Excelente intensidade! Continue assim.,VpSRMVQiLaUUi3R0cm6p,True,1778721584000,Alta Intensidade,1b1cc9cee9f27003
low_intensity,19-05-2026 17:57:22,2,Um ritmo mais leve será benéfico para o seu bem-estar.,Sbc9suxe60sCTylXYm7Z,True,1779213442000,Ritmo Baixo,53c682ded6545e06
high_intensity,18-05-2026 06:36:32,10,Excelente intensidade! Continue assim.,DXCjT1ovJ74gfzLRad1s,True,1779086192000,Alta Intensidade,514af2be7dc985d8
low_intensity,11-05-2026 07:06:59,2,Um ritmo mais leve será benéfico para o seu bem-estar.,oyrDh19XRagNAnFo5ITS,True,1778483219000,Ritmo Baixo,f7c6682ad24d37f8
medium_intensity,22-05-2026 11:37:49,5,Este nível de atividade é ideal para o seu bem-estar.,RV5FXwdZxjwQ2pmVVFPq,True,1779449869000,Ritmo Saudável,93279918e60ec274
medium_intensity,01-05-2026 16:43:12,5,Este nível de atividade é ideal para o seu bem-estar.,FDRO0lJk3EmWNIXxA6g3,True,1777653792000,Ritmo Saudável,24d6a87b0598b02e
low_intensity,13-05-2026 13:29:40,2,Um ritmo mais leve será benéfico para o seu bem-estar.,HsEwwOODZpDr7ZeeUmtI,True,1778678980000,Ritmo Baixo,c51d4eb54f89fec8
high_intensity,27-05-2026 17:16:03,10,Excelente intensidade! Continue assim.,ueqfXOfXgsZ6IfgxHHqZ,True,1779902163000,Alta Intensidade,d632e4ce536ec364
low_intensity,20-05-2026 21:29:47,2,Um ritmo mais leve será benéfico para o seu bem-estar.,48g1M0FWk77kYmpPtJzb,True,1779312587000,Ritmo Baixo,e1bd0a847e7079be
low_intensity,25-05-2026 22:24:28,2,Um ritmo mais leve será benéfico para o seu bem-estar.,wNtftYNpn67HyHcay9Xm,True,1779747868000,Ritmo Baixo,517fc5ca69b652a5
medium_intensity,09-05-2026 17:03:54,5,Este nível de atividade é ideal para o seu bem-estar.,daxmn8fqWe0ytINtcpU0,True,1778346234000,Ritmo Saudável,8f8c45c33ff51d0e
low_intensity,16-05-2026 05:15:39,2,Um ritmo mais leve será benéfico para o seu bem-estar.,EohDHZaBwSb9sbjwh7mz,True,1778908539000,Ritmo Baixo,c837debb39dd1e68
high_intensity,04-05-2026 18:07:52,10,Excelente intensidade! Continue assim.,gROFOZ6A68vvn4NR3Ikj,True,1777918072000,Alta Intensidade,bb80f878cef35322
high_intensity,13-05-2026 18:46:02,10,Excelente intensidade! Continue assim.,pcbOLCPUIjfgItMKgLyS,True,1778697962000,Alta Intensidade,e9da39984fb29dc6
high_intensity,07-05-2026 01:14:32,10,Excelente intensidade! Continue assim.,f81M96JLANKhPNnptuhS,True,1778116472000,Alta Intensidade,de2dde23040292bc
medium_intensity,12-05-2026 01:16:08,5,Este nível de atividade é ideal para o seu bem-estar.,Uv0D0blL5E15CA9EpZpN,True,1778548568000,Ritmo Saudável,06961ead71f8b1d8
high_intensity,10-05-2026 16:51:13,10,Excelente intensidade! Continue assim.,CiJnF0MPbzTWkVLeQI4B,True,1778431873000,Alta Intensidade,2a339e8954684016
medium_intensity,09-05-2026 01:32:42,5,Este nível de atividade é ideal para o seu bem-estar.,7eistTzlbgLmeSYtmcmI,True,1778290362000,Ritmo Saudável,8e2e127651e9cbde
low_intensity,17-05-2026 09:34:43,2,Um ritmo mais leve será benéfico para o seu bem-estar.,zxVhTb7omoVZOv59JeN2,True,1779010483000,Ritmo Baixo,0e52f2934d8ce165
low_intensity,16-05-2026 11:35:48,2,Um ritmo mais leve será benéfico para o seu bem-estar.,s5hzyOo2SXZsM71OjGLo,True,1778931348000,Ritmo Baixo,552b8d6c350cb13c
high_intensity,11-05-2026 12:46:46,10,Excelente intensidade! Continue assim.,w7ewe1Fo9JUcAFCAOqfU,True,1778503606000,Alta Intensidade,55b620d8c0ab41e0
medium_intensity,08-05-2026 15:21:02,5,Este nível de atividade é ideal para o seu bem-estar.,5Tk9qwmCKG6JhOP4OK9n,True,1778253662000,Ritmo Saudável,eb39e98aca20e7d3
high_intensity,13-05-2026 02:42:06,10,Excelente intensidade! Continue assim.,qStN4lkDkARKFsCLiZsV,True,1778640126000,Alta Intensidade,057c44d337463e07
high_intensity,30-05-2026 21:18:42,10,Excelente intensidade! Continue assim.,cbSMdc1kWmWkoJqV8s3m,True,1780175922000,Alta Intensidade,8e7f2987241c2818
high_intensity,20-05-2026 10:05:21,10,Excelente intensidade! Continue assim.,K3yUfhGjsP1cfGJ5Ncrt,True,1779271521000,Alta Intensidade,487b076a69a53671
high_intensity,18-05-2026 10:19:23,10,Excelente intensidade! Continue assim.,UNwYu6jtFDOihea1ksIf,True,1779099563000,Alta Intensidade,5e1de20fecf98844
medium_intensity,21-05-2026 11:40:51,5,Este nível de atividade é ideal para o seu bem-estar.,wREuXIlrpaCjxGyFb22x,True,1779363651000,Ritmo Saudável,2f2bd7547d602b7a
high_intensity,15-05-2026 08:46:47,10,Excelente intensidade! Continue assim.,sHBKwMP7oxrLqzDfKRmq,True,1778834807000,Alta Intensidade,2a339e8954684016
medium_intensity,04-05-2026 12:12:42,5,Este nível de atividade é ideal para o seu bem-estar.,Y2a0W5MrX8oBlBklY61T,True,1777896762000,Ritmo Saudável,514af2be7dc985d8
medium_intensity,22-05-2026 09:42:40,5,Este nível de atividade é ideal para o seu bem-estar.,4ClyjhgNPHwMXvUJS0GK,True,1779442960000,Ritmo Saudável,42ac1a2bf982f79c
high_intensity,27-05-2026 20:55:20,10,Excelente intensidade! Continue assim.,SMwI3bT9ckautlJ6vCp9,True,1779915320000,Alta Intensidade,ec75a53f04901eec
medium_intensity,25-05-2026 10:27:41,5,Este nível de atividade é ideal para o seu bem-estar.,MPRGjUb2wgM6MmuLsqwz,True,1779704861000,Ritmo Saudável,57e7d972b508815d
medium_intensity,02-05-2026 01:09:00,5,Este nível de atividade é ideal para o seu bem-estar.,CcypmGy71X4rDHV1zBRO,True,1777684140000,Ritmo Saudável,bc74204126e384ca
medium_intensity,01-05-2026 01:54:59,5,Este nível de atividade é ideal para o seu bem-estar.,56DSKPVy6Qalb4SvJhoz,True,1777600499000,Ritmo Saudável,17b4966e9be4d8d8
low_intensity,27-05-2026 03:12:23,2,Um ritmo mais leve será benéfico para o seu bem-estar.,9X0ryMP9hbk6FAxxqim7,True,1779851543000,Ritmo Baixo,7f281c8dbac1f799
medium_intensity,30-05-2026 19:55:06,5,Este nível de atividade é ideal para o seu bem-estar.,olcITi3QRAyXgXMo0etx,True,1780170906000,Ritmo Saudável,c7f34dc43387f858
high_intensity,14-05-2026 01:15:33,10,Excelente intensidade! Continue assim.,X3pVFcl8U2qhM3WPQZMm,True,1778721333000,Alta Intensidade,2a339e8954684016
high_intensity,19-05-2026 21:13:14,10,Excelente intensidade! Continue assim.,hoFY3O7vRxP3eUtJCEXw,True,1779225194000,Alta Intensidade,7d176c63414fcd05
low_intensity,14-05-2026 09:20:49,2,Um ritmo mais leve será benéfico para o seu bem-estar.,CbiwecQHuQrDeQFABYtR,True,1778750449000,Ritmo Baixo,93279918e60ec274
medium_intensity,29-05-2026 05:43:24,5,Este nível de atividade é ideal para o seu bem-estar.,n08vJSH4kFpnA0nZw2uj,True,1780033404000,Ritmo Saudável,57e7d972b508815d
low_intensity,09-05-2026 13:28:42,2,Um ritmo mais leve será benéfico para o seu bem-estar.,ZWaYqasMFfwTC1aLLgN4,True,1778333322000,Ritmo Baixo,34cbefbc28798720
high_intensity,08-05-2026 14:59:07,10,Excelente intensidade! Continue assim.,O2rtK7xqmouOi6CnVqW3,True,1778252347000,Alta Intensidade,8e7f2987241c2818
low_intensity,09-05-2026 17:22:38,2,Um ritmo mais leve será benéfico para o seu bem-estar.,DXSXu7eMJytjwjpHLcyc,True,1778347358000,Ritmo Baixo,9cbee3c1d7168837
low_intensity,16-05-2026 19:51:38,2,Um ritmo mais leve será benéfico para o seu bem-estar.,OH3CpIYSmk1ScBBQHsQx,True,1778961098000,Ritmo Baixo,d4389e820d4f82fa
medium_intensity,13-05-2026 04:49:29,5,Este nível de atividade é ideal para o seu bem-estar.,UrUIsgcqDqxtJ8vzVjjO,True,1778647769000,Ritmo Saudável,5e1de20fecf98844
low_intensity,12-05-2026 01:26:15,2,Um ritmo mais leve será benéfico para o seu bem-estar.,9ZszwiaNBd9tauzWL2wv,True,1778549175000,Ritmo Baixo,e1bd0a847e7079be
medium_intensity,20-05-2026 00:37:49,5,Este nível de atividade é ideal para o seu bem-estar.,JIU9sVSQRqse6nDPIK4e,True,1779237469000,Ritmo Saudável,1791998ac3161359
medium_intensity,07-05-2026 19:30:37,5,Este nível de atividade é ideal para o seu bem-estar.,qtxQ2zueTxnAslF00NBw,True,1778182237000,Ritmo Saudável,5afe6ceac06784f5
medium_intensity,03-05-2026 01:19:58,5,Este nível de atividade é ideal para o seu bem-estar.,gdJKlJtyBhYdTedJqpwM,True,1777771198000,Ritmo Saudável,cb4c1290e91970dd
medium_intensity,10-05-2026 13:06:30,5,Este nível de atividade é ideal para o seu bem-estar.,Y4rTDtB2rtgiQYZJUUE9,True,1778418390000,Ritmo Saudável,7182af742e04dc6d
high_intensity,30-05-2026 04:21:03,10,Excelente intensidade! Continue assim.,x4QlJPYmqMMinlwhAJwl,True,1780114863000,Alta Intensidade,1d3db575c4a79d75
medium_intensity,13-05-2026 10:21:10,5,Este nível de atividade é ideal para o seu bem-estar.,sgnY4eNcZt3t5NFqNvTA,True,1778667670000,Ritmo Saudável,3811390588367f0e
low_intensity,08-05-2026 19:29:17,2,Um ritmo mais leve será benéfico para o seu bem-estar.,eWnaZEiz1IfClLHkwp6b,True,1778268557000,Ritmo Baixo,bb80f878cef35322
medium_intensity,24-05-2026 03:47:32,5,Este nível de atividade é ideal para o seu bem-estar.,1Mlg7jhcFuHzHFeKKQEA,True,1779594452000,Ritmo Saudável,2b95dd3cf28e7c18
medium_intensity,27-05-2026 10:25:25,5,Este nível de atividade é ideal para o seu bem-estar.,kdzVvlolVZTd4JhHs1Xg,True,1779877525000,Ritmo Saudável,6214b1b462c04096
high_intensity,13-05-2026 05:41:42,10,Excelente intensidade! Continue assim.,niSzEOSJ2VO2Heicxjs7,True,1778650902000,Alta Intensidade,b8e78b83a62a0cb7
medium_intensity,29-05-2026 04:26:50,5,Este nível de atividade é ideal para o seu bem-estar.,kyLtFB8thgzsBbNfxVPy,True,1780028810000,Ritmo Saudável,7d176c63414fcd05
low_intensity,05-05-2026 16:54:13,2,Um ritmo mais leve será benéfico para o seu bem-estar.,Bno6vqJf048ot1hT1FQ4,True,1778000053000,Ritmo Baixo,bc74204126e384ca
high_intensity,21-05-2026 20:40:04,10,Excelente intensidade! Continue assim.,33Av63W4dIPLIRVPuXoS,True,1779396004000,Alta Intensidade,19a558ecc36977ce
medium_intensity,13-05-2026 23:06:54,5,Este nível de atividade é ideal para o seu bem-estar.,QqsGE0PBm3Gx2qi05au9,True,1778713614000,Ritmo Saudável,3bd002cf1fcfa789
low_intensity,12-05-2026 20:54:26,2,Um ritmo mais leve será benéfico para o seu bem-estar.,5PMj1u09OgkmWqYKtu7Y,True,1778619266000,Ritmo Baixo,1791998ac3161359
low_intensity,11-05-2026 15:31:40,2,Um ritmo mais leve será benéfico para o seu bem-estar.,RbFzymNjE0MohCH2ilKk,True,1778513500000,Ritmo Baixo,9d16533a62ab9315
high_intensity,18-05-2026 14:09:18,10,Excelente intensidade! Continue assim.,953HlCv1zu9yg6MOehD4,True,1779113358000,Alta Intensidade,8f8c45c33ff51d0e
high_intensity,25-05-2026 17:27:25,10,Excelente intensidade! Continue assim.,Re6J1Dg6nf4Hx6pauI8N,True,1779730045000,Alta Intensidade,93279918e60ec274
high_intensity,18-05-2026 10:06:56,10,Excelente intensidade! Continue assim.,ExirlMcSbYLiVVPNVysw,True,1779098816000,Alta Intensidade,1b1cc9cee9f27003
medium_intensity,19-05-2026 17:46:32,5,Este nível de atividade é ideal para o seu bem-estar.,Q4MzexHQDRaPKYU5AKtl,True,1779212792000,Ritmo Saudável,93279918e60ec274
medium_intensity,07-05-2026 19:34:25,5,Este nível de atividade é ideal para o seu bem-estar.,z0jZ2FBB4DBWZO3yF0N1,True,1778182465000,Ritmo Saudável,6588d11c4a11acb1
medium_intensity,19-05-2026 19:21:56,5,Este nível de atividade é ideal para o seu bem-estar.,0qd7dw15YsxFORXPRdnt,True,1779218516000,Ritmo Saudável,cb207a93391638cb
high_intensity,24-05-2026 16:15:01,10,Excelente intensidade! Continue assim.,fe3SbcpsRB1oLBJvMcRi,True,1779639301000,Alta Intensidade,63d3511e9e857901
high_intensity,28-05-2026 20:39:39,10,Excelente intensidade! Continue assim.,5OeOJDwCftyjlsCK5flr,True,1780000779000,Alta Intensidade,330949523d665e3b
high_intensity,04-05-2026 18:49:23,10,Excelente intensidade! Continue assim.,XRClzz3V26IBpZx75Pw2,True,1777920563000,Alta Intensidade,19a558ecc36977ce
high_intensity,12-05-2026 05:38:59,10,Excelente intensidade! Continue assim.,pMJ82weFyz5wUDffAOkg,True,1778564339000,Alta Intensidade,ec75a53f04901eec
medium_intensity,01-05-2026 08:43:30,5,Este nível de atividade é ideal para o seu bem-estar.,NWHYi5jK6FQK2Ny970mq,True,1777625010000,Ritmo Saudável,06bf6a628379e030
low_intensity,25-05-2026 17:15:24,2,Um ritmo mais leve será benéfico para o seu bem-estar.,f20ySsDy4lOeMIABCjGc,True,1779729324000,Ritmo Baixo,75778bdb64d1008e
medium_intensity,24-05-2026 12:36:20,5,Este nível de atividade é ideal para o seu bem-estar.,CEaeQ6xUBzBBwvnmsRK1,True,1779626180000,Ritmo Saudável,c7f34dc43387f858
medium_intensity,29-05-2026 22:00:51,5,Este nível de atividade é ideal para o seu bem-estar.,ftr9MGUDcl9EZsnzEBrg,True,1780092051000,Ritmo Saudável,7d176c63414fcd05
high_intensity,05-05-2026 01:04:04,10,Excelente intensidade! Continue assim.,WlSHXI4CHHLWTnK2myUb,True,1777943044000,Alta Intensidade,f7af4712fd6b9108
high_intensity,17-05-2026 00:13:38,10,Excelente intensidade! Continue assim.,5nUCtXlncIwNHaChJKOv,True,1778976818000,Alta Intensidade,18d281edb3671f44
low_intensity,04-05-2026 15:54:14,2,Um ritmo mais leve será benéfico para o seu bem-estar.,jFk13Rw5YeNyoCo7m4uS,True,1777910054000,Ritmo Baixo,d0825fdf3da3660c
low_intensity,25-05-2026 07:11:11,2,Um ritmo mais leve será benéfico para o seu bem-estar.,G7gjzmTczy1UpQQEk2QL,True,1779693071000,Ritmo Baixo,c31244cee16e0c77
high_intensity,11-05-2026 19:28:55,10,Excelente intensidade! Continue assim.,YSifhYKL5niW0d1CU4NM,True,1778527735000,Alta Intensidade,389da1f3a7c1d8de
high_intensity,17-05-2026 13:06:49,10,Excelente intensidade! Continue assim.,o64DfKuhN6VTAsl2BdYV,True,1779023209000,Alta Intensidade,487b076a69a53671
medium_intensity,16-05-2026 07:55:57,5,Este nível de atividade é ideal para o seu bem-estar.,z965rXTer7hqP7lGQH4g,True,1778918157000,Ritmo Saudável,eb39e98aca20e7d3
high_intensity,30-05-2026 21:58:26,10,Excelente intensidade! Continue assim.,GT9yGYk7Swl2TEWkManf,True,1780178306000,Alta Intensidade,d0825fdf3da3660c
high_intensity,07-05-2026 04:04:52,10,Excelente intensidade! Continue assim.,KmLXhObS6Yy7f9nQNI9y,True,1778126692000,Alta Intensidade,42d576864f9952c7
high_intensity,04-05-2026 19:53:03,10,Excelente intensidade! Continue assim.,rKYFPBF7nFQ4ClzqpMTN,True,1777924383000,Alta Intensidade,3b1338c1207d1e2e
high_intensity,08-05-2026 15:25:01,10,Excelente intensidade! Continue assim.,o37Gtc0EzMDiElFGRv9P,True,1778253901000,Alta Intensidade,57e7d972b508815d
low_intensity,13-05-2026 02:14:00,2,Um ritmo mais leve será benéfico para o seu bem-estar.,sGhmEPza6c8xweHDPs4f,True,1778638440000,Ritmo Baixo,3993ad7e2565b6b0
low_intensity,10-05-2026 05:38:14,2,Um ritmo mais leve será benéfico para o seu bem-estar.,l9J44kofNimSBxvk8EKE,True,1778391494000,Ritmo Baixo,34cbefbc28798720
high_intensity,05-05-2026 00:23:40,10,Excelente intensidade! Continue assim.,tbdgwAPCmwNEXD2qYi5n,True,1777940620000,Alta Intensidade,c0014ea2ee2fdaea
medium_intensity,05-05-2026 01:43:39,5,Este nível de atividade é ideal para o seu bem-estar.,vRpt57ZejjWkvc6wRoXN,True,1777945419000,Ritmo Saudável,5e1de20fecf98844
high_intensity,21-05-2026 09:58:38,10,Excelente intensidade! Continue assim.,7BI7XXHTblPAzGneRdWH,True,1779357518000,Alta Intensidade,a2fd30e5fa49ad53
medium_intensity,12-05-2026 21:38:25,5,Este nível de atividade é ideal para o seu bem-estar.,Fsl4T2dIgw6keCXoPCqn,True,1778621905000,Ritmo Saudável,c837debb39dd1e68
medium_intensity,07-05-2026 15:25:35,5,Este nível de atividade é ideal para o seu bem-estar.,jrTF9buvr7Hxw3IZgIg3,True,1778167535000,Ritmo Saudável,6214b1b462c04096
low_intensity,18-05-2026 15:08:30,2,Um ritmo mais leve será benéfico para o seu bem-estar.,tzRah4yx3XPnErvcDJyC,True,1779116910000,Ritmo Baixo,1d3db575c4a79d75
medium_intensity,29-05-2026 18:11:06,5,Este nível de atividade é ideal para o seu bem-estar.,RJjqkN9rGxYn27ZsnDJI,True,1780078266000,Ritmo Saudável,e8c9832b5c388bb5
high_intensity,23-05-2026 06:35:23,10,Excelente intensidade! Continue assim.,vJ9ivX4O4CKXevecVyAe,True,1779518123000,Alta Intensidade,cb4c1290e91970dd
medium_intensity,27-05-2026 14:40:43,5,Este nível de atividade é ideal para o seu bem-estar.,pUHDOI9nVE2hPlBPFaAt,True,1779892843000,Ritmo Saudável,7d176c63414fcd05
low_intensity,23-05-2026 14:16:46,2,Um ritmo mais leve será benéfico para o seu bem-estar.,v4FFKY4rdUSqYrWol2cI,True,1779545806000,Ritmo Baixo,72ba4e2f87adceb5
medium_intensity,21-05-2026 01:43:08,5,Este nível de atividade é ideal para o seu bem-estar.,mmiH6TTW2Vq5LaL32f6G,True,1779327788000,Ritmo Saudável,da211edc7bac01a0
low_intensity,26-05-2026 20:00:06,2,Um ritmo mais leve será benéfico para o seu bem-estar.,AUhOiutqvaQYpDGpu382,True,1779825606000,Ritmo Baixo,1791998ac3161359
low_intensity,07-05-2026 13:43:50,2,Um ritmo mais leve será benéfico para o seu bem-estar.,IzOS6Md1fPqDKqtkx0Ka,True,1778161430000,Ritmo Baixo,2f2bd7547d602b7a
medium_intensity,26-05-2026 10:24:31,5,Este nível de atividade é ideal para o seu bem-estar.,Pb1MpY52m1OEZxRGqzYf,True,1779791071000,Ritmo Saudável,82a83fc853728306
low_intensity,12-05-2026 06:30:35,2,Um ritmo mais leve será benéfico para o seu bem-estar.,d8Br9zxU0DRSikcNGts8,True,1778567435000,Ritmo Baixo,d0825fdf3da3660c
low_intensity,13-05-2026 12:53:08,2,Um ritmo mais leve será benéfico para o seu bem-estar.,s2Luc27X6cjl10CYBHAb,True,1778676788000,Ritmo Baixo,de2dde23040292bc
medium_intensity,18-05-2026 17:23:41,5,Este nível de atividade é ideal para o seu bem-estar.,5F7AbmjoqJdjsqrAXaeh,True,1779125021000,Ritmo Saudável,72bd2672c948d2cb
high_intensity,09-05-2026 19:20:28,10,Excelente intensidade! Continue assim.,jrxvecCpmFWwVLdvrOdL,True,1778354428000,Alta Intensidade,ae7ec9246c4649bc
low_intensity,28-05-2026 00:31:12,2,Um ritmo mais leve será benéfico para o seu bem-estar.,nOgq4goR3Vq2i2mGJXDu,True,1779928272000,Ritmo Baixo,c7f34dc43387f858
low_intensity,07-05-2026 15:52:21,2,Um ritmo mais leve será benéfico para o seu bem-estar.,7ZcJ2w1mbSdPKfovxqXO,True,1778169141000,Ritmo Baixo,552b8d6c350cb13c
high_intensity,15-05-2026 01:09:06,10,Excelente intensidade! Continue assim.,fOnxaVVIT9xDMCifal4W,True,1778807346000,Alta Intensidade,17b4966e9be4d8d8
medium_intensity,11-05-2026 07:33:01,5,Este nível de atividade é ideal para o seu bem-estar.,LjNuF9LYFPshkZRiSasS,True,1778484781000,Ritmo Saudável,c7f34dc43387f858
high_intensity,16-05-2026 07:21:50,10,Excelente intensidade! Continue assim.,m2Pj457jZprJZ4bO5Dqj,True,1778916110000,Alta Intensidade,057c44d337463e07
high_intensity,13-05-2026 21:42:11,10,Excelente intensidade! Continue assim.,pAaq3X7zlr3DQOdwGtfD,True,1778708531000,Alta Intensidade,cbf338d836298cb7
high_intensity,23-05-2026 07:01:10,10,Excelente intensidade! Continue assim.,CGbdKkaMtXZy2RLIt6FQ,True,1779519670000,Alta Intensidade,ce246387dd078174
high_intensity,09-05-2026 04:54:03,10,Excelente intensidade! Continue assim.,x43aJu03xtutrZWRyAQe,True,1778302443000,Alta Intensidade,d57d393b16ba030e
medium_intensity,01-05-2026 06:36:15,5,Este nível de atividade é ideal para o seu bem-estar.,8eiTJdgdF4ssC0KDdOsf,True,1777617375000,Ritmo Saudável,3993ad7e2565b6b0
medium_intensity,02-05-2026 22:01:42,5,Este nível de atividade é ideal para o seu bem-estar.,ewenpMaSf1CIt2VPP4ma,True,1777759302000,Ritmo Saudável,eb39e98aca20e7d3
medium_intensity,04-05-2026 19:26:28,5,Este nível de atividade é ideal para o seu bem-estar.,mmxOfaLeDzs4QVLoKgjP,True,1777922788000,Ritmo Saudável,389da1f3a7c1d8de
low_intensity,01-05-2026 00:19:10,2,Um ritmo mais leve será benéfico para o seu bem-estar.,URqtA6vKc6oJvMXNJvH6,True,1777594750000,Ritmo Baixo,c6a2d85265d19a41
high_intensity,03-05-2026 05:14:50,10,Excelente intensidade! Continue assim.,kC5E8wE8y1dKJXWl20N6,True,1777785290000,Alta Intensidade,91d55d217a2af234
low_intensity,07-05-2026 07:15:08,2,Um ritmo mais leve será benéfico para o seu bem-estar.,ISzcvxs24byOWfKYIR54,True,1778138108000,Ritmo Baixo,c34c1310eab19c87
medium_intensity,23-05-2026 18:55:37,5,Este nível de atividade é ideal para o seu bem-estar.,2LdtbHEEQA37m2ZombyH,True,1779562537000,Ritmo Saudável,1b1cc9cee9f27003
low_intensity,24-05-2026 23:55:49,2,Um ritmo mais leve será benéfico para o seu bem-estar.,z8AmVyjV6mT8bry4Yk4u,True,1779666949000,Ritmo Baixo,3b1338c1207d1e2e
medium_intensity,24-05-2026 08:30:37,5,Este nível de atividade é ideal para o seu bem-estar.,JEV3lbBBxmyeAg10w17I,True,1779611437000,Ritmo Saudável,1d6285f5502cf1f8
high_intensity,28-05-2026 19:24:42,10,Excelente intensidade! Continue assim.,GpmwdeuICXt1g1SOdwDV,True,1779996282000,Alta Intensidade,9d789fd91804129f
medium_intensity,08-05-2026 01:04:30,5,Este nível de atividade é ideal para o seu bem-estar.,UjsHqnhHJ61CRN79ICuX,True,1778202270000,Ritmo Saudável,72ba4e2f87adceb5
high_intensity,15-05-2026 13:39:45,10,Excelente intensidade! Continue assim.,GlBHw867UgxSQSnbQnDN,True,1778852385000,Alta Intensidade,7e8fb26408446272
medium_intensity,12-05-2026 08:42:54,5,Este nível de atividade é ideal para o seu bem-estar.,qvDtbxFuJGXKyRkh9BMP,True,1778575374000,Ritmo Saudável,b572bc65fae8bec1
low_intensity,23-05-2026 09:22:20,2,Um ritmo mais leve será benéfico para o seu bem-estar.,95BeDM1LtPP5C2LQsFQz,True,1779528140000,Ritmo Baixo,e9da39984fb29dc6
high_intensity,03-05-2026 10:32:31,10,Excelente intensidade! Continue assim.,4v8lCwxes71O2PHgVyjS,True,1777804351000,Alta Intensidade,0e52f2934d8ce165
high_intensity,15-05-2026 02:43:41,10,Excelente intensidade! Continue assim.,LkEd06nS8IxchYamtXln,True,1778813021000,Alta Intensidade,3cc68b8049eb8d4c
high_intensity,07-05-2026 08:42:02,10,Excelente intensidade! Continue assim.,xIiKazRhJ088vhXcGsav,True,1778143322000,Alta Intensidade,82a83fc853728306
medium_intensity,18-05-2026 07:46:07,5,Este nível de atividade é ideal para o seu bem-estar.,DwYxXWn0JyCStTbHzKTB,True,1779090367000,Ritmo Saudável,57e17fffc619e182
low_intensity,22-05-2026 17:46:05,2,Um ritmo mais leve será benéfico para o seu bem-estar.,xWirRiYfcpTjWddNk2Xt,True,1779471965000,Ritmo Baixo,d0825fdf3da3660c
high_intensity,25-05-2026 07:15:26,10,Excelente intensidade! Continue assim.,xNNp2MuuTW3eWyBHKrEw,True,1779693326000,Alta Intensidade,3cc68b8049eb8d4c
low_intensity,30-05-2026 15:11:47,2,Um ritmo mais leve será benéfico para o seu bem-estar.,rW9RSokTqfvUplphHnTG,True,1780153907000,Ritmo Baixo,6214b1b462c04096
high_intensity,10-05-2026 01:16:26,10,Excelente intensidade! Continue assim.,yAIiDtU5YI4enlnO8Mgx,True,1778375786000,Alta Intensidade,c7f34dc43387f858
medium_intensity,30-05-2026 15:41:31,5,Este nível de atividade é ideal para o seu bem-estar.,MjPKsIoenLOJIhC7i6Ja,True,1780155691000,Ritmo Saudável,c7f34dc43387f858
medium_intensity,02-05-2026 19:19:39,5,Este nível de atividade é ideal para o seu bem-estar.,Oqb3dVUbg0KBEboEfarV,True,1777749579000,Ritmo Saudável,102edb38b5ec347f
low_intensity,26-05-2026 06:44:07,2,Um ritmo mais leve será benéfico para o seu bem-estar.,vxITUqIOQu39iQx3IPgX,True,1779777847000,Ritmo Baixo,c34c1310eab19c87
high_intensity,17-05-2026 05:43:06,10,Excelente intensidade! Continue assim.,5JhN6sCDWw7XHeilCR3F,True,1778996586000,Alta Intensidade,3bc1bf7fb69f3ba3
medium_intensity,14-05-2026 14:19:06,5,Este nível de atividade é ideal para o seu bem-estar.,EDOXdEEF8DMyW3CGhSAV,True,1778768346000,Ritmo Saudável,e8c9832b5c388bb5
medium_intensity,06-05-2026 20:26:51,5,Este nível de atividade é ideal para o seu bem-estar.,3n09BCXNBejKJHC1hMJx,True,1778099211000,Ritmo Saudável,cbf338d836298cb7
medium_intensity,18-05-2026 06:02:06,5,Este nível de atividade é ideal para o seu bem-estar.,PGIwLBjfa9GhuzEd0jHw,True,1779084126000,Ritmo Saudável,24d6a87b0598b02e
low_intensity,23-05-2026 09:18:04,2,Um ritmo mais leve será benéfico para o seu bem-estar.,f38e7aQHOY4BiOpqMjna,True,1779527884000,Ritmo Baixo,17b4966e9be4d8d8
high_intensity,17-05-2026 17:14:27,10,Excelente intensidade! Continue assim.,ZW7wDYPvLhdVAfHHkmCB,True,1779038067000,Alta Intensidade,2f2bd7547d602b7a
low_intensity,16-05-2026 02:25:21,2,Um ritmo mais leve será benéfico para o seu bem-estar.,qQTubqg19YTWjvu0SbCH,True,1778898321000,Ritmo Baixo,552b8d6c350cb13c
high_intensity,04-05-2026 08:49:55,10,Excelente intensidade! Continue assim.,ptU7eoSrDKfzlg10jRMH,True,1777884595000,Alta Intensidade,bc74204126e384ca
low_intensity,09-05-2026 22:13:24,2,Um ritmo mais leve será benéfico para o seu bem-estar.,PYOHhg4GUtpw8A7o1b4w,True,1778364804000,Ritmo Baixo,42ac1a2bf982f79c
high_intensity,04-05-2026 10:11:01,10,Excelente intensidade! Continue assim.,Q6XwHN2sft2ISTKdlCm6,True,1777889461000,Alta Intensidade,42ac1a2bf982f79c
high_intensity,03-05-2026 20:18:20,10,Excelente intensidade! Continue assim.,ksu3nBjpuQCYgyM6ab2a,True,1777839500000,Alta Intensidade,923d0315f3ae2bb3
medium_intensity,30-05-2026 08:31:12,5,Este nível de atividade é ideal para o seu bem-estar.,nsxRAp2KAL6ceAwTh1YC,True,1780129872000,Ritmo Saudável,cbf338d836298cb7
high_intensity,05-05-2026 05:34:36,10,Excelente intensidade! Continue assim.,hYbbkW5IZdWGdteDMz2e,True,1777959276000,Alta Intensidade,c0014ea2ee2fdaea
high_intensity,30-05-2026 02:00:47,10,Excelente intensidade! Continue assim.,h52LTOv2enzts81iViV1,True,1780106447000,Alta Intensidade,3993ad7e2565b6b0
high_intensity,03-05-2026 19:49:56,10,Excelente intensidade! Continue assim.,fe1RgZZ832ndfPfV05vC,True,1777837796000,Alta Intensidade,8e2e127651e9cbde
high_intensity,04-05-2026 14:00:31,10,Excelente intensidade! Continue assim.,NWsO1fKGrkmxlFzZpFQt,True,1777903231000,Alta Intensidade,0f98939ac68105bb
medium_intensity,23-05-2026 20:55:28,5,Este nível de atividade é ideal para o seu bem-estar.,RsamZcHIPFhxKqGv82m2,True,1779569728000,Ritmo Saudável,923d0315f3ae2bb3
medium_intensity,04-05-2026 05:28:47,5,Este nível de atividade é ideal para o seu bem-estar.,DvJR4syB1LH4WH32BzlL,True,1777872527000,Ritmo Saudável,389da1f3a7c1d8de
low_intensity,05-05-2026 15:03:35,2,Um ritmo mais leve será benéfico para o seu bem-estar.,I2hQ9qvxZF9nmnkp8iBu,True,1777993415000,Ritmo Baixo,6214b1b462c04096
medium_intensity,23-05-2026 05:22:20,5,Este nível de atividade é ideal para o seu bem-estar.,WEC3imecCdmxA3NYboro,True,1779513740000,Ritmo Saudável,330949523d665e3b
high_intensity,19-05-2026 18:48:34,10,Excelente intensidade! Continue assim.,lMt0R2ZiwegWpEdpMA8X,True,1779216514000,Alta Intensidade,cb207a93391638cb
medium_intensity,21-05-2026 12:09:02,5,Este nível de atividade é ideal para o seu bem-estar.,jGGrAo7mD7GfuGl8PKPK,True,1779365342000,Ritmo Saudável,a2fd30e5fa49ad53
medium_intensity,27-05-2026 19:09:35,5,Este nível de atividade é ideal para o seu bem-estar.,APU0tcYr3U82qs9US6e9,True,1779908975000,Ritmo Saudável,72ba4e2f87adceb5
high_intensity,20-05-2026 09:27:11,10,Excelente intensidade! Continue assim.,sFp8Cubt5pvtdCTs5nXT,True,1779269231000,Alta Intensidade,da211edc7bac01a0
medium_intensity,10-05-2026 09:55:37,5,Este nível de atividade é ideal para o seu bem-estar.,bZgKJZ5V9K41pelvPZH5,True,1778406937000,Ritmo Saudável,eb39e98aca20e7d3
high_intensity,30-05-2026 22:34:19,10,Excelente intensidade! Continue assim.,bCxeld4w9eC2uiOunPml,True,1780180459000,Alta Intensidade,c7f34dc43387f858
high_intensity,20-05-2026 07:55:57,10,Excelente intensidade! Continue assim.,OwGlGMOFA9HuejdmQYWd,True,1779263757000,Alta Intensidade,330949523d665e3b
medium_intensity,03-05-2026 05:15:04,5,Este nível de atividade é ideal para o seu bem-estar.,dfDE3AVQyyzWAmRSDgHp,True,1777785304000,Ritmo Saudável,72bd2672c948d2cb
medium_intensity,20-05-2026 14:10:21,5,Este nível de atividade é ideal para o seu bem-estar.,mivDwe9gjtBHwaOa33MG,True,1779286221000,Ritmo Saudável,e8c9832b5c388bb5
low_intensity,14-05-2026 20:22:31,2,Um ritmo mais leve será benéfico para o seu bem-estar.,pO3AdHAnx0WXPEbpJPPa,True,1778790151000,Ritmo Baixo,06bf6a628379e030
low_intensity,21-05-2026 09:16:15,2,Um ritmo mais leve será benéfico para o seu bem-estar.,fVvDlUjQtd5Psn4MyEOg,True,1779354975000,Ritmo Baixo,0e52f2934d8ce165
high_intensity,30-05-2026 23:49:15,10,Excelente intensidade! Continue assim.,mkPv3pqDzJgrI1360Qxq,True,1780184955000,Alta Intensidade,cb4c1290e91970dd
medium_intensity,09-05-2026 04:08:09,5,Este nível de atividade é ideal para o seu bem-estar.,D4th31TtCTbiuPprm0Op,True,1778299689000,Ritmo Saudável,2618243a251bd83f
low_intensity,04-05-2026 22:56:10,2,Um ritmo mais leve será benéfico para o seu bem-estar.,asCksKwLHza2zHFJbSlK,True,1777935370000,Ritmo Baixo,057c44d337463e07
high_intensity,17-05-2026 15:52:10,10,Excelente intensidade! Continue assim.,vZD0ovgvbQ4Olzjk51i8,True,1779033130000,Alta Intensidade,c34c1310eab19c87
medium_intensity,07-05-2026 08:53:40,5,Este nível de atividade é ideal para o seu bem-estar.,dgNYrxu1ti88y3RNViGA,True,1778144020000,Ritmo Saudável,552b8d6c350cb13c
medium_intensity,06-05-2026 02:07:07,5,Este nível de atividade é ideal para o seu bem-estar.,h3lKUfQupYIUW795mqD7,True,1778033227000,Ritmo Saudável,91279a646f8ea6ac
medium_intensity,09-05-2026 09:40:10,5,Este nível de atividade é ideal para o seu bem-estar.,QwJQk9bdaTA0qgYcPmRF,True,1778319610000,Ritmo Saudável,5afe6ceac06784f5
high_intensity,03-05-2026 04:34:38,10,Excelente intensidade! Continue assim.,YYGaoP4vd9ltebdHqaOT,True,1777782878000,Alta Intensidade,b8e78b83a62a0cb7
medium_intensity,05-05-2026 08:09:40,5,Este nível de atividade é ideal para o seu bem-estar.,DE1m1uxPGsQyy8wFxpAS,True,1777968580000,Ritmo Saudável,06961ead71f8b1d8
low_intensity,10-05-2026 13:33:12,2,Um ritmo mais leve será benéfico para o seu bem-estar.,IGeu3DYWnQyDJo4D49eE,True,1778419992000,Ritmo Baixo,234da97fe615c6b7
high_intensity,19-05-2026 09:59:40,10,Excelente intensidade! Continue assim.,UZyMCRVbpgaoSOVAo02Z,True,1779184780000,Alta Intensidade,1d3db575c4a79d75
medium_intensity,29-05-2026 06:59:51,5,Este nível de atividade é ideal para o seu bem-estar.,NfF6ji3DXJhUGi5D6wDH,True,1780037991000,Ritmo Saudável,3bc1bf7fb69f3ba3
high_intensity,03-05-2026 01:58:04,10,Excelente intensidade! Continue assim.,dJhgGHJ2gZkRsJw6RIlM,True,1777773484000,Alta Intensidade,42d576864f9952c7
medium_intensity,07-05-2026 00:17:34,5,Este nível de atividade é ideal para o seu bem-estar.,CVi6A6vCnrbhJnAcKlDT,True,1778113054000,Ritmo Saudável,057c44d337463e07
medium_intensity,08-05-2026 11:39:34,5,Este nível de atividade é ideal para o seu bem-estar.,f7sLx3hJ8mUEvqnW59u6,True,1778240374000,Ritmo Saudável,c34c1310eab19c87
medium_intensity,09-05-2026 06:30:04,5,Este nível de atividade é ideal para o seu bem-estar.,bErSFIq2lHHMlUtrAdzt,True,1778308204000,Ritmo Saudável,d0825fdf3da3660c
low_intensity,21-05-2026 02:03:20,2,Um ritmo mais leve será benéfico para o seu bem-estar.,L60F5pVbHvCWO7mGUUmC,True,1779329000000,Ritmo Baixo,2f2bd7547d602b7a
high_intensity,27-05-2026 02:39:31,10,Excelente intensidade! Continue assim.,qmIVeHT1qRrd4HvBT22R,True,1779849571000,Alta Intensidade,b30b0b43692b035b
medium_intensity,28-05-2026 13:33:31,5,Este nível de atividade é ideal para o seu bem-estar.,QMmCFlbJK4mNXVoIa1i5,True,1779975211000,Ritmo Saudável,c0014ea2ee2fdaea
medium_intensity,18-05-2026 15:29:32,5,Este nível de atividade é ideal para o seu bem-estar.,8nDHcz35rWijDYE631i0,True,1779118172000,Ritmo Saudável,c0014ea2ee2fdaea
high_intensity,21-05-2026 03:05:04,10,Excelente intensidade! Continue assim.,LBKvcQGFBSsLMTXXucWF,True,1779332704000,Alta Intensidade,6f36a3307488809f
low_intensity,29-05-2026 09:36:45,2,Um ritmo mais leve será benéfico para o seu bem-estar.,PUQDF7YjvKieYrVrtbT9,True,1780047405000,Ritmo Baixo,c85cdb0ef48d09c8
high_intensity,16-05-2026 20:10:49,10,Excelente intensidade! Continue assim.,FwFtNaoo4EijqVHpmxIN,True,1778962249000,Alta Intensidade,102edb38b5ec347f
medium_intensity,25-05-2026 02:04:39,5,Este nível de atividade é ideal para o seu bem-estar.,QUvTss2ZMV5cjeXLXaml,True,1779674679000,Ritmo Saudável,c31244cee16e0c77
low_intensity,08-05-2026 13:48:16,2,Um ritmo mais leve será benéfico para o seu bem-estar.,WvxLeij47SO4qfSMWlSx,True,1778248096000,Ritmo Baixo,91279a646f8ea6ac
low_intensity,15-05-2026 18:08:39,2,Um ritmo mais leve será benéfico para o seu bem-estar.,mWRLJYrepuf4qbHdG9Yg,True,1778868519000,Ritmo Baixo,3db4e6efff8b7518
high_intensity,27-05-2026 15:27:51,10,Excelente intensidade! Continue assim.,bzRbW8r8JqnL4o0oPsSW,True,1779895671000,Alta Intensidade,17b4966e9be4d8d8
high_intensity,20-05-2026 22:55:59,10,Excelente intensidade! Continue assim.,0F8SimZGTo1MlZW7CuOR,True,1779317759000,Alta Intensidade,1791998ac3161359
high_intensity,13-05-2026 23:01:17,10,Excelente intensidade! Continue assim.,k21Tfkze1C8Ox4Ppps25,True,1778713277000,Alta Intensidade,72ba4e2f87adceb5
low_intensity,25-05-2026 05:45:20,2,Um ritmo mais leve será benéfico para o seu bem-estar.,AMjwBYn77JOnMkxSwVgD,True,1779687920000,Ritmo Baixo,ce246387dd078174
high_intensity,10-05-2026 14:29:23,10,Excelente intensidade! Continue assim.,LpJP46lB31YTzBGS9uNq,True,1778423363000,Alta Intensidade,fb188f553674b4c4
medium_intensity,20-05-2026 12:55:42,5,Este nível de atividade é ideal para o seu bem-estar.,hZu4pv6fhJwX56RmgNXK,True,1779281742000,Ritmo Saudável,f7af4712fd6b9108
high_intensity,26-05-2026 23:19:24,10,Excelente intensidade! Continue assim.,Tkbcrx7qCO0FvfPstvuL,True,1779837564000,Alta Intensidade,3bd002cf1fcfa789
high_intensity,09-05-2026 01:03:37,10,Excelente intensidade! Continue assim.,3IPcMeZonAmlr5odqYTf,True,1778288617000,Alta Intensidade,9d16533a62ab9315
high_intensity,27-05-2026 18:57:18,10,Excelente intensidade! Continue assim.,vvdUidK9iifyRUZv5lwT,True,1779908238000,Alta Intensidade,9d16533a62ab9315
medium_intensity,23-05-2026 17:35:14,5,Este nível de atividade é ideal para o seu bem-estar.,5Kr9n5ZahyhtTw6xI7zW,True,1779557714000,Ritmo Saudável,fb188f553674b4c4
medium_intensity,18-05-2026 09:24:48,5,Este nível de atividade é ideal para o seu bem-estar.,TmKzoE4ZYHAZRuHbY94s,True,1779096288000,Ritmo Saudável,0e52f2934d8ce165
low_intensity,30-05-2026 06:07:27,2,Um ritmo mais leve será benéfico para o seu bem-estar.,52EER2xthr80DlEOn9I0,True,1780121247000,Ritmo Baixo,da211edc7bac01a0
medium_intensity,03-05-2026 11:59:46,5,Este nível de atividade é ideal para o seu bem-estar.,T3cbW6JerKXzezCJV7JE,True,1777809586000,Ritmo Saudável,8dc02e5c153f83a3
medium_intensity,03-05-2026 18:31:53,5,Este nível de atividade é ideal para o seu bem-estar.,E8kB8BHQa6Of36Aa4MZw,True,1777833113000,Ritmo Saudável,a2fd30e5fa49ad53
medium_intensity,21-05-2026 08:38:02,5,Este nível de atividade é ideal para o seu bem-estar.,ge2KwUcvv4ByXnRJcOgR,True,1779352682000,Ritmo Saudável,e1bd0a847e7079be
high_intensity,20-05-2026 20:28:46,10,Excelente intensidade! Continue assim.,BVbVRNgWHIwqjt9zAe9w,True,1779308926000,Alta Intensidade,517fc5ca69b652a5
high_intensity,26-05-2026 03:52:38,10,Excelente intensidade! Continue assim.,ejcgSF3gcoS2YissXPLM,True,1779767558000,Alta Intensidade,72ba4e2f87adceb5
high_intensity,30-05-2026 12:11:46,10,Excelente intensidade! Continue assim.,qzs8tGHC6H7pnAgvF9Tl,True,1780143106000,Alta Intensidade,91279a646f8ea6ac
low_intensity,08-05-2026 23:36:01,2,Um ritmo mais leve será benéfico para o seu bem-estar.,1TYw9V2fbOnsSnHNvWgQ,True,1778283361000,Ritmo Baixo,131c7dd8f3ab4b35
high_intensity,14-05-2026 00:17:12,10,Excelente intensidade! Continue assim.,7IAS3uATHqexAnGuHjz1,True,1778717832000,Alta Intensidade,ae7ec9246c4649bc
low_intensity,04-05-2026 15:45:36,2,Um ritmo mais leve será benéfico para o seu bem-estar.,sKMrS5Gp6tmZlhOwN524,True,1777909536000,Ritmo Baixo,72bd2672c948d2cb
low_intensity,23-05-2026 11:59:40,2,Um ritmo mais leve será benéfico para o seu bem-estar.,iUADAUYCL2epTeKcxh7s,True,1779537580000,Ritmo Baixo,b572bc65fae8bec1
medium_intensity,30-05-2026 20:14:05,5,Este nível de atividade é ideal para o seu bem-estar.,KLG6henjMWs9fcudFskQ,True,1780172045000,Ritmo Saudável,330949523d665e3b
low_intensity,23-05-2026 06:50:30,2,Um ritmo mais leve será benéfico para o seu bem-estar.,fdzptrXynKS3tLKGIVix,True,1779519030000,Ritmo Baixo,d632e4ce536ec364
medium_intensity,18-05-2026 23:08:28,5,Este nível de atividade é ideal para o seu bem-estar.,4qDB0vWRxd46h4yHlEk6,True,1779145708000,Ritmo Saudável,0e52f2934d8ce165
medium_intensity,19-05-2026 14:27:32,5,Este nível de atividade é ideal para o seu bem-estar.,pBXD2LNTWHgsL0qKP7Bx,True,1779200852000,Ritmo Saudável,da211edc7bac01a0
high_intensity,26-05-2026 03:03:59,10,Excelente intensidade! Continue assim.,cxlETXfv4OZj3DhoKVec,True,1779764639000,Alta Intensidade,82a83fc853728306
high_intensity,07-05-2026 22:28:33,10,Excelente intensidade! Continue assim.,8BeY5EusfXhu08T2Z1Zt,True,1778192913000,Alta Intensidade,d57d393b16ba030e
low_intensity,13-05-2026 14:53:40,2,Um ritmo mais leve será benéfico para o seu bem-estar.,FLz9wUxxO5OKV4SCZOdL,True,1778684020000,Ritmo Baixo,5a7b6516c51a4d4e
low_intensity,06-05-2026 00:10:33,2,Um ritmo mais leve será benéfico para o seu bem-estar.,1qKV41kwUOC7gAl3doLj,True,1778026233000,Ritmo Baixo,057c44d337463e07
low_intensity,12-05-2026 20:26:14,2,Um ritmo mais leve será benéfico para o seu bem-estar.,lPiIywcb7DNGgicShfSv,True,1778617574000,Ritmo Baixo,d4389e820d4f82fa
low_intensity,14-05-2026 22:56:30,2,Um ritmo mais leve será benéfico para o seu bem-estar.,Tp7kQcnZWJhujCl54T8M,True,1778799390000,Ritmo Baixo,1d6285f5502cf1f8
medium_intensity,08-05-2026 22:47:41,5,Este nível de atividade é ideal para o seu bem-estar.,oLB5VNsTJh0vepT1qECc,True,1778280461000,Ritmo Saudável,de2dde23040292bc
low_intensity,02-05-2026 14:14:29,2,Um ritmo mais leve será benéfico para o seu bem-estar.,7Qqiflw7lRJOxPOxdQyO,True,1777731269000,Ritmo Baixo,7182af742e04dc6d
low_intensity,10-05-2026 02:01:54,2,Um ritmo mais leve será benéfico para o seu bem-estar.,yVymUcs5yer92lAls55c,True,1778378514000,Ritmo Baixo,f879804e4456e5d4
high_intensity,19-05-2026 03:51:27,10,Excelente intensidade! Continue assim.,KK1UnODnCGgbhOS2glOm,True,1779162687000,Alta Intensidade,6588d11c4a11acb1
low_intensity,22-05-2026 20:35:42,2,Um ritmo mais leve será benéfico para o seu bem-estar.,J3xxFkfIJAKMPdDWmXW5,True,1779482142000,Ritmo Baixo,1d6285f5502cf1f8
high_intensity,04-05-2026 04:50:55,10,Excelente intensidade! Continue assim.,HgaGcF2pWmYF0Y9a33DE,True,1777870255000,Alta Intensidade,a8c47673d6a4f85c
high_intensity,10-05-2026 00:07:13,10,Excelente intensidade! Continue assim.,r5Q50f1UEwtot8M7ZM0V,True,1778371633000,Alta Intensidade,75778bdb64d1008e
low_intensity,27-05-2026 18:29:06,2,Um ritmo mais leve será benéfico para o seu bem-estar.,C04MTFUMwYOE1nNXLO6l,True,1779906546000,Ritmo Baixo,d5eb4d757b335d0e
medium_intensity,14-05-2026 18:09:09,5,Este nível de atividade é ideal para o seu bem-estar.,f4HITpmcSamNVl41PIgq,True,1778782149000,Ritmo Saudável,131c7dd8f3ab4b35
medium_intensity,03-05-2026 10:36:17,5,Este nível de atividade é ideal para o seu bem-estar.,t9KPSoou1A0jgvAZzFhX,True,1777804577000,Ritmo Saudável,57e17fffc619e182
low_intensity,06-05-2026 09:09:55,2,Um ritmo mais leve será benéfico para o seu bem-estar.,Kill6mx4UxhMLM3ORsre,True,1778058595000,Ritmo Baixo,3b1338c1207d1e2e
low_intensity,12-05-2026 23:56:10,2,Um ritmo mais leve será benéfico para o seu bem-estar.,7nEJC80fe6tzvOWPi3Gr,True,1778630170000,Ritmo Baixo,64a94f9052422a0c
high_intensity,05-05-2026 15:35:47,10,Excelente intensidade! Continue assim.,rz0QUZyryPO96rwl2tj5,True,1777995347000,Alta Intensidade,91279a646f8ea6ac
medium_intensity,01-05-2026 19:01:14,5,Este nível de atividade é ideal para o seu bem-estar.,tcxXnmU8wjYKylD3R1HW,True,1777662074000,Ritmo Saudável,55b620d8c0ab41e0
low_intensity,06-05-2026 10:37:23,2,Um ritmo mais leve será benéfico para o seu bem-estar.,qrCdS2GufIaqS8Ip3iiW,True,1778063843000,Ritmo Baixo,91d55d217a2af234
medium_intensity,29-05-2026 17:52:47,5,Este nível de atividade é ideal para o seu bem-estar.,bv4BGn81P5g5uol43TIg,True,1780077167000,Ritmo Saudável,53c682ded6545e06
low_intensity,24-05-2026 18:17:24,2,Um ritmo mais leve será benéfico para o seu bem-estar.,NIiCktGi6AsV3S7WTwId,True,1779646644000,Ritmo Baixo,430f674c6dfe941a
high_intensity,06-05-2026 10:52:43,10,Excelente intensidade! Continue assim.,qN5HOA91Lv4IVVNw4dCH,True,1778064763000,Alta Intensidade,c51d4eb54f89fec8
low_intensity,06-05-2026 15:56:49,2,Um ritmo mais leve será benéfico para o seu bem-estar.,yb8vzs9tQdU06aW5NiXv,True,1778083009000,Ritmo Baixo,3bc1bf7fb69f3ba3
high_intensity,23-05-2026 07:51:21,10,Excelente intensidade! Continue assim.,r97nsOG3B1fJrImVnMCL,True,1779522681000,Alta Intensidade,6214b1b462c04096
medium_intensity,16-05-2026 09:59:46,5,Este nível de atividade é ideal para o seu bem-estar.,wcAt6HRr0VYvXBDOu0Im,True,1778925586000,Ritmo Saudável,39a54d73a921b9f6
low_intensity,07-05-2026 20:36:24,2,Um ritmo mais leve será benéfico para o seu bem-estar.,GQSEcQlt6r78ELYRaNuM,True,1778186184000,Ritmo Baixo,95744df47936b8c4
medium_intensity,30-05-2026 18:03:24,5,Este nível de atividade é ideal para o seu bem-estar.,GoebmX7spfoB5D4UDpDu,True,1780164204000,Ritmo Saudável,18d281edb3671f44
low_intensity,07-05-2026 20:58:09,2,Um ritmo mais leve será benéfico para o seu bem-estar.,YMMMJlBMXIwKrXAeAifY,True,1778187489000,Ritmo Baixo,1791998ac3161359
low_intensity,08-05-2026 14:05:33,2,Um ritmo mais leve será benéfico para o seu bem-estar.,0DYBdRcYC4gvhf41yvPu,True,1778249133000,Ritmo Baixo,1b38ab967d98cc4e
high_intensity,01-05-2026 15:43:40,10,Excelente intensidade! Continue assim.,r7DF13e8kYBsf8sCn5E2,True,1777650220000,Alta Intensidade,4c885efe7bde3ff4
low_intensity,09-05-2026 13:24:20,2,Um ritmo mais leve será benéfico para o seu bem-estar.,pkKO4o9gErzsTh3Jm4BB,True,1778333060000,Ritmo Baixo,1791998ac3161359
high_intensity,03-05-2026 01:05:29,10,Excelente intensidade! Continue assim.,d2ieFQDd4BK7DRGyabCG,True,1777770329000,Alta Intensidade,7d176c63414fcd05
high_intensity,25-05-2026 06:09:39,10,Excelente intensidade! Continue assim.,bTVhgOWGOmuJUJYmYJsd,True,1779689379000,Alta Intensidade,3993ad7e2565b6b0
low_intensity,01-05-2026 05:43:40,2,Um ritmo mais leve será benéfico para o seu bem-estar.,U2KjhpZ5syFF6FKdKYSo,True,1777614220000,Ritmo Baixo,3bd002cf1fcfa789
low_intensity,07-05-2026 13:35:59,2,Um ritmo mais leve será benéfico para o seu bem-estar.,mJ0EzI4hRkjVNaSsu8f3,True,1778160959000,Ritmo Baixo,552b8d6c350cb13c
medium_intensity,07-05-2026 02:45:28,5,Este nível de atividade é ideal para o seu bem-estar.,R68aKbO40fP67TtUn73T,True,1778121928000,Ritmo Saudável,de2dde23040292bc
medium_intensity,22-05-2026 03:45:54,5,Este nível de atividade é ideal para o seu bem-estar.,I3GLeiDQfPk7M1EGQ3xs,True,1779421554000,Ritmo Saudável,2618243a251bd83f
high_intensity,20-05-2026 07:24:28,10,Excelente intensidade! Continue assim.,rsqPxXx14QodEAnHYENS,True,1779261868000,Alta Intensidade,517fc5ca69b652a5
high_intensity,10-05-2026 05:27:41,10,Excelente intensidade! Continue assim.,IAufd9jwIcOquWedbxia,True,1778390861000,Alta Intensidade,91d55d217a2af234
low_intensity,20-05-2026 14:49:49,2,Um ritmo mais leve será benéfico para o seu bem-estar.,hRUFz3jaqUqjm8k2r6dM,True,1779288589000,Ritmo Baixo,6f36a3307488809f
high_intensity,14-05-2026 08:14:43,10,Excelente intensidade! Continue assim.,77LyqZKMeSicxVrXOBpj,True,1778746483000,Alta Intensidade,234da97fe615c6b7
high_intensity,25-05-2026 01:43:42,10,Excelente intensidade! Continue assim.,QkGwLzmA9pyf8HlFgK6Q,True,1779673422000,Alta Intensidade,b572bc65fae8bec1
medium_intensity,07-05-2026 05:32:40,5,Este nível de atividade é ideal para o seu bem-estar.,8F7EGChz7yjGETToDhHF,True,1778131960000,Ritmo Saudável,b8e78b83a62a0cb7
medium_intensity,13-05-2026 09:45:01,5,Este nível de atividade é ideal para o seu bem-estar.,p7NEesQjuZFzzgEXk3fl,True,1778665501000,Ritmo Saudável,b8e78b83a62a0cb7
high_intensity,28-05-2026 04:38:26,10,Excelente intensidade! Continue assim.,UT9v7VhkJXdRJd2ps53i,True,1779943106000,Alta Intensidade,7f281c8dbac1f799
medium_intensity,04-05-2026 06:18:23,5,Este nível de atividade é ideal para o seu bem-estar.,BjsMAd6usJ4wcTuQKCn6,True,1777875503000,Ritmo Saudável,552b8d6c350cb13c
high_intensity,30-05-2026 10:08:28,10,Excelente intensidade! Continue assim.,Zco1E0pCFVpqXBZ2b521,True,1780135708000,Alta Intensidade,9cbee3c1d7168837
medium_intensity,06-05-2026 20:34:06,5,Este nível de atividade é ideal para o seu bem-estar.,jibiPi7sDEKBbz1kET8D,True,1778099646000,Ritmo Saudável,7f281c8dbac1f799
high_intensity,27-05-2026 01:13:58,10,Excelente intensidade! Continue assim.,KFyx31H54dHhE8fL9bjN,True,1779844438000,Alta Intensidade,06961ead71f8b1d8
low_intensity,19-05-2026 21:57:14,2,Um ritmo mais leve será benéfico para o seu bem-estar.,2S53r50zethvNWig6XWS,True,1779227834000,Ritmo Baixo,a2fd30e5fa49ad53
high_intensity,02-05-2026 11:41:03,10,Excelente intensidade! Continue assim.,koGOIXHD8LsViPigI3v8,True,1777722063000,Alta Intensidade,1b1cc9cee9f27003
low_intensity,04-05-2026 22:52:05,2,Um ritmo mais leve será benéfico para o seu bem-estar.,jh42yoSuB2M6qKlGqlLm,True,1777935125000,Ritmo Baixo,3811390588367f0e
low_intensity,07-05-2026 08:45:13,2,Um ritmo mais leve será benéfico para o seu bem-estar.,ec6Vl9NYZkbIWjBaH2b4,True,1778143513000,Ritmo Baixo,eb39e98aca20e7d3
high_intensity,26-05-2026 06:11:11,10,Excelente intensidade! Continue assim.,WU4d8vEVSb83vja6Sj7L,True,1779775871000,Alta Intensidade,8f8c45c33ff51d0e
low_intensity,27-05-2026 23:40:13,2,Um ritmo mais leve será benéfico para o seu bem-estar.,ttaih8VYjeQEJPpaYieK,True,1779925213000,Ritmo Baixo,da211edc7bac01a0
low_intensity,20-05-2026 11:55:44,2,Um ritmo mais leve será benéfico para o seu bem-estar.,Lgplm0gDKYI9g3dN3Lgy,True,1779278144000,Ritmo Baixo,3db4e6efff8b7518
high_intensity,08-05-2026 14:48:34,10,Excelente intensidade! Continue assim.,I5HngB7IW5yMDQXAWSRn,True,1778251714000,Alta Intensidade,82a83fc853728306
medium_intensity,06-05-2026 10:44:43,5,Este nível de atividade é ideal para o seu bem-estar.,AvKYSoSwYYJ1Aox9xRxS,True,1778064283000,Ritmo Saudável,0e52f2934d8ce165
medium_intensity,14-05-2026 16:28:09,5,Este nível de atividade é ideal para o seu bem-estar.,Y79lwJmAqTt2CjLSqG92,True,1778776089000,Ritmo Saudável,e8c9832b5c388bb5
low_intensity,26-05-2026 17:55:40,2,Um ritmo mais leve será benéfico para o seu bem-estar.,3UrD6N0OxPdJ29wN72Bk,True,1779818140000,Ritmo Baixo,3cc68b8049eb8d4c
medium_intensity,28-05-2026 16:17:43,5,Este nível de atividade é ideal para o seu bem-estar.,vSa8KAMRqRZAYaHJ4uGH,True,1779985063000,Ritmo Saudável,3811390588367f0e
high_intensity,10-05-2026 03:48:32,10,Excelente intensidade! Continue assim.,8e6cUGrqWqdentNmJAfm,True,1778384912000,Alta Intensidade,f879804e4456e5d4
low_intensity,11-05-2026 04:21:33,2,Um ritmo mais leve será benéfico para o seu bem-estar.,RurhJw4CpaGVfetMbpll,True,1778473293000,Ritmo Baixo,64a94f9052422a0c
high_intensity,21-05-2026 14:49:12,10,Excelente intensidade! Continue assim.,UVKzGLPrLcuDJfhEyUlx,True,1779374952000,Alta Intensidade,6214b1b462c04096
high_intensity,26-05-2026 02:16:51,10,Excelente intensidade! Continue assim.,HZWhaVApA8oDxk6ZbXDC,True,1779761811000,Alta Intensidade,42d576864f9952c7
low_intensity,27-05-2026 06:26:21,2,Um ritmo mais leve será benéfico para o seu bem-estar.,GfchIaMO0w1JUayG0gWD,True,1779863181000,Ritmo Baixo,e8c9832b5c388bb5
high_intensity,02-05-2026 01:00:48,10,Excelente intensidade! Continue assim.,atA0bKtdAJM7q9pXoWx4,True,1777683648000,Alta Intensidade,c0014ea2ee2fdaea
low_intensity,02-05-2026 04:30:31,2,Um ritmo mais leve será benéfico para o seu bem-estar.,YmIBhQwqzRtPdVbQxl1i,True,1777696231000,Ritmo Baixo,3b1338c1207d1e2e
high_intensity,20-05-2026 08:44:35,10,Excelente intensidade! Continue assim.,eD3D8FawjBrkPGCOF23e,True,1779266675000,Alta Intensidade,5e1de20fecf98844
high_intensity,13-05-2026 16:50:00,10,Excelente intensidade! Continue assim.,HaEYD7b7ayVG4soA7KeO,True,1778691000000,Alta Intensidade,3c58290022ed11b1
medium_intensity,30-05-2026 05:22:43,5,Este nível de atividade é ideal para o seu bem-estar.,HOl9qu9raDsI5wHi1cGq,True,1780118563000,Ritmo Saudável,102edb38b5ec347f
low_intensity,28-05-2026 20:10:01,2,Um ritmo mais leve será benéfico para o seu bem-estar.,zCxLoah7UkwbUUJKuQvS,True,1779999001000,Ritmo Baixo,c51d4eb54f89fec8
low_intensity,24-05-2026 20:41:28,2,Um ritmo mais leve será benéfico para o seu bem-estar.,FB98DHbbrpFFF65R5XEk,True,1779655288000,Ritmo Baixo,330949523d665e3b
low_intensity,08-05-2026 22:33:58,2,Um ritmo mais leve será benéfico para o seu bem-estar.,ssPsB9kfFYToaDIasA6N,True,1778279638000,Ritmo Baixo,17b4966e9be4d8d8
high_intensity,24-05-2026 21:14:31,10,Excelente intensidade! Continue assim.,Sx9cOO3pN9McnCznPgyp,True,1779657271000,Alta Intensidade,2b95dd3cf28e7c18
low_intensity,30-05-2026 06:39:03,2,Um ritmo mais leve será benéfico para o seu bem-estar.,RaDWMenymBDETUDxer5l,True,1780123143000,Ritmo Baixo,3cc68b8049eb8d4c
high_intensity,10-05-2026 00:01:48,10,Excelente intensidade! Continue assim.,U5zbw2OtVo79WgO8t2Ez,True,1778371308000,Alta Intensidade,0e52f2934d8ce165
medium_intensity,06-05-2026 19:16:06,5,Este nível de atividade é ideal para o seu bem-estar.,ghbCeN6XTTgacRBJFnch,True,1778094966000,Ritmo Saudável,57e17fffc619e182
medium_intensity,26-05-2026 13:16:02,5,Este nível de atividade é ideal para o seu bem-estar.,VSvvWVLxRK0s5wWiw6aJ,True,1779801362000,Ritmo Saudável,2f2bd7547d602b7a
high_intensity,29-05-2026 15:38:42,10,Excelente intensidade! Continue assim.,y6kzvJfpByi7qqaiybSS,True,1780069122000,Alta Intensidade,2a339e8954684016
high_intensity,23-05-2026 06:36:09,10,Excelente intensidade! Continue assim.,2tseIs2EUOmxf6SonorZ,True,1779518169000,Alta Intensidade,34cbefbc28798720
medium_intensity,05-05-2026 08:53:25,5,Este nível de atividade é ideal para o seu bem-estar.,RQ296UzCaVnElSV3tuB8,True,1777971205000,Ritmo Saudável,d4389e820d4f82fa
high_intensity,06-05-2026 02:46:50,10,Excelente intensidade! Continue assim.,TKsMV4mryDc0Rm7vdiJu,True,1778035610000,Alta Intensidade,4c885efe7bde3ff4
low_intensity,30-05-2026 21:19:59,2,Um ritmo mais leve será benéfico para o seu bem-estar.,kJul7taMRisBKcVoR0gV,True,1780175999000,Ritmo Baixo,cb207a93391638cb
high_intensity,25-05-2026 00:08:47,10,Excelente intensidade! Continue assim.,W44lk16X4o93szdHEWBa,True,1779667727000,Alta Intensidade,7d176c63414fcd05
low_intensity,24-05-2026 09:38:53,2,Um ritmo mais leve será benéfico para o seu bem-estar.,nskB4349bL1AVXNKRZAT,True,1779615533000,Ritmo Baixo,3c58290022ed11b1
medium_intensity,27-05-2026 13:30:37,5,Este nível de atividade é ideal para o seu bem-estar.,LPfrKCxw38it6XJ8T2b5,True,1779888637000,Ritmo Saudável,514af2be7dc985d8
low_intensity,19-05-2026 04:21:02,2,Um ritmo mais leve será benéfico para o seu bem-estar.,ZxJ7Ij51ocl1ZKGyu72I,True,1779164462000,Ritmo Baixo,ae7ec9246c4649bc
medium_intensity,28-05-2026 23:20:51,5,Este nível de atividade é ideal para o seu bem-estar.,pZdtnkBMuzJor4GhyMcO,True,1780010451000,Ritmo Saudável,d57d393b16ba030e
high_intensity,10-05-2026 12:33:34,10,Excelente intensidade! Continue assim.,eayphQpeQ8qlsaU40X1P,True,1778416414000,Alta Intensidade,7f281c8dbac1f799
low_intensity,15-05-2026 13:42:01,2,Um ritmo mais leve será benéfico para o seu bem-estar.,Gkd59Vrg3JNepivRfqVZ,True,1778852521000,Ritmo Baixo,cb4c1290e91970dd
high_intensity,17-05-2026 11:28:26,10,Excelente intensidade! Continue assim.,iNDnuzzW1ywhV0Ikghrg,True,1779017306000,Alta Intensidade,ae7ec9246c4649bc
medium_intensity,02-05-2026 00:53:58,5,Este nível de atividade é ideal para o seu bem-estar.,nFaGOHDlxvsVNRHTikL0,True,1777683238000,Ritmo Saudável,c0014ea2ee2fdaea
low_intensity,04-05-2026 07:33:09,2,Um ritmo mais leve será benéfico para o seu bem-estar.,aV4NQMHieamjxfm9vGJL,True,1777879989000,Ritmo Baixo,514af2be7dc985d8
medium_intensity,22-05-2026 04:04:02,5,Este nível de atividade é ideal para o seu bem-estar.,2qrfNzyJsbUONPvzrcgJ,True,1779422642000,Ritmo Saudável,c85cdb0ef48d09c8
medium_intensity,07-05-2026 20:34:55,5,Este nível de atividade é ideal para o seu bem-estar.,9CYIsXE9FOKE9UFYlGjL,True,1778186095000,Ritmo Saudável,574582321d04df00
medium_intensity,19-05-2026 21:10:35,5,Este nível de atividade é ideal para o seu bem-estar.,GNcKVMjTiAIuOLlWZebE,True,1779225035000,Ritmo Saudável,1bd749deaf799034
high_intensity,17-05-2026 05:56:29,10,Excelente intensidade! Continue assim.,XaqMlgzYdz3AC0Cwbg4R,True,1778997389000,Alta Intensidade,93279918e60ec274
medium_intensity,15-05-2026 12:45:20,5,Este nível de atividade é ideal para o seu bem-estar.,KfnxJf75rDRn6Qi4NpgR,True,1778849120000,Ritmo Saudável,2a339e8954684016
low_intensity,05-05-2026 05:17:28,2,Um ritmo mais leve será benéfico para o seu bem-estar.,HVSwZ7TM9gprOQ8tRMLC,True,1777958248000,Ritmo Baixo,42ac1a2bf982f79c
high_intensity,28-05-2026 02:08:02,10,Excelente intensidade! Continue assim.,dDciUNVufPgytPw0FcYy,True,1779934082000,Alta Intensidade,3c58290022ed11b1
high_intensity,21-05-2026 15:12:26,10,Excelente intensidade! Continue assim.,eCA42XKo2YqX3RltYsvx,True,1779376346000,Alta Intensidade,0f98939ac68105bb
medium_intensity,24-05-2026 01:47:38,5,Este nível de atividade é ideal para o seu bem-estar.,gcFM9l4YtdePDu9ESza6,True,1779587258000,Ritmo Saudável,8e2e127651e9cbde
low_intensity,26-05-2026 18:55:03,2,Um ritmo mais leve será benéfico para o seu bem-estar.,4ouaSG2609gYj38XmFpP,True,1779821703000,Ritmo Baixo,bbbe498ee44f6349
medium_intensity,04-05-2026 12:39:03,5,Este nível de atividade é ideal para o seu bem-estar.,1tP47mS5dXPK33crWwib,True,1777898343000,Ritmo Saudável,e1bd0a847e7079be
low_intensity,27-05-2026 15:46:20,2,Um ritmo mais leve será benéfico para o seu bem-estar.,1BVJRV1iNerFlcmJMtvC,True,1779896780000,Ritmo Baixo,517fc5ca69b652a5
low_intensity,30-05-2026 03:20:08,2,Um ritmo mais leve será benéfico para o seu bem-estar.,HJU8zJCa1kCH8tsX9VDu,True,1780111208000,Ritmo Baixo,3db4e6efff8b7518
high_intensity,11-05-2026 22:55:25,10,Excelente intensidade! Continue assim.,r67GLIvdFsNkHXEiEHzR,True,1778540125000,Alta Intensidade,ae7ec9246c4649bc
high_intensity,25-05-2026 23:05:56,10,Excelente intensidade! Continue assim.,6UyX67oWZmnsl5eMFlL9,True,1779750356000,Alta Intensidade,5e1de20fecf98844
high_intensity,19-05-2026 03:10:10,10,Excelente intensidade! Continue assim.,f9l1VlSXvsJ2mP0B9KEO,True,1779160210000,Alta Intensidade,c9ab51cba10ae1e9
low_intensity,20-05-2026 01:25:46,2,Um ritmo mais leve será benéfico para o seu bem-estar.,WvzwCLMstX7C943hRQ6p,True,1779240346000,Ritmo Baixo,2f2bd7547d602b7a
medium_intensity,13-05-2026 15:27:57,5,Este nível de atividade é ideal para o seu bem-estar.,DjejSKp70AmIcVg1l5DG,True,1778686077000,Ritmo Saudável,91d55d217a2af234
low_intensity,01-05-2026 18:15:18,2,Um ritmo mais leve será benéfico para o seu bem-estar.,zqkK0PnCZXgj7faR2LL0,True,1777659318000,Ritmo Baixo,9d789fd91804129f
high_intensity,01-05-2026 17:23:12,10,Excelente intensidade! Continue assim.,iUTKzimyfwYJJl7NkyOd,True,1777656192000,Alta Intensidade,64a94f9052422a0c
high_intensity,07-05-2026 15:41:48,10,Excelente intensidade! Continue assim.,H3608SoH7lkKKKKokSKP,True,1778168508000,Alta Intensidade,5e1de20fecf98844
low_intensity,02-05-2026 10:33:48,2,Um ritmo mais leve será benéfico para o seu bem-estar.,zN1LQknBeK2Pwn0avA0R,True,1777718028000,Ritmo Baixo,18d281edb3671f44
high_intensity,06-05-2026 02:21:51,10,Excelente intensidade! Continue assim.,6GvF1ZIx5bpxVDxeHGJ8,True,1778034111000,Alta Intensidade,3bc1bf7fb69f3ba3
low_intensity,29-05-2026 22:33:52,2,Um ritmo mais leve será benéfico para o seu bem-estar.,BsgJqLRVamN26wPFYuPf,True,1780094032000,Ritmo Baixo,8e7f2987241c2818
high_intensity,06-05-2026 20:09:08,10,Excelente intensidade! Continue assim.,5fG08THB4CWhOIiycj2S,True,1778098148000,Alta Intensidade,1791998ac3161359
medium_intensity,15-05-2026 18:01:01,5,Este nível de atividade é ideal para o seu bem-estar.,elWT5hx7uhwQRZw4MacQ,True,1778868061000,Ritmo Saudável,42ac1a2bf982f79c
high_intensity,13-05-2026 06:26:39,10,Excelente intensidade! Continue assim.,Ajcs1QiYDCaig8p6FnjY,True,1778653599000,Alta Intensidade,2b95dd3cf28e7c18
medium_intensity,16-05-2026 05:35:36,5,Este nível de atividade é ideal para o seu bem-estar.,3N7NXUOQNAx6i9HnNZba,True,1778909736000,Ritmo Saudável,4c885efe7bde3ff4
medium_intensity,28-05-2026 04:52:01,5,Este nível de atividade é ideal para o seu bem-estar.,VKft7uVjrTFZNrPYaJxK,True,1779943921000,Ritmo Saudável,3bd002cf1fcfa789
high_intensity,01-05-2026 10:48:33,10,Excelente intensidade! Continue assim.,ugmdLltj9TReaOMEN9f4,True,1777632513000,Alta Intensidade,5afe6ceac06784f5
high_intensity,18-05-2026 08:23:23,10,Excelente intensidade! Continue assim.,MVnraPbCf3aWQY2hnRhu,True,1779092603000,Alta Intensidade,34cbefbc28798720
medium_intensity,15-05-2026 03:59:30,5,Este nível de atividade é ideal para o seu bem-estar.,7eVUGnyCuyB4BCPgd0l4,True,1778817570000,Ritmo Saudável,b8e78b83a62a0cb7
high_intensity,07-05-2026 19:14:59,10,Excelente intensidade! Continue assim.,tS5EtT2V5DO4wLIvJYUQ,True,1778181299000,Alta Intensidade,4c885efe7bde3ff4
low_intensity,09-05-2026 18:28:40,2,Um ritmo mais leve será benéfico para o seu bem-estar.,DRCkRbpICYHkFOPGw3zp,True,1778351320000,Ritmo Baixo,ae7ec9246c4649bc
medium_intensity,11-05-2026 13:58:40,5,Este nível de atividade é ideal para o seu bem-estar.,xiv8tMMOnvDMNEQzpeEx,True,1778507920000,Ritmo Saudável,923d0315f3ae2bb3
medium_intensity,04-05-2026 18:16:14,5,Este nível de atividade é ideal para o seu bem-estar.,qx2MapvDPHvuZHw9rt0X,True,1777918574000,Ritmo Saudável,82a83fc853728306
medium_intensity,28-05-2026 07:03:48,5,Este nível de atividade é ideal para o seu bem-estar.,Pm9TY7Gwwmqq8DT4Y7by,True,1779951828000,Ritmo Saudável,7f281c8dbac1f799
medium_intensity,20-05-2026 10:08:22,5,Este nível de atividade é ideal para o seu bem-estar.,R7UgxGyYvkrrjD4itupc,True,1779271702000,Ritmo Saudável,c9ab51cba10ae1e9
medium_intensity,14-05-2026 05:06:11,5,Este nível de atividade é ideal para o seu bem-estar.,DLuqXdzshrDp4oqAt2kC,True,1778735171000,Ritmo Saudável,7182af742e04dc6d
high_intensity,23-05-2026 18:56:43,10,Excelente intensidade! Continue assim.,ScLKtKrmKxeVvRTWZXcJ,True,1779562603000,Alta Intensidade,e1bd0a847e7079be
high_intensity,03-05-2026 02:10:22,10,Excelente intensidade! Continue assim.,Qa5muDefgIUiUslEnq4N,True,1777774222000,Alta Intensidade,7d176c63414fcd05
low_intensity,16-05-2026 23:46:05,2,Um ritmo mais leve será benéfico para o seu bem-estar.,gQEg0vVL43MUTty7rlp1,True,1778975165000,Ritmo Baixo,7d176c63414fcd05
high_intensity,24-05-2026 07:32:44,10,Excelente intensidade! Continue assim.,75bnlqS63uXwb1HlKD55,True,1779607964000,Alta Intensidade,2a339e8954684016
high_intensity,28-05-2026 19:27:18,10,Excelente intensidade! Continue assim.,OJC3qp9fkfMjVXDx13Ff,True,1779996438000,Alta Intensidade,63d3511e9e857901
low_intensity,25-05-2026 20:33:52,2,Um ritmo mais leve será benéfico para o seu bem-estar.,TbFCV7XMl2DkURdP0gwX,True,1779741232000,Ritmo Baixo,6214b1b462c04096
high_intensity,14-05-2026 09:21:55,10,Excelente intensidade! Continue assim.,Kqteq9cq8plZf9oEVZPy,True,1778750515000,Alta Intensidade,556be8558ce56421
medium_intensity,28-05-2026 08:03:38,5,Este nível de atividade é ideal para o seu bem-estar.,0CegxNZxpSeQlyp5YYkC,True,1779955418000,Ritmo Saudável,330949523d665e3b
high_intensity,12-05-2026 04:08:37,10,Excelente intensidade! Continue assim.,x146GMfV2ELBCB3kf3yg,True,1778558917000,Alta Intensidade,cb207a93391638cb
low_intensity,26-05-2026 14:37:40,2,Um ritmo mais leve será benéfico para o seu bem-estar.,nrJckoBe5BdUxcl7YTJS,True,1779806260000,Ritmo Baixo,06961ead71f8b1d8
high_intensity,28-05-2026 08:28:05,10,Excelente intensidade! Continue assim.,4pv57gUKthUoiMPkiBke,True,1779956885000,Alta Intensidade,487b076a69a53671
high_intensity,27-05-2026 09:57:35,10,Excelente intensidade! Continue assim.,TQvPcWF2Y9Y8X7aFgmxG,True,1779875855000,Alta Intensidade,7f281c8dbac1f799
medium_intensity,17-05-2026 19:35:14,5,Este nível de atividade é ideal para o seu bem-estar.,N07M8Q9dyEwVGJSDVvsf,True,1779046514000,Ritmo Saudável,19a558ecc36977ce
high_intensity,05-05-2026 00:41:42,10,Excelente intensidade! Continue assim.,rzAOTxbAYhD4dAPM6998,True,1777941702000,Alta Intensidade,57e7d972b508815d
low_intensity,29-05-2026 17:27:31,2,Um ritmo mais leve será benéfico para o seu bem-estar.,xAyF0YKPhuP3NTuBqYo2,True,1780075651000,Ritmo Baixo,bb80f878cef35322
low_intensity,05-05-2026 13:38:27,2,Um ritmo mais leve será benéfico para o seu bem-estar.,UAJCnmrCc3jfZhiKEOWb,True,1777988307000,Ritmo Baixo,57e7d972b508815d
high_intensity,13-05-2026 06:07:14,10,Excelente intensidade! Continue assim.,vcYn4YTMQWJmta2lYpxA,True,1778652434000,Alta Intensidade,2a339e8954684016
low_intensity,19-05-2026 08:16:30,2,Um ritmo mais leve será benéfico para o seu bem-estar.,x4m2tJvQBnmFqI3PGs3G,True,1779178590000,Ritmo Baixo,93279918e60ec274
high_intensity,03-05-2026 17:45:15,10,Excelente intensidade! Continue assim.,LPU0WBuqJbUCd1VsXd32,True,1777830315000,Alta Intensidade,057c44d337463e07
high_intensity,22-05-2026 06:47:08,10,Excelente intensidade! Continue assim.,VzFoDnEV1fNseUmSSV73,True,1779432428000,Alta Intensidade,e8c9832b5c388bb5
low_intensity,08-05-2026 09:17:37,2,Um ritmo mais leve será benéfico para o seu bem-estar.,vZEtoakl1aAGagUbXtKl,True,1778231857000,Ritmo Baixo,153c202e3cfef4ba
medium_intensity,09-05-2026 20:53:53,5,Este nível de atividade é ideal para o seu bem-estar.,f1k4tX3pYyg31AWhHHiM,True,1778360033000,Ritmo Saudável,13db178cd9a1e37a
low_intensity,09-05-2026 03:32:09,2,Um ritmo mais leve será benéfico para o seu bem-estar.,5u5yJQwtwSLSDJN5RkIK,True,1778297529000,Ritmo Baixo,2f2bd7547d602b7a
low_intensity,29-05-2026 00:34:03,2,Um ritmo mais leve será benéfico para o seu bem-estar.,b7pG0lF6A0YiWnHmCe80,True,1780014843000,Ritmo Baixo,93279918e60ec274
low_intensity,01-05-2026 23:32:08,2,Um ritmo mais leve será benéfico para o seu bem-estar.,2p6yQDt9W5iyWgAUJ59I,True,1777678328000,Ritmo Baixo,3cc68b8049eb8d4c
high_intensity,18-05-2026 19:59:03,10,Excelente intensidade! Continue assim.,T5IqTrLPWkBiGWHUNGnS,True,1779134343000,Alta Intensidade,5311a0642c2564ad
medium_intensity,10-05-2026 10:32:48,5,Este nível de atividade é ideal para o seu bem-estar.,dLKAPZ3kiauXjQYxCBzC,True,1778409168000,Ritmo Saudável,75778bdb64d1008e
low_intensity,20-05-2026 09:42:27,2,Um ritmo mais leve será benéfico para o seu bem-estar.,4qpqL6OubOoY6S383ps6,True,1779270147000,Ritmo Baixo,c9ab51cba10ae1e9
low_intensity,05-05-2026 20:59:50,2,Um ritmo mais leve será benéfico para o seu bem-estar.,9RJlHk6WZXzXo4cRu0dP,True,1778014790000,Ritmo Baixo,ec75a53f04901eec
low_intensity,11-05-2026 17:28:25,2,Um ritmo mais leve será benéfico para o seu bem-estar.,xTqwfPW2YW96hilmFGWx,True,1778520505000,Ritmo Baixo,3b1338c1207d1e2e
high_intensity,04-05-2026 00:11:03,10,Excelente intensidade! Continue assim.,OUiBubZCRKjgJMwswVPk,True,1777853463000,Alta Intensidade,c9ab51cba10ae1e9
low_intensity,13-05-2026 12:29:21,2,Um ritmo mais leve será benéfico para o seu bem-estar.,Hg3uPgUo3cm2YO6kDPwr,True,1778675361000,Ritmo Baixo,39a54d73a921b9f6
low_intensity,20-05-2026 21:06:10,2,Um ritmo mais leve será benéfico para o seu bem-estar.,fVOob4Y2XcoF0bm9T6zz,True,1779311170000,Ritmo Baixo,1bd749deaf799034
low_intensity,19-05-2026 08:38:59,2,Um ritmo mais leve será benéfico para o seu bem-estar.,lezDOkjduNbde6cBHrRV,True,1779179939000,Ritmo Baixo,d0825fdf3da3660c
high_intensity,08-05-2026 20:52:49,10,Excelente intensidade! Continue assim.,vZsubdZ53ooZx6OTpz3k,True,1778273569000,Alta Intensidade,bb80f878cef35322
medium_intensity,23-05-2026 06:37:54,5,Este nível de atividade é ideal para o seu bem-estar.,7d9fA4iV5POpmfUKqD6v,True,1779518274000,Ritmo Saudável,3bc1bf7fb69f3ba3
high_intensity,18-05-2026 03:35:28,10,Excelente intensidade! Continue assim.,rYtNwEZgIZq8gwhL2VDI,True,1779075328000,Alta Intensidade,867d47425e9cccc7
medium_intensity,11-05-2026 12:09:54,5,Este nível de atividade é ideal para o seu bem-estar.,AqKJGlII8Elr1QkqRQ4G,True,1778501394000,Ritmo Saudável,53c682ded6545e06
high_intensity,03-05-2026 14:08:37,10,Excelente intensidade! Continue assim.,fmL88SP97QAWrL3xn2XP,True,1777817317000,Alta Intensidade,da211edc7bac01a0
low_intensity,18-05-2026 13:12:28,2,Um ritmo mais leve será benéfico para o seu bem-estar.,ThBOGpwD4LJ2E1KxaHyf,True,1779109948000,Ritmo Baixo,c34c1310eab19c87
medium_intensity,01-05-2026 13:16:10,5,Este nível de atividade é ideal para o seu bem-estar.,ehH5tZ3jYbynYWs6jo8r,True,1777641370000,Ritmo Saudável,ec75a53f04901eec
high_intensity,24-05-2026 14:01:35,10,Excelente intensidade! Continue assim.,ulpWugWXNddgYFD3wG63,True,1779631295000,Alta Intensidade,9d789fd91804129f
low_intensity,29-05-2026 22:21:13,2,Um ritmo mais leve será benéfico para o seu bem-estar.,qJJcqjxhH1uB8sUf1udZ,True,1780093273000,Ritmo Baixo,cbf338d836298cb7
medium_intensity,14-05-2026 20:43:42,5,Este nível de atividade é ideal para o seu bem-estar.,B1ss1tIqhPwf6YYx3tbS,True,1778791422000,Ritmo Saudável,153c202e3cfef4ba
medium_intensity,25-05-2026 08:26:37,5,Este nível de atividade é ideal para o seu bem-estar.,hx0MOm5amVgsPqZmUJWS,True,1779697597000,Ritmo Saudável,487b076a69a53671
medium_intensity,06-05-2026 06:53:28,5,Este nível de atividade é ideal para o seu bem-estar.,N1FKk0SDlUzqYSPEQO3H,True,1778050408000,Ritmo Saudável,6214b1b462c04096
low_intensity,30-05-2026 23:49:56,2,Um ritmo mais leve será benéfico para o seu bem-estar.,Ywql1FzVG2Yw85YQ2RAM,True,1780184996000,Ritmo Baixo,a2fd30e5fa49ad53
low_intensity,05-05-2026 04:01:11,2,Um ritmo mais leve será benéfico para o seu bem-estar.,ZHL9VPUJVlx3d5GC9Pxv,True,1777953671000,Ritmo Baixo,17b4966e9be4d8d8
high_intensity,11-05-2026 09:10:49,10,Excelente intensidade! Continue assim.,0fu2Bg71jYI8MNRLnWjN,True,1778490649000,Alta Intensidade,06bf6a628379e030
high_intensity,22-05-2026 06:57:57,10,Excelente intensidade! Continue assim.,z8id9FjhjsGtwJ9D9cds,True,1779433077000,Alta Intensidade,82a83fc853728306
medium_intensity,02-05-2026 09:43:20,5,Este nível de atividade é ideal para o seu bem-estar.,6XEMVSL1p1UxWfRjwKcO,True,1777715000000,Ritmo Saudável,bb80f878cef35322
high_intensity,27-05-2026 22:30:49,10,Excelente intensidade! Continue assim.,xs4cWZyXt713Vzzp40MD,True,1779921049000,Alta Intensidade,1b1cc9cee9f27003
medium_intensity,21-05-2026 06:27:24,5,Este nível de atividade é ideal para o seu bem-estar.,VKDlcQh39FtgCsAKb9iN,True,1779344844000,Ritmo Saudável,93279918e60ec274
low_intensity,04-05-2026 10:49:05,2,Um ritmo mais leve será benéfico para o seu bem-estar.,wSbPiQQjpPZqbixTccKH,True,1777891745000,Ritmo Baixo,c51d4eb54f89fec8
high_intensity,23-05-2026 21:01:48,10,Excelente intensidade! Continue assim.,xVhw1hQbFVuf3DcdSjyw,True,1779570108000,Alta Intensidade,c6a2d85265d19a41
medium_intensity,22-05-2026 02:29:00,5,Este nível de atividade é ideal para o seu bem-estar.,PEVhXNonbVoehRuMyh6T,True,1779416940000,Ritmo Saudável,5afe6ceac06784f5
low_intensity,30-05-2026 07:09:56,2,Um ritmo mais leve será benéfico para o seu bem-estar.,wfMt059JK4filASulUZi,True,1780124996000,Ritmo Baixo,b572bc65fae8bec1
high_intensity,13-05-2026 19:39:54,10,Excelente intensidade! Continue assim.,F0FNoM8WJiYFanhf7uBI,True,1778701194000,Alta Intensidade,de2dde23040292bc
medium_intensity,28-05-2026 01:20:08,5,Este nível de atividade é ideal para o seu bem-estar.,rfJx7UHDjjbigCvk6vT9,True,1779931208000,Ritmo Saudável,e1bd0a847e7079be
medium_intensity,22-05-2026 14:25:26,5,Este nível de atividade é ideal para o seu bem-estar.,BsAPtMEuJKczaJiBISN9,True,1779459926000,Ritmo Saudável,3811390588367f0e
high_intensity,02-05-2026 06:35:46,10,Excelente intensidade! Continue assim.,dHV5qt1fsvu4mlxI6g9R,True,1777703746000,Alta Intensidade,d632e4ce536ec364
medium_intensity,02-05-2026 20:30:26,5,Este nível de atividade é ideal para o seu bem-estar.,UgzebK6Mmnf6r0EACNNG,True,1777753826000,Ritmo Saudável,5e1de20fecf98844
high_intensity,24-05-2026 15:04:53,10,Excelente intensidade! Continue assim.,oP2O9hC9PhJyO1zQnqUJ,True,1779635093000,Alta Intensidade,3b1338c1207d1e2e
high_intensity,04-05-2026 01:45:32,10,Excelente intensidade! Continue assim.,CVtn1aLxpSl9G5PuMwdR,True,1777859132000,Alta Intensidade,1d6285f5502cf1f8
high_intensity,13-05-2026 12:11:19,10,Excelente intensidade! Continue assim.,uY7IzdrfPtOYv2bjiq7n,True,1778674279000,Alta Intensidade,cbf338d836298cb7
high_intensity,05-05-2026 01:37:59,10,Excelente intensidade! Continue assim.,on2eyDs7BDtVYgramzgy,True,1777945079000,Alta Intensidade,18d281edb3671f44
medium_intensity,09-05-2026 09:04:14,5,Este nível de atividade é ideal para o seu bem-estar.,cFi8c0hKzFLMPRbGEhOW,True,1778317454000,Ritmo Saudável,e1bd0a847e7079be
high_intensity,08-05-2026 22:11:58,10,Excelente intensidade! Continue assim.,huofPgtSqMvo7G5N6kOO,True,1778278318000,Alta Intensidade,18d281edb3671f44
high_intensity,19-05-2026 07:49:46,10,Excelente intensidade! Continue assim.,iCfN2DQpsupmKN0rlCeg,True,1779176986000,Alta Intensidade,574582321d04df00
low_intensity,13-05-2026 03:45:11,2,Um ritmo mais leve será benéfico para o seu bem-estar.,fncowyEHtl8sJqK088fE,True,1778643911000,Ritmo Baixo,e1bd0a847e7079be
high_intensity,10-05-2026 15:32:08,10,Excelente intensidade! Continue assim.,6739xTnf7AY7UoD1d4hb,True,1778427128000,Alta Intensidade,42ac1a2bf982f79c
medium_intensity,10-05-2026 11:32:39,5,Este nível de atividade é ideal para o seu bem-estar.,810hPfaECwjdZLsGJw4U,True,1778412759000,Ritmo Saudável,102edb38b5ec347f
high_intensity,28-05-2026 01:47:08,10,Excelente intensidade! Continue assim.,HEH6fIt1eCkU6S4s1f7T,True,1779932828000,Alta Intensidade,3db4e6efff8b7518
medium_intensity,21-05-2026 15:08:53,5,Este nível de atividade é ideal para o seu bem-estar.,NVl4Aqlu7M2yaPdMHS0w,True,1779376133000,Ritmo Saudável,7f281c8dbac1f799
medium_intensity,30-05-2026 13:02:08,5,Este nível de atividade é ideal para o seu bem-estar.,1CwT0D0LjOmNeT8F3mVw,True,1780146128000,Ritmo Saudável,75778bdb64d1008e
low_intensity,30-05-2026 06:38:39,2,Um ritmo mais leve será benéfico para o seu bem-estar.,H56UQBkR0J0yHCOghsyx,True,1780123119000,Ritmo Baixo,556be8558ce56421
medium_intensity,02-05-2026 23:54:38,5,Este nível de atividade é ideal para o seu bem-estar.,HifNYrhi9mkwDaA2AsHj,True,1777766078000,Ritmo Saudável,ec75a53f04901eec
medium_intensity,01-05-2026 06:59:18,5,Este nível de atividade é ideal para o seu bem-estar.,flZFmoR0JNgAArJiR5qN,True,1777618758000,Ritmo Saudável,487b076a69a53671
high_intensity,25-05-2026 00:43:44,10,Excelente intensidade! Continue assim.,VhckN2mSBJK3NT3ISSb4,True,1779669824000,Alta Intensidade,1b1cc9cee9f27003
high_intensity,02-05-2026 12:48:12,10,Excelente intensidade! Continue assim.,ZAOI97s9JRw9qpvwbG4A,True,1777726092000,Alta Intensidade,487b076a69a53671
high_intensity,03-05-2026 22:48:35,10,Excelente intensidade! Continue assim.,lgArXJYvNTOoVZFFzcCF,True,1777848515000,Alta Intensidade,574582321d04df00
medium_intensity,09-05-2026 00:39:52,5,Este nível de atividade é ideal para o seu bem-estar.,7UnVT2SEstWdzoYxMpZA,True,1778287192000,Ritmo Saudável,de2dde23040292bc
medium_intensity,16-05-2026 17:18:05,5,Este nível de atividade é ideal para o seu bem-estar.,TqQxKXb2UDRo7RoH5aRq,True,1778951885000,Ritmo Saudável,6214b1b462c04096
medium_intensity,21-05-2026 06:02:12,5,Este nível de atividade é ideal para o seu bem-estar.,gfxm1Usmw3PzuBvQ39DE,True,1779343332000,Ritmo Saudável,72bd2672c948d2cb
high_intensity,06-05-2026 19:14:02,10,Excelente intensidade! Continue assim.,2mIjsyW9DVRGdQDOp757,True,1778094842000,Alta Intensidade,5e1de20fecf98844
high_intensity,21-05-2026 18:46:01,10,Excelente intensidade! Continue assim.,h5CqCSq1DQDr6ZPQQbHE,True,1779389161000,Alta Intensidade,bb4bb9fbcfcc16d1
medium_intensity,15-05-2026 23:11:53,5,Este nível de atividade é ideal para o seu bem-estar.,YYCjzlAUi67PcYKwjjLJ,True,1778886713000,Ritmo Saudável,d57d393b16ba030e
high_intensity,12-05-2026 00:54:06,10,Excelente intensidade! Continue assim.,5NxXSgBwCq4DkZTrq4BT,True,1778547246000,Alta Intensidade,bb80f878cef35322
high_intensity,01-05-2026 03:17:01,10,Excelente intensidade! Continue assim.,2MKXhml5bDTYGHvEgS6U,True,1777605421000,Alta Intensidade,2f2bd7547d602b7a
low_intensity,08-05-2026 11:17:37,2,Um ritmo mais leve será benéfico para o seu bem-estar.,EQWShJ33OqUfMDP9sN5C,True,1778239057000,Ritmo Baixo,55b620d8c0ab41e0
low_intensity,17-05-2026 07:47:35,2,Um ritmo mais leve será benéfico para o seu bem-estar.,sE8NUGKRLiuGPcLuxTTH,True,1779004055000,Ritmo Baixo,c85cdb0ef48d09c8
low_intensity,28-05-2026 19:13:58,2,Um ritmo mais leve será benéfico para o seu bem-estar.,d3arMIEfkxrd8NVpLXyu,True,1779995638000,Ritmo Baixo,ae7ec9246c4649bc
low_intensity,05-05-2026 19:36:21,2,Um ritmo mais leve será benéfico para o seu bem-estar.,JVMCGO6Uu0OXyZY6BOMW,True,1778009781000,Ritmo Baixo,3811390588367f0e
high_intensity,19-05-2026 17:59:04,10,Excelente intensidade! Continue assim.,vSeHIZ7DdDOfZQuGESOG,True,1779213544000,Alta Intensidade,34cbefbc28798720
high_intensity,09-05-2026 08:29:32,10,Excelente intensidade! Continue assim.,IK6sYlkFhfV63oQmCDoC,True,1778315372000,Alta Intensidade,91279a646f8ea6ac
low_intensity,02-05-2026 04:43:13,2,Um ritmo mais leve será benéfico para o seu bem-estar.,iAd7MalLXEIN1VxBqisK,True,1777696993000,Ritmo Baixo,6214b1b462c04096
medium_intensity,01-05-2026 22:23:40,5,Este nível de atividade é ideal para o seu bem-estar.,V7mALaoOOCqFGPrCwoDs,True,1777674220000,Ritmo Saudável,1791998ac3161359
high_intensity,06-05-2026 04:13:53,10,Excelente intensidade! Continue assim.,K98sLxNzm3v5siboXfoj,True,1778040833000,Alta Intensidade,95744df47936b8c4
low_intensity,07-05-2026 00:34:45,2,Um ritmo mais leve será benéfico para o seu bem-estar.,vXSLcUsV2VjCiQpdq8G3,True,1778114085000,Ritmo Baixo,9cbee3c1d7168837
high_intensity,10-05-2026 13:43:16,10,Excelente intensidade! Continue assim.,r7TV5TSSbVolyzJaDLyV,True,1778420596000,Alta Intensidade,517fc5ca69b652a5
medium_intensity,07-05-2026 15:17:49,5,Este nível de atividade é ideal para o seu bem-estar.,CYSZnbagBVbKyUZ5BiRD,True,1778167069000,Ritmo Saudável,63d3511e9e857901
high_intensity,10-05-2026 02:46:23,10,Excelente intensidade! Continue assim.,iTY0OhvCabGnm4gMjZQs,True,1778381183000,Alta Intensidade,2f2bd7547d602b7a
low_intensity,09-05-2026 23:35:38,2,Um ritmo mais leve será benéfico para o seu bem-estar.,8pQUUioFJhRRf7QUaVcH,True,1778369738000,Ritmo Baixo,153c202e3cfef4ba
low_intensity,14-05-2026 09:04:21,2,Um ritmo mais leve será benéfico para o seu bem-estar.,5sboubTbOaYIRxXU1JKz,True,1778749461000,Ritmo Baixo,7f281c8dbac1f799
high_intensity,08-05-2026 08:50:19,10,Excelente intensidade! Continue assim.,oIz62J1qTySIerfosjdU,True,1778230219000,Alta Intensidade,5e1de20fecf98844
high_intensity,12-05-2026 16:39:48,10,Excelente intensidade! Continue assim.,uKT0hJR2FIMapRqhRgKO,True,1778603988000,Alta Intensidade,1b1cc9cee9f27003
low_intensity,28-05-2026 07:52:32,2,Um ritmo mais leve será benéfico para o seu bem-estar.,cwvMZYs4sK4PDRMeaIQn,True,1779954752000,Ritmo Baixo,b8e78b83a62a0cb7
medium_intensity,27-05-2026 10:21:59,5,Este nível de atividade é ideal para o seu bem-estar.,BEk3QlRMFhOPecUOZ6Kb,True,1779877319000,Ritmo Saudável,cbf338d836298cb7
low_intensity,05-05-2026 10:29:20,2,Um ritmo mais leve será benéfico para o seu bem-estar.,3si8htKlR4uLqt7NGrFn,True,1777976960000,Ritmo Baixo,2b95dd3cf28e7c18
medium_intensity,05-05-2026 18:37:34,5,Este nível de atividade é ideal para o seu bem-estar.,TAbUMobz9G7GTgWdSbin,True,1778006254000,Ritmo Saudável,517fc5ca69b652a5
low_intensity,13-05-2026 00:29:01,2,Um ritmo mais leve será benéfico para o seu bem-estar.,vTQzwVu6h8VWqkGBMX9F,True,1778632141000,Ritmo Baixo,1b38ab967d98cc4e
medium_intensity,02-05-2026 11:36:21,5,Este nível de atividade é ideal para o seu bem-estar.,BZ1eWm6qklRK3dq01gLw,True,1777721781000,Ritmo Saudável,e7eb35b501d57e1f
high_intensity,29-05-2026 11:33:48,10,Excelente intensidade! Continue assim.,0L4YfzAL4bG4ybm2eY0H,True,1780054428000,Alta Intensidade,ae7ec9246c4649bc
medium_intensity,12-05-2026 12:35:36,5,Este nível de atividade é ideal para o seu bem-estar.,ep4Y9MmUR4zlUdv9HbWP,True,1778589336000,Ritmo Saudável,514af2be7dc985d8
medium_intensity,05-05-2026 02:51:38,5,Este nível de atividade é ideal para o seu bem-estar.,oJXTJo9Crl9Y7B0IVq3R,True,1777949498000,Ritmo Saudável,72bd2672c948d2cb
high_intensity,26-05-2026 13:16:37,10,Excelente intensidade! Continue assim.,0cfLY0do6fiq3TfaO6Ei,True,1779801397000,Alta Intensidade,72ba4e2f87adceb5
medium_intensity,12-05-2026 00:59:20,5,Este nível de atividade é ideal para o seu bem-estar.,wJoX2jp71ODP8vjVzSEo,True,1778547560000,Ritmo Saudável,e9da39984fb29dc6
low_intensity,19-05-2026 04:12:57,2,Um ritmo mais leve será benéfico para o seu bem-estar.,bj9MSd2c3k9dPf1WFmyD,True,1779163977000,Ritmo Baixo,1b1cc9cee9f27003
low_intensity,05-05-2026 17:05:53,2,Um ritmo mais leve será benéfico para o seu bem-estar.,ZslbDO0IMwizYTFzFbid,True,1778000753000,Ritmo Baixo,c7f34dc43387f858
medium_intensity,11-05-2026 10:18:31,5,Este nível de atividade é ideal para o seu bem-estar.,6LXpzbW0dZkgRSmgIEzG,True,1778494711000,Ritmo Saudável,93279918e60ec274
low_intensity,21-05-2026 08:27:55,2,Um ritmo mais leve será benéfico para o seu bem-estar.,0uoPkX3xlid3iJdcKNgC,True,1779352075000,Ritmo Baixo,39a54d73a921b9f6
low_intensity,25-05-2026 17:15:52,2,Um ritmo mais leve será benéfico para o seu bem-estar.,ZI1xvCGGwbQGpLpfvTiV,True,1779729352000,Ritmo Baixo,34cbefbc28798720
medium_intensity,26-05-2026 22:02:54,5,Este nível de atividade é ideal para o seu bem-estar.,hPveu99WNDptVa51OMfQ,True,1779832974000,Ritmo Saudável,18d281edb3671f44
high_intensity,29-05-2026 06:07:23,10,Excelente intensidade! Continue assim.,tbLUP0itMbxT2mhu93Hl,True,1780034843000,Alta Intensidade,430f674c6dfe941a
medium_intensity,26-05-2026 10:08:01,5,Este nível de atividade é ideal para o seu bem-estar.,P1lxOCnuYTvQUL7MANfl,True,1779790081000,Ritmo Saudável,102edb38b5ec347f
low_intensity,20-05-2026 20:59:06,2,Um ritmo mais leve será benéfico para o seu bem-estar.,0GygRBToPRcrZmGS6PcI,True,1779310746000,Ritmo Baixo,06bf6a628379e030
low_intensity,04-05-2026 19:01:22,2,Um ritmo mais leve será benéfico para o seu bem-estar.,cRWgh2Df6HpxGbkksfXG,True,1777921282000,Ritmo Baixo,64a94f9052422a0c
low_intensity,12-05-2026 21:17:33,2,Um ritmo mais leve será benéfico para o seu bem-estar.,vdtu8o20Fnys7msHyIyO,True,1778620653000,Ritmo Baixo,1bd749deaf799034
low_intensity,02-05-2026 13:38:35,2,Um ritmo mais leve será benéfico para o seu bem-estar.,ChovyDBbjh42Q18BphrO,True,1777729115000,Ritmo Baixo,556be8558ce56421
high_intensity,19-05-2026 20:40:58,10,Excelente intensidade! Continue assim.,l9za8ywMa21Q9VR5odDY,True,1779223258000,Alta Intensidade,517fc5ca69b652a5
medium_intensity,27-05-2026 14:30:26,5,Este nível de atividade é ideal para o seu bem-estar.,h8bQesEcTvKacsRjQI8e,True,1779892226000,Ritmo Saudável,3bd002cf1fcfa789
high_intensity,09-05-2026 10:27:35,10,Excelente intensidade! Continue assim.,bZbZqdeQVJSLg4JYmVBU,True,1778322455000,Alta Intensidade,e7eb35b501d57e1f
high_intensity,21-05-2026 10:11:38,10,Excelente intensidade! Continue assim.,zFnVfGfpTCDYg2Xc0qFJ,True,1779358298000,Alta Intensidade,64a94f9052422a0c
medium_intensity,14-05-2026 06:59:31,5,Este nível de atividade é ideal para o seu bem-estar.,OvSJWzdggiO2GuAAuzJG,True,1778741971000,Ritmo Saudável,1bd749deaf799034
low_intensity,24-05-2026 01:25:29,2,Um ritmo mais leve será benéfico para o seu bem-estar.,U95pgitXPq6wk7gSSTh1,True,1779585929000,Ritmo Baixo,bb80f878cef35322
low_intensity,06-05-2026 05:38:38,2,Um ritmo mais leve será benéfico para o seu bem-estar.,bz4ac2ZBlSlbSOZiHMa2,True,1778045918000,Ritmo Baixo,57e17fffc619e182
low_intensity,13-05-2026 17:08:09,2,Um ritmo mais leve será benéfico para o seu bem-estar.,AJB5d5LB1nSvhqPvmJt7,True,1778692089000,Ritmo Baixo,6f36a3307488809f
medium_intensity,03-05-2026 07:03:16,5,Este nível de atividade é ideal para o seu bem-estar.,vKdwuKelBwulofD32JRU,True,1777791796000,Ritmo Saudável,057c44d337463e07
medium_intensity,14-05-2026 07:13:30,5,Este nível de atividade é ideal para o seu bem-estar.,nhmNrPTRBg24iMvByqpN,True,1778742810000,Ritmo Saudável,7182af742e04dc6d
high_intensity,20-05-2026 06:34:48,10,Excelente intensidade! Continue assim.,7RAWtHlVA15CCBiOCAn7,True,1779258888000,Alta Intensidade,3811390588367f0e
low_intensity,08-05-2026 16:53:05,2,Um ritmo mais leve será benéfico para o seu bem-estar.,TrdFcQQn9s1khOkOiI3b,True,1778259185000,Ritmo Baixo,39a54d73a921b9f6
high_intensity,24-05-2026 07:36:44,10,Excelente intensidade! Continue assim.,dbwcHNRNLApqUsWhwDVO,True,1779608204000,Alta Intensidade,cbf338d836298cb7
low_intensity,27-05-2026 08:08:03,2,Um ritmo mais leve será benéfico para o seu bem-estar.,3Kd9gCfFGDoa5Pyupcuf,True,1779869283000,Ritmo Baixo,1bd749deaf799034
medium_intensity,04-05-2026 04:39:42,5,Este nível de atividade é ideal para o seu bem-estar.,a0KPfFkUKsgRdlXVfecl,True,1777869582000,Ritmo Saudável,3b1338c1207d1e2e
high_intensity,21-05-2026 12:20:30,10,Excelente intensidade! Continue assim.,kGWlVrwdz9XrIZDXRo98,True,1779366030000,Alta Intensidade,c0014ea2ee2fdaea
low_intensity,19-05-2026 04:10:05,2,Um ritmo mais leve será benéfico para o seu bem-estar.,kOYzcdp2Khxvp9bE6bQB,True,1779163805000,Ritmo Baixo,de2dde23040292bc
low_intensity,09-05-2026 20:15:09,2,Um ritmo mais leve será benéfico para o seu bem-estar.,AdcuDUGelHz0iYgYtmKi,True,1778357709000,Ritmo Baixo,2b95dd3cf28e7c18
medium_intensity,12-05-2026 12:47:38,5,Este nível de atividade é ideal para o seu bem-estar.,m91cQGQHDjeGgt3K08LM,True,1778590058000,Ritmo Saudável,3bd002cf1fcfa789
medium_intensity,06-05-2026 07:27:33,5,Este nível de atividade é ideal para o seu bem-estar.,I3RSdODQlazWfrM5Zpvi,True,1778052453000,Ritmo Saudável,06961ead71f8b1d8
medium_intensity,03-05-2026 06:54:06,5,Este nível de atividade é ideal para o seu bem-estar.,qZuc2UpEccfu1716qjwk,True,1777791246000,Ritmo Saudável,153c202e3cfef4ba
low_intensity,13-05-2026 10:34:16,2,Um ritmo mais leve será benéfico para o seu bem-estar.,UBqhkSPVrZt7MiObpz10,True,1778668456000,Ritmo Baixo,d4389e820d4f82fa
high_intensity,29-05-2026 07:42:54,10,Excelente intensidade! Continue assim.,ww7DLg4n9ZpBxlsmKr7R,True,1780040574000,Alta Intensidade,64a94f9052422a0c
low_intensity,30-05-2026 18:44:50,2,Um ritmo mais leve será benéfico para o seu bem-estar.,ViAEgGDFqBwGlMtrq1LI,True,1780166690000,Ritmo Baixo,f7c6682ad24d37f8
medium_intensity,06-05-2026 19:50:55,5,Este nível de atividade é ideal para o seu bem-estar.,z811Qw381ACnL49sQqVT,True,1778097055000,Ritmo Saudável,c837debb39dd1e68
high_intensity,19-05-2026 05:20:10,10,Excelente intensidade! Continue assim.,UKn90qcikwOLDkaIYcwE,True,1779168010000,Alta Intensidade,95744df47936b8c4
medium_intensity,24-05-2026 07:22:48,5,Este nível de atividade é ideal para o seu bem-estar.,be4inW6e8f6BRwuT0l67,True,1779607368000,Ritmo Saudável,517fc5ca69b652a5
medium_intensity,05-05-2026 12:37:07,5,Este nível de atividade é ideal para o seu bem-estar.,7q3nRvRDKeu4Ue6hpPZB,True,1777984627000,Ritmo Saudável,fb188f553674b4c4
high_intensity,29-05-2026 12:06:39,10,Excelente intensidade! Continue assim.,7QJ1SpxdGtovHycBgbk7,True,1780056399000,Alta Intensidade,a8c47673d6a4f85c
low_intensity,23-05-2026 16:18:44,2,Um ritmo mais leve será benéfico para o seu bem-estar.,DzwtIAvNf8RwmncXN42c,True,1779553124000,Ritmo Baixo,234da97fe615c6b7
medium_intensity,19-05-2026 05:08:26,5,Este nível de atividade é ideal para o seu bem-estar.,qF5vpgTVRnam9CaHgOaf,True,1779167306000,Ritmo Saudável,9cbee3c1d7168837
high_intensity,11-05-2026 04:11:27,10,Excelente intensidade! Continue assim.,9qcvizyRTRZlJaNZ0ibE,True,1778472687000,Alta Intensidade,e1bd0a847e7079be
medium_intensity,14-05-2026 19:53:32,5,Este nível de atividade é ideal para o seu bem-estar.,fBpiLaWmC5m2BNhIcCsu,True,1778788412000,Ritmo Saudável,f879804e4456e5d4
high_intensity,26-05-2026 03:28:19,10,Excelente intensidade! Continue assim.,gGkYvjydpp9D3dQIX1xo,True,1779766099000,Alta Intensidade,c31244cee16e0c77
medium_intensity,08-05-2026 04:56:54,5,Este nível de atividade é ideal para o seu bem-estar.,ybMaLxFL3JQ2lBxqvwIq,True,1778216214000,Ritmo Saudável,9d16533a62ab9315
medium_intensity,04-05-2026 01:27:59,5,Este nível de atividade é ideal para o seu bem-estar.,0ErAH2ATsSlvPkxwmGoG,True,1777858079000,Ritmo Saudável,e9da39984fb29dc6
high_intensity,09-05-2026 23:43:10,10,Excelente intensidade! Continue assim.,wKbcFpLHtoMKKrVZqbih,True,1778370190000,Alta Intensidade,3811390588367f0e
medium_intensity,09-05-2026 11:31:01,5,Este nível de atividade é ideal para o seu bem-estar.,uvJV2qUNammb2yNeOxcI,True,1778326261000,Ritmo Saudável,63d3511e9e857901
medium_intensity,02-05-2026 00:31:48,5,Este nível de atividade é ideal para o seu bem-estar.,v9AwNdGWq1l8RHqnWApT,True,1777681908000,Ritmo Saudável,487b076a69a53671
high_intensity,14-05-2026 23:31:13,10,Excelente intensidade! Continue assim.,cGqsjm3FRGYI4N8B4I42,True,1778801473000,Alta Intensidade,5311a0642c2564ad
high_intensity,26-05-2026 17:51:08,10,Excelente intensidade! Continue assim.,GJ9icbzk0Idn1roG6IcU,True,1779817868000,Alta Intensidade,42ac1a2bf982f79c
high_intensity,05-05-2026 09:33:30,10,Excelente intensidade! Continue assim.,QDFrVsw1JtxZQ4bFXcm4,True,1777973610000,Alta Intensidade,2a339e8954684016
medium_intensity,26-05-2026 21:56:42,5,Este nível de atividade é ideal para o seu bem-estar.,vSAImwIq4HTMRcKBsls4,True,1779832602000,Ritmo Saudável,867d47425e9cccc7
high_intensity,05-05-2026 10:23:51,10,Excelente intensidade! Continue assim.,sib9ojfRknmXQ6n1J4tt,True,1777976631000,Alta Intensidade,3cc68b8049eb8d4c
medium_intensity,01-05-2026 08:06:40,5,Este nível de atividade é ideal para o seu bem-estar.,szmnDMEK9AJzmHqRSYw3,True,1777622800000,Ritmo Saudável,c51d4eb54f89fec8
medium_intensity,24-05-2026 06:51:06,5,Este nível de atividade é ideal para o seu bem-estar.,NrB9zCcr18FPotcoCCJv,True,1779605466000,Ritmo Saudável,153c202e3cfef4ba
medium_intensity,10-05-2026 05:14:41,5,Este nível de atividade é ideal para o seu bem-estar.,6GM5LFrJUYZBta66aaQ7,True,1778390081000,Ritmo Saudável,3b1338c1207d1e2e
medium_intensity,29-05-2026 00:54:27,5,Este nível de atividade é ideal para o seu bem-estar.,MXzYZd8rGFm8HQvyFzxn,True,1780016067000,Ritmo Saudável,ce246387dd078174
high_intensity,14-05-2026 00:46:45,10,Excelente intensidade! Continue assim.,UCyxChWu4UDLKumf0LjY,True,1778719605000,Alta Intensidade,ec75a53f04901eec
low_intensity,04-05-2026 15:14:28,2,Um ritmo mais leve será benéfico para o seu bem-estar.,snSoEgYLYm88S6B6fBKY,True,1777907668000,Ritmo Baixo,9cbee3c1d7168837
medium_intensity,09-05-2026 08:18:58,5,Este nível de atividade é ideal para o seu bem-estar.,DQiPrTTfOmVl0MrMUGHN,True,1778314738000,Ritmo Saudável,9d16533a62ab9315
medium_intensity,18-05-2026 11:41:11,5,Este nível de atividade é ideal para o seu bem-estar.,VkqBIaYcRTFgycdzaBzj,True,1779104471000,Ritmo Saudável,923d0315f3ae2bb3
high_intensity,28-05-2026 16:12:38,10,Excelente intensidade! Continue assim.,aI2vMucHksEfSH2PdB7M,True,1779984758000,Alta Intensidade,9d16533a62ab9315
low_intensity,15-05-2026 12:23:04,2,Um ritmo mais leve será benéfico para o seu bem-estar.,nCeXv3Y8ZXyizFMhZUpZ,True,1778847784000,Ritmo Baixo,9d16533a62ab9315
low_intensity,01-05-2026 10:48:35,2,Um ritmo mais leve será benéfico para o seu bem-estar.,XDzvAGvyzu1BUUuk4A0k,True,1777632515000,Ritmo Baixo,7182af742e04dc6d
medium_intensity,09-05-2026 17:40:06,5,Este nível de atividade é ideal para o seu bem-estar.,ZZUR92qKZm7FpkvAI49n,True,1778348406000,Ritmo Saudável,c6a2d85265d19a41
medium_intensity,28-05-2026 00:04:31,5,Este nível de atividade é ideal para o seu bem-estar.,nHiTdyOAH9fvHouOOKUd,True,1779926671000,Ritmo Saudável,d632e4ce536ec364
low_intensity,07-05-2026 23:23:49,2,Um ritmo mais leve será benéfico para o seu bem-estar.,GKja7X0mWbJHftwOAUES,True,1778196229000,Ritmo Baixo,d4389e820d4f82fa
high_intensity,16-05-2026 13:03:47,10,Excelente intensidade! Continue assim.,cn9FF0slTp4INTQ2t4tT,True,1778936627000,Alta Intensidade,ec75a53f04901eec
medium_intensity,17-05-2026 04:03:40,5,Este nível de atividade é ideal para o seu bem-estar.,oOhpotcymZrSGqvIdt5P,True,1778990620000,Ritmo Saudável,2f2bd7547d602b7a
high_intensity,20-05-2026 17:30:29,10,Excelente intensidade! Continue assim.,K69Q3k9ZJ3rsruZYMqU4,True,1779298229000,Alta Intensidade,487b076a69a53671
medium_intensity,28-05-2026 16:26:26,5,Este nível de atividade é ideal para o seu bem-estar.,4NTnyKT607HdJ1VBAPB1,True,1779985586000,Ritmo Saudável,153c202e3cfef4ba
low_intensity,17-05-2026 09:43:32,2,Um ritmo mais leve será benéfico para o seu bem-estar.,cpntqEbzb203VFhyF8jV,True,1779011012000,Ritmo Baixo,da211edc7bac01a0
medium_intensity,27-05-2026 06:09:22,5,Este nível de atividade é ideal para o seu bem-estar.,KPgX6oeL9NOZQdZfpZiv,True,1779862162000,Ritmo Saudável,c34c1310eab19c87
high_intensity,15-05-2026 04:01:17,10,Excelente intensidade! Continue assim.,9cHeSAnkFlIsLNfD3aDS,True,1778817677000,Alta Intensidade,91d55d217a2af234
medium_intensity,10-05-2026 11:57:03,5,Este nível de atividade é ideal para o seu bem-estar.,YN38vMBMGqTP06ZNoU0s,True,1778414223000,Ritmo Saudável,ae7ec9246c4649bc
medium_intensity,19-05-2026 18:01:54,5,Este nível de atividade é ideal para o seu bem-estar.,e0uBlOzl07PmyGlDvKju,True,1779213714000,Ritmo Saudável,e7eb35b501d57e1f
medium_intensity,04-05-2026 03:33:08,5,Este nível de atividade é ideal para o seu bem-estar.,2ERDXFsgMz6a1EjuVVTv,True,1777865588000,Ritmo Saudável,72bd2672c948d2cb
medium_intensity,15-05-2026 03:44:59,5,Este nível de atividade é ideal para o seu bem-estar.,fV1osliQkcnPl0JbkyFp,True,1778816699000,Ritmo Saudável,9cbee3c1d7168837
high_intensity,26-05-2026 16:48:56,10,Excelente intensidade! Continue assim.,cQwOnHEsGzIZQEArGgZT,True,1779814136000,Alta Intensidade,ae7ec9246c4649bc
low_intensity,28-05-2026 17:13:42,2,Um ritmo mais leve será benéfico para o seu bem-estar.,sdpdbr1Op0jZpHqWCkwP,True,1779988422000,Ritmo Baixo,72ba4e2f87adceb5
low_intensity,09-05-2026 16:03:01,2,Um ritmo mais leve será benéfico para o seu bem-estar.,1NesVbBGnJ6TiAOG6u84,True,1778342581000,Ritmo Baixo,53c682ded6545e06
high_intensity,16-05-2026 00:32:57,10,Excelente intensidade! Continue assim.,rlgYpVzJm9H7A5VYxYP2,True,1778891577000,Alta Intensidade,bc74204126e384ca
high_intensity,30-05-2026 08:31:31,10,Excelente intensidade! Continue assim.,HMCH2OunErnTcVyAH80x,True,1780129891000,Alta Intensidade,4c885efe7bde3ff4
low_intensity,17-05-2026 03:00:55,2,Um ritmo mais leve será benéfico para o seu bem-estar.,POITClWSXyIy5d0PPcIA,True,1778986855000,Ritmo Baixo,a8c47673d6a4f85c
low_intensity,19-05-2026 05:02:02,2,Um ritmo mais leve será benéfico para o seu bem-estar.,FHN8nxurmdwiHye6lwjx,True,1779166922000,Ritmo Baixo,b572bc65fae8bec1
low_intensity,26-05-2026 16:45:28,2,Um ritmo mais leve será benéfico para o seu bem-estar.,FJADdVGC6G61QLVyvwhj,True,1779813928000,Ritmo Baixo,d4389e820d4f82fa
medium_intensity,25-05-2026 09:20:34,5,Este nível de atividade é ideal para o seu bem-estar.,WlPnfXhIG3L6u00ULGaW,True,1779700834000,Ritmo Saudável,b8e78b83a62a0cb7
high_intensity,26-05-2026 17:18:51,10,Excelente intensidade! Continue assim.,WK4SucSmxXGmIpoyZtJE,True,1779815931000,Alta Intensidade,e9da39984fb29dc6
high_intensity,02-05-2026 14:38:59,10,Excelente intensidade! Continue assim.,BAfrxRtd7qAawOkfBoBI,True,1777732739000,Alta Intensidade,9d789fd91804129f
high_intensity,30-05-2026 07:16:35,10,Excelente intensidade! Continue assim.,iApGS67UKW4AVSoDyKT0,True,1780125395000,Alta Intensidade,18d281edb3671f44
medium_intensity,07-05-2026 00:42:03,5,Este nível de atividade é ideal para o seu bem-estar.,2j62mZixXRbmhESpVKKP,True,1778114523000,Ritmo Saudável,1d3db575c4a79d75
medium_intensity,14-05-2026 15:15:05,5,Este nível de atividade é ideal para o seu bem-estar.,etaCIgGmzIAp2jUk0Lec,True,1778771705000,Ritmo Saudável,5e1de20fecf98844
low_intensity,22-05-2026 07:53:14,2,Um ritmo mais leve será benéfico para o seu bem-estar.,Vc1j3vRrwYtlBV3qhFJv,True,1779436394000,Ritmo Baixo,63d3511e9e857901
low_intensity,01-05-2026 03:00:59,2,Um ritmo mais leve será benéfico para o seu bem-estar.,Y6IdlGaf6JRhxNHCD0yC,True,1777604459000,Ritmo Baixo,389da1f3a7c1d8de
low_intensity,26-05-2026 09:31:43,2,Um ritmo mais leve será benéfico para o seu bem-estar.,JerY27h1w0m1jBFOl181,True,1779787903000,Ritmo Baixo,75778bdb64d1008e
high_intensity,29-05-2026 16:45:09,10,Excelente intensidade! Continue assim.,O8M8iyfCaq2WtXLoVlDE,True,1780073109000,Alta Intensidade,ae7ec9246c4649bc
high_intensity,29-05-2026 07:41:38,10,Excelente intensidade! Continue assim.,jjlpIU2EP0dDym4MIKqT,True,1780040498000,Alta Intensidade,42d576864f9952c7
low_intensity,18-05-2026 11:31:22,2,Um ritmo mais leve será benéfico para o seu bem-estar.,8adIVahOXGp7jYOVnqzz,True,1779103882000,Ritmo Baixo,f879804e4456e5d4
high_intensity,30-05-2026 23:12:57,10,Excelente intensidade! Continue assim.,y7qigrF9W9hLVludOqiy,True,1780182777000,Alta Intensidade,ce246387dd078174
low_intensity,07-05-2026 19:49:24,2,Um ritmo mais leve será benéfico para o seu bem-estar.,roxcQ6rrpuv7yHxSf7nn,True,1778183364000,Ritmo Baixo,2a339e8954684016
medium_intensity,01-05-2026 15:43:21,5,Este nível de atividade é ideal para o seu bem-estar.,LKe4ymxNg8vKNJroP82M,True,1777650201000,Ritmo Saudável,a8c47673d6a4f85c
medium_intensity,19-05-2026 07:50:11,5,Este nível de atividade é ideal para o seu bem-estar.,acgFQdZJkyAxOoK1h0jQ,True,1779177011000,Ritmo Saudável,04964f8452901231
low_intensity,02-05-2026 21:02:38,2,Um ritmo mais leve será benéfico para o seu bem-estar.,3lPX0IZRpeQgyxGCb6Fy,True,1777755758000,Ritmo Baixo,867d47425e9cccc7
high_intensity,25-05-2026 08:36:03,10,Excelente intensidade! Continue assim.,DsQN2fuocL7iPsMMCToZ,True,1779698163000,Alta Intensidade,923d0315f3ae2bb3
high_intensity,05-05-2026 13:57:55,10,Excelente intensidade! Continue assim.,dMBop4ApJzEM0yDtOSwm,True,1777989475000,Alta Intensidade,3db4e6efff8b7518
high_intensity,05-05-2026 18:08:13,10,Excelente intensidade! Continue assim.,ojcV5oUXiSkoxoFljUEN,True,1778004493000,Alta Intensidade,2a339e8954684016
high_intensity,02-05-2026 06:54:50,10,Excelente intensidade! Continue assim.,4ogSc7zcSo7rI3UDcmsb,True,1777704890000,Alta Intensidade,bc74204126e384ca
low_intensity,17-05-2026 16:33:43,2,Um ritmo mais leve será benéfico para o seu bem-estar.,Yp8GLiuG2tJr013lfazY,True,1779035623000,Ritmo Baixo,517fc5ca69b652a5
low_intensity,22-05-2026 08:27:27,2,Um ritmo mais leve será benéfico para o seu bem-estar.,9WhkdNj06PYxbYCNM3Es,True,1779438447000,Ritmo Baixo,487b076a69a53671
medium_intensity,02-05-2026 20:06:47,5,Este nível de atividade é ideal para o seu bem-estar.,RTzIZZCgHtJhCdgSD4Ip,True,1777752407000,Ritmo Saudável,1791998ac3161359
high_intensity,20-05-2026 19:22:57,10,Excelente intensidade! Continue assim.,4IFmYB0pgPE5Q713oZrQ,True,1779304977000,Alta Intensidade,72ba4e2f87adceb5
low_intensity,20-05-2026 05:18:05,2,Um ritmo mais leve será benéfico para o seu bem-estar.,qNbNUaRUNniSsqkMWmyc,True,1779254285000,Ritmo Baixo,6f36a3307488809f
high_intensity,16-05-2026 18:58:12,10,Excelente intensidade! Continue assim.,e97YtmXC21l5Mfe1ObTh,True,1778957892000,Alta Intensidade,2b95dd3cf28e7c18
high_intensity,02-05-2026 17:16:55,10,Excelente intensidade! Continue assim.,zlRZf3BrmG9Bbk1GmCqy,True,1777742215000,Alta Intensidade,06961ead71f8b1d8
low_intensity,28-05-2026 23:29:58,2,Um ritmo mais leve será benéfico para o seu bem-estar.,ZdpDY1j66NZc3yvkMPrD,True,1780010998000,Ritmo Baixo,55b620d8c0ab41e0
medium_intensity,24-05-2026 10:37:07,5,Este nível de atividade é ideal para o seu bem-estar.,HY9Ii3CedDwwoG6SaO3e,True,1779619027000,Ritmo Saudável,556be8558ce56421
low_intensity,25-05-2026 15:22:14,2,Um ritmo mais leve será benéfico para o seu bem-estar.,TAYl64ubdrTMbL6tFdnA,True,1779722534000,Ritmo Baixo,4c885efe7bde3ff4
low_intensity,29-05-2026 05:54:26,2,Um ritmo mais leve será benéfico para o seu bem-estar.,WbOdCMtUZDQ1LU97igHa,True,1780034066000,Ritmo Baixo,3db4e6efff8b7518
high_intensity,28-05-2026 23:17:22,10,Excelente intensidade! Continue assim.,23BZEaWpOPKnSRZiI3iO,True,1780010242000,Alta Intensidade,f7c6682ad24d37f8
medium_intensity,13-05-2026 06:11:44,5,Este nível de atividade é ideal para o seu bem-estar.,xCX2QzGlb9chfKLGC3uE,True,1778652704000,Ritmo Saudável,cb4c1290e91970dd
low_intensity,23-05-2026 09:31:30,2,Um ritmo mais leve será benéfico para o seu bem-estar.,0daAXh7UMmU8GHFNUvzk,True,1779528690000,Ritmo Baixo,13db178cd9a1e37a
medium_intensity,11-05-2026 09:41:26,5,Este nível de atividade é ideal para o seu bem-estar.,A4rVSHLs7Fn0XMLdiaAA,True,1778492486000,Ritmo Saudável,3b1338c1207d1e2e
medium_intensity,04-05-2026 09:39:01,5,Este nível de atividade é ideal para o seu bem-estar.,3JcADd1D4dzCvs8m4IvW,True,1777887541000,Ritmo Saudável,04964f8452901231
low_intensity,10-05-2026 16:45:21,2,Um ritmo mais leve será benéfico para o seu bem-estar.,h6GM7TXJEzntdtd2fcH9,True,1778431521000,Ritmo Baixo,3b1338c1207d1e2e
medium_intensity,15-05-2026 05:01:14,5,Este nível de atividade é ideal para o seu bem-estar.,Yf41S1pxb3RJiVd0CmDV,True,1778821274000,Ritmo Saudável,06961ead71f8b1d8
low_intensity,09-05-2026 09:17:48,2,Um ritmo mais leve será benéfico para o seu bem-estar.,nosJW1axpallOe9strxH,True,1778318268000,Ritmo Baixo,1bd749deaf799034
low_intensity,15-05-2026 18:53:38,2,Um ritmo mais leve será benéfico para o seu bem-estar.,kahJi31eMAc39X6fuuEc,True,1778871218000,Ritmo Baixo,2b95dd3cf28e7c18
low_intensity,23-05-2026 06:35:57,2,Um ritmo mais leve será benéfico para o seu bem-estar.,rWUMdT7OMLjowbtKU50y,True,1779518157000,Ritmo Baixo,0e52f2934d8ce165
high_intensity,06-05-2026 13:03:00,10,Excelente intensidade! Continue assim.,OVYGMloHcL6QEh827AOa,True,1778072580000,Alta Intensidade,c31244cee16e0c77
medium_intensity,20-05-2026 20:45:31,5,Este nível de atividade é ideal para o seu bem-estar.,WmaH02o3S3X6NVRhSSE3,True,1779309931000,Ritmo Saudável,d57d393b16ba030e
high_intensity,07-05-2026 08:44:29,10,Excelente intensidade! Continue assim.,Hz3pqb4CM8RxGxY5mF7j,True,1778143469000,Alta Intensidade,04964f8452901231
low_intensity,07-05-2026 22:45:45,2,Um ritmo mais leve será benéfico para o seu bem-estar.,5gWHUPhOm5tBQDAD4wUW,True,1778193945000,Ritmo Baixo,514af2be7dc985d8
high_intensity,06-05-2026 07:46:48,10,Excelente intensidade! Continue assim.,RZWmlDaSudEGMUY8WQAG,True,1778053608000,Alta Intensidade,3bd002cf1fcfa789
high_intensity,01-05-2026 21:40:01,10,Excelente intensidade! Continue assim.,VCkC2eARHJsIUNed5lp2,True,1777671601000,Alta Intensidade,b8e78b83a62a0cb7
low_intensity,28-05-2026 10:55:07,2,Um ritmo mais leve será benéfico para o seu bem-estar.,1hXrRF8AuuX3G8B8CjPW,True,1779965707000,Ritmo Baixo,e7eb35b501d57e1f
low_intensity,08-05-2026 18:14:38,2,Um ritmo mais leve será benéfico para o seu bem-estar.,cCtzzpc9vfXFtOVfWbE2,True,1778264078000,Ritmo Baixo,3cc68b8049eb8d4c
high_intensity,26-05-2026 05:02:12,10,Excelente intensidade! Continue assim.,RU1li7KGrpjieoh7Uozt,True,1779771732000,Alta Intensidade,de2dde23040292bc
low_intensity,29-05-2026 05:20:51,2,Um ritmo mais leve será benéfico para o seu bem-estar.,WVRasrUgAMRB4Npqezxc,True,1780032051000,Ritmo Baixo,5a7b6516c51a4d4e
high_intensity,03-05-2026 18:38:28,10,Excelente intensidade! Continue assim.,gRL6suG3Xy4W0nlF4Rpd,True,1777833508000,Alta Intensidade,ec75a53f04901eec
medium_intensity,15-05-2026 09:51:11,5,Este nível de atividade é ideal para o seu bem-estar.,XRMexpeg0DDHBWLeuFur,True,1778838671000,Ritmo Saudável,cb207a93391638cb
high_intensity,16-05-2026 20:02:59,10,Excelente intensidade! Continue assim.,Ul90aTRFrPhNmUerfSk7,True,1778961779000,Alta Intensidade,64a94f9052422a0c
medium_intensity,18-05-2026 18:58:41,5,Este nível de atividade é ideal para o seu bem-estar.,lzMnAx1EdiyzNnAULzQK,True,1779130721000,Ritmo Saudável,75778bdb64d1008e
medium_intensity,29-05-2026 23:06:40,5,Este nível de atividade é ideal para o seu bem-estar.,5nhrC9oCa0UetY80ygVk,True,1780096000000,Ritmo Saudável,de2dde23040292bc
medium_intensity,21-05-2026 17:40:00,5,Este nível de atividade é ideal para o seu bem-estar.,xSKpxhfR91bMFOm9ISVP,True,1779385200000,Ritmo Saudável,57e7d972b508815d
medium_intensity,18-05-2026 19:08:06,5,Este nível de atividade é ideal para o seu bem-estar.,Notji82nG9fnMDwpkqPZ,True,1779131286000,Ritmo Saudável,b572bc65fae8bec1
low_intensity,09-05-2026 01:39:36,2,Um ritmo mais leve será benéfico para o seu bem-estar.,DqzstP8l07onsIYWOpEc,True,1778290776000,Ritmo Baixo,2618243a251bd83f
high_intensity,13-05-2026 19:55:45,10,Excelente intensidade! Continue assim.,DNAok4qSWVhL5qiUTpAQ,True,1778702145000,Alta Intensidade,72ba4e2f87adceb5
medium_intensity,20-05-2026 19:33:58,5,Este nível de atividade é ideal para o seu bem-estar.,OESHn6rUiqGKZrQtLZhD,True,1779305638000,Ritmo Saudável,42d576864f9952c7
medium_intensity,03-05-2026 16:28:49,5,Este nível de atividade é ideal para o seu bem-estar.,cPRgRxDRrNyXPgBxT3M9,True,1777825729000,Ritmo Saudável,8dc02e5c153f83a3
low_intensity,25-05-2026 09:55:18,2,Um ritmo mais leve será benéfico para o seu bem-estar.,ZJ5QQtGNHOkHHOjN0qZ3,True,1779702918000,Ritmo Baixo,552b8d6c350cb13c
low_intensity,07-05-2026 14:23:09,2,Um ritmo mais leve será benéfico para o seu bem-estar.,Wf4WTfW7DXH7Hy3JiKqH,True,1778163789000,Ritmo Baixo,bc74204126e384ca
medium_intensity,19-05-2026 06:26:25,5,Este nível de atividade é ideal para o seu bem-estar.,4ARiZGK2ccqloLY4nSQD,True,1779171985000,Ritmo Saudável,53c682ded6545e06
medium_intensity,03-05-2026 15:28:16,5,Este nível de atividade é ideal para o seu bem-estar.,4YRL83VNs8QiUQiglZpW,True,1777822096000,Ritmo Saudável,6214b1b462c04096
medium_intensity,13-05-2026 04:09:27,5,Este nível de atividade é ideal para o seu bem-estar.,xgbd6ZHCQeQfAxA3PWXP,True,1778645367000,Ritmo Saudável,53c682ded6545e06
low_intensity,19-05-2026 22:26:11,2,Um ritmo mais leve será benéfico para o seu bem-estar.,O2rtCwfPUFAVnuIEyafx,True,1779229571000,Ritmo Baixo,2b95dd3cf28e7c18
low_intensity,27-05-2026 18:06:26,2,Um ritmo mais leve será benéfico para o seu bem-estar.,uwl1ure0wCYBxh0ed8we,True,1779905186000,Ritmo Baixo,7d176c63414fcd05
high_intensity,16-05-2026 06:46:14,10,Excelente intensidade! Continue assim.,XOHViAYgBoWlNsFwAxzv,True,1778913974000,Alta Intensidade,91279a646f8ea6ac
medium_intensity,12-05-2026 07:57:24,5,Este nível de atividade é ideal para o seu bem-estar.,yzR2H8ZDzldHb3M7u5c5,True,1778572644000,Ritmo Saudável,234da97fe615c6b7
low_intensity,13-05-2026 14:09:06,2,Um ritmo mais leve será benéfico para o seu bem-estar.,BkyA92fc3Jiw7Ofe3rIW,True,1778681346000,Ritmo Baixo,6588d11c4a11acb1
high_intensity,23-05-2026 13:47:21,10,Excelente intensidade! Continue assim.,4TCffmPQFWSbHwmKsTdA,True,1779544041000,Alta Intensidade,5311a0642c2564ad
medium_intensity,03-05-2026 17:55:25,5,Este nível de atividade é ideal para o seu bem-estar.,DEMMbzUGcAaUduCS065x,True,1777830925000,Ritmo Saudável,de2dde23040292bc
medium_intensity,11-05-2026 21:13:08,5,Este nível de atividade é ideal para o seu bem-estar.,sD3odW26uYs7yptRaalZ,True,1778533988000,Ritmo Saudável,bc74204126e384ca
medium_intensity,27-05-2026 21:16:37,5,Este nível de atividade é ideal para o seu bem-estar.,qRop3bjAtcAxvTMydd77,True,1779916597000,Ritmo Saudável,39a54d73a921b9f6
high_intensity,16-05-2026 12:20:04,10,Excelente intensidade! Continue assim.,yCVAcEhjfJoKJPvgPsSW,True,1778934004000,Alta Intensidade,430f674c6dfe941a
low_intensity,26-05-2026 09:47:24,2,Um ritmo mais leve será benéfico para o seu bem-estar.,w2ODFfrXbJ8o8El0R4Rb,True,1779788844000,Ritmo Baixo,bb4bb9fbcfcc16d1
medium_intensity,05-05-2026 00:42:48,5,Este nível de atividade é ideal para o seu bem-estar.,qZ2modcHgVUfGwakVdA1,True,1777941768000,Ritmo Saudável,487b076a69a53671
medium_intensity,20-05-2026 20:16:16,5,Este nível de atividade é ideal para o seu bem-estar.,VSDh1QgvyYhCqDpuDOGa,True,1779308176000,Ritmo Saudável,5a7b6516c51a4d4e
low_intensity,20-05-2026 06:52:15,2,Um ritmo mais leve será benéfico para o seu bem-estar.,B5xCGs2AWuZO9nrVVz5a,True,1779259935000,Ritmo Baixo,d0825fdf3da3660c
medium_intensity,04-05-2026 06:32:34,5,Este nível de atividade é ideal para o seu bem-estar.,mMZF0l8XYPQQllXqvmYT,True,1777876354000,Ritmo Saudável,d5eb4d757b335d0e
low_intensity,18-05-2026 05:48:30,2,Um ritmo mais leve será benéfico para o seu bem-estar.,9pwGT71fVJA8fVvT2NOF,True,1779083310000,Ritmo Baixo,1d3db575c4a79d75
medium_intensity,17-05-2026 19:30:56,5,Este nível de atividade é ideal para o seu bem-estar.,gQINDUa31MvgJB9f9qmV,True,1779046256000,Ritmo Saudável,867d47425e9cccc7
low_intensity,24-05-2026 20:48:04,2,Um ritmo mais leve será benéfico para o seu bem-estar.,hNu2ecpsxwTpGnsEQksJ,True,1779655684000,Ritmo Baixo,1791998ac3161359
low_intensity,11-05-2026 10:41:48,2,Um ritmo mais leve será benéfico para o seu bem-estar.,4kUMMAnTrTo9W9fin7ff,True,1778496108000,Ritmo Baixo,e7eb35b501d57e1f
high_intensity,30-05-2026 05:44:10,10,Excelente intensidade! Continue assim.,ZXD4ru4OXDolQw2Rls0f,True,1780119850000,Alta Intensidade,556be8558ce56421
medium_intensity,09-05-2026 07:19:54,5,Este nível de atividade é ideal para o seu bem-estar.,pjreRCxHReJK9CGHwyb3,True,1778311194000,Ritmo Saudável,d0825fdf3da3660c
low_intensity,13-05-2026 13:43:20,2,Um ritmo mais leve será benéfico para o seu bem-estar.,h3auJ3y7EKOdbiop38WL,True,1778679800000,Ritmo Baixo,102edb38b5ec347f
low_intensity,11-05-2026 11:08:11,2,Um ritmo mais leve será benéfico para o seu bem-estar.,EkjPtZvdfBgeDU1Vh3K5,True,1778497691000,Ritmo Baixo,a2fd30e5fa49ad53
medium_intensity,01-05-2026 02:08:24,5,Este nível de atividade é ideal para o seu bem-estar.,z28qC4iDkLU12r2fc30q,True,1777601304000,Ritmo Saudável,102edb38b5ec347f
medium_intensity,07-05-2026 19:42:50,5,Este nível de atividade é ideal para o seu bem-estar.,mx7sBHIvDG4Ra0oYnDYl,True,1778182970000,Ritmo Saudável,3993ad7e2565b6b0
high_intensity,30-05-2026 12:52:01,10,Excelente intensidade! Continue assim.,0hj2oUvkb6uZmqzyIpaT,True,1780145521000,Alta Intensidade,6f36a3307488809f
high_intensity,26-05-2026 00:50:29,10,Excelente intensidade! Continue assim.,6IQl4ynMBwghGoFpsOUM,True,1779756629000,Alta Intensidade,2f2bd7547d602b7a
high_intensity,02-05-2026 12:48:16,10,Excelente intensidade! Continue assim.,pdKhERribVpx8e9GdbTm,True,1777726096000,Alta Intensidade,72bd2672c948d2cb
low_intensity,13-05-2026 18:08:34,2,Um ritmo mais leve será benéfico para o seu bem-estar.,BCloop5emodWjDMIJ1N7,True,1778695714000,Ritmo Baixo,cb207a93391638cb
low_intensity,17-05-2026 02:43:55,2,Um ritmo mais leve será benéfico para o seu bem-estar.,JzpdjmtqHPwWDbSaCmdP,True,1778985835000,Ritmo Baixo,42d576864f9952c7
low_intensity,30-05-2026 07:08:04,2,Um ritmo mais leve será benéfico para o seu bem-estar.,e8T9Nxd78fPJgFimWCYx,True,1780124884000,Ritmo Baixo,1d3db575c4a79d75
medium_intensity,10-05-2026 02:06:53,5,Este nível de atividade é ideal para o seu bem-estar.,MsJZBKtw0hbo4CHojeQg,True,1778378813000,Ritmo Saudável,ec75a53f04901eec
low_intensity,05-05-2026 10:50:40,2,Um ritmo mais leve será benéfico para o seu bem-estar.,peY7kBecLBXfDNDVobO0,True,1777978240000,Ritmo Baixo,75778bdb64d1008e
high_intensity,16-05-2026 18:08:35,10,Excelente intensidade! Continue assim.,LTQv0nrpmNYzNpNhBEcF,True,1778954915000,Alta Intensidade,3993ad7e2565b6b0
low_intensity,04-05-2026 22:19:42,2,Um ritmo mais leve será benéfico para o seu bem-estar.,3JvSFaQBKFJEupII7S08,True,1777933182000,Ritmo Baixo,bbbe498ee44f6349
medium_intensity,23-05-2026 02:15:38,5,Este nível de atividade é ideal para o seu bem-estar.,YN0yAMz8fyNnUGCl9pZc,True,1779502538000,Ritmo Saudável,55b620d8c0ab41e0
high_intensity,04-05-2026 13:14:43,10,Excelente intensidade! Continue assim.,GUIIsoK0S7V5gkWD2POX,True,1777900483000,Alta Intensidade,64a94f9052422a0c
high_intensity,03-05-2026 14:57:42,10,Excelente intensidade! Continue assim.,kB1ZNaMCrfXwaFkQz9Oq,True,1777820262000,Alta Intensidade,d0825fdf3da3660c
medium_intensity,09-05-2026 10:02:08,5,Este nível de atividade é ideal para o seu bem-estar.,DfyBu3BueORGso1R4e9X,True,1778320928000,Ritmo Saudável,234da97fe615c6b7
low_intensity,15-05-2026 00:52:24,2,Um ritmo mais leve será benéfico para o seu bem-estar.,UovlRCQR4NPr0k3Jknd6,True,1778806344000,Ritmo Baixo,daf96d2280390dec
high_intensity,26-05-2026 01:15:43,10,Excelente intensidade! Continue assim.,9vZwqkN7Q9SjLSez1peA,True,1779758143000,Alta Intensidade,1d6285f5502cf1f8
high_intensity,29-05-2026 22:48:15,10,Excelente intensidade! Continue assim.,eY22fmcgi4lAVis9a4JA,True,1780094895000,Alta Intensidade,f7c6682ad24d37f8
low_intensity,22-05-2026 01:26:57,2,Um ritmo mais leve será benéfico para o seu bem-estar.,ZDUJlE7DeSgrUy3iKOIg,True,1779413217000,Ritmo Baixo,72ba4e2f87adceb5
high_intensity,26-05-2026 14:40:56,10,Excelente intensidade! Continue assim.,0Pi6frhjiI8Sl64Su2Av,True,1779806456000,Alta Intensidade,1d6285f5502cf1f8
medium_intensity,19-05-2026 07:16:34,5,Este nível de atividade é ideal para o seu bem-estar.,fbJRcI1Xu0gLNgqGAqA9,True,1779174994000,Ritmo Saudável,c51d4eb54f89fec8
low_intensity,18-05-2026 22:32:19,2,Um ritmo mais leve será benéfico para o seu bem-estar.,aiUxNvU9oEPrbIZNQrrw,True,1779143539000,Ritmo Baixo,91d55d217a2af234
medium_intensity,23-05-2026 11:14:13,5,Este nível de atividade é ideal para o seu bem-estar.,rfhhrfW7NDaQUbSC5ACN,True,1779534853000,Ritmo Saudável,e7eb35b501d57e1f
high_intensity,27-05-2026 06:02:38,10,Excelente intensidade! Continue assim.,sZAtPW98PBv8td5gDOBr,True,1779861758000,Alta Intensidade,514af2be7dc985d8
high_intensity,25-05-2026 09:05:31,10,Excelente intensidade! Continue assim.,JaXLM3pAUHOto1whv6V7,True,1779699931000,Alta Intensidade,3db4e6efff8b7518
medium_intensity,24-05-2026 10:20:05,5,Este nível de atividade é ideal para o seu bem-estar.,4qhyVh1h2osN2Yvo3XkQ,True,1779618005000,Ritmo Saudável,057c44d337463e07
low_intensity,26-05-2026 07:43:04,2,Um ritmo mais leve será benéfico para o seu bem-estar.,8BdgQANwCJ4VzaM8pbQJ,True,1779781384000,Ritmo Baixo,63d3511e9e857901
medium_intensity,28-05-2026 20:00:27,5,Este nível de atividade é ideal para o seu bem-estar.,wnzLL1WgBfWKGunYLBUb,True,1779998427000,Ritmo Saudável,1d3db575c4a79d75
high_intensity,17-05-2026 04:30:18,10,Excelente intensidade! Continue assim.,SrpnucimnF75nCn8LuX3,True,1778992218000,Alta Intensidade,574582321d04df00
low_intensity,21-05-2026 09:29:53,2,Um ritmo mais leve será benéfico para o seu bem-estar.,iJ2Hy68E76b0iRc0scr8,True,1779355793000,Ritmo Baixo,131c7dd8f3ab4b35
high_intensity,27-05-2026 05:11:30,10,Excelente intensidade! Continue assim.,tHPAlq7oz5qMaDAl4MZi,True,1779858690000,Alta Intensidade,8f8c45c33ff51d0e
medium_intensity,29-05-2026 16:13:41,5,Este nível de atividade é ideal para o seu bem-estar.,bVMkwOm7w7sYtOUaD08q,True,1780071221000,Ritmo Saudável,7e8fb26408446272
high_intensity,17-05-2026 08:20:31,10,Excelente intensidade! Continue assim.,qaQokEA8rGsQybb7ybM5,True,1779006031000,Alta Intensidade,102edb38b5ec347f
low_intensity,07-05-2026 18:37:54,2,Um ritmo mais leve será benéfico para o seu bem-estar.,rcutf3ED8TzKuWC6if48,True,1778179074000,Ritmo Baixo,5afe6ceac06784f5
low_intensity,01-05-2026 22:08:35,2,Um ritmo mais leve será benéfico para o seu bem-estar.,T6Ap65LICOL1uHLesgwA,True,1777673315000,Ritmo Baixo,3bd002cf1fcfa789
low_intensity,13-05-2026 18:37:36,2,Um ritmo mais leve será benéfico para o seu bem-estar.,RdER6RnTe1e62WYaUOT3,True,1778697456000,Ritmo Baixo,bc74204126e384ca
low_intensity,04-05-2026 16:11:58,2,Um ritmo mais leve será benéfico para o seu bem-estar.,ym2F3UNrdvlPCLCeaQlX,True,1777911118000,Ritmo Baixo,5e1de20fecf98844
low_intensity,17-05-2026 16:32:21,2,Um ritmo mais leve será benéfico para o seu bem-estar.,S5kgM52jgAPiteUEUSQf,True,1779035541000,Ritmo Baixo,95744df47936b8c4
high_intensity,14-05-2026 00:23:39,10,Excelente intensidade! Continue assim.,dtHG5qSIg8pYX3isJZRa,True,1778718219000,Alta Intensidade,d57d393b16ba030e
medium_intensity,24-05-2026 01:20:44,5,Este nível de atividade é ideal para o seu bem-estar.,nHBHIlWkQqG3QF85pmCW,True,1779585644000,Ritmo Saudável,6214b1b462c04096
high_intensity,01-05-2026 12:33:50,10,Excelente intensidade! Continue assim.,NlFmPoUw1NiLLtd8XVEG,True,1777638830000,Alta Intensidade,c51d4eb54f89fec8
low_intensity,13-05-2026 02:07:33,2,Um ritmo mais leve será benéfico para o seu bem-estar.,vcyNbDLM11IRXwHorLAK,True,1778638053000,Ritmo Baixo,24d6a87b0598b02e
medium_intensity,22-05-2026 00:50:46,5,Este nível de atividade é ideal para o seu bem-estar.,YcLGPoe8NjFxobzKhdU5,True,1779411046000,Ritmo Saudável,1791998ac3161359
high_intensity,03-05-2026 14:26:09,10,Excelente intensidade! Continue assim.,FnishcPSAHkl6ZYRUe5V,True,1777818369000,Alta Intensidade,330949523d665e3b
low_intensity,24-05-2026 13:04:15,2,Um ritmo mais leve será benéfico para o seu bem-estar.,tHKnu356776vu2SWIDeD,True,1779627855000,Ritmo Baixo,f879804e4456e5d4
high_intensity,01-05-2026 19:53:28,10,Excelente intensidade! Continue assim.,9WNnrSawAVz7etfSSd8Y,True,1777665208000,Alta Intensidade,55b620d8c0ab41e0
medium_intensity,03-05-2026 11:50:18,5,Este nível de atividade é ideal para o seu bem-estar.,FdTUshGKtBiugOJ2ygCy,True,1777809018000,Ritmo Saudável,e9da39984fb29dc6
low_intensity,07-05-2026 01:39:32,2,Um ritmo mais leve será benéfico para o seu bem-estar.,h6qWXDY0bBnKKN8l9eUJ,True,1778117972000,Ritmo Baixo,c31244cee16e0c77
low_intensity,08-05-2026 23:48:53,2,Um ritmo mais leve será benéfico para o seu bem-estar.,Rif5ecqESaHazWh275nj,True,1778284133000,Ritmo Baixo,057c44d337463e07
medium_intensity,20-05-2026 12:03:07,5,Este nível de atividade é ideal para o seu bem-estar.,Moy4ayTqYTvrF8aRRKAP,True,1779278587000,Ritmo Saudável,bc74204126e384ca
medium_intensity,14-05-2026 00:45:10,5,Este nível de atividade é ideal para o seu bem-estar.,2vOrLPCPeCGT3j9waUaO,True,1778719510000,Ritmo Saudável,923d0315f3ae2bb3
low_intensity,28-05-2026 05:28:55,2,Um ritmo mais leve será benéfico para o seu bem-estar.,mf4biOVt6uz9hj0vsopD,True,1779946135000,Ritmo Baixo,c9ab51cba10ae1e9
medium_intensity,28-05-2026 04:07:01,5,Este nível de atividade é ideal para o seu bem-estar.,M2RUEK25TErDzMWV9aKM,True,1779941221000,Ritmo Saudável,3b1338c1207d1e2e
low_intensity,13-05-2026 17:42:39,2,Um ritmo mais leve será benéfico para o seu bem-estar.,OxECPXAGfxxFR18sUvNn,True,1778694159000,Ritmo Baixo,e9da39984fb29dc6
medium_intensity,11-05-2026 03:22:10,5,Este nível de atividade é ideal para o seu bem-estar.,FSArmptzZD7ehcvXAIQU,True,1778469730000,Ritmo Saudável,6214b1b462c04096
medium_intensity,22-05-2026 03:31:55,5,Este nível de atividade é ideal para o seu bem-estar.,iTKlLTij5mwVcH06parw,True,1779420715000,Ritmo Saudável,75778bdb64d1008e
medium_intensity,10-05-2026 22:29:15,5,Este nível de atividade é ideal para o seu bem-estar.,8KibELkvND8Zd1fV1bAQ,True,1778452155000,Ritmo Saudável,7d176c63414fcd05
high_intensity,22-05-2026 23:08:18,10,Excelente intensidade! Continue assim.,vMnGnTAJ4TGykiEDjyDU,True,1779491298000,Alta Intensidade,3811390588367f0e
medium_intensity,05-05-2026 21:30:07,5,Este nível de atividade é ideal para o seu bem-estar.,5ZAZNfBPOo4jWwNEGys1,True,1778016607000,Ritmo Saudável,8e7f2987241c2818
low_intensity,17-05-2026 16:01:47,2,Um ritmo mais leve será benéfico para o seu bem-estar.,BJGw70ihyDO3gqMIDqg5,True,1779033707000,Ritmo Baixo,556be8558ce56421
medium_intensity,22-05-2026 15:36:07,5,Este nível de atividade é ideal para o seu bem-estar.,5nelBTLXhkVoGP8Flt9i,True,1779464167000,Ritmo Saudável,389da1f3a7c1d8de
high_intensity,24-05-2026 20:51:02,10,Excelente intensidade! Continue assim.,NIevZ2n2TxhqmB8VhRuD,True,1779655862000,Alta Intensidade,234da97fe615c6b7
low_intensity,22-05-2026 03:04:45,2,Um ritmo mais leve será benéfico para o seu bem-estar.,BiN7mMDYz7eaS9aQRPWW,True,1779419085000,Ritmo Baixo,d4389e820d4f82fa
high_intensity,01-05-2026 19:54:15,10,Excelente intensidade! Continue assim.,eJoBAO6iiTkJGYNMmmKC,True,1777665255000,Alta Intensidade,de2dde23040292bc
high_intensity,17-05-2026 20:28:10,10,Excelente intensidade! Continue assim.,OwOcWTp3XihrPo1QGfmx,True,1779049690000,Alta Intensidade,0f98939ac68105bb
high_intensity,17-05-2026 01:00:55,10,Excelente intensidade! Continue assim.,dbWRt2iewsVZWyOH1rSE,True,1778979655000,Alta Intensidade,3993ad7e2565b6b0
medium_intensity,19-05-2026 08:47:05,5,Este nível de atividade é ideal para o seu bem-estar.,q83xEvpYv2t2EZsgnGou,True,1779180425000,Ritmo Saudável,c0014ea2ee2fdaea
low_intensity,26-05-2026 14:40:27,2,Um ritmo mais leve será benéfico para o seu bem-estar.,fqEbZhKDkv5Fs8JnT3dn,True,1779806427000,Ritmo Baixo,3cc68b8049eb8d4c
medium_intensity,25-05-2026 20:37:34,5,Este nível de atividade é ideal para o seu bem-estar.,Z97fh9zSBkT0NeGxoT6a,True,1779741454000,Ritmo Saudável,42ac1a2bf982f79c
medium_intensity,07-05-2026 04:57:12,5,Este nível de atividade é ideal para o seu bem-estar.,KCDDjFJpinL5owsl5U0Z,True,1778129832000,Ritmo Saudável,bb80f878cef35322
high_intensity,25-05-2026 04:08:14,10,Excelente intensidade! Continue assim.,50BseaiuuD0LqcYWXjKp,True,1779682094000,Alta Intensidade,153c202e3cfef4ba
low_intensity,28-05-2026 10:17:50,2,Um ritmo mais leve será benéfico para o seu bem-estar.,c9dDtkiWqdtUiBpFRKfd,True,1779963470000,Ritmo Baixo,556be8558ce56421
medium_intensity,20-05-2026 19:47:21,5,Este nível de atividade é ideal para o seu bem-estar.,1BHksHhEbwJ1dMCDIE5H,True,1779306441000,Ritmo Saudável,556be8558ce56421
medium_intensity,28-05-2026 11:16:22,5,Este nível de atividade é ideal para o seu bem-estar.,J64nPyMtek57p6PQxm0j,True,1779966982000,Ritmo Saudável,e1bd0a847e7079be
high_intensity,02-05-2026 12:46:53,10,Excelente intensidade! Continue assim.,nQFzLtUXol2vKRWTTFPh,True,1777726013000,Alta Intensidade,131c7dd8f3ab4b35
medium_intensity,09-05-2026 06:57:39,5,Este nível de atividade é ideal para o seu bem-estar.,KZe9gvzY7n8CN0hc4692,True,1778309859000,Ritmo Saudável,eb39e98aca20e7d3
medium_intensity,01-05-2026 16:37:16,5,Este nível de atividade é ideal para o seu bem-estar.,kt80ngHwENnqNMeyXV68,True,1777653436000,Ritmo Saudável,153c202e3cfef4ba
low_intensity,17-05-2026 01:04:13,2,Um ritmo mais leve será benéfico para o seu bem-estar.,bVi5XBnD933OrEiL2hEo,True,1778979853000,Ritmo Baixo,6588d11c4a11acb1
low_intensity,04-05-2026 03:09:07,2,Um ritmo mais leve será benéfico para o seu bem-estar.,ty2Ulfbv75fJ9q8YmL0K,True,1777864147000,Ritmo Baixo,9cbee3c1d7168837
low_intensity,03-05-2026 20:15:05,2,Um ritmo mais leve será benéfico para o seu bem-estar.,myvdNefG5KVSD19UOp0Y,True,1777839305000,Ritmo Baixo,19a558ecc36977ce
medium_intensity,01-05-2026 13:18:05,5,Este nível de atividade é ideal para o seu bem-estar.,aVgRvryX1m592pO7MExx,True,1777641485000,Ritmo Saudável,102edb38b5ec347f
medium_intensity,27-05-2026 01:15:43,5,Este nível de atividade é ideal para o seu bem-estar.,cDj2U8uHIz7Ost6xAKji,True,1779844543000,Ritmo Saudável,517fc5ca69b652a5
medium_intensity,03-05-2026 02:10:47,5,Este nível de atividade é ideal para o seu bem-estar.,4Q5kKZByB7JuLLnQ3Gft,True,1777774247000,Ritmo Saudável,1b38ab967d98cc4e
low_intensity,20-05-2026 11:46:45,2,Um ritmo mais leve será benéfico para o seu bem-estar.,27Sju9gLQYhn9CuMlaS1,True,1779277605000,Ritmo Baixo,153c202e3cfef4ba
high_intensity,25-05-2026 20:59:05,10,Excelente intensidade! Continue assim.,3RcpIcagSmrK13GTyoyR,True,1779742745000,Alta Intensidade,3bc1bf7fb69f3ba3
low_intensity,02-05-2026 00:14:12,2,Um ritmo mais leve será benéfico para o seu bem-estar.,bVdEndArF3II9hC2lxf3,True,1777680852000,Ritmo Baixo,6588d11c4a11acb1
low_intensity,05-05-2026 01:07:31,2,Um ritmo mais leve será benéfico para o seu bem-estar.,cjHBLVHiVwGc6RJ2N3IZ,True,1777943251000,Ritmo Baixo,e7eb35b501d57e1f
low_intensity,19-05-2026 10:19:40,2,Um ritmo mais leve será benéfico para o seu bem-estar.,Vset3ZnjmyRO2bbfpYbq,True,1779185980000,Ritmo Baixo,d5eb4d757b335d0e
medium_intensity,24-05-2026 07:01:04,5,Este nível de atividade é ideal para o seu bem-estar.,74LFfBBCyX4KYmZoDygy,True,1779606064000,Ritmo Saudável,9d789fd91804129f
high_intensity,29-05-2026 22:23:59,10,Excelente intensidade! Continue assim.,MxDGRdyF9p2CqU4L1KgV,True,1780093439000,Alta Intensidade,1b38ab967d98cc4e
medium_intensity,26-05-2026 15:27:07,5,Este nível de atividade é ideal para o seu bem-estar.,6zQaObDK0i0Dr8fdZR6m,True,1779809227000,Ritmo Saudável,de2dde23040292bc
low_intensity,09-05-2026 01:18:26,2,Um ritmo mais leve será benéfico para o seu bem-estar.,9HF8UWZ3gdqxto887kSe,True,1778289506000,Ritmo Baixo,389da1f3a7c1d8de
low_intensity,15-05-2026 04:26:01,2,Um ritmo mais leve será benéfico para o seu bem-estar.,RuLuC5OF7QmNYGNngihp,True,1778819161000,Ritmo Baixo,19a558ecc36977ce
high_intensity,20-05-2026 21:15:00,10,Excelente intensidade! Continue assim.,eUO7bfKsfOdQ3TtveDcw,True,1779311700000,Alta Intensidade,3c58290022ed11b1
medium_intensity,17-05-2026 09:47:35,5,Este nível de atividade é ideal para o seu bem-estar.,2a6meC6K8M2dkt54YPJK,True,1779011255000,Ritmo Saudável,a2fd30e5fa49ad53
low_intensity,13-05-2026 05:25:25,2,Um ritmo mais leve será benéfico para o seu bem-estar.,RtkJqWTs6AOfty5bdpke,True,1778649925000,Ritmo Baixo,8dc02e5c153f83a3
medium_intensity,08-05-2026 17:22:33,5,Este nível de atividade é ideal para o seu bem-estar.,L1fxsYGS57RcYFbf9XfW,True,1778260953000,Ritmo Saudável,2a339e8954684016
high_intensity,08-05-2026 03:42:51,10,Excelente intensidade! Continue assim.,Smoex01UQoobhDtTYaIk,True,1778211771000,Alta Intensidade,53c682ded6545e06
low_intensity,30-05-2026 08:49:58,2,Um ritmo mais leve será benéfico para o seu bem-estar.,NpNcwemVHsjf3eqvvhOj,True,1780130998000,Ritmo Baixo,eb39e98aca20e7d3
low_intensity,06-05-2026 13:58:37,2,Um ritmo mais leve será benéfico para o seu bem-estar.,wOlu7JQNdtZMqRsbQeh5,True,1778075917000,Ritmo Baixo,574582321d04df00
medium_intensity,03-05-2026 08:07:49,5,Este nível de atividade é ideal para o seu bem-estar.,imdvauTasRvNj6xFNIFq,True,1777795669000,Ritmo Saudável,0f98939ac68105bb
high_intensity,15-05-2026 14:04:41,10,Excelente intensidade! Continue assim.,ab4icydInZxoE113gnFD,True,1778853881000,Alta Intensidade,ae7ec9246c4649bc
medium_intensity,26-05-2026 03:04:45,5,Este nível de atividade é ideal para o seu bem-estar.,eHFbsdB3yxbb1uwOXzGN,True,1779764685000,Ritmo Saudável,3811390588367f0e
high_intensity,04-05-2026 17:36:45,10,Excelente intensidade! Continue assim.,cZC9HrX0krW73fs9BW25,True,1777916205000,Alta Intensidade,e1bd0a847e7079be
low_intensity,23-05-2026 04:51:31,2,Um ritmo mais leve será benéfico para o seu bem-estar.,oq3UyQhjdmdJAxATOLYj,True,1779511891000,Ritmo Baixo,6214b1b462c04096
medium_intensity,10-05-2026 09:04:35,5,Este nível de atividade é ideal para o seu bem-estar.,ToCtcC4DJgWekf7KFzJ6,True,1778403875000,Ritmo Saudável,e1bd0a847e7079be
high_intensity,10-05-2026 12:51:51,10,Excelente intensidade! Continue assim.,6r5aqkGfAZpMp4KG26In,True,1778417511000,Alta Intensidade,514af2be7dc985d8
high_intensity,28-05-2026 22:01:29,10,Excelente intensidade! Continue assim.,lHzT7XFxG1GFcdGDm5yh,True,1780005689000,Alta Intensidade,17b4966e9be4d8d8
high_intensity,05-05-2026 06:41:01,10,Excelente intensidade! Continue assim.,tM8jJY135HpA1k58dBKc,True,1777963261000,Alta Intensidade,1b38ab967d98cc4e
medium_intensity,29-05-2026 17:30:25,5,Este nível de atividade é ideal para o seu bem-estar.,OJERWEwANflRqAYMt6NK,True,1780075825000,Ritmo Saudável,57e7d972b508815d
medium_intensity,13-05-2026 04:54:38,5,Este nível de atividade é ideal para o seu bem-estar.,ZNaWEja9pUNl4kMkhmkM,True,1778648078000,Ritmo Saudável,17b4966e9be4d8d8
medium_intensity,28-05-2026 22:17:21,5,Este nível de atividade é ideal para o seu bem-estar.,xnJeb303W0UUDQW5R1N2,True,1780006641000,Ritmo Saudável,1bd749deaf799034
medium_intensity,22-05-2026 16:00:11,5,Este nível de atividade é ideal para o seu bem-estar.,y34iusj6zevFLQwpbcGS,True,1779465611000,Ritmo Saudável,5311a0642c2564ad
high_intensity,21-05-2026 18:04:54,10,Excelente intensidade! Continue assim.,LIVJwwQluwYG6RNRd8DW,True,1779386694000,Alta Intensidade,39a54d73a921b9f6
high_intensity,22-05-2026 09:24:20,10,Excelente intensidade! Continue assim.,MTqjDAgGkk5f4JtYcs3b,True,1779441860000,Alta Intensidade,0e52f2934d8ce165
high_intensity,24-05-2026 06:10:30,10,Excelente intensidade! Continue assim.,QQ5YOW8nDm7UYtSgSJ7x,True,1779603030000,Alta Intensidade,95744df47936b8c4
high_intensity,11-05-2026 18:53:59,10,Excelente intensidade! Continue assim.,5UcTOsYQrLq42axXmHNQ,True,1778525639000,Alta Intensidade,9d16533a62ab9315
medium_intensity,01-05-2026 11:57:20,5,Este nível de atividade é ideal para o seu bem-estar.,yRcbMx9L3gwuqfSr3k0S,True,1777636640000,Ritmo Saudável,63d3511e9e857901
low_intensity,24-05-2026 20:13:47,2,Um ritmo mais leve será benéfico para o seu bem-estar.,OoEwpHYqT8G170m5OoDc,True,1779653627000,Ritmo Baixo,19a558ecc36977ce
medium_intensity,10-05-2026 05:05:28,5,Este nível de atividade é ideal para o seu bem-estar.,UzEfPwtp8VzHR66VMf0D,True,1778389528000,Ritmo Saudável,574582321d04df00
high_intensity,03-05-2026 16:24:42,10,Excelente intensidade! Continue assim.,VMAv1SHAiOGhrDhpmMXn,True,1777825482000,Alta Intensidade,7d176c63414fcd05
high_intensity,07-05-2026 14:10:13,10,Excelente intensidade! Continue assim.,RFu8gPPQwUKEsxS8tuEk,True,1778163013000,Alta Intensidade,2a339e8954684016
medium_intensity,30-05-2026 10:36:29,5,Este nível de atividade é ideal para o seu bem-estar.,VmsdvC0s3AhES8qL4IFY,True,1780137389000,Ritmo Saudável,95744df47936b8c4
high_intensity,06-05-2026 22:36:40,10,Excelente intensidade! Continue assim.,70NSLTbLDsTNGGZzFzIL,True,1778107000000,Alta Intensidade,a8c47673d6a4f85c
medium_intensity,06-05-2026 16:51:59,5,Este nível de atividade é ideal para o seu bem-estar.,Sl9RvOBgO03fhZRNrylg,True,1778086319000,Ritmo Saudável,7e8fb26408446272
low_intensity,25-05-2026 21:11:36,2,Um ritmo mais leve será benéfico para o seu bem-estar.,oiYPhDNRoC3AJZJ7Mlfs,True,1779743496000,Ritmo Baixo,3b1338c1207d1e2e
low_intensity,20-05-2026 01:00:26,2,Um ritmo mais leve será benéfico para o seu bem-estar.,HytlMWQN3AJe2XqqidGc,True,1779238826000,Ritmo Baixo,f879804e4456e5d4
low_intensity,14-05-2026 07:55:25,2,Um ritmo mais leve será benéfico para o seu bem-estar.,OtUwH2phe2mCHZ3zJxbZ,True,1778745325000,Ritmo Baixo,e8c9832b5c388bb5
high_intensity,01-05-2026 18:11:09,10,Excelente intensidade! Continue assim.,hEU76k1eYYYhVjHabLDB,True,1777659069000,Alta Intensidade,06961ead71f8b1d8
medium_intensity,01-05-2026 18:17:22,5,Este nível de atividade é ideal para o seu bem-estar.,4K2cWZNesRM664nph2yW,True,1777659442000,Ritmo Saudável,b572bc65fae8bec1
medium_intensity,09-05-2026 05:31:58,5,Este nível de atividade é ideal para o seu bem-estar.,nmC1uvBf2PYYIARwCR8o,True,1778304718000,Ritmo Saudável,b8e78b83a62a0cb7
high_intensity,22-05-2026 05:08:44,10,Excelente intensidade! Continue assim.,6HZFBk5DpPUaNBbUdmjJ,True,1779426524000,Alta Intensidade,c34c1310eab19c87
low_intensity,24-05-2026 13:22:43,2,Um ritmo mais leve será benéfico para o seu bem-estar.,XpSDIXYDEs68e0Kw1wuB,True,1779628963000,Ritmo Baixo,cb4c1290e91970dd
medium_intensity,24-05-2026 04:20:42,5,Este nível de atividade é ideal para o seu bem-estar.,HgxH8SXmZyeAOqqAQpbY,True,1779596442000,Ritmo Saudável,574582321d04df00
high_intensity,01-05-2026 07:56:48,10,Excelente intensidade! Continue assim.,SyRh503PBUQNvRIrR45i,True,1777622208000,Alta Intensidade,1bd749deaf799034
high_intensity,22-05-2026 20:35:12,10,Excelente intensidade! Continue assim.,h7zfGZre47hJl8xLgO0p,True,1779482112000,Alta Intensidade,57e17fffc619e182
high_intensity,22-05-2026 04:44:22,10,Excelente intensidade! Continue assim.,qxHWBm8Rm4ewBZBsil5H,True,1779425062000,Alta Intensidade,19a558ecc36977ce
high_intensity,01-05-2026 09:59:41,10,Excelente intensidade! Continue assim.,ajORTx71Gm9dOVxUSAiB,True,1777629581000,Alta Intensidade,102edb38b5ec347f
medium_intensity,16-05-2026 00:46:23,5,Este nível de atividade é ideal para o seu bem-estar.,2Vd19CZBzd5elJrqR11B,True,1778892383000,Ritmo Saudável,3b1338c1207d1e2e
high_intensity,12-05-2026 08:47:16,10,Excelente intensidade! Continue assim.,UmKxLraopQNptiwIaIcE,True,1778575636000,Alta Intensidade,f879804e4456e5d4
high_intensity,23-05-2026 10:26:53,10,Excelente intensidade! Continue assim.,fcBPdttm4CBG25VRooaL,True,1779532013000,Alta Intensidade,514af2be7dc985d8
low_intensity,14-05-2026 13:32:19,2,Um ritmo mais leve será benéfico para o seu bem-estar.,msWwXaXUcFdHy9ALPBeu,True,1778765539000,Ritmo Baixo,8dc02e5c153f83a3
medium_intensity,12-05-2026 05:10:54,5,Este nível de atividade é ideal para o seu bem-estar.,PTtGI883W25cvtQHsVJ2,True,1778562654000,Ritmo Saudável,330949523d665e3b
low_intensity,14-05-2026 01:29:34,2,Um ritmo mais leve será benéfico para o seu bem-estar.,dSYPn3T8DGAaHDrQFqlA,True,1778722174000,Ritmo Baixo,b30b0b43692b035b
high_intensity,15-05-2026 20:49:18,10,Excelente intensidade! Continue assim.,qVZyh2Se9XCzRncHDlG7,True,1778878158000,Alta Intensidade,fb188f553674b4c4
low_intensity,01-05-2026 16:42:54,2,Um ritmo mais leve será benéfico para o seu bem-estar.,7JTmPR8sUdHh4hdL0ezj,True,1777653774000,Ritmo Baixo,42ac1a2bf982f79c
high_intensity,03-05-2026 23:57:20,10,Excelente intensidade! Continue assim.,cML1tVHdsT28OcbN3kWm,True,1777852640000,Alta Intensidade,4c885efe7bde3ff4
high_intensity,02-05-2026 17:20:51,10,Excelente intensidade! Continue assim.,q6EmV8GJuq39IU66BZNW,True,1777742451000,Alta Intensidade,da211edc7bac01a0
low_intensity,02-05-2026 12:38:58,2,Um ritmo mais leve será benéfico para o seu bem-estar.,2mGeobrdenwDDPhExNg0,True,1777725538000,Ritmo Baixo,bbbe498ee44f6349
high_intensity,29-05-2026 16:05:30,10,Excelente intensidade! Continue assim.,iqnyc6mbK4AU1bUbjnxk,True,1780070730000,Alta Intensidade,ec75a53f04901eec
medium_intensity,09-05-2026 12:39:57,5,Este nível de atividade é ideal para o seu bem-estar.,DuvjvpB7ylGMk3rLApaP,True,1778330397000,Ritmo Saudável,53c682ded6545e06
high_intensity,19-05-2026 10:19:10,10,Excelente intensidade! Continue assim.,VNt5j16WHoceR5GcdAKn,True,1779185950000,Alta Intensidade,91d55d217a2af234
medium_intensity,02-05-2026 14:44:55,5,Este nível de atividade é ideal para o seu bem-estar.,DzNJ1eBaMt6FAHRNOxfx,True,1777733095000,Ritmo Saudável,c85cdb0ef48d09c8
low_intensity,26-05-2026 17:11:55,2,Um ritmo mais leve será benéfico para o seu bem-estar.,kEW8doSHfcjpInTXbjtC,True,1779815515000,Ritmo Baixo,8f8c45c33ff51d0e
medium_intensity,26-05-2026 12:32:56,5,Este nível de atividade é ideal para o seu bem-estar.,ovKDC0H7AzIVjjQReXR8,True,1779798776000,Ritmo Saudável,3c58290022ed11b1
high_intensity,13-05-2026 03:38:42,10,Excelente intensidade! Continue assim.,BjHFt7UDjUsCPT0dJVaz,True,1778643522000,Alta Intensidade,13db178cd9a1e37a
high_intensity,16-05-2026 03:15:20,10,Excelente intensidade! Continue assim.,k81nKwg1yRF9ZxZUoXMd,True,1778901320000,Alta Intensidade,3cc68b8049eb8d4c
medium_intensity,08-05-2026 02:41:22,5,Este nível de atividade é ideal para o seu bem-estar.,GsdvEdPTJw7u7tUu65HQ,True,1778208082000,Ritmo Saudável,19a558ecc36977ce
low_intensity,24-05-2026 19:46:48,2,Um ritmo mais leve será benéfico para o seu bem-estar.,Y0LowHyUNuESHfUGCAZ9,True,1779652008000,Ritmo Baixo,57e17fffc619e182
low_intensity,22-05-2026 20:43:49,2,Um ritmo mais leve será benéfico para o seu bem-estar.,heRVg8RqmhZYiuEoCZdf,True,1779482629000,Ritmo Baixo,7182af742e04dc6d
low_intensity,05-05-2026 22:13:51,2,Um ritmo mais leve será benéfico para o seu bem-estar.,sFatAKOLNa12LIhbpwwN,True,1778019231000,Ritmo Baixo,95744df47936b8c4
high_intensity,10-05-2026 12:09:17,10,Excelente intensidade! Continue assim.,rf6yavHjvX9UGRUxAxoL,True,1778414957000,Alta Intensidade,7e8fb26408446272
low_intensity,30-05-2026 08:56:10,2,Um ritmo mais leve será benéfico para o seu bem-estar.,mbyg74SW5G7P7wh2N9h6,True,1780131370000,Ritmo Baixo,9cbee3c1d7168837
medium_intensity,01-05-2026 20:34:22,5,Este nível de atividade é ideal para o seu bem-estar.,r5Jn1iGArjUVPbNfUcRl,True,1777667662000,Ritmo Saudável,3993ad7e2565b6b0
low_intensity,07-05-2026 06:10:00,2,Um ritmo mais leve será benéfico para o seu bem-estar.,3pIqPQzzWHuWv3xsSuKN,True,1778134200000,Ritmo Baixo,95744df47936b8c4
high_intensity,11-05-2026 09:08:58,10,Excelente intensidade! Continue assim.,L1hDLKeApw9cGpi6ywoD,True,1778490538000,Alta Intensidade,514af2be7dc985d8
high_intensity,07-05-2026 07:30:46,10,Excelente intensidade! Continue assim.,cATh2uB3TRJKdzRrzbqI,True,1778139046000,Alta Intensidade,3993ad7e2565b6b0
high_intensity,07-05-2026 18:05:19,10,Excelente intensidade! Continue assim.,ekfiDvY58cPsqxBZjETD,True,1778177119000,Alta Intensidade,82a83fc853728306
medium_intensity,03-05-2026 19:04:20,5,Este nível de atividade é ideal para o seu bem-estar.,reyDSDvTVed1nvmCrm2D,True,1777835060000,Ritmo Saudável,234da97fe615c6b7
high_intensity,13-05-2026 07:42:17,10,Excelente intensidade! Continue assim.,fyNCHbguhvO4ZLIVsCyN,True,1778658137000,Alta Intensidade,d632e4ce536ec364
medium_intensity,18-05-2026 03:06:55,5,Este nível de atividade é ideal para o seu bem-estar.,ljiTXzTohp9nwAZC6SUv,True,1779073615000,Ritmo Saudável,e7eb35b501d57e1f
low_intensity,29-05-2026 16:05:05,2,Um ritmo mais leve será benéfico para o seu bem-estar.,2Xj7IJkwrBpXOz6fmRI6,True,1780070705000,Ritmo Baixo,bbbe498ee44f6349
high_intensity,19-05-2026 11:49:34,10,Excelente intensidade! Continue assim.,WHPlnN5ETCki6t5cxo0g,True,1779191374000,Alta Intensidade,06961ead71f8b1d8
low_intensity,24-05-2026 19:06:47,2,Um ritmo mais leve será benéfico para o seu bem-estar.,unsjWYGtMQZRlxAYKPpO,True,1779649607000,Ritmo Baixo,2b95dd3cf28e7c18
medium_intensity,30-05-2026 05:44:20,5,Este nível de atividade é ideal para o seu bem-estar.,Idh4KPPxBxwVSJ0Webjm,True,1780119860000,Ritmo Saudável,ec75a53f04901eec
low_intensity,17-05-2026 20:13:56,2,Um ritmo mais leve será benéfico para o seu bem-estar.,8ga7aYF2lukGxgLab55n,True,1779048836000,Ritmo Baixo,57e7d972b508815d
high_intensity,09-05-2026 19:33:20,10,Excelente intensidade! Continue assim.,5XTMBk47nLBJJdjtjIFx,True,1778355200000,Alta Intensidade,131c7dd8f3ab4b35
high_intensity,08-05-2026 15:47:58,10,Excelente intensidade! Continue assim.,1qFXOZMCHTDxRP8Z8iJk,True,1778255278000,Alta Intensidade,e9da39984fb29dc6
high_intensity,29-05-2026 18:05:57,10,Excelente intensidade! Continue assim.,UBVTzZDqLd7GH8titDZ8,True,1780077957000,Alta Intensidade,0e52f2934d8ce165
low_intensity,14-05-2026 08:20:31,2,Um ritmo mais leve será benéfico para o seu bem-estar.,4bkpVluh2ukW8tlk0Y0v,True,1778746831000,Ritmo Baixo,3bc1bf7fb69f3ba3
high_intensity,09-05-2026 23:51:48,10,Excelente intensidade! Continue assim.,gzVJNI6yrEeXrfuOnirU,True,1778370708000,Alta Intensidade,bb4bb9fbcfcc16d1
high_intensity,28-05-2026 03:26:40,10,Excelente intensidade! Continue assim.,Qrv0hZMHjiu5HJ3wq2Yf,True,1779938800000,Alta Intensidade,9d789fd91804129f
medium_intensity,21-05-2026 20:22:44,5,Este nível de atividade é ideal para o seu bem-estar.,5HYP7GHx26GK9mkqI0DP,True,1779394964000,Ritmo Saudável,1791998ac3161359
high_intensity,17-05-2026 01:09:41,10,Excelente intensidade! Continue assim.,gkqByuLmWL3ytZAZR8Mj,True,1778980181000,Alta Intensidade,bb4bb9fbcfcc16d1
medium_intensity,06-05-2026 02:00:06,5,Este nível de atividade é ideal para o seu bem-estar.,PYR92lnm0Sb5RHyUYkFy,True,1778032806000,Ritmo Saudável,7182af742e04dc6d
low_intensity,05-05-2026 01:10:36,2,Um ritmo mais leve será benéfico para o seu bem-estar.,6zelEnnT7N8GKgsJwUcq,True,1777943436000,Ritmo Baixo,3db4e6efff8b7518
low_intensity,04-05-2026 00:37:12,2,Um ritmo mais leve será benéfico para o seu bem-estar.,xs2mqhQDLoroDA4vxiRJ,True,1777855032000,Ritmo Baixo,63d3511e9e857901
medium_intensity,12-05-2026 06:03:54,5,Este nível de atividade é ideal para o seu bem-estar.,X1Vm5w3Rmb4VnxrrvJfo,True,1778565834000,Ritmo Saudável,c85cdb0ef48d09c8
low_intensity,30-05-2026 23:14:53,2,Um ritmo mais leve será benéfico para o seu bem-estar.,6KOlI6tXXacvfLFSCchd,True,1780182893000,Ritmo Baixo,5a7b6516c51a4d4e
low_intensity,13-05-2026 06:43:05,2,Um ritmo mais leve será benéfico para o seu bem-estar.,ZL4yfADxy4KsoHvUWnfI,True,1778654585000,Ritmo Baixo,517fc5ca69b652a5
low_intensity,15-05-2026 18:36:23,2,Um ritmo mais leve será benéfico para o seu bem-estar.,iuaVSTQGiSsNYY2hPBha,True,1778870183000,Ritmo Baixo,0f98939ac68105bb
medium_intensity,07-05-2026 18:04:55,5,Este nível de atividade é ideal para o seu bem-estar.,Gaed1vOqew7d40F3nkY2,True,1778177095000,Ritmo Saudável,e84878f982129128
low_intensity,26-05-2026 14:47:02,2,Um ritmo mais leve será benéfico para o seu bem-estar.,dFEZn98aydpuelvcIECD,True,1779806822000,Ritmo Baixo,574582321d04df00
medium_intensity,18-05-2026 21:40:47,5,Este nível de atividade é ideal para o seu bem-estar.,JHPHx0SfKPjkm9q4TLtH,True,1779140447000,Ritmo Saudável,552b8d6c350cb13c
medium_intensity,23-05-2026 01:42:51,5,Este nível de atividade é ideal para o seu bem-estar.,G82J5sT99ovWyY9qtB4e,True,1779500571000,Ritmo Saudável,131c7dd8f3ab4b35
high_intensity,19-05-2026 17:02:22,10,Excelente intensidade! Continue assim.,mSVKJPh4NirTZAMkBS3y,True,1779210142000,Alta Intensidade,c85cdb0ef48d09c8
low_intensity,09-05-2026 18:57:34,2,Um ritmo mais leve será benéfico para o seu bem-estar.,sWSiBLDnQ9H2ejoL8nfX,True,1778353054000,Ritmo Baixo,4c885efe7bde3ff4
high_intensity,09-05-2026 15:46:05,10,Excelente intensidade! Continue assim.,oo69RvO5Thb81PnRgmq1,True,1778341565000,Alta Intensidade,06bf6a628379e030
medium_intensity,09-05-2026 17:46:55,5,Este nível de atividade é ideal para o seu bem-estar.,Hhads7hO5sWfy9zgcvFL,True,1778348815000,Ritmo Saudável,d4389e820d4f82fa
low_intensity,23-05-2026 21:28:53,2,Um ritmo mais leve será benéfico para o seu bem-estar.,dGOvD7iodhwBvFr6GtCO,True,1779571733000,Ritmo Baixo,1d3db575c4a79d75
medium_intensity,10-05-2026 11:37:51,5,Este nível de atividade é ideal para o seu bem-estar.,btXOS2iin0fm7w006epj,True,1778413071000,Ritmo Saudável,91279a646f8ea6ac
low_intensity,23-05-2026 04:35:05,2,Um ritmo mais leve será benéfico para o seu bem-estar.,eNi0EWl7Ie3ZcmlwaiSW,True,1779510905000,Ritmo Baixo,57e17fffc619e182
high_intensity,21-05-2026 09:05:32,10,Excelente intensidade! Continue assim.,q5ILsXr8G1bJA5ofR3i4,True,1779354332000,Alta Intensidade,487b076a69a53671
medium_intensity,05-05-2026 22:50:23,5,Este nível de atividade é ideal para o seu bem-estar.,zTBLVXPSSrCHeZ6d2vc6,True,1778021423000,Ritmo Saudável,3bc1bf7fb69f3ba3
high_intensity,13-05-2026 16:32:05,10,Excelente intensidade! Continue assim.,mwaFIrnrbh87igQ4ydVA,True,1778689925000,Alta Intensidade,fb188f553674b4c4
medium_intensity,29-05-2026 08:21:48,5,Este nível de atividade é ideal para o seu bem-estar.,XAerFYDBYXyJFBE6B7tE,True,1780042908000,Ritmo Saudável,4c885efe7bde3ff4
low_intensity,18-05-2026 00:29:13,2,Um ritmo mais leve será benéfico para o seu bem-estar.,vnbevAE8dWznakkYwXJE,True,1779064153000,Ritmo Baixo,9d789fd91804129f
medium_intensity,25-05-2026 03:24:24,5,Este nível de atividade é ideal para o seu bem-estar.,kWAhN2YGM1rIRPAEOhEL,True,1779679464000,Ritmo Saudável,57e7d972b508815d
medium_intensity,22-05-2026 04:20:49,5,Este nível de atividade é ideal para o seu bem-estar.,VRI5TFtRrcZH8dlt6MQP,True,1779423649000,Ritmo Saudável,daf96d2280390dec
medium_intensity,29-05-2026 20:55:58,5,Este nível de atividade é ideal para o seu bem-estar.,eqpOa1KkMtvrubi9MkQt,True,1780088158000,Ritmo Saudável,102edb38b5ec347f
medium_intensity,12-05-2026 21:59:49,5,Este nível de atividade é ideal para o seu bem-estar.,fclpHSKrPzpL4z89YaS5,True,1778623189000,Ritmo Saudável,f7c6682ad24d37f8
high_intensity,18-05-2026 22:01:19,10,Excelente intensidade! Continue assim.,bLN1eSPYZaHw16bSPrpw,True,1779141679000,Alta Intensidade,057c44d337463e07
medium_intensity,29-05-2026 02:27:59,5,Este nível de atividade é ideal para o seu bem-estar.,C6hJ67xVkdF1cWBrvVbk,True,1780021679000,Ritmo Saudável,2f2bd7547d602b7a
medium_intensity,15-05-2026 02:34:23,5,Este nível de atividade é ideal para o seu bem-estar.,3yavhdB0MbUWant6r364,True,1778812463000,Ritmo Saudável,75778bdb64d1008e
medium_intensity,14-05-2026 19:57:55,5,Este nível de atividade é ideal para o seu bem-estar.,M5XOheLWO7yoUFuOs7mJ,True,1778788675000,Ritmo Saudável,153c202e3cfef4ba
medium_intensity,03-05-2026 19:34:07,5,Este nível de atividade é ideal para o seu bem-estar.,L2oDjqUzOpcdHi3p09Rc,True,1777836847000,Ritmo Saudável,d632e4ce536ec364
low_intensity,29-05-2026 05:56:18,2,Um ritmo mais leve será benéfico para o seu bem-estar.,olUgKzBtqoq2UIwbATSv,True,1780034178000,Ritmo Baixo,cb207a93391638cb
medium_intensity,01-05-2026 10:31:11,5,Este nível de atividade é ideal para o seu bem-estar.,8vs1cCitI64aKGENxx30,True,1777631471000,Ritmo Saudável,da211edc7bac01a0
medium_intensity,24-05-2026 20:22:20,5,Este nível de atividade é ideal para o seu bem-estar.,11MyKp7AeY2HybMQIUrU,True,1779654140000,Ritmo Saudável,95744df47936b8c4
low_intensity,13-05-2026 01:23:39,2,Um ritmo mais leve será benéfico para o seu bem-estar.,TjyGrDb8u4x8DRsdnXQt,True,1778635419000,Ritmo Baixo,75778bdb64d1008e
high_intensity,13-05-2026 04:48:39,10,Excelente intensidade! Continue assim.,twAvlQt4eAPLpjl4T6Fc,True,1778647719000,Alta Intensidade,39a54d73a921b9f6
low_intensity,13-05-2026 15:44:35,2,Um ritmo mais leve será benéfico para o seu bem-estar.,eepCbaQcglsN3G0ZRCvt,True,1778687075000,Ritmo Baixo,57e17fffc619e182
low_intensity,25-05-2026 22:53:16,2,Um ritmo mais leve será benéfico para o seu bem-estar.,VnGVAfdwkPQADIeuSeqg,True,1779749596000,Ritmo Baixo,c837debb39dd1e68
high_intensity,22-05-2026 13:06:29,10,Excelente intensidade! Continue assim.,m0gpnk7i8rTmrnkpeJ6f,True,1779455189000,Alta Intensidade,8f8c45c33ff51d0e
high_intensity,27-05-2026 10:33:54,10,Excelente intensidade! Continue assim.,uvTWXNCHTL0RwqQEqHx5,True,1779878034000,Alta Intensidade,93279918e60ec274
low_intensity,30-05-2026 02:50:09,2,Um ritmo mais leve será benéfico para o seu bem-estar.,dlYD0A1YFnQMuCg12J02,True,1780109409000,Ritmo Baixo,a8c47673d6a4f85c
medium_intensity,29-05-2026 15:01:35,5,Este nível de atividade é ideal para o seu bem-estar.,qF3X0vG9d0duH0EScXQX,True,1780066895000,Ritmo Saudável,c31244cee16e0c77
low_intensity,12-05-2026 03:45:00,2,Um ritmo mais leve será benéfico para o seu bem-estar.,VFMON1MmGBtGqofPIrfl,True,1778557500000,Ritmo Baixo,5e1de20fecf98844
high_intensity,15-05-2026 00:07:10,10,Excelente intensidade! Continue assim.,Vyc8xi1kOk7urkquGwAO,True,1778803630000,Alta Intensidade,d57d393b16ba030e
high_intensity,23-05-2026 22:55:48,10,Excelente intensidade! Continue assim.,yW4q4KLfXfrYHK4NkFIj,True,1779576948000,Alta Intensidade,c51d4eb54f89fec8
low_intensity,24-05-2026 16:08:16,2,Um ritmo mais leve será benéfico para o seu bem-estar.,tWEuCHDIdhipxtZZLeer,True,1779638896000,Ritmo Baixo,34cbefbc28798720
medium_intensity,21-05-2026 20:49:17,5,Este nível de atividade é ideal para o seu bem-estar.,lJm3nRkzA9LyuwC7at2U,True,1779396557000,Ritmo Saudável,cb207a93391638cb
high_intensity,18-05-2026 12:37:47,10,Excelente intensidade! Continue assim.,GD0Fy54A7omZ5ZTYIZFb,True,1779107867000,Alta Intensidade,91d55d217a2af234
low_intensity,05-05-2026 18:14:18,2,Um ritmo mais leve será benéfico para o seu bem-estar.,xEBKnh34Rlmpq3ucgZuC,True,1778004858000,Ritmo Baixo,63d3511e9e857901
medium_intensity,25-05-2026 06:04:29,5,Este nível de atividade é ideal para o seu bem-estar.,S9BWdSlfXF2HcX6uuKXY,True,1779689069000,Ritmo Saudável,6f36a3307488809f
medium_intensity,03-05-2026 02:23:04,5,Este nível de atividade é ideal para o seu bem-estar.,dTHab54ExlH1MdKkoQff,True,1777774984000,Ritmo Saudável,8e7f2987241c2818
medium_intensity,26-05-2026 10:19:16,5,Este nível de atividade é ideal para o seu bem-estar.,GML8p1uFn1b8FULl5Egw,True,1779790756000,Ritmo Saudável,91d55d217a2af234
low_intensity,11-05-2026 13:31:14,2,Um ritmo mais leve será benéfico para o seu bem-estar.,oWc6wxsJ900kbUOi1VBN,True,1778506274000,Ritmo Baixo,a8c47673d6a4f85c
medium_intensity,09-05-2026 10:14:24,5,Este nível de atividade é ideal para o seu bem-estar.,ykrndTdSRQLRilyKmXV4,True,1778321664000,Ritmo Saudável,7182af742e04dc6d
medium_intensity,28-05-2026 09:48:18,5,Este nível de atividade é ideal para o seu bem-estar.,EBbzBDJRndojeLQQ58dV,True,1779961698000,Ritmo Saudável,bb4bb9fbcfcc16d1
low_intensity,04-05-2026 19:24:02,2,Um ritmo mais leve será benéfico para o seu bem-estar.,oKK8AzYylpXE5Df5a4Hw,True,1777922642000,Ritmo Baixo,3811390588367f0e
high_intensity,23-05-2026 23:23:45,10,Excelente intensidade! Continue assim.,azzTdRXomS16FBgipNPx,True,1779578625000,Alta Intensidade,6214b1b462c04096
low_intensity,04-05-2026 04:56:09,2,Um ritmo mais leve será benéfico para o seu bem-estar.,CCQUz7Xc47TVhArHSYSQ,True,1777870569000,Ritmo Baixo,34cbefbc28798720
high_intensity,17-05-2026 01:29:52,10,Excelente intensidade! Continue assim.,uc8qpNwUvYGPyxNbjmgb,True,1778981392000,Alta Intensidade,e7eb35b501d57e1f
low_intensity,02-05-2026 21:10:35,2,Um ritmo mais leve será benéfico para o seu bem-estar.,he0WuMCZqnFXHAQfXyUF,True,1777756235000,Ritmo Baixo,e1bd0a847e7079be
low_intensity,07-05-2026 10:54:59,2,Um ritmo mais leve será benéfico para o seu bem-estar.,fWs5NLTF0HswhIEPA1jr,True,1778151299000,Ritmo Baixo,2b95dd3cf28e7c18
medium_intensity,13-05-2026 19:12:35,5,Este nível de atividade é ideal para o seu bem-estar.,gOocJLoEmeCH95ySWkZ8,True,1778699555000,Ritmo Saudável,923d0315f3ae2bb3
low_intensity,28-05-2026 11:53:16,2,Um ritmo mais leve será benéfico para o seu bem-estar.,o42EyBKPXDsJuE0ly94f,True,1779969196000,Ritmo Baixo,bb80f878cef35322
low_intensity,02-05-2026 01:58:08,2,Um ritmo mais leve será benéfico para o seu bem-estar.,wgQY1i3gH4gQvHChLlkL,True,1777687088000,Ritmo Baixo,1791998ac3161359
low_intensity,17-05-2026 02:08:35,2,Um ritmo mais leve será benéfico para o seu bem-estar.,PIF2p95JlnkaFIT15Lzi,True,1778983715000,Ritmo Baixo,da211edc7bac01a0
high_intensity,20-05-2026 06:47:16,10,Excelente intensidade! Continue assim.,1cDOHDHkSD518azbacRr,True,1779259636000,Alta Intensidade,e1bd0a847e7079be
high_intensity,07-05-2026 18:29:46,10,Excelente intensidade! Continue assim.,MlcJbjCSlAbSDqlstkXk,True,1778178586000,Alta Intensidade,0f98939ac68105bb
low_intensity,24-05-2026 10:11:26,2,Um ritmo mais leve será benéfico para o seu bem-estar.,vKyphUjlQ9oEmREkIzp3,True,1779617486000,Ritmo Baixo,0e52f2934d8ce165
medium_intensity,27-05-2026 21:45:29,5,Este nível de atividade é ideal para o seu bem-estar.,2cfYGifb0pLd6nILJWOA,True,1779918329000,Ritmo Saudável,ec75a53f04901eec
low_intensity,11-05-2026 20:26:02,2,Um ritmo mais leve será benéfico para o seu bem-estar.,6U0aRH1qNgw343CWaq8C,True,1778531162000,Ritmo Baixo,389da1f3a7c1d8de
low_intensity,05-05-2026 18:17:35,2,Um ritmo mais leve será benéfico para o seu bem-estar.,wkGIFMKz0ZXvxm0rd8IX,True,1778005055000,Ritmo Baixo,cb207a93391638cb
medium_intensity,21-05-2026 02:02:40,5,Este nível de atividade é ideal para o seu bem-estar.,9Ka9J9aPjQm8ZphTsrw6,True,1779328960000,Ritmo Saudável,2b95dd3cf28e7c18
low_intensity,27-05-2026 07:19:45,2,Um ritmo mais leve será benéfico para o seu bem-estar.,GhtWTJpZxRype09uF7UP,True,1779866385000,Ritmo Baixo,e8c9832b5c388bb5
low_intensity,17-05-2026 06:42:33,2,Um ritmo mais leve será benéfico para o seu bem-estar.,osI5oEcQ1GmMiBmF46RQ,True,1779000153000,Ritmo Baixo,64a94f9052422a0c
medium_intensity,11-05-2026 08:36:06,5,Este nível de atividade é ideal para o seu bem-estar.,9mmw8ybqoC1ff1bSEqfY,True,1778488566000,Ritmo Saudável,c837debb39dd1e68
medium_intensity,03-05-2026 02:02:57,5,Este nível de atividade é ideal para o seu bem-estar.,TijaBXOuhEMXosScrzC9,True,1777773777000,Ritmo Saudável,2b95dd3cf28e7c18
high_intensity,07-05-2026 23:38:47,10,Excelente intensidade! Continue assim.,2usxeH4pMhOt49RsmsVH,True,1778197127000,Alta Intensidade,d4389e820d4f82fa
low_intensity,26-05-2026 15:21:12,2,Um ritmo mais leve será benéfico para o seu bem-estar.,GiRU47XMRFN1vtBby5sC,True,1779808872000,Ritmo Baixo,53c682ded6545e06
low_intensity,24-05-2026 03:54:13,2,Um ritmo mais leve será benéfico para o seu bem-estar.,vuCTctdfK6VfbitxMG5d,True,1779594853000,Ritmo Baixo,7182af742e04dc6d
low_intensity,23-05-2026 09:23:20,2,Um ritmo mais leve será benéfico para o seu bem-estar.,zb9sdiMyTNZKlC8p1aaI,True,1779528200000,Ritmo Baixo,9d789fd91804129f
medium_intensity,20-05-2026 21:47:44,5,Este nível de atividade é ideal para o seu bem-estar.,LA1GOLVDHvcRyzcIeFHI,True,1779313664000,Ritmo Saudável,64a94f9052422a0c
low_intensity,28-05-2026 17:23:09,2,Um ritmo mais leve será benéfico para o seu bem-estar.,xq0IpRpBGMRtR4cfdUD4,True,1779988989000,Ritmo Baixo,55b620d8c0ab41e0
high_intensity,18-05-2026 18:26:00,10,Excelente intensidade! Continue assim.,XLBOlUr4T6EDL80zbZXo,True,1779128760000,Alta Intensidade,574582321d04df00
low_intensity,14-05-2026 18:40:34,2,Um ritmo mais leve será benéfico para o seu bem-estar.,AAUmOel72UEGYNLU0Aa5,True,1778784034000,Ritmo Baixo,057c44d337463e07
low_intensity,10-05-2026 22:09:15,2,Um ritmo mais leve será benéfico para o seu bem-estar.,dG0wQt9rScFK69pqcGg3,True,1778450955000,Ritmo Baixo,487b076a69a53671
low_intensity,14-05-2026 08:53:02,2,Um ritmo mais leve será benéfico para o seu bem-estar.,xcTuONrggPHpb2lwULDy,True,1778748782000,Ritmo Baixo,72ba4e2f87adceb5
high_intensity,08-05-2026 08:02:20,10,Excelente intensidade! Continue assim.,uFQN6ctbaE7oiDQp66Wd,True,1778227340000,Alta Intensidade,517fc5ca69b652a5
medium_intensity,13-05-2026 16:36:31,5,Este nível de atividade é ideal para o seu bem-estar.,rDsaZLBQs3CBcQw9grbX,True,1778690191000,Ritmo Saudável,0f98939ac68105bb
medium_intensity,04-05-2026 09:25:58,5,Este nível de atividade é ideal para o seu bem-estar.,fRY1JEe5aWvDV1j96C5T,True,1777886758000,Ritmo Saudável,c85cdb0ef48d09c8
low_intensity,21-05-2026 20:42:59,2,Um ritmo mais leve será benéfico para o seu bem-estar.,1Au2oXzyj1ow4shkvAwV,True,1779396179000,Ritmo Baixo,8f8c45c33ff51d0e
medium_intensity,09-05-2026 00:29:38,5,Este nível de atividade é ideal para o seu bem-estar.,1UvrtlxjDasxQkA3hlTE,True,1778286578000,Ritmo Saudável,514af2be7dc985d8
low_intensity,30-05-2026 11:34:20,2,Um ritmo mais leve será benéfico para o seu bem-estar.,Wlpyz6UcyBl5PRUOAymC,True,1780140860000,Ritmo Baixo,d4389e820d4f82fa
high_intensity,21-05-2026 23:51:31,10,Excelente intensidade! Continue assim.,SCwtjHjv7jZjspddcRqM,True,1779407491000,Alta Intensidade,3cc68b8049eb8d4c
low_intensity,09-05-2026 23:27:00,2,Um ritmo mais leve será benéfico para o seu bem-estar.,WWSsRmLd1gRk0EDTZVKg,True,1778369220000,Ritmo Baixo,cb207a93391638cb
medium_intensity,22-05-2026 14:53:04,5,Este nível de atividade é ideal para o seu bem-estar.,55tdF93YqsNuXmoJwbA8,True,1779461584000,Ritmo Saudável,3b1338c1207d1e2e
high_intensity,07-05-2026 09:20:00,10,Excelente intensidade! Continue assim.,mbFWPLiFmQXX3dHvp4Em,True,1778145600000,Alta Intensidade,e8c9832b5c388bb5
high_intensity,12-05-2026 03:07:12,10,Excelente intensidade! Continue assim.,aw2NSGOGfvM2nvH2XhbH,True,1778555232000,Alta Intensidade,3811390588367f0e
high_intensity,21-05-2026 13:59:57,10,Excelente intensidade! Continue assim.,d6kIrPzDa3eu5fGw1FXa,True,1779371997000,Alta Intensidade,5afe6ceac06784f5
medium_intensity,16-05-2026 19:09:06,5,Este nível de atividade é ideal para o seu bem-estar.,oG3TbIrTLGe3jBycGXq2,True,1778958546000,Ritmo Saudável,1791998ac3161359
medium_intensity,04-05-2026 06:14:34,5,Este nível de atividade é ideal para o seu bem-estar.,Qvzjst6y9vi47Q9EhADY,True,1777875274000,Ritmo Saudável,153c202e3cfef4ba
medium_intensity,11-05-2026 22:43:14,5,Este nível de atividade é ideal para o seu bem-estar.,l4roivixI6GqpQkBEVPU,True,1778539394000,Ritmo Saudável,5e1de20fecf98844
high_intensity,03-05-2026 07:58:12,10,Excelente intensidade! Continue assim.,I61fgmBIpE3PFqDBaP6z,True,1777795092000,Alta Intensidade,3b1338c1207d1e2e
low_intensity,09-05-2026 05:34:26,2,Um ritmo mais leve será benéfico para o seu bem-estar.,vxtB53gbCjKl0jXZGO1I,True,1778304866000,Ritmo Baixo,3811390588367f0e
low_intensity,14-05-2026 07:03:35,2,Um ritmo mais leve será benéfico para o seu bem-estar.,hn8IJSodkaQjEBjEWHSZ,True,1778742215000,Ritmo Baixo,57e17fffc619e182
low_intensity,15-05-2026 10:51:37,2,Um ritmo mais leve será benéfico para o seu bem-estar.,2fGyeH1zAkSrHN3Wjjzr,True,1778842297000,Ritmo Baixo,d5eb4d757b335d0e
medium_intensity,16-05-2026 07:53:19,5,Este nível de atividade é ideal para o seu bem-estar.,mhBlBUWq4FjKi2s48Dcw,True,1778917999000,Ritmo Saudável,93279918e60ec274
high_intensity,26-05-2026 02:13:16,10,Excelente intensidade! Continue assim.,vmvZtqBgBXtS981Cw2T6,True,1779761596000,Alta Intensidade,1b1cc9cee9f27003
high_intensity,10-05-2026 06:50:17,10,Excelente intensidade! Continue assim.,vYoL5kzLD2byokFhv0yC,True,1778395817000,Alta Intensidade,2a339e8954684016
medium_intensity,16-05-2026 12:19:43,5,Este nível de atividade é ideal para o seu bem-estar.,gV6vz7SAecJQpxAnJegF,True,1778933983000,Ritmo Saudável,18d281edb3671f44
medium_intensity,10-05-2026 08:17:35,5,Este nível de atividade é ideal para o seu bem-estar.,vRpcEnEMMTnYQ5GScPUv,True,1778401055000,Ritmo Saudável,5afe6ceac06784f5
medium_intensity,27-05-2026 02:48:14,5,Este nível de atividade é ideal para o seu bem-estar.,VZb0TLamo0n5TTiGJ2Sf,True,1779850094000,Ritmo Saudável,8e7f2987241c2818
high_intensity,28-05-2026 22:26:33,10,Excelente intensidade! Continue assim.,JFOWrZlRLrOtMV88K4u2,True,1780007193000,Alta Intensidade,39a54d73a921b9f6
high_intensity,16-05-2026 00:15:34,10,Excelente intensidade! Continue assim.,qSzCHtZYwQA2i2JXUpvK,True,1778890534000,Alta Intensidade,75778bdb64d1008e
medium_intensity,26-05-2026 16:32:02,5,Este nível de atividade é ideal para o seu bem-estar.,VkNxP94KecFecGk0APhY,True,1779813122000,Ritmo Saudável,057c44d337463e07
medium_intensity,08-05-2026 07:09:27,5,Este nível de atividade é ideal para o seu bem-estar.,2uEaAeolGoyU36KWLhJ2,True,1778224167000,Ritmo Saudável,057c44d337463e07
high_intensity,26-05-2026 14:25:08,10,Excelente intensidade! Continue assim.,ul9cNn9SQOKisTQErlUG,True,1779805508000,Alta Intensidade,3bd002cf1fcfa789
medium_intensity,17-05-2026 23:10:21,5,Este nível de atividade é ideal para o seu bem-estar.,kdaQVmQaO6CViGL4GKhw,True,1779059421000,Ritmo Saudável,2b95dd3cf28e7c18
medium_intensity,09-05-2026 16:04:22,5,Este nível de atividade é ideal para o seu bem-estar.,TaNZAG0zh5quoSpyUFmQ,True,1778342662000,Ritmo Saudável,3db4e6efff8b7518
medium_intensity,06-05-2026 03:23:57,5,Este nível de atividade é ideal para o seu bem-estar.,aAkUheTMP36dBKTarjXs,True,1778037837000,Ritmo Saudável,eb39e98aca20e7d3
medium_intensity,03-05-2026 11:44:32,5,Este nível de atividade é ideal para o seu bem-estar.,8OrgsVLxitXCbmxtLmFk,True,1777808672000,Ritmo Saudável,64a94f9052422a0c
high_intensity,28-05-2026 19:37:51,10,Excelente intensidade! Continue assim.,RdGrbvSh8ilfqYKbQBZq,True,1779997071000,Alta Intensidade,6f36a3307488809f
medium_intensity,25-05-2026 11:37:47,5,Este nível de atividade é ideal para o seu bem-estar.,fc6txS7Vltl53C3QU5Cj,True,1779709067000,Ritmo Saudável,bb4bb9fbcfcc16d1
high_intensity,02-05-2026 03:50:54,10,Excelente intensidade! Continue assim.,YVp4NpbAWqsTjOGM8mKP,True,1777693854000,Alta Intensidade,b30b0b43692b035b
medium_intensity,24-05-2026 07:34:57,5,Este nível de atividade é ideal para o seu bem-estar.,ngf3m9BGDnLiE7zp61Dj,True,1779608097000,Ritmo Saudável,d632e4ce536ec364
low_intensity,16-05-2026 02:18:12,2,Um ritmo mais leve será benéfico para o seu bem-estar.,u5g9L2n5lyJKNjijXX5A,True,1778897892000,Ritmo Baixo,42ac1a2bf982f79c
medium_intensity,14-05-2026 18:17:14,5,Este nível de atividade é ideal para o seu bem-estar.,OuIOBf1lOepWHiniQhKC,True,1778782634000,Ritmo Saudável,cbf338d836298cb7
low_intensity,12-05-2026 17:35:01,2,Um ritmo mais leve será benéfico para o seu bem-estar.,xvSRO3UYCsXMQlf1q8De,True,1778607301000,Ritmo Baixo,e8c9832b5c388bb5
low_intensity,20-05-2026 14:39:16,2,Um ritmo mais leve será benéfico para o seu bem-estar.,8eglZpjuuUQVp9lnMS72,True,1779287956000,Ritmo Baixo,3bd002cf1fcfa789
high_intensity,21-05-2026 02:55:35,10,Excelente intensidade! Continue assim.,Go8nJtqsMMuIFqs0883S,True,1779332135000,Alta Intensidade,430f674c6dfe941a
medium_intensity,05-05-2026 09:41:36,5,Este nível de atividade é ideal para o seu bem-estar.,7wR6GfypiZ6bPihfxHUs,True,1777974096000,Ritmo Saudável,a2fd30e5fa49ad53
medium_intensity,20-05-2026 09:49:49,5,Este nível de atividade é ideal para o seu bem-estar.,7GW3y8Tc353UjFKna5UW,True,1779270589000,Ritmo Saudável,5311a0642c2564ad
low_intensity,19-05-2026 03:42:48,2,Um ritmo mais leve será benéfico para o seu bem-estar.,6etR8Dv8502MULMGJ6om,True,1779162168000,Ritmo Baixo,3993ad7e2565b6b0
high_intensity,28-05-2026 17:52:09,10,Excelente intensidade! Continue assim.,YcC3ySdBu8aHTpge9Wsr,True,1779990729000,Alta Intensidade,c7f34dc43387f858
high_intensity,29-05-2026 09:48:57,10,Excelente intensidade! Continue assim.,Bl06Fqdt0fQRFgo0ola0,True,1780048137000,Alta Intensidade,57e17fffc619e182
low_intensity,24-05-2026 20:34:13,2,Um ritmo mais leve será benéfico para o seu bem-estar.,FUpwESio9pgyyR8Cyfxp,True,1779654853000,Ritmo Baixo,5311a0642c2564ad
medium_intensity,06-05-2026 10:14:01,5,Este nível de atividade é ideal para o seu bem-estar.,4gPhopbMNYPgPHHamZjH,True,1778062441000,Ritmo Saudável,d632e4ce536ec364
medium_intensity,29-05-2026 09:38:48,5,Este nível de atividade é ideal para o seu bem-estar.,ZHeKTeQbDPuvb7jpzoD3,True,1780047528000,Ritmo Saudável,e84878f982129128
medium_intensity,24-05-2026 08:32:35,5,Este nível de atividade é ideal para o seu bem-estar.,8RX6GBupGTafHBINw2NX,True,1779611555000,Ritmo Saudável,0f98939ac68105bb
low_intensity,04-05-2026 16:54:36,2,Um ritmo mais leve será benéfico para o seu bem-estar.,pmLnFkWFYpSKu7IGEzgH,True,1777913676000,Ritmo Baixo,5e1de20fecf98844
high_intensity,08-05-2026 02:00:05,10,Excelente intensidade! Continue assim.,xNaD6Yqd1vm3c4ynC6d9,True,1778205605000,Alta Intensidade,91279a646f8ea6ac
low_intensity,05-05-2026 19:53:38,2,Um ritmo mais leve será benéfico para o seu bem-estar.,ZkKbbTVsmybWvk3jfFih,True,1778010818000,Ritmo Baixo,17b4966e9be4d8d8
high_intensity,10-05-2026 11:19:06,10,Excelente intensidade! Continue assim.,DxgPogZ5T4a8sM0Jefer,True,1778411946000,Alta Intensidade,da211edc7bac01a0
medium_intensity,26-05-2026 07:32:30,5,Este nível de atividade é ideal para o seu bem-estar.,ItfNg20aSJE9Be4y87dF,True,1779780750000,Ritmo Saudável,234da97fe615c6b7
high_intensity,04-05-2026 12:27:39,10,Excelente intensidade! Continue assim.,QwtpP61KTJnJBQbw3wqy,True,1777897659000,Alta Intensidade,b8e78b83a62a0cb7
low_intensity,02-05-2026 07:07:37,2,Um ritmo mais leve será benéfico para o seu bem-estar.,85g9e7scegulw8wG6lwG,True,1777705657000,Ritmo Baixo,514af2be7dc985d8
high_intensity,10-05-2026 01:26:06,10,Excelente intensidade! Continue assim.,5F1sSt8owM0UDAUWtaGw,True,1778376366000,Alta Intensidade,93279918e60ec274
high_intensity,24-05-2026 21:07:36,10,Excelente intensidade! Continue assim.,tlfiQxGLcij5q1Fkjwoe,True,1779656856000,Alta Intensidade,8f8c45c33ff51d0e
high_intensity,22-05-2026 09:35:07,10,Excelente intensidade! Continue assim.,4qVSkuu50g77U9UrLfKH,True,1779442507000,Alta Intensidade,f7af4712fd6b9108
low_intensity,25-05-2026 11:03:33,2,Um ritmo mais leve será benéfico para o seu bem-estar.,ppnxhH6XYtQnUNO88jgJ,True,1779707013000,Ritmo Baixo,8e2e127651e9cbde
low_intensity,07-05-2026 17:05:18,2,Um ritmo mais leve será benéfico para o seu bem-estar.,B0JwqzSknghAmhKg7dHu,True,1778173518000,Ritmo Baixo,3cc68b8049eb8d4c
medium_intensity,19-05-2026 21:46:11,5,Este nível de atividade é ideal para o seu bem-estar.,hmLY64miIJqVIBUNaVkM,True,1779227171000,Ritmo Saudável,3bc1bf7fb69f3ba3
high_intensity,20-05-2026 23:47:22,10,Excelente intensidade! Continue assim.,A5aHlXVAmwjus3yDsx71,True,1779320842000,Alta Intensidade,0e52f2934d8ce165
medium_intensity,21-05-2026 12:48:37,5,Este nível de atividade é ideal para o seu bem-estar.,SMLxUQALu0ur72aCiExk,True,1779367717000,Ritmo Saudável,8e7f2987241c2818
low_intensity,15-05-2026 23:31:01,2,Um ritmo mais leve será benéfico para o seu bem-estar.,RRT5AS4VpsTWpf3znp79,True,1778887861000,Ritmo Baixo,8f8c45c33ff51d0e
high_intensity,20-05-2026 05:47:07,10,Excelente intensidade! Continue assim.,uCAc4NV0MHYQrTiV1DG1,True,1779256027000,Alta Intensidade,2618243a251bd83f
low_intensity,27-05-2026 20:14:10,2,Um ritmo mais leve será benéfico para o seu bem-estar.,LRf4uY9y1vQhXvE8otqQ,True,1779912850000,Ritmo Baixo,2f2bd7547d602b7a
low_intensity,04-05-2026 16:06:31,2,Um ritmo mais leve será benéfico para o seu bem-estar.,NrQ20xO74aGnxPsI4Cgv,True,1777910791000,Ritmo Baixo,1d3db575c4a79d75
low_intensity,03-05-2026 01:13:13,2,Um ritmo mais leve será benéfico para o seu bem-estar.,iCJ12K0BKcUvbpRa8Eyq,True,1777770793000,Ritmo Baixo,1791998ac3161359
medium_intensity,14-05-2026 14:36:19,5,Este nível de atividade é ideal para o seu bem-estar.,TZprINQMun1qLxwVxW9B,True,1778769379000,Ritmo Saudável,cbf338d836298cb7
high_intensity,29-05-2026 11:02:10,10,Excelente intensidade! Continue assim.,I41OVYyYYpRMm8LhXEn1,True,1780052530000,Alta Intensidade,04964f8452901231
medium_intensity,11-05-2026 04:13:11,5,Este nível de atividade é ideal para o seu bem-estar.,3f69lwbyqYnTDRb2sIzS,True,1778472791000,Ritmo Saudável,867d47425e9cccc7
low_intensity,24-05-2026 11:40:14,2,Um ritmo mais leve será benéfico para o seu bem-estar.,NwgHhTjs1Lz65cZ4VZ4B,True,1779622814000,Ritmo Baixo,42ac1a2bf982f79c
high_intensity,10-05-2026 00:30:04,10,Excelente intensidade! Continue assim.,BdoDSvraqVNGONcgpyME,True,1778373004000,Alta Intensidade,131c7dd8f3ab4b35
low_intensity,08-05-2026 03:08:20,2,Um ritmo mais leve será benéfico para o seu bem-estar.,bZq9JNfKsOOVucRhxaCA,True,1778209700000,Ritmo Baixo,f7af4712fd6b9108
high_intensity,28-05-2026 07:49:51,10,Excelente intensidade! Continue assim.,9ju6py9kFT8kMZnaksq2,True,1779954591000,Alta Intensidade,13db178cd9a1e37a
high_intensity,11-05-2026 18:45:36,10,Excelente intensidade! Continue assim.,d4jtZgKHEhf2txJdacBa,True,1778525136000,Alta Intensidade,7182af742e04dc6d
high_intensity,10-05-2026 04:18:58,10,Excelente intensidade! Continue assim.,k8lLiv02ZoWMAOvM7OLb,True,1778386738000,Alta Intensidade,e1bd0a847e7079be
low_intensity,23-05-2026 01:33:25,2,Um ritmo mais leve será benéfico para o seu bem-estar.,cw2bnMcaWY6xqtavcOMU,True,1779500005000,Ritmo Baixo,d57d393b16ba030e
low_intensity,15-05-2026 09:49:18,2,Um ritmo mais leve será benéfico para o seu bem-estar.,mZ1ORBc7LuRT8Xu1zJAr,True,1778838558000,Ritmo Baixo,556be8558ce56421
high_intensity,19-05-2026 00:15:04,10,Excelente intensidade! Continue assim.,V54DL6Fv4I3CY5wMMGAZ,True,1779149704000,Alta Intensidade,bb4bb9fbcfcc16d1
low_intensity,09-05-2026 11:00:47,2,Um ritmo mais leve será benéfico para o seu bem-estar.,g0assbnjyP5tkKndC6v1,True,1778324447000,Ritmo Baixo,c6a2d85265d19a41
low_intensity,09-05-2026 05:26:57,2,Um ritmo mais leve será benéfico para o seu bem-estar.,TvV6pn4IVFzS6AD8gxwQ,True,1778304417000,Ritmo Baixo,6f36a3307488809f
low_intensity,09-05-2026 22:01:01,2,Um ritmo mais leve será benéfico para o seu bem-estar.,8pbHDJI8GF86V4QFEhQE,True,1778364061000,Ritmo Baixo,ce246387dd078174
high_intensity,05-05-2026 10:44:37,10,Excelente intensidade! Continue assim.,hWpWM8zQrsIl5CqLnqRy,True,1777977877000,Alta Intensidade,5311a0642c2564ad
high_intensity,21-05-2026 17:11:12,10,Excelente intensidade! Continue assim.,HXP4a9uAJqKAHETch0YN,True,1779383472000,Alta Intensidade,cb4c1290e91970dd
low_intensity,30-05-2026 05:45:01,2,Um ritmo mais leve será benéfico para o seu bem-estar.,4sgwZQJIIl2WTcOrOuc6,True,1780119901000,Ritmo Baixo,2f2bd7547d602b7a
low_intensity,19-05-2026 08:23:16,2,Um ritmo mais leve será benéfico para o seu bem-estar.,hxktautfbaDPmAYqTHSg,True,1779178996000,Ritmo Baixo,6588d11c4a11acb1
low_intensity,14-05-2026 05:35:51,2,Um ritmo mais leve será benéfico para o seu bem-estar.,SGXqA41YQtcTOjRa6yA2,True,1778736951000,Ritmo Baixo,6214b1b462c04096
medium_intensity,28-05-2026 04:36:17,5,Este nível de atividade é ideal para o seu bem-estar.,ZYE1Ej12WJXizg2PudS5,True,1779942977000,Ritmo Saudável,c31244cee16e0c77
high_intensity,24-05-2026 05:35:00,10,Excelente intensidade! Continue assim.,mk1EfJFToNMq1zjeT9HB,True,1779600900000,Alta Intensidade,131c7dd8f3ab4b35
low_intensity,04-05-2026 23:46:10,2,Um ritmo mais leve será benéfico para o seu bem-estar.,bHpZhjt9jaYE9eej4Tp7,True,1777938370000,Ritmo Baixo,de2dde23040292bc
medium_intensity,06-05-2026 03:56:32,5,Este nível de atividade é ideal para o seu bem-estar.,DI1IiF0xjLtQSN7d3tkY,True,1778039792000,Ritmo Saudável,eb39e98aca20e7d3
low_intensity,19-05-2026 15:02:40,2,Um ritmo mais leve será benéfico para o seu bem-estar.,j4BDiFJVvejxpBARIgBu,True,1779202960000,Ritmo Baixo,c51d4eb54f89fec8
high_intensity,15-05-2026 14:16:16,10,Excelente intensidade! Continue assim.,7tsWlpiSg2843A5GHy5l,True,1778854576000,Alta Intensidade,eb39e98aca20e7d3
high_intensity,15-05-2026 01:06:44,10,Excelente intensidade! Continue assim.,N9dA0LT1kIfSO47ceGJG,True,1778807204000,Alta Intensidade,06961ead71f8b1d8
medium_intensity,24-05-2026 14:52:15,5,Este nível de atividade é ideal para o seu bem-estar.,Dl9YKdLSj1LlxSQLqC0q,True,1779634335000,Ritmo Saudável,7f281c8dbac1f799
low_intensity,29-05-2026 18:16:21,2,Um ritmo mais leve será benéfico para o seu bem-estar.,zV1T2clygFaBHdZtzMKX,True,1780078581000,Ritmo Baixo,5311a0642c2564ad
low_intensity,12-05-2026 17:45:23,2,Um ritmo mais leve será benéfico para o seu bem-estar.,PbJHaCAhloC8fpcJVJYH,True,1778607923000,Ritmo Baixo,102edb38b5ec347f
low_intensity,11-05-2026 07:12:30,2,Um ritmo mais leve será benéfico para o seu bem-estar.,fEEiUj1eHkQDZogE84xM,True,1778483550000,Ritmo Baixo,7182af742e04dc6d
low_intensity,27-05-2026 21:11:44,2,Um ritmo mais leve será benéfico para o seu bem-estar.,F3DCdjJVwytHlbLqgRcl,True,1779916304000,Ritmo Baixo,13db178cd9a1e37a
medium_intensity,16-05-2026 09:17:19,5,Este nível de atividade é ideal para o seu bem-estar.,eBAJMzkjVAvq4QEBokhY,True,1778923039000,Ritmo Saudável,17b4966e9be4d8d8
medium_intensity,11-05-2026 23:05:00,5,Este nível de atividade é ideal para o seu bem-estar.,f7XyFaC0n5DJQ3DmngH3,True,1778540700000,Ritmo Saudável,8f8c45c33ff51d0e
medium_intensity,24-05-2026 22:13:55,5,Este nível de atividade é ideal para o seu bem-estar.,2OPJWA13nuXvDZWdmHg3,True,1779660835000,Ritmo Saudável,8e7f2987241c2818
medium_intensity,04-05-2026 08:47:37,5,Este nível de atividade é ideal para o seu bem-estar.,s93qrUQJNuJrR1BsP9OA,True,1777884457000,Ritmo Saudável,75778bdb64d1008e
low_intensity,04-05-2026 07:16:32,2,Um ritmo mais leve será benéfico para o seu bem-estar.,bjnqCtLmF7mYYHPrRxHK,True,1777878992000,Ritmo Baixo,1d3db575c4a79d75
high_intensity,28-05-2026 01:08:14,10,Excelente intensidade! Continue assim.,OYDwCHxsW4jtZ0BgXAS9,True,1779930494000,Alta Intensidade,c34c1310eab19c87
low_intensity,27-05-2026 17:26:10,2,Um ritmo mais leve será benéfico para o seu bem-estar.,gqdyTk2Zz3f21TuYpI20,True,1779902770000,Ritmo Baixo,1b38ab967d98cc4e
low_intensity,09-05-2026 21:35:57,2,Um ritmo mais leve será benéfico para o seu bem-estar.,j8iWy6ZHvL47DqRPptxo,True,1778362557000,Ritmo Baixo,3993ad7e2565b6b0
medium_intensity,16-05-2026 20:23:40,5,Este nível de atividade é ideal para o seu bem-estar.,bgFn2OpZJXUJRG5HiLm7,True,1778963020000,Ritmo Saudável,2a339e8954684016
low_intensity,09-05-2026 10:50:45,2,Um ritmo mais leve será benéfico para o seu bem-estar.,DmfbLFJ0i0VEw2KVtaNg,True,1778323845000,Ritmo Baixo,bc74204126e384ca
medium_intensity,09-05-2026 20:15:46,5,Este nível de atividade é ideal para o seu bem-estar.,aRyxV4z5R86mmrU9KRYZ,True,1778357746000,Ritmo Saudável,95744df47936b8c4
high_intensity,14-05-2026 18:22:26,10,Excelente intensidade! Continue assim.,zqmzQWLl7B3c2LnRhPsb,True,1778782946000,Alta Intensidade,102edb38b5ec347f
medium_intensity,10-05-2026 11:49:01,5,Este nível de atividade é ideal para o seu bem-estar.,nRzWJOt9uYUEaoNt840y,True,1778413741000,Ritmo Saudável,552b8d6c350cb13c
high_intensity,09-05-2026 12:17:06,10,Excelente intensidade! Continue assim.,1ANr3t0jMbK3xdXS1VWp,True,1778329026000,Alta Intensidade,c6a2d85265d19a41
low_intensity,02-05-2026 22:18:02,2,Um ritmo mais leve será benéfico para o seu bem-estar.,S3dgWbMBwGCT8oCPXCxF,True,1777760282000,Ritmo Baixo,5a7b6516c51a4d4e
high_intensity,14-05-2026 03:00:33,10,Excelente intensidade! Continue assim.,Q2W7XCb3oot2QWdNj86E,True,1778727633000,Alta Intensidade,2618243a251bd83f
low_intensity,08-05-2026 17:53:18,2,Um ritmo mais leve será benéfico para o seu bem-estar.,okxJ9u8lZMIYiB2QiVgg,True,1778262798000,Ritmo Baixo,d632e4ce536ec364
low_intensity,13-05-2026 10:58:52,2,Um ritmo mais leve será benéfico para o seu bem-estar.,0S2JyapPjJp12xg6a0B5,True,1778669932000,Ritmo Baixo,5311a0642c2564ad
high_intensity,05-05-2026 06:02:56,10,Excelente intensidade! Continue assim.,yBH3JJGtij3RSn4Xbqrx,True,1777960976000,Alta Intensidade,9d16533a62ab9315
low_intensity,06-05-2026 05:36:59,2,Um ritmo mais leve será benéfico para o seu bem-estar.,c817UQLgamC461pjepjq,True,1778045819000,Ritmo Baixo,867d47425e9cccc7
low_intensity,07-05-2026 22:21:59,2,Um ritmo mais leve será benéfico para o seu bem-estar.,AzZ6rTcHpKean0vZfHW1,True,1778192519000,Ritmo Baixo,bbbe498ee44f6349
low_intensity,24-05-2026 04:01:05,2,Um ritmo mais leve será benéfico para o seu bem-estar.,IFNku8v2F1a6K6ZNMJKs,True,1779595265000,Ritmo Baixo,c51d4eb54f89fec8
high_intensity,01-05-2026 00:54:47,10,Excelente intensidade! Continue assim.,ZkmF0TiuAJN4s9iHVnOJ,True,1777596887000,Alta Intensidade,2618243a251bd83f
medium_intensity,26-05-2026 10:13:47,5,Este nível de atividade é ideal para o seu bem-estar.,ctAWohdl0xXDHrJFZvr1,True,1779790427000,Ritmo Saudável,4c885efe7bde3ff4
low_intensity,26-05-2026 16:19:08,2,Um ritmo mais leve será benéfico para o seu bem-estar.,OTAJgmNcI3t850E2rpAU,True,1779812348000,Ritmo Baixo,1b38ab967d98cc4e
low_intensity,25-05-2026 18:24:22,2,Um ritmo mais leve será benéfico para o seu bem-estar.,wzLykaXR42KwXpKvGeM0,True,1779733462000,Ritmo Baixo,e84878f982129128
medium_intensity,23-05-2026 22:54:47,5,Este nível de atividade é ideal para o seu bem-estar.,ysvb5yZNTwBR4LVNRinQ,True,1779576887000,Ritmo Saudável,39a54d73a921b9f6
high_intensity,17-05-2026 06:09:45,10,Excelente intensidade! Continue assim.,k3FNpdqr5eJhvTF5e4aR,True,1778998185000,Alta Intensidade,2f2bd7547d602b7a
high_intensity,26-05-2026 21:04:49,10,Excelente intensidade! Continue assim.,7fSrxyVzFuHkb9H0aMKk,True,1779829489000,Alta Intensidade,18d281edb3671f44
high_intensity,14-05-2026 02:23:25,10,Excelente intensidade! Continue assim.,GnDsN966iMkGB42xh3X5,True,1778725405000,Alta Intensidade,389da1f3a7c1d8de
low_intensity,13-05-2026 00:51:35,2,Um ritmo mais leve será benéfico para o seu bem-estar.,MlVbXLjXEUExylNZqqIG,True,1778633495000,Ritmo Baixo,55b620d8c0ab41e0
low_intensity,16-05-2026 14:37:49,2,Um ritmo mais leve será benéfico para o seu bem-estar.,AmAM6uyD5ARAm7e9504q,True,1778942269000,Ritmo Baixo,c31244cee16e0c77
medium_intensity,09-05-2026 08:31:56,5,Este nível de atividade é ideal para o seu bem-estar.,2MbfRXHwDf24g1YdVLan,True,1778315516000,Ritmo Saudável,a2fd30e5fa49ad53
medium_intensity,05-05-2026 21:06:35,5,Este nível de atividade é ideal para o seu bem-estar.,X55MB49lTxvphrCnx5gq,True,1778015195000,Ritmo Saudável,867d47425e9cccc7
low_intensity,22-05-2026 10:32:29,2,Um ritmo mais leve será benéfico para o seu bem-estar.,q2P0LvSqUAU5RnEiN2s5,True,1779445949000,Ritmo Baixo,ec75a53f04901eec
low_intensity,23-05-2026 11:43:49,2,Um ritmo mais leve será benéfico para o seu bem-estar.,SAgs4LLwaevgYrCCK1so,True,1779536629000,Ritmo Baixo,b30b0b43692b035b
high_intensity,18-05-2026 02:40:41,10,Excelente intensidade! Continue assim.,Q93rXWEwL7CDZPd2kGGM,True,1779072041000,Alta Intensidade,3c58290022ed11b1
low_intensity,01-05-2026 05:30:19,2,Um ritmo mais leve será benéfico para o seu bem-estar.,8T2MHVZUup8G8TN8qSmJ,True,1777613419000,Ritmo Baixo,6214b1b462c04096
medium_intensity,04-05-2026 07:19:15,5,Este nível de atividade é ideal para o seu bem-estar.,aO5hz5dAhNfOGJLNNDE9,True,1777879155000,Ritmo Saudável,3811390588367f0e
low_intensity,01-05-2026 16:28:47,2,Um ritmo mais leve será benéfico para o seu bem-estar.,UNKWI25QkWuh0kExzwxz,True,1777652927000,Ritmo Baixo,f7c6682ad24d37f8
medium_intensity,18-05-2026 16:15:02,5,Este nível de atividade é ideal para o seu bem-estar.,vR5ZjHV2dWc0s3pabW3u,True,1779120902000,Ritmo Saudável,8e7f2987241c2818
high_intensity,20-05-2026 17:38:09,10,Excelente intensidade! Continue assim.,ArL2Qtcpck3kAw14fr41,True,1779298689000,Alta Intensidade,53c682ded6545e06
medium_intensity,16-05-2026 02:34:01,5,Este nível de atividade é ideal para o seu bem-estar.,P8fbFc42M0dFS7uLDoIl,True,1778898841000,Ritmo Saudável,867d47425e9cccc7
medium_intensity,09-05-2026 09:53:27,5,Este nível de atividade é ideal para o seu bem-estar.,784e47hwVsVftnyaOymj,True,1778320407000,Ritmo Saudável,72bd2672c948d2cb
high_intensity,20-05-2026 17:17:33,10,Excelente intensidade! Continue assim.,5w8rQJkdcSBHFz2tGzWN,True,1779297453000,Alta Intensidade,82a83fc853728306
high_intensity,04-05-2026 10:59:50,10,Excelente intensidade! Continue assim.,EPqn7m545FMFfuSi6rEn,True,1777892390000,Alta Intensidade,24d6a87b0598b02e
low_intensity,21-05-2026 02:33:54,2,Um ritmo mais leve será benéfico para o seu bem-estar.,XqPVpgBKozWTReUODvLg,True,1779330834000,Ritmo Baixo,1791998ac3161359
high_intensity,07-05-2026 20:22:50,10,Excelente intensidade! Continue assim.,l6JvXnFuyxRwGMK42Bn7,True,1778185370000,Alta Intensidade,1d3db575c4a79d75
low_intensity,11-05-2026 22:27:06,2,Um ritmo mais leve será benéfico para o seu bem-estar.,JWda3kczXuj8mKwwn3TA,True,1778538426000,Ritmo Baixo,42d576864f9952c7
high_intensity,22-05-2026 00:00:57,10,Excelente intensidade! Continue assim.,Uy4VnfEv9P8GfLb7VDcC,True,1779408057000,Alta Intensidade,c0014ea2ee2fdaea
low_intensity,05-05-2026 01:46:09,2,Um ritmo mais leve será benéfico para o seu bem-estar.,zYBoMsh9SAphMTQcbyQz,True,1777945569000,Ritmo Baixo,fb188f553674b4c4
high_intensity,08-05-2026 00:53:37,10,Excelente intensidade! Continue assim.,p57a7vvonKQ0DqB4sNmo,True,1778201617000,Alta Intensidade,3cc68b8049eb8d4c
low_intensity,07-05-2026 20:51:42,2,Um ritmo mais leve será benéfico para o seu bem-estar.,TbAtZuCpvwfNEOl25yg4,True,1778187102000,Ritmo Baixo,39a54d73a921b9f6
low_intensity,29-05-2026 15:23:49,2,Um ritmo mais leve será benéfico para o seu bem-estar.,CBWdRyimI0ITC5M0VFM8,True,1780068229000,Ritmo Baixo,95744df47936b8c4
medium_intensity,07-05-2026 09:48:05,5,Este nível de atividade é ideal para o seu bem-estar.,nTmonHxyv74xRa0w5aRh,True,1778147285000,Ritmo Saudável,bb80f878cef35322
high_intensity,07-05-2026 12:24:41,10,Excelente intensidade! Continue assim.,4FA4c5RfXUYOK0g1PsDm,True,1778156681000,Alta Intensidade,d5eb4d757b335d0e
medium_intensity,10-05-2026 20:31:34,5,Este nível de atividade é ideal para o seu bem-estar.,BHO8tLyBV9bV23Ys7kqm,True,1778445094000,Ritmo Saudável,e7eb35b501d57e1f
low_intensity,27-05-2026 13:44:04,2,Um ritmo mais leve será benéfico para o seu bem-estar.,IUcU6eqACtH8Q9AfkZTw,True,1779889444000,Ritmo Baixo,389da1f3a7c1d8de
low_intensity,23-05-2026 00:47:36,2,Um ritmo mais leve será benéfico para o seu bem-estar.,l0WJMVB4Axy3SECNGkVv,True,1779497256000,Ritmo Baixo,e7eb35b501d57e1f
medium_intensity,15-05-2026 06:01:08,5,Este nível de atividade é ideal para o seu bem-estar.,YPhyHoALRKmTKkPkkIrd,True,1778824868000,Ritmo Saudável,3811390588367f0e
medium_intensity,28-05-2026 08:29:46,5,Este nível de atividade é ideal para o seu bem-estar.,oWrZxpPYduFwjUC8gZjA,True,1779956986000,Ritmo Saudável,5311a0642c2564ad
medium_intensity,12-05-2026 17:44:38,5,Este nível de atividade é ideal para o seu bem-estar.,yzt5mo9QhALYfkoVVYO8,True,1778607878000,Ritmo Saudável,93279918e60ec274
high_intensity,26-05-2026 11:15:38,10,Excelente intensidade! Continue assim.,t3dhoD6R8d1wIDAqyHTq,True,1779794138000,Alta Intensidade,9d789fd91804129f
low_intensity,13-05-2026 00:25:46,2,Um ritmo mais leve será benéfico para o seu bem-estar.,Xi2L4QGCOjNzsDW5G2zT,True,1778631946000,Ritmo Baixo,1d3db575c4a79d75
high_intensity,12-05-2026 16:12:43,10,Excelente intensidade! Continue assim.,9auabmt24wsXvhYRZwe9,True,1778602363000,Alta Intensidade,6f36a3307488809f
low_intensity,23-05-2026 12:00:50,2,Um ritmo mais leve será benéfico para o seu bem-estar.,woPRJ2qKslCsbIL2SXkz,True,1779537650000,Ritmo Baixo,82a83fc853728306
high_intensity,22-05-2026 19:44:34,10,Excelente intensidade! Continue assim.,ITaLs1Sg56Fj7PfoYkgT,True,1779479074000,Alta Intensidade,3993ad7e2565b6b0
high_intensity,25-05-2026 17:44:34,10,Excelente intensidade! Continue assim.,nGpeTU9Sqwr9HqxHlsOT,True,1779731074000,Alta Intensidade,c51d4eb54f89fec8
medium_intensity,22-05-2026 08:46:03,5,Este nível de atividade é ideal para o seu bem-estar.,r1aHkFkJXmOVbzpPvjWn,True,1779439563000,Ritmo Saudável,8f8c45c33ff51d0e
low_intensity,02-05-2026 15:05:16,2,Um ritmo mais leve será benéfico para o seu bem-estar.,3dJPfHv0HbjeNimMMB81,True,1777734316000,Ritmo Baixo,4c885efe7bde3ff4
low_intensity,23-05-2026 04:34:04,2,Um ritmo mais leve será benéfico para o seu bem-estar.,U5riFlMFhzlKze905Jd0,True,1779510844000,Ritmo Baixo,0f98939ac68105bb
low_intensity,29-05-2026 08:39:22,2,Um ritmo mais leve será benéfico para o seu bem-estar.,4zf1SsjXoxK00plSCDOY,True,1780043962000,Ritmo Baixo,8e2e127651e9cbde
low_intensity,13-05-2026 09:24:34,2,Um ritmo mais leve será benéfico para o seu bem-estar.,ArGZx6DRECJRnqB0a6zL,True,1778664274000,Ritmo Baixo,923d0315f3ae2bb3
low_intensity,15-05-2026 05:28:17,2,Um ritmo mais leve será benéfico para o seu bem-estar.,ohWuzSciMW4tZTX02SGh,True,1778822897000,Ritmo Baixo,64a94f9052422a0c
high_intensity,09-05-2026 02:34:00,10,Excelente intensidade! Continue assim.,zInus3D9XVI2c7mnUx1j,True,1778294040000,Alta Intensidade,95744df47936b8c4
medium_intensity,29-05-2026 14:03:20,5,Este nível de atividade é ideal para o seu bem-estar.,4M3HQhS4SIIMiLl0LQau,True,1780063400000,Ritmo Saudável,42d576864f9952c7
high_intensity,05-05-2026 20:52:31,10,Excelente intensidade! Continue assim.,caCCk2dUJlLG1GazW2D2,True,1778014351000,Alta Intensidade,c51d4eb54f89fec8
low_intensity,27-05-2026 17:52:28,2,Um ritmo mais leve será benéfico para o seu bem-estar.,mzgmDVtV5PmSy2I6c8i8,True,1779904348000,Ritmo Baixo,04964f8452901231
low_intensity,29-05-2026 23:14:01,2,Um ritmo mais leve será benéfico para o seu bem-estar.,Bl2W3hjFLv2NSCO3QjQt,True,1780096441000,Ritmo Baixo,e84878f982129128
medium_intensity,29-05-2026 21:50:47,5,Este nível de atividade é ideal para o seu bem-estar.,JUjTztWrdZ3oXge58asW,True,1780091447000,Ritmo Saudável,b30b0b43692b035b
high_intensity,18-05-2026 11:07:18,10,Excelente intensidade! Continue assim.,NpGc7fcvvdu97uU8siT4,True,1779102438000,Alta Intensidade,bb80f878cef35322
medium_intensity,01-05-2026 17:13:24,5,Este nível de atividade é ideal para o seu bem-estar.,BrkyFvGdeLbdBYpc1Da3,True,1777655604000,Ritmo Saudável,bc74204126e384ca
medium_intensity,13-05-2026 15:29:55,5,Este nível de atividade é ideal para o seu bem-estar.,qC2BWxErndD269plVPK2,True,1778686195000,Ritmo Saudável,1d6285f5502cf1f8
medium_intensity,14-05-2026 06:26:48,5,Este nível de atividade é ideal para o seu bem-estar.,aXdGwsCMz8QfYnP59MqJ,True,1778740008000,Ritmo Saudável,b8e78b83a62a0cb7
low_intensity,21-05-2026 12:08:51,2,Um ritmo mais leve será benéfico para o seu bem-estar.,HGPN8RKDecDT15sKYljE,True,1779365331000,Ritmo Baixo,6f36a3307488809f
medium_intensity,08-05-2026 22:29:47,5,Este nível de atividade é ideal para o seu bem-estar.,QI2PvBEzuVwDLFXsJOpM,True,1778279387000,Ritmo Saudável,53c682ded6545e06
high_intensity,13-05-2026 17:24:45,10,Excelente intensidade! Continue assim.,YBHFtteB2hzTyI9DQ3P4,True,1778693085000,Alta Intensidade,6f36a3307488809f
high_intensity,29-05-2026 03:58:55,10,Excelente intensidade! Continue assim.,9mwhZKPSdqXbebwpEJzy,True,1780027135000,Alta Intensidade,55b620d8c0ab41e0
low_intensity,13-05-2026 03:35:41,2,Um ritmo mais leve será benéfico para o seu bem-estar.,iKY2QQ6eZO71PVQwFhY3,True,1778643341000,Ritmo Baixo,b8e78b83a62a0cb7
medium_intensity,03-05-2026 06:52:01,5,Este nível de atividade é ideal para o seu bem-estar.,GDrqDJtRaD26E84SoB2i,True,1777791121000,Ritmo Saudável,1bd749deaf799034
low_intensity,26-05-2026 18:07:47,2,Um ritmo mais leve será benéfico para o seu bem-estar.,f2DTeFj77KmmFKrpyL1K,True,1779818867000,Ritmo Baixo,19a558ecc36977ce
low_intensity,06-05-2026 20:58:31,2,Um ritmo mais leve será benéfico para o seu bem-estar.,dK9IL6LNc17h0MBc9LPM,True,1778101111000,Ritmo Baixo,de2dde23040292bc
low_intensity,19-05-2026 00:00:57,2,Um ritmo mais leve será benéfico para o seu bem-estar.,0gJ2Wmr7zEyshxh5YJAA,True,1779148857000,Ritmo Baixo,f879804e4456e5d4
low_intensity,27-05-2026 15:43:35,2,Um ritmo mais leve será benéfico para o seu bem-estar.,otzcMqaUrszxnWer7Fdp,True,1779896615000,Ritmo Baixo,c7f34dc43387f858
low_intensity,07-05-2026 09:08:40,2,Um ritmo mais leve será benéfico para o seu bem-estar.,8GGO5WEI2dPDVQllu6gd,True,1778144920000,Ritmo Baixo,4c885efe7bde3ff4
medium_intensity,02-05-2026 16:38:29,5,Este nível de atividade é ideal para o seu bem-estar.,vdZOXPF5bFw25ZghoGIL,True,1777739909000,Ritmo Saudável,bc74204126e384ca
high_intensity,11-05-2026 19:22:30,10,Excelente intensidade! Continue assim.,SrqzEvbYKVnv0SkXdxhA,True,1778527350000,Alta Intensidade,6f36a3307488809f
low_intensity,06-05-2026 17:01:30,2,Um ritmo mais leve será benéfico para o seu bem-estar.,6OP12W8lnTw0OfvckzZj,True,1778086890000,Ritmo Baixo,4c885efe7bde3ff4
medium_intensity,05-05-2026 08:50:17,5,Este nível de atividade é ideal para o seu bem-estar.,byr5W6ubOTPENoi3aKSv,True,1777971017000,Ritmo Saudável,c34c1310eab19c87
high_intensity,09-05-2026 07:57:20,10,Excelente intensidade! Continue assim.,SmqDGDdhAWbr0u2XX2YL,True,1778313440000,Alta Intensidade,04964f8452901231
medium_intensity,03-05-2026 13:18:51,5,Este nível de atividade é ideal para o seu bem-estar.,uYFZ72c8M9zMuWPfd714,True,1777814331000,Ritmo Saudável,552b8d6c350cb13c
high_intensity,08-05-2026 09:32:02,10,Excelente intensidade! Continue assim.,vNwyFbBYpAc8VcozjK2R,True,1778232722000,Alta Intensidade,153c202e3cfef4ba
high_intensity,15-05-2026 07:23:03,10,Excelente intensidade! Continue assim.,Kwjm91aBh614funPfGco,True,1778829783000,Alta Intensidade,eb39e98aca20e7d3
low_intensity,28-05-2026 11:47:53,2,Um ritmo mais leve será benéfico para o seu bem-estar.,U0zLtzeXZBLFc1KXhtUz,True,1779968873000,Ritmo Baixo,63d3511e9e857901
low_intensity,22-05-2026 04:04:12,2,Um ritmo mais leve será benéfico para o seu bem-estar.,fjkXAxVr4S7PNsYsAd4k,True,1779422652000,Ritmo Baixo,24d6a87b0598b02e
medium_intensity,16-05-2026 03:15:10,5,Este nível de atividade é ideal para o seu bem-estar.,hfiMyQQhCOl9Njh2sm8X,True,1778901310000,Ritmo Saudável,daf96d2280390dec
high_intensity,15-05-2026 18:49:07,10,Excelente intensidade! Continue assim.,BIafhISGd72dV6AViuB0,True,1778870947000,Alta Intensidade,574582321d04df00
low_intensity,19-05-2026 03:05:59,2,Um ritmo mais leve será benéfico para o seu bem-estar.,Z4gkDdQ1UJQQMSrfPeAz,True,1779159959000,Ritmo Baixo,3b1338c1207d1e2e
low_intensity,16-05-2026 23:57:52,2,Um ritmo mais leve será benéfico para o seu bem-estar.,7Z4oh4rC18q0oTCd8L6f,True,1778975872000,Ritmo Baixo,b8e78b83a62a0cb7
medium_intensity,23-05-2026 00:10:48,5,Este nível de atividade é ideal para o seu bem-estar.,9lhxZ6h17nIrvshc6jvn,True,1779495048000,Ritmo Saudável,8dc02e5c153f83a3
medium_intensity,17-05-2026 09:01:10,5,Este nível de atividade é ideal para o seu bem-estar.,DchlYUWzJj8jc7bQ6KFD,True,1779008470000,Ritmo Saudável,2618243a251bd83f
medium_intensity,30-05-2026 09:59:44,5,Este nível de atividade é ideal para o seu bem-estar.,QSvtloBgR2pfdVSDB9vm,True,1780135184000,Ritmo Saudável,da211edc7bac01a0
medium_intensity,09-05-2026 19:16:00,5,Este nível de atividade é ideal para o seu bem-estar.,xJLna6lSGnusHti9GyQf,True,1778354160000,Ritmo Saudável,3811390588367f0e
low_intensity,03-05-2026 19:40:21,2,Um ritmo mais leve será benéfico para o seu bem-estar.,WlEzNIXfFFs27G0d0iYc,True,1777837221000,Ritmo Baixo,64a94f9052422a0c
low_intensity,04-05-2026 16:56:56,2,Um ritmo mais leve será benéfico para o seu bem-estar.,xbGujwOad5C9K65mO9zQ,True,1777913816000,Ritmo Baixo,9d789fd91804129f
medium_intensity,14-05-2026 08:05:32,5,Este nível de atividade é ideal para o seu bem-estar.,hkhOKt6q9Pwju32xEAUK,True,1778745932000,Ritmo Saudável,a8c47673d6a4f85c
medium_intensity,23-05-2026 17:51:18,5,Este nível de atividade é ideal para o seu bem-estar.,A436r337kt2gu6hCUsv5,True,1779558678000,Ritmo Saudável,f7c6682ad24d37f8
high_intensity,02-05-2026 00:41:51,10,Excelente intensidade! Continue assim.,2wsmeBZG7VuI9qtWuFeK,True,1777682511000,Alta Intensidade,d632e4ce536ec364
medium_intensity,26-05-2026 21:28:49,5,Este nível de atividade é ideal para o seu bem-estar.,fBBmOkIjSLPrNBNRQRiD,True,1779830929000,Ritmo Saudável,517fc5ca69b652a5
medium_intensity,28-05-2026 15:53:46,5,Este nível de atividade é ideal para o seu bem-estar.,YiTcxodQNXwIeqCniwOa,True,1779983626000,Ritmo Saudável,fb188f553674b4c4
medium_intensity,28-05-2026 23:07:38,5,Este nível de atividade é ideal para o seu bem-estar.,BCXRaU5Fkdo8NA9TxBOb,True,1780009658000,Ritmo Saudável,487b076a69a53671
medium_intensity,20-05-2026 22:01:10,5,Este nível de atividade é ideal para o seu bem-estar.,F3ZoE0Tz4SiRf9UKbZyN,True,1779314470000,Ritmo Saudável,17b4966e9be4d8d8
low_intensity,06-05-2026 16:16:09,2,Um ritmo mais leve será benéfico para o seu bem-estar.,NigXH91pBlpi50R5PGDW,True,1778084169000,Ritmo Baixo,63d3511e9e857901
low_intensity,23-05-2026 15:37:38,2,Um ritmo mais leve será benéfico para o seu bem-estar.,r6QvWFuWTBYaqwQfyfVm,True,1779550658000,Ritmo Baixo,eb39e98aca20e7d3
low_intensity,15-05-2026 07:50:29,2,Um ritmo mais leve será benéfico para o seu bem-estar.,Lt8tQpenuihhGoED4S8g,True,1778831429000,Ritmo Baixo,c31244cee16e0c77
medium_intensity,23-05-2026 02:47:32,5,Este nível de atividade é ideal para o seu bem-estar.,XzbhEVzkcFbHyGCqS0h9,True,1779504452000,Ritmo Saudável,a2fd30e5fa49ad53
low_intensity,16-05-2026 09:20:32,2,Um ritmo mais leve será benéfico para o seu bem-estar.,FFdPBlS3cB3a8Gt5K4w0,True,1778923232000,Ritmo Baixo,6588d11c4a11acb1
medium_intensity,01-05-2026 18:45:59,5,Este nível de atividade é ideal para o seu bem-estar.,PZqWHFQfYe0CcaShL4rt,True,1777661159000,Ritmo Saudável,923d0315f3ae2bb3
high_intensity,12-05-2026 02:05:16,10,Excelente intensidade! Continue assim.,VunGr6z69o1IuUhq5pS9,True,1778551516000,Alta Intensidade,93279918e60ec274
low_intensity,03-05-2026 03:45:25,2,Um ritmo mais leve será benéfico para o seu bem-estar.,8GuZpTezbZ9gi8TgvGw1,True,1777779925000,Ritmo Baixo,ec75a53f04901eec
high_intensity,28-05-2026 00:59:40,10,Excelente intensidade! Continue assim.,8VdTDWigXh57v8yJiZty,True,1779929980000,Alta Intensidade,82a83fc853728306
high_intensity,21-05-2026 01:02:35,10,Excelente intensidade! Continue assim.,5DNA5GhYloNxK05KwjgX,True,1779325355000,Alta Intensidade,57e17fffc619e182
high_intensity,20-05-2026 03:29:08,10,Excelente intensidade! Continue assim.,1T5JJJ8R2HQrtNSycYIN,True,1779247748000,Alta Intensidade,c9ab51cba10ae1e9
high_intensity,22-05-2026 12:28:06,10,Excelente intensidade! Continue assim.,jb6CE74isdaKBrgznYKA,True,1779452886000,Alta Intensidade,34cbefbc28798720
high_intensity,02-05-2026 17:27:21,10,Excelente intensidade! Continue assim.,bt7yUQ8tM3yPzdViP5ic,True,1777742841000,Alta Intensidade,bc74204126e384ca
high_intensity,06-05-2026 03:03:42,10,Excelente intensidade! Continue assim.,BGZ0XXeSbgDiQxqGD8Ss,True,1778036622000,Alta Intensidade,c51d4eb54f89fec8
high_intensity,17-05-2026 00:41:26,10,Excelente intensidade! Continue assim.,IRB7jSB4E9QKxjzBF6Xk,True,1778978486000,Alta Intensidade,e1bd0a847e7079be
medium_intensity,08-05-2026 21:14:11,5,Este nível de atividade é ideal para o seu bem-estar.,gA7PKSaZzF8ZvIsKOX5K,True,1778274851000,Ritmo Saudável,5a7b6516c51a4d4e
low_intensity,29-05-2026 16:36:35,2,Um ritmo mais leve será benéfico para o seu bem-estar.,9TafPdvtaN1l40rSbBNp,True,1780072595000,Ritmo Baixo,fb188f553674b4c4
high_intensity,13-05-2026 15:44:39,10,Excelente intensidade! Continue assim.,mwpeNyo4tIOokSzWEgVX,True,1778687079000,Alta Intensidade,8dc02e5c153f83a3
high_intensity,20-05-2026 12:19:25,10,Excelente intensidade! Continue assim.,JVL51E6snLbHtezjR8ZZ,True,1779279565000,Alta Intensidade,ec75a53f04901eec
low_intensity,27-05-2026 16:29:45,2,Um ritmo mais leve será benéfico para o seu bem-estar.,PUggEiVgjfFhmUYDTO4M,True,1779899385000,Ritmo Baixo,923d0315f3ae2bb3
low_intensity,26-05-2026 17:08:02,2,Um ritmo mais leve será benéfico para o seu bem-estar.,toQcMX5iwLV1j0RvsZPG,True,1779815282000,Ritmo Baixo,5afe6ceac06784f5
medium_intensity,10-05-2026 11:55:55,5,Este nível de atividade é ideal para o seu bem-estar.,2MHztexSIH3PvurBZgCP,True,1778414155000,Ritmo Saudável,42ac1a2bf982f79c
low_intensity,10-05-2026 11:06:43,2,Um ritmo mais leve será benéfico para o seu bem-estar.,6PPSfxu6ChL7bL3OaDTL,True,1778411203000,Ritmo Baixo,3993ad7e2565b6b0
low_intensity,02-05-2026 18:07:19,2,Um ritmo mais leve será benéfico para o seu bem-estar.,JfiIAFIRdNY3ovDKePuc,True,1777745239000,Ritmo Baixo,131c7dd8f3ab4b35
high_intensity,22-05-2026 04:27:52,10,Excelente intensidade! Continue assim.,Vs1u5fJOrOKZNISi8hyl,True,1779424072000,Alta Intensidade,330949523d665e3b
high_intensity,02-05-2026 08:02:47,10,Excelente intensidade! Continue assim.,5JeFZSdyOGAQ4VHyq7TI,True,1777708967000,Alta Intensidade,e7eb35b501d57e1f
low_intensity,28-05-2026 03:23:22,2,Um ritmo mais leve será benéfico para o seu bem-estar.,C6RIM6TsRQmjbIKTfHsX,True,1779938602000,Ritmo Baixo,514af2be7dc985d8
medium_intensity,06-05-2026 03:01:10,5,Este nível de atividade é ideal para o seu bem-estar.,DwleHzE1csG983Y8VoZX,True,1778036470000,Ritmo Saudável,7182af742e04dc6d
low_intensity,23-05-2026 15:09:18,2,Um ritmo mais leve será benéfico para o seu bem-estar.,dfJswbSzuDu1RxosgWJN,True,1779548958000,Ritmo Baixo,4c885efe7bde3ff4
medium_intensity,09-05-2026 04:40:26,5,Este nível de atividade é ideal para o seu bem-estar.,f5ZdkuRMyhqFpPtQCgHU,True,1778301626000,Ritmo Saudável,bc74204126e384ca
low_intensity,29-05-2026 19:54:33,2,Um ritmo mais leve será benéfico para o seu bem-estar.,13GDinEe4skmUF3Odt61,True,1780084473000,Ritmo Baixo,c837debb39dd1e68
low_intensity,16-05-2026 10:53:00,2,Um ritmo mais leve será benéfico para o seu bem-estar.,0SFFE3B8AJ2QOUYuEuLT,True,1778928780000,Ritmo Baixo,d5eb4d757b335d0e
low_intensity,04-05-2026 16:42:39,2,Um ritmo mais leve será benéfico para o seu bem-estar.,1fnTVNuIXIr9krsj7dNH,True,1777912959000,Ritmo Baixo,c0014ea2ee2fdaea
high_intensity,08-05-2026 05:47:19,10,Excelente intensidade! Continue assim.,yAu0fQSJ02kJizSW37F2,True,1778219239000,Alta Intensidade,7d176c63414fcd05
low_intensity,26-05-2026 21:59:17,2,Um ritmo mais leve será benéfico para o seu bem-estar.,audXOhM2xVHpKZatrnHB,True,1779832757000,Ritmo Baixo,3b1338c1207d1e2e
medium_intensity,26-05-2026 18:54:09,5,Este nível de atividade é ideal para o seu bem-estar.,9OmfN4dJledFINHUR39U,True,1779821649000,Ritmo Saudável,bc74204126e384ca
low_intensity,30-05-2026 05:00:47,2,Um ritmo mais leve será benéfico para o seu bem-estar.,KqjeJlqcCt40gU6RZ1oJ,True,1780117247000,Ritmo Baixo,bb80f878cef35322
medium_intensity,04-05-2026 17:10:41,5,Este nível de atividade é ideal para o seu bem-estar.,knBeWoiMToRTLTDORfoC,True,1777914641000,Ritmo Saudável,24d6a87b0598b02e
low_intensity,11-05-2026 10:49:37,2,Um ritmo mais leve será benéfico para o seu bem-estar.,WdNpJDJitYbaQuUSuNxM,True,1778496577000,Ritmo Baixo,bb80f878cef35322
low_intensity,02-05-2026 16:01:31,2,Um ritmo mais leve será benéfico para o seu bem-estar.,PNuoaUHpL977dhW0eNnr,True,1777737691000,Ritmo Baixo,d632e4ce536ec364
medium_intensity,08-05-2026 19:14:31,5,Este nível de atividade é ideal para o seu bem-estar.,7A11ptuPRlpmFvTCSZue,True,1778267671000,Ritmo Saudável,ec75a53f04901eec
low_intensity,27-05-2026 23:20:42,2,Um ritmo mais leve será benéfico para o seu bem-estar.,A78PPVZI5KAsomL7s9oc,True,1779924042000,Ritmo Baixo,2f2bd7547d602b7a
low_intensity,21-05-2026 06:15:19,2,Um ritmo mais leve será benéfico para o seu bem-estar.,gFD0mtsvR0D5yMVKE5bE,True,1779344119000,Ritmo Baixo,7d176c63414fcd05
low_intensity,07-05-2026 08:55:20,2,Um ritmo mais leve será benéfico para o seu bem-estar.,2Z7fkHaXt5L5k5GL2BFB,True,1778144120000,Ritmo Baixo,53c682ded6545e06
low_intensity,18-05-2026 20:53:03,2,Um ritmo mais leve será benéfico para o seu bem-estar.,a1e0LWgoSRgrwXOg9rxm,True,1779137583000,Ritmo Baixo,c51d4eb54f89fec8
medium_intensity,07-05-2026 21:06:03,5,Este nível de atividade é ideal para o seu bem-estar.,cPHS0P9p5IygK9XZr5yM,True,1778187963000,Ritmo Saudável,c7f34dc43387f858
low_intensity,01-05-2026 09:03:32,2,Um ritmo mais leve será benéfico para o seu bem-estar.,fNPYr0ygZuNvqeKvJJVP,True,1777626212000,Ritmo Baixo,330949523d665e3b
high_intensity,20-05-2026 07:35:25,10,Excelente intensidade! Continue assim.,iMnkmcD5H7bXkAqys42I,True,1779262525000,Alta Intensidade,c31244cee16e0c77
medium_intensity,09-05-2026 01:27:50,5,Este nível de atividade é ideal para o seu bem-estar.,bLIzNvjUCchpX15tBbyl,True,1778290070000,Ritmo Saudável,f7c6682ad24d37f8
high_intensity,17-05-2026 02:21:50,10,Excelente intensidade! Continue assim.,N7LQ6mL20aTqQNVforA1,True,1778984510000,Alta Intensidade,b572bc65fae8bec1
high_intensity,04-05-2026 14:48:30,10,Excelente intensidade! Continue assim.,2geuO5WTROhRNN3gphDJ,True,1777906110000,Alta Intensidade,d5eb4d757b335d0e
high_intensity,01-05-2026 01:38:16,10,Excelente intensidade! Continue assim.,azYG9h2qMNNShIRs5sMP,True,1777599496000,Alta Intensidade,3bd002cf1fcfa789
low_intensity,20-05-2026 16:06:38,2,Um ritmo mais leve será benéfico para o seu bem-estar.,s2cmlwFrku2dQFUxrz6K,True,1779293198000,Ritmo Baixo,517fc5ca69b652a5
low_intensity,23-05-2026 19:32:14,2,Um ritmo mais leve será benéfico para o seu bem-estar.,IZny8lKTqxouhWTC8toC,True,1779564734000,Ritmo Baixo,91d55d217a2af234
high_intensity,07-05-2026 18:39:38,10,Excelente intensidade! Continue assim.,2M2enIxJEnrSf3mttQbr,True,1778179178000,Alta Intensidade,f879804e4456e5d4
high_intensity,24-05-2026 21:57:11,10,Excelente intensidade! Continue assim.,h12IlMqCxrlFjzuyNkwJ,True,1779659831000,Alta Intensidade,39a54d73a921b9f6
high_intensity,10-05-2026 11:49:57,10,Excelente intensidade! Continue assim.,PiM0hAZmPtvfQSdFynmz,True,1778413797000,Alta Intensidade,8e7f2987241c2818
high_intensity,19-05-2026 19:38:06,10,Excelente intensidade! Continue assim.,NvIekQHBFvaLPBpfZ7La,True,1779219486000,Alta Intensidade,923d0315f3ae2bb3
medium_intensity,27-05-2026 21:00:48,5,Este nível de atividade é ideal para o seu bem-estar.,GhhuzkEuiSmiZ65Cw9OY,True,1779915648000,Ritmo Saudável,d57d393b16ba030e
high_intensity,28-05-2026 16:37:09,10,Excelente intensidade! Continue assim.,hoK759ntcTHxm3xWXo8T,True,1779986229000,Alta Intensidade,53c682ded6545e06
low_intensity,04-05-2026 00:15:11,2,Um ritmo mais leve será benéfico para o seu bem-estar.,8Ijpr3NLTyShvVEOuRwM,True,1777853711000,Ritmo Baixo,4c885efe7bde3ff4
medium_intensity,06-05-2026 18:34:00,5,Este nível de atividade é ideal para o seu bem-estar.,C1tTV3JFjPYAypNVGCQo,True,1778092440000,Ritmo Saudável,d0825fdf3da3660c
low_intensity,24-05-2026 00:33:29,2,Um ritmo mais leve será benéfico para o seu bem-estar.,cTDfzrQ7sESZwHb326pQ,True,1779582809000,Ritmo Baixo,e7eb35b501d57e1f
medium_intensity,21-05-2026 01:03:50,5,Este nível de atividade é ideal para o seu bem-estar.,RDXKGDdNBoZrMkls0pVI,True,1779325430000,Ritmo Saudável,a8c47673d6a4f85c
low_intensity,20-05-2026 00:58:07,2,Um ritmo mais leve será benéfico para o seu bem-estar.,guM7Su3ANwzRrtUFmOOb,True,1779238687000,Ritmo Baixo,64a94f9052422a0c
low_intensity,19-05-2026 16:00:41,2,Um ritmo mais leve será benéfico para o seu bem-estar.,FXVcPr949zaZoXiI3zaN,True,1779206441000,Ritmo Baixo,f7af4712fd6b9108
low_intensity,24-05-2026 10:27:40,2,Um ritmo mais leve será benéfico para o seu bem-estar.,gyVHoJW1fIclAEcSbm1L,True,1779618460000,Ritmo Baixo,1b38ab967d98cc4e
medium_intensity,05-05-2026 09:21:25,5,Este nível de atividade é ideal para o seu bem-estar.,yGH0fCupMBl0k3dunUZL,True,1777972885000,Ritmo Saudável,3b1338c1207d1e2e
medium_intensity,11-05-2026 14:09:38,5,Este nível de atividade é ideal para o seu bem-estar.,u19vRtuGVkkYblKKcwq4,True,1778508578000,Ritmo Saudável,7182af742e04dc6d
high_intensity,26-05-2026 17:07:03,10,Excelente intensidade! Continue assim.,fbNcsvzOgugLVtVhj9TB,True,1779815223000,Alta Intensidade,19a558ecc36977ce
low_intensity,22-05-2026 18:08:01,2,Um ritmo mais leve será benéfico para o seu bem-estar.,b8lRAgV9MdPLt9YztuJs,True,1779473281000,Ritmo Baixo,5311a0642c2564ad
low_intensity,02-05-2026 21:01:19,2,Um ritmo mais leve será benéfico para o seu bem-estar.,8V1BCInpH6SbU7xW94tm,True,1777755679000,Ritmo Baixo,517fc5ca69b652a5
medium_intensity,22-05-2026 15:21:41,5,Este nível de atividade é ideal para o seu bem-estar.,qEl3uLSHCwknoR0HPhDT,True,1779463301000,Ritmo Saudável,389da1f3a7c1d8de
medium_intensity,07-05-2026 21:13:07,5,Este nível de atividade é ideal para o seu bem-estar.,iyNEG4W5nnuXkp0fDsqq,True,1778188387000,Ritmo Saudável,c34c1310eab19c87
high_intensity,19-05-2026 01:50:26,10,Excelente intensidade! Continue assim.,kVrHdOV6TT2IaVX8Oomn,True,1779155426000,Alta Intensidade,057c44d337463e07
medium_intensity,04-05-2026 19:53:49,5,Este nível de atividade é ideal para o seu bem-estar.,QoE2WYBNWgK9qBOJxeDK,True,1777924429000,Ritmo Saudável,17b4966e9be4d8d8
low_intensity,26-05-2026 02:29:04,2,Um ritmo mais leve será benéfico para o seu bem-estar.,JHyRbI4vsbrGlgV45iF0,True,1779762544000,Ritmo Baixo,c0014ea2ee2fdaea
low_intensity,24-05-2026 17:41:12,2,Um ritmo mais leve será benéfico para o seu bem-estar.,klnBTY1L3BBGsKGkYtMQ,True,1779644472000,Ritmo Baixo,f7c6682ad24d37f8
high_intensity,22-05-2026 13:04:34,10,Excelente intensidade! Continue assim.,CxnXxeLnTGhpfGi51E1w,True,1779455074000,Alta Intensidade,0e52f2934d8ce165
high_intensity,08-05-2026 05:47:22,10,Excelente intensidade! Continue assim.,j4BQKlU3u1NNul5ECWU3,True,1778219242000,Alta Intensidade,d0825fdf3da3660c
low_intensity,18-05-2026 12:45:30,2,Um ritmo mais leve será benéfico para o seu bem-estar.,xyG2oznZaIlc0HETdOCh,True,1779108330000,Ritmo Baixo,06961ead71f8b1d8
medium_intensity,18-05-2026 22:23:10,5,Este nível de atividade é ideal para o seu bem-estar.,4Ix7TnOCs21i79LoKiNv,True,1779142990000,Ritmo Saudável,c837debb39dd1e68
medium_intensity,09-05-2026 11:07:53,5,Este nível de atividade é ideal para o seu bem-estar.,m3mrSgGr5ljsSviT94hK,True,1778324873000,Ritmo Saudável,42d576864f9952c7
medium_intensity,06-05-2026 02:51:06,5,Este nível de atividade é ideal para o seu bem-estar.,7C2BmYwyNnEIcZj4jcUc,True,1778035866000,Ritmo Saudável,b30b0b43692b035b
low_intensity,23-05-2026 23:22:31,2,Um ritmo mais leve será benéfico para o seu bem-estar.,VMdJ1N2dO06rMHPDlGDT,True,1779578551000,Ritmo Baixo,c31244cee16e0c77
low_intensity,04-05-2026 21:02:32,2,Um ritmo mais leve será benéfico para o seu bem-estar.,4PWLYHWBMDoJMO4JUR9b,True,1777928552000,Ritmo Baixo,556be8558ce56421
high_intensity,30-05-2026 05:32:19,10,Excelente intensidade! Continue assim.,Hi7VjcExclcCsXRfhYR7,True,1780119139000,Alta Intensidade,06bf6a628379e030
low_intensity,22-05-2026 02:39:39,2,Um ritmo mais leve será benéfico para o seu bem-estar.,PPNY4HS15fKMYmf7Bgzn,True,1779417579000,Ritmo Baixo,7182af742e04dc6d
high_intensity,28-05-2026 06:27:31,10,Excelente intensidade! Continue assim.,QyUv9INp1Hkfslfv4UqC,True,1779949651000,Alta Intensidade,6588d11c4a11acb1
medium_intensity,05-05-2026 02:05:07,5,Este nível de atividade é ideal para o seu bem-estar.,qQmn1VNMjDGo7ODGCO84,True,1777946707000,Ritmo Saudável,57e17fffc619e182
high_intensity,15-05-2026 01:17:59,10,Excelente intensidade! Continue assim.,jN37QG1CVXQPoGWFrInN,True,1778807879000,Alta Intensidade,1b1cc9cee9f27003
medium_intensity,15-05-2026 09:57:44,5,Este nível de atividade é ideal para o seu bem-estar.,XqXrZXCSHu55DlpmHCse,True,1778839064000,Ritmo Saudável,5afe6ceac06784f5
low_intensity,11-05-2026 15:19:04,2,Um ritmo mais leve será benéfico para o seu bem-estar.,cOhu8bUYxBgQ3ocS1I4x,True,1778512744000,Ritmo Baixo,42d576864f9952c7
low_intensity,03-05-2026 02:04:10,2,Um ritmo mais leve será benéfico para o seu bem-estar.,VFt9IUQtRYHTNRkaqFve,True,1777773850000,Ritmo Baixo,3db4e6efff8b7518
medium_intensity,28-05-2026 19:53:53,5,Este nível de atividade é ideal para o seu bem-estar.,bZHiB9QtVQelF6rJ6ZXD,True,1779998033000,Ritmo Saudável,1b38ab967d98cc4e
medium_intensity,05-05-2026 22:09:25,5,Este nível de atividade é ideal para o seu bem-estar.,pqpceEB4vCzklKzr3xKo,True,1778018965000,Ritmo Saudável,4c885efe7bde3ff4
high_intensity,07-05-2026 06:27:37,10,Excelente intensidade! Continue assim.,dgXLr4d7RMHApVDiDXo6,True,1778135257000,Alta Intensidade,e1bd0a847e7079be
high_intensity,05-05-2026 04:59:52,10,Excelente intensidade! Continue assim.,C0LGGOadtaZ2boL1cXL2,True,1777957192000,Alta Intensidade,3b1338c1207d1e2e
low_intensity,27-05-2026 13:25:41,2,Um ritmo mais leve será benéfico para o seu bem-estar.,OSaYD0GJ30OETKZffMrJ,True,1779888341000,Ritmo Baixo,c34c1310eab19c87
medium_intensity,21-05-2026 08:25:49,5,Este nível de atividade é ideal para o seu bem-estar.,JjcxPNoqhY7kniFef2M0,True,1779351949000,Ritmo Saudável,57e17fffc619e182
medium_intensity,29-05-2026 09:12:09,5,Este nível de atividade é ideal para o seu bem-estar.,eU6QrVUEwYWc6G3ahR7H,True,1780045929000,Ritmo Saudável,17b4966e9be4d8d8
high_intensity,29-05-2026 11:49:24,10,Excelente intensidade! Continue assim.,0V7lZJSlzbL5HFIOJSyo,True,1780055364000,Alta Intensidade,5afe6ceac06784f5
high_intensity,21-05-2026 16:26:32,10,Excelente intensidade! Continue assim.,vka3Z23GNzSkiQAk2XML,True,1779380792000,Alta Intensidade,75778bdb64d1008e
low_intensity,30-05-2026 04:24:49,2,Um ritmo mais leve será benéfico para o seu bem-estar.,Q65RP2dNzQPT2wieh12Y,True,1780115089000,Ritmo Baixo,bbbe498ee44f6349
high_intensity,02-05-2026 05:26:55,10,Excelente intensidade! Continue assim.,CM6HexPDPd0sfiBw6GzZ,True,1777699615000,Alta Intensidade,ec75a53f04901eec
medium_intensity,26-05-2026 16:24:12,5,Este nível de atividade é ideal para o seu bem-estar.,E4iTskokbblMtyyNzWAv,True,1779812652000,Ritmo Saudável,bbbe498ee44f6349
low_intensity,09-05-2026 04:18:22,2,Um ritmo mais leve será benéfico para o seu bem-estar.,JRylKGg5qsnvqNHhyGVS,True,1778300302000,Ritmo Baixo,3b1338c1207d1e2e
high_intensity,26-05-2026 03:27:10,10,Excelente intensidade! Continue assim.,2duaExYQpocqYQi1FyZg,True,1779766030000,Alta Intensidade,42d576864f9952c7
low_intensity,27-05-2026 11:21:24,2,Um ritmo mais leve será benéfico para o seu bem-estar.,pl5BRejFZfHMqz2WJsQj,True,1779880884000,Ritmo Baixo,34cbefbc28798720
medium_intensity,28-05-2026 13:44:34,5,Este nível de atividade é ideal para o seu bem-estar.,1agAhChQ2dUoGBmUaAyk,True,1779975874000,Ritmo Saudável,06bf6a628379e030
high_intensity,18-05-2026 06:43:10,10,Excelente intensidade! Continue assim.,i0bV8AqTqxnWTGUsw5Li,True,1779086590000,Alta Intensidade,552b8d6c350cb13c
medium_intensity,21-05-2026 17:45:48,5,Este nível de atividade é ideal para o seu bem-estar.,qEH8GFt2iHRr7U3Zz21U,True,1779385548000,Ritmo Saudável,7182af742e04dc6d
high_intensity,04-05-2026 19:58:18,10,Excelente intensidade! Continue assim.,EUnMUE7Vn68NHoPTASK3,True,1777924698000,Alta Intensidade,9cbee3c1d7168837
high_intensity,05-05-2026 01:23:02,10,Excelente intensidade! Continue assim.,hhbc9DTF2HLOc87Q4tBh,True,1777944182000,Alta Intensidade,9cbee3c1d7168837
high_intensity,24-05-2026 08:17:19,10,Excelente intensidade! Continue assim.,rGDou0mJsXjobKur96DF,True,1779610639000,Alta Intensidade,da211edc7bac01a0
low_intensity,21-05-2026 00:18:30,2,Um ritmo mais leve será benéfico para o seu bem-estar.,7Q2c1vPqzfshrRC6SKuv,True,1779322710000,Ritmo Baixo,bc74204126e384ca
medium_intensity,24-05-2026 10:46:09,5,Este nível de atividade é ideal para o seu bem-estar.,wzR1i7VkF02eAhyhtG4p,True,1779619569000,Ritmo Saudável,e9da39984fb29dc6
low_intensity,19-05-2026 13:44:17,2,Um ritmo mais leve será benéfico para o seu bem-estar.,UTDPlbPWbBeS1XwvrBrZ,True,1779198257000,Ritmo Baixo,7182af742e04dc6d
low_intensity,11-05-2026 18:53:18,2,Um ritmo mais leve será benéfico para o seu bem-estar.,iSGE6SpqANRXIihbt1Vh,True,1778525598000,Ritmo Baixo,a2fd30e5fa49ad53
low_intensity,05-05-2026 15:27:15,2,Um ritmo mais leve será benéfico para o seu bem-estar.,ZfYKgyEHHRhSktp29kQv,True,1777994835000,Ritmo Baixo,8dc02e5c153f83a3
medium_intensity,19-05-2026 06:15:14,5,Este nível de atividade é ideal para o seu bem-estar.,mvxc2Oh7sWmsh4iSrscx,True,1779171314000,Ritmo Saudável,f7c6682ad24d37f8
high_intensity,12-05-2026 15:01:48,10,Excelente intensidade! Continue assim.,Gpi2J3iksmVSxOTTxhg3,True,1778598108000,Alta Intensidade,8f8c45c33ff51d0e
low_intensity,28-05-2026 15:12:28,2,Um ritmo mais leve será benéfico para o seu bem-estar.,RPI5uJqPIlPGuEnm85Ug,True,1779981148000,Ritmo Baixo,55b620d8c0ab41e0
low_intensity,18-05-2026 22:47:53,2,Um ritmo mais leve será benéfico para o seu bem-estar.,upqE5xTOXFO7TppSoovk,True,1779144473000,Ritmo Baixo,06bf6a628379e030
low_intensity,18-05-2026 15:07:52,2,Um ritmo mais leve será benéfico para o seu bem-estar.,uB2h2adjHG6PiklffsX8,True,1779116872000,Ritmo Baixo,f7c6682ad24d37f8
low_intensity,13-05-2026 11:40:47,2,Um ritmo mais leve será benéfico para o seu bem-estar.,Iw15iHwde3TIIT7MN3Ju,True,1778672447000,Ritmo Baixo,42d576864f9952c7
medium_intensity,22-05-2026 02:12:16,5,Este nível de atividade é ideal para o seu bem-estar.,Fz1kHaaEKgCRMcNA2L3u,True,1779415936000,Ritmo Saudável,514af2be7dc985d8
medium_intensity,29-05-2026 18:06:59,5,Este nível de atividade é ideal para o seu bem-estar.,loXPBziZuaREOUsvKz2u,True,1780078019000,Ritmo Saudável,5311a0642c2564ad
high_intensity,03-05-2026 23:24:44,10,Excelente intensidade! Continue assim.,Sah5V078BEHojk9JyyiC,True,1777850684000,Alta Intensidade,7182af742e04dc6d
high_intensity,10-05-2026 23:16:49,10,Excelente intensidade! Continue assim.,roRKDLa5MJDPOfHWAxAR,True,1778455009000,Alta Intensidade,e1bd0a847e7079be
low_intensity,21-05-2026 10:45:50,2,Um ritmo mais leve será benéfico para o seu bem-estar.,OqclnaQHfZwBjpsvttSe,True,1779360350000,Ritmo Baixo,c31244cee16e0c77
high_intensity,29-05-2026 16:05:28,10,Excelente intensidade! Continue assim.,nXyckXdDIFEO3KoDZVbq,True,1780070728000,Alta Intensidade,8e2e127651e9cbde
high_intensity,01-05-2026 04:24:53,10,Excelente intensidade! Continue assim.,ZJLzP8wbkmX8xFaIXF4B,True,1777609493000,Alta Intensidade,91d55d217a2af234
low_intensity,13-05-2026 10:56:23,2,Um ritmo mais leve será benéfico para o seu bem-estar.,yWlyLx9CyO7xfhxuxs9H,True,1778669783000,Ritmo Baixo,39a54d73a921b9f6
medium_intensity,27-05-2026 02:52:39,5,Este nível de atividade é ideal para o seu bem-estar.,fXFAABuBfEFmWYNaRQRF,True,1779850359000,Ritmo Saudável,b30b0b43692b035b
high_intensity,18-05-2026 16:35:35,10,Excelente intensidade! Continue assim.,MXTekGHm89bJeq0uNeEe,True,1779122135000,Alta Intensidade,c51d4eb54f89fec8
low_intensity,23-05-2026 23:18:29,2,Um ritmo mais leve será benéfico para o seu bem-estar.,6VK6lrmJ5kVqGPTtkDjQ,True,1779578309000,Ritmo Baixo,330949523d665e3b
medium_intensity,20-05-2026 23:30:16,5,Este nível de atividade é ideal para o seu bem-estar.,vlWjWaVhJ54fDIF6nMjJ,True,1779319816000,Ritmo Saudável,18d281edb3671f44
low_intensity,19-05-2026 23:06:46,2,Um ritmo mais leve será benéfico para o seu bem-estar.,OwIEpyru8THfHpykrPDP,True,1779232006000,Ritmo Baixo,0f98939ac68105bb
low_intensity,15-05-2026 18:05:55,2,Um ritmo mais leve será benéfico para o seu bem-estar.,U4CAoUOKpiP6oTvkLiPY,True,1778868355000,Ritmo Baixo,7f281c8dbac1f799
high_intensity,20-05-2026 00:47:23,10,Excelente intensidade! Continue assim.,8kfI0GZR55f7hH09eNvS,True,1779238043000,Alta Intensidade,9d789fd91804129f
medium_intensity,22-05-2026 18:01:07,5,Este nível de atividade é ideal para o seu bem-estar.,1kLDqSUP1dF0IfwJZpW0,True,1779472867000,Ritmo Saudável,63d3511e9e857901
high_intensity,02-05-2026 14:37:20,10,Excelente intensidade! Continue assim.,wXsAYYRgTcO5LW8aRwVM,True,1777732640000,Alta Intensidade,06961ead71f8b1d8
high_intensity,13-05-2026 03:13:05,10,Excelente intensidade! Continue assim.,oFPfU6oinnEwNMB0hPFy,True,1778641985000,Alta Intensidade,3811390588367f0e
high_intensity,12-05-2026 15:12:33,10,Excelente intensidade! Continue assim.,QmS8R6ZQmLvsvGkqca7F,True,1778598753000,Alta Intensidade,4c885efe7bde3ff4
high_intensity,15-05-2026 02:48:47,10,Excelente intensidade! Continue assim.,5qLo1xqnXqsP1dE9DCp9,True,1778813327000,Alta Intensidade,8e2e127651e9cbde
medium_intensity,17-05-2026 09:33:03,5,Este nível de atividade é ideal para o seu bem-estar.,sjOJIqzET8cT96GfwLN8,True,1779010383000,Ritmo Saudável,2618243a251bd83f
high_intensity,03-05-2026 22:00:24,10,Excelente intensidade! Continue assim.,siwES2YcsLx01ip4shH2,True,1777845624000,Alta Intensidade,a2fd30e5fa49ad53
low_intensity,25-05-2026 17:57:08,2,Um ritmo mais leve será benéfico para o seu bem-estar.,TA7a9NAoJuUTMKJVpT7o,True,1779731828000,Ritmo Baixo,eb39e98aca20e7d3
medium_intensity,03-05-2026 04:43:46,5,Este nível de atividade é ideal para o seu bem-estar.,OT6zvbN1GYkzaD9ufsnz,True,1777783426000,Ritmo Saudável,5311a0642c2564ad
medium_intensity,16-05-2026 04:15:17,5,Este nível de atividade é ideal para o seu bem-estar.,nCDRIDiTYKCT7CSRDx7K,True,1778904917000,Ritmo Saudável,2a339e8954684016
medium_intensity,01-05-2026 21:49:38,5,Este nível de atividade é ideal para o seu bem-estar.,xEyMWg45ZWo82LyQPF32,True,1777672178000,Ritmo Saudável,f879804e4456e5d4
low_intensity,24-05-2026 08:57:56,2,Um ritmo mais leve será benéfico para o seu bem-estar.,tyVsUMrnPZW9tUMxsfay,True,1779613076000,Ritmo Baixo,0e52f2934d8ce165
medium_intensity,04-05-2026 12:38:16,5,Este nível de atividade é ideal para o seu bem-estar.,8cdv7x1ShtBxi6lY2HMY,True,1777898296000,Ritmo Saudável,1d6285f5502cf1f8
high_intensity,07-05-2026 10:29:04,10,Excelente intensidade! Continue assim.,ozTkkzG1LydiCgoIEMs7,True,1778149744000,Alta Intensidade,3993ad7e2565b6b0
low_intensity,02-05-2026 09:22:58,2,Um ritmo mais leve será benéfico para o seu bem-estar.,rJiwPx43I8PR6fx788MZ,True,1777713778000,Ritmo Baixo,24d6a87b0598b02e
low_intensity,28-05-2026 23:26:20,2,Um ritmo mais leve será benéfico para o seu bem-estar.,Li3u36nJgv8LOc4jaQXb,True,1780010780000,Ritmo Baixo,552b8d6c350cb13c
high_intensity,14-05-2026 12:12:23,10,Excelente intensidade! Continue assim.,4tkCKINmspKThWNNpG9Y,True,1778760743000,Alta Intensidade,c837debb39dd1e68
low_intensity,19-05-2026 00:02:03,2,Um ritmo mais leve será benéfico para o seu bem-estar.,IXllGwo9VaO2V1MiJJWG,True,1779148923000,Ritmo Baixo,c0014ea2ee2fdaea
medium_intensity,22-05-2026 10:27:17,5,Este nível de atividade é ideal para o seu bem-estar.,y1P8VuEFvpDlGzHMp9WH,True,1779445637000,Ritmo Saudável,a8c47673d6a4f85c
low_intensity,22-05-2026 07:50:06,2,Um ritmo mais leve será benéfico para o seu bem-estar.,qxRqx54e8NORgOi9IxGE,True,1779436206000,Ritmo Baixo,bc74204126e384ca
medium_intensity,03-05-2026 17:26:27,5,Este nível de atividade é ideal para o seu bem-estar.,zIrKCTlZHmGTMKzES50V,True,1777829187000,Ritmo Saudável,8dc02e5c153f83a3
high_intensity,30-05-2026 10:51:27,10,Excelente intensidade! Continue assim.,OIr8I5q9cCcY5Ph6JdYv,True,1780138287000,Alta Intensidade,d0825fdf3da3660c
high_intensity,17-05-2026 19:10:23,10,Excelente intensidade! Continue assim.,b4GyFBeK8o2iSbAtDmTH,True,1779045023000,Alta Intensidade,fb188f553674b4c4
high_intensity,08-05-2026 22:48:11,10,Excelente intensidade! Continue assim.,BrD4AmAgsbdyv7gAOLrg,True,1778280491000,Alta Intensidade,82a83fc853728306
low_intensity,14-05-2026 01:08:38,2,Um ritmo mais leve será benéfico para o seu bem-estar.,gekozuc6vp8v12s21ARp,True,1778720918000,Ritmo Baixo,bb4bb9fbcfcc16d1
low_intensity,15-05-2026 06:23:00,2,Um ritmo mais leve será benéfico para o seu bem-estar.,OcrpMIA4X6WQgPWkFIG7,True,1778826180000,Ritmo Baixo,3bd002cf1fcfa789
high_intensity,07-05-2026 14:12:48,10,Excelente intensidade! Continue assim.,a1iQu7XfGBXV2shsXQM8,True,1778163168000,Alta Intensidade,c837debb39dd1e68
low_intensity,05-05-2026 16:55:14,2,Um ritmo mais leve será benéfico para o seu bem-estar.,gKfDxrXthqenh63RKDAF,True,1778000114000,Ritmo Baixo,c837debb39dd1e68
medium_intensity,29-05-2026 03:29:34,5,Este nível de atividade é ideal para o seu bem-estar.,rWyGHWyGRezGXXDCmpxO,True,1780025374000,Ritmo Saudável,574582321d04df00
high_intensity,19-05-2026 11:32:08,10,Excelente intensidade! Continue assim.,HV3YTdOXsteHD9AtH73d,True,1779190328000,Alta Intensidade,9d16533a62ab9315
high_intensity,29-05-2026 07:27:27,10,Excelente intensidade! Continue assim.,61Txsu8RE4CCBfFsnzXF,True,1780039647000,Alta Intensidade,daf96d2280390dec
high_intensity,02-05-2026 01:04:13,10,Excelente intensidade! Continue assim.,uuthq8fvbAFKHncU7Wf0,True,1777683853000,Alta Intensidade,8e2e127651e9cbde
high_intensity,15-05-2026 14:19:32,10,Excelente intensidade! Continue assim.,PlmOpUvCV4GdhlwOgSSy,True,1778854772000,Alta Intensidade,d57d393b16ba030e
low_intensity,12-05-2026 12:01:20,2,Um ritmo mais leve será benéfico para o seu bem-estar.,JN4dVBfS4qXXY8GNFpDn,True,1778587280000,Ritmo Baixo,24d6a87b0598b02e
low_intensity,15-05-2026 16:52:44,2,Um ritmo mais leve será benéfico para o seu bem-estar.,y11QWRPkOH45XcQo4hyO,True,1778863964000,Ritmo Baixo,487b076a69a53671
medium_intensity,09-05-2026 10:51:42,5,Este nível de atividade é ideal para o seu bem-estar.,wUfgmmfAkyn2jFL2apna,True,1778323902000,Ritmo Saudável,517fc5ca69b652a5
high_intensity,15-05-2026 19:37:16,10,Excelente intensidade! Continue assim.,gdF0xtGV8hJ8eOBrmEKG,True,1778873836000,Alta Intensidade,3993ad7e2565b6b0
medium_intensity,24-05-2026 16:36:31,5,Este nível de atividade é ideal para o seu bem-estar.,dNzfdUyypw48O8pqVDKL,True,1779640591000,Ritmo Saudável,24d6a87b0598b02e
low_intensity,28-05-2026 00:35:53,2,Um ritmo mais leve será benéfico para o seu bem-estar.,9496XdNSd1qbcbDjy23F,True,1779928553000,Ritmo Baixo,de2dde23040292bc
high_intensity,16-05-2026 14:40:19,10,Excelente intensidade! Continue assim.,zLd9vtth06Nz4FEhn3L9,True,1778942419000,Alta Intensidade,64a94f9052422a0c
medium_intensity,24-05-2026 08:05:33,5,Este nível de atividade é ideal para o seu bem-estar.,3hkrzGXoUT3WarlixLU9,True,1779609933000,Ritmo Saudável,7f281c8dbac1f799
low_intensity,06-05-2026 03:34:23,2,Um ritmo mais leve será benéfico para o seu bem-estar.,Pcx0SYIoioXc1Dp4H72j,True,1778038463000,Ritmo Baixo,e7eb35b501d57e1f
medium_intensity,24-05-2026 12:11:21,5,Este nível de atividade é ideal para o seu bem-estar.,CPcZ6V1qewkgTZyIGJbY,True,1779624681000,Ritmo Saudável,923d0315f3ae2bb3
medium_intensity,29-05-2026 00:06:25,5,Este nível de atividade é ideal para o seu bem-estar.,v91sgRIclQ6dDmwXLzF6,True,1780013185000,Ritmo Saudável,1bd749deaf799034
high_intensity,30-05-2026 07:25:21,10,Excelente intensidade! Continue assim.,sefuq81r8b2oDVhfY1QI,True,1780125921000,Alta Intensidade,13db178cd9a1e37a
medium_intensity,25-05-2026 16:44:02,5,Este nível de atividade é ideal para o seu bem-estar.,6EMfv6GuyfqA58wYxLqS,True,1779727442000,Ritmo Saudável,0f98939ac68105bb
medium_intensity,27-05-2026 10:42:59,5,Este nível de atividade é ideal para o seu bem-estar.,7NdxhfiV4mYTaLYQhbrR,True,1779878579000,Ritmo Saudável,6214b1b462c04096
high_intensity,20-05-2026 15:08:26,10,Excelente intensidade! Continue assim.,hQgkKV53MRrEzo1bnj5H,True,1779289706000,Alta Intensidade,bb80f878cef35322
medium_intensity,16-05-2026 18:37:44,5,Este nível de atividade é ideal para o seu bem-estar.,BgvCgL0aatNqUntoDLm2,True,1778956664000,Ritmo Saudável,330949523d665e3b
high_intensity,28-05-2026 04:15:20,10,Excelente intensidade! Continue assim.,QfYxHc4RffuZhgLvKHoc,True,1779941720000,Alta Intensidade,3bc1bf7fb69f3ba3
medium_intensity,28-05-2026 16:42:41,5,Este nível de atividade é ideal para o seu bem-estar.,b5XP6cPpHu1VtC268KqN,True,1779986561000,Ritmo Saudável,34cbefbc28798720
high_intensity,18-05-2026 03:09:56,10,Excelente intensidade! Continue assim.,MA9Smxw9Io5qMe3A6HTr,True,1779073796000,Alta Intensidade,e1bd0a847e7079be
high_intensity,24-05-2026 00:13:40,10,Excelente intensidade! Continue assim.,zrAh0AO9iQPhDIziMDDN,True,1779581620000,Alta Intensidade,57e17fffc619e182
medium_intensity,15-05-2026 12:31:35,5,Este nível de atividade é ideal para o seu bem-estar.,FhNDOWPeGpDu07iucJtg,True,1778848295000,Ritmo Saudável,b572bc65fae8bec1
low_intensity,04-05-2026 16:53:18,2,Um ritmo mais leve será benéfico para o seu bem-estar.,3FkcihzqMM3PniMGQdcC,True,1777913598000,Ritmo Baixo,3cc68b8049eb8d4c
medium_intensity,06-05-2026 22:58:53,5,Este nível de atividade é ideal para o seu bem-estar.,CgzwrAPS3GaMqzUzoneu,True,1778108333000,Ritmo Saudável,95744df47936b8c4
high_intensity,19-05-2026 13:15:52,10,Excelente intensidade! Continue assim.,RdbVzA2h46j7EorwKbNx,True,1779196552000,Alta Intensidade,9cbee3c1d7168837
medium_intensity,30-05-2026 15:08:40,5,Este nível de atividade é ideal para o seu bem-estar.,xw06sjnzzkBcZwp4M8gD,True,1780153720000,Ritmo Saudável,d57d393b16ba030e
medium_intensity,05-05-2026 08:46:20,5,Este nível de atividade é ideal para o seu bem-estar.,Omy3gO8QrYJ46quF6Vxi,True,1777970780000,Ritmo Saudável,556be8558ce56421
high_intensity,05-05-2026 16:50:19,10,Excelente intensidade! Continue assim.,NZhWmAJKzInYk8hlMrnH,True,1777999819000,Alta Intensidade,5afe6ceac06784f5
medium_intensity,18-05-2026 21:06:14,5,Este nível de atividade é ideal para o seu bem-estar.,1IdGpyskM1jrRBE8HS8h,True,1779138374000,Ritmo Saudável,8e2e127651e9cbde
high_intensity,08-05-2026 03:16:23,10,Excelente intensidade! Continue assim.,KvTS1xK8yoCfXd6xwIUZ,True,1778210183000,Alta Intensidade,e9da39984fb29dc6
medium_intensity,10-05-2026 09:08:00,5,Este nível de atividade é ideal para o seu bem-estar.,Yp8xV1lvzCqk359XPDaq,True,1778404080000,Ritmo Saudável,c34c1310eab19c87
medium_intensity,28-05-2026 19:44:29,5,Este nível de atividade é ideal para o seu bem-estar.,QHHiqpIpOfwxmCALHbHt,True,1779997469000,Ritmo Saudável,153c202e3cfef4ba
high_intensity,18-05-2026 08:40:07,10,Excelente intensidade! Continue assim.,dNxxGeBxUHdxybfLMsiZ,True,1779093607000,Alta Intensidade,c0014ea2ee2fdaea
low_intensity,23-05-2026 16:15:12,2,Um ritmo mais leve será benéfico para o seu bem-estar.,pi1BYDbRFnLsyUtI0cFl,True,1779552912000,Ritmo Baixo,fb188f553674b4c4
medium_intensity,07-05-2026 06:02:53,5,Este nível de atividade é ideal para o seu bem-estar.,OqLHRIWcguoSDjG45I6v,True,1778133773000,Ritmo Saudável,c6a2d85265d19a41
high_intensity,11-05-2026 00:26:15,10,Excelente intensidade! Continue assim.,k2CsEZzUR06WMqbaJfk0,True,1778459175000,Alta Intensidade,39a54d73a921b9f6
high_intensity,21-05-2026 09:38:06,10,Excelente intensidade! Continue assim.,rLLB0CNSqfy27XYcmDR4,True,1779356286000,Alta Intensidade,389da1f3a7c1d8de
medium_intensity,17-05-2026 22:03:50,5,Este nível de atividade é ideal para o seu bem-estar.,zd2bBki942iyj7W2oj8V,True,1779055430000,Ritmo Saudável,517fc5ca69b652a5
medium_intensity,03-05-2026 16:54:04,5,Este nível de atividade é ideal para o seu bem-estar.,AFqyw8KCdRhL7I19zu3W,True,1777827244000,Ritmo Saudável,95744df47936b8c4
low_intensity,25-05-2026 18:15:00,2,Um ritmo mais leve será benéfico para o seu bem-estar.,cpgjnAdzyKrfXCgDSRrX,True,1779732900000,Ritmo Baixo,39a54d73a921b9f6
medium_intensity,22-05-2026 04:24:58,5,Este nível de atividade é ideal para o seu bem-estar.,Vv1HnZeIDFHeBq92CjBj,True,1779423898000,Ritmo Saudável,e8c9832b5c388bb5
medium_intensity,07-05-2026 15:46:25,5,Este nível de atividade é ideal para o seu bem-estar.,uRTUVqnd6WZKHgwfYqwq,True,1778168785000,Ritmo Saudável,cb4c1290e91970dd
medium_intensity,06-05-2026 20:56:11,5,Este nível de atividade é ideal para o seu bem-estar.,H28k4wNJmGeS2jr6R4F6,True,1778100971000,Ritmo Saudável,39a54d73a921b9f6
medium_intensity,22-05-2026 08:34:12,5,Este nível de atividade é ideal para o seu bem-estar.,I96SNTYKz3GJlF7pA2NS,True,1779438852000,Ritmo Saudável,17b4966e9be4d8d8
low_intensity,24-05-2026 06:50:26,2,Um ritmo mais leve será benéfico para o seu bem-estar.,g3U7IDorLyyPlTVEclLd,True,1779605426000,Ritmo Baixo,556be8558ce56421
high_intensity,27-05-2026 20:23:21,10,Excelente intensidade! Continue assim.,hokyByDWOBN4jvNU1l0Z,True,1779913401000,Alta Intensidade,e8c9832b5c388bb5
low_intensity,24-05-2026 04:36:58,2,Um ritmo mais leve será benéfico para o seu bem-estar.,qH4kib3Ia9IYh8Khzwy2,True,1779597418000,Ritmo Baixo,3bc1bf7fb69f3ba3
medium_intensity,17-05-2026 12:59:37,5,Este nível de atividade é ideal para o seu bem-estar.,JhAlgmrYoNAyHP1r9tEE,True,1779022777000,Ritmo Saudável,82a83fc853728306
medium_intensity,10-05-2026 08:02:36,5,Este nível de atividade é ideal para o seu bem-estar.,i3ToGZMbOipox8KjFkQt,True,1778400156000,Ritmo Saudável,1d6285f5502cf1f8
high_intensity,30-05-2026 01:26:24,10,Excelente intensidade! Continue assim.,15HtWC6mGGJdwDejDyZI,True,1780104384000,Alta Intensidade,57e17fffc619e182
low_intensity,21-05-2026 11:49:20,2,Um ritmo mais leve será benéfico para o seu bem-estar.,WUPaWCRvnZX5NVRfJXLr,True,1779364160000,Ritmo Baixo,63d3511e9e857901
medium_intensity,05-05-2026 10:33:55,5,Este nível de atividade é ideal para o seu bem-estar.,UH9JgRNPr0x5fhomYHxV,True,1777977235000,Ritmo Saudável,eb39e98aca20e7d3
medium_intensity,26-05-2026 11:17:04,5,Este nível de atividade é ideal para o seu bem-estar.,s6DcTzLKgOk82owKdSMA,True,1779794224000,Ritmo Saudável,102edb38b5ec347f
low_intensity,06-05-2026 15:00:50,2,Um ritmo mais leve será benéfico para o seu bem-estar.,XuwpxF29yXTGbIXbrr19,True,1778079650000,Ritmo Baixo,82a83fc853728306
high_intensity,28-05-2026 08:26:46,10,Excelente intensidade! Continue assim.,QFCUfeHzwe4sh2Cq0arg,True,1779956806000,Alta Intensidade,17b4966e9be4d8d8
high_intensity,25-05-2026 09:08:41,10,Excelente intensidade! Continue assim.,H3FkNJnnXAzxn4HawFz5,True,1779700121000,Alta Intensidade,34cbefbc28798720
low_intensity,30-05-2026 16:22:50,2,Um ritmo mais leve será benéfico para o seu bem-estar.,8MHrWSNxRa4AnFQpj30A,True,1780158170000,Ritmo Baixo,389da1f3a7c1d8de
medium_intensity,18-05-2026 02:54:48,5,Este nível de atividade é ideal para o seu bem-estar.,CaClQdHpYskNsgiNaRmy,True,1779072888000,Ritmo Saudável,517fc5ca69b652a5
high_intensity,18-05-2026 18:37:55,10,Excelente intensidade! Continue assim.,czLf969njKPIxzRAw1yM,True,1779129475000,Alta Intensidade,3cc68b8049eb8d4c
medium_intensity,13-05-2026 10:48:51,5,Este nível de atividade é ideal para o seu bem-estar.,5van9YX094UTLPzzyRci,True,1778669331000,Ritmo Saudável,d0825fdf3da3660c
high_intensity,13-05-2026 08:55:35,10,Excelente intensidade! Continue assim.,giMxGmcAAdMqZ0vroqXY,True,1778662535000,Alta Intensidade,daf96d2280390dec
high_intensity,07-05-2026 22:16:17,10,Excelente intensidade! Continue assim.,8kjgQFKIGFlWcngnGsa5,True,1778192177000,Alta Intensidade,b30b0b43692b035b
high_intensity,20-05-2026 03:16:47,10,Excelente intensidade! Continue assim.,FYOYJsR66U2bl7kBvgxO,True,1779247007000,Alta Intensidade,3c58290022ed11b1
high_intensity,29-05-2026 15:43:28,10,Excelente intensidade! Continue assim.,GzZvkAWTK0N4OthuJRly,True,1780069408000,Alta Intensidade,93279918e60ec274
low_intensity,24-05-2026 07:22:38,2,Um ritmo mais leve será benéfico para o seu bem-estar.,heMsdOIqFbDmuJyiVK0L,True,1779607358000,Ritmo Baixo,7f281c8dbac1f799
low_intensity,04-05-2026 17:32:40,2,Um ritmo mais leve será benéfico para o seu bem-estar.,XRnSpkSE2xlmpsklBLvI,True,1777915960000,Ritmo Baixo,3811390588367f0e
medium_intensity,08-05-2026 05:25:38,5,Este nível de atividade é ideal para o seu bem-estar.,TPo672CQH7HkTvU1VIaB,True,1778217938000,Ritmo Saudável,c9ab51cba10ae1e9
high_intensity,16-05-2026 11:23:31,10,Excelente intensidade! Continue assim.,2gMHiq6GnI34mpm5TiMC,True,1778930611000,Alta Intensidade,9cbee3c1d7168837
medium_intensity,11-05-2026 09:30:47,5,Este nível de atividade é ideal para o seu bem-estar.,X8tjXSVi7M3QRWKkKYl4,True,1778491847000,Ritmo Saudável,517fc5ca69b652a5
medium_intensity,20-05-2026 00:43:02,5,Este nível de atividade é ideal para o seu bem-estar.,zqSDXM3DRVQKVL70LTQw,True,1779237782000,Ritmo Saudável,7e8fb26408446272
low_intensity,25-05-2026 14:56:23,2,Um ritmo mais leve será benéfico para o seu bem-estar.,MQ2IFhfvwsDoCvzM6Fb9,True,1779720983000,Ritmo Baixo,57e17fffc619e182
high_intensity,11-05-2026 17:10:25,10,Excelente intensidade! Continue assim.,bAktO1JEQ4XwVvcSDnFY,True,1778519425000,Alta Intensidade,18d281edb3671f44
low_intensity,11-05-2026 03:54:36,2,Um ritmo mais leve será benéfico para o seu bem-estar.,IRGp4VudwC4qQzTF7Zkl,True,1778471676000,Ritmo Baixo,867d47425e9cccc7
high_intensity,06-05-2026 04:30:59,10,Excelente intensidade! Continue assim.,ZQ6fJul0xaRjCDeD9zT0,True,1778041859000,Alta Intensidade,daf96d2280390dec
medium_intensity,14-05-2026 01:11:49,5,Este nível de atividade é ideal para o seu bem-estar.,Vjff3rEMuEY7eRRgeHKO,True,1778721109000,Ritmo Saudável,057c44d337463e07
medium_intensity,28-05-2026 03:07:00,5,Este nível de atividade é ideal para o seu bem-estar.,kTc1pkP4LiGUd4fmFMG5,True,1779937620000,Ritmo Saudável,17b4966e9be4d8d8
medium_intensity,13-05-2026 05:27:19,5,Este nível de atividade é ideal para o seu bem-estar.,vuOQ085iUjfnOnAV1TpD,True,1778650039000,Ritmo Saudável,e7eb35b501d57e1f
low_intensity,20-05-2026 18:10:25,2,Um ritmo mais leve será benéfico para o seu bem-estar.,BjcvVpMMtgFslGL9mgn5,True,1779300625000,Ritmo Baixo,389da1f3a7c1d8de
medium_intensity,03-05-2026 15:48:46,5,Este nível de atividade é ideal para o seu bem-estar.,op62b8FbhHDhMChATt41,True,1777823326000,Ritmo Saudável,42ac1a2bf982f79c
high_intensity,30-05-2026 03:26:15,10,Excelente intensidade! Continue assim.,KlmzzV5k0EDYyvOE4z8T,True,1780111575000,Alta Intensidade,3bc1bf7fb69f3ba3
medium_intensity,16-05-2026 11:25:47,5,Este nível de atividade é ideal para o seu bem-estar.,hxbXNWFddcfrtURbEIHr,True,1778930747000,Ritmo Saudável,487b076a69a53671
medium_intensity,12-05-2026 17:53:25,5,Este nível de atividade é ideal para o seu bem-estar.,EfGvUC8If7pYTs5BUgLp,True,1778608405000,Ritmo Saudável,5a7b6516c51a4d4e
low_intensity,02-05-2026 17:52:05,2,Um ritmo mais leve será benéfico para o seu bem-estar.,sW2z8gt8L8t7pMLxF939,True,1777744325000,Ritmo Baixo,9cbee3c1d7168837
low_intensity,28-05-2026 09:31:27,2,Um ritmo mais leve será benéfico para o seu bem-estar.,DTXpF9aPl5SmagJsOdRZ,True,1779960687000,Ritmo Baixo,42ac1a2bf982f79c
low_intensity,10-05-2026 09:32:32,2,Um ritmo mais leve será benéfico para o seu bem-estar.,PU119U8MVDE2zrHx5vBg,True,1778405552000,Ritmo Baixo,7f281c8dbac1f799
medium_intensity,17-05-2026 11:18:13,5,Este nível de atividade é ideal para o seu bem-estar.,oa5vKJhtNi5sunXOE6sq,True,1779016693000,Ritmo Saudável,e9da39984fb29dc6
medium_intensity,18-05-2026 05:57:02,5,Este nível de atividade é ideal para o seu bem-estar.,aEyBxsoQg2BuFK8kh46M,True,1779083822000,Ritmo Saudável,17b4966e9be4d8d8
high_intensity,14-05-2026 15:32:51,10,Excelente intensidade! Continue assim.,JpN3pVz9AkQEdJycqZMp,True,1778772771000,Alta Intensidade,91279a646f8ea6ac
high_intensity,09-05-2026 00:11:28,10,Excelente intensidade! Continue assim.,ioJa0SaZsYDKkIEsjA5t,True,1778285488000,Alta Intensidade,cb207a93391638cb
high_intensity,19-05-2026 00:58:56,10,Excelente intensidade! Continue assim.,v47SYVnOxosjOTFoI12d,True,1779152336000,Alta Intensidade,6f36a3307488809f
high_intensity,22-05-2026 08:02:12,10,Excelente intensidade! Continue assim.,rcFMXaqpjFAjOLNDzuSY,True,1779436932000,Alta Intensidade,102edb38b5ec347f
low_intensity,21-05-2026 11:53:16,2,Um ritmo mais leve será benéfico para o seu bem-estar.,Ea7n9dCENAaOk4N8kZp0,True,1779364396000,Ritmo Baixo,923d0315f3ae2bb3
low_intensity,16-05-2026 02:40:40,2,Um ritmo mais leve será benéfico para o seu bem-estar.,Q6nI92veMxi9vhvNVTuz,True,1778899240000,Ritmo Baixo,3b1338c1207d1e2e
medium_intensity,24-05-2026 15:02:31,5,Este nível de atividade é ideal para o seu bem-estar.,N4Clc3y1pVEE3ICAW0MI,True,1779634951000,Ritmo Saudável,1d6285f5502cf1f8
low_intensity,25-05-2026 19:56:04,2,Um ritmo mais leve será benéfico para o seu bem-estar.,SMNGaEvSvuisWA0iKwP2,True,1779738964000,Ritmo Baixo,3cc68b8049eb8d4c
low_intensity,30-05-2026 00:58:56,2,Um ritmo mais leve será benéfico para o seu bem-estar.,THG5zfnMgC4UsjuhrsZA,True,1780102736000,Ritmo Baixo,8e2e127651e9cbde
medium_intensity,29-05-2026 05:25:35,5,Este nível de atividade é ideal para o seu bem-estar.,3STUFRv9AOOoC3Oyl5tw,True,1780032335000,Ritmo Saudável,9d16533a62ab9315
medium_intensity,18-05-2026 16:24:30,5,Este nível de atividade é ideal para o seu bem-estar.,YNEI3w9OEXVcKg4xlhXc,True,1779121470000,Ritmo Saudável,39a54d73a921b9f6
medium_intensity,20-05-2026 12:03:13,5,Este nível de atividade é ideal para o seu bem-estar.,xo3P3U9fk0v8b4ZBBcxX,True,1779278593000,Ritmo Saudável,8e2e127651e9cbde
low_intensity,16-05-2026 00:11:33,2,Um ritmo mais leve será benéfico para o seu bem-estar.,KGi1msYELWR5LO48KHi7,True,1778890293000,Ritmo Baixo,bb80f878cef35322
low_intensity,13-05-2026 15:06:32,2,Um ritmo mais leve será benéfico para o seu bem-estar.,x0IUpLk3eXFSOvejMHxq,True,1778684792000,Ritmo Baixo,f7c6682ad24d37f8
high_intensity,27-05-2026 03:33:50,10,Excelente intensidade! Continue assim.,3wcBSlafqCq9P77KMheO,True,1779852830000,Alta Intensidade,7d176c63414fcd05
medium_intensity,10-05-2026 03:08:17,5,Este nível de atividade é ideal para o seu bem-estar.,HLsmEFwjoIXimzMlGeDx,True,1778382497000,Ritmo Saudável,d57d393b16ba030e
low_intensity,13-05-2026 01:33:50,2,Um ritmo mais leve será benéfico para o seu bem-estar.,OAbKDZU853oS1YD4pAEh,True,1778636030000,Ritmo Baixo,4c885efe7bde3ff4
high_intensity,03-05-2026 20:44:53,10,Excelente intensidade! Continue assim.,18242v6SBl3fb6ggG3zP,True,1777841093000,Alta Intensidade,b30b0b43692b035b
high_intensity,17-05-2026 01:45:02,10,Excelente intensidade! Continue assim.,wpSQXEPAZWsZwzzHm1MU,True,1778982302000,Alta Intensidade,6588d11c4a11acb1
high_intensity,03-05-2026 16:16:27,10,Excelente intensidade! Continue assim.,BMYbAkxvRixkjPZK98tX,True,1777824987000,Alta Intensidade,91279a646f8ea6ac
low_intensity,05-05-2026 03:46:50,2,Um ritmo mais leve será benéfico para o seu bem-estar.,aLLgQTWgOaZ0ozDbshpl,True,1777952810000,Ritmo Baixo,a2fd30e5fa49ad53
high_intensity,14-05-2026 07:33:42,10,Excelente intensidade! Continue assim.,chKkMpetCdHgmpciZWZp,True,1778744022000,Alta Intensidade,5a7b6516c51a4d4e
low_intensity,07-05-2026 10:52:50,2,Um ritmo mais leve será benéfico para o seu bem-estar.,A4IHkUvaiLVwFieOXx0y,True,1778151170000,Ritmo Baixo,e7eb35b501d57e1f
high_intensity,15-05-2026 06:46:40,10,Excelente intensidade! Continue assim.,6s0VpXmDd9454SQGwfJz,True,1778827600000,Alta Intensidade,7e8fb26408446272
low_intensity,14-05-2026 03:32:27,2,Um ritmo mais leve será benéfico para o seu bem-estar.,wJze5WOuy9KRNqLXQt5t,True,1778729547000,Ritmo Baixo,330949523d665e3b
medium_intensity,14-05-2026 16:20:50,5,Este nível de atividade é ideal para o seu bem-estar.,Op31k2Oz36A8Y0yXqlMW,True,1778775650000,Ritmo Saudável,cb4c1290e91970dd
high_intensity,05-05-2026 23:53:58,10,Excelente intensidade! Continue assim.,KN3HVDTg63hcbuLA7k55,True,1778025238000,Alta Intensidade,17b4966e9be4d8d8
high_intensity,27-05-2026 19:16:25,10,Excelente intensidade! Continue assim.,J8AoguSwZESY0yeaZKzm,True,1779909385000,Alta Intensidade,330949523d665e3b
high_intensity,22-05-2026 09:15:30,10,Excelente intensidade! Continue assim.,eu2WEtPMgzmwFlnFkRw7,True,1779441330000,Alta Intensidade,57e17fffc619e182
high_intensity,20-05-2026 13:23:40,10,Excelente intensidade! Continue assim.,xNUF7onKA64MkBfJGQ2l,True,1779283420000,Alta Intensidade,3db4e6efff8b7518
low_intensity,09-05-2026 01:38:10,2,Um ritmo mais leve será benéfico para o seu bem-estar.,TFVyfRmRWvC6PmXuWHO1,True,1778290690000,Ritmo Baixo,93279918e60ec274
medium_intensity,06-05-2026 16:22:19,5,Este nível de atividade é ideal para o seu bem-estar.,SlgOrrCBweXNf1aNawef,True,1778084539000,Ritmo Saudável,91279a646f8ea6ac
low_intensity,10-05-2026 23:41:55,2,Um ritmo mais leve será benéfico para o seu bem-estar.,C53pAS3ys8yClaUYQXX8,True,1778456515000,Ritmo Baixo,2618243a251bd83f
low_intensity,30-05-2026 10:29:41,2,Um ritmo mais leve será benéfico para o seu bem-estar.,zsFCBvhmkr4G43pxfwjM,True,1780136981000,Ritmo Baixo,53c682ded6545e06
high_intensity,02-05-2026 03:46:58,10,Excelente intensidade! Continue assim.,m1Z42OIosQCkCfj1s9Ad,True,1777693618000,Alta Intensidade,c9ab51cba10ae1e9
high_intensity,16-05-2026 21:39:41,10,Excelente intensidade! Continue assim.,Yp8UCPLywOONTZMvVMCU,True,1778967581000,Alta Intensidade,75778bdb64d1008e
medium_intensity,02-05-2026 15:58:52,5,Este nível de atividade é ideal para o seu bem-estar.,ovM2NuCmPeUGyhjtBrZa,True,1777737532000,Ritmo Saudável,04964f8452901231
high_intensity,24-05-2026 21:07:44,10,Excelente intensidade! Continue assim.,30bXaT9Xa1OaaWYb0sLR,True,1779656864000,Alta Intensidade,6f36a3307488809f
medium_intensity,27-05-2026 14:11:51,5,Este nível de atividade é ideal para o seu bem-estar.,d6MRouvB9jn64meHRCkw,True,1779891111000,Ritmo Saudável,4c885efe7bde3ff4
high_intensity,15-05-2026 14:35:02,10,Excelente intensidade! Continue assim.,agavsZ3EkYZFjZwEHKTX,True,1778855702000,Alta Intensidade,057c44d337463e07
high_intensity,13-05-2026 11:56:43,10,Excelente intensidade! Continue assim.,VFq8gqRJsUSjrVURYrVz,True,1778673403000,Alta Intensidade,24d6a87b0598b02e
low_intensity,30-05-2026 14:38:41,2,Um ritmo mais leve será benéfico para o seu bem-estar.,hEeBdeWfWzCbixkZyCqD,True,1780151921000,Ritmo Baixo,42ac1a2bf982f79c
low_intensity,09-05-2026 00:55:41,2,Um ritmo mais leve será benéfico para o seu bem-estar.,PwioeIg2ZbBcwQsMiwHR,True,1778288141000,Ritmo Baixo,cbf338d836298cb7
medium_intensity,10-05-2026 01:20:27,5,Este nível de atividade é ideal para o seu bem-estar.,BZ6mNy4Mq3UzABIaXe18,True,1778376027000,Ritmo Saudável,487b076a69a53671
medium_intensity,28-05-2026 17:04:56,5,Este nível de atividade é ideal para o seu bem-estar.,YtVImGPlO3tt6OLp7Rs8,True,1779987896000,Ritmo Saudável,f7af4712fd6b9108
high_intensity,22-05-2026 02:28:46,10,Excelente intensidade! Continue assim.,tCfM88flrIOYLdj1ulWo,True,1779416926000,Alta Intensidade,bb80f878cef35322
low_intensity,21-05-2026 10:20:21,2,Um ritmo mais leve será benéfico para o seu bem-estar.,zaZJ2JMTWHKCo39Otnan,True,1779358821000,Ritmo Baixo,1d3db575c4a79d75
low_intensity,23-05-2026 08:15:35,2,Um ritmo mais leve será benéfico para o seu bem-estar.,aSRIUO68D70QfiEH8dPu,True,1779524135000,Ritmo Baixo,3993ad7e2565b6b0
medium_intensity,10-05-2026 07:06:38,5,Este nível de atividade é ideal para o seu bem-estar.,5GrLAY2WytK2rh8EqRqN,True,1778396798000,Ritmo Saudável,c6a2d85265d19a41
medium_intensity,20-05-2026 03:44:00,5,Este nível de atividade é ideal para o seu bem-estar.,8bteJbMhgdE4qXCaOWKg,True,1779248640000,Ritmo Saudável,c51d4eb54f89fec8
low_intensity,11-05-2026 12:56:19,2,Um ritmo mais leve será benéfico para o seu bem-estar.,q0hZ8AXCOzTjrVEdmu18,True,1778504179000,Ritmo Baixo,8f8c45c33ff51d0e
medium_intensity,07-05-2026 18:11:37,5,Este nível de atividade é ideal para o seu bem-estar.,l61iv8iQI6nEqgm9wxLY,True,1778177497000,Ritmo Saudável,3bd002cf1fcfa789
low_intensity,12-05-2026 12:52:51,2,Um ritmo mais leve será benéfico para o seu bem-estar.,RAqEBf1stirl568aMjBZ,True,1778590371000,Ritmo Baixo,18d281edb3671f44
low_intensity,28-05-2026 05:54:35,2,Um ritmo mais leve será benéfico para o seu bem-estar.,qya7WLv6dqelIYmSqQwQ,True,1779947675000,Ritmo Baixo,5311a0642c2564ad
medium_intensity,08-05-2026 03:03:15,5,Este nível de atividade é ideal para o seu bem-estar.,ToIBhkzI6beH7wk3tWDz,True,1778209395000,Ritmo Saudável,91279a646f8ea6ac
high_intensity,12-05-2026 19:52:13,10,Excelente intensidade! Continue assim.,Hk7EhCviOwtsVZlEdEhq,True,1778615533000,Alta Intensidade,2f2bd7547d602b7a
medium_intensity,16-05-2026 14:46:53,5,Este nível de atividade é ideal para o seu bem-estar.,YkVY5BkjiAunVNgqZPs0,True,1778942813000,Ritmo Saudável,8dc02e5c153f83a3
medium_intensity,20-05-2026 08:41:28,5,Este nível de atividade é ideal para o seu bem-estar.,YGim9lueFu2xq8gxJSLc,True,1779266488000,Ritmo Saudável,34cbefbc28798720
low_intensity,03-05-2026 05:22:47,2,Um ritmo mais leve será benéfico para o seu bem-estar.,y96fxmbif0hBOZJAb3un,True,1777785767000,Ritmo Baixo,da211edc7bac01a0
high_intensity,11-05-2026 06:44:16,10,Excelente intensidade! Continue assim.,M4LDOH9RckReH4Z7I18J,True,1778481856000,Alta Intensidade,d4389e820d4f82fa
low_intensity,29-05-2026 19:05:03,2,Um ritmo mais leve será benéfico para o seu bem-estar.,VsYsH995H1dU1lydy1tj,True,1780081503000,Ritmo Baixo,9cbee3c1d7168837
low_intensity,02-05-2026 17:33:48,2,Um ritmo mais leve será benéfico para o seu bem-estar.,kzowwv1H2QQaeJcmWfIG,True,1777743228000,Ritmo Baixo,057c44d337463e07
medium_intensity,26-05-2026 04:11:29,5,Este nível de atividade é ideal para o seu bem-estar.,V38OcNFWcZzzwmffdqdD,True,1779768689000,Ritmo Saudável,e8c9832b5c388bb5
medium_intensity,05-05-2026 14:29:53,5,Este nível de atividade é ideal para o seu bem-estar.,T8zs5lsqhjZ4TfzfFjFh,True,1777991393000,Ritmo Saudável,8e7f2987241c2818
medium_intensity,18-05-2026 12:56:23,5,Este nível de atividade é ideal para o seu bem-estar.,MIBQlxybZFknF3OhcI3r,True,1779108983000,Ritmo Saudável,91d55d217a2af234
high_intensity,29-05-2026 06:32:04,10,Excelente intensidade! Continue assim.,ukqNwhfvs6j0P7HTbbtg,True,1780036324000,Alta Intensidade,d0825fdf3da3660c
high_intensity,20-05-2026 17:08:19,10,Excelente intensidade! Continue assim.,KUFWqjmCcQKzxxOX5wJD,True,1779296899000,Alta Intensidade,c31244cee16e0c77
high_intensity,30-05-2026 03:58:21,10,Excelente intensidade! Continue assim.,XrgtADZzVMutemXpGV7v,True,1780113501000,Alta Intensidade,d4389e820d4f82fa
low_intensity,20-05-2026 21:31:28,2,Um ritmo mais leve será benéfico para o seu bem-estar.,g3z6CyWtmVf8M8J59D9t,True,1779312688000,Ritmo Baixo,e8c9832b5c388bb5
low_intensity,13-05-2026 11:27:50,2,Um ritmo mais leve será benéfico para o seu bem-estar.,FQiGcKsjGa7iZQwPKLsv,True,1778671670000,Ritmo Baixo,d57d393b16ba030e
medium_intensity,16-05-2026 12:39:04,5,Este nível de atividade é ideal para o seu bem-estar.,lesI8UI11XB0IneLAGpQ,True,1778935144000,Ritmo Saudável,3cc68b8049eb8d4c
medium_intensity,23-05-2026 13:04:59,5,Este nível de atividade é ideal para o seu bem-estar.,8YDnhZLtTofYHCUZG6vB,True,1779541499000,Ritmo Saudável,13db178cd9a1e37a
low_intensity,18-05-2026 01:38:48,2,Um ritmo mais leve será benéfico para o seu bem-estar.,juQInNqnhT2Dwh5crSmi,True,1779068328000,Ritmo Baixo,cb4c1290e91970dd
low_intensity,20-05-2026 08:51:30,2,Um ritmo mais leve será benéfico para o seu bem-estar.,wpIBxHK45kUcvSQVIWUx,True,1779267090000,Ritmo Baixo,514af2be7dc985d8
medium_intensity,25-05-2026 12:59:44,5,Este nível de atividade é ideal para o seu bem-estar.,5IFZSSz0aqaXKTQantX1,True,1779713984000,Ritmo Saudável,574582321d04df00
high_intensity,22-05-2026 19:25:41,10,Excelente intensidade! Continue assim.,ooFShrqE4esS9o0bMpBp,True,1779477941000,Alta Intensidade,bb80f878cef35322
medium_intensity,03-05-2026 12:33:05,5,Este nível de atividade é ideal para o seu bem-estar.,YAJu6WAc7WPyF7e0Xlhz,True,1777811585000,Ritmo Saudável,57e17fffc619e182
high_intensity,10-05-2026 02:31:15,10,Excelente intensidade! Continue assim.,0D0b6g4qTPsJBcigpuyJ,True,1778380275000,Alta Intensidade,c837debb39dd1e68
low_intensity,27-05-2026 18:17:41,2,Um ritmo mais leve será benéfico para o seu bem-estar.,05MF1hHlxQYyiFVqh1P4,True,1779905861000,Ritmo Baixo,8e7f2987241c2818
low_intensity,15-05-2026 05:47:56,2,Um ritmo mais leve será benéfico para o seu bem-estar.,9wIVak4eTSYNxkl4b08e,True,1778824076000,Ritmo Baixo,75778bdb64d1008e
low_intensity,09-05-2026 01:51:46,2,Um ritmo mais leve será benéfico para o seu bem-estar.,RJqhiVwXzuAtKHX0QS4C,True,1778291506000,Ritmo Baixo,3c58290022ed11b1
medium_intensity,10-05-2026 23:55:46,5,Este nível de atividade é ideal para o seu bem-estar.,vNi2d4KT5o5roJ0Eyqiv,True,1778457346000,Ritmo Saudável,7e8fb26408446272
low_intensity,12-05-2026 19:59:51,2,Um ritmo mais leve será benéfico para o seu bem-estar.,IaIJeJT3izxS5BmHIZPZ,True,1778615991000,Ritmo Baixo,04964f8452901231
low_intensity,16-05-2026 04:37:03,2,Um ritmo mais leve será benéfico para o seu bem-estar.,wngZpFUWYqD0Jy08DeAL,True,1778906223000,Ritmo Baixo,c85cdb0ef48d09c8
high_intensity,06-05-2026 21:42:39,10,Excelente intensidade! Continue assim.,mYOfSftL6Q1caCafJhCN,True,1778103759000,Alta Intensidade,7182af742e04dc6d
high_intensity,12-05-2026 00:49:15,10,Excelente intensidade! Continue assim.,3mZrtO9BGV43wXbtnwBW,True,1778546955000,Alta Intensidade,64a94f9052422a0c
high_intensity,08-05-2026 16:08:36,10,Excelente intensidade! Continue assim.,QJjrCsMDjoPnnCUMtON3,True,1778256516000,Alta Intensidade,1bd749deaf799034
medium_intensity,29-05-2026 23:23:11,5,Este nível de atividade é ideal para o seu bem-estar.,EE5XZ3sUO9rUTGEi8s1R,True,1780096991000,Ritmo Saudável,63d3511e9e857901
high_intensity,15-05-2026 16:34:27,10,Excelente intensidade! Continue assim.,PbhO2FkZE48sMCne2XUl,True,1778862867000,Alta Intensidade,3993ad7e2565b6b0
low_intensity,19-05-2026 20:18:38,2,Um ritmo mais leve será benéfico para o seu bem-estar.,YJUJT7VXUqyaRtPllOf2,True,1779221918000,Ritmo Baixo,e1bd0a847e7079be
high_intensity,16-05-2026 10:07:33,10,Excelente intensidade! Continue assim.,vIqtKLJBJSyUbD8SWq4Y,True,1778926053000,Alta Intensidade,b8e78b83a62a0cb7
medium_intensity,20-05-2026 12:26:29,5,Este nível de atividade é ideal para o seu bem-estar.,IisGlECofnnDaFUgTszg,True,1779279989000,Ritmo Saudável,eb39e98aca20e7d3
medium_intensity,07-05-2026 14:39:52,5,Este nível de atividade é ideal para o seu bem-estar.,Ptr8y07By4RdjUEgHBxh,True,1778164792000,Ritmo Saudável,131c7dd8f3ab4b35
medium_intensity,01-05-2026 17:26:49,5,Este nível de atividade é ideal para o seu bem-estar.,bLlzg1L0Iw0h6Q0NPJ0g,True,1777656409000,Ritmo Saudável,131c7dd8f3ab4b35
high_intensity,27-05-2026 20:38:04,10,Excelente intensidade! Continue assim.,OSC8tdFRNJbGE8o3hqE7,True,1779914284000,Alta Intensidade,bb80f878cef35322
medium_intensity,30-05-2026 08:45:04,5,Este nível de atividade é ideal para o seu bem-estar.,c3dE306gT2UOHcJktT1K,True,1780130704000,Ritmo Saudável,91d55d217a2af234
low_intensity,24-05-2026 22:59:18,2,Um ritmo mais leve será benéfico para o seu bem-estar.,JnqXtDkJgRdlTrQoh8V0,True,1779663558000,Ritmo Baixo,bb80f878cef35322
high_intensity,21-05-2026 03:29:09,10,Excelente intensidade! Continue assim.,Gsf0svMeBowo9Xhmu58H,True,1779334149000,Alta Intensidade,9d789fd91804129f
low_intensity,14-05-2026 06:30:33,2,Um ritmo mais leve será benéfico para o seu bem-estar.,oAJ05TLbiRlRJtux5Luj,True,1778740233000,Ritmo Baixo,430f674c6dfe941a
low_intensity,11-05-2026 23:30:58,2,Um ritmo mais leve será benéfico para o seu bem-estar.,CcLO3kW5v71aF1wPpBw6,True,1778542258000,Ritmo Baixo,8e7f2987241c2818
low_intensity,20-05-2026 14:05:20,2,Um ritmo mais leve será benéfico para o seu bem-estar.,3Z7J9E0GzN6Ey4cTlz9T,True,1779285920000,Ritmo Baixo,4c885efe7bde3ff4
medium_intensity,12-05-2026 06:39:08,5,Este nível de atividade é ideal para o seu bem-estar.,xjGk3ZNX0Kqap7NuuFcP,True,1778567948000,Ritmo Saudável,131c7dd8f3ab4b35
low_intensity,13-05-2026 14:24:44,2,Um ritmo mais leve será benéfico para o seu bem-estar.,cnZJ5DGQ27RGWREoTzkN,True,1778682284000,Ritmo Baixo,7f281c8dbac1f799
low_intensity,16-05-2026 06:56:33,2,Um ritmo mais leve será benéfico para o seu bem-estar.,ql8QSvg8MDBFfQO94Mt8,True,1778914593000,Ritmo Baixo,e84878f982129128
high_intensity,28-05-2026 19:01:39,10,Excelente intensidade! Continue assim.,CEp9qdlcXqQcW4ytEmGr,True,1779994899000,Alta Intensidade,19a558ecc36977ce
high_intensity,04-05-2026 14:07:52,10,Excelente intensidade! Continue assim.,t6e4CTWtZ5B9PrKRt13E,True,1777903672000,Alta Intensidade,ce246387dd078174
low_intensity,23-05-2026 18:38:33,2,Um ritmo mais leve será benéfico para o seu bem-estar.,GbmqnknRbTAR2QLsJUyt,True,1779561513000,Ritmo Baixo,556be8558ce56421
high_intensity,24-05-2026 01:05:57,10,Excelente intensidade! Continue assim.,LEIpoIdlzaePnVuUSelW,True,1779584757000,Alta Intensidade,cbf338d836298cb7
high_intensity,24-05-2026 23:33:50,10,Excelente intensidade! Continue assim.,k4f5rclCd0RVpmZ7xcLW,True,1779665630000,Alta Intensidade,102edb38b5ec347f
low_intensity,23-05-2026 23:58:55,2,Um ritmo mais leve será benéfico para o seu bem-estar.,diJld8xrhPk08B0AsYFA,True,1779580735000,Ritmo Baixo,131c7dd8f3ab4b35
low_intensity,23-05-2026 15:24:00,2,Um ritmo mais leve será benéfico para o seu bem-estar.,lUyRHIZZka81WAdQP9Kn,True,1779549840000,Ritmo Baixo,9cbee3c1d7168837
low_intensity,09-05-2026 19:49:00,2,Um ritmo mais leve será benéfico para o seu bem-estar.,q4CXcQeArIAoniwUsjpo,True,1778356140000,Ritmo Baixo,b572bc65fae8bec1
medium_intensity,11-05-2026 16:57:29,5,Este nível de atividade é ideal para o seu bem-estar.,LVg2Yq3FJuvvarSZX1yC,True,1778518649000,Ritmo Saudável,4c885efe7bde3ff4
low_intensity,15-05-2026 05:39:21,2,Um ritmo mais leve será benéfico para o seu bem-estar.,GN8eaiNA4eWpA4Zfg7cN,True,1778823561000,Ritmo Baixo,c34c1310eab19c87
high_intensity,28-05-2026 12:26:25,10,Excelente intensidade! Continue assim.,3B2l4mFvRj4f7cewmVve,True,1779971185000,Alta Intensidade,330949523d665e3b
high_intensity,29-05-2026 05:41:45,10,Excelente intensidade! Continue assim.,E3iMYKSkEKKXttYNatyc,True,1780033305000,Alta Intensidade,9cbee3c1d7168837
low_intensity,23-05-2026 21:55:52,2,Um ritmo mais leve será benéfico para o seu bem-estar.,23A3HRC2XlYxgOf3d8xU,True,1779573352000,Ritmo Baixo,1bd749deaf799034
medium_intensity,08-05-2026 08:28:19,5,Este nível de atividade é ideal para o seu bem-estar.,PKBNllNlbskk4i45dFBA,True,1778228899000,Ritmo Saudável,24d6a87b0598b02e
low_intensity,18-05-2026 03:57:05,2,Um ritmo mais leve será benéfico para o seu bem-estar.,fkBqlVmFykDjqxJEdHYh,True,1779076625000,Ritmo Baixo,64a94f9052422a0c
high_intensity,19-05-2026 08:09:35,10,Excelente intensidade! Continue assim.,V2HGSMfdurgS0LB9mEvq,True,1779178175000,Alta Intensidade,13db178cd9a1e37a
low_intensity,27-05-2026 21:36:25,2,Um ritmo mais leve será benéfico para o seu bem-estar.,hmf9cVCC4xnAx41t0f6U,True,1779917785000,Ritmo Baixo,2618243a251bd83f
high_intensity,22-05-2026 08:00:29,10,Excelente intensidade! Continue assim.,AyNJ4QCEXoLnrDXur2TQ,True,1779436829000,Alta Intensidade,39a54d73a921b9f6
medium_intensity,23-05-2026 11:37:44,5,Este nível de atividade é ideal para o seu bem-estar.,8oJw5M9m1g3hga6fERkQ,True,1779536264000,Ritmo Saudável,57e7d972b508815d
high_intensity,04-05-2026 05:50:56,10,Excelente intensidade! Continue assim.,CkuR7Ytkw0mUogtYVcCd,True,1777873856000,Alta Intensidade,430f674c6dfe941a
high_intensity,26-05-2026 18:29:12,10,Excelente intensidade! Continue assim.,6QiXpSuaECfN79m4rge2,True,1779820152000,Alta Intensidade,3811390588367f0e
low_intensity,09-05-2026 12:43:25,2,Um ritmo mais leve será benéfico para o seu bem-estar.,6lS9rS5djVTwN48wQPxY,True,1778330605000,Ritmo Baixo,34cbefbc28798720
low_intensity,17-05-2026 21:29:18,2,Um ritmo mais leve será benéfico para o seu bem-estar.,6fs143RrCMzYHwx3HhIZ,True,1779053358000,Ritmo Baixo,234da97fe615c6b7
medium_intensity,08-05-2026 11:38:32,5,Este nível de atividade é ideal para o seu bem-estar.,iOUhW0D2Se22hBa6FGPP,True,1778240312000,Ritmo Saudável,04964f8452901231
medium_intensity,07-05-2026 23:12:21,5,Este nível de atividade é ideal para o seu bem-estar.,izRbWCpCOM60rMYbXfbo,True,1778195541000,Ritmo Saudável,c0014ea2ee2fdaea
low_intensity,19-05-2026 10:03:36,2,Um ritmo mais leve será benéfico para o seu bem-estar.,v8Eoo8vFeZ8c5ZA2NJCr,True,1779185016000,Ritmo Baixo,5afe6ceac06784f5
low_intensity,23-05-2026 14:39:27,2,Um ritmo mais leve será benéfico para o seu bem-estar.,rmV8L1hHAVq1GoGtVOKH,True,1779547167000,Ritmo Baixo,7d176c63414fcd05
high_intensity,29-05-2026 17:22:02,10,Excelente intensidade! Continue assim.,hZh0qp0BMTZdj9ToIj8x,True,1780075322000,Alta Intensidade,4c885efe7bde3ff4
high_intensity,07-05-2026 22:12:00,10,Excelente intensidade! Continue assim.,bDbbOvw1Iy6g0fB5AE2h,True,1778191920000,Alta Intensidade,d0825fdf3da3660c
low_intensity,26-05-2026 04:34:15,2,Um ritmo mais leve será benéfico para o seu bem-estar.,zPD2MOkcaf5QxEFkztSS,True,1779770055000,Ritmo Baixo,f879804e4456e5d4
high_intensity,06-05-2026 20:19:56,10,Excelente intensidade! Continue assim.,PBvG9i6N2otQgGHuegym,True,1778098796000,Alta Intensidade,3bc1bf7fb69f3ba3
low_intensity,01-05-2026 21:03:22,2,Um ritmo mais leve será benéfico para o seu bem-estar.,9QypOrLzQ0Zdg0C7Zli7,True,1777669402000,Ritmo Baixo,5311a0642c2564ad
low_intensity,09-05-2026 23:19:05,2,Um ritmo mais leve será benéfico para o seu bem-estar.,c1qrqR7w5gmcS9cPHRZF,True,1778368745000,Ritmo Baixo,b8e78b83a62a0cb7
low_intensity,15-05-2026 16:34:32,2,Um ritmo mais leve será benéfico para o seu bem-estar.,KNEob0sNPdlP8oJi6S24,True,1778862872000,Ritmo Baixo,7d176c63414fcd05
low_intensity,30-05-2026 10:09:49,2,Um ritmo mais leve será benéfico para o seu bem-estar.,3ZKG6VsxkBzKgoK6hDa6,True,1780135789000,Ritmo Baixo,53c682ded6545e06
high_intensity,21-05-2026 08:53:10,10,Excelente intensidade! Continue assim.,Yx0g59BY48Joc9d9pmTu,True,1779353590000,Alta Intensidade,6214b1b462c04096
low_intensity,06-05-2026 15:58:21,2,Um ritmo mais leve será benéfico para o seu bem-estar.,0bnJpsWs67Y6FwO39sSR,True,1778083101000,Ritmo Baixo,2618243a251bd83f
high_intensity,16-05-2026 07:39:19,10,Excelente intensidade! Continue assim.,JCze3bCX0RLq1Fy8Yr2k,True,1778917159000,Alta Intensidade,d5eb4d757b335d0e
high_intensity,22-05-2026 21:57:25,10,Excelente intensidade! Continue assim.,kUybhFg00ZmkTbKyY28e,True,1779487045000,Alta Intensidade,64a94f9052422a0c
low_intensity,04-05-2026 21:22:04,2,Um ritmo mais leve será benéfico para o seu bem-estar.,HJCp7kAmcVP3EBpMv6IK,True,1777929724000,Ritmo Baixo,3cc68b8049eb8d4c
high_intensity,27-05-2026 19:07:58,10,Excelente intensidade! Continue assim.,bzVVJyUlNEQl0gNScMUr,True,1779908878000,Alta Intensidade,a2fd30e5fa49ad53
low_intensity,01-05-2026 18:29:15,2,Um ritmo mais leve será benéfico para o seu bem-estar.,Vk1khjMOKscBTH1By4HD,True,1777660155000,Ritmo Baixo,6588d11c4a11acb1
low_intensity,19-05-2026 02:15:56,2,Um ritmo mais leve será benéfico para o seu bem-estar.,5iYrOyyhbITeJrrCYLpS,True,1779156956000,Ritmo Baixo,f7af4712fd6b9108
low_intensity,23-05-2026 08:33:09,2,Um ritmo mais leve será benéfico para o seu bem-estar.,Z3Y0x0k2E2c4Esq1P8xs,True,1779525189000,Ritmo Baixo,3bd002cf1fcfa789
high_intensity,27-05-2026 06:22:26,10,Excelente intensidade! Continue assim.,JlpFPUuQHNgh3W4OLaXE,True,1779862946000,Alta Intensidade,8dc02e5c153f83a3
low_intensity,01-05-2026 09:18:23,2,Um ritmo mais leve será benéfico para o seu bem-estar.,X01GaV0UorhyqEmR3EtM,True,1777627103000,Ritmo Baixo,3b1338c1207d1e2e
low_intensity,15-05-2026 17:39:29,2,Um ritmo mais leve será benéfico para o seu bem-estar.,ynRxE1H8A4fzVXXcvMzK,True,1778866769000,Ritmo Baixo,2b95dd3cf28e7c18
medium_intensity,20-05-2026 14:29:06,5,Este nível de atividade é ideal para o seu bem-estar.,JmAGsxhibyEgV3xdx4fW,True,1779287346000,Ritmo Saudável,e8c9832b5c388bb5
low_intensity,06-05-2026 15:07:16,2,Um ritmo mais leve será benéfico para o seu bem-estar.,eYTGwxd8enwpdTH0LEcL,True,1778080036000,Ritmo Baixo,18d281edb3671f44
low_intensity,21-05-2026 13:08:31,2,Um ritmo mais leve será benéfico para o seu bem-estar.,3k1VuCXzyBMjXQKd9rsi,True,1779368911000,Ritmo Baixo,c34c1310eab19c87
medium_intensity,16-05-2026 08:15:03,5,Este nível de atividade é ideal para o seu bem-estar.,uIsUQlKK3NAJsIcpk2ih,True,1778919303000,Ritmo Saudável,867d47425e9cccc7
high_intensity,07-05-2026 01:30:54,10,Excelente intensidade! Continue assim.,tFJH9bqzpsH0zWLZvGK1,True,1778117454000,Alta Intensidade,f879804e4456e5d4
low_intensity,13-05-2026 01:56:12,2,Um ritmo mais leve será benéfico para o seu bem-estar.,GquETZYucZAcT7BZT729,True,1778637372000,Ritmo Baixo,daf96d2280390dec
high_intensity,21-05-2026 20:23:26,10,Excelente intensidade! Continue assim.,altYi4bK5TjdO4kHpFBA,True,1779395006000,Alta Intensidade,514af2be7dc985d8
high_intensity,18-05-2026 09:28:15,10,Excelente intensidade! Continue assim.,KVC5hPakD6H5HiGbULlL,True,1779096495000,Alta Intensidade,3bd002cf1fcfa789
high_intensity,16-05-2026 04:37:15,10,Excelente intensidade! Continue assim.,9MlQKwSbqgHP9XT8IxV0,True,1778906235000,Alta Intensidade,d0825fdf3da3660c
high_intensity,24-05-2026 21:50:29,10,Excelente intensidade! Continue assim.,0SrIy76AnfLBcTl9c0nV,True,1779659429000,Alta Intensidade,63d3511e9e857901
low_intensity,06-05-2026 00:44:24,2,Um ritmo mais leve será benéfico para o seu bem-estar.,5UrujhYGpRPKKi6VpADB,True,1778028264000,Ritmo Baixo,6588d11c4a11acb1
low_intensity,17-05-2026 02:58:09,2,Um ritmo mais leve será benéfico para o seu bem-estar.,OxRBIF5jWimSWr4ti3Ft,True,1778986689000,Ritmo Baixo,487b076a69a53671
low_intensity,26-05-2026 14:43:39,2,Um ritmo mais leve será benéfico para o seu bem-estar.,OygG5zRgZkvp8MZ2GYfp,True,1779806619000,Ritmo Baixo,923d0315f3ae2bb3
high_intensity,05-05-2026 11:05:20,10,Excelente intensidade! Continue assim.,d8KeVjLvdktkneab9EDU,True,1777979120000,Alta Intensidade,7d176c63414fcd05
low_intensity,22-05-2026 06:02:16,2,Um ritmo mais leve será benéfico para o seu bem-estar.,y6tqFUR8i6vCkmttvWB5,True,1779429736000,Ritmo Baixo,b30b0b43692b035b
low_intensity,12-05-2026 18:34:04,2,Um ritmo mais leve será benéfico para o seu bem-estar.,TVEfwI84pMb0MFHKcCaH,True,1778610844000,Ritmo Baixo,bb4bb9fbcfcc16d1
high_intensity,28-05-2026 06:15:04,10,Excelente intensidade! Continue assim.,W8XYrlzNReAlcKNGCMzE,True,1779948904000,Alta Intensidade,3db4e6efff8b7518
medium_intensity,30-05-2026 21:17:58,5,Este nível de atividade é ideal para o seu bem-estar.,Ag1iydJDbkbLjJMmbRIr,True,1780175878000,Ritmo Saudável,102edb38b5ec347f
low_intensity,20-05-2026 04:11:03,2,Um ritmo mais leve será benéfico para o seu bem-estar.,PY6jOD9IWThmqjHUy5yf,True,1779250263000,Ritmo Baixo,e7eb35b501d57e1f
high_intensity,17-05-2026 23:22:11,10,Excelente intensidade! Continue assim.,zvUu2ACVM8ketsOy1j3b,True,1779060131000,Alta Intensidade,057c44d337463e07
medium_intensity,03-05-2026 19:12:46,5,Este nível de atividade é ideal para o seu bem-estar.,D9zJ1v2n4l4hE59qzz6S,True,1777835566000,Ritmo Saudável,556be8558ce56421
low_intensity,18-05-2026 15:08:55,2,Um ritmo mais leve será benéfico para o seu bem-estar.,IwFe0ouYZb3uyYt5M16O,True,1779116935000,Ritmo Baixo,bb80f878cef35322
high_intensity,05-05-2026 20:10:17,10,Excelente intensidade! Continue assim.,GfvCiH9HCjq2RR8Kvh3e,True,1778011817000,Alta Intensidade,72bd2672c948d2cb
high_intensity,19-05-2026 11:09:29,10,Excelente intensidade! Continue assim.,tLotU5GYYTyhG5oeKaJJ,True,1779188969000,Alta Intensidade,39a54d73a921b9f6
medium_intensity,10-05-2026 01:57:49,5,Este nível de atividade é ideal para o seu bem-estar.,W7r1N0lXDvGR21cJmAWC,True,1778378269000,Ritmo Saudável,91279a646f8ea6ac
medium_intensity,27-05-2026 13:00:36,5,Este nível de atividade é ideal para o seu bem-estar.,eviCrGcBHXlJlmaaFp5Z,True,1779886836000,Ritmo Saudável,7d176c63414fcd05
high_intensity,16-05-2026 16:53:09,10,Excelente intensidade! Continue assim.,fsh5pZs2EuNqz4hk1QGF,True,1778950389000,Alta Intensidade,34cbefbc28798720
medium_intensity,09-05-2026 18:25:46,5,Este nível de atividade é ideal para o seu bem-estar.,bGlQYnBe4VRrVcHIHzA3,True,1778351146000,Ritmo Saudável,d4389e820d4f82fa
low_intensity,27-05-2026 16:56:20,2,Um ritmo mais leve será benéfico para o seu bem-estar.,eZwM6FBbQL6NesUqnw4f,True,1779900980000,Ritmo Baixo,72ba4e2f87adceb5
medium_intensity,22-05-2026 06:43:08,5,Este nível de atividade é ideal para o seu bem-estar.,8p0xtKARANGEMxSdMiyq,True,1779432188000,Ritmo Saudável,2a339e8954684016
medium_intensity,09-05-2026 11:12:56,5,Este nível de atividade é ideal para o seu bem-estar.,6z2qySVoRAb7xkxSXiLh,True,1778325176000,Ritmo Saudável,0e52f2934d8ce165
low_intensity,17-05-2026 19:15:47,2,Um ritmo mais leve será benéfico para o seu bem-estar.,MwMA3j09AGLOZiVWBhhV,True,1779045347000,Ritmo Baixo,c85cdb0ef48d09c8
low_intensity,28-05-2026 11:16:38,2,Um ritmo mais leve será benéfico para o seu bem-estar.,FyPuYkeVb3RGOtS6Lrhn,True,1779966998000,Ritmo Baixo,e1bd0a847e7079be
low_intensity,08-05-2026 20:21:58,2,Um ritmo mais leve será benéfico para o seu bem-estar.,jIzAv3QCFTWKqZtwfs20,True,1778271718000,Ritmo Baixo,389da1f3a7c1d8de
high_intensity,30-05-2026 21:04:09,10,Excelente intensidade! Continue assim.,C4dkoFw1i0Z4csrRPihV,True,1780175049000,Alta Intensidade,24d6a87b0598b02e
medium_intensity,22-05-2026 03:45:28,5,Este nível de atividade é ideal para o seu bem-estar.,lKwrhWspnbcenTNNYkQa,True,1779421528000,Ritmo Saudável,7d176c63414fcd05
low_intensity,24-05-2026 00:20:45,2,Um ritmo mais leve será benéfico para o seu bem-estar.,H74bwPxmSKyE6DlcXeme,True,1779582045000,Ritmo Baixo,1b1cc9cee9f27003
high_intensity,05-05-2026 00:36:49,10,Excelente intensidade! Continue assim.,lfk61YoNcXD7t6gJhgwD,True,1777941409000,Alta Intensidade,39a54d73a921b9f6
low_intensity,05-05-2026 00:03:24,2,Um ritmo mais leve será benéfico para o seu bem-estar.,DdRR3LsvHIpx5uGT28i0,True,1777939404000,Ritmo Baixo,57e7d972b508815d
medium_intensity,11-05-2026 21:09:44,5,Este nível de atividade é ideal para o seu bem-estar.,PCmEJUW2zo82E7qLgSMd,True,1778533784000,Ritmo Saudável,91279a646f8ea6ac
low_intensity,25-05-2026 12:38:18,2,Um ritmo mais leve será benéfico para o seu bem-estar.,Rwt46BkC7Gz8Qr8lvZ5c,True,1779712698000,Ritmo Baixo,cb4c1290e91970dd
medium_intensity,21-05-2026 13:05:52,5,Este nível de atividade é ideal para o seu bem-estar.,OaX03xH2YtPPsRbEpbzM,True,1779368752000,Ritmo Saudável,f7c6682ad24d37f8
low_intensity,19-05-2026 11:45:18,2,Um ritmo mais leve será benéfico para o seu bem-estar.,VNUSCcAztSOnakztH0I1,True,1779191118000,Ritmo Baixo,d0825fdf3da3660c
medium_intensity,18-05-2026 21:02:18,5,Este nível de atividade é ideal para o seu bem-estar.,8asDWJAYU2jRPmIwTuYh,True,1779138138000,Ritmo Saudável,6f36a3307488809f
high_intensity,04-05-2026 00:58:07,10,Excelente intensidade! Continue assim.,APthXDxWTGUtzzVRZs1i,True,1777856287000,Alta Intensidade,234da97fe615c6b7
medium_intensity,16-05-2026 13:25:10,5,Este nível de atividade é ideal para o seu bem-estar.,soIGG8LU4vQYCgPcydYf,True,1778937910000,Ritmo Saudável,93279918e60ec274
low_intensity,22-05-2026 09:13:17,2,Um ritmo mais leve será benéfico para o seu bem-estar.,uVn8vrEXOIyyRVbFK9mW,True,1779441197000,Ritmo Baixo,3db4e6efff8b7518
low_intensity,06-05-2026 00:04:09,2,Um ritmo mais leve será benéfico para o seu bem-estar.,yLiru82ftQMua2vAnWPN,True,1778025849000,Ritmo Baixo,82a83fc853728306
low_intensity,15-05-2026 06:49:19,2,Um ritmo mais leve será benéfico para o seu bem-estar.,UxuCOgDqwVhfd457ORW0,True,1778827759000,Ritmo Baixo,e8c9832b5c388bb5
low_intensity,10-05-2026 22:07:49,2,Um ritmo mais leve será benéfico para o seu bem-estar.,CoWuqcSLkN8gGsnK0T7l,True,1778450869000,Ritmo Baixo,3811390588367f0e
medium_intensity,16-05-2026 04:01:54,5,Este nível de atividade é ideal para o seu bem-estar.,7CA8Bmh03JF0dP8rCcgk,True,1778904114000,Ritmo Saudável,91d55d217a2af234
high_intensity,10-05-2026 23:35:01,10,Excelente intensidade! Continue assim.,TxyB7O7Gq1qtI1xVQdlP,True,1778456101000,Alta Intensidade,eb39e98aca20e7d3
high_intensity,06-05-2026 19:31:04,10,Excelente intensidade! Continue assim.,RazmoCkWSEnNFPJWy3EX,True,1778095864000,Alta Intensidade,5a7b6516c51a4d4e
low_intensity,12-05-2026 13:36:44,2,Um ritmo mais leve será benéfico para o seu bem-estar.,TJ8ghFuKJXbWJNsCQZeR,True,1778593004000,Ritmo Baixo,2f2bd7547d602b7a
medium_intensity,24-05-2026 08:32:04,5,Este nível de atividade é ideal para o seu bem-estar.,dxO8zcSKfRfLu0swYdy4,True,1779611524000,Ritmo Saudável,de2dde23040292bc
medium_intensity,28-05-2026 17:52:39,5,Este nível de atividade é ideal para o seu bem-estar.,WB92a4kn7DtqUHhH88Uc,True,1779990759000,Ritmo Saudável,7e8fb26408446272
high_intensity,19-05-2026 06:10:31,10,Excelente intensidade! Continue assim.,sxKJZk3pDSi3YpF08pgc,True,1779171031000,Alta Intensidade,06bf6a628379e030
low_intensity,19-05-2026 17:07:57,2,Um ritmo mais leve será benéfico para o seu bem-estar.,TFjB8W9OfM2BFDBuD63R,True,1779210477000,Ritmo Baixo,d632e4ce536ec364
low_intensity,17-05-2026 06:41:28,2,Um ritmo mais leve será benéfico para o seu bem-estar.,J1rNwv5QZLZwy50gBF63,True,1779000088000,Ritmo Baixo,d5eb4d757b335d0e
low_intensity,30-05-2026 07:19:43,2,Um ritmo mais leve será benéfico para o seu bem-estar.,rlJPjlSjuuRYI7Mi3NkB,True,1780125583000,Ritmo Baixo,153c202e3cfef4ba
medium_intensity,23-05-2026 11:26:12,5,Este nível de atividade é ideal para o seu bem-estar.,82H3UwAE7AsSWkkSau7U,True,1779535572000,Ritmo Saudável,9cbee3c1d7168837
high_intensity,20-05-2026 05:27:39,10,Excelente intensidade! Continue assim.,zrLrWRQM20eLxfU5QAqL,True,1779254859000,Alta Intensidade,867d47425e9cccc7
high_intensity,22-05-2026 17:01:37,10,Excelente intensidade! Continue assim.,8646CgaPQKTGWMDu2hzS,True,1779469297000,Alta Intensidade,57e17fffc619e182
high_intensity,06-05-2026 21:10:14,10,Excelente intensidade! Continue assim.,udFgPEeBKFyBUVIGQCKm,True,1778101814000,Alta Intensidade,53c682ded6545e06
medium_intensity,23-05-2026 12:25:11,5,Este nível de atividade é ideal para o seu bem-estar.,qy4HMZbUbH6goBXDe4r0,True,1779539111000,Ritmo Saudável,f7af4712fd6b9108
high_intensity,20-05-2026 04:52:07,10,Excelente intensidade! Continue assim.,vInUuJtBXg6RkopsorFv,True,1779252727000,Alta Intensidade,fb188f553674b4c4
high_intensity,22-05-2026 21:10:09,10,Excelente intensidade! Continue assim.,4TQDijmdpgufjArvGo4t,True,1779484209000,Alta Intensidade,fb188f553674b4c4
medium_intensity,13-05-2026 07:39:49,5,Este nível de atividade é ideal para o seu bem-estar.,wIF7vgXPJkrmdAhyAKHG,True,1778657989000,Ritmo Saudável,da211edc7bac01a0
low_intensity,22-05-2026 07:17:05,2,Um ritmo mais leve será benéfico para o seu bem-estar.,QuhkvpuF3YghxI5uC6Yt,True,1779434225000,Ritmo Baixo,d5eb4d757b335d0e
high_intensity,27-05-2026 22:25:32,10,Excelente intensidade! Continue assim.,hKrEs47MgWZJaG14ygE5,True,1779920732000,Alta Intensidade,55b620d8c0ab41e0
medium_intensity,02-05-2026 00:26:06,5,Este nível de atividade é ideal para o seu bem-estar.,JOAq7jSScbPCs1yigTdG,True,1777681566000,Ritmo Saudável,f879804e4456e5d4
medium_intensity,27-05-2026 05:44:28,5,Este nível de atividade é ideal para o seu bem-estar.,vG7hcI120Opp08S9qrcz,True,1779860668000,Ritmo Saudável,34cbefbc28798720
high_intensity,11-05-2026 12:54:05,10,Excelente intensidade! Continue assim.,YGWE3dvMi691v5LP2xpe,True,1778504045000,Alta Intensidade,c85cdb0ef48d09c8
high_intensity,26-05-2026 10:57:08,10,Excelente intensidade! Continue assim.,fXPwpu0MTfg6MtPUIfiX,True,1779793028000,Alta Intensidade,cbf338d836298cb7
medium_intensity,12-05-2026 12:16:59,5,Este nível de atividade é ideal para o seu bem-estar.,s19L5TQFsK6BcTUdUTFh,True,1778588219000,Ritmo Saudável,d5eb4d757b335d0e
high_intensity,10-05-2026 00:56:39,10,Excelente intensidade! Continue assim.,T2JnxRixo7x9OqZ9GiIE,True,1778374599000,Alta Intensidade,cb4c1290e91970dd
medium_intensity,27-05-2026 18:08:40,5,Este nível de atividade é ideal para o seu bem-estar.,BpFOQwfBQimBeSeMtE3Q,True,1779905320000,Ritmo Saudável,1d6285f5502cf1f8
medium_intensity,28-05-2026 13:56:24,5,Este nível de atividade é ideal para o seu bem-estar.,DihT3932DufjWEFzkj9u,True,1779976584000,Ritmo Saudável,91d55d217a2af234
high_intensity,07-05-2026 22:50:42,10,Excelente intensidade! Continue assim.,xGjYxTXGHYiFNljOyRrV,True,1778194242000,Alta Intensidade,bb4bb9fbcfcc16d1
high_intensity,07-05-2026 14:17:44,10,Excelente intensidade! Continue assim.,yRvNjvUeeDHtNxXRDboA,True,1778163464000,Alta Intensidade,234da97fe615c6b7
low_intensity,25-05-2026 07:13:19,2,Um ritmo mais leve será benéfico para o seu bem-estar.,tYwQLgBJ7sdL8aUbVbqG,True,1779693199000,Ritmo Baixo,6214b1b462c04096
low_intensity,17-05-2026 10:43:04,2,Um ritmo mais leve será benéfico para o seu bem-estar.,m9JWpVd3wolGGW1v2ss6,True,1779014584000,Ritmo Baixo,330949523d665e3b
high_intensity,10-05-2026 06:18:03,10,Excelente intensidade! Continue assim.,cMZ5uUre6Zqf9W3sdt4D,True,1778393883000,Alta Intensidade,517fc5ca69b652a5
medium_intensity,01-05-2026 15:57:54,5,Este nível de atividade é ideal para o seu bem-estar.,dMVOeP3aYfb0yLVCdz9O,True,1777651074000,Ritmo Saudável,daf96d2280390dec
high_intensity,07-05-2026 16:38:13,10,Excelente intensidade! Continue assim.,HT3qK4cLtHuqNrkJ98wh,True,1778171893000,Alta Intensidade,430f674c6dfe941a
high_intensity,27-05-2026 05:54:02,10,Excelente intensidade! Continue assim.,xMEGOKL6EWRHqmVvomFk,True,1779861242000,Alta Intensidade,95744df47936b8c4
high_intensity,09-05-2026 09:47:16,10,Excelente intensidade! Continue assim.,OieZ9GvqmLJ8ebCVTlJ1,True,1778320036000,Alta Intensidade,517fc5ca69b652a5
high_intensity,28-05-2026 11:17:19,10,Excelente intensidade! Continue assim.,jS44DJgIvl617jvFcZ6s,True,1779967039000,Alta Intensidade,c85cdb0ef48d09c8
high_intensity,19-05-2026 08:35:48,10,Excelente intensidade! Continue assim.,of3K2iMe7actYGr7zOJS,True,1779179748000,Alta Intensidade,556be8558ce56421
high_intensity,04-05-2026 05:05:47,10,Excelente intensidade! Continue assim.,hh2I1Jk0znA7KBlIIxoX,True,1777871147000,Alta Intensidade,d632e4ce536ec364
medium_intensity,21-05-2026 23:05:51,5,Este nível de atividade é ideal para o seu bem-estar.,QlvXGDjYkCkUWuzEG2YC,True,1779404751000,Ritmo Saudável,b8e78b83a62a0cb7
medium_intensity,06-05-2026 16:42:17,5,Este nível de atividade é ideal para o seu bem-estar.,5v0qg8rfN3yNdyQAzGUK,True,1778085737000,Ritmo Saudável,6588d11c4a11acb1
low_intensity,28-05-2026 15:46:01,2,Um ritmo mais leve será benéfico para o seu bem-estar.,VgdrafYALPWPDDBnhj1Y,True,1779983161000,Ritmo Baixo,5e1de20fecf98844
low_intensity,02-05-2026 09:03:58,2,Um ritmo mais leve será benéfico para o seu bem-estar.,71d745KQlGUYk36YiVc3,True,1777712638000,Ritmo Baixo,9d16533a62ab9315
medium_intensity,27-05-2026 20:42:39,5,Este nível de atividade é ideal para o seu bem-estar.,ERPqZrqlyiu62hlvQNUl,True,1779914559000,Ritmo Saudável,d5eb4d757b335d0e
low_intensity,22-05-2026 10:15:48,2,Um ritmo mais leve será benéfico para o seu bem-estar.,tV7SO0jsbSuKOxelm9Ye,True,1779444948000,Ritmo Baixo,55b620d8c0ab41e0
medium_intensity,14-05-2026 17:41:46,5,Este nível de atividade é ideal para o seu bem-estar.,4rmOk3d9vrGdqE69SNe1,True,1778780506000,Ritmo Saudável,17b4966e9be4d8d8
high_intensity,29-05-2026 03:28:41,10,Excelente intensidade! Continue assim.,1YbUXy2qcez66qpB1xAo,True,1780025321000,Alta Intensidade,19a558ecc36977ce
medium_intensity,14-05-2026 15:45:52,5,Este nível de atividade é ideal para o seu bem-estar.,vFYjCt6tZqxeWrpREdp0,True,1778773552000,Ritmo Saudável,3bd002cf1fcfa789
medium_intensity,25-05-2026 20:02:37,5,Este nível de atividade é ideal para o seu bem-estar.,VvoDLCb90Jf95853Y4Nd,True,1779739357000,Ritmo Saudável,0f98939ac68105bb
high_intensity,30-05-2026 15:35:52,10,Excelente intensidade! Continue assim.,I5iAXVpPfLl1EzpBze7r,True,1780155352000,Alta Intensidade,7182af742e04dc6d
medium_intensity,18-05-2026 19:46:43,5,Este nível de atividade é ideal para o seu bem-estar.,rPKd5Gieq4OUYFhLfEEA,True,1779133603000,Ritmo Saudável,330949523d665e3b
high_intensity,16-05-2026 04:23:10,10,Excelente intensidade! Continue assim.,eHrlGZxZI4eFWiDjey2e,True,1778905390000,Alta Intensidade,e8c9832b5c388bb5
low_intensity,11-05-2026 14:41:22,2,Um ritmo mais leve será benéfico para o seu bem-estar.,d3C3PsoUIklZx4vPAIYt,True,1778510482000,Ritmo Baixo,c837debb39dd1e68
low_intensity,26-05-2026 13:21:37,2,Um ritmo mais leve será benéfico para o seu bem-estar.,5B9iZAcrjjI6LxeDbpmI,True,1779801697000,Ritmo Baixo,04964f8452901231
low_intensity,27-05-2026 18:28:31,2,Um ritmo mais leve será benéfico para o seu bem-estar.,dGSeYRuMgfgyOL04tm18,True,1779906511000,Ritmo Baixo,64a94f9052422a0c
high_intensity,14-05-2026 14:29:22,10,Excelente intensidade! Continue assim.,UIObRC0ymkMZ5NkpSTJ0,True,1778768962000,Alta Intensidade,e7eb35b501d57e1f
high_intensity,06-05-2026 12:15:55,10,Excelente intensidade! Continue assim.,rOhYNhPNZJnwsKvEzkSf,True,1778069755000,Alta Intensidade,2b95dd3cf28e7c18
low_intensity,17-05-2026 14:24:10,2,Um ritmo mais leve será benéfico para o seu bem-estar.,XQ9Km9kta88v98lH8t3S,True,1779027850000,Ritmo Baixo,6588d11c4a11acb1
high_intensity,16-05-2026 03:49:26,10,Excelente intensidade! Continue assim.,gQX9tnJSpkikvO8YOGW6,True,1778903366000,Alta Intensidade,330949523d665e3b
low_intensity,21-05-2026 17:49:46,2,Um ritmo mais leve será benéfico para o seu bem-estar.,RxkaUQsKaRXezeM640Ah,True,1779385786000,Ritmo Baixo,1bd749deaf799034
high_intensity,02-05-2026 16:30:00,10,Excelente intensidade! Continue assim.,17e4bQcficsMHudwmhWo,True,1777739400000,Alta Intensidade,b572bc65fae8bec1
medium_intensity,19-05-2026 15:02:36,5,Este nível de atividade é ideal para o seu bem-estar.,Hw0I807Qjfg0mL5Uci6l,True,1779202956000,Ritmo Saudável,d0825fdf3da3660c
medium_intensity,26-05-2026 15:19:25,5,Este nível de atividade é ideal para o seu bem-estar.,i8lF9HmqtkhhDvgf3xhP,True,1779808765000,Ritmo Saudável,d5eb4d757b335d0e
medium_intensity,15-05-2026 05:52:32,5,Este nível de atividade é ideal para o seu bem-estar.,Kls9RMQUIWbt7YdMWMvU,True,1778824352000,Ritmo Saudável,517fc5ca69b652a5
low_intensity,04-05-2026 12:45:59,2,Um ritmo mais leve será benéfico para o seu bem-estar.,QFEsTrmhB3Hq1UhHEUbg,True,1777898759000,Ritmo Baixo,e1bd0a847e7079be
high_intensity,16-05-2026 17:00:18,10,Excelente intensidade! Continue assim.,lo47HTtwAqgWluyz3kIs,True,1778950818000,Alta Intensidade,e9da39984fb29dc6
high_intensity,16-05-2026 16:15:28,10,Excelente intensidade! Continue assim.,4BzRdu1UGl9jdzbWdpKR,True,1778948128000,Alta Intensidade,04964f8452901231
high_intensity,27-05-2026 11:31:24,10,Excelente intensidade! Continue assim.,TOyHXAtnfjJGBb9TF2Jz,True,1779881484000,Alta Intensidade,330949523d665e3b
medium_intensity,22-05-2026 21:37:57,5,Este nível de atividade é ideal para o seu bem-estar.,9zbhK6Iw3YUAKsbRDUPG,True,1779485877000,Ritmo Saudável,ec75a53f04901eec
low_intensity,06-05-2026 15:09:53,2,Um ritmo mais leve será benéfico para o seu bem-estar.,lcdmahlhxKeNkYNeuA9m,True,1778080193000,Ritmo Baixo,bbbe498ee44f6349
low_intensity,17-05-2026 22:23:11,2,Um ritmo mais leve será benéfico para o seu bem-estar.,ckzt4aFIUqqwHkb5PCYX,True,1779056591000,Ritmo Baixo,34cbefbc28798720
high_intensity,01-05-2026 07:21:04,10,Excelente intensidade! Continue assim.,lbiptOJ05luuvBUTe9n7,True,1777620064000,Alta Intensidade,e1bd0a847e7079be
low_intensity,28-05-2026 23:00:04,2,Um ritmo mais leve será benéfico para o seu bem-estar.,jZgAnY8Ly7WeIniDEth5,True,1780009204000,Ritmo Baixo,55b620d8c0ab41e0
high_intensity,09-05-2026 12:53:31,10,Excelente intensidade! Continue assim.,kv5wEJsYkmst6I08I5Qa,True,1778331211000,Alta Intensidade,574582321d04df00
low_intensity,29-05-2026 04:49:20,2,Um ritmo mais leve será benéfico para o seu bem-estar.,pKJxPgkAbHkCZTQcpAMW,True,1780030160000,Ritmo Baixo,1d3db575c4a79d75
low_intensity,16-05-2026 18:50:10,2,Um ritmo mais leve será benéfico para o seu bem-estar.,DjLRMZwrfOEeRwIvrkMO,True,1778957410000,Ritmo Baixo,3c58290022ed11b1
high_intensity,01-05-2026 20:04:31,10,Excelente intensidade! Continue assim.,k0ivESfHnUMak4C9yjG2,True,1777665871000,Alta Intensidade,e84878f982129128
high_intensity,24-05-2026 11:35:47,10,Excelente intensidade! Continue assim.,MarzgLSNOvYC4PAByIIV,True,1779622547000,Alta Intensidade,cb207a93391638cb
low_intensity,09-05-2026 00:40:56,2,Um ritmo mais leve será benéfico para o seu bem-estar.,lmBgb58VCuFhoV85BFPL,True,1778287256000,Ritmo Baixo,057c44d337463e07
low_intensity,28-05-2026 12:32:00,2,Um ritmo mais leve será benéfico para o seu bem-estar.,HuVRFBVMYav3OvjGijt2,True,1779971520000,Ritmo Baixo,0e52f2934d8ce165
high_intensity,06-05-2026 12:00:04,10,Excelente intensidade! Continue assim.,K0PyLIAKPPvfiMSTOFzc,True,1778068804000,Alta Intensidade,2618243a251bd83f
high_intensity,10-05-2026 20:45:23,10,Excelente intensidade! Continue assim.,eXByew8Lyr5fCIc0qG8Z,True,1778445923000,Alta Intensidade,552b8d6c350cb13c
medium_intensity,19-05-2026 11:21:22,5,Este nível de atividade é ideal para o seu bem-estar.,vjHzScr6b6ZrL2cv5rvP,True,1779189682000,Ritmo Saudável,d57d393b16ba030e
low_intensity,14-05-2026 20:00:08,2,Um ritmo mais leve será benéfico para o seu bem-estar.,KKpyDU2WyaqyZFvX0O3y,True,1778788808000,Ritmo Baixo,c85cdb0ef48d09c8
high_intensity,27-05-2026 09:39:44,10,Excelente intensidade! Continue assim.,Qxs6jcLzOIMRowNdXbnJ,True,1779874784000,Alta Intensidade,91d55d217a2af234
low_intensity,30-05-2026 11:58:37,2,Um ritmo mais leve será benéfico para o seu bem-estar.,p0HbOk1eudZW7WoeyCqd,True,1780142317000,Ritmo Baixo,c6a2d85265d19a41
high_intensity,22-05-2026 18:38:53,10,Excelente intensidade! Continue assim.,SSkxknG4r609wlliTeS8,True,1779475133000,Alta Intensidade,4c885efe7bde3ff4
low_intensity,09-05-2026 16:05:48,2,Um ritmo mais leve será benéfico para o seu bem-estar.,kBMcP37Z527iq7OMPZ1V,True,1778342748000,Ritmo Baixo,c837debb39dd1e68
medium_intensity,24-05-2026 15:30:20,5,Este nível de atividade é ideal para o seu bem-estar.,D9oh76mpzTiyyBh9XsCE,True,1779636620000,Ritmo Saudável,53c682ded6545e06
medium_intensity,11-05-2026 06:19:46,5,Este nível de atividade é ideal para o seu bem-estar.,H1uTMYMlopGAZooogIYd,True,1778480386000,Ritmo Saudável,9d789fd91804129f
low_intensity,17-05-2026 09:57:12,2,Um ritmo mais leve será benéfico para o seu bem-estar.,p49nEnismvInhC4fVTC4,True,1779011832000,Ritmo Baixo,0e52f2934d8ce165
high_intensity,27-05-2026 15:14:52,10,Excelente intensidade! Continue assim.,3OPJqJbmHpbG3NMqsmE9,True,1779894892000,Alta Intensidade,574582321d04df00
medium_intensity,16-05-2026 22:00:27,5,Este nível de atividade é ideal para o seu bem-estar.,e6YJve9rseT09cs97au1,True,1778968827000,Ritmo Saudável,42d576864f9952c7
medium_intensity,11-05-2026 00:17:33,5,Este nível de atividade é ideal para o seu bem-estar.,D23jb8qxcwzgZTZlDEvr,True,1778458653000,Ritmo Saudável,552b8d6c350cb13c
medium_intensity,14-05-2026 23:02:32,5,Este nível de atividade é ideal para o seu bem-estar.,s4XB7VI7AlXrlChDWWXM,True,1778799752000,Ritmo Saudável,3cc68b8049eb8d4c
low_intensity,06-05-2026 02:54:19,2,Um ritmo mais leve será benéfico para o seu bem-estar.,8oVzbSbOnAfoqfvQEnPM,True,1778036059000,Ritmo Baixo,ae7ec9246c4649bc
high_intensity,17-05-2026 00:15:24,10,Excelente intensidade! Continue assim.,2msBep5pihbctejcpmQt,True,1778976924000,Alta Intensidade,d4389e820d4f82fa
high_intensity,14-05-2026 02:41:16,10,Excelente intensidade! Continue assim.,HOrIUCAIowm5TuyiQEwc,True,1778726476000,Alta Intensidade,c837debb39dd1e68
medium_intensity,27-05-2026 21:36:12,5,Este nível de atividade é ideal para o seu bem-estar.,P9vxlJQ9SntfycOb7k3F,True,1779917772000,Ritmo Saudável,53c682ded6545e06
low_intensity,06-05-2026 12:01:44,2,Um ritmo mais leve será benéfico para o seu bem-estar.,ye47iiuDXUWgTsnGPwe3,True,1778068904000,Ritmo Baixo,d4389e820d4f82fa
medium_intensity,04-05-2026 15:18:28,5,Este nível de atividade é ideal para o seu bem-estar.,tdfqy6zZMsTE5YKd1mlU,True,1777907908000,Ritmo Saudável,e7eb35b501d57e1f
high_intensity,12-05-2026 01:05:20,10,Excelente intensidade! Continue assim.,VkAImLWiFMxn24eWD94v,True,1778547920000,Alta Intensidade,72ba4e2f87adceb5
medium_intensity,10-05-2026 08:22:22,5,Este nível de atividade é ideal para o seu bem-estar.,ZZTB8n6RIqoYKzDPwI4F,True,1778401342000,Ritmo Saudável,234da97fe615c6b7
high_intensity,07-05-2026 03:39:57,10,Excelente intensidade! Continue assim.,D7lN5HzpJksTUcDfiZwJ,True,1778125197000,Alta Intensidade,2f2bd7547d602b7a
medium_intensity,10-05-2026 20:05:28,5,Este nível de atividade é ideal para o seu bem-estar.,ZGwRQm493wE8xsxRah7a,True,1778443528000,Ritmo Saudável,5a7b6516c51a4d4e
low_intensity,02-05-2026 11:14:19,2,Um ritmo mais leve será benéfico para o seu bem-estar.,xBNhJJtZmhBA7Qf1oef7,True,1777720459000,Ritmo Baixo,34cbefbc28798720
high_intensity,08-05-2026 01:36:01,10,Excelente intensidade! Continue assim.,nLHn4OcYsAWwiFQ5o0tu,True,1778204161000,Alta Intensidade,cb4c1290e91970dd
high_intensity,02-05-2026 22:21:50,10,Excelente intensidade! Continue assim.,dsGJuUsafNPoJ8xsbaNN,True,1777760510000,Alta Intensidade,1d3db575c4a79d75
high_intensity,12-05-2026 05:59:19,10,Excelente intensidade! Continue assim.,w8MaJbmyb5Gj11z6fGCl,True,1778565559000,Alta Intensidade,c9ab51cba10ae1e9
medium_intensity,12-05-2026 05:25:40,5,Este nível de atividade é ideal para o seu bem-estar.,fgKrKztfjCnM1YIG0Jqy,True,1778563540000,Ritmo Saudável,3811390588367f0e
high_intensity,26-05-2026 03:01:55,10,Excelente intensidade! Continue assim.,VUbBz4N727wDNFNgtr2v,True,1779764515000,Alta Intensidade,552b8d6c350cb13c
high_intensity,01-05-2026 06:25:11,10,Excelente intensidade! Continue assim.,IAGVwvRwz0ZCIpXZ8Jsp,True,1777616711000,Alta Intensidade,34cbefbc28798720
medium_intensity,29-05-2026 02:57:30,5,Este nível de atividade é ideal para o seu bem-estar.,9E2TImQ0m6RV7BBqHE6q,True,1780023450000,Ritmo Saudável,39a54d73a921b9f6
medium_intensity,04-05-2026 19:44:00,5,Este nível de atividade é ideal para o seu bem-estar.,PL2ZzjiPsYqGy0rTM5cO,True,1777923840000,Ritmo Saudável,91279a646f8ea6ac
high_intensity,07-05-2026 11:53:30,10,Excelente intensidade! Continue assim.,2XTMptg9KsmriJ09wKQa,True,1778154810000,Alta Intensidade,3cc68b8049eb8d4c
low_intensity,20-05-2026 10:33:35,2,Um ritmo mais leve será benéfico para o seu bem-estar.,rV9lLy4iBDJLXbANRq0z,True,1779273215000,Ritmo Baixo,f7af4712fd6b9108
low_intensity,02-05-2026 20:29:31,2,Um ritmo mais leve será benéfico para o seu bem-estar.,wUFtXOmMlVr8oOW6P2yh,True,1777753771000,Ritmo Baixo,131c7dd8f3ab4b35
medium_intensity,15-05-2026 09:37:29,5,Este nível de atividade é ideal para o seu bem-estar.,uLl8Bc6jvQWPTWHIgBx0,True,1778837849000,Ritmo Saudável,1bd749deaf799034
low_intensity,03-05-2026 14:36:09,2,Um ritmo mais leve será benéfico para o seu bem-estar.,olnUK9vu54G8Du9G1yvK,True,1777818969000,Ritmo Baixo,9d16533a62ab9315
medium_intensity,23-05-2026 06:29:48,5,Este nível de atividade é ideal para o seu bem-estar.,ZUmM3O1Un37DAxLO7XCP,True,1779517788000,Ritmo Saudável,de2dde23040292bc
high_intensity,03-05-2026 18:46:25,10,Excelente intensidade! Continue assim.,EabAYiHjPrIyqkGNvYhY,True,1777833985000,Alta Intensidade,06bf6a628379e030
medium_intensity,20-05-2026 02:41:43,5,Este nível de atividade é ideal para o seu bem-estar.,NDsW4rxLuAKFuiDsihxZ,True,1779244903000,Ritmo Saudável,c7f34dc43387f858
medium_intensity,21-05-2026 06:26:47,5,Este nível de atividade é ideal para o seu bem-estar.,5BeLhD9NgX2u6zu5uKgM,True,1779344807000,Ritmo Saudável,34cbefbc28798720
high_intensity,13-05-2026 04:41:36,10,Excelente intensidade! Continue assim.,77pSBFpn8xEjZis1UNP5,True,1778647296000,Alta Intensidade,2b95dd3cf28e7c18
medium_intensity,21-05-2026 12:53:54,5,Este nível de atividade é ideal para o seu bem-estar.,YbjgFVUz0fylUII4Un0y,True,1779368034000,Ritmo Saudável,75778bdb64d1008e
high_intensity,02-05-2026 07:10:34,10,Excelente intensidade! Continue assim.,cbLkp0jBF6VE2Hxtn4Wq,True,1777705834000,Alta Intensidade,42ac1a2bf982f79c
low_intensity,26-05-2026 02:41:25,2,Um ritmo mais leve será benéfico para o seu bem-estar.,AdJRbOjSNWwf9O8V5G9j,True,1779763285000,Ritmo Baixo,e9da39984fb29dc6
high_intensity,18-05-2026 07:36:49,10,Excelente intensidade! Continue assim.,X0Esod77nIEVMAEp3gW8,True,1779089809000,Alta Intensidade,42d576864f9952c7
high_intensity,15-05-2026 10:10:20,10,Excelente intensidade! Continue assim.,O7ZSqbPeOxMk9BsaHB1u,True,1778839820000,Alta Intensidade,34cbefbc28798720
medium_intensity,22-05-2026 07:08:17,5,Este nível de atividade é ideal para o seu bem-estar.,715XN5awUQ6dacJ7xoXi,True,1779433697000,Ritmo Saudável,a8c47673d6a4f85c
medium_intensity,02-05-2026 11:58:55,5,Este nível de atividade é ideal para o seu bem-estar.,IFvWoHxXktsQe7PRM8uL,True,1777723135000,Ritmo Saudável,430f674c6dfe941a
low_intensity,25-05-2026 17:43:48,2,Um ritmo mais leve será benéfico para o seu bem-estar.,YzNZWLlyL26OER1MLF2J,True,1779731028000,Ritmo Baixo,7d176c63414fcd05
medium_intensity,22-05-2026 20:59:15,5,Este nível de atividade é ideal para o seu bem-estar.,wteXcroW7TUV25Jxf5d9,True,1779483555000,Ritmo Saudável,d632e4ce536ec364
low_intensity,07-05-2026 18:41:24,2,Um ritmo mais leve será benéfico para o seu bem-estar.,yMftgCdU0PuqnLrBgULr,True,1778179284000,Ritmo Baixo,1bd749deaf799034
medium_intensity,09-05-2026 14:27:25,5,Este nível de atividade é ideal para o seu bem-estar.,rVBzlH1xOQ9gipIiBQ6h,True,1778336845000,Ritmo Saudável,574582321d04df00
high_intensity,14-05-2026 02:32:53,10,Excelente intensidade! Continue assim.,tZp7B1feY0WjbsAdD4zQ,True,1778725973000,Alta Intensidade,0e52f2934d8ce165
high_intensity,15-05-2026 21:48:12,10,Excelente intensidade! Continue assim.,FvWi0HePuu9XV51OnQLN,True,1778881692000,Alta Intensidade,f7af4712fd6b9108
low_intensity,01-05-2026 23:42:56,2,Um ritmo mais leve será benéfico para o seu bem-estar.,QyO6fO2V8GSlqlrPnaSR,True,1777678976000,Ritmo Baixo,1d6285f5502cf1f8
low_intensity,06-05-2026 20:25:37,2,Um ritmo mais leve será benéfico para o seu bem-estar.,VwzPpQfn3XOBgjCEXVp5,True,1778099137000,Ritmo Baixo,c85cdb0ef48d09c8
medium_intensity,22-05-2026 19:39:07,5,Este nível de atividade é ideal para o seu bem-estar.,0lyDjkmzJJcBQePPvuFH,True,1779478747000,Ritmo Saudável,7d176c63414fcd05
medium_intensity,10-05-2026 01:16:30,5,Este nível de atividade é ideal para o seu bem-estar.,ByMuzW8vTRJ5dcX886bp,True,1778375790000,Ritmo Saudável,c51d4eb54f89fec8
low_intensity,29-05-2026 00:24:05,2,Um ritmo mais leve será benéfico para o seu bem-estar.,r7wmelPxFDzEdSPRiYqO,True,1780014245000,Ritmo Baixo,0e52f2934d8ce165
medium_intensity,09-05-2026 16:16:03,5,Este nível de atividade é ideal para o seu bem-estar.,rZ7JwvDyvLVtY5x5fmv6,True,1778343363000,Ritmo Saudável,55b620d8c0ab41e0
high_intensity,28-05-2026 14:34:51,10,Excelente intensidade! Continue assim.,FQYrXDMz8BmBYsdRbjd8,True,1779978891000,Alta Intensidade,95744df47936b8c4
medium_intensity,18-05-2026 05:09:14,5,Este nível de atividade é ideal para o seu bem-estar.,CwYoFeIKpLO2QQbp4lPZ,True,1779080954000,Ritmo Saudável,7182af742e04dc6d
low_intensity,09-05-2026 23:42:41,2,Um ritmo mais leve será benéfico para o seu bem-estar.,yp2WOPKNnejxNQMHnOhX,True,1778370161000,Ritmo Baixo,d57d393b16ba030e
high_intensity,26-05-2026 11:56:43,10,Excelente intensidade! Continue assim.,ptIX06klsPtRIoHbI0DU,True,1779796603000,Alta Intensidade,bc74204126e384ca
low_intensity,09-05-2026 17:58:13,2,Um ritmo mais leve será benéfico para o seu bem-estar.,MUl4QDdfqVtTfKSgVRGr,True,1778349493000,Ritmo Baixo,82a83fc853728306
medium_intensity,11-05-2026 17:24:45,5,Este nível de atividade é ideal para o seu bem-estar.,eXTFinDQLpJPuRW3sYKq,True,1778520285000,Ritmo Saudável,d632e4ce536ec364
medium_intensity,25-05-2026 09:21:15,5,Este nível de atividade é ideal para o seu bem-estar.,OxwFyGSIfSzEYfF0WgXY,True,1779700875000,Ritmo Saudável,2b95dd3cf28e7c18
medium_intensity,18-05-2026 21:42:31,5,Este nível de atividade é ideal para o seu bem-estar.,zubeQwEDRcpPt9fHueR9,True,1779140551000,Ritmo Saudável,1791998ac3161359
medium_intensity,03-05-2026 15:40:35,5,Este nível de atividade é ideal para o seu bem-estar.,RYLBxzGxYAir7EMXV4jE,True,1777822835000,Ritmo Saudável,64a94f9052422a0c
high_intensity,20-05-2026 10:41:42,10,Excelente intensidade! Continue assim.,eMw9YNullpacexhGxqqU,True,1779273702000,Alta Intensidade,102edb38b5ec347f
medium_intensity,03-05-2026 02:25:07,5,Este nível de atividade é ideal para o seu bem-estar.,jLrbg4Oj1iVZHmqNayhB,True,1777775107000,Ritmo Saudável,8e7f2987241c2818
medium_intensity,06-05-2026 15:52:21,5,Este nível de atividade é ideal para o seu bem-estar.,Lm0bQ34lz6K0wFoaBRU6,True,1778082741000,Ritmo Saudável,8e7f2987241c2818
low_intensity,05-05-2026 21:35:08,2,Um ritmo mais leve será benéfico para o seu bem-estar.,JsGgMERD10mDn6hQpNb8,True,1778016908000,Ritmo Baixo,7f281c8dbac1f799
low_intensity,06-05-2026 05:56:52,2,Um ritmo mais leve será benéfico para o seu bem-estar.,wtISgjIC6Q0GOI66tOEM,True,1778047012000,Ritmo Baixo,95744df47936b8c4
medium_intensity,18-05-2026 05:34:52,5,Este nível de atividade é ideal para o seu bem-estar.,ORAyLY7QkSqYGYLsAMoF,True,1779082492000,Ritmo Saudável,d632e4ce536ec364
medium_intensity,20-05-2026 09:03:38,5,Este nível de atividade é ideal para o seu bem-estar.,6VoBxeHuDE4E2e305RuD,True,1779267818000,Ritmo Saudável,eb39e98aca20e7d3
medium_intensity,05-05-2026 18:46:06,5,Este nível de atividade é ideal para o seu bem-estar.,emHJiW8iq9KBzQl84efA,True,1778006766000,Ritmo Saudável,6214b1b462c04096
medium_intensity,21-05-2026 23:14:50,5,Este nível de atividade é ideal para o seu bem-estar.,L1Kenii0rKin8EB6ZfTJ,True,1779405290000,Ritmo Saudável,153c202e3cfef4ba
high_intensity,14-05-2026 20:40:38,10,Excelente intensidade! Continue assim.,F4pK237HNOwBP1Imay2l,True,1778791238000,Alta Intensidade,5a7b6516c51a4d4e
low_intensity,01-05-2026 22:43:31,2,Um ritmo mais leve será benéfico para o seu bem-estar.,YpU4boScGHvg8i2o5b7P,True,1777675411000,Ritmo Baixo,7182af742e04dc6d
low_intensity,18-05-2026 02:19:48,2,Um ritmo mais leve será benéfico para o seu bem-estar.,qdSgZTgUXl8UAEOdewWS,True,1779070788000,Ritmo Baixo,8dc02e5c153f83a3
low_intensity,20-05-2026 06:43:36,2,Um ritmo mais leve será benéfico para o seu bem-estar.,VoTYuZ2GHZiyipZAcQH2,True,1779259416000,Ritmo Baixo,cb207a93391638cb
medium_intensity,08-05-2026 00:35:09,5,Este nível de atividade é ideal para o seu bem-estar.,zfuvjLOrkJVrrHBe0WcW,True,1778200509000,Ritmo Saudável,6588d11c4a11acb1
low_intensity,12-05-2026 00:36:32,2,Um ritmo mais leve será benéfico para o seu bem-estar.,Gd6nX86i6W4A4UIE9P63,True,1778546192000,Ritmo Baixo,9cbee3c1d7168837
medium_intensity,29-05-2026 20:11:40,5,Este nível de atividade é ideal para o seu bem-estar.,BNcWSBW16nzouat7SzLk,True,1780085500000,Ritmo Saudável,9d789fd91804129f
medium_intensity,29-05-2026 20:04:07,5,Este nível de atividade é ideal para o seu bem-estar.,wd4jOdlsisBGsbULhOGF,True,1780085047000,Ritmo Saudável,55b620d8c0ab41e0
medium_intensity,08-05-2026 07:41:12,5,Este nível de atividade é ideal para o seu bem-estar.,eNGrduVCYKQxkxXItzoc,True,1778226072000,Ritmo Saudável,d57d393b16ba030e
high_intensity,17-05-2026 16:25:17,10,Excelente intensidade! Continue assim.,s1FuOKsj556HcFrO6vbO,True,1779035117000,Alta Intensidade,e7eb35b501d57e1f
low_intensity,25-05-2026 11:35:12,2,Um ritmo mais leve será benéfico para o seu bem-estar.,A47IoMi3xU3zeUAPN2Jw,True,1779708912000,Ritmo Baixo,57e17fffc619e182
medium_intensity,06-05-2026 08:10:33,5,Este nível de atividade é ideal para o seu bem-estar.,5wRfx9PSqfgKVjIdLAWi,True,1778055033000,Ritmo Saudável,8e2e127651e9cbde
high_intensity,15-05-2026 20:13:25,10,Excelente intensidade! Continue assim.,szNglOkPu0TGoLokoQX9,True,1778876005000,Alta Intensidade,7f281c8dbac1f799
medium_intensity,13-05-2026 21:49:59,5,Este nível de atividade é ideal para o seu bem-estar.,Ca4DlwkaF8hJlfCpHUI2,True,1778708999000,Ritmo Saudável,5e1de20fecf98844
medium_intensity,27-05-2026 10:56:20,5,Este nível de atividade é ideal para o seu bem-estar.,vv7QELzoD5YgVyRNIQ5v,True,1779879380000,Ritmo Saudável,234da97fe615c6b7
low_intensity,17-05-2026 16:09:56,2,Um ritmo mais leve será benéfico para o seu bem-estar.,RMD58rKY4Rh6ZdGh90O6,True,1779034196000,Ritmo Baixo,f879804e4456e5d4
low_intensity,25-05-2026 01:12:33,2,Um ritmo mais leve será benéfico para o seu bem-estar.,YTdmhQJGEGuTf0nVy8M1,True,1779671553000,Ritmo Baixo,b8e78b83a62a0cb7
low_intensity,27-05-2026 16:52:52,2,Um ritmo mais leve será benéfico para o seu bem-estar.,RsnFWO2qcFPbzWZ2XON2,True,1779900772000,Ritmo Baixo,da211edc7bac01a0
medium_intensity,04-05-2026 19:58:39,5,Este nível de atividade é ideal para o seu bem-estar.,fAZ6aguM462dERTAovQF,True,1777924719000,Ritmo Saudável,cbf338d836298cb7
medium_intensity,04-05-2026 16:29:59,5,Este nível de atividade é ideal para o seu bem-estar.,MhrPZfOPeXMAIOcbllsb,True,1777912199000,Ritmo Saudável,06961ead71f8b1d8
medium_intensity,30-05-2026 01:08:35,5,Este nível de atividade é ideal para o seu bem-estar.,Q6ca0LrwxA5nApPplRk7,True,1780103315000,Ritmo Saudável,b30b0b43692b035b
high_intensity,16-05-2026 23:19:53,10,Excelente intensidade! Continue assim.,vp1xd9K74JvxZ8bnYHVu,True,1778973593000,Alta Intensidade,6214b1b462c04096
medium_intensity,06-05-2026 19:29:12,5,Este nível de atividade é ideal para o seu bem-estar.,PXiA8lXXGgBX6PwQktsp,True,1778095752000,Ritmo Saudável,9d16533a62ab9315
low_intensity,12-05-2026 11:05:26,2,Um ritmo mais leve será benéfico para o seu bem-estar.,25Nox3bc4bWVVFHFIQcU,True,1778583926000,Ritmo Baixo,517fc5ca69b652a5
low_intensity,15-05-2026 00:25:52,2,Um ritmo mais leve será benéfico para o seu bem-estar.,r0eV2XbkoWOOQNBPbyCf,True,1778804752000,Ritmo Baixo,4c885efe7bde3ff4
high_intensity,04-05-2026 10:30:53,10,Excelente intensidade! Continue assim.,Qa5xrZ49R4NBDzMDOUzc,True,1777890653000,Alta Intensidade,63d3511e9e857901
high_intensity,23-05-2026 18:48:44,10,Excelente intensidade! Continue assim.,59x4iRpSPxxuWujVVU7x,True,1779562124000,Alta Intensidade,514af2be7dc985d8
low_intensity,07-05-2026 05:51:55,2,Um ritmo mais leve será benéfico para o seu bem-estar.,wPzEARzEeVVIiFnK62S7,True,1778133115000,Ritmo Baixo,7f281c8dbac1f799
high_intensity,13-05-2026 20:33:50,10,Excelente intensidade! Continue assim.,sWZArQroYOto94RV1TUV,True,1778704430000,Alta Intensidade,c837debb39dd1e68
high_intensity,18-05-2026 09:42:02,10,Excelente intensidade! Continue assim.,btLl3WmHOAkgyD3TYzao,True,1779097322000,Alta Intensidade,574582321d04df00
high_intensity,14-05-2026 02:35:26,10,Excelente intensidade! Continue assim.,mLXaqtz6qs28EUGfO4Nh,True,1778726126000,Alta Intensidade,2f2bd7547d602b7a
medium_intensity,29-05-2026 18:27:26,5,Este nível de atividade é ideal para o seu bem-estar.,uK6fq7UFaNS57C8Btnpq,True,1780079246000,Ritmo Saudável,867d47425e9cccc7
low_intensity,11-05-2026 02:48:35,2,Um ritmo mais leve será benéfico para o seu bem-estar.,jK2X5tdwTXdmqMEhhINO,True,1778467715000,Ritmo Baixo,c7f34dc43387f858
high_intensity,06-05-2026 21:52:07,10,Excelente intensidade! Continue assim.,14EoVadNwCSJvqwypJjC,True,1778104327000,Alta Intensidade,4c885efe7bde3ff4
low_intensity,26-05-2026 15:49:48,2,Um ritmo mais leve será benéfico para o seu bem-estar.,h4T4lgvp2zuCEQhIGRIh,True,1779810588000,Ritmo Baixo,3bd002cf1fcfa789
medium_intensity,28-05-2026 09:04:32,5,Este nível de atividade é ideal para o seu bem-estar.,dMQFEfGV2cBtxD5x3buC,True,1779959072000,Ritmo Saudável,8e7f2987241c2818
high_intensity,09-05-2026 19:20:57,10,Excelente intensidade! Continue assim.,9Ppkkv50rKwBAl5X3cN9,True,1778354457000,Alta Intensidade,1bd749deaf799034
low_intensity,24-05-2026 00:56:35,2,Um ritmo mais leve será benéfico para o seu bem-estar.,r08iwfTME5HvaPdWadQR,True,1779584195000,Ritmo Baixo,42d576864f9952c7
low_intensity,04-05-2026 03:28:39,2,Um ritmo mais leve será benéfico para o seu bem-estar.,7JpL8Z95heMv157321vN,True,1777865319000,Ritmo Baixo,75778bdb64d1008e
high_intensity,05-05-2026 15:54:31,10,Excelente intensidade! Continue assim.,dc4JAhWHfjhUjT5Vm7ji,True,1777996471000,Alta Intensidade,53c682ded6545e06
low_intensity,30-05-2026 13:08:40,2,Um ritmo mais leve será benéfico para o seu bem-estar.,oQR0UIssTXYLT7Tv18ZU,True,1780146520000,Ritmo Baixo,c85cdb0ef48d09c8
medium_intensity,17-05-2026 00:23:57,5,Este nível de atividade é ideal para o seu bem-estar.,srJe0xyEyt0Ue9IN9WPe,True,1778977437000,Ritmo Saudável,102edb38b5ec347f
medium_intensity,17-05-2026 18:23:36,5,Este nível de atividade é ideal para o seu bem-estar.,nj6rPDd8KtBpSYAKUYTS,True,1779042216000,Ritmo Saudável,06961ead71f8b1d8
high_intensity,02-05-2026 12:38:41,10,Excelente intensidade! Continue assim.,v9WJlqMJhs273O62jdsG,True,1777725521000,Alta Intensidade,cbf338d836298cb7
high_intensity,16-05-2026 06:25:39,10,Excelente intensidade! Continue assim.,gC3kxDIUzy0Ix8jaGivW,True,1778912739000,Alta Intensidade,39a54d73a921b9f6
medium_intensity,03-05-2026 22:31:20,5,Este nível de atividade é ideal para o seu bem-estar.,htuPrIwsIjX00Sd1Sqbd,True,1777847480000,Ritmo Saudável,2618243a251bd83f
high_intensity,08-05-2026 09:50:01,10,Excelente intensidade! Continue assim.,IlnNCDFW1ANEtdQoC6Cl,True,1778233801000,Alta Intensidade,cb4c1290e91970dd
medium_intensity,14-05-2026 14:06:00,5,Este nível de atividade é ideal para o seu bem-estar.,CeSC4ZDg5AEYUpIPOXpf,True,1778767560000,Ritmo Saudável,04964f8452901231
high_intensity,15-05-2026 08:04:18,10,Excelente intensidade! Continue assim.,3qNdSDDkp2GyzIkyGqz0,True,1778832258000,Alta Intensidade,153c202e3cfef4ba
high_intensity,18-05-2026 04:29:06,10,Excelente intensidade! Continue assim.,Uffs3ErWhCTmYkuaXGHf,True,1779078546000,Alta Intensidade,c51d4eb54f89fec8
low_intensity,05-05-2026 00:12:53,2,Um ritmo mais leve será benéfico para o seu bem-estar.,z0AD0qWOumgQihWilfSS,True,1777939973000,Ritmo Baixo,102edb38b5ec347f
low_intensity,15-05-2026 17:05:53,2,Um ritmo mais leve será benéfico para o seu bem-estar.,266YW3TEHCYcIKzoRUcO,True,1778864753000,Ritmo Baixo,d5eb4d757b335d0e
high_intensity,25-05-2026 07:21:58,10,Excelente intensidade! Continue assim.,BhKwPIDCdlemGteKjkFp,True,1779693718000,Alta Intensidade,55b620d8c0ab41e0
medium_intensity,19-05-2026 21:28:11,5,Este nível de atividade é ideal para o seu bem-estar.,Mwj409Xj5ZqGxVmdKUIA,True,1779226091000,Ritmo Saudável,04964f8452901231
low_intensity,03-05-2026 07:36:59,2,Um ritmo mais leve será benéfico para o seu bem-estar.,KrodBLAiEZyp4u3jFdGK,True,1777793819000,Ritmo Baixo,d0825fdf3da3660c
high_intensity,25-05-2026 14:47:24,10,Excelente intensidade! Continue assim.,7mGLSrXOpz6z9QeIj4nt,True,1779720444000,Alta Intensidade,39a54d73a921b9f6
medium_intensity,17-05-2026 04:52:59,5,Este nível de atividade é ideal para o seu bem-estar.,InfB5F2XzyMX9F39qnsY,True,1778993579000,Ritmo Saudável,3cc68b8049eb8d4c
low_intensity,05-05-2026 09:22:35,2,Um ritmo mais leve será benéfico para o seu bem-estar.,vdlaFo1ExRkQonOGTC83,True,1777972955000,Ritmo Baixo,1b1cc9cee9f27003
low_intensity,27-05-2026 11:18:29,2,Um ritmo mais leve será benéfico para o seu bem-estar.,wbtlMAD7GzxZuV60eb7L,True,1779880709000,Ritmo Baixo,e8c9832b5c388bb5
low_intensity,01-05-2026 19:37:37,2,Um ritmo mais leve será benéfico para o seu bem-estar.,GKVUnEpL19a8RkPvHwoM,True,1777664257000,Ritmo Baixo,daf96d2280390dec
low_intensity,13-05-2026 18:14:19,2,Um ritmo mais leve será benéfico para o seu bem-estar.,1PLmmHk7zZTXwAVgVGAz,True,1778696059000,Ritmo Baixo,19a558ecc36977ce
high_intensity,03-05-2026 12:44:57,10,Excelente intensidade! Continue assim.,ekDJV8Zj50hwB3ZaUfQf,True,1777812297000,Alta Intensidade,13db178cd9a1e37a
low_intensity,05-05-2026 20:25:29,2,Um ritmo mais leve será benéfico para o seu bem-estar.,FewZSHvGmsqVysBmIuSL,True,1778012729000,Ritmo Baixo,cb207a93391638cb
medium_intensity,28-05-2026 08:00:53,5,Este nível de atividade é ideal para o seu bem-estar.,DVfZeuYGYkvtHcow0fBs,True,1779955253000,Ritmo Saudável,ec75a53f04901eec
medium_intensity,09-05-2026 23:33:07,5,Este nível de atividade é ideal para o seu bem-estar.,cnwduwNXiw20N8Lb5ajW,True,1778369587000,Ritmo Saudável,867d47425e9cccc7
medium_intensity,06-05-2026 18:51:52,5,Este nível de atividade é ideal para o seu bem-estar.,u7rqXa87Uf7P7UxKYEO7,True,1778093512000,Ritmo Saudável,b30b0b43692b035b
low_intensity,15-05-2026 09:27:50,2,Um ritmo mais leve será benéfico para o seu bem-estar.,R9QwR51tfZa8SuA9y4J6,True,1778837270000,Ritmo Baixo,3bd002cf1fcfa789
low_intensity,24-05-2026 07:35:37,2,Um ritmo mais leve será benéfico para o seu bem-estar.,N6m7R0y4NCayzlrqHJxB,True,1779608137000,Ritmo Baixo,b30b0b43692b035b
high_intensity,25-05-2026 04:44:18,10,Excelente intensidade! Continue assim.,fMDW0RD0jAqEoLk32H63,True,1779684258000,Alta Intensidade,bc74204126e384ca
low_intensity,13-05-2026 11:39:38,2,Um ritmo mais leve será benéfico para o seu bem-estar.,s02xqxjPrwk1Pb4q4Moz,True,1778672378000,Ritmo Baixo,b572bc65fae8bec1
medium_intensity,06-05-2026 02:44:33,5,Este nível de atividade é ideal para o seu bem-estar.,inhB1UDZHkmNazgjc4CO,True,1778035473000,Ritmo Saudável,da211edc7bac01a0
high_intensity,19-05-2026 04:37:48,10,Excelente intensidade! Continue assim.,ahKnoNETqrsGMAQTMEPA,True,1779165468000,Alta Intensidade,64a94f9052422a0c
high_intensity,02-05-2026 23:06:36,10,Excelente intensidade! Continue assim.,ulqIcE5xGnvMTIsa4Rpw,True,1777763196000,Alta Intensidade,c51d4eb54f89fec8
medium_intensity,29-05-2026 23:02:50,5,Este nível de atividade é ideal para o seu bem-estar.,QeHljw55g2Z2PnrRowZY,True,1780095770000,Ritmo Saudável,82a83fc853728306
high_intensity,11-05-2026 10:03:47,10,Excelente intensidade! Continue assim.,kNqpUFWyx7Ql171qxoUb,True,1778493827000,Alta Intensidade,3bc1bf7fb69f3ba3
high_intensity,17-05-2026 01:06:25,10,Excelente intensidade! Continue assim.,SEZhCYeadnpdIn78R5zL,True,1778979985000,Alta Intensidade,3993ad7e2565b6b0
high_intensity,24-05-2026 04:30:40,10,Excelente intensidade! Continue assim.,n8eTVdG4q07blpvlKvze,True,1779597040000,Alta Intensidade,c85cdb0ef48d09c8
medium_intensity,23-05-2026 00:00:29,5,Este nível de atividade é ideal para o seu bem-estar.,9YBovD6EuFled8hOEHrr,True,1779494429000,Ritmo Saudável,72ba4e2f87adceb5
medium_intensity,29-05-2026 21:00:57,5,Este nível de atividade é ideal para o seu bem-estar.,qZmdHiY46jLaw46MS4xO,True,1780088457000,Ritmo Saudável,6214b1b462c04096
low_intensity,22-05-2026 23:50:44,2,Um ritmo mais leve será benéfico para o seu bem-estar.,oW7AkRCIXpGyZqGG1Vj1,True,1779493844000,Ritmo Baixo,5e1de20fecf98844
low_intensity,11-05-2026 15:12:21,2,Um ritmo mais leve será benéfico para o seu bem-estar.,t6Iod5ec8Gzy5rhqTHdt,True,1778512341000,Ritmo Baixo,2f2bd7547d602b7a
low_intensity,02-05-2026 13:17:24,2,Um ritmo mais leve será benéfico para o seu bem-estar.,VrSpaoU7pcdPjXymN4Nz,True,1777727844000,Ritmo Baixo,8e2e127651e9cbde
low_intensity,02-05-2026 22:00:56,2,Um ritmo mais leve será benéfico para o seu bem-estar.,NVXnkGuWRf0T6hRvYTeS,True,1777759256000,Ritmo Baixo,517fc5ca69b652a5
medium_intensity,10-05-2026 08:28:49,5,Este nível de atividade é ideal para o seu bem-estar.,PW8Bf6HIKbijWK3Q2DJF,True,1778401729000,Ritmo Saudável,72ba4e2f87adceb5
medium_intensity,05-05-2026 20:21:14,5,Este nível de atividade é ideal para o seu bem-estar.,g0i2oCXtUwUUZXZZAy7p,True,1778012474000,Ritmo Saudável,ce246387dd078174
low_intensity,22-05-2026 23:59:45,2,Um ritmo mais leve será benéfico para o seu bem-estar.,CxI49QMnUwIzl3HvZ4fB,True,1779494385000,Ritmo Baixo,cb4c1290e91970dd
low_intensity,19-05-2026 00:50:48,2,Um ritmo mais leve será benéfico para o seu bem-estar.,sCqsTxTN9HoD3I24dCOB,True,1779151848000,Ritmo Baixo,e8c9832b5c388bb5
low_intensity,18-05-2026 22:28:08,2,Um ritmo mais leve será benéfico para o seu bem-estar.,RDogxvcMau8GeoCTmJMK,True,1779143288000,Ritmo Baixo,24d6a87b0598b02e
low_intensity,01-05-2026 01:50:51,2,Um ritmo mais leve será benéfico para o seu bem-estar.,llWPvsscFuIFUiIephpd,True,1777600251000,Ritmo Baixo,7182af742e04dc6d
high_intensity,09-05-2026 08:40:55,10,Excelente intensidade! Continue assim.,AIiAful4fEPPT7BwxFGw,True,1778316055000,Alta Intensidade,a8c47673d6a4f85c
medium_intensity,23-05-2026 00:42:58,5,Este nível de atividade é ideal para o seu bem-estar.,OG8iJk36q76ncTLyiHHN,True,1779496978000,Ritmo Saudável,234da97fe615c6b7
low_intensity,01-05-2026 13:05:02,2,Um ritmo mais leve será benéfico para o seu bem-estar.,sDjNlPBaWn6kdsjIw3m8,True,1777640702000,Ritmo Baixo,9d789fd91804129f
medium_intensity,01-05-2026 11:34:57,5,Este nível de atividade é ideal para o seu bem-estar.,WX8zwsgp6NX1tVK0DC7u,True,1777635297000,Ritmo Saudável,6214b1b462c04096
low_intensity,19-05-2026 21:58:23,2,Um ritmo mais leve será benéfico para o seu bem-estar.,kLJ0HKcKTMufMOLG3k2B,True,1779227903000,Ritmo Baixo,e9da39984fb29dc6
medium_intensity,30-05-2026 23:18:34,5,Este nível de atividade é ideal para o seu bem-estar.,y2KPhNYp3WdwcLCiGibV,True,1780183114000,Ritmo Saudável,6f36a3307488809f
medium_intensity,26-05-2026 03:44:21,5,Este nível de atividade é ideal para o seu bem-estar.,FwVMchZnJtXsJs4wOSQw,True,1779767061000,Ritmo Saudável,17b4966e9be4d8d8
high_intensity,18-05-2026 09:28:53,10,Excelente intensidade! Continue assim.,HycqS05XJBAYHiHgYNRQ,True,1779096533000,Alta Intensidade,487b076a69a53671
medium_intensity,29-05-2026 05:10:28,5,Este nível de atividade é ideal para o seu bem-estar.,X6ExU3XoTRWloyVy1JAd,True,1780031428000,Ritmo Saudável,7e8fb26408446272
low_intensity,21-05-2026 08:40:15,2,Um ritmo mais leve será benéfico para o seu bem-estar.,wsAh1M4FUMlT71icLN8z,True,1779352815000,Ritmo Baixo,3b1338c1207d1e2e
low_intensity,09-05-2026 03:25:12,2,Um ritmo mais leve será benéfico para o seu bem-estar.,zwP3tKxP3tas2Mkx7dp6,True,1778297112000,Ritmo Baixo,6214b1b462c04096
low_intensity,22-05-2026 04:53:42,2,Um ritmo mais leve será benéfico para o seu bem-estar.,p4X2B8YPC48ckmqAGwbY,True,1779425622000,Ritmo Baixo,91279a646f8ea6ac
low_intensity,15-05-2026 05:07:36,2,Um ritmo mais leve será benéfico para o seu bem-estar.,a9npecE1bIRM6loPGO9B,True,1778821656000,Ritmo Baixo,c51d4eb54f89fec8
low_intensity,29-05-2026 12:57:46,2,Um ritmo mais leve será benéfico para o seu bem-estar.,dBkDajWP3KdfAtM6vgar,True,1780059466000,Ritmo Baixo,3993ad7e2565b6b0
high_intensity,24-05-2026 15:58:53,10,Excelente intensidade! Continue assim.,7GA5XFlqs3VqsGKqza1z,True,1779638333000,Alta Intensidade,9d16533a62ab9315
high_intensity,03-05-2026 22:53:50,10,Excelente intensidade! Continue assim.,UQUanWrS4DFwheJHiFWY,True,1777848830000,Alta Intensidade,b572bc65fae8bec1
low_intensity,10-05-2026 03:52:51,2,Um ritmo mais leve será benéfico para o seu bem-estar.,wbuDIMrZr1KpOM2P1LlJ,True,1778385171000,Ritmo Baixo,487b076a69a53671
low_intensity,25-05-2026 15:30:20,2,Um ritmo mais leve será benéfico para o seu bem-estar.,p0T7JH5wopFYgTvLPpw5,True,1779723020000,Ritmo Baixo,9d16533a62ab9315
high_intensity,12-05-2026 18:13:39,10,Excelente intensidade! Continue assim.,4dtqrhBvtrXXzVa4xh4Z,True,1778609619000,Alta Intensidade,17b4966e9be4d8d8
low_intensity,30-05-2026 20:51:27,2,Um ritmo mais leve será benéfico para o seu bem-estar.,BCws9BDO8cB55yVAFJOW,True,1780174287000,Ritmo Baixo,42d576864f9952c7
medium_intensity,27-05-2026 00:36:41,5,Este nível de atividade é ideal para o seu bem-estar.,RMCm3XjQulh9vvfYP436,True,1779842201000,Ritmo Saudável,b30b0b43692b035b
high_intensity,03-05-2026 18:19:00,10,Excelente intensidade! Continue assim.,HDTeYfmFPfdwtylljagn,True,1777832340000,Alta Intensidade,f879804e4456e5d4
low_intensity,19-05-2026 16:25:49,2,Um ritmo mais leve será benéfico para o seu bem-estar.,X4nDBDpUPwAa4RBDZ4sM,True,1779207949000,Ritmo Baixo,923d0315f3ae2bb3
high_intensity,28-05-2026 18:25:45,10,Excelente intensidade! Continue assim.,YX8sw1k73qc0GZqUt6qV,True,1779992745000,Alta Intensidade,8f8c45c33ff51d0e
high_intensity,22-05-2026 08:56:45,10,Excelente intensidade! Continue assim.,f1dytGYEnCWXS3UanAdv,True,1779440205000,Alta Intensidade,55b620d8c0ab41e0
medium_intensity,08-05-2026 18:24:48,5,Este nível de atividade é ideal para o seu bem-estar.,ni1ohShptmLwX3aybRpL,True,1778264688000,Ritmo Saudável,7e8fb26408446272
high_intensity,03-05-2026 11:29:39,10,Excelente intensidade! Continue assim.,jIe7xnHlDX5iSm7zcfRB,True,1777807779000,Alta Intensidade,131c7dd8f3ab4b35
medium_intensity,06-05-2026 06:58:52,5,Este nível de atividade é ideal para o seu bem-estar.,32Eok7rlCj4tzfDABLzV,True,1778050732000,Ritmo Saudável,6214b1b462c04096
medium_intensity,25-05-2026 02:50:29,5,Este nível de atividade é ideal para o seu bem-estar.,F9JqmyceTw4DtGpbg5gk,True,1779677429000,Ritmo Saudável,c51d4eb54f89fec8
low_intensity,13-05-2026 21:50:59,2,Um ritmo mais leve será benéfico para o seu bem-estar.,fFKFQlHD9XkQkHcyaIQs,True,1778709059000,Ritmo Baixo,131c7dd8f3ab4b35
medium_intensity,09-05-2026 04:56:08,5,Este nível de atividade é ideal para o seu bem-estar.,4BknEAvVM4Dt7Edx0N3M,True,1778302568000,Ritmo Saudável,42d576864f9952c7
high_intensity,17-05-2026 09:15:00,10,Excelente intensidade! Continue assim.,BV02eGwGmPp1hQb72w1T,True,1779009300000,Alta Intensidade,c85cdb0ef48d09c8
high_intensity,21-05-2026 21:04:45,10,Excelente intensidade! Continue assim.,ZoJCdCFkZUEnevMDbiDE,True,1779397485000,Alta Intensidade,574582321d04df00
low_intensity,22-05-2026 19:08:21,2,Um ritmo mais leve será benéfico para o seu bem-estar.,TY7THvG2G13ZpPjR9E7B,True,1779476901000,Ritmo Baixo,d5eb4d757b335d0e
low_intensity,30-05-2026 19:37:57,2,Um ritmo mais leve será benéfico para o seu bem-estar.,60avflOTUEyXOuDILYPQ,True,1780169877000,Ritmo Baixo,1b1cc9cee9f27003
high_intensity,17-05-2026 23:29:13,10,Excelente intensidade! Continue assim.,ei0BY1uQ7oLhh3MuJw0n,True,1779060553000,Alta Intensidade,430f674c6dfe941a
high_intensity,12-05-2026 08:50:14,10,Excelente intensidade! Continue assim.,iQZyue7Ai2xYxOex6ID5,True,1778575814000,Alta Intensidade,34cbefbc28798720
high_intensity,15-05-2026 08:10:04,10,Excelente intensidade! Continue assim.,5GQvA3C7tX3j66HHhXBd,True,1778832604000,Alta Intensidade,3cc68b8049eb8d4c
high_intensity,08-05-2026 05:07:08,10,Excelente intensidade! Continue assim.,VRpllOG1CKpl0JmEPVqJ,True,1778216828000,Alta Intensidade,39a54d73a921b9f6
low_intensity,05-05-2026 04:05:19,2,Um ritmo mais leve será benéfico para o seu bem-estar.,GRX066pxDkyi6J7hLMTP,True,1777953919000,Ritmo Baixo,0e52f2934d8ce165
high_intensity,22-05-2026 05:23:35,10,Excelente intensidade! Continue assim.,7IKlJvvOzqynrWSGRwe3,True,1779427415000,Alta Intensidade,91279a646f8ea6ac
high_intensity,21-05-2026 10:18:00,10,Excelente intensidade! Continue assim.,gX5uOfVbnvj0MFcwsuGr,True,1779358680000,Alta Intensidade,06bf6a628379e030
medium_intensity,12-05-2026 12:41:52,5,Este nível de atividade é ideal para o seu bem-estar.,2QMKZ7Km1htJTvtX4HaR,True,1778589712000,Ritmo Saudável,487b076a69a53671
medium_intensity,30-05-2026 14:43:15,5,Este nível de atividade é ideal para o seu bem-estar.,QAWJ8FxstSO9SQekguil,True,1780152195000,Ritmo Saudável,ce246387dd078174
low_intensity,17-05-2026 02:15:20,2,Um ritmo mais leve será benéfico para o seu bem-estar.,uDDt9UBIC8eOtLepp19B,True,1778984120000,Ritmo Baixo,d632e4ce536ec364
medium_intensity,28-05-2026 18:41:23,5,Este nível de atividade é ideal para o seu bem-estar.,Rl5rgErdEO9BLBHafd93,True,1779993683000,Ritmo Saudável,5a7b6516c51a4d4e
high_intensity,26-05-2026 04:03:12,10,Excelente intensidade! Continue assim.,UqOzGsDq9vOVZ1KBmCwd,True,1779768192000,Alta Intensidade,5a7b6516c51a4d4e
high_intensity,15-05-2026 08:50:43,10,Excelente intensidade! Continue assim.,YEt5HIbD7WSf5IjBTsrM,True,1778835043000,Alta Intensidade,64a94f9052422a0c
medium_intensity,23-05-2026 03:52:13,5,Este nível de atividade é ideal para o seu bem-estar.,4QJhgzULUpd32zkRvCax,True,1779508333000,Ritmo Saudável,82a83fc853728306
low_intensity,04-05-2026 05:26:43,2,Um ritmo mais leve será benéfico para o seu bem-estar.,nKzuXokIHa9OjEF25lCY,True,1777872403000,Ritmo Baixo,5311a0642c2564ad
low_intensity,19-05-2026 10:45:16,2,Um ritmo mais leve será benéfico para o seu bem-estar.,pWpiTO3urjJAX8nu0Fqq,True,1779187516000,Ritmo Baixo,17b4966e9be4d8d8
low_intensity,14-05-2026 19:47:42,2,Um ritmo mais leve será benéfico para o seu bem-estar.,UbQooDjhvvupgXXLAUMt,True,1778788062000,Ritmo Baixo,b572bc65fae8bec1
low_intensity,02-05-2026 01:08:30,2,Um ritmo mais leve será benéfico para o seu bem-estar.,MYMcvWlfqxyIq75N6PdY,True,1777684110000,Ritmo Baixo,2618243a251bd83f
medium_intensity,04-05-2026 13:23:37,5,Este nível de atividade é ideal para o seu bem-estar.,Pyg24HqIQsubbCyE60Hn,True,1777901017000,Ritmo Saudável,d632e4ce536ec364
high_intensity,01-05-2026 06:38:17,10,Excelente intensidade! Continue assim.,JrvYc1QX8KLtBimto11P,True,1777617497000,Alta Intensidade,c837debb39dd1e68
high_intensity,24-05-2026 13:18:37,10,Excelente intensidade! Continue assim.,2zYpulaOEPM229xNX3qp,True,1779628717000,Alta Intensidade,8e2e127651e9cbde
high_intensity,20-05-2026 16:38:48,10,Excelente intensidade! Continue assim.,kSOlIo3qEMH3oKqmd7fx,True,1779295128000,Alta Intensidade,c34c1310eab19c87
medium_intensity,18-05-2026 20:20:40,5,Este nível de atividade é ideal para o seu bem-estar.,yaeEIJMNGUFwEn7y7l36,True,1779135640000,Ritmo Saudável,867d47425e9cccc7
high_intensity,06-05-2026 04:39:29,10,Excelente intensidade! Continue assim.,kywVtEWDZPzKsklRZex9,True,1778042369000,Alta Intensidade,514af2be7dc985d8
medium_intensity,03-05-2026 07:20:06,5,Este nível de atividade é ideal para o seu bem-estar.,HXOFRTLGnQ0dgU5dscto,True,1777792806000,Ritmo Saudável,1bd749deaf799034
low_intensity,22-05-2026 23:51:07,2,Um ritmo mais leve será benéfico para o seu bem-estar.,qoL1JPObtiA8J7Zai8Xy,True,1779493867000,Ritmo Baixo,f7c6682ad24d37f8
high_intensity,08-05-2026 10:24:31,10,Excelente intensidade! Continue assim.,3KGljzEqMSihhTGNp194,True,1778235871000,Alta Intensidade,9d16533a62ab9315
low_intensity,03-05-2026 20:21:33,2,Um ritmo mais leve será benéfico para o seu bem-estar.,0jfZpKbgBGLmTH4045jj,True,1777839693000,Ritmo Baixo,eb39e98aca20e7d3
medium_intensity,26-05-2026 18:09:47,5,Este nível de atividade é ideal para o seu bem-estar.,tjxuTPthxSRBdYq7jFte,True,1779818987000,Ritmo Saudável,82a83fc853728306
low_intensity,19-05-2026 04:28:13,2,Um ritmo mais leve será benéfico para o seu bem-estar.,PF8pH94fDCou7HkKQI7U,True,1779164893000,Ritmo Baixo,7f281c8dbac1f799
high_intensity,13-05-2026 20:33:23,10,Excelente intensidade! Continue assim.,umvmWv7OI7xrYRp76AKs,True,1778704403000,Alta Intensidade,6214b1b462c04096
high_intensity,10-05-2026 14:24:18,10,Excelente intensidade! Continue assim.,wWVi7n7eKBY1zXXW7o0R,True,1778423058000,Alta Intensidade,b8e78b83a62a0cb7
high_intensity,04-05-2026 03:32:35,10,Excelente intensidade! Continue assim.,SWTTUHonDG4JNuq0VYy0,True,1777865555000,Alta Intensidade,42ac1a2bf982f79c
low_intensity,30-05-2026 03:36:32,2,Um ritmo mais leve será benéfico para o seu bem-estar.,WUUB17IOKg5iePR9mhwO,True,1780112192000,Ritmo Baixo,c6a2d85265d19a41
low_intensity,16-05-2026 07:14:41,2,Um ritmo mais leve será benéfico para o seu bem-estar.,GPHaunDBYwxRyel32TJm,True,1778915681000,Ritmo Baixo,e84878f982129128
medium_intensity,24-05-2026 02:06:42,5,Este nível de atividade é ideal para o seu bem-estar.,tJosS52be3UZXhrkSuUP,True,1779588402000,Ritmo Saudável,552b8d6c350cb13c
low_intensity,04-05-2026 18:15:28,2,Um ritmo mais leve será benéfico para o seu bem-estar.,9AsVt25A6JyOO2szWS8c,True,1777918528000,Ritmo Baixo,057c44d337463e07
medium_intensity,04-05-2026 15:16:32,5,Este nível de atividade é ideal para o seu bem-estar.,pIb34np7OvGWJ8bimaMs,True,1777907792000,Ritmo Saudável,2b95dd3cf28e7c18
low_intensity,19-05-2026 08:55:19,2,Um ritmo mais leve será benéfico para o seu bem-estar.,O4sHytPrJrUmp5HCmeqM,True,1779180919000,Ritmo Baixo,8e7f2987241c2818
low_intensity,24-05-2026 22:27:55,2,Um ritmo mais leve será benéfico para o seu bem-estar.,BWYur1D6QCGgTRrxO947,True,1779661675000,Ritmo Baixo,1791998ac3161359
medium_intensity,18-05-2026 19:42:49,5,Este nível de atividade é ideal para o seu bem-estar.,6SnAFsQeLPBtkaydEZjb,True,1779133369000,Ritmo Saudável,a2fd30e5fa49ad53
high_intensity,18-05-2026 23:57:47,10,Excelente intensidade! Continue assim.,o8rlhJop2nEfPQVJLq8m,True,1779148667000,Alta Intensidade,9d789fd91804129f
high_intensity,19-05-2026 15:36:31,10,Excelente intensidade! Continue assim.,Vuwwt16myu6FMI3bMC2Z,True,1779204991000,Alta Intensidade,c51d4eb54f89fec8
low_intensity,29-05-2026 23:20:15,2,Um ritmo mais leve será benéfico para o seu bem-estar.,MZcMgIRPwCtBlh0hdCM9,True,1780096815000,Ritmo Baixo,057c44d337463e07
medium_intensity,18-05-2026 06:15:48,5,Este nível de atividade é ideal para o seu bem-estar.,M6K5ZS3AeawegZV1Uiv5,True,1779084948000,Ritmo Saudável,7d176c63414fcd05
low_intensity,26-05-2026 02:09:40,2,Um ritmo mais leve será benéfico para o seu bem-estar.,ZUyDiI4EXcViNC0wzMhK,True,1779761380000,Ritmo Baixo,95744df47936b8c4
medium_intensity,17-05-2026 02:12:29,5,Este nível de atividade é ideal para o seu bem-estar.,3Pb8nVkxqC2mu0qlHTi5,True,1778983949000,Ritmo Saudável,91279a646f8ea6ac
medium_intensity,17-05-2026 03:09:24,5,Este nível de atividade é ideal para o seu bem-estar.,a0xoFS0UHds87hs1Vzmi,True,1778987364000,Ritmo Saudável,3993ad7e2565b6b0
low_intensity,08-05-2026 05:48:52,2,Um ritmo mais leve será benéfico para o seu bem-estar.,1vqzOAcOYfP8wycXXmrW,True,1778219332000,Ritmo Baixo,06bf6a628379e030
high_intensity,25-05-2026 07:30:59,10,Excelente intensidade! Continue assim.,Pien9ZgacMalYNVlSomf,True,1779694259000,Alta Intensidade,487b076a69a53671
medium_intensity,27-05-2026 05:45:10,5,Este nível de atividade é ideal para o seu bem-estar.,vOtHTu6CLUbx90P0IFC1,True,1779860710000,Ritmo Saudável,234da97fe615c6b7
medium_intensity,30-05-2026 23:37:11,5,Este nível de atividade é ideal para o seu bem-estar.,Ptfg6VwF9T63MkqacW5k,True,1780184231000,Ritmo Saudável,e9da39984fb29dc6
medium_intensity,13-05-2026 06:42:14,5,Este nível de atividade é ideal para o seu bem-estar.,1EyscCnNxuzcTHT0Bqoc,True,1778654534000,Ritmo Saudável,3bc1bf7fb69f3ba3
high_intensity,12-05-2026 21:08:56,10,Excelente intensidade! Continue assim.,Xr7OqamuU6h5jo534a5V,True,1778620136000,Alta Intensidade,de2dde23040292bc
high_intensity,21-05-2026 05:40:25,10,Excelente intensidade! Continue assim.,y2ku5YyTfcqT7ED6PcT5,True,1779342025000,Alta Intensidade,fb188f553674b4c4
low_intensity,07-05-2026 00:11:02,2,Um ritmo mais leve será benéfico para o seu bem-estar.,6GUBbvJD0vS6Nh69WR3S,True,1778112662000,Ritmo Baixo,2618243a251bd83f
low_intensity,28-05-2026 23:56:23,2,Um ritmo mais leve será benéfico para o seu bem-estar.,CZT0asCEikeWFyuA8lZH,True,1780012583000,Ritmo Baixo,1d6285f5502cf1f8
high_intensity,23-05-2026 06:03:16,10,Excelente intensidade! Continue assim.,E5Il1ePiTwPorDj8JP3q,True,1779516196000,Alta Intensidade,75778bdb64d1008e
low_intensity,15-05-2026 13:47:09,2,Um ritmo mais leve será benéfico para o seu bem-estar.,2baOG3xrlBnDjKi5eWyE,True,1778852829000,Ritmo Baixo,2a339e8954684016
high_intensity,04-05-2026 18:12:42,10,Excelente intensidade! Continue assim.,xmgVZQmMv0zLR1pDkXwV,True,1777918362000,Alta Intensidade,e9da39984fb29dc6
medium_intensity,14-05-2026 20:33:22,5,Este nível de atividade é ideal para o seu bem-estar.,7wC0NySghuiP1dhjZhEv,True,1778790802000,Ritmo Saudável,18d281edb3671f44
high_intensity,18-05-2026 04:34:20,10,Excelente intensidade! Continue assim.,qruLcBKoC59ils3TzuuY,True,1779078860000,Alta Intensidade,8e7f2987241c2818
