date,id,invite_id,status,userId,user_id
22-05-2026 01:04:51,EGzDw2yytMkCUMGMbp9U,03545317-482a-4dd6-bb6c-bf85621eb984,False,63d3511e9e857901,5311a0642c2564ad
06-05-2026 04:35:27,sYq6R9OcX8B7vWj7ZatD,d3a261c7-894d-4061-b7d5-4b1276371fa0,True,e1bd0a847e7079be,95744df47936b8c4
10-05-2026 01:54:25,ng9NdkGDVK26NlVRk9Y5,2100a137-e9b4-4874-b9ec-9275bd6a3974,True,1b38ab967d98cc4e,5a7b6516c51a4d4e
14-05-2026 06:56:09,bRZMj3v6hoxRYMDdVHOR,f0e73b88-f64e-42e9-88b0-5061b77a41f5,False,d632e4ce536ec364,72ba4e2f87adceb5
09-05-2026 03:41:10,wa67bgcpinlBlbDgzXmz,3688aa0e-1550-4aa4-a7a3-b9fe17af6959,True,de2dde23040292bc,131c7dd8f3ab4b35
25-05-2026 20:04:52,diYfbVMWiB92h8WA8SpM,f1350d8c-a041-460b-bfa3-4a9fcb964068,True,57e7d972b508815d,d0825fdf3da3660c
22-05-2026 13:56:10,ibsiSr7cvy7yUppDQAYQ,86912f85-b40f-44c7-8513-5e04c40e61cf,True,ae7ec9246c4649bc,d57d393b16ba030e
07-05-2026 07:09:42,EjXVxkRbmFL10ASttwk8,173c8ad7-f38d-491d-b57c-ea16c10df019,True,0e52f2934d8ce165,d57d393b16ba030e
30-05-2026 08:27:42,V9gWtv2EA51tmPo8I2Z5,ce5c8bf9-3ff8-4601-9e8e-0f7faeeb0f8d,True,cbf338d836298cb7,f879804e4456e5d4
15-05-2026 22:21:34,pj8BKaM2ziSXwkS6rUhs,01c0cf17-0ee6-4597-b601-644266ebb74e,False,42d576864f9952c7,42ac1a2bf982f79c
26-05-2026 11:55:21,aVwByvWgYyvbkEkEJCck,58deec84-27e1-4010-b80f-4726302a71a9,False,8e7f2987241c2818,42ac1a2bf982f79c
12-05-2026 03:25:18,ceQ9BcKLcxklyGpJAOcH,314835bd-9e41-4c62-ada1-6fe7f0307dee,True,cb207a93391638cb,234da97fe615c6b7
28-05-2026 04:15:15,ffLkXmWL0ftMty2xLvbQ,9926c617-27d8-4cf2-bf58-f97d1972cf16,True,daf96d2280390dec,ec75a53f04901eec
08-05-2026 12:49:58,CGsOZhDXWMIuzRG30tFJ,b45e9593-74c4-4e57-9b3d-a4bd2ef3b79b,True,f879804e4456e5d4,53c682ded6545e06
26-05-2026 00:35:34,8aFNjVJgFOgNNNOADnl1,b379d678-7042-4037-9c8b-81c8b30950d0,True,24d6a87b0598b02e,330949523d665e3b
22-05-2026 07:51:26,n92Tc7zvMhF7oHHALoo1,1035f416-b803-4a01-bd54-29374a612c5f,True,5e1de20fecf98844,517fc5ca69b652a5
16-05-2026 19:40:37,cjCIVgFeHWXLxsGGyP1u,4e69fea5-97e1-417b-9e50-2fc385f904ff,True,e84878f982129128,c51d4eb54f89fec8
26-05-2026 11:13:36,dnFhWsR1cA4KR6BIJGFu,a4d8e8bd-ba73-446a-bf4d-81cd66d2585c,False,04964f8452901231,cbf338d836298cb7
14-05-2026 20:00:44,muvXhGErgTvGLMve5Yfx,90a813dc-9cd6-4c37-a24b-abf022aa2e8d,True,9cbee3c1d7168837,ec75a53f04901eec
22-05-2026 13:28:48,CIre9N0IJEdSK42C3rKf,5882cbc4-8237-4a3c-95f8-3d828792088e,True,3b1338c1207d1e2e,574582321d04df00
18-05-2026 02:49:10,m6etVCUqj03UkyCSUxwB,2efeeaf9-2a34-4d8d-add0-9b740f4aeadc,True,bc74204126e384ca,f879804e4456e5d4
06-05-2026 13:59:32,ir7DRHA7ZbAHxubCujNS,411316c6-c953-4496-9239-e5b5c31150f0,False,91d55d217a2af234,cbf338d836298cb7
06-05-2026 21:48:28,7ZaHrL1kCkuykFy8wdU6,d0a2c1bd-059e-440a-862c-820f201833e5,True,13db178cd9a1e37a,ec75a53f04901eec
09-05-2026 23:16:07,jZ4nukP5BoFLTJoV6nxM,bd716cee-e924-48b7-bd60-ff2f80c511ac,True,d0825fdf3da3660c,18d281edb3671f44
18-05-2026 17:12:58,LaR8vz4fXSx83lmcDOlc,1cd5101a-a708-46c9-a3f7-82a4889170d8,False,f879804e4456e5d4,234da97fe615c6b7
02-05-2026 00:27:57,D7OB2Z4xgNrDfyOGI3vP,dbf3ea49-f58e-4d3b-be15-1bb81456c6da,True,bbbe498ee44f6349,6f36a3307488809f
03-05-2026 04:12:43,O2A7ssaOLyvocerYu0pX,404fcc6a-f5cc-422c-b0fd-ac5b2bff78ae,True,102edb38b5ec347f,c0014ea2ee2fdaea
05-05-2026 09:33:58,AkRRYVK21qvzfaYFc4qC,93244295-9a7c-4e23-b77b-daf15dc7110f,False,e8c9832b5c388bb5,867d47425e9cccc7
26-05-2026 19:10:24,oMvwIm11xHymkHDEk02f,994548bd-cacf-4d40-9f08-6a4a8c4eb785,False,63d3511e9e857901,2a339e8954684016
25-05-2026 12:33:41,ogXxSEt6Y1MZsK7odU31,56bcbd81-9ccc-4268-8e84-8deb2d85176d,True,72ba4e2f87adceb5,153c202e3cfef4ba
19-05-2026 10:45:15,6lWYLCKUH4uhtSBihDjB,c2013dae-1ffb-42eb-93b8-20f9b04f5fbc,True,923d0315f3ae2bb3,42d576864f9952c7
14-05-2026 09:37:56,dcWhFyVoKh1sKAollg42,a5468334-3973-4d3e-8cc1-3c823fe8c22e,True,18d281edb3671f44,d4389e820d4f82fa
20-05-2026 02:07:34,DJ8LC7F97hwRus07jskZ,3b08e2b2-96d8-4616-96e2-d66509e0eb35,False,06bf6a628379e030,1791998ac3161359
18-05-2026 03:03:36,4sC7VyWRMwxAtyHkMoYN,683721b3-ab84-4f4d-a0be-19e024f3ed7e,True,91279a646f8ea6ac,556be8558ce56421
27-05-2026 11:31:22,bGlVKoPZTfraHCOsFEoU,5ab5abaf-570a-4e20-bb6d-0fe5c531cabb,True,da211edc7bac01a0,3bc1bf7fb69f3ba3
04-05-2026 08:18:51,L3KEKsviNLjRVJX5Q8wN,e47dc4a9-5333-474b-87d0-c90c77c903ab,True,3cc68b8049eb8d4c,c6a2d85265d19a41
26-05-2026 21:47:44,YSQCJEolkTw8w1oG5isl,b265538f-c942-456e-89c4-e1c72e7caf51,True,53c682ded6545e06,a8c47673d6a4f85c
02-05-2026 15:50:33,bBSnyzLltk2uQKBWfh5C,48f97d40-d7d5-4374-aa30-f2bb48de450d,True,42d576864f9952c7,19a558ecc36977ce
13-05-2026 14:12:36,ikj1IN9Pxfie5mOhCRbh,fb81c04a-537c-43ba-8502-6e7ab17b8591,False,0f98939ac68105bb,102edb38b5ec347f
24-05-2026 05:14:44,0d9bTj8ZGdzPaJpHJmlr,4d800e3d-07f7-4079-a197-d75ff36a5b9e,True,9cbee3c1d7168837,2618243a251bd83f
05-05-2026 23:42:43,vxZinMGptcPOBzxOaf2H,25f74ca1-933c-409b-b164-b82a61d94202,True,53c682ded6545e06,5a7b6516c51a4d4e
18-05-2026 06:09:58,7c41TJDKYx5ucSenmFkO,bfddc03b-5251-43c2-ac0d-3291c563ba06,False,57e17fffc619e182,6588d11c4a11acb1
22-05-2026 13:50:07,rVyavCRRM6OoDt5eTqzB,1904281e-2c05-44e3-a963-4a56030f0273,True,389da1f3a7c1d8de,cb4c1290e91970dd
16-05-2026 16:10:54,gsJcjXK4iG0TrWRavARw,4c14783d-66d3-4ff8-afff-b607bbaac00f,True,b8e78b83a62a0cb7,cb207a93391638cb
01-05-2026 03:58:08,HemnTrByeGt9nNxIsqlA,84c72d70-2392-4edb-a52a-4902351799dc,True,c34c1310eab19c87,d632e4ce536ec364
21-05-2026 06:40:38,L24TrPCU8oZ8v2Lo456i,e8583719-a80b-4956-b778-9292467379db,True,389da1f3a7c1d8de,d4389e820d4f82fa
02-05-2026 11:02:49,ldqaBKXMEWvI6MbgWw0t,c9dc5d5c-e3d8-48db-9120-f88e99111732,True,c34c1310eab19c87,3c58290022ed11b1
23-05-2026 22:08:09,nbjLiipfMA8NfiIn7Xhp,8c7224bb-89ae-4cf8-9e1b-25bebd9428a2,True,57e7d972b508815d,5311a0642c2564ad
05-05-2026 06:51:47,fNXzyeo3gzUqUnqdIEsR,3b459bfb-9e56-46fe-a61c-d8a15f18aca8,True,39a54d73a921b9f6,ce246387dd078174
12-05-2026 17:04:54,Ae7sWoCVJysSaVGraJpO,2ca095c6-256d-40b3-a408-493fe2cf37ee,True,5311a0642c2564ad,cb207a93391638cb
27-05-2026 14:40:02,XMLqlROYUfuvFcmR7FDa,4ba0f73a-1ce3-4ebe-9477-d9ce68d6c069,False,06bf6a628379e030,234da97fe615c6b7
24-05-2026 07:57:18,dszZyVmocqwzfSCi5Uqo,6a27d8e4-0a5f-4648-bae3-50d73f67f282,True,19a558ecc36977ce,1b1cc9cee9f27003
17-05-2026 20:10:27,Dv5d7GbtPbgveXUiN4hX,201c3852-2301-4762-ac09-a85631eac320,True,da211edc7bac01a0,06bf6a628379e030
26-05-2026 16:25:00,OIfQueudt18MMD8zCUzN,590d8150-bc8f-4cab-a5ba-f0e2df0de2e3,False,8e2e127651e9cbde,552b8d6c350cb13c
23-05-2026 17:18:34,uh98gSycAmaoxJvcmFad,44d1c70d-8e14-4258-bc62-81ee267ffb50,False,0e52f2934d8ce165,3bd002cf1fcfa789
08-05-2026 15:52:05,RmrqWfZ3GTVK7s81c1Os,45c04a94-e4ec-40ed-a227-1100c4801c7c,False,a2fd30e5fa49ad53,9d789fd91804129f
12-05-2026 06:30:53,WnuxhfBkZOxOLsiDeo5n,d94b53dc-7a69-468a-a905-31b577e55f04,True,6214b1b462c04096,c0014ea2ee2fdaea
29-05-2026 20:26:36,gOgvec5yBZ0dKoW2PLMv,8aaa548f-5f44-4b6a-9704-0290cfd9bbb9,True,517fc5ca69b652a5,18d281edb3671f44
29-05-2026 11:21:16,juft6rKjqsrIPxLPhpsy,35ad97b2-0dc8-4248-b774-a903057ef7a7,True,13db178cd9a1e37a,c0014ea2ee2fdaea
27-05-2026 14:35:12,92WfF6kbIcDC0WsB328J,d283a49c-6807-4cda-aa44-53e0d6d426e1,True,7d176c63414fcd05,daf96d2280390dec
06-05-2026 22:19:41,913tz9JUFydCFYFVioaT,67101904-c623-4870-bacb-82df7ff6d0db,False,389da1f3a7c1d8de,34cbefbc28798720
23-05-2026 22:26:06,7ueyuHbu9oraOxXfXFki,9ede7805-838b-497d-a6d7-900cdf5a734f,False,1d6285f5502cf1f8,102edb38b5ec347f
12-05-2026 10:51:04,eTNh78vB8ColZlcOueQa,bb674393-8e5a-4711-8194-f6fd7ac55f0f,True,9cbee3c1d7168837,fb188f553674b4c4
09-05-2026 21:07:12,K7wm8NW24DWhFKaeBdsZ,1104ec64-bb96-4202-93a1-15b182c455dc,True,bb4bb9fbcfcc16d1,e1bd0a847e7079be
27-05-2026 22:36:25,Y9XhPySFU1GglYfga9Cg,1e5dcacf-7744-4c75-847e-969a6e346961,True,cbf338d836298cb7,1b1cc9cee9f27003
01-05-2026 22:49:02,21h0eGhWQ45wO9A6jBAc,ec79c6f2-c0f2-4e8e-8f29-6507130c2720,False,3db4e6efff8b7518,574582321d04df00
11-05-2026 02:12:53,Gc9o9Y7uHQ5d6oyunb7d,b8adc7d8-8a1e-4869-ace1-9c8c5408f08d,False,3811390588367f0e,53c682ded6545e06
29-05-2026 21:47:10,dOCMs3pBaFLEKeZyvW90,aea80449-1235-4dc4-8395-8c52dd54a6a1,True,6588d11c4a11acb1,c51d4eb54f89fec8
02-05-2026 14:51:10,0SrOFI1CLBWeZ4sdlZf6,1c311537-620f-4b7e-b261-15ed48430a6b,False,eb39e98aca20e7d3,1b1cc9cee9f27003
12-05-2026 14:49:58,JUIjOsOMx3FxVlQf6hoV,29e6eb74-8212-44ea-b0a5-d4b187295d53,False,c31244cee16e0c77,c51d4eb54f89fec8
26-05-2026 02:51:32,MU5UewqZjjGYRJL3dH9V,f7aa98b4-230e-4979-9637-8aa66042cdb6,False,552b8d6c350cb13c,3bc1bf7fb69f3ba3
29-05-2026 00:20:14,rqChazDhzovrBiJMctme,2467d9ba-83a0-4c76-8edb-b9a38f8d1729,True,430f674c6dfe941a,c6a2d85265d19a41
27-05-2026 01:40:49,kSgWbUDw2GW6nHXNIL0J,3ddf6d53-3559-45c3-b769-21a4ddc40ba0,True,06961ead71f8b1d8,c837debb39dd1e68
22-05-2026 07:34:05,MKDSm8GBol7ZGeHnOoav,e6545a5d-5cbd-4b01-88c3-aeb9ee81e7ce,True,2f2bd7547d602b7a,82a83fc853728306
24-05-2026 19:51:24,JcP2rtnFCGXbxKrXxPc7,1d146b20-7d53-44dd-8bf8-4b5a510ca1ae,False,8dc02e5c153f83a3,72ba4e2f87adceb5
06-05-2026 13:35:40,2CG7puktnfWubNQ4Sn1W,1406de43-ad13-4046-9bdc-845f03e157d2,True,d632e4ce536ec364,f7c6682ad24d37f8
27-05-2026 13:03:08,yoANYWva9V9BuR3JONY9,18ec29d2-0461-440a-9722-d803b98dcf07,False,f7c6682ad24d37f8,bbbe498ee44f6349
02-05-2026 15:55:42,nZPdPWdA3tgWqD3iT3fE,c4e62426-961f-470f-8b73-fe1660d482b2,False,e9da39984fb29dc6,bb4bb9fbcfcc16d1
24-05-2026 07:09:33,24sC3fvUopDAtOurTXhc,17964e2d-7fd6-4804-a683-26b71d26522d,True,91279a646f8ea6ac,1b38ab967d98cc4e
16-05-2026 08:22:20,6wUIw2DwNCfdtc9l2Fwy,ebe6257c-b7db-425e-a350-2f1c24fa406a,True,72ba4e2f87adceb5,daf96d2280390dec
26-05-2026 04:57:29,FZFROzbTtNFLkhPA5y4i,75206365-53b1-49b8-8f94-500200758c90,False,bb80f878cef35322,a8c47673d6a4f85c
07-05-2026 12:56:06,9uEJm6oE6ITU20BWBvzb,44460431-ebe9-4507-85d4-25c44db614a1,True,556be8558ce56421,8f8c45c33ff51d0e
22-05-2026 16:16:05,HeOh4MjxBXiVuvarN5Ij,f9d2fcbe-de42-4088-ae95-b4f7a96d74e4,False,389da1f3a7c1d8de,e1bd0a847e7079be
05-05-2026 21:17:14,dMRcxByuoi3sJ3foIpsq,50c99014-7e6d-4ad4-a412-296f631d7270,True,55b620d8c0ab41e0,bb80f878cef35322
17-05-2026 01:07:20,VODEjisHX2CHN2ZMBcWl,f808afff-d8b2-47e3-b6a0-97cccfb305b0,True,3993ad7e2565b6b0,e1bd0a847e7079be
04-05-2026 15:23:51,gnCq2m9On6x4S9xIJ3Vp,ea7c0f6d-c9f9-4079-8c2a-543dda09ea56,True,389da1f3a7c1d8de,c7f34dc43387f858
28-05-2026 11:25:26,B5gL3fHLpSnlfx5TpuA1,591be398-fe75-4754-b64a-5768a8d39bcd,True,d57d393b16ba030e,c0014ea2ee2fdaea
30-05-2026 22:17:16,ClOSgzK9s5e2jcCaVQ64,3f840b6c-cdef-48f5-a9ea-aaea89a7e36e,False,7e8fb26408446272,923d0315f3ae2bb3
10-05-2026 15:16:47,PU7LKAbZURtLLtdVGAc5,022bbda7-a0e2-4115-84cf-1094cc4fec52,True,c9ab51cba10ae1e9,55b620d8c0ab41e0
03-05-2026 13:04:11,LTOSaQ8BioGF6Z1JaiQN,21427878-685f-4d2c-9b35-a0ca84102416,True,131c7dd8f3ab4b35,91279a646f8ea6ac
07-05-2026 16:01:16,G9wJLXiXoudvUMuyChFJ,2e96a62e-a218-4525-983d-bc9107a7fd60,True,18d281edb3671f44,556be8558ce56421
23-05-2026 02:08:35,nwDtzEZYDefye9LgJ9jG,65391ce6-07a8-40f7-ac94-d6e944852343,True,de2dde23040292bc,0e52f2934d8ce165
25-05-2026 19:36:47,IcLcoSTFKvQJHftPPNHZ,349dfc07-9073-4f87-bfea-4aa71db4d9b2,False,7d176c63414fcd05,6214b1b462c04096
18-05-2026 03:06:08,TZ994tEZnRtm9N71Xxtx,57cf87fb-7223-42b7-a0ba-343d9f5cac21,False,9d789fd91804129f,5311a0642c2564ad
15-05-2026 00:13:00,MPSM9qLiE4aS75AsUyLf,8722865c-4586-4464-aadb-27d6473795f9,False,d0825fdf3da3660c,c51d4eb54f89fec8
13-05-2026 13:41:54,axHGmrm2OvypYbT2EPc0,93079d68-8ebd-446b-8b35-cbd1b0ac5ef2,True,234da97fe615c6b7,fb188f553674b4c4
13-05-2026 18:06:34,egnmAqCUtdhMKP6KYMsq,121cb1e6-425f-4c4d-af85-6f673dff528b,False,c9ab51cba10ae1e9,64a94f9052422a0c
07-05-2026 21:39:37,NXCVOGe2TZ5b4cizwS4f,5d433a00-4fce-48d3-8976-f1685c167a38,True,153c202e3cfef4ba,04964f8452901231
16-05-2026 14:04:50,MeRrTBxjXPXSgOLvy1nU,bee8cb8e-9c41-4c06-ad48-64c8881bafe4,True,389da1f3a7c1d8de,867d47425e9cccc7
05-05-2026 11:22:22,WDrnuAyNaN1MdjEvTuP6,0f98eeb0-4c5a-4bce-8f85-5fab2e080f43,True,6588d11c4a11acb1,19a558ecc36977ce
25-05-2026 17:19:40,Q9oR6sCLoG4IV77sIzX2,2849ae7a-5457-47c2-8068-810250575b95,True,06bf6a628379e030,3cc68b8049eb8d4c
29-05-2026 15:45:52,L53e1Pqo33napiNe5prK,6464ee2c-ce98-4160-8062-058b241b14b6,True,72bd2672c948d2cb,c0014ea2ee2fdaea
22-05-2026 10:16:20,Hj4AsLMIwhtZkPDJbp8p,b539ee1f-1c73-49f0-ae0c-60ba29206097,True,1b38ab967d98cc4e,574582321d04df00
07-05-2026 06:59:04,uMRHurfsslz0qhFX7tzw,74441272-373f-43c7-a6c5-e77672407367,True,b30b0b43692b035b,c6a2d85265d19a41
21-05-2026 17:23:40,qrN4zJCM351lIbEmYvUA,a92e220f-2274-43f0-b7c1-5230571d0e82,False,5a7b6516c51a4d4e,6f36a3307488809f
27-05-2026 06:28:32,yVR9k72pJmtlPG75Ibe8,ade4b05a-1f09-4afb-a7ce-5d518dfe9441,True,131c7dd8f3ab4b35,1d6285f5502cf1f8
28-05-2026 03:45:26,Hy4ILzqDRAYrQkNxYZm7,2bb33343-589f-4b61-ae56-9f8f87855ea5,True,b572bc65fae8bec1,1bd749deaf799034
09-05-2026 16:19:30,fwA9Exqso0hdg1trBmgc,f2b8a573-0555-4e34-a8ba-19bc47a5fa6f,True,9cbee3c1d7168837,1d3db575c4a79d75
30-05-2026 00:00:20,eI0UsqsFc78fEsxzlC4x,613ae5d8-3c21-4747-bbb7-166acb212239,True,2618243a251bd83f,5afe6ceac06784f5
18-05-2026 20:43:08,R6Ln14cZ4ANsPG3kZY8J,11b0ca45-37ff-48d1-96e5-3b743773bd9c,False,487b076a69a53671,8e7f2987241c2818
21-05-2026 12:31:33,6Qs1cWgw1JQJfbOO30Vp,392880a7-f8a1-42d6-a0bf-4482a82f6c39,True,9d789fd91804129f,ec75a53f04901eec
14-05-2026 21:04:31,9hoxl1MAnNQfVZV2M0Yq,0009d47c-a835-47cc-8bbd-de03f5cc0da6,False,8e7f2987241c2818,7d176c63414fcd05
16-05-2026 14:32:34,hjs9H7xF1aJ2kIoAFuLm,d92ed833-7aac-4851-b29f-3a3f1c435743,True,c9ab51cba10ae1e9,64a94f9052422a0c
26-05-2026 05:44:15,vK6wHxyzZbnrFLtOgegX,deffde66-8961-45bf-a60f-8dedcffcaf0f,True,4c885efe7bde3ff4,de2dde23040292bc
18-05-2026 16:14:35,HyQ001qZIsY0hDIZx8uw,618a60f7-1398-451e-9b4e-96ed8d7835cf,True,b8e78b83a62a0cb7,de2dde23040292bc
05-05-2026 13:55:45,LFUoqJeTMQlV5IfEz06k,2096252d-fc85-4d03-806f-c29489cfcbce,True,cb4c1290e91970dd,3811390588367f0e
06-05-2026 19:35:41,FWHOWnKcyOK7MVPx5smL,49ca8eb8-74ea-4639-b785-7e34ef2b769d,True,82a83fc853728306,0e52f2934d8ce165
16-05-2026 15:11:48,WaVMRtkk9WuCTcBkZ01e,ba676efd-1179-40e9-b02c-f9ddca46c8ee,False,f7af4712fd6b9108,24d6a87b0598b02e
22-05-2026 23:09:15,5oWc5dD01LfgULlaFENs,0af1151e-78c1-4403-820c-b8eccff399af,False,95744df47936b8c4,5e1de20fecf98844
23-05-2026 14:38:55,0Xx03LTg6ccHCD6TETfK,4ae3aa86-9a08-4944-a0a5-89b58c139d37,False,2b95dd3cf28e7c18,5e1de20fecf98844
15-05-2026 20:13:56,ZBjHvpQFd4ZGe9E9HqYA,48bd3254-d421-4696-9f7d-ecc855207925,True,c85cdb0ef48d09c8,234da97fe615c6b7
02-05-2026 17:41:53,G9GXGehJ1veQoj4eAH2S,478f94bc-8720-44bd-ab19-2be4215b4552,True,c9ab51cba10ae1e9,131c7dd8f3ab4b35
26-05-2026 00:27:59,cFy1Phfd7jwPEuq19e5V,3c9810d6-a455-4746-9157-3f53fb79d958,True,53c682ded6545e06,18d281edb3671f44
13-05-2026 12:50:33,1PdJfP6CkthVUovmsPWi,8d5d8bf2-c918-43e7-b004-f3fef235c657,True,d632e4ce536ec364,1791998ac3161359
08-05-2026 00:50:29,nLXBP6S19nP3MkNGFBs2,76aad98d-af99-443a-9300-bc35e38e80ef,True,3bc1bf7fb69f3ba3,3993ad7e2565b6b0
19-05-2026 04:26:10,5wgNAzMpzKogiqSVBEVl,fb6787b8-80ca-4402-b18f-add8d69d667e,True,1d6285f5502cf1f8,1791998ac3161359
01-05-2026 07:49:49,SRIElOjE5qPxonIvPhcH,57a565ec-49db-4c99-880e-8c5fbec32fbd,True,42ac1a2bf982f79c,cb4c1290e91970dd
21-05-2026 23:45:10,RhzSV6xQyPLa6k9erMJ9,8885a977-1819-4fd3-bcfd-b1a9457f3e04,True,1791998ac3161359,1d6285f5502cf1f8
12-05-2026 12:12:03,hAzbDykkkMkiWdl1mPAo,88ed8f09-f3fd-4944-b35f-da7b84392f96,True,bc74204126e384ca,1bd749deaf799034
08-05-2026 18:04:25,OYCA4yaVIWtD5onwahvb,59b996d0-6e38-42d3-a578-51ce37022d80,False,72bd2672c948d2cb,b572bc65fae8bec1
16-05-2026 13:17:10,bt3qhq2vqn3Vqjs5grHC,c5f49196-c856-48f7-95dc-35015b8f4141,True,1791998ac3161359,3993ad7e2565b6b0
02-05-2026 01:15:35,Qp7roKrYIjuiGEFKaye9,0625caae-04bd-4137-a21f-634dc9bd2cb2,False,389da1f3a7c1d8de,3811390588367f0e
18-05-2026 17:44:06,aVSWlOvGzcKD6pjm353r,22524ad0-5391-41b1-b7db-c65b30728077,False,82a83fc853728306,1b38ab967d98cc4e
20-05-2026 17:22:56,YG8qnhbuaYNM7tMDbUlU,5cb844d3-b39b-4760-ad29-0f6cf00c0884,False,8e2e127651e9cbde,82a83fc853728306
20-05-2026 03:21:22,Noq7sEWmBiKiXDtz2kfB,98eeb78e-2a48-469c-842f-b39e75a79fcc,False,0f98939ac68105bb,cb4c1290e91970dd
10-05-2026 11:04:20,cZM9cuVBaaNnRQ5DeCff,e6f56b95-803d-4c0b-9792-ffbd5afd5c98,True,3c58290022ed11b1,42ac1a2bf982f79c
12-05-2026 04:46:20,GF2FtMD1zMveymeI09sG,24d217d4-b0ed-4f5e-b11b-14a761aaa14e,True,b572bc65fae8bec1,a8c47673d6a4f85c
17-05-2026 23:12:03,MnacXZbRpC0bAODO7lev,de212390-fd50-447c-84c4-3507ad235060,True,d4389e820d4f82fa,bc74204126e384ca
01-05-2026 01:13:28,rsaws7wlbmUiIhx8uVQd,406113ad-1fe5-4b3c-8864-c073bb4dc8ec,False,b572bc65fae8bec1,1b1cc9cee9f27003
14-05-2026 01:57:53,2eE3B9TDJ5id84BZ4xEj,16e188ba-c00b-4a9c-853d-ce3251296370,False,552b8d6c350cb13c,c34c1310eab19c87
24-05-2026 16:35:05,m1684hSaZSdmnGjLmhRc,b41def1a-9024-4bf3-b2a5-6f45025de5f0,True,d0825fdf3da3660c,0e52f2934d8ce165
10-05-2026 02:46:39,JliMSWxatFZbA1z8jfAV,4cf50695-3147-4dab-ae06-3207846dad3d,False,75778bdb64d1008e,0f98939ac68105bb
25-05-2026 11:49:57,o6u2UTAljAwCwWMfBxB1,de9799cc-4171-4bf6-9b97-198fa3c9fc7b,False,d632e4ce536ec364,19a558ecc36977ce
08-05-2026 06:47:17,kC8IURTV8iOdN4Kl02t9,a9e1fde8-248a-41b6-9561-fe03bad61afb,True,daf96d2280390dec,3bc1bf7fb69f3ba3
21-05-2026 13:52:21,k1Pn8aHJ9dkbGvSuj4Tn,ab16aaa3-701a-46cc-b6e6-ff4547eb3821,False,e9da39984fb29dc6,923d0315f3ae2bb3
04-05-2026 08:45:27,bdtOdmiKsTEP4DsZ9OYW,6edc3f7e-851f-46e9-b77f-641dbcc41d58,True,b572bc65fae8bec1,57e7d972b508815d
04-05-2026 11:53:01,kRiVzvjOUTT54dthlzNF,5e899d9e-1e26-48c3-88e5-7957b5fe99e2,False,d57d393b16ba030e,42d576864f9952c7
13-05-2026 01:01:09,9qXSMvwBu4fC2m5OvILj,f6516d78-db19-4b5c-a6de-07e3f982f5aa,True,55b620d8c0ab41e0,82a83fc853728306
06-05-2026 13:37:53,hy90VXCR6wP3zDHAKStM,7f11529f-ccc7-441f-9d38-17100fb60f1f,True,3993ad7e2565b6b0,cb207a93391638cb
30-05-2026 22:56:12,nuqGvRN5OGtBnwHxILYu,86730123-8bb1-46bd-8c41-3d2390688e2a,False,d57d393b16ba030e,de2dde23040292bc
08-05-2026 19:40:07,7J6n5sRlY9G49iB8FupA,3178a4c7-5735-46d9-a7f9-8b3dffcc65c5,True,9d16533a62ab9315,91d55d217a2af234
27-05-2026 04:06:31,PXfk3ySVm2A7PZK7UQk6,93aaeeea-e39d-47d6-88a7-d8723fd6b01c,False,9cbee3c1d7168837,1d6285f5502cf1f8
07-05-2026 21:27:48,QJTkv03WTfdueugvnavk,fb3ad04b-0473-4bd2-9dc2-e7bea4c64450,True,153c202e3cfef4ba,3bd002cf1fcfa789
28-05-2026 00:52:17,md3w1yn9oDYloystyM7D,beae6eb2-5c6d-4879-98b7-63ef04b1c7c3,False,c31244cee16e0c77,93279918e60ec274
14-05-2026 02:09:34,GiEd6qfd6bk2j0j9CvOc,e57aca4d-c52f-4a32-a2ed-d33e17fc3bed,True,fb188f553674b4c4,e9da39984fb29dc6
27-05-2026 14:09:54,Fap2FRbxt5G1J8oBYRgU,e2b345ac-c508-4d05-81d0-0648aa7fe577,True,1791998ac3161359,131c7dd8f3ab4b35
17-05-2026 21:03:00,a5opHsKBpDMdeMnSHhjd,c5328463-5a8a-4af3-8552-41f2b7fb74c1,False,556be8558ce56421,6f36a3307488809f
06-05-2026 03:40:25,ZQfXwupF4lOcwaUCwZ7a,03182fe7-d3de-45c7-8fde-3f875c7d46aa,False,64a94f9052422a0c,d4389e820d4f82fa
14-05-2026 20:01:58,lkrKEUIpEJvOQQrm4ljf,c12a5068-184b-4dd1-a797-93a4d3477f47,True,de2dde23040292bc,75778bdb64d1008e
08-05-2026 21:20:44,2DiJPOtVAapRsv0HXkD0,80cf2f51-a31d-4335-9c89-c3f406a05399,True,24d6a87b0598b02e,f7af4712fd6b9108
07-05-2026 23:31:28,zRBNqUb5UDF7LP9PnCSt,ec6ff4eb-56e1-45f2-99e2-281c999c038c,True,3c58290022ed11b1,5e1de20fecf98844
29-05-2026 08:06:23,Nt4STBLCud8pEWbbwGe9,f2aa3c1f-16d7-4327-bb5e-f243707d4d3c,False,53c682ded6545e06,17b4966e9be4d8d8
24-05-2026 02:52:58,PZd4d1Ru59Ra14xHUyV2,cbb1b2fc-7b32-4466-bd00-2d549c0203f5,False,0e52f2934d8ce165,102edb38b5ec347f
15-05-2026 11:35:06,LM5i2pzCjh7AvzDZfamu,84f93fb5-13e2-4f4c-8daf-b202205bf8b7,False,34cbefbc28798720,3811390588367f0e
29-05-2026 09:32:18,evWtSaTnENJSgPTSM68w,af0455c2-a191-497f-92e6-ba711fa74975,True,bb80f878cef35322,93279918e60ec274
14-05-2026 11:54:44,K39276A0KhgQ1GH6q52J,70b7795a-ac61-41c3-85fd-929fefb8c52d,True,1d3db575c4a79d75,f7c6682ad24d37f8
13-05-2026 21:13:01,AARVKics3QIMn6zjZ0MN,20195e93-14a4-491b-a1c3-839a29d9b7a9,True,556be8558ce56421,e7eb35b501d57e1f
23-05-2026 11:55:02,OFpeKqT0Ong6iN7fiI2u,1c7b4b1c-0bd6-4558-88eb-82ac9ccf1916,False,bb80f878cef35322,552b8d6c350cb13c
05-05-2026 14:41:26,UCfD2oXE4YO0lnjf5fK1,fb37c95d-6a9f-4631-bfc8-1dfac4e5febc,False,c31244cee16e0c77,6f36a3307488809f
07-05-2026 08:16:58,TE9A91UGnEJSFP07Uyyu,852c7cde-1bd0-4a63-a1ec-dd3272cab388,True,95744df47936b8c4,867d47425e9cccc7
24-05-2026 02:18:33,qcPOdItIuLTdNGOoPmy9,eb341cc8-b9e0-4b5f-914f-c2ebfc516f14,True,b8e78b83a62a0cb7,72bd2672c948d2cb
14-05-2026 05:08:53,CEHFh7RJiw81alI4lxyg,f300e9ec-c39a-47d8-ad0a-368e9dfac36e,True,234da97fe615c6b7,c9ab51cba10ae1e9
02-05-2026 02:35:15,vY9GqhHnerLhUjuxmzjs,6e8c06cf-0a3e-44e1-b2b3-01cecf3b2149,True,057c44d337463e07,8e7f2987241c2818
05-05-2026 09:32:33,xhyyLjVX3yrm1DvtxEdm,7ce463b6-562b-49ef-adbe-b28fcc3d4e63,True,f7af4712fd6b9108,d0825fdf3da3660c
18-05-2026 15:51:00,khp2bABC7pVcdIgRg31A,a63f3f1a-8827-4109-96aa-20ffe5040088,False,8e7f2987241c2818,b572bc65fae8bec1
22-05-2026 04:17:42,ZHFV2vtDzaaBmlVHlybY,5433f937-875d-4d46-a377-5d0e9f51b30d,False,b30b0b43692b035b,2618243a251bd83f
02-05-2026 20:01:34,z19Iw1b9NuT8hrbFJYwS,225c1f53-223e-42b9-83f4-97e77564be01,True,91d55d217a2af234,c7f34dc43387f858
13-05-2026 07:31:13,o5FZTbs8XIb6L1vCknZt,c47ebd2d-efbd-4c98-9624-0ba97e8bd89c,False,da211edc7bac01a0,b572bc65fae8bec1
06-05-2026 22:19:54,AsFMv5jLrN0Nfy5k4Z9U,a142651d-a34b-467b-8939-a6515bb718d3,True,b8e78b83a62a0cb7,131c7dd8f3ab4b35
24-05-2026 03:53:45,5lhrJXwiVrMwGmRXWepa,05757a21-e677-42da-a236-cad0b99a35f4,False,8e2e127651e9cbde,9d789fd91804129f
13-05-2026 22:46:13,YlyYm9xQ0ZwgW2b7kLko,19da85aa-3176-4b45-87aa-cf45cab7cac8,False,53c682ded6545e06,3b1338c1207d1e2e
25-05-2026 08:56:29,mljqtItOgK5nMbof71HH,378cf2c1-603b-43c8-83c7-d23dac76880b,True,7182af742e04dc6d,cbf338d836298cb7
16-05-2026 12:56:40,1xQiIs8ZA7uaDh0cfNUH,5099a817-3ee1-45b7-848b-cd3385a00405,False,c7f34dc43387f858,c34c1310eab19c87
07-05-2026 14:02:59,WfXSjHgSLRlEwAM9tidH,ce7e29a4-998d-4e79-9dbc-a1c2d27555d8,True,1d6285f5502cf1f8,5e1de20fecf98844
17-05-2026 12:49:32,RwKR3SsCxmvReAVc2yZM,834a60f3-0eb9-4cab-8bd6-3ca71c18903a,False,c7f34dc43387f858,c34c1310eab19c87
23-05-2026 01:47:13,HNy1Gjj59rnHXE3De5Y2,3476dcef-a324-4026-8037-79585d633a92,True,daf96d2280390dec,131c7dd8f3ab4b35
06-05-2026 23:16:06,FtTGIIe4vj1y5BE1YSds,2c029b6e-592e-418c-996b-abd6980e50ce,True,1d3db575c4a79d75,c7f34dc43387f858
01-05-2026 19:25:49,GLVRgWyvlS4b5y0D1v7S,13a63262-8d75-4c2d-8b85-2fd14108d201,True,057c44d337463e07,72bd2672c948d2cb
09-05-2026 22:29:41,pkMhHitKtxuks1XW4T9V,460ca156-ada3-4f03-95b9-d65d2f66481d,True,7182af742e04dc6d,131c7dd8f3ab4b35
08-05-2026 06:28:14,qd9ydWy2f8h0Sjv4eyow,b92902e0-fc59-4ae8-a4bc-41cad4adf4c9,True,574582321d04df00,f879804e4456e5d4
03-05-2026 13:27:06,pZS54gFKJyiS5caWqUgh,2615edb4-5522-4ac2-ba52-602c6fbc4096,False,7182af742e04dc6d,f7c6682ad24d37f8
27-05-2026 11:55:45,yl7E1twikOybwXEaJOI4,be6950a4-d2ce-43fd-9e50-cf40600eedfd,True,6f36a3307488809f,d5eb4d757b335d0e
29-05-2026 03:55:05,KR4bYEFaNNBGcJeQ9pDG,93293eb1-5399-4ff5-ac4b-0466f3d6fb9f,True,3db4e6efff8b7518,3db4e6efff8b7518
03-05-2026 14:49:29,zoJmpJc9SSiYKLu4WBF7,01e369eb-15f4-446b-873d-268d6807a5d2,True,a2fd30e5fa49ad53,57e7d972b508815d
17-05-2026 07:03:29,FnRFEv5sMTeaPQmGRVS8,d1a300ca-ed0e-489e-8002-bbc0272f7f70,False,c9ab51cba10ae1e9,1b38ab967d98cc4e
17-05-2026 15:20:46,Wphtj2i15MLT1RTjAtgr,dbb6a1dc-895e-4d71-944f-aa3d16f2477b,False,55b620d8c0ab41e0,6588d11c4a11acb1
21-05-2026 17:58:00,Zf96atsNz9HFFDmGANnb,72b42b07-74ff-46bf-859d-0ed0ae7db14f,True,a2fd30e5fa49ad53,8f8c45c33ff51d0e
28-05-2026 06:53:10,YbvBuFu0PzWlLhQdrUHl,f4e91edf-ba5e-45ed-8766-d8eb540cc311,True,bb80f878cef35322,f7c6682ad24d37f8
25-05-2026 05:03:11,z3R8ZyHlteZA7CERkGlc,53affc7a-bd43-4ab1-a004-2d980b6e33b2,False,057c44d337463e07,131c7dd8f3ab4b35
11-05-2026 21:39:30,vyVq26ygrZPuiYhk1mfI,e4092cfc-2c57-40eb-9d7b-2cd6e3d29dfe,False,55b620d8c0ab41e0,923d0315f3ae2bb3
13-05-2026 21:10:08,eEJCgdPyb8tIEzhlfcMN,0e599ef2-90b0-4780-80d9-47640e09f626,False,72ba4e2f87adceb5,06bf6a628379e030
29-05-2026 16:57:46,BeoD6ksvRWMnVeXUdLct,f63b957f-4217-4b53-a8c7-ce33210191c8,False,39a54d73a921b9f6,574582321d04df00
27-05-2026 15:24:50,tbDblHJVO1Mm0aEHcrO4,30194c98-d80c-48a8-8939-8e4c37b037fe,True,389da1f3a7c1d8de,3b1338c1207d1e2e
05-05-2026 07:38:38,7aCPa4w8OqFO2S29lGeE,7afb32c3-cfa1-49bd-b625-0b9302ec469c,True,cb207a93391638cb,ec75a53f04901eec
05-05-2026 22:13:53,JNZwGpNw2XgVGdTkD8MW,5e4d97b7-5956-4489-93e8-0a7c2e0ee414,True,131c7dd8f3ab4b35,c85cdb0ef48d09c8
09-05-2026 06:50:18,z8UB59nHrRX9gXC4TP6a,fec1aa15-b124-4b6b-a741-c12edf0e7b94,True,c34c1310eab19c87,430f674c6dfe941a
24-05-2026 06:56:05,8zNQ8LKuGI0JBYCBZaSg,5f755249-bcf9-41dd-a3fc-509c68f87782,True,330949523d665e3b,06961ead71f8b1d8
09-05-2026 11:01:08,7b6P8IQkxL2Lk9EBEFYC,b8554427-cb19-4603-aaa9-0eb97724557b,True,556be8558ce56421,1d6285f5502cf1f8
12-05-2026 03:14:04,B8SmKXcMvolAgQWniIoP,6320d9ff-58a9-46a8-8451-3f79da6027d2,True,1bd749deaf799034,bc74204126e384ca
01-05-2026 20:34:42,as1MjRALPL2KX2oITrIo,cb746551-c64f-468b-adbc-487ffe1468d7,True,f879804e4456e5d4,6588d11c4a11acb1
19-05-2026 15:02:05,ajuu0mIGJw6otyz0wCF1,4a9515fa-8c39-4635-9468-3d8f48a0f21d,True,82a83fc853728306,c837debb39dd1e68
13-05-2026 00:49:02,PJ1tmpzj93b4SVnoj8LZ,943dae12-c857-4418-81e4-de968c5c84d3,True,2b95dd3cf28e7c18,5e1de20fecf98844
08-05-2026 02:05:04,ox5vHIXqFMMDqzj5Knnd,9f78022a-99e5-4aea-bcda-75faf90b78e0,True,95744df47936b8c4,57e17fffc619e182
14-05-2026 11:14:43,IYp8pYSzJiyexvPko32S,a4e05007-a860-4ec1-9bcd-ce0cb294f65a,True,bbbe498ee44f6349,514af2be7dc985d8
27-05-2026 02:35:23,TjLj1kAORA8NdSh2YQIh,b0de383c-e994-4d7d-8353-604bd71d0143,True,e84878f982129128,7e8fb26408446272
01-05-2026 18:18:50,nSALLj9Gd4EzowPJiopw,91707b76-0fc6-4240-bca9-f25d45434491,True,06961ead71f8b1d8,f7af4712fd6b9108
11-05-2026 19:53:14,5eK7xneEPuLkFqJlLB83,028e8991-5cb7-43da-b465-4da0017307b8,True,7d176c63414fcd05,57e7d972b508815d
18-05-2026 11:22:51,UtiWnCeKDno6fgM9w9nG,fa474e69-ed93-4e1f-b504-e1d773223126,True,c9ab51cba10ae1e9,72ba4e2f87adceb5
18-05-2026 03:10:29,APjPquIhJAPuLBm0SkaP,62c53810-67b2-44cb-9b33-7f26f1dd6222,True,72ba4e2f87adceb5,556be8558ce56421
12-05-2026 09:19:15,YGDfv2xyHQVZ6EDSVI7D,c0ca98fa-8df4-4169-807f-4e8372f6f3cd,False,57e7d972b508815d,e9da39984fb29dc6
16-05-2026 01:40:25,HFImZQ76hmBQtGPK0au3,819b3a62-c4cd-4152-9d58-d7915a29cc02,True,e7eb35b501d57e1f,57e7d972b508815d
03-05-2026 08:19:28,aYDOvZ0RJ478D6QwL1ot,9d62ce34-2df3-4a4a-90a1-853a84ed27e6,True,131c7dd8f3ab4b35,fb188f553674b4c4
13-05-2026 11:11:57,Eb9dQ4fRY8J4IiFCFUOn,355459a1-b3ae-4f94-ad80-e34df1405822,True,7f281c8dbac1f799,c7f34dc43387f858
19-05-2026 20:33:34,YV07wZz76GHD7vy6cl9V,9f8b6627-8a9a-464d-bdb9-4b6d3305c76e,True,e9da39984fb29dc6,91d55d217a2af234
25-05-2026 21:32:51,Vjz6qfRC6kUtfduGKPS5,862e58a1-7451-413c-a7d5-1f4744968719,True,57e17fffc619e182,3bd002cf1fcfa789
05-05-2026 09:36:25,jwQbeiSiYOTc5ixU05Su,3d2d8a5e-9c53-4d56-b7e5-d18fc2fda0a4,False,f879804e4456e5d4,0e52f2934d8ce165
28-05-2026 19:16:00,CKTB6et9J4QhrgXpcit1,64e134bd-8433-4857-a116-9841524c35ad,False,72bd2672c948d2cb,131c7dd8f3ab4b35
10-05-2026 22:16:56,QISF6XUfyyt8wt58tWx2,dbdc117d-4cd6-4fbd-86c1-ce14827a6a49,True,6588d11c4a11acb1,8f8c45c33ff51d0e
19-05-2026 22:46:53,EAbYzhydndEr0J57Jg5o,ec3cd162-e83f-416b-851c-818e08c54ca9,False,b8e78b83a62a0cb7,3811390588367f0e
27-05-2026 11:36:17,I0tlT2z7CzRkENGEwvxU,23db821a-06e1-411f-9d2a-9d0630276ed0,True,7182af742e04dc6d,057c44d337463e07
27-05-2026 00:54:12,KgzFOL2gnP7BStC5rMVn,240e6d16-3fb0-4c28-9774-06e54c3fada7,True,c51d4eb54f89fec8,556be8558ce56421
06-05-2026 18:43:24,gpSNfVWX43czcBvov96w,514ab51b-1570-49b5-92ec-ba25cb2f8cb7,True,2b95dd3cf28e7c18,1bd749deaf799034
19-05-2026 20:40:23,VGZsPtOIacVBgz8e744y,f59fb33c-b7c7-4866-b49f-d8d5a0c1d0ae,True,9d16533a62ab9315,24d6a87b0598b02e
12-05-2026 10:44:31,3PMi7rtOTNOTR2QEX13r,be4c3719-769a-4a27-bf94-04a539e44cff,True,057c44d337463e07,06961ead71f8b1d8
24-05-2026 19:59:44,3H2sluZ6DiUcnvlsh6bk,95471502-2f82-4f36-b18a-6c704dabd9fb,True,f7c6682ad24d37f8,556be8558ce56421
19-05-2026 22:25:37,UZ4sVdKzd7ATYUUsT7R7,983c2097-b972-48d4-b3dd-614935b32901,False,9d789fd91804129f,389da1f3a7c1d8de
27-05-2026 01:43:03,J8hWESNcFhL09RHHIItY,59707567-29c3-4569-9d95-5848c96ff707,False,389da1f3a7c1d8de,517fc5ca69b652a5
19-05-2026 15:48:33,BAnnGZojPfI31lwGJeQi,c3f16ace-a341-4b1e-94bd-7c0e3672e920,False,d4389e820d4f82fa,18d281edb3671f44
04-05-2026 11:58:55,tPzwhZkUB16hTERj6Qwe,ea1033a6-c115-44ad-8393-cc4e2a1a412e,True,04964f8452901231,de2dde23040292bc
23-05-2026 07:30:50,QtdFtKSjadYANVGEvmae,9f9205d4-6310-4b6a-afa3-ef72f5a13f92,False,923d0315f3ae2bb3,9d16533a62ab9315
06-05-2026 10:42:59,fb1CnNzzCBoEAI2pa9P1,4cad0579-3f75-4dfd-9e03-93ea9be4de39,True,e7eb35b501d57e1f,0f98939ac68105bb
02-05-2026 05:03:26,RqIb7MHitqeSlU5Tmgv5,29991b4a-b985-4f84-bb36-4fd57de837ad,True,1b1cc9cee9f27003,430f674c6dfe941a
14-05-2026 22:52:13,txvh2wNyGqVyUvaITpg6,4d63e7cb-191c-46be-b0b2-69d2a1b1ca3a,True,131c7dd8f3ab4b35,b572bc65fae8bec1
19-05-2026 19:42:23,EUbYtMjM1tfzuXROf1NY,1c431c21-f7de-4719-8a8c-02ff9d5ea721,True,6588d11c4a11acb1,d4389e820d4f82fa
10-05-2026 06:12:47,1xhqzPMmHa1CtNY2rP9k,d733edd2-d2d6-4317-9e5d-d223c97069c0,True,82a83fc853728306,517fc5ca69b652a5
03-05-2026 15:52:52,6lKZtRMUzxspirnqTyaP,97bf3361-4465-4a17-b02e-c5fee1ad8e02,False,17b4966e9be4d8d8,330949523d665e3b
15-05-2026 07:20:45,wGN7CNimHeUSd4quWD3p,37bad79d-5395-428c-9341-0fec77a68c7a,False,bc74204126e384ca,234da97fe615c6b7
14-05-2026 07:58:59,jFenY1Nq5Phn9CN1B3h9,7b9a32fc-8fb0-4818-9c65-4fdc3add7541,True,2a339e8954684016,234da97fe615c6b7
19-05-2026 10:13:00,WVWftvXDNKMaMlsPq0Yh,def3a8fa-ac97-4ac5-8026-68bea06c4130,False,556be8558ce56421,9d789fd91804129f
19-05-2026 03:41:22,55lWKovnyPSuHWkyuwhV,406b863c-e2f9-4cac-802a-d7363a8cd861,True,e8c9832b5c388bb5,63d3511e9e857901
06-05-2026 14:56:52,X1jhpGdnhXe1EIJyShh4,5f3fded9-a1d8-4385-be88-ea986bc29c94,True,63d3511e9e857901,d5eb4d757b335d0e
29-05-2026 15:34:43,aDoMFbUMIcXBNwyVvkId,d3b8651a-ba41-45bd-8480-ad8d4911994f,True,517fc5ca69b652a5,102edb38b5ec347f
19-05-2026 05:43:33,Fasx7tBMClZiRF5g1aur,18e2ed93-9510-4e6c-a01b-26c30269f418,True,6588d11c4a11acb1,75778bdb64d1008e
06-05-2026 04:57:19,qwZMgd3zDUmy5PQTCUe8,1c738b6a-8025-4e1c-a58c-d9ced31409cb,True,de2dde23040292bc,17b4966e9be4d8d8
18-05-2026 13:11:36,5E0ZvB4vbJJcknA1jrrz,b7f6d8c7-b5e1-4b21-8624-4c1bded32a2c,False,d5eb4d757b335d0e,5a7b6516c51a4d4e
15-05-2026 19:39:41,dlGW2h1l4keBpsZcLLkz,1174ed7d-cd0c-4122-b0d2-c93e96370910,True,82a83fc853728306,b30b0b43692b035b
28-05-2026 22:39:10,1BSH5nzGXVD2Fy0G2kac,21166a11-4cee-4b93-9701-261251ea299a,False,06961ead71f8b1d8,91d55d217a2af234
18-05-2026 02:07:14,p2bcecFIuB7k9OVOsr2P,9ffff7bf-04c3-4aea-9b6a-af269c7b98c7,True,574582321d04df00,1b1cc9cee9f27003
24-05-2026 12:58:53,XXeMqtafjCddyf9kPsjY,166f9737-8deb-47ef-80aa-39c399969819,False,6214b1b462c04096,3bd002cf1fcfa789
16-05-2026 08:29:44,YZVhKZmlxpFGLsT2DIsv,c6abec62-1b84-4302-88ac-82f1b1b6cd89,True,3b1338c1207d1e2e,cb4c1290e91970dd
18-05-2026 12:16:27,EChuSzeDiBBXshRMqFZh,a8daee80-5400-49a2-a5c7-db8bd5bbd450,True,517fc5ca69b652a5,b572bc65fae8bec1
01-05-2026 11:42:08,rQqJgyhOEea4ra52m2EK,0784bf8a-ae92-4299-ab8e-2e6a4a184f6a,True,06bf6a628379e030,f7af4712fd6b9108
19-05-2026 09:44:45,jMEvl3zA94PdX82N4ZYT,2e246314-6def-4e61-8a0f-c45f2c4b1c96,True,c34c1310eab19c87,3b1338c1207d1e2e
30-05-2026 17:42:26,O78YDG5ZHgbVwxOlyTzb,332c1381-ab5f-41f2-b770-5cfd998c2f57,True,75778bdb64d1008e,2618243a251bd83f
05-05-2026 12:38:18,p1CeqR6k3TaQz5rX76cB,b91879d7-776e-4dbf-bcb3-f9c6f0902492,True,8dc02e5c153f83a3,f7c6682ad24d37f8
07-05-2026 10:16:56,sU2HmTdvy8KMvVC0z6jS,55a5ec27-d5b6-48fd-852b-3d37f8b6c252,False,430f674c6dfe941a,e8c9832b5c388bb5
30-05-2026 13:38:00,vwRnbLwZMgmtqWnBELup,50ae324f-a6b0-42b0-8016-74178969bbbd,True,552b8d6c350cb13c,d632e4ce536ec364
06-05-2026 03:04:38,2OG0f6laHr96LSF60kM7,cb8732a8-c214-4621-8d12-9554c6947f3f,True,c0014ea2ee2fdaea,cbf338d836298cb7
27-05-2026 09:01:07,FERHvbDhRwOdFa5X4zBk,cfe6175f-aafc-4819-b7bf-bbcb7c37058a,True,a2fd30e5fa49ad53,9cbee3c1d7168837
30-05-2026 00:08:16,nzy69WCuS94Eo2TNBuox,8b7616ec-fc2a-4e92-a934-bbb41553c4ae,True,867d47425e9cccc7,574582321d04df00
18-05-2026 03:53:04,7K3Xty4y7ZvxvJxcqqxw,bf88090a-b5b3-4f22-a9e4-0d206992f1c6,False,de2dde23040292bc,72ba4e2f87adceb5
18-05-2026 22:42:45,04d8ixaqbZ3ov0MO2ME1,41f818cb-8ed6-43a7-85fe-31ddf59fe41c,False,bb80f878cef35322,06961ead71f8b1d8
21-05-2026 08:23:39,DWCsvY8VVd8vaesw85ZD,e7b9cd00-8413-49df-83a7-6e97261f161b,True,6214b1b462c04096,3db4e6efff8b7518
18-05-2026 07:13:37,N96Frv2Juopu6GIcopCr,1ef9fd6a-ce04-415d-b265-ccec931544cf,False,72ba4e2f87adceb5,bb4bb9fbcfcc16d1
20-05-2026 11:46:04,UEsB6HWYzsM2kpOEX6gx,f4ce6b43-9197-47de-94f6-df62a5cfc737,False,a2fd30e5fa49ad53,9d16533a62ab9315
14-05-2026 09:40:09,3lkL8kwkwmzVmZ4mI3Py,0f5719ad-03f9-471a-8073-84cea5741568,False,f7af4712fd6b9108,2f2bd7547d602b7a
10-05-2026 09:11:39,KtWGqpBvLzZBknrRkZe0,8e8f03f4-8788-422a-8565-ca04bc8f14a4,True,7182af742e04dc6d,7f281c8dbac1f799
15-05-2026 08:08:30,GVsyxHV1XHPQc92PuSrg,a276a990-3cca-47b0-81e9-fde94911053f,True,0f98939ac68105bb,487b076a69a53671
25-05-2026 09:47:55,bIAnYFs5DHvbSsOHullO,43ed59be-3b5e-43aa-b640-3b0ad37b111c,True,06bf6a628379e030,24d6a87b0598b02e
07-05-2026 21:37:33,3Fr5x7DZUmqHEylWHQLp,05096d37-11dd-42fe-8bde-ddcd7d5bdc68,True,1791998ac3161359,e9da39984fb29dc6
07-05-2026 06:06:13,htRyPkQneFiiuMTcpOiq,3d637f4a-7588-4dca-9c5d-ee97fc8cb02d,True,1d6285f5502cf1f8,d57d393b16ba030e
12-05-2026 19:15:12,H2g8BqYUJVLvANXulIgi,9f79c809-b3d8-47b0-9d00-5d572a0f0631,True,daf96d2280390dec,102edb38b5ec347f
26-05-2026 18:25:32,4DZxLy9nmCmrWSGR5nmd,20bbcaf4-b28f-46ac-b36b-aa4165938253,True,9cbee3c1d7168837,2b95dd3cf28e7c18
19-05-2026 22:10:51,qCepJJqmMZk6BzHo8m0b,7ee5a5ab-8e2c-455e-8c13-c0b94ac8c8bd,False,b30b0b43692b035b,75778bdb64d1008e
03-05-2026 13:18:41,YWcXpV5emr36Ar7is5RJ,f900df93-c2c8-4869-9818-55770b6fe824,True,7f281c8dbac1f799,d57d393b16ba030e
24-05-2026 02:11:15,9iPDkeNEejNhOlCwuedN,1b3c7108-aabb-49d9-8b3a-d195b01f4fe7,False,2a339e8954684016,e84878f982129128
07-05-2026 02:55:23,epVudxRycbDdn27J7mBx,e637eda5-4bb2-47f3-8323-5130f1d1de5d,False,b572bc65fae8bec1,c34c1310eab19c87
01-05-2026 12:22:37,zsnnjYHPwFabxa05UlKl,b61159c7-8c00-43e4-a00f-b36cdbc3d394,True,b8e78b83a62a0cb7,57e17fffc619e182
24-05-2026 21:00:34,iIa4KkzMMAzejscJulgO,23d427b3-bf7b-497d-b599-bb88a054113e,True,f879804e4456e5d4,556be8558ce56421
30-05-2026 12:19:12,2eqElMR1Edj8aEp2GWbv,7d41133d-fc58-4438-9ff7-1cb307f31e34,False,e1bd0a847e7079be,2a339e8954684016
08-05-2026 09:09:04,YSCHT9MxgEOvgeEEiGtZ,669ad6db-5642-4f96-b6db-11968d4e215c,False,3c58290022ed11b1,9cbee3c1d7168837
02-05-2026 05:27:02,cFcdPSBeeHcfUX700Gn5,c8940171-d33e-4e90-911d-b4f4b839dc33,True,34cbefbc28798720,91279a646f8ea6ac
26-05-2026 02:50:57,s7Vs60DDD7lPI1CZhvx9,65d2f78b-ae9a-4196-b6a1-6244390225f0,True,5afe6ceac06784f5,a2fd30e5fa49ad53
23-05-2026 01:06:16,wDT3B4GpyUtSL0pFv2AR,032d4803-de24-49bc-813d-c18cae4e898c,False,5afe6ceac06784f5,1791998ac3161359
10-05-2026 20:14:28,bB3zAaxGYJUQ8U2eQEYp,affcd6c4-c997-4abb-a8e3-d5c510ed163d,True,c85cdb0ef48d09c8,34cbefbc28798720
07-05-2026 00:52:18,I0nzLXY1iXYWoyBUAQr3,30d7a73f-7625-4e92-8a38-d6350cc471d9,True,cb207a93391638cb,f7c6682ad24d37f8
13-05-2026 06:03:44,NXcx9Qdwdm9xEMGZU4sF,2e3ec6a0-5ba6-48b8-ada5-c871ecce0a62,True,06bf6a628379e030,72bd2672c948d2cb
01-05-2026 13:54:38,jdue3eh74Ke5M75JEZz1,2106952d-258b-4d2f-964f-8973f00d1aea,True,574582321d04df00,c34c1310eab19c87
13-05-2026 16:06:02,zxEaVfugUJ73GLu8sl6F,05cc74c7-ffd2-48a0-aaf2-fff4b53f29d5,True,d5eb4d757b335d0e,102edb38b5ec347f
12-05-2026 06:28:40,YbG9e2ybORHCjPnPiVM0,56ca6849-084c-4935-b590-b82f0108a29d,True,bc74204126e384ca,d5eb4d757b335d0e
01-05-2026 00:31:25,mXQdiSeCwzRuqWEbl4Tn,8bfc0d1a-57ad-4668-9ef8-eea322d655bb,False,cb207a93391638cb,bbbe498ee44f6349
10-05-2026 18:46:32,Tmv3tl9RLLJuhrjlMjzs,22621839-485f-4fac-bc04-b3fb1fbf4da6,True,f879804e4456e5d4,64a94f9052422a0c
28-05-2026 07:43:55,hW1GfBjWqDuU8RMPp05K,596ccff0-9829-4143-8d90-31487fa05726,True,24d6a87b0598b02e,2b95dd3cf28e7c18
01-05-2026 07:56:45,a6LnOvXRoU2nphjpTFvM,a0762568-105b-4d45-b5ca-9a9dc4915c5e,True,6588d11c4a11acb1,1b1cc9cee9f27003
03-05-2026 23:27:47,LFzHIH0rvHqBGM4aZwgD,4444b1fe-f3bc-4fb4-b3ee-a85e01862c36,False,487b076a69a53671,ec75a53f04901eec
26-05-2026 09:22:22,FJgMllkULH0JFcbNimpW,c350b60e-ffe3-4f00-aac4-953cceda13e6,True,517fc5ca69b652a5,19a558ecc36977ce
26-05-2026 04:31:15,FvH95EMuBKIHQKJVnvHF,fcf3b7ab-b542-45fe-ab23-08d3667e7930,True,c31244cee16e0c77,f7af4712fd6b9108
22-05-2026 17:50:30,r26ueYJ9lKkFkz0NyFog,0be9193f-36e5-404d-99d0-234ce8a4b49a,False,c51d4eb54f89fec8,5e1de20fecf98844
03-05-2026 18:19:21,p6N0RFcVwrdvgiZqveSn,0fd5e2ff-98ce-4f01-8573-dc93072db227,True,330949523d665e3b,de2dde23040292bc
24-05-2026 20:29:49,hR3hfq8rySlYcdj6oG8x,226f45e5-a1c6-415d-9f9c-c68e06ef5736,True,e84878f982129128,18d281edb3671f44
07-05-2026 02:46:24,3P0XQSG6GfXAoxdJZ5hl,e890b4a0-83ad-4236-9043-33974f5ce7e8,True,ae7ec9246c4649bc,c51d4eb54f89fec8
28-05-2026 07:27:27,Vvd81qI3rXrDSOL21lXh,dcf401c0-d966-4376-bcdb-27c2dbf34aa8,False,f7af4712fd6b9108,6588d11c4a11acb1
19-05-2026 04:59:57,9H9i4ztohKrYBfR2muTr,c9161783-43f6-42ca-beb2-fc43b44c52f2,False,75778bdb64d1008e,55b620d8c0ab41e0
11-05-2026 22:24:03,PrytwIE0yyOF7TtrCIo5,97f9c010-7a12-451f-851a-5162aa889b56,True,330949523d665e3b,53c682ded6545e06
14-05-2026 16:51:42,xPcdHycQlkNL9nCfxoV8,644b5b09-108d-4a39-8036-e82b12b2e998,True,bbbe498ee44f6349,cb4c1290e91970dd
11-05-2026 00:03:51,8Wqr91bk4Ytr5tIgQqzh,38454eb1-d4bc-4fcd-871b-cfef7e3c45a0,False,cb4c1290e91970dd,95744df47936b8c4
13-05-2026 19:45:36,tBMQwMCDvlRFPF3Xz8KR,5f58fc99-3a91-43ae-b8d6-47ffd7ba4998,True,057c44d337463e07,8f8c45c33ff51d0e
20-05-2026 18:56:20,BccljQ93bt5uWvdU4ZAT,e2bc09a6-dc43-47bd-9be7-c55dad497ea0,True,91d55d217a2af234,34cbefbc28798720
21-05-2026 23:07:35,EdNTbg36seqm3K05hxmq,e48fde81-dc7e-46c7-9dd6-7d8d8f6767ac,False,cb4c1290e91970dd,b30b0b43692b035b
05-05-2026 22:46:23,SqboodZlXMAnq1tvVqQQ,694044ad-7902-4bfd-81d2-266ec3ed39b6,False,cbf338d836298cb7,d632e4ce536ec364
07-05-2026 04:42:31,OOl9oNCKvUB06rNnZJpo,39de9e2a-c473-46ef-80c8-57a36bffd492,True,3c58290022ed11b1,9d789fd91804129f
14-05-2026 20:32:51,DumxV3MCMDXp54IVN5J7,a9ba462c-73dc-4bdc-b337-0f7c9eecb3c6,True,3db4e6efff8b7518,1b1cc9cee9f27003
06-05-2026 17:27:09,9A0ZE8cm84A2oOYjWG8k,56411c7e-c9f1-4825-a22a-5567d3ee1645,True,d4389e820d4f82fa,8f8c45c33ff51d0e
04-05-2026 08:21:57,idQcstL1zNuXpE5LD4Oa,9edef7bd-2cb6-409e-9c93-213da4ac0c02,True,55b620d8c0ab41e0,8e7f2987241c2818
30-05-2026 15:29:55,eb0KF8y5EMjE07xtQZAB,28e14f0f-b424-4b6f-978c-44ff07a22c2d,True,c0014ea2ee2fdaea,cb207a93391638cb
25-05-2026 03:43:46,okkuGmXdhsWakbW0lCOg,6208a004-08e5-4dae-8771-1bd72af08e2d,True,06bf6a628379e030,c51d4eb54f89fec8
21-05-2026 09:51:53,7sTrDuinIFfdTKn5vTxg,9496067c-a6c6-4a59-80a5-a49abb3f1122,True,13db178cd9a1e37a,4c885efe7bde3ff4
27-05-2026 23:17:07,nxXbesP0XHnpKOVbSjpr,c62e2a63-5432-44dd-9914-483a0b7d1b39,True,72bd2672c948d2cb,1b38ab967d98cc4e
26-05-2026 22:31:59,CmjyM0WYD8RELRU8KVUn,9478beeb-e6d4-403b-bc73-997c6e5fc8d8,True,fb188f553674b4c4,9d16533a62ab9315
20-05-2026 16:35:27,kktEEFFmlthfNjcLWAY8,ccbf0351-7c64-4224-a28d-ae2f35ca22c3,True,0e52f2934d8ce165,3b1338c1207d1e2e
25-05-2026 07:55:30,ASkvTSWjknXCc6kqeIcx,ee3bbe1b-111f-43da-85dc-4ce2e0134eb5,True,7182af742e04dc6d,6588d11c4a11acb1
27-05-2026 02:29:02,g2gtWesvqD0hP680MZ7c,f9adabd8-c87b-4cea-b428-cae4088ba8f5,True,55b620d8c0ab41e0,7182af742e04dc6d
27-05-2026 01:37:10,3hKmV2AtmguRusSq5afa,f9a5317f-0d84-4142-8582-9a702f6fcfdf,True,e9da39984fb29dc6,2618243a251bd83f
15-05-2026 04:15:17,AaefdJvqmgBS515UxiVE,f5bc3ad8-5078-4a6f-b1fa-fd9f09d37ff7,False,06961ead71f8b1d8,1bd749deaf799034
25-05-2026 21:25:55,C7RFf9xbR0eLW1D46555,3ee83c60-5741-4460-bbd8-2389f132ee7f,True,b572bc65fae8bec1,c837debb39dd1e68
12-05-2026 14:32:37,WC9SYprOBKM2tC5a8jB6,cd980db8-3ab0-440d-8f9d-c89148b21f33,True,a2fd30e5fa49ad53,c9ab51cba10ae1e9
24-05-2026 14:12:25,QFkyPGk7f0EGy0tbYnJF,444d3207-68d9-4fb9-8240-c4a699fe1b75,False,18d281edb3671f44,bc74204126e384ca
15-05-2026 11:02:54,xrk14OHLiyuljsIim88L,ae7fbab8-8f77-4cc5-8c00-4fb7d4fab3f7,True,5afe6ceac06784f5,17b4966e9be4d8d8
23-05-2026 22:04:22,FtLY5DsyU2UqXcFQxfjj,e22ed0ef-fa50-45f3-9c2d-7f786f6c3f30,True,556be8558ce56421,de2dde23040292bc
18-05-2026 10:26:32,y6bL5svaXJQl5a5TxMt7,37c6a6e2-e1bd-4fd3-9f02-03656d90c448,True,c34c1310eab19c87,cbf338d836298cb7
08-05-2026 20:06:49,AU4VAKHSGbRkPzhpeFUm,bfa43e60-962b-4078-a6a7-843fc78a102e,True,cbf338d836298cb7,2618243a251bd83f
20-05-2026 19:02:22,fhNFTI9V2cFue3uwVHwC,bc4f2f6f-96e4-40e1-8232-6fba4324c24f,True,3811390588367f0e,9cbee3c1d7168837
22-05-2026 06:19:58,4vYMkDox3QPYhIj7d5DT,3c75e6d1-cbd6-4799-9ac2-32a74fdce104,True,1bd749deaf799034,5311a0642c2564ad
17-05-2026 17:35:32,6bwkuwzeN6NLDKcqGfe8,593402f9-64bb-4bba-94b8-a5c43c6bdf8f,True,514af2be7dc985d8,c51d4eb54f89fec8
15-05-2026 12:16:49,90F58apNP392P73xtU7b,a29efcf0-b351-4269-b4b6-120b7054e35c,True,3cc68b8049eb8d4c,06961ead71f8b1d8
21-05-2026 11:05:28,PsrMD91lNbQcfjXgCLDR,c003e4b7-6e35-4a3c-bbc4-cc23c0758ada,True,9cbee3c1d7168837,f7c6682ad24d37f8
24-05-2026 14:52:38,7VIEn973oMqltYDNl4lI,7c837159-233b-4a96-ad75-953be71d0a27,False,ec75a53f04901eec,8f8c45c33ff51d0e
22-05-2026 22:34:16,8Dw0821HM31t6nsMpABF,07af288b-6f22-4dde-bf4e-258a3a4f62f7,True,55b620d8c0ab41e0,c837debb39dd1e68
12-05-2026 23:03:50,J4eZ1SlFeUAniGiZ4DTO,861243c7-b2d8-4ded-82c5-e634169ac84b,True,867d47425e9cccc7,556be8558ce56421
20-05-2026 17:05:01,5jWrW43wLIkB5YUippW7,5bdf5e1b-b387-4922-8e08-51466e52aa2b,True,b8e78b83a62a0cb7,487b076a69a53671
01-05-2026 05:29:48,4n5fEXwyFuHTkI1lhmVG,34e20745-a0c6-422a-82ba-6221e020540e,True,c31244cee16e0c77,c6a2d85265d19a41
19-05-2026 06:41:44,msOTTiEGkF1DahwL45DN,1e5c348b-db54-48a5-bcec-3a7f3ce12636,True,91279a646f8ea6ac,9cbee3c1d7168837
17-05-2026 08:37:22,y1wTGzrVvPSrDfc7O5GI,a6360380-e76f-4bc0-8a5f-a99b4eb94b72,True,f7c6682ad24d37f8,d5eb4d757b335d0e
21-05-2026 00:20:39,zJ92DJ9lMKuEpO4UNug0,a2adaadb-c15f-4826-adf2-e65deee05c92,False,82a83fc853728306,e7eb35b501d57e1f
13-05-2026 19:07:47,vVNBN2z0awNXVmqHfygr,1188a2ab-c43d-4ceb-a0b3-62b2e9ed84c8,False,7d176c63414fcd05,bbbe498ee44f6349
13-05-2026 20:17:25,FHmEEZRYDMcr0IzQqi9Z,be2afb32-a95a-4cf4-911d-a9aa30c90696,True,c9ab51cba10ae1e9,17b4966e9be4d8d8
21-05-2026 20:57:23,qDMGzxRAxI5KIiBHNI6j,8b901ef2-28bf-45e7-9af7-e6a24a4dae1b,True,24d6a87b0598b02e,cb4c1290e91970dd
23-05-2026 18:11:14,iLhojsf8Dg4CoCjKbOdj,44c9cc52-bca0-47ed-bf29-d4b397617de7,False,bbbe498ee44f6349,b30b0b43692b035b
22-05-2026 06:31:11,GmjilHm3B3yu0ZKQkBNA,1f6064f1-3a5c-4766-bee8-7e3f0c7b3d95,True,1791998ac3161359,3993ad7e2565b6b0
18-05-2026 03:28:20,P8dsFdu6pZ3cEDKh7Hwa,ffa5470e-8900-4472-b115-c978367b936e,True,6214b1b462c04096,3bd002cf1fcfa789
10-05-2026 10:55:55,0VP6BO8A21wNQ7WDYMlG,afbe97d8-9116-4c15-8722-ab59a0ee4fed,True,95744df47936b8c4,8dc02e5c153f83a3
13-05-2026 01:40:23,g6ZVU84fsztIxigBnKll,a2cc6cb8-c6cd-4430-bece-94754f382ac7,True,34cbefbc28798720,1b1cc9cee9f27003
12-05-2026 22:58:59,IJ6zvz1Rp779DWFnpQS2,255d201d-fc61-4d61-98f9-7c8c48de6c9f,True,82a83fc853728306,867d47425e9cccc7
22-05-2026 19:47:55,BrZNR2ZGASoZ9AoWD40d,bde8b526-5ce9-4947-95cc-e728d0d377fe,False,eb39e98aca20e7d3,131c7dd8f3ab4b35
28-05-2026 21:43:27,V9TlJx9Wq1HqxFv7iMnr,f54c2005-46c6-4760-8086-7c07a755159a,True,1b38ab967d98cc4e,3bc1bf7fb69f3ba3
24-05-2026 16:30:05,VmtuieICUWL5o0GHwC6K,d22e8342-dbe3-4e59-b1cd-211e4087daa1,True,de2dde23040292bc,e8c9832b5c388bb5
29-05-2026 23:32:06,WBOECNtqtj5uswApd0c7,d57a6ecb-d0d9-4b23-9cf3-ff56d26f1e07,False,e84878f982129128,574582321d04df00
08-05-2026 12:58:58,Wz1DAYj8aCXf3d05owpi,bc0325f9-0f0c-48fc-92f3-42efc77bd770,True,cb207a93391638cb,6f36a3307488809f
29-05-2026 02:47:18,pqCChzL6IVK8lZih4dtl,a32228e9-f9f7-4a48-8d06-c46ac0355d13,True,102edb38b5ec347f,d4389e820d4f82fa
24-05-2026 11:19:17,BewOBsnLmFlU5958xNBC,ee625add-d394-4f58-9bc6-bf245b489c20,True,f7c6682ad24d37f8,8e2e127651e9cbde
04-05-2026 04:11:27,B2dhoBqt9hs24a1ZmDGs,6b62bbeb-2b60-4e9a-bc49-639a58e66752,True,3c58290022ed11b1,153c202e3cfef4ba
26-05-2026 15:45:02,S2E4rpTNipnCqopY4mXa,ae020c04-8c9f-4557-b2f2-10de7d4a7c34,True,c837debb39dd1e68,91279a646f8ea6ac
07-05-2026 12:49:24,NVoNv05yL9DadSf3J9gZ,aca0e0e7-8750-45e2-b346-0658b7d54138,True,8dc02e5c153f83a3,b30b0b43692b035b
03-05-2026 17:30:26,lCW2Yaf4inpjDgMiiIpR,704383b7-7127-4d12-a006-54abad9067c7,True,9d16533a62ab9315,53c682ded6545e06
24-05-2026 13:55:02,xzWWE33Iy3P81VK10xGJ,20d0a8b8-e1cd-4e24-bcda-309b3dafffde,True,6f36a3307488809f,1d6285f5502cf1f8
20-05-2026 20:13:46,4zn7wxazm8MjXSIKLIk4,dd7d6db1-9c7c-48ed-85ff-a89af429d6b7,False,a2fd30e5fa49ad53,9d16533a62ab9315
22-05-2026 22:33:17,eL9LpejjDPp8OLzGF0mZ,6a0e6549-ceec-4112-a7b2-3f0d51743ecd,False,72ba4e2f87adceb5,c837debb39dd1e68
13-05-2026 06:18:56,DVY7hj2BaHGQV00R2RDl,c7e275a6-6603-478a-a09a-273d6ffa98d2,False,91279a646f8ea6ac,330949523d665e3b
14-05-2026 08:08:20,3lr9QE35D440TsxbF0HB,bb8430d1-be2b-4c12-8304-6803cb22f459,True,234da97fe615c6b7,b572bc65fae8bec1
08-05-2026 06:21:09,Kt5l97B5A4OsKEhmwfes,95f0a4a3-9847-4fb7-be91-5ce28d4c9025,True,fb188f553674b4c4,2a339e8954684016
23-05-2026 23:57:56,HtwOasVSKSzypKmmAnUZ,12270db1-e3ba-4d05-bb5d-11fa49377968,True,c31244cee16e0c77,04964f8452901231
20-05-2026 07:56:24,HOIEyYr9n3oRYZNAHTvO,24c188b7-29bf-47c7-ae0a-d4593aeeba29,True,ae7ec9246c4649bc,234da97fe615c6b7
17-05-2026 11:03:04,r7l9qo8ROXIO27BFdA2l,ceef05f8-9f31-4560-a07c-7f6ee5bd4f4f,False,19a558ecc36977ce,5afe6ceac06784f5
20-05-2026 03:20:44,zh14MfepfnMK33ZBvL3Z,aa6e6937-2f85-41a0-ac03-6eedf4bb65ab,True,55b620d8c0ab41e0,487b076a69a53671
30-05-2026 17:37:04,d07xmXO5VR5dgIYTw1Rj,420f087f-0dfd-4126-b783-53c29d62a355,False,574582321d04df00,c34c1310eab19c87
21-05-2026 00:30:10,sJFO9o8W5BPFbGqn8U7l,1b2acce6-55b8-42b8-90ff-e03db5eba277,False,8dc02e5c153f83a3,867d47425e9cccc7
04-05-2026 07:39:52,ri8LqPpHTtN3fkMIOtBl,b54c40f7-dff1-461f-ab19-e62b2e0b446a,True,1b1cc9cee9f27003,34cbefbc28798720
11-05-2026 05:05:58,eX360MG5oiYySA0BsiK2,3583d3a4-fac7-46ed-9013-ce19e84c7838,True,d5eb4d757b335d0e,1d6285f5502cf1f8
25-05-2026 18:18:41,mWKTSGM9otPxw3cKfZIs,c7eaeade-2a82-4ce0-90da-e3612aecb229,False,234da97fe615c6b7,bb80f878cef35322
03-05-2026 08:00:25,6IRrIvnvUakUBHaGzsoB,bd0b56ba-4148-4e03-afd1-0ab49023feba,True,1d6285f5502cf1f8,17b4966e9be4d8d8
29-05-2026 03:00:59,RcFswIMSBOdybTet8Yby,024661a7-bd0a-41aa-b506-661635ce7dad,False,6f36a3307488809f,8e7f2987241c2818
12-05-2026 12:04:59,h842yNqqlhuCTcThn6DJ,802768a7-b88a-4e6d-a233-9a6e2b55b562,True,923d0315f3ae2bb3,de2dde23040292bc
02-05-2026 21:54:28,2jCBWcCUKSUU2gSKBibQ,d1e30ba6-e6fd-4416-bcc0-b239a65be605,False,57e17fffc619e182,7f281c8dbac1f799
30-05-2026 11:44:26,w5heGYY9SNIHseeomlV2,68c3f0ed-ab99-4742-858d-0d147170d8ae,True,3811390588367f0e,b30b0b43692b035b
15-05-2026 20:11:42,02mRE7RNHPe7X22Hf6xS,ee34de7f-7033-49e6-bd13-f91f5d246df8,True,c85cdb0ef48d09c8,daf96d2280390dec
21-05-2026 07:15:44,e10ldQqxvIQz2sEfrZxd,cc18ffae-44a0-42ef-9c2a-907a294591bb,False,e8c9832b5c388bb5,e8c9832b5c388bb5
27-05-2026 05:26:35,6HH2kMBSbl5txdZzebTc,8c2cec91-ed09-48ee-bfd7-a51b5da43d7b,True,19a558ecc36977ce,b8e78b83a62a0cb7
17-05-2026 10:13:40,mkneJJhTrJ65NYUDuuGD,f2f1e8a4-f1f1-40de-9072-7ff10614d726,True,55b620d8c0ab41e0,ce246387dd078174
02-05-2026 11:43:15,7qhh5F7Fuxy6WWSfp1Tj,5f99f415-dae8-4381-b3d9-ca343fa0e17e,True,bbbe498ee44f6349,d4389e820d4f82fa
07-05-2026 08:56:17,TUwsKX28jxlKAKoUIu1F,339ef7fb-3c9c-47b1-acc2-f3082c4762f4,False,d0825fdf3da3660c,c51d4eb54f89fec8
10-05-2026 22:29:12,7SXgZ7J61JbhrahhKKaX,e953fc76-93b1-4594-b5d9-1d82faf124ca,True,8dc02e5c153f83a3,c31244cee16e0c77
09-05-2026 20:59:15,OBw2uJ77Ss4zyvQWSXuL,7fa88721-8772-442e-8c46-76571b0388ab,False,ce246387dd078174,b8e78b83a62a0cb7
03-05-2026 01:18:51,ERAPqtscNa9Ik1GOQ7UD,c024448b-729b-42ef-9a49-899b25b3a233,True,d5eb4d757b335d0e,514af2be7dc985d8
14-05-2026 06:39:12,Lyz6nlLtHPOyyHlgVhNS,05021483-713b-4363-b286-e250995247ee,True,39a54d73a921b9f6,1bd749deaf799034
30-05-2026 21:16:11,Nf0iVwGXMVvsWuCyqWIs,26d23969-10f9-43ab-adb6-ec2ced03339a,True,057c44d337463e07,574582321d04df00
06-05-2026 03:13:13,4bunw9AwaNKIgs5C2TOG,a5d9ed2b-f46c-4a8f-8b49-0d4ecab4c925,True,552b8d6c350cb13c,ce246387dd078174
19-05-2026 04:55:51,cQqItVw6SOzF2T6mgVGA,18cfeb89-a279-4495-816f-37868ce43a85,True,24d6a87b0598b02e,ec75a53f04901eec
24-05-2026 09:07:54,bKDM4hgwrFvomSPFvXzx,98e7e63f-8645-4f93-852b-dbf2dcc23309,False,42ac1a2bf982f79c,24d6a87b0598b02e
09-05-2026 21:37:27,Z69gqoFOmlVuRsoXZhyA,96d5acf6-6050-4178-b00b-205e45b28e15,True,c9ab51cba10ae1e9,fb188f553674b4c4
11-05-2026 03:43:23,nhxVHcts0fSeACT1NXXd,245df07e-6d3c-4fd3-8579-920ff4516c97,True,3b1338c1207d1e2e,7182af742e04dc6d
10-05-2026 05:26:29,85BVmFP8iPwj9Bf9fE6U,d36c94f3-fb25-48a8-966d-831d014c9a51,True,55b620d8c0ab41e0,13db178cd9a1e37a
11-05-2026 15:21:30,0CKHA6CYlZz4fOOOamew,19babcde-213d-4c30-9547-8286b00bdddd,True,fb188f553674b4c4,cbf338d836298cb7
05-05-2026 13:05:35,0JsFyasHVn6SczQ7Hr6D,a523b19e-d4e1-423e-b742-05859fe57e9f,True,131c7dd8f3ab4b35,389da1f3a7c1d8de
17-05-2026 05:23:29,xwv0K22UXeKZjbIMsU31,cd9e3437-7787-41ea-911f-33e701aa8533,True,7d176c63414fcd05,a8c47673d6a4f85c
25-05-2026 09:57:15,7DWS9M11VWzhEGxBiRfC,bfd5affa-3300-4465-9c8d-0989b4803e2f,True,102edb38b5ec347f,bbbe498ee44f6349
30-05-2026 15:12:53,kGVUqhu1NnXgfat3m2TJ,5de09b95-e286-4aae-b6ec-881dd94cb69b,True,552b8d6c350cb13c,2a339e8954684016
03-05-2026 23:41:02,8R6YJ8vBrfqyr6uOr5n0,7760d4f5-e4d2-4a7e-bbf5-77e092c427a7,True,a2fd30e5fa49ad53,d5eb4d757b335d0e
21-05-2026 20:16:35,Y6tfVwbj8HhsC4Onvioz,fe671b76-c98c-4683-a2a4-049b93c97140,False,e7eb35b501d57e1f,3993ad7e2565b6b0
06-05-2026 22:04:38,VH3GaWS4YdiSXHpkITAV,04ece2ac-5949-4d38-a199-a09a63c9dbfb,True,1b1cc9cee9f27003,06961ead71f8b1d8
28-05-2026 08:43:12,Lt3U2e6yVBMIk4wq5pKy,db1f0a3a-d082-4799-8f93-8ac0d08fa2d2,True,f7af4712fd6b9108,24d6a87b0598b02e
06-05-2026 09:19:56,6KdrDNm8TWHbbL20XSeO,bef0522a-68c1-454e-a36b-5c3fff011421,True,c6a2d85265d19a41,923d0315f3ae2bb3
24-05-2026 08:28:08,70NuKmdmjdJKFUClQVa2,2f91332b-cd2f-42f2-a16b-b258e118b7df,False,9cbee3c1d7168837,1d3db575c4a79d75
02-05-2026 00:40:32,suWsODjypnhmGxcihob0,65723ce5-57bc-488d-bb6c-b45b31ae2af2,False,d4389e820d4f82fa,102edb38b5ec347f
20-05-2026 02:53:20,ck5zHjLTCCqqzLzUjATA,28e85ca3-c52a-4717-99d6-9f33e838d82d,False,c837debb39dd1e68,7f281c8dbac1f799
24-05-2026 19:43:29,YK5xfZyhyeAVNEQAuVlR,cdaa098d-ce19-4b47-b650-91f3dfb9876c,False,7f281c8dbac1f799,514af2be7dc985d8
14-05-2026 20:45:09,0cU4PKmQZWQecIpWS0EK,028b85be-0cec-4307-b378-8756644fd572,True,c85cdb0ef48d09c8,e8c9832b5c388bb5
18-05-2026 16:18:01,LdsP0dOHi72dGRM9TUG8,6ec8e91e-4069-42fc-b959-12dff549979b,True,0e52f2934d8ce165,7d176c63414fcd05
22-05-2026 02:23:22,N8HWxKGnJrs0mKbBp1z3,89e5a389-4cd3-44ba-b629-575d6c3dd684,False,057c44d337463e07,c7f34dc43387f858
20-05-2026 09:44:11,sX4ru0J8g9ZmeYvwgw6r,127ffede-ba35-4a9d-a564-b4b3417ba2bd,True,8dc02e5c153f83a3,b572bc65fae8bec1
17-05-2026 02:19:03,VZ336ezt70V6miIAjRpJ,6975aed1-c028-4400-ad92-696a29a045d6,True,9d16533a62ab9315,c34c1310eab19c87
05-05-2026 06:46:54,5uT6KVJaLZhzSVDT7vNh,65bae818-96f3-4894-a9f0-7f4de2ca72e1,True,0e52f2934d8ce165,daf96d2280390dec
08-05-2026 02:48:16,XcJBjsQljbQCRtnLjPMy,a2aaa395-7824-49d7-a0ee-5b22dad9eeb3,True,ec75a53f04901eec,42ac1a2bf982f79c
30-05-2026 04:08:03,CxMggGIc7oxZ2e1ITrtE,d8b26f36-229b-451a-827d-0ebab09a84e4,False,6588d11c4a11acb1,39a54d73a921b9f6
11-05-2026 00:35:25,HmjAjM9LM2TjzkrlCUYp,2b910a29-93e9-4b28-87c6-9efba627a737,True,5e1de20fecf98844,bc74204126e384ca
02-05-2026 18:00:18,1XaNJRHfqW2a9sWxX0Js,959c5b16-c9bf-4c31-b073-f0e2d2af8e76,True,b30b0b43692b035b,867d47425e9cccc7
06-05-2026 03:35:07,4hlio1TVRWx4zneuIt0A,f6279c7b-e231-48d2-ae06-aed2e2b849ef,False,bb4bb9fbcfcc16d1,517fc5ca69b652a5
13-05-2026 22:33:42,kRKGmhprdlDxPmCqJNYz,fe186ec7-7930-4670-82e2-6011fb36ea44,True,3db4e6efff8b7518,b30b0b43692b035b
18-05-2026 13:20:34,ZzG5sA2PKahxyOorM9H1,3653fa8b-98e0-4e8c-b2dc-4de0b98da2e7,True,1b38ab967d98cc4e,de2dde23040292bc
07-05-2026 21:41:36,ve6tQyLlGfVmIUCOaAAi,f0a5bd04-b95e-4e9a-9374-81de42d34cca,True,867d47425e9cccc7,72ba4e2f87adceb5
15-05-2026 22:11:32,1ntVntHBsanm2yWG1gDB,ea325715-1246-42cc-97f4-de769cf0a1ef,True,867d47425e9cccc7,64a94f9052422a0c
05-05-2026 19:01:50,0bTNytYOjHQY8hyT3C7z,433a7e62-f222-473a-8135-5b39ddb9ee86,True,5311a0642c2564ad,eb39e98aca20e7d3
27-05-2026 07:28:13,FjeoYrwtU9LMR6HYdUYJ,cb99bb62-b1c5-4373-8be3-1d14b0556c63,True,e84878f982129128,867d47425e9cccc7
27-05-2026 13:44:25,YO73ch53vxIw6nrsbD9d,297f1996-4aca-4810-8100-da5665c1def6,True,63d3511e9e857901,fb188f553674b4c4
27-05-2026 23:23:24,lgiwVrCQSqsg4tSmCup6,965b99d6-8d3e-461a-8c22-a56dd5de97bd,True,3811390588367f0e,574582321d04df00
05-05-2026 16:44:26,leuB9qm4nuwEt6W5bolb,dd171996-e0f2-49ed-801c-2874f75018c9,True,06bf6a628379e030,53c682ded6545e06
16-05-2026 22:43:08,uQMiQUh0vnevniD6w4il,46d4dd6b-4064-4775-8098-bd19dfdddfeb,False,42ac1a2bf982f79c,82a83fc853728306
12-05-2026 01:35:48,rGPDuR6L4ob2lzbPg4qI,62390195-1146-4217-8970-930773af92c1,True,c51d4eb54f89fec8,d57d393b16ba030e
14-05-2026 08:42:01,VZxh4Mu8dqjgJzWn2Iav,d8aa7074-15b7-46cb-884e-7abb3451a132,False,514af2be7dc985d8,234da97fe615c6b7
19-05-2026 01:34:06,8EWNeDHRCEfqWEMm2XCs,94445fbc-c7d2-49ce-bd7a-ef17d0ed3740,False,3b1338c1207d1e2e,53c682ded6545e06
27-05-2026 19:02:30,ufTUk4Mw5KjmWWkloggS,77a4f2e2-5706-4085-b9b5-8e58cdf7eeb7,True,bbbe498ee44f6349,b8e78b83a62a0cb7
11-05-2026 22:54:04,4WCGmo15NQgWNx5gfnlY,1e9f0974-3651-42a4-bf8f-5212b86968b6,True,2a339e8954684016,06bf6a628379e030
23-05-2026 16:47:10,CjmyvtdhTwQ5zNM3XzL0,b80e72d5-2e93-485e-9bf5-a1452e2e2a2b,True,9d16533a62ab9315,1d3db575c4a79d75
07-05-2026 02:37:13,xaHmQIiOpkYt6mzAUQTt,125ffee8-bae4-4884-b641-17c4c85214fd,True,bc74204126e384ca,ec75a53f04901eec
25-05-2026 07:46:04,yqasKsyCQQjFqmGQjfyb,b536e037-2f0f-4316-8454-2f026f20a4e2,True,64a94f9052422a0c,8e2e127651e9cbde
16-05-2026 12:19:20,u44pPtyfIA2xh05Po7JI,5d81e50e-550e-4f7f-872b-11e95e7c7ecd,True,4c885efe7bde3ff4,1bd749deaf799034
05-05-2026 17:10:46,mGgTJU5efRJhl7nK1Zmk,408c7750-1495-443a-8db8-5c0971b08e15,True,64a94f9052422a0c,b30b0b43692b035b
08-05-2026 11:22:14,ZSHXm0jAadwICcvaXjdA,47a604c0-d274-430f-9ca9-7403c11dc118,True,867d47425e9cccc7,c0014ea2ee2fdaea
22-05-2026 12:12:20,Bv8eHEcQURA1JppsbR9b,dcc4c355-adaa-4a07-853f-3a8f4b1840e9,True,e9da39984fb29dc6,0f98939ac68105bb
02-05-2026 04:16:14,WNP5qTfnrGiGYZyYpcvA,3dbf84c7-96ff-4de0-8e8d-f6bd5cc549a6,False,bb80f878cef35322,8f8c45c33ff51d0e
07-05-2026 21:19:22,MjDkzWJNqbFYd7uQTV6n,2cfb826c-b34e-410d-a4fc-a139d682fc53,True,a2fd30e5fa49ad53,2618243a251bd83f
03-05-2026 18:43:16,28zrXYI9dn2oy635c71z,5add78da-4c48-44f3-a3bf-8a82b72ce6f4,True,430f674c6dfe941a,5a7b6516c51a4d4e
14-05-2026 04:57:02,bZE58z2NbJjSHYYoxFhf,56bb2cb6-027b-4610-a11f-006a24a554a2,True,ce246387dd078174,e84878f982129128
04-05-2026 09:21:54,qtWek6ZkfQJhlAC4EqjD,9fa24845-467d-4631-8a2f-c4a2c5e5cb59,False,389da1f3a7c1d8de,93279918e60ec274
20-05-2026 17:11:24,4aqBF3iZBdBC8gUufkX2,62ae8926-d698-4c86-9fae-abd20efab0f2,True,72bd2672c948d2cb,102edb38b5ec347f
13-05-2026 07:05:49,Yn5IMbZKwH6wQaMVdHeM,e310ee3e-f3d4-484b-867e-5ef9fc6b5a0e,False,c837debb39dd1e68,0f98939ac68105bb
19-05-2026 21:44:12,52yObomchkz509aWCuTq,8465cc75-e563-45cc-9cba-0b900e83ddbc,True,5a7b6516c51a4d4e,39a54d73a921b9f6
19-05-2026 12:33:24,o4tpaECcSetHFwm3or3x,af149c63-1feb-493d-9f73-b91d18b25d6c,False,6588d11c4a11acb1,9d789fd91804129f
17-05-2026 15:05:40,eqTQTIyXBlzXgKOV7knp,2bce7b13-f030-41d4-a6b1-7d9e1b80bcd4,True,487b076a69a53671,1b38ab967d98cc4e
27-05-2026 18:30:55,rAtRVimERErrGKEjWUh4,72194602-78a9-4bd0-b9cb-e10c445b2c4d,True,64a94f9052422a0c,91279a646f8ea6ac
04-05-2026 13:22:06,Hjypd0a4CU0RdiiJxxOn,6364eded-5362-46c9-87d9-cdea6627d82b,False,34cbefbc28798720,91d55d217a2af234
08-05-2026 01:55:55,qasgHa7JJVm4Wvilr3K6,90c3468c-941d-4dd4-93bd-c964381adff4,False,102edb38b5ec347f,a8c47673d6a4f85c
28-05-2026 22:42:04,p8sDsaAYEMSPJDqoM6Tt,a3074231-d3f1-43aa-8443-232a397a101a,True,55b620d8c0ab41e0,e1bd0a847e7079be
21-05-2026 17:43:13,22QViy0gTdf8gR0xKOtX,af4771b5-37b0-4da1-b60e-4d2f302f3e72,True,06961ead71f8b1d8,556be8558ce56421
21-05-2026 22:13:01,GN4z4mUcTnDpLBdaY3t5,127465db-73f9-4570-921e-1c18e13d6ce7,True,2f2bd7547d602b7a,eb39e98aca20e7d3
21-05-2026 20:34:03,BDFXEr4idPChIcPuC7u2,10622628-8537-467d-9a3e-2c3617609a61,False,0f98939ac68105bb,514af2be7dc985d8
24-05-2026 21:14:36,E0vJVlH97ZIyAnSBNHLZ,501bbdaf-7fd7-46db-9589-6f5490359450,False,9d16533a62ab9315,63d3511e9e857901
28-05-2026 06:36:47,OFbU7oW3n0WTOB6LwL18,f9f02b3c-1db8-40f5-bfcd-f0fc30f5fc77,True,330949523d665e3b,f7c6682ad24d37f8
17-05-2026 15:01:57,VVezCaWEUCNF65IiyalE,bb614099-ae77-41c6-ab88-7ce1207fbf12,False,c9ab51cba10ae1e9,131c7dd8f3ab4b35
07-05-2026 03:16:55,yvryeHSwKdTkaAlrWeYC,80408922-7ab8-4aea-9f00-247f84b8c2b0,True,8f8c45c33ff51d0e,c7f34dc43387f858
08-05-2026 04:21:47,PQnryWXOaGUjw9lbITL1,85d19ad1-f09f-4ebb-9e4b-efe06c88d5b2,True,13db178cd9a1e37a,2b95dd3cf28e7c18
16-05-2026 12:18:57,jNPbBALWLNGdVCWdOZ71,f24f7c64-6713-4d7d-8ca0-c164538420c7,False,3993ad7e2565b6b0,f7af4712fd6b9108
04-05-2026 18:58:09,50q6OHmJVKLgKRPjTGVo,6e70ecb1-59c5-46c1-9bf1-0f1030d6ab3e,True,6588d11c4a11acb1,f879804e4456e5d4
02-05-2026 07:46:36,vC9UbwZMa39nPHRpfmro,26d2dc37-4501-4522-ac9a-f72ffd3d1724,False,91279a646f8ea6ac,3811390588367f0e
03-05-2026 14:49:47,YN5Ng6UODmrMz8uxAjcj,019e805e-7410-40f0-82a4-38d8b05e05a5,True,1791998ac3161359,3b1338c1207d1e2e
29-05-2026 22:39:38,KoPSO4aLp3YUmb2NHJ2U,bc303b53-806a-4476-a190-6f4f6a87a96c,True,1791998ac3161359,8e7f2987241c2818
28-05-2026 23:09:05,vnlGofeEdgc8OOLLqdH3,6151bc8e-ea06-4f0e-a4e6-d414e385526a,True,9cbee3c1d7168837,bc74204126e384ca
23-05-2026 15:53:30,yjvnOrkT1lxZUy7M6Iu0,e84f2a6b-fcb3-495f-9124-5b56d5547be7,True,131c7dd8f3ab4b35,330949523d665e3b
05-05-2026 02:53:58,rN5ixUQLlVU3QNMTOqGd,0f7aac08-95e3-4755-8c21-7475c365c796,True,d632e4ce536ec364,923d0315f3ae2bb3
25-05-2026 16:16:52,PEDLE9F7ArVM6rZEQlkM,e4f21d1f-7e45-4226-a9b2-170e3e2af6dd,True,f7c6682ad24d37f8,b572bc65fae8bec1
14-05-2026 06:11:51,Wezyq8L4cbhlKKfLYe4b,1abe4b03-63a8-4d24-afdd-c55e62839558,True,0f98939ac68105bb,c7f34dc43387f858
07-05-2026 05:28:34,Oha4Viv1dcaNhZk7nHWw,8fb46ae6-996c-4a91-a7f2-f9582e911885,True,19a558ecc36977ce,39a54d73a921b9f6
25-05-2026 00:10:35,cADBZxiYZ3LjEtC4KTrU,449bc564-9a2b-45d7-a499-8d26d02ed848,True,556be8558ce56421,e8c9832b5c388bb5
21-05-2026 03:21:15,SloTg7kVMFbwTHuUwHlW,8cc07a6b-aaa4-4812-b7ae-82b869c35eb7,True,2b95dd3cf28e7c18,8f8c45c33ff51d0e
24-05-2026 21:19:14,r5Qd6PhHn2kRxBv1f6FS,dd3ae790-f76f-4ffa-aff2-68314151060d,True,514af2be7dc985d8,514af2be7dc985d8
23-05-2026 03:25:48,V9vO5zrqIsjXPHcPOWr7,49abfa5d-5d28-48ca-b299-2d5c9553d213,True,06bf6a628379e030,b572bc65fae8bec1
02-05-2026 13:00:14,2IMd1MR97zO9yWa0NbLl,01a510a2-5017-4ae0-9856-3023b5181ac0,True,fb188f553674b4c4,cb4c1290e91970dd
30-05-2026 01:28:02,C7oJ4de5DJDNFTZz3pDx,3d945bcc-b243-4044-bd6a-8694ee08d5a7,True,c31244cee16e0c77,6f36a3307488809f
18-05-2026 12:29:45,srtdNyqwqImQga6f2zTy,7396ad80-7a0a-4060-a103-bc5be8837c6d,False,93279918e60ec274,f7af4712fd6b9108
16-05-2026 03:26:59,eTKlFZhVSjkzOxP91nsc,3b7d9bf0-636a-49ec-a02f-82d23f68fff0,False,c34c1310eab19c87,d0825fdf3da3660c
24-05-2026 08:53:41,fCaIEKLprnxhUFEZJtw0,672ce40e-dfd0-41c0-acc3-84c329f4c6fe,False,3bd002cf1fcfa789,389da1f3a7c1d8de
15-05-2026 02:31:29,tvJyvjGcygmfdQkFKgN4,16ecb7ac-cedd-4039-9795-bb7d74f60e2b,False,e1bd0a847e7079be,72ba4e2f87adceb5
09-05-2026 21:06:14,ErjdKQHjvPk2Fhisnn3J,5c7299b0-ad59-4c9b-85d2-84fc788329e9,False,c6a2d85265d19a41,7d176c63414fcd05
15-05-2026 21:04:20,Sn27hAcygb7ehaySl0G7,3db2beb7-cf16-4472-95ca-ca529ec363cd,False,64a94f9052422a0c,a8c47673d6a4f85c
25-05-2026 19:04:00,qPXxu3CxdyCREOdmSj0Z,4961dff0-0f3d-496c-ba0f-056fafb8b22d,False,389da1f3a7c1d8de,cbf338d836298cb7
30-05-2026 20:17:09,CQ8mKcEgrrneFss3UXS0,6d4418e3-fb9e-4147-9e10-43b07bdd6a4e,True,c34c1310eab19c87,3bd002cf1fcfa789
07-05-2026 17:21:51,hwCtMs0quNjgFFaJAm97,54868720-893e-40a5-abee-d76dd8e1ff23,True,bb4bb9fbcfcc16d1,0f98939ac68105bb
10-05-2026 05:05:18,2czpcSh7Z3ylte0as4OE,20874f29-3ee8-4a73-9e2c-729baada588c,False,7d176c63414fcd05,ec75a53f04901eec
15-05-2026 08:33:10,F1MvPyo29iiCn8o2vGmD,a4d70251-a821-4112-84f7-ec07c53682f4,False,72bd2672c948d2cb,57e7d972b508815d
15-05-2026 01:33:04,6p6nCUSkmjXbgjX93XDz,26715a07-0fca-4d95-80ac-274851b610c2,True,da211edc7bac01a0,c7f34dc43387f858
25-05-2026 14:33:51,ERd3J0ZUI51S3P3iAip1,f0e763d0-f992-456f-8f14-cd26cef11300,True,d632e4ce536ec364,8e2e127651e9cbde
05-05-2026 15:23:18,fGYeI4Wrs3cOcZFxOW7R,71e7542c-7b01-4d19-b6d1-b37fe538f5fd,True,1d3db575c4a79d75,e7eb35b501d57e1f
23-05-2026 09:42:13,fWQqDKCjv6u9fwJLHUJw,a4bbd541-b4f4-4cc5-abfc-233f3a678db3,True,57e17fffc619e182,06bf6a628379e030
12-05-2026 05:26:33,1cx4eulm5UveSuZI6aGs,7181f54d-553b-4bf5-b00c-3878a02e1279,True,234da97fe615c6b7,cb4c1290e91970dd
22-05-2026 12:53:31,klLYUqF03VAgfyPY7Zhw,b93dd0e2-393b-47b1-b99f-d4091d6b81ea,True,867d47425e9cccc7,1b38ab967d98cc4e
18-05-2026 19:15:02,oij5QRGSbo0nTHP98Bwy,f2064105-c45e-4dc2-ab4e-73c8470387be,True,1b1cc9cee9f27003,1791998ac3161359
23-05-2026 12:28:50,0k4xpR1rCH9u0jGBAMTy,0a8d4fec-d90b-4cc1-9d8e-3c74548af9fa,False,7d176c63414fcd05,057c44d337463e07
22-05-2026 12:04:46,7g8whoUICE2x9OoiKI1B,4675fe54-ba65-4354-b72a-f9f6dadb16f0,True,3cc68b8049eb8d4c,bc74204126e384ca
28-05-2026 21:59:50,HtuqL6kEvDD6FF3Dp3Hz,4fc86cd9-13af-438d-8d90-02bca1cc5538,True,552b8d6c350cb13c,5afe6ceac06784f5
26-05-2026 19:28:02,QBMezAUkEh1UyHUTWOzc,9437bc0a-b09d-4eeb-b753-6fc854c38d65,False,552b8d6c350cb13c,9d16533a62ab9315
27-05-2026 13:28:06,C3JIqhk3cksoIxa5HWY4,7586cac2-fcc8-4ba0-b5e9-296bb768796a,False,6f36a3307488809f,75778bdb64d1008e
24-05-2026 06:33:53,xWv6irYNMCxYYkPK1sKb,50797d93-0e1d-4063-b593-153419c7a619,True,82a83fc853728306,b8e78b83a62a0cb7
15-05-2026 21:39:57,9vJibWSvSDwF9cyriyCI,b99f885e-af4f-4e6a-92a8-5e58a6eae539,True,234da97fe615c6b7,514af2be7dc985d8
12-05-2026 01:30:36,MxFGeOEEE4SFdQxdym2z,870a4cf0-beac-410f-9c9c-0e882060dfbb,False,487b076a69a53671,330949523d665e3b
05-05-2026 15:02:42,hl4w2FNZh15CYMg7EEdF,8aafd99b-e2fa-447e-9bdc-9bac910b44e8,True,cbf338d836298cb7,4c885efe7bde3ff4
24-05-2026 17:45:31,pKKi0C68fZdrAuHEua3k,8dfa6646-0a66-49e6-b5d0-323ca0b97c24,True,b8e78b83a62a0cb7,2618243a251bd83f
28-05-2026 05:34:09,tyJ4Ntn5wVDnLKODUNnR,8ff634c4-fac9-472e-8e16-df2e73e8d14d,True,d57d393b16ba030e,057c44d337463e07
29-05-2026 15:01:49,va2upTsY9ZuHgcNuqcEB,29530e0b-fad9-4c10-ae9f-bb37bf311517,True,057c44d337463e07,bb4bb9fbcfcc16d1
26-05-2026 09:33:56,yTqxvCN7TPqs29JZzw6P,b71671b9-8f10-4183-a707-39462b8d777b,True,2b95dd3cf28e7c18,9d789fd91804129f
08-05-2026 09:39:10,CQQe22SWI4SSdmDCWT3E,afdc6a46-4993-4426-807a-2b0bbb7dd48f,True,2f2bd7547d602b7a,eb39e98aca20e7d3
19-05-2026 23:31:53,9nxWlO8EYFjUPhL8ZuaY,5cc172f8-bc51-4f3c-9c7b-c886de4d2199,True,5e1de20fecf98844,e1bd0a847e7079be
04-05-2026 01:23:35,ZvuaFeGspoXnA039ATe0,b47c4582-a4e9-4faa-9b40-a092c73e4edc,True,c85cdb0ef48d09c8,91d55d217a2af234
15-05-2026 12:41:04,cgTAniDu3kjsi2RcvJJT,cdd4871e-ba2c-4cba-badc-a4957525a71a,False,bb80f878cef35322,c34c1310eab19c87
17-05-2026 09:06:05,KIgXEFoi5VOPnM46km8f,acc66139-f273-4a48-a1fa-7aba6cd30752,True,d4389e820d4f82fa,cb207a93391638cb
28-05-2026 14:20:46,8eiXpjvpKjz5QiDtSKaW,4baee8f3-05ba-46f0-a522-47d0235e0ae4,True,2f2bd7547d602b7a,91279a646f8ea6ac
23-05-2026 00:40:31,UdOVCwMWaUEXVM0MPzUw,1a2270da-ba5c-4ebb-b9a5-25912e2a84dd,True,e84878f982129128,5311a0642c2564ad
26-05-2026 18:57:53,qNHeDe1IUJepo9bBjxw2,c3b51628-26d5-4c9c-a883-dc573c1bf3e1,True,95744df47936b8c4,7f281c8dbac1f799
07-05-2026 04:12:18,ZAvWSNWWmAAT7eRYR2B1,3e5761d3-ba2a-4f1d-94b0-47bc81a12d1d,True,7d176c63414fcd05,7f281c8dbac1f799
08-05-2026 06:14:08,ACQQpJfPbLGeZloGoPGO,0ac344e8-3f26-4dd0-8a77-2ac856934c3e,False,8e7f2987241c2818,6214b1b462c04096
25-05-2026 15:49:01,4lVMbIDlLYXdLwSKKUF5,03744b4b-daa9-4ba9-a342-564113849a24,True,13db178cd9a1e37a,75778bdb64d1008e
09-05-2026 03:37:21,FleoogM1ABiThpW6y9ms,95698a6a-7592-44de-820a-1fd3fe7cf5af,True,2f2bd7547d602b7a,bb80f878cef35322
21-05-2026 04:44:45,1giFLXsm3qXCn75yF8ks,42211477-dd64-4f87-815b-7f8c3da94864,False,a8c47673d6a4f85c,c837debb39dd1e68
18-05-2026 08:11:22,QqV0nHIFCsYv731YiYRi,fc719f6c-622e-4de3-b00a-9bb08287fc82,False,91d55d217a2af234,6f36a3307488809f
21-05-2026 11:19:56,khlPT5FhcKTLc4U2Ym32,1bce9dd6-79fd-4ad5-a8a9-0cd9b71355cf,False,5a7b6516c51a4d4e,b8e78b83a62a0cb7
25-05-2026 21:40:31,bFtdjXvHcUyG9Nd5XBPX,abe9a570-e29d-479f-b757-e0c5fa6e52a5,False,3bc1bf7fb69f3ba3,b30b0b43692b035b
03-05-2026 10:32:16,qcjNg1YBK123sYrXldbY,00d0fda5-a6cc-4c28-a05a-2dabba07921f,False,3cc68b8049eb8d4c,39a54d73a921b9f6
11-05-2026 20:18:18,OqOm6xgUZlnet6h0JXWz,4bb34004-11ad-43d3-9a1a-1c4e2f7c507a,True,63d3511e9e857901,8e2e127651e9cbde
29-05-2026 05:44:24,YUREc1exC27ONz1u9kmU,01566c94-cd46-4a18-b433-07ad9c5f2a1c,True,5311a0642c2564ad,556be8558ce56421
23-05-2026 01:22:25,nsKGmiEtyxK13QlFfky0,c47ed4da-8e05-46a2-b02c-63bf090c2dda,True,b572bc65fae8bec1,cb207a93391638cb
09-05-2026 23:35:44,l5kabJNMLH79SsxEWPhU,fd5f7fa4-1fad-4cd8-a1db-8d8708ace42e,False,2f2bd7547d602b7a,42d576864f9952c7
14-05-2026 03:13:13,Duo6XvQFNgNrjLGTT8nP,5dbfe7ca-1a1e-41ce-9eeb-e53b2fa050e0,False,1d3db575c4a79d75,6588d11c4a11acb1
22-05-2026 00:59:40,7tOhztQAuQFP9Margl7F,ea2b1466-9261-4a61-adf4-ac03d02590c2,False,bb4bb9fbcfcc16d1,5afe6ceac06784f5
12-05-2026 03:53:18,qspQSvfh92mpxLu5gzMo,d9a7b4c6-f202-41dc-bf43-d868c96fe899,True,552b8d6c350cb13c,daf96d2280390dec
10-05-2026 09:31:19,gmnkHYVsbmyWcQ2dtObM,a928cf55-f8ef-4d38-8c18-e961dd5279f6,True,1791998ac3161359,ec75a53f04901eec
14-05-2026 17:15:17,4gQDqeBGGxfvSNmkrFVC,cef1fdc1-09bb-4732-a283-47d6bfc3c99b,False,53c682ded6545e06,6588d11c4a11acb1
30-05-2026 07:42:08,DZp7QKREYFTsQkA4jMN4,87871ecc-0954-4d5d-a0e1-9a8484a12daa,True,7e8fb26408446272,3993ad7e2565b6b0
07-05-2026 22:46:56,MdIszfeOgwfQotYKTHJK,3399b9dd-d895-45f1-b3cc-d477e581548d,False,06961ead71f8b1d8,cb207a93391638cb
19-05-2026 10:49:00,85PCTSQc7dwD1oWO35vi,94a667be-c23d-4787-b089-07577d710193,False,a8c47673d6a4f85c,3c58290022ed11b1
20-05-2026 08:44:32,OY3Ce8xzPQFeVZwKwR35,a38bb052-0852-42ac-b342-e2491fa2ab18,True,cb207a93391638cb,de2dde23040292bc
15-05-2026 05:33:21,MgQHmsii9qSbYh6QuZui,f8a39420-5ecb-4142-8238-c2948644ba2b,True,c6a2d85265d19a41,4c885efe7bde3ff4
03-05-2026 06:30:38,DRMfZXQzi1leLRuHVrzr,01ef4508-4c8f-406c-a148-77b230c47d83,False,ce246387dd078174,3b1338c1207d1e2e
30-05-2026 07:35:33,sIqDHI6vVRuuRECqqfPx,e71971cf-903b-418c-9b29-1b4c58f802c8,True,75778bdb64d1008e,3db4e6efff8b7518
28-05-2026 16:24:17,kpGXW6tXhPkmOiG96umj,f00b84f2-f82e-4410-aa8e-9d8007f78391,True,91d55d217a2af234,1bd749deaf799034
18-05-2026 09:44:01,RExf8Ln03LWS8t7N83BX,2eb560f2-81a4-4c50-a8d9-27cf5b49485e,True,b30b0b43692b035b,3bc1bf7fb69f3ba3
08-05-2026 00:13:39,lKmGZctVhmkUspVe4BPh,8a7bc18e-6a8a-4ed6-8f4d-067c516a61c4,True,d632e4ce536ec364,93279918e60ec274
22-05-2026 23:47:02,18BX0oZ1wnjubOj63HUf,158bae00-d0c6-493d-b705-4e1ae2f74954,True,24d6a87b0598b02e,17b4966e9be4d8d8
01-05-2026 11:55:18,0BHsTRXfdSgR8k7zKJWt,913b6863-15e0-4db9-a9c5-652cb5277402,False,39a54d73a921b9f6,3993ad7e2565b6b0
12-05-2026 23:31:12,nelpT4SrcMZx7fG7gZMR,a14e7a40-54be-442b-9ce3-b1b9e161fa32,True,13db178cd9a1e37a,04964f8452901231
12-05-2026 03:48:10,6k3m4jhNaTx0TFsZruGG,0a645300-ad71-4583-8008-fd33dc82d74b,True,e1bd0a847e7079be,6214b1b462c04096
02-05-2026 12:56:55,QERdCIpwNAxCD80druso,43b4c72d-7cd4-445d-8204-d1342f74ddbe,True,91279a646f8ea6ac,3b1338c1207d1e2e
12-05-2026 23:20:46,lNCggVxLXXtjLrb2umbL,88df46c1-e319-42aa-93e9-764085a3d868,False,1d6285f5502cf1f8,c34c1310eab19c87
15-05-2026 20:53:06,l3QGcqpDdKDg9da5VXEN,f83bd787-315b-4bc4-a11d-613455804718,False,8e7f2987241c2818,93279918e60ec274
02-05-2026 04:09:37,yW4402TBTmIsnjqBgc7B,0e21a8a9-7e7d-4f2e-9126-f2d737ba412f,True,6f36a3307488809f,d0825fdf3da3660c
19-05-2026 11:43:02,UVR7Ar2qeFB0DK4c6MgG,88e6992c-9a96-4421-ba81-04318ded56dc,False,4c885efe7bde3ff4,057c44d337463e07
03-05-2026 05:15:10,bLzcSrBQkdml2ZH9sxZE,42f84f24-d9db-4e79-aa2d-3b6744376cae,False,552b8d6c350cb13c,ce246387dd078174
03-05-2026 17:06:18,ooMhyq8ReiugD6XKJHea,65b789ed-f01c-44bf-8e3d-6e2abd8f667d,True,95744df47936b8c4,fb188f553674b4c4
19-05-2026 19:22:04,civ3UXVM4nkdZdDD8PLe,cb7fad53-8d75-4d8e-aa4e-9e2a42ff4f92,False,d4389e820d4f82fa,a8c47673d6a4f85c
08-05-2026 20:07:26,yx2QB5ItgZpLlYuoXPPt,27b1e54e-70c6-4759-a906-f64d645fabde,True,7f281c8dbac1f799,c0014ea2ee2fdaea
01-05-2026 12:35:23,O3ortSRA1DHBckHjr30m,40d9891c-72a5-4e80-9479-e1ecb61de557,False,91d55d217a2af234,3db4e6efff8b7518
10-05-2026 07:59:42,U6Xg5LHmDsKpDfg3uixt,e01ba5fc-e8b1-4f6a-8bd8-7e12be60e060,True,e7eb35b501d57e1f,de2dde23040292bc
04-05-2026 02:54:03,AtEsFzOcnR0ckNGDrE2n,c9859120-3996-4f0a-b9c2-b3ec0f089659,False,487b076a69a53671,06bf6a628379e030
14-05-2026 03:20:48,99PNSxdADSYwuXhWhLeD,923f4050-1a9b-4244-8f08-6151c478c2f5,True,63d3511e9e857901,430f674c6dfe941a
27-05-2026 13:54:24,eq97JVJL7KfpwqZ0dFKZ,52a7f2ff-7eff-4374-befc-c3a4a3d24e5f,True,91279a646f8ea6ac,72ba4e2f87adceb5
14-05-2026 06:33:42,9VwHPIOtKcH0Q1Mig7Wj,68cd7075-d29a-4634-80a2-f2be20d2826c,False,e7eb35b501d57e1f,72ba4e2f87adceb5
04-05-2026 20:15:47,jYLBwK7onN5AKn0xUUVV,c0b8d8eb-3a5d-40df-86d9-f553b9ed17be,True,de2dde23040292bc,34cbefbc28798720
10-05-2026 08:04:32,Xs42kEt89cQhKqlTally,443fecd6-bfd9-4081-aa14-af5157122634,False,17b4966e9be4d8d8,4c885efe7bde3ff4
26-05-2026 00:24:27,JH6mGXYVvzUsQcK6255N,10b609bc-ec8c-4ce2-8081-befce73caccd,True,04964f8452901231,4c885efe7bde3ff4
10-05-2026 09:01:15,y7QqlVBCYwOtbqy5yjeL,f335156c-8505-4506-8eab-e92078258f6a,True,2618243a251bd83f,e1bd0a847e7079be
16-05-2026 22:17:44,JjY1HfT31TlI2686NJAZ,b290d2a1-77ac-4968-9d8f-11d37033abf4,True,3993ad7e2565b6b0,3db4e6efff8b7518
01-05-2026 09:51:51,WshPRlyA7iHrmC40R1CV,bb3f4672-7e35-45cf-a0ea-7d21efb3916b,True,57e7d972b508815d,514af2be7dc985d8
05-05-2026 10:38:23,90PpEheL0mFc9yeQemth,7c926fb0-c5a2-49b8-b0f7-2100104d022d,True,2f2bd7547d602b7a,eb39e98aca20e7d3
08-05-2026 22:13:41,sOb2BrSSs0QYZvppMzWp,1507bdb4-ab2a-4689-a751-f01de9c938fc,True,e8c9832b5c388bb5,8f8c45c33ff51d0e
20-05-2026 07:05:30,1SWTiedCbSQFlLBSdsOA,8577e571-5996-48be-b751-46ab77980385,False,bb4bb9fbcfcc16d1,c34c1310eab19c87
12-05-2026 16:59:03,AzuEsPIttKlIOb3xNRUZ,ca52a281-a520-418a-ae29-7234c41e855f,False,e9da39984fb29dc6,cb4c1290e91970dd
15-05-2026 13:58:59,R5vbmrBEl31tXSQp9jGl,ee916db3-3b0d-4e44-85bf-aaea1ce424ba,True,c837debb39dd1e68,b30b0b43692b035b
10-05-2026 21:33:37,giziLhw6ddv4on13YGTv,c6c70283-235b-4b26-9884-42fabc8e6630,True,a2fd30e5fa49ad53,57e17fffc619e182
24-05-2026 22:04:01,WXT7tyHVxOUDUJMmcBmu,96d2e6fe-1215-4c55-aede-50eb74915d5a,True,3db4e6efff8b7518,c837debb39dd1e68
05-05-2026 08:31:07,tsrDwz4JReFYl8PD0UY0,3c0b5143-a8b7-4118-ad3b-8b2f34cee797,True,7f281c8dbac1f799,8e7f2987241c2818
26-05-2026 20:47:38,TvUdfHF2zEiDfhTTKXRV,94889e6f-0319-4e52-b4da-38838cd9a306,True,153c202e3cfef4ba,4c885efe7bde3ff4
17-05-2026 14:50:28,JeR4honM5ZAUUBdKfvDg,695758ac-39f5-46ab-9c5f-2e3ac66b4b8f,False,7d176c63414fcd05,8f8c45c33ff51d0e
29-05-2026 16:33:44,n759jUFXw5bT8XKHLPbT,df37e1ad-4298-4c4e-b122-ce4cc0216419,True,91d55d217a2af234,c51d4eb54f89fec8
15-05-2026 22:59:59,IoE3K9UrgGBob02FZnXc,8afcc7f7-aad0-454f-a4ca-467b45455268,True,d4389e820d4f82fa,2f2bd7547d602b7a
17-05-2026 04:46:38,XVpUlBSsAiKT5jvMJCpi,ed119fa5-fb97-47b6-a066-d1e128a8eee7,True,91d55d217a2af234,102edb38b5ec347f
02-05-2026 09:09:57,B6XOz8a7nUvZWKQNQPvI,714a9288-696d-48f8-ba99-0581ad785cf4,True,131c7dd8f3ab4b35,2b95dd3cf28e7c18
01-05-2026 08:04:55,7K0TlJXI5A6BCaSqFUam,c8beb710-16b7-44f2-866c-45a38ab83989,False,c837debb39dd1e68,e7eb35b501d57e1f
20-05-2026 04:13:13,EtZnIhfNxoTUj4JtMtOP,c63e4509-bc0e-4d0d-93d6-7c69b979c57f,True,8e2e127651e9cbde,c31244cee16e0c77
04-05-2026 16:09:43,5vjIKCY66BAF8tJa4uxN,34bd3688-18b2-437e-a0e4-48ae45c626ff,True,3811390588367f0e,514af2be7dc985d8
02-05-2026 07:28:25,NcpuArZI85mjGHSTSfgx,0d900abc-13ff-4f9f-8bcb-f817e07b0b93,False,1b1cc9cee9f27003,9d16533a62ab9315
03-05-2026 01:26:29,kMeNZZpJYgSe2XHEqHCY,3e01e1ab-88a7-4aba-86cd-550f2aec11f9,False,34cbefbc28798720,487b076a69a53671
19-05-2026 04:51:52,KeTzg47aHYdAYruErTz7,ef5dae8c-6952-42bc-85d8-d8662b9df429,False,82a83fc853728306,574582321d04df00
12-05-2026 15:07:19,lr41AutrMIjjeuW88FBt,d3fba8a0-2b03-4c83-99ee-e08d4c9d023c,True,39a54d73a921b9f6,ce246387dd078174
17-05-2026 12:02:39,opc8VoWS34eDIZ0zTdgF,4ccc2c23-f43f-4d77-bc4d-6a6dcec6a69f,True,d57d393b16ba030e,552b8d6c350cb13c
13-05-2026 06:06:53,BEAOkVIwUB8XiHkNSgvW,ab7aa3b4-d63e-4ef6-8de1-daed008b3d6a,True,574582321d04df00,72bd2672c948d2cb
20-05-2026 08:05:41,FczckiRZUrNpSvQmAp1T,5d022406-a052-43f5-ad8a-c2d570c69a92,False,c51d4eb54f89fec8,da211edc7bac01a0
12-05-2026 16:28:23,EBpOtw9Ti9jzy0YKZow0,e3871220-403a-4de9-83f7-a032945d8959,True,c837debb39dd1e68,d632e4ce536ec364
12-05-2026 12:26:09,4kpo0D9l9ZCTNwZdlSFE,f556eeae-2970-4c91-988c-0f6b0807f801,False,2f2bd7547d602b7a,8e2e127651e9cbde
25-05-2026 08:54:38,W1SPqwYOLO6t0N1lmZhc,3c67b5ab-096e-4465-a112-f7fae72b6f19,True,8e7f2987241c2818,de2dde23040292bc
15-05-2026 12:56:01,66bU9bKebV43iQ0xaSuW,51ff8fcc-c677-418b-a520-6d515a868609,False,06961ead71f8b1d8,0e52f2934d8ce165
17-05-2026 09:32:43,NK7Xd10oZwwBqfStYtyF,c996a91d-376d-40ee-8767-ceddda59de2f,True,3db4e6efff8b7518,72ba4e2f87adceb5
24-05-2026 00:29:57,TtEP6QpMWT1P32k87Lf3,1c0b55e4-8df0-4759-b552-1afccacfc78e,False,63d3511e9e857901,574582321d04df00
19-05-2026 08:03:59,4AVIMssO7ZUCB42Bg5uV,23f66cdb-6cf4-41fd-b5c6-7821394e1b49,True,d57d393b16ba030e,3bd002cf1fcfa789
19-05-2026 13:05:04,yTCAIoEm0XAKnZ0awXa4,7fb980af-574d-462b-b97c-75765c336cfd,True,330949523d665e3b,430f674c6dfe941a
24-05-2026 12:24:13,CaYjSq4Q6DbkDliGdb8Z,ca26d0f0-7768-4e42-86ba-3efe20ecca51,False,d5eb4d757b335d0e,487b076a69a53671
20-05-2026 08:42:20,M0ighQA9DxN11zo4GeBE,b56c3da6-6388-42c7-8a8f-6ba463e7b1cd,True,e8c9832b5c388bb5,102edb38b5ec347f
13-05-2026 17:26:03,eXuGA5XG3rwJv4v6WG2f,d6f87609-0661-4dd4-a9ec-7f642aeea0d7,True,cbf338d836298cb7,c7f34dc43387f858
20-05-2026 19:05:29,LZTiGF4me4cJMYnvS6TY,21911f03-ddd5-405d-a64c-73e7c5db2cb0,True,63d3511e9e857901,daf96d2280390dec
06-05-2026 01:27:45,3awWQdFB7tZf35ndEHfa,5fe43a93-173a-4f86-be90-6fc34005a216,True,1bd749deaf799034,9d16533a62ab9315
01-05-2026 12:20:43,n6Tc5RS9QT9zz636OW0P,f0174bde-bfa0-4885-994e-6a10862c0952,True,2a339e8954684016,5311a0642c2564ad
19-05-2026 04:37:01,R3QtZt1DubwpmmOUmq4B,67ee677c-25ab-4023-a0f4-7f2f40192d33,False,ec75a53f04901eec,cb207a93391638cb
14-05-2026 06:20:04,WTKNNRAmlNfF2T3rBc3v,069b6e0f-3f80-4e56-a6df-f9cc6aad8d34,True,7d176c63414fcd05,0e52f2934d8ce165
13-05-2026 19:16:54,sxQWAgiNHKRWIigUnsb9,fbc1c374-4a8a-46fc-aa99-b9f1fc93fa0f,True,3bc1bf7fb69f3ba3,d632e4ce536ec364
16-05-2026 06:45:05,Uo61qAytntlpBv2K6MHq,5c4fcd70-f376-4293-b4a7-72aec7fe9cf2,False,234da97fe615c6b7,3811390588367f0e
22-05-2026 23:48:43,lDp8YzLdtCMOrE6CNvqH,c340db19-f5c6-4cbf-b3ca-1b0325dc290b,True,1791998ac3161359,17b4966e9be4d8d8
23-05-2026 22:19:51,HWMaiNMjdcsJsHEavRZC,2ed58940-f8d3-40df-b07d-e761c54f5e47,True,8e7f2987241c2818,b30b0b43692b035b
23-05-2026 20:02:18,DnDP0lzCrFQNydUNKPCE,ae89c6df-9e31-4af4-b464-2834d8ce1130,True,2f2bd7547d602b7a,57e17fffc619e182
11-05-2026 22:17:56,6aMD9VqkTHdRRBNfGw8T,fd31d4ee-bd95-4cf7-a0fe-3930d5e5bc25,True,42d576864f9952c7,57e17fffc619e182
11-05-2026 13:47:19,t5bQ4DXec7Dmkmqj3gVH,394927ac-9cd3-4146-877a-c627536156d1,True,102edb38b5ec347f,cb207a93391638cb
21-05-2026 17:58:11,sMiNroGg9Ai1ShwTaX1O,878d719a-1ea3-4f47-88db-f2bdd42bcec4,True,b30b0b43692b035b,82a83fc853728306
21-05-2026 02:39:14,orAR1u6q3ivcmuiaPseo,c5dd73fc-e20a-4ec3-b399-332debb16e1e,True,de2dde23040292bc,9d16533a62ab9315
02-05-2026 23:05:40,qNGKiKnFSeNFVqnU3KsE,feaf6212-add8-4ca4-b1f2-e5ece6772d8e,False,3993ad7e2565b6b0,d0825fdf3da3660c
14-05-2026 05:05:53,hmhWMhJCnbpniqnfhRKP,292396e1-486c-4329-918b-201a0e3e3e67,True,57e17fffc619e182,3993ad7e2565b6b0
08-05-2026 01:07:26,q4HlgX98azkD16OpEVl9,36190397-5a14-4fce-83fe-5c7fdddd71ca,False,153c202e3cfef4ba,72ba4e2f87adceb5
22-05-2026 03:29:46,UoASKroSig9sosCTjVP5,8a148b19-f1fe-4b83-bf6d-9554667b9e21,True,9d789fd91804129f,e1bd0a847e7079be
17-05-2026 08:23:49,kgKD7EcldvHTa1Sdo1JH,d11fbb47-9898-49dc-a0f7-4f320f0d48cf,True,b30b0b43692b035b,cb4c1290e91970dd
16-05-2026 20:15:13,AVJZSQ2vSaRQV0P3fQvj,fded0070-661d-4db2-a94e-ca4573925443,True,7d176c63414fcd05,d5eb4d757b335d0e
01-05-2026 16:51:08,YncTpmgXPNhsQGU9QQ6j,d4b36726-f95c-4d7d-b3cd-b37e3e992769,False,3bc1bf7fb69f3ba3,d0825fdf3da3660c
27-05-2026 03:06:12,cKsLYEqjM9NqOoeWkwpg,7ed92d77-c2d6-4848-8957-f7022168d4b5,True,9d789fd91804129f,cb207a93391638cb
16-05-2026 18:50:21,yKbMu7HtMtvf88xaTFzN,47f0fbe3-060c-41e4-8573-726ef0931c4b,False,a8c47673d6a4f85c,17b4966e9be4d8d8
13-05-2026 20:07:15,BHQD5uROj9SJbqMEJu88,475fe965-fc83-4acc-b505-5071abf841fc,False,6f36a3307488809f,234da97fe615c6b7
17-05-2026 19:36:33,TFNOowIHlMQVJlZz23N0,2441e5eb-60df-4cf3-85be-a50236db00db,True,1d3db575c4a79d75,3db4e6efff8b7518
22-05-2026 06:04:05,onKzZ2hYFk5NqR9qQHH4,7466ba17-5816-4192-9d77-64d3060a1c4a,False,95744df47936b8c4,72ba4e2f87adceb5
19-05-2026 19:08:22,bCVy58P7FfO602BZjuyG,00d63536-d210-45ef-8527-aec90068b825,True,55b620d8c0ab41e0,04964f8452901231
27-05-2026 11:11:14,NkaNLdfV748HirSUwRoJ,6a217b80-fea4-4ac4-9d6f-28bf953b3ed1,False,5afe6ceac06784f5,82a83fc853728306
26-05-2026 07:59:25,OZpiwWJg0ejeRCtBgSwF,fa3df43d-1090-4f40-8630-ceed581bfbc4,False,57e17fffc619e182,cb4c1290e91970dd
25-05-2026 18:14:21,zV2xEOwBom85FYANeafS,7735303f-b342-4ea7-a0f2-57f7bacda797,True,2b95dd3cf28e7c18,c837debb39dd1e68
25-05-2026 21:59:33,huHSruhSbbmQIGF4wgir,1aefdb02-8dff-455f-ae84-3406ef7423a0,False,1d3db575c4a79d75,153c202e3cfef4ba
02-05-2026 05:09:37,xOdiJKisgkUGbMJOoaML,4ebb8ff1-26bb-47e4-b1cb-c087c664a072,True,a8c47673d6a4f85c,8e7f2987241c2818
28-05-2026 13:21:36,1rL4ENjd3EyIa8SNBFTI,3ea600b2-80e9-4999-9e32-f768fe2bfef0,True,9d789fd91804129f,19a558ecc36977ce
06-05-2026 06:28:14,EshrYkU9lfimpqvfOWLJ,d8ce4da3-3209-4004-9c38-a55202dcff0a,True,923d0315f3ae2bb3,153c202e3cfef4ba
13-05-2026 10:01:42,O2OFfZw9BzrXIKEgbkEU,b234eec5-98c3-4347-ab5c-a8a32793839b,True,34cbefbc28798720,d57d393b16ba030e
19-05-2026 09:58:46,3ZqktoaI0I9cImZfuvpT,657b3b7d-05b9-4fea-8031-023c249a77f0,True,8f8c45c33ff51d0e,0e52f2934d8ce165
24-05-2026 08:53:38,EdS57vWwHsFTPMIIlGZm,98584593-8dc1-4dca-8eb7-7677e4128ac1,True,c34c1310eab19c87,8e2e127651e9cbde
23-05-2026 11:46:05,INrp480nIMhOfgmwEXsy,1113a92a-5042-4283-8d8b-2f10f1df0f06,True,389da1f3a7c1d8de,91279a646f8ea6ac
26-05-2026 13:09:38,Gz51fmGsuqJ03izbx0x5,c74ef67a-8409-4d83-aca0-c18d0ec62572,True,d4389e820d4f82fa,3bd002cf1fcfa789
06-05-2026 16:25:44,ydh4fnefpJhZeaKbwu5v,117d413f-312e-43af-83bc-d1b180e196f0,True,c9ab51cba10ae1e9,34cbefbc28798720
15-05-2026 01:24:29,9j9e9yxOynlUQfIRu57e,f9f8dc3d-f1e3-4ca5-b9f5-55debd86b3b3,True,b8e78b83a62a0cb7,330949523d665e3b
25-05-2026 21:32:29,FRtX0zJgkPPNmIabrs7Q,58e7342e-045a-4b97-9211-60111fcfac73,True,bb80f878cef35322,04964f8452901231
02-05-2026 17:40:59,lBkhObQSfWMCiZ0B3sjM,93f7da31-6d79-43df-8163-588fb6fdb431,True,6f36a3307488809f,3b1338c1207d1e2e
04-05-2026 21:31:16,ReYY1KLjzqohsAn97NAp,837ba938-e0bd-457b-aa43-e22d2b67050d,False,ec75a53f04901eec,517fc5ca69b652a5
30-05-2026 10:09:01,wflgSdejp9mYRFusEJsM,fa2a26d9-f460-4716-ae36-b9f0e709d084,True,cb4c1290e91970dd,131c7dd8f3ab4b35
30-05-2026 16:59:11,5f1O4gj9XEGu1MYUuG4D,0bff14ad-2228-4f82-8c44-75b36fb6e33a,False,3b1338c1207d1e2e,63d3511e9e857901
13-05-2026 04:33:29,v5cv4lU7MZQyveTscw9z,d8a4ccb8-7ee3-4d20-9b5b-68bd1166ea64,True,18d281edb3671f44,2f2bd7547d602b7a
05-05-2026 08:31:36,jqTYuJskkedJ4m9BtyNj,d24cfa70-0047-4848-9743-3de88f3df90f,True,517fc5ca69b652a5,057c44d337463e07
24-05-2026 08:27:30,7mjf7uYAqi1X95ERaJBm,b71c798c-15cb-47f9-965b-38c0f1c75ade,True,d632e4ce536ec364,552b8d6c350cb13c
15-05-2026 20:49:51,u8HDkXPXeEPWPdz2tO3O,836568c5-841a-4abb-88e9-7bc57c36107a,True,5afe6ceac06784f5,1b1cc9cee9f27003
30-05-2026 18:46:47,cFMhFFyB59cYItlb8Sku,c54dc107-feff-45e2-acdc-e5dc2a40c8ec,True,8e2e127651e9cbde,82a83fc853728306
02-05-2026 04:14:31,3vOFdmLu3JBqztxpygBt,5b875486-e868-45ee-a299-1f1ff268b0a8,False,c6a2d85265d19a41,7f281c8dbac1f799
21-05-2026 06:03:02,nFIDeHuSgBfxcMqCvr3I,c5f23561-17b1-4a2c-b272-2530ad243057,True,6f36a3307488809f,8f8c45c33ff51d0e
15-05-2026 18:51:27,wDTEAwaIKENH4mUEYQgj,1a4cfee8-44a8-4fa7-8f5e-a9b70902d86a,True,bbbe498ee44f6349,91d55d217a2af234
26-05-2026 11:35:35,2HeIpQo2tA1xbCrjVjpx,fe22da87-ee00-4b38-8e4b-acf6a8fde5f3,True,e84878f982129128,ce246387dd078174
26-05-2026 10:30:46,oA3Dblrl4zwyhD3Vqu2p,f5e52e71-c184-4389-9184-24b027fe55eb,True,e84878f982129128,9cbee3c1d7168837
23-05-2026 13:12:40,Dqa0K0yYbjhqnNZe2z2a,58b4efeb-81b0-41a1-9664-0caf9f9de112,False,5e1de20fecf98844,e7eb35b501d57e1f
27-05-2026 14:59:16,1mWdv1ZjhqKNrymAI6vJ,fb734571-5215-4326-922d-a1f2660ed75b,True,c9ab51cba10ae1e9,c6a2d85265d19a41
27-05-2026 01:51:21,b6GlNOnwiVXS0ikQlEiA,f41bbe1d-af53-4aad-9ef8-8dc9bc5ac364,True,18d281edb3671f44,6214b1b462c04096
09-05-2026 21:40:40,7843ksNBimExjqmWkrFE,f6555ade-341f-44a5-8f99-a9b4c9c2cf1c,True,3993ad7e2565b6b0,c837debb39dd1e68
16-05-2026 00:48:39,eFmk8MoNsSOaJBZ89dyw,be09ec03-c752-4f43-8061-52857c124388,True,cb207a93391638cb,2f2bd7547d602b7a
07-05-2026 00:23:12,TMcA2I20FMA7OEamijDi,dffa424b-ce41-45fc-87ae-faf9a272bd7d,False,e84878f982129128,e84878f982129128
10-05-2026 16:53:58,L3IGdDRQJ2FJyjgL1pjv,21ddc51e-8cc0-4d9b-b9b4-c6ea71487050,True,c31244cee16e0c77,cb4c1290e91970dd
11-05-2026 16:34:24,riWcmXR0DlSJCXPKzRJ7,fe8b0911-952b-4924-8d4e-de5f1a7dac75,True,057c44d337463e07,53c682ded6545e06
08-05-2026 20:06:55,0LDfZWUj32pVqPKRXc2K,a1433f22-9be9-4f85-80c0-187ccdc919f6,True,556be8558ce56421,42d576864f9952c7
10-05-2026 17:41:52,kWyYi3sp5GYdB9WLRUd7,8a11c7cf-8f8a-4692-9334-2c5630114b3a,True,18d281edb3671f44,04964f8452901231
16-05-2026 17:36:16,6uThfzyus5wZ9dksfeVt,8cd3af8d-a8a1-44f3-999c-6f3bb3456b33,True,e7eb35b501d57e1f,2618243a251bd83f
08-05-2026 21:36:11,UD8TWZqlBAHsE2yKp8rU,bbaffbd1-27df-4e9d-b26d-0e182c5fed8a,False,da211edc7bac01a0,f7c6682ad24d37f8
01-05-2026 15:11:03,DJd1Tt2mOI3tLaSSGiJu,7a89d963-ec50-477c-8086-236873d75254,False,cb4c1290e91970dd,bc74204126e384ca
13-05-2026 02:28:30,fq6J69yQkyjnz9IvdUG6,d09a6834-f710-434b-8a34-036fd200694a,False,17b4966e9be4d8d8,5a7b6516c51a4d4e
12-05-2026 01:17:13,oL6JL0jHtVVBbhaO0QhL,d6cfd764-bb2b-415d-821d-be6e1c3f9428,False,34cbefbc28798720,ae7ec9246c4649bc
26-05-2026 15:15:52,kdIAmPXBvBRVeg7gG0dj,a2c30d38-28ab-42c2-befc-aaaab0fbecc4,True,9d16533a62ab9315,0e52f2934d8ce165
27-05-2026 16:00:16,D58EK1bHmLMewmQWkNsf,89a71939-3449-4919-baeb-a5a07812eb2a,True,a2fd30e5fa49ad53,3db4e6efff8b7518
03-05-2026 23:49:51,BuBd81diOhdyr9XuIPE7,4a70de67-4c85-4e27-a504-88580efbf9de,False,d632e4ce536ec364,ec75a53f04901eec
08-05-2026 08:43:04,yYItbdVlkj1mOulTXuQE,544b7252-d877-4e0d-85ae-73e0b114d113,False,93279918e60ec274,8e2e127651e9cbde
15-05-2026 07:48:36,vmKLCG1GxPOBF1wTbszT,92a586ff-8fa8-40cb-8724-25715c9e3e82,True,57e17fffc619e182,0f98939ac68105bb
07-05-2026 04:11:11,7o94BBtbTBH7hGfZoz9D,17fc631f-9e71-4fc8-bc41-8ca5b7fc02b4,True,057c44d337463e07,8dc02e5c153f83a3
07-05-2026 17:26:21,Kh26NljuI4QJxrVtuqeV,49245ea9-4788-4e7e-a668-0bff7fb4d60d,True,b572bc65fae8bec1,c31244cee16e0c77
06-05-2026 10:23:56,LOabVr72DYSBsol8KGqr,cf4e879f-d272-40be-8fcb-308bc25a15e7,False,63d3511e9e857901,e9da39984fb29dc6
12-05-2026 19:26:22,wTZchKus9APpv6VIc7qP,67cb8ce8-f1e7-4fcf-a194-8b4a469686b9,False,fb188f553674b4c4,da211edc7bac01a0
30-05-2026 15:37:38,svDAltLFNuySv4NczPuH,fde91a24-318c-4ac5-ab1e-c34e77d79473,False,c6a2d85265d19a41,c0014ea2ee2fdaea
21-05-2026 11:35:25,cRbJ5kpumZOM0k1UYUHw,12713cd9-3dfa-43ca-9e9c-521aac98253a,False,cb207a93391638cb,06bf6a628379e030
07-05-2026 10:20:16,liImgAlsWKEZJXnsuvyX,17c007b0-1707-46da-9a3e-dd2abe6d6f20,True,cbf338d836298cb7,24d6a87b0598b02e
11-05-2026 14:53:45,xi4VScFmjYz1ETPVT1Od,b7c60f36-8524-4130-9c10-c8aaed6d4088,False,91279a646f8ea6ac,3993ad7e2565b6b0
18-05-2026 15:10:29,2IUIxqB4AaPxzhYz5J34,df0745eb-6455-439d-a0af-240620bc693b,False,bb80f878cef35322,17b4966e9be4d8d8
16-05-2026 22:56:07,GdLnft9TxfMjBEcAoWs7,4f609c06-e8dd-432f-9921-acffb96e9a1d,True,3b1338c1207d1e2e,9d16533a62ab9315
10-05-2026 07:07:53,LW7qSmgjnKqXuDogJyJ5,148193e2-5e98-494a-ad03-5a6368fc4dee,True,d57d393b16ba030e,c837debb39dd1e68
08-05-2026 05:10:33,AhkDwGqrKF8fmDy6qTr3,470d8df5-b07f-4e88-b1a5-c09d10f9990a,False,d57d393b16ba030e,06bf6a628379e030
18-05-2026 14:11:51,k9tsCi93OrKP2WXmPfNc,b76a81c5-409a-472c-a7b6-d84cb3d6346d,False,c34c1310eab19c87,3bd002cf1fcfa789
04-05-2026 09:57:04,IihqRBe9Gyvcq87ciZfv,ad21647d-653e-4254-87fe-9e0425038f80,True,cbf338d836298cb7,18d281edb3671f44
03-05-2026 18:55:10,4OiFDnKsQa3x5RbuGvtb,39805cbf-1606-410e-b412-c600def816d8,False,eb39e98aca20e7d3,bbbe498ee44f6349
27-05-2026 14:37:18,ndaB7pGU12nfqfQ27uZY,a71c7ae6-0a0b-46eb-b95c-a6cae206da8b,False,3c58290022ed11b1,06bf6a628379e030
12-05-2026 04:11:38,pSfvkL3oDnfsNvUXI6ul,9bc153e0-16ae-4b67-bccd-6194a528a4d5,True,330949523d665e3b,39a54d73a921b9f6
03-05-2026 05:37:07,dOWyUQqq44HgTNxBIrRk,c429830f-14db-4863-86a5-49f2f49698fc,True,a8c47673d6a4f85c,9d16533a62ab9315
15-05-2026 23:27:13,yIC6mAyK6KxpVyibNqlg,4622cb4c-7335-4c91-add9-73cd12ad28d2,True,6f36a3307488809f,bc74204126e384ca
26-05-2026 21:10:33,oVonQWlmR7ojxKKh8pnF,9d44a7fd-710a-4306-9ec7-7f914fbfe55b,True,3993ad7e2565b6b0,517fc5ca69b652a5
10-05-2026 13:12:22,987wt4zuVmld3FYliGeE,60595207-b7c3-4447-b80b-2459a6b98002,False,517fc5ca69b652a5,ce246387dd078174
18-05-2026 05:48:24,5q1tSWRTbY2hU0ZxCGTq,1815de72-f659-4030-b081-44fdd5ada91c,True,1bd749deaf799034,daf96d2280390dec
25-05-2026 21:22:35,DUEWx3Br9VgozOZ2IKeJ,53341875-31b0-4025-b9f9-a3bea8199110,True,2a339e8954684016,5a7b6516c51a4d4e
20-05-2026 21:17:00,U864l4p8gD76YxC6ZXNJ,480bb42d-4ebf-4f08-959a-eb7e3e59be9b,True,3b1338c1207d1e2e,9d789fd91804129f
19-05-2026 18:57:25,W9A7diNc6OO8FNF649Qh,2ad1218f-8c2f-41f6-b317-907e195e49cb,True,8f8c45c33ff51d0e,552b8d6c350cb13c
20-05-2026 19:46:22,2yzTcKlRzi8KFTMaXeJd,ba4edf13-f6bf-4546-9a88-adaf83213f21,True,d5eb4d757b335d0e,1b38ab967d98cc4e
03-05-2026 11:01:02,xGHclFkkMK40VBuyy7FU,087a4505-72b2-4cc0-af89-322694382891,True,bb4bb9fbcfcc16d1,923d0315f3ae2bb3
22-05-2026 06:19:40,SNR2Gnz5VIPGKQ0gq4VS,48455fab-0a05-4294-9ee1-7ae886a5edb9,False,b30b0b43692b035b,06961ead71f8b1d8
16-05-2026 09:53:28,eNOoiDQiRcixFnlEN2M8,46af6e01-9945-49ba-ba37-9d6ed4621c4f,False,6f36a3307488809f,c51d4eb54f89fec8
22-05-2026 07:55:07,TAFVRKKIs0wNjyFwIArD,860f0e4c-e919-438e-8f21-e2a9e63bb128,True,f7af4712fd6b9108,2618243a251bd83f
12-05-2026 11:10:33,LBhKxwgBRbMZ0xBLvc7e,e0d5ef3e-0d0b-41e6-a49b-a56fbffc8b18,True,5a7b6516c51a4d4e,430f674c6dfe941a
01-05-2026 04:23:54,45wfKSik69KtmQOaiR3J,201373af-1ca0-4d1f-9690-cfae1389d8ad,True,91279a646f8ea6ac,3811390588367f0e
12-05-2026 22:59:32,TYmpiVMxy4b7L9u7MIWU,8e1cb8a5-7f8c-481a-ae8b-9a11c4316f1d,True,17b4966e9be4d8d8,5afe6ceac06784f5
11-05-2026 05:49:47,RdpPzxMLgVyLWrLCbW9b,bc043392-4b0d-42ce-929f-479c87afb6f3,False,bb80f878cef35322,24d6a87b0598b02e
20-05-2026 21:08:14,8xoDg6H8ULrwhRe21qV7,226d93c9-4494-4e2c-b152-df3abafcc817,False,9d16533a62ab9315,c85cdb0ef48d09c8
18-05-2026 19:19:54,RYOWBz9Mo1fF8uisPVgG,a7730bcb-a069-497e-91c9-2e9bfee11728,False,552b8d6c350cb13c,ae7ec9246c4649bc
30-05-2026 17:26:53,5nK0ZvkdrGtLe9bquQn7,53bc9fc4-106b-428d-9516-138c8959d582,True,a8c47673d6a4f85c,0f98939ac68105bb
06-05-2026 22:59:14,hmjlHIOIJgOw1qXCMHmK,c0b7ea13-ece9-4683-a822-8dadd567c684,False,c6a2d85265d19a41,514af2be7dc985d8
06-05-2026 01:04:16,1p5DUd5llGq7mjgnlFpl,821b44bf-13f5-4545-92bf-5586c138a317,False,06bf6a628379e030,42d576864f9952c7
09-05-2026 23:47:20,emx69wMcnqebv9qjkM5e,518faa2d-3d38-4acd-ba8e-1c5557ea9619,False,c51d4eb54f89fec8,53c682ded6545e06
27-05-2026 19:10:10,jpIOwOcbyXRboeIqdfV8,d83b44f4-6995-42ba-87d2-389869e496fd,True,3db4e6efff8b7518,153c202e3cfef4ba
21-05-2026 16:17:24,cQbxvBP9Xr0ue9BxiZtQ,3defc177-356b-4304-9664-438127d2b7ca,True,42ac1a2bf982f79c,8dc02e5c153f83a3
16-05-2026 10:34:29,vxvUNSC1pQA0fpujqPHh,fca8afbc-b7ca-47bf-bb7a-0c746141ab81,False,57e17fffc619e182,430f674c6dfe941a
17-05-2026 06:35:12,rN65SFCD5O0qlTBvH8QC,eee398ea-cda6-4749-9bdc-bbb32c65482b,True,2f2bd7547d602b7a,c0014ea2ee2fdaea
23-05-2026 22:28:33,IZada9aWDUsuMJ4HbIFG,9cb50e1d-4f8d-43d1-add0-afbc56a72b03,False,17b4966e9be4d8d8,1b1cc9cee9f27003
06-05-2026 05:17:02,kC4Q23oAfXl7oEZhx7bV,f78c7b7e-bb50-4242-a9c3-d30769a04579,False,3db4e6efff8b7518,517fc5ca69b652a5
13-05-2026 12:17:55,OucdU3C8DFryvvfF6uaP,656f774b-3dc7-4b7a-adeb-21c5a9601c0f,False,da211edc7bac01a0,75778bdb64d1008e
18-05-2026 01:57:29,6RVEXhWLloBdti96Q8pb,8788cbb8-340e-4dbf-8eff-6b499c1c6d24,False,487b076a69a53671,923d0315f3ae2bb3
24-05-2026 15:48:53,2lUUY5Csarnuz94BpsvU,9768aeba-4eb6-44cc-8b9f-ade8ac60b238,True,9d16533a62ab9315,c6a2d85265d19a41
13-05-2026 19:47:34,UaQHXDaICyrUmkVCxCjT,c34559ea-6d3e-40c6-9ec9-ed28ccabe7fb,True,6f36a3307488809f,de2dde23040292bc
22-05-2026 20:42:25,bKrfuOVVYak5gGN9Fd2Y,2c0b434f-333d-424b-9fb6-c509bf4a7404,True,7d176c63414fcd05,552b8d6c350cb13c
12-05-2026 14:05:34,gFYAbH9DkPqHkbm2IPXS,06ed6512-cff5-4252-b445-2deb7255aaad,True,8dc02e5c153f83a3,91d55d217a2af234
25-05-2026 19:51:50,5sIKsXrRzFkcWg2K6jYC,21f44481-fc80-4f81-9bb5-839926d6cc04,False,f879804e4456e5d4,3cc68b8049eb8d4c
21-05-2026 18:24:32,c24ELPOqJg9FbMc4uTyl,1cf6974a-1df5-4bdb-8616-fcc2e887fb93,True,d632e4ce536ec364,17b4966e9be4d8d8
10-05-2026 12:12:07,667v2mZNCXQilZN2Cnlu,2107f5eb-6c68-4b02-a6f9-e631d37d6c82,True,e9da39984fb29dc6,72ba4e2f87adceb5
29-05-2026 11:17:28,QdNZqDzbtw7JRwCuihW8,23cd8869-7747-4ae6-b911-4f99f517e519,True,72bd2672c948d2cb,8e2e127651e9cbde
11-05-2026 21:11:25,S05jLKeSBGXSZ76SmyY5,3558d627-02c2-45ba-af65-711312807591,False,da211edc7bac01a0,7e8fb26408446272
07-05-2026 00:35:33,3wWcArHg3JuBi5QYBHP6,34ca3a7f-c9a5-4872-90cb-c3425442818d,True,430f674c6dfe941a,53c682ded6545e06
05-05-2026 22:53:51,NwhmSEKsnDxpjGByVek5,10af90ca-9eb1-4c8b-97e2-1b6a5867a0f5,True,923d0315f3ae2bb3,cb207a93391638cb
04-05-2026 00:28:41,wazG2invzNiUIA3ytQLP,aed8238f-5b08-4c1b-b22d-c1a3c45c3f09,False,95744df47936b8c4,04964f8452901231
14-05-2026 05:20:46,XTRElGnnyTCumMoCp7pd,5f81cccf-c37c-465f-a7ca-956a24e28569,True,95744df47936b8c4,4c885efe7bde3ff4
26-05-2026 02:14:42,IA8pLwIBN87dOVw4YrjR,4bab704b-1d39-4573-bfd1-8599f270271e,False,234da97fe615c6b7,1d3db575c4a79d75
25-05-2026 00:44:29,Mdmhopd5EMOP1GUoyjE6,c2344074-9ada-4ac6-93c7-47481b9dd8b2,False,bb4bb9fbcfcc16d1,53c682ded6545e06
13-05-2026 13:22:04,E4A2kwprbdPgWWQGApML,4e5b737b-f4f3-422f-91d4-d14ecbead763,True,f7c6682ad24d37f8,552b8d6c350cb13c
13-05-2026 20:31:19,UROWMvtexGQ3eSwXAPei,995b7d18-02ea-49e0-a052-c151b4359f31,True,7d176c63414fcd05,e9da39984fb29dc6
28-05-2026 12:46:53,UlM3iBFddRPha7D8Ammi,497a37cd-ce4c-4d08-9677-4df7d82f0080,True,e84878f982129128,1d6285f5502cf1f8
25-05-2026 05:03:30,OyqeMQOwQAlpGuz15jon,c9200844-1f7a-4e76-9073-f176da7f3fd5,True,a2fd30e5fa49ad53,d5eb4d757b335d0e
16-05-2026 05:54:28,X5KNmpatHvMFy5l1MRkj,8980a4ad-5e0b-452c-9e2a-f4a895da23eb,True,131c7dd8f3ab4b35,34cbefbc28798720
17-05-2026 00:32:09,ZrelKxZj9xZ6RtSgZFnb,6abe0bd6-78ec-4525-b701-0385dcba7281,True,63d3511e9e857901,f7c6682ad24d37f8
25-05-2026 10:11:49,GPHiZDvGbQM1vzw791QA,9ca913d8-2eef-4095-832c-5ee178f0ab37,True,06bf6a628379e030,556be8558ce56421
22-05-2026 09:54:36,yAuDvDtmv8tLJRhNOhzu,3d7b9478-c4f5-49a0-871d-a36d47239caf,True,234da97fe615c6b7,552b8d6c350cb13c
05-05-2026 02:34:20,eeU2d0xbY7CuFzpbaJf0,78e5b730-075a-4792-9b0a-98f47dcb893f,True,514af2be7dc985d8,d5eb4d757b335d0e
27-05-2026 11:15:56,SsPNY70j3a3IbYgeeL0z,f2f7f5f1-b133-4b7c-bd1d-0b4beaba4fac,True,4c885efe7bde3ff4,8e7f2987241c2818
02-05-2026 09:42:57,e4wK7LML0OB04jWkhvD1,55e95f0a-7bd2-44ee-a231-c0af652a4ffa,False,63d3511e9e857901,6588d11c4a11acb1
06-05-2026 06:45:08,YQ8SsfoHdiHU4GKob9iK,e0674e05-d2e8-416c-992d-77859b3f06a1,True,234da97fe615c6b7,cb207a93391638cb
21-05-2026 23:21:03,vQ9dcpLFwTJq04pA9Q0V,5eb15d4c-53f4-4e24-9aed-55cad86f7581,False,d5eb4d757b335d0e,cb207a93391638cb
16-05-2026 14:21:25,M4qitUAlDi9YozUwoNTG,c02b0949-64d1-4cc7-9124-d69f4fd1e648,True,9d789fd91804129f,867d47425e9cccc7
02-05-2026 01:54:39,fuswOu9BGWVwKiDNBCIs,ce7a949b-669b-4d1e-99f0-7dc5b23c3928,True,8f8c45c33ff51d0e,1b1cc9cee9f27003
26-05-2026 11:13:14,smFcb47HrfL0KqtgPegk,cf984de0-e085-4bd2-b164-a3f8c3310d9f,False,34cbefbc28798720,ce246387dd078174
27-05-2026 07:21:33,Tu8dPFMTF2KlHd1ygHCF,ffc8ec0d-9898-4f97-97b0-cf166d85b246,False,f879804e4456e5d4,487b076a69a53671
09-05-2026 11:29:20,WO0glAbOqNrK9TruPXZL,21445ccb-dc7c-40f3-b8fd-52c45542f425,True,2f2bd7547d602b7a,6f36a3307488809f
12-05-2026 09:00:57,SbaTwpne0cfTlYIwXF0f,f23f30bf-b2cc-4784-b6b9-c51f9ec68056,True,153c202e3cfef4ba,8e2e127651e9cbde
16-05-2026 16:21:45,Tg58U5ycrNdZiormpdyw,585974d5-9746-47c2-9066-7ac1084815c5,False,8dc02e5c153f83a3,3c58290022ed11b1
24-05-2026 18:57:12,f1pmlEdIWbBAexAvHDf6,339586f5-5258-4818-a9fa-76368fdd5bfe,True,cbf338d836298cb7,7e8fb26408446272
22-05-2026 09:21:59,ivc6lVpbOZ1BSz8QMtMm,04cf0d90-3ec2-4c99-963a-092e6fcd2571,False,f7c6682ad24d37f8,95744df47936b8c4
18-05-2026 03:52:43,X3ci3qmwk5i5f7p0YgDz,6cd622fc-67fb-4a4e-9871-6d91f6a6da5c,False,8dc02e5c153f83a3,5e1de20fecf98844
28-05-2026 14:31:57,Jc9V5Dug7qT3UgDOdBxw,946e89ac-fd1b-4fff-9a5c-e315c66f4134,True,72bd2672c948d2cb,daf96d2280390dec
23-05-2026 16:33:57,T6seBtfGiAsIqkMwEu7g,e7b15e15-dd90-4a1e-9362-97f5477719b9,True,6214b1b462c04096,f7af4712fd6b9108
19-05-2026 06:55:40,visUSPRMK04P0D11cjIN,cde09ee8-833b-4c16-ba08-2eb9b967bfcb,True,39a54d73a921b9f6,e1bd0a847e7079be
02-05-2026 09:20:40,Y6bTKROsXXyS1VNZ0fnL,bb7a8d9a-1516-43e2-9eba-cfab6e92f099,True,2f2bd7547d602b7a,7f281c8dbac1f799
01-05-2026 02:11:50,xxw6IGtL4ln1kycJeuFy,b97f402e-bc09-4895-a91d-104a4c24da0e,True,d632e4ce536ec364,7182af742e04dc6d
23-05-2026 15:20:02,KCjFmYJxBEQUWmfMK1vl,a4040aa5-cf75-4905-9959-2f1e991cc71a,True,3811390588367f0e,2a339e8954684016
21-05-2026 12:42:45,ad8uHMEXODh3I25HNqns,ce193a2c-934a-4e89-8e26-c9aa79d293bc,False,e84878f982129128,517fc5ca69b652a5
17-05-2026 07:52:30,giDlvgkMNOIp3orMyvRv,1ce837e2-9f47-4c63-beb6-9cb4232c82d8,True,53c682ded6545e06,552b8d6c350cb13c
04-05-2026 17:38:13,fWi5LwAkM4vAxsVafnTX,88832b0e-0d46-4b06-8e69-f1e1b34070c4,False,d0825fdf3da3660c,ae7ec9246c4649bc
26-05-2026 05:07:49,XhynqTkNDPmjLpbRGrEH,49ec2dd8-5c9d-41e0-aa9a-a9fe562baa61,True,a2fd30e5fa49ad53,3db4e6efff8b7518
28-05-2026 14:56:25,M9a6gqvM6YhfnMohpk8W,4e7ff260-7e55-4e5d-a92f-9855315a4bde,True,3b1338c1207d1e2e,72ba4e2f87adceb5
16-05-2026 17:07:28,Q4thyrSJYTR0LhTaQftz,86bef742-0af7-4fd3-91df-16da03d6565b,True,6f36a3307488809f,514af2be7dc985d8
24-05-2026 21:37:46,tapnqoHN0L6jAvLKs12p,794b9e2b-ee07-4cf5-9d95-03b4c7f38ba9,True,d57d393b16ba030e,1bd749deaf799034
27-05-2026 04:16:13,RjAYyAfBai4nFNf2bniQ,40484f3a-b5a5-4099-897b-71e98c67cab9,False,f7c6682ad24d37f8,eb39e98aca20e7d3
07-05-2026 19:58:34,fqVI0DnHvggnvFR8L2sl,48cb98b0-9116-4f53-935a-e5c85ca0b26c,True,72ba4e2f87adceb5,19a558ecc36977ce
11-05-2026 09:29:15,RM0DktEtjSEStxTJMtEV,68245359-c5d5-439f-8832-231824f6952b,True,153c202e3cfef4ba,f879804e4456e5d4
23-05-2026 17:20:28,upKnSdhQCYprE5HyRPbJ,1bbfc8e2-5215-47d0-8717-c10494f474f2,True,c9ab51cba10ae1e9,c31244cee16e0c77
07-05-2026 10:46:13,loRsT1UoBY8L5zhzqCmW,84482868-0a79-41d1-b470-46d2869a0b69,True,ae7ec9246c4649bc,d4389e820d4f82fa
03-05-2026 05:36:05,GgbTecMSr1xpetpjuvph,1d4be9f4-5d6b-4220-aeff-dc8b49447978,True,487b076a69a53671,d57d393b16ba030e
06-05-2026 11:59:31,AZqwhdibc5hQLBnHdKUU,aae5410e-8109-412f-9270-cdfd91518192,True,c6a2d85265d19a41,153c202e3cfef4ba
23-05-2026 23:09:58,4A7wPQo5N2ntarTN0lRY,05f60696-f1be-4eb2-a6b0-198c84346464,False,91279a646f8ea6ac,e9da39984fb29dc6
12-05-2026 09:19:13,xmPmpYM7KYxtO5N2jA8h,417152e9-ebaf-4652-ab69-31b04a03b966,False,2618243a251bd83f,42ac1a2bf982f79c
28-05-2026 16:47:37,7uphJsDNKiyNl4erKbzR,7089025b-0cd0-430f-a511-ef0e8c1abe3f,True,3bc1bf7fb69f3ba3,ce246387dd078174
08-05-2026 19:34:16,7yzFVQh1qmFTNhoh83yY,10408f12-7567-4fda-adbb-aa873ae34951,True,9d16533a62ab9315,cb207a93391638cb
24-05-2026 15:35:43,3zBbIkiiDbfw6ynROewP,30657ea2-65a7-4869-94da-55f986d13a9c,True,0f98939ac68105bb,7182af742e04dc6d
26-05-2026 09:01:49,2VscBiaGZly9EAhPpOfX,8f59413d-ee6e-4d81-8c9f-fafa08305e8a,True,7d176c63414fcd05,5e1de20fecf98844
10-05-2026 02:37:33,kbLMv9MhkUoqry8HCFXs,b67da8e9-1012-4e4b-9a87-91b8f91cecd1,True,102edb38b5ec347f,3db4e6efff8b7518
18-05-2026 19:07:37,zgA546D7fNDy2zPKiIT9,786b8f26-4bda-4025-8966-758bc261b35f,False,06bf6a628379e030,5afe6ceac06784f5
27-05-2026 13:12:40,d37gFzKkP1kQ77aekxhd,cb2be80c-901a-4556-bbf9-1a293026fe1a,True,fb188f553674b4c4,1791998ac3161359
11-05-2026 02:31:47,1rJciAQ9WmcxiZiakrt3,e78f0156-d669-4629-9932-98a2d0d53d64,True,e9da39984fb29dc6,5afe6ceac06784f5
19-05-2026 10:11:42,SK8oySxjVxEfFZBzkngn,d281f4fc-39bd-453d-af2a-c564c9aad8f7,False,4c885efe7bde3ff4,c837debb39dd1e68
29-05-2026 05:04:47,za1TsZ548o41HODucePt,0f1895fd-e006-426b-be53-99e37780b57d,False,6f36a3307488809f,3993ad7e2565b6b0
01-05-2026 07:58:29,z3XoFqlMJgbYcICNVwIm,d2add0cb-5ccc-4159-9a98-7796096e3137,True,5a7b6516c51a4d4e,0f98939ac68105bb
27-05-2026 16:09:49,W5W0VO0JdsBKOmmqM5ns,5767c1f2-e1e0-4dd1-926e-aaf4e1905c0d,True,72ba4e2f87adceb5,1791998ac3161359
13-05-2026 15:28:35,ZxiJ46wWJuclR8G4Chl0,abe3c4fa-a060-41e9-99f3-5b12338ecf95,True,b572bc65fae8bec1,82a83fc853728306
30-05-2026 13:04:31,BuazCyZwndEHI5PRzxzx,58980ae8-a005-48dc-9667-f109c018f4b3,True,e9da39984fb29dc6,fb188f553674b4c4
19-05-2026 08:30:43,d36Wcs2cTcZ7zJ8op50B,065e3290-2d6d-4170-8dcb-6658d1e0431d,True,8f8c45c33ff51d0e,552b8d6c350cb13c
17-05-2026 11:21:14,c7YdwsIooDVgb6rgTl4q,2550a3a0-90b9-4714-915a-15a585a16282,True,cb4c1290e91970dd,9d16533a62ab9315
08-05-2026 20:30:24,2hj7OVHsGhdIkJLMQSGY,739e39d2-a12c-451d-963b-8f262f634963,False,1bd749deaf799034,24d6a87b0598b02e
13-05-2026 21:25:04,gmMkdUYc0FfK39MWzz2N,456239f9-4926-4179-9b11-50c2effff87e,False,da211edc7bac01a0,d5eb4d757b335d0e
07-05-2026 20:29:19,fTyahzrV3vBAI329ObbB,24694609-8d72-4271-b8f7-0a2685e59746,True,2b95dd3cf28e7c18,3db4e6efff8b7518
24-05-2026 08:09:14,hvylwmO3Zat4xz01skXq,b012b141-1122-427e-af54-1c067fad5269,True,1b1cc9cee9f27003,9d16533a62ab9315
06-05-2026 07:10:23,iA5XQja1LNYjnTTKH3th,46f86ee8-7194-475b-bdeb-94d0a9237221,True,1d6285f5502cf1f8,9d16533a62ab9315
23-05-2026 11:53:36,UhXnr3NaVoDuiYJHenKM,347af0cc-0974-4128-a608-ee9250aef039,False,7f281c8dbac1f799,556be8558ce56421
15-05-2026 03:59:31,sFDpQyCd9PknAbenQzd8,f1f345fb-8b7f-4579-bde4-401ce3cf399c,True,53c682ded6545e06,24d6a87b0598b02e
18-05-2026 16:30:53,LsaJwvYkBm725b0Ogexu,2ad0874c-668d-485b-b822-cc0a3f17c552,True,d5eb4d757b335d0e,cbf338d836298cb7
05-05-2026 07:03:18,FI08FjcZjU9hNzhNHTdz,c7f75134-9c2a-4b69-920e-ef7aabc9f26c,True,d632e4ce536ec364,42ac1a2bf982f79c
08-05-2026 01:33:56,T9NRvehxizwyVkdc3opA,98caf315-0c59-4757-8783-e8942a18d6cd,True,514af2be7dc985d8,3811390588367f0e
30-05-2026 02:24:21,uOklEd6ZnWUqXD6GHcQk,879e80d5-b93d-403b-a7c5-812d73e9729c,True,64a94f9052422a0c,574582321d04df00
28-05-2026 20:17:51,RWX9Gnujqb4B1pMiEbbZ,7c478da5-36b8-4dbe-8c21-a7c2fce6f13a,True,5e1de20fecf98844,2618243a251bd83f
03-05-2026 13:48:01,wvL5wMCIiP1BerFFSFib,642fe60c-b248-49dc-b093-6837e4d5ffae,True,f879804e4456e5d4,d4389e820d4f82fa
14-05-2026 01:01:24,5SQFWTGQQIlVM7MbSQku,dc9cada5-78e2-4842-a7ce-837dd7f17b9f,True,3b1338c1207d1e2e,0f98939ac68105bb
02-05-2026 19:33:50,AL4sY6yA3cTjHn45PpNL,5418a3c6-4bd0-4845-8138-b4303f74b710,True,42d576864f9952c7,8dc02e5c153f83a3
11-05-2026 14:03:12,nIL1ZSFQqcyDrKZtJbkK,b3a43ec8-e7ee-47a0-9459-3f978825c84e,False,2f2bd7547d602b7a,ae7ec9246c4649bc
01-05-2026 03:07:24,1E23zRj2jjLUDs8z1jEe,85bb52c6-ff82-4bdf-97fd-a6fa3c698cef,True,c7f34dc43387f858,6588d11c4a11acb1
09-05-2026 13:14:15,XsVi66rd4V83CZct3XQL,c0a543e9-1fe4-43f1-8e05-7ff9033d6ebd,True,cbf338d836298cb7,daf96d2280390dec
28-05-2026 00:51:15,RDVcKiQL4dA7beGD4ipC,05b3b8e6-130e-42cc-a868-31ac4e65b9a0,True,3cc68b8049eb8d4c,8e7f2987241c2818
07-05-2026 12:12:01,xBYXUlDfH12hfIynOl3e,ccf8e919-4997-46e5-92ba-8dd2f11f3319,False,fb188f553674b4c4,1bd749deaf799034
03-05-2026 12:39:51,iSGLbZN13iipWc9xNIWP,7e59a2b8-0786-4d79-a8ea-41b1814b6ce9,True,4c885efe7bde3ff4,6214b1b462c04096
12-05-2026 03:18:17,A95tb03fpleajPedFgwg,f7c4313e-6c02-408d-897b-015547c21ca7,True,c51d4eb54f89fec8,9d16533a62ab9315
21-05-2026 02:34:31,6HUxmM8MrYXgl2YmUYkI,4f8619ee-4015-432c-8adf-6d621a97249f,True,153c202e3cfef4ba,3c58290022ed11b1
05-05-2026 08:14:01,KUMrW1CaS8bkUPuAGhaJ,be0888e3-0e57-44c4-8929-0965cfab588f,False,42d576864f9952c7,bbbe498ee44f6349
27-05-2026 20:51:30,TctBnwdKmbpRS3A6NchI,866a3234-63ee-4d19-93bf-6d743674588f,False,8dc02e5c153f83a3,c34c1310eab19c87
22-05-2026 07:56:15,uQ6RkuAh2oBQ5Ay8ykhw,3dc2bfa6-a195-4f5c-911b-2fb5ad739036,True,13db178cd9a1e37a,b30b0b43692b035b
18-05-2026 04:53:13,7NOAIOnVieGd32rF4IPl,12e9c248-7e0b-45ce-af85-a1e19ea104fc,False,34cbefbc28798720,a8c47673d6a4f85c
12-05-2026 03:03:01,Z1wluzvKEULoGQoa4GKJ,c13192be-463b-41d6-930e-1fb2200b2649,False,42d576864f9952c7,ec75a53f04901eec
22-05-2026 22:24:36,d1m35ykgxwMIU6tdgK5Z,1929398c-a825-470e-ae15-608cf3d04f61,False,04964f8452901231,389da1f3a7c1d8de
30-05-2026 09:27:04,jGLE0zbkblSaakea83g2,918b33a0-71c3-4492-b9a9-4d4c3bf1227f,True,c837debb39dd1e68,1791998ac3161359
06-05-2026 11:28:37,Ptz7FQzV1af8XrjDRMyw,604a767b-cdff-435a-afc5-f042c4189bc9,True,72ba4e2f87adceb5,91d55d217a2af234
15-05-2026 13:12:53,IOpyPzx04b8pamvuxLWB,e9730026-d910-4146-9c24-7d5ee08bffb3,True,bc74204126e384ca,bb80f878cef35322
23-05-2026 12:40:49,RHWN6ZWGEMru3AD8EBvS,ab6b35c5-6a6f-4e6e-a974-dce9b7f22ead,True,57e17fffc619e182,f7af4712fd6b9108
05-05-2026 21:39:06,7OcujSZOapD4teyIGsA4,e07a7592-d433-4a71-af46-5379b04a92f8,True,c9ab51cba10ae1e9,cbf338d836298cb7
09-05-2026 03:53:01,4dZvEOtdzNrad7gxBg3r,d26c4d00-0ed0-4415-957a-eed5c0cea018,False,eb39e98aca20e7d3,3b1338c1207d1e2e
09-05-2026 11:24:32,i3cAMk5gEYN6gDuGxUzc,037e4490-ffb2-4f04-bf88-fcd837c718b1,True,75778bdb64d1008e,c51d4eb54f89fec8
02-05-2026 18:34:19,EeeYaKoYrhivMr7Qwift,d389fb2a-18b3-429f-a606-b126d77f00ab,False,cb4c1290e91970dd,234da97fe615c6b7
05-05-2026 07:12:53,wqpYLf8I5hSSYBVpdQl1,0237f7e1-df11-439a-9b9e-d35c7c2a2e1e,True,cb4c1290e91970dd,3db4e6efff8b7518
18-05-2026 04:32:32,eQD2Qpopf0ecrtF3CsYk,6c505d7a-0814-4a11-ac20-cd5350187d62,False,234da97fe615c6b7,1d6285f5502cf1f8
21-05-2026 16:02:07,zi8xC0KGqbPh50ZUWjg0,58e5918a-95dc-48a8-a8a3-6206349bcf08,True,04964f8452901231,cb4c1290e91970dd
12-05-2026 22:06:23,pa3h0rawATYWo4ftOIvE,fad16ee6-f3ee-42ce-83a9-13c429db01fe,False,57e7d972b508815d,e1bd0a847e7079be
07-05-2026 19:33:45,jEJP0pj6RMyCGCqIMf1Y,785d9580-0a5e-46c2-ba34-02bf65bbeb8e,False,c0014ea2ee2fdaea,b572bc65fae8bec1
24-05-2026 13:31:00,KKru0QAYAO6aCoTRS8X8,29178919-03ec-471c-92e3-e8bd69b90e95,True,24d6a87b0598b02e,5afe6ceac06784f5
29-05-2026 21:15:26,u3GjQb9vyhJK7dVOK0pl,8fcfda2c-d9b1-4470-b606-5fe81a819169,True,95744df47936b8c4,057c44d337463e07
14-05-2026 02:29:08,KX0PASKTiHfwmR5QZj7r,071fd818-1d0e-40e7-a9b2-94d1d8bc175a,False,8e7f2987241c2818,1b38ab967d98cc4e
06-05-2026 01:28:13,SuG8GM75OKMdxWPNykEm,bdcb59b4-1769-4f37-b904-a3a1fd318d19,True,e8c9832b5c388bb5,389da1f3a7c1d8de
16-05-2026 09:56:15,onunulMpC6RmSL9eY1IE,1fb1e990-1581-420a-85de-facaa9e3acf2,True,f7c6682ad24d37f8,ec75a53f04901eec
24-05-2026 08:47:32,aFX8i9aYHdHEevK9WD0T,63c13abd-b578-489a-ae45-72d663793c7f,False,42ac1a2bf982f79c,17b4966e9be4d8d8
17-05-2026 09:06:38,p0JSv24QIOBNrGxZ8jj7,53ef61e9-db8a-4ab5-902d-e25c0c615a39,False,d632e4ce536ec364,d4389e820d4f82fa
08-05-2026 17:21:03,FcwmRmqOSeh1WIti4Dwy,642cf161-df2e-4588-a795-ddb4c4006c2c,True,34cbefbc28798720,19a558ecc36977ce
19-05-2026 23:26:12,fcKb67Rui3nv6GaJhwHL,8413da1b-f376-47a2-a3d5-053864518760,True,d57d393b16ba030e,55b620d8c0ab41e0
30-05-2026 14:49:05,IVjgElejPsSwWDlDtHZ3,0e7f9f56-6f44-4aed-a39f-781715943ee0,True,867d47425e9cccc7,eb39e98aca20e7d3
27-05-2026 12:31:58,QqyK9j22oA3V4h94o2bW,5d47bb95-5b8d-4e42-9c7b-cfcee28914d4,True,34cbefbc28798720,2b95dd3cf28e7c18
21-05-2026 18:39:36,mwftyMg83FvLkj1LxfUx,2591645c-710b-4d58-a062-89e550c2a766,True,556be8558ce56421,3811390588367f0e
05-05-2026 17:41:35,g2wJNWFRfTQ4oOgUebRM,2a2d77dd-9aad-44ed-90cc-7a3b900d44ad,True,6214b1b462c04096,9d789fd91804129f
26-05-2026 18:27:47,m6e9QjIXU1WHaTCFQRCe,336b86a8-14f1-4f90-ba07-2ad47085d755,False,923d0315f3ae2bb3,517fc5ca69b652a5
06-05-2026 13:06:38,R2MsQvD0UurNx54L01Ak,b3513c39-bc6f-48f6-a205-24193553e4bf,True,93279918e60ec274,c51d4eb54f89fec8
03-05-2026 22:41:14,PrT1OGClut9QbSGAxWax,14e9d46d-b5f9-435e-b90e-81dec6feaea4,False,cb207a93391638cb,552b8d6c350cb13c
10-05-2026 15:56:02,1vO56Zy2MWC2lfrTWpGE,affa77b1-4981-490e-b570-feecb04de8bb,True,f7af4712fd6b9108,1d6285f5502cf1f8
07-05-2026 18:29:05,PjzRgKXMMgjVXBqlVBNz,5fc1b20b-4dd2-4922-a3e5-43fabcd0bc0b,True,c85cdb0ef48d09c8,d4389e820d4f82fa
16-05-2026 11:11:48,8lAO4phoFFA2UfDNvPov,a4429eb3-aa23-4bdd-af6e-e3209e760899,False,57e7d972b508815d,923d0315f3ae2bb3
05-05-2026 21:56:50,93dIYl6Dm1Nrn36f1FDP,444c4b62-2361-4a52-9cf7-01155323c51a,True,923d0315f3ae2bb3,c31244cee16e0c77
12-05-2026 19:17:53,Z2I0bvOysbu0IVf99ISL,20971fd7-72d8-4cae-9e5a-a09db4997c2e,False,330949523d665e3b,867d47425e9cccc7
12-05-2026 01:18:34,bP5TiHTZb2FxnUkg0i9a,20817424-4fbf-4021-aad0-57aecb4dc8d9,False,9d16533a62ab9315,8f8c45c33ff51d0e
28-05-2026 01:52:29,iy5shInYQwkVuAiSdrC4,08c9f30f-0688-4300-a102-bbc800ff0062,True,7d176c63414fcd05,2b95dd3cf28e7c18
09-05-2026 23:35:17,QTsGlgRF0nkYe0yz5t9O,81802df3-f286-4b1f-b3fa-e7a75800e8ac,True,cb207a93391638cb,75778bdb64d1008e
30-05-2026 21:44:26,3CAbfxS0qJRdqflUXTUN,11bff324-e55d-4c31-b437-bfb1c73f474e,True,574582321d04df00,430f674c6dfe941a
06-05-2026 03:11:58,1wi7vqWezxMeuZpx0YcM,bf84c2ad-a856-4679-ad9d-680fedbf6411,False,0e52f2934d8ce165,eb39e98aca20e7d3
09-05-2026 10:10:42,SF9wxkewISyAFFs5Nitn,38016905-2991-4624-a871-233a45915a01,True,b572bc65fae8bec1,3bc1bf7fb69f3ba3
23-05-2026 23:29:02,OFEOXR1GpoNJXYB9eweG,e4ac50b8-96ac-4b7c-b0aa-781ba03eca2b,True,0f98939ac68105bb,04964f8452901231
05-05-2026 07:57:03,6Wni6Aii2vbyIAKTHQaw,79baee43-f1b6-400b-bcaf-c3a01fe87437,True,c34c1310eab19c87,04964f8452901231
21-05-2026 06:45:02,1baQ2jhKl6Di9VC6Yl8M,c7caf3d8-cf00-4b63-970c-42d1a92bb2c2,True,57e17fffc619e182,556be8558ce56421
05-05-2026 13:15:45,wTRpGcYwuOt3JV4frOW2,65615f45-db13-442c-a7c0-bb12b6450afd,True,3db4e6efff8b7518,e9da39984fb29dc6
23-05-2026 08:04:09,v3z4HFvaKs4z3WvNOyQm,64e39a2e-6266-4810-9004-4e54f6102ccb,True,42ac1a2bf982f79c,55b620d8c0ab41e0
12-05-2026 15:45:09,2CqgxZ9mobZqNNioeZAi,54c0be48-4fa9-44b1-b374-d18ad1074ded,True,6f36a3307488809f,430f674c6dfe941a
06-05-2026 07:43:03,vyS6iGOaaMdQ2syhPLd7,2c40382b-381d-4f99-8a13-bd1e1031eb92,True,102edb38b5ec347f,f879804e4456e5d4
02-05-2026 16:39:41,pSbM1aPRGDyEvh3g7g29,261a1a54-a6fc-4eae-8033-60fd0f62e3e5,False,234da97fe615c6b7,3bd002cf1fcfa789
13-05-2026 23:21:57,EVEjBKlDCpnhihIUt4Ey,432d568f-07dc-4b3d-8b28-6f5263bc9c36,True,de2dde23040292bc,0f98939ac68105bb
27-05-2026 20:24:04,B4YGCDaCOQSTOptJ7nqY,b2594db3-0fa9-40bf-9bd3-f48100610de2,True,eb39e98aca20e7d3,1b38ab967d98cc4e
19-05-2026 12:31:24,ASlEkgOxiMAlWmB55seE,94e61632-264a-42cb-855b-67788a143ff2,True,c7f34dc43387f858,9d16533a62ab9315
24-05-2026 13:42:43,UYP9oNWAXpHCnXQaDkfy,9717cddf-593a-484c-aece-ffaa5d83a760,True,3cc68b8049eb8d4c,e1bd0a847e7079be
04-05-2026 18:23:28,bonesUPdb3vyjvPocOlA,fc268499-0e35-4535-8a1b-027090a1bea8,True,8e2e127651e9cbde,e7eb35b501d57e1f
17-05-2026 20:50:48,XPoDMQ5LA8Lm232sqMq7,90066f3e-ebf7-46eb-ac91-e2bbe80f5468,True,b572bc65fae8bec1,bb80f878cef35322
04-05-2026 22:50:52,CtLZ7gPinZAAdIXeUoRt,652dcd86-e624-4f40-9346-f2381c2c8ddf,False,ae7ec9246c4649bc,eb39e98aca20e7d3
17-05-2026 15:38:23,LHOGXisXLl3V1bCjGLKO,71421417-9e45-42bc-9fd6-b38343ac1c1c,False,57e7d972b508815d,c85cdb0ef48d09c8
26-05-2026 18:07:15,7tka0mqaHPLPxKCim4UE,fb0cb3b1-0ea8-457b-a359-bfaf122b184e,True,556be8558ce56421,91279a646f8ea6ac
10-05-2026 21:00:57,g1CSWv04y7YtlPKQ16FM,078c0f83-0041-45c9-a42b-6d86f1b41551,True,2f2bd7547d602b7a,72ba4e2f87adceb5
27-05-2026 02:31:54,sss16SWvmpn2wAbeatBl,1c634b6b-75b7-431e-aef5-1e27279dd335,True,93279918e60ec274,c0014ea2ee2fdaea
21-05-2026 03:17:06,JYABJCe0HHgxjhL6QGCW,c35c6104-7c9a-45f3-9385-7d9148865af6,True,b30b0b43692b035b,923d0315f3ae2bb3
03-05-2026 00:11:21,FCXDw40yy9M2AbhKfMSK,6d7833d1-1f5d-4ed1-aa3f-e05636015179,False,102edb38b5ec347f,5a7b6516c51a4d4e
15-05-2026 12:23:28,VPihTXnfnjTLjp9Gtij6,5166f8d7-f7dd-49f8-ab67-2ec92a18a97f,True,234da97fe615c6b7,ae7ec9246c4649bc
08-05-2026 02:52:20,UpP9i5SK1HCGpu43sktr,20fa3617-8190-4eb2-974b-a4f1436ce516,True,82a83fc853728306,7182af742e04dc6d
21-05-2026 12:11:43,ZxZKij564BRa1GD3oKWa,7709e660-98a8-4d20-ad16-dc4f6188ac5e,True,f879804e4456e5d4,24d6a87b0598b02e
12-05-2026 11:11:41,tGcPv07Pdrf0DNxZmI7A,9a9f7f1f-b37c-4146-8979-7b481d0d015a,True,5311a0642c2564ad,ec75a53f04901eec
01-05-2026 05:16:02,5wHMoZ9kmPRcnJ3Vu1lX,577d1ad0-f347-484c-a5e5-acc292e96350,True,9cbee3c1d7168837,e8c9832b5c388bb5
06-05-2026 12:39:33,hlGZwSqiMy4fvTLRNVem,dc9f72a6-fe78-40c5-baa7-7e3c98272cfa,False,55b620d8c0ab41e0,e1bd0a847e7079be
30-05-2026 23:36:00,PgHwyP0TqD3BL3JQAdB2,4f2e6695-8a8b-4198-bb1b-9769f1bf0571,True,2a339e8954684016,3bd002cf1fcfa789
29-05-2026 00:08:03,F5TsNqSyfsA3KvhA9i2J,d043c007-7f0e-4484-bb9c-4a101ba478c8,False,9d789fd91804129f,d57d393b16ba030e
30-05-2026 19:00:07,5jA0vXzSaeH4wCUuPaJc,ccb83189-ea30-4730-95e4-0db336e8d149,True,1d6285f5502cf1f8,f7af4712fd6b9108
17-05-2026 00:54:49,XBNzhJo73QZcXA44EbUM,3f7b9a5f-a2cb-48a6-a617-987cb7f6616d,True,1791998ac3161359,e8c9832b5c388bb5
06-05-2026 04:40:41,sieBdnLevxzx0PmD2DIh,4db65071-178c-4bfc-ae41-bab8b72cd288,True,2a339e8954684016,3993ad7e2565b6b0
04-05-2026 04:35:43,lAN8iDiL21M4OXVsevJ0,7ac48bb5-21d5-4610-8b6e-43f170d6fdf0,False,3811390588367f0e,3cc68b8049eb8d4c
21-05-2026 20:29:53,wXsngBwkdsuGyyEObOVf,dbfd2f0b-6a8b-4995-8feb-2bb3051e15c2,False,0f98939ac68105bb,d57d393b16ba030e
03-05-2026 02:33:41,F329cmobPokC7OmLbUi2,853f6634-046b-47cf-bb37-574ef71598be,True,0f98939ac68105bb,923d0315f3ae2bb3
01-05-2026 07:00:18,NI3Ek1qm1wlUldhfHav0,ced7785b-155d-42aa-aaaa-c2c8550878a4,True,7d176c63414fcd05,72ba4e2f87adceb5
14-05-2026 17:50:10,XEdBc0h6Y9EZjzdEemTV,6962e848-3b79-4745-ae01-f990d7cfb272,True,389da1f3a7c1d8de,a8c47673d6a4f85c
07-05-2026 12:10:13,Ee7sjqyCGXW6fuZyfsZZ,9b15efba-7304-426f-8c79-296ed032fc17,True,c34c1310eab19c87,2a339e8954684016
09-05-2026 02:59:59,0xVmDdzAXOtkdUuTp571,d08d8e74-9de4-4ac8-b1d9-935e956227f1,False,6588d11c4a11acb1,3811390588367f0e
06-05-2026 14:44:56,PtTJovbTbFNtLiSvtPJR,acbe3293-37ec-48e8-a72a-6bb306908274,True,2618243a251bd83f,0e52f2934d8ce165
14-05-2026 16:16:56,dEJoYGTzgqUg9HoKSLQg,77ba9bd5-5d51-4f05-9359-979f8fc9c813,True,556be8558ce56421,7e8fb26408446272
10-05-2026 18:25:20,4sY69fofDdo1rZRjM6o9,896d0321-3723-402c-b9f3-158400427138,True,42ac1a2bf982f79c,13db178cd9a1e37a
15-05-2026 17:16:10,8JmDYwFHNiOqEnPwpTnC,8782331b-119e-4230-9acb-c98733fdba06,True,3cc68b8049eb8d4c,e84878f982129128
11-05-2026 21:22:53,9sHMT2DbLhTIAi6aoNKh,ad7d6f2c-6085-4a9a-870b-c2b80fbb14fc,True,72ba4e2f87adceb5,c51d4eb54f89fec8
09-05-2026 13:19:38,4X4K3ZjnddW6qG7qiEcj,68e246bd-119a-47d5-9296-874506303144,True,9d16533a62ab9315,d0825fdf3da3660c
29-05-2026 22:35:41,ePVES6ToPNL9ZSW8UfIJ,16295a4a-0e06-4964-9444-dccb09e2a1e9,True,1d3db575c4a79d75,d57d393b16ba030e
13-05-2026 02:08:12,ruxtBrKNKryxPDI94flg,69334095-9aef-4e07-a294-52736ea0dc63,True,e9da39984fb29dc6,057c44d337463e07
27-05-2026 13:33:37,x82oeZWgBPTHvR0M3w8y,fd73c9c2-b49e-4824-8bea-5ccbc25cea5c,True,6214b1b462c04096,552b8d6c350cb13c
29-05-2026 17:19:13,uth3mZ4jO4SNtBMh58EW,30e433b4-e5ce-4f8b-9745-62b45211a828,False,0f98939ac68105bb,eb39e98aca20e7d3
05-05-2026 01:24:32,L5QKcAhaHceGT5xNOqNp,877e81f3-db48-41af-abee-4bb42e01a7d1,True,556be8558ce56421,75778bdb64d1008e
18-05-2026 04:40:20,OphUeFZIMpvxHEYfBwDl,2777c8bb-163f-47ae-b1ac-f7627f303f1e,False,f7c6682ad24d37f8,430f674c6dfe941a
14-05-2026 08:44:16,wQZ6L7jYuXnz6lch7Qer,d4ce81f8-5020-460f-a9ea-4914d7317fc4,True,1b1cc9cee9f27003,517fc5ca69b652a5
16-05-2026 15:00:29,Wapjky2xEaKYkQ6I4b0H,983d2236-2b98-4640-9103-785a2d7b8043,True,3db4e6efff8b7518,18d281edb3671f44
17-05-2026 22:09:18,zUzoIYKFtkF9bKKGRYlH,a92b98e5-a372-4e0d-9317-95f075e8a7a7,True,e1bd0a847e7079be,d4389e820d4f82fa
09-05-2026 02:29:32,YWMh2fW4r1oDlzkDvnuP,c3f93a59-71b1-4f6f-9228-303302b4dccc,False,430f674c6dfe941a,bc74204126e384ca
04-05-2026 20:36:56,HUYzwarVdFpH5Gem9fhM,95a1fea8-fab9-4945-8896-04a57c603bb6,True,5e1de20fecf98844,daf96d2280390dec
06-05-2026 00:06:52,S6YNi00DVXMXkWHE1Ej3,55b42e12-d2af-4e74-9fbe-f72333ba2471,True,bbbe498ee44f6349,1d3db575c4a79d75
25-05-2026 02:06:53,kCg2Dxl2xjQmxy0ieq9j,6a577a61-64de-4a78-9e11-950a1ef4b483,False,bb4bb9fbcfcc16d1,13db178cd9a1e37a
28-05-2026 07:56:42,EtmUa0uIBRyw5Fonf0dE,c98f2766-36ce-4e5b-9fc4-bfeb6058fdf2,True,e9da39984fb29dc6,72ba4e2f87adceb5
19-05-2026 12:26:14,ejcnnBJuX3JRT88iPkgS,04820ef9-5c38-4c07-b134-93ac5492a53d,True,6f36a3307488809f,93279918e60ec274
17-05-2026 01:12:01,KAAcYFl7EGBZ1nPVxyNZ,8fb4fb97-13b0-48d1-ae1c-e7f4dbff8ef5,False,e84878f982129128,1bd749deaf799034
21-05-2026 11:23:25,rAVfzIU4t18BVcN9lqKq,0ade35a0-1c16-46de-a7f9-ddcbb2330827,True,cb4c1290e91970dd,3db4e6efff8b7518
16-05-2026 13:14:28,EVJyQJudDESW50fgs1dH,87f90fd6-f6b7-45f2-a0f1-92029ef1bacb,True,c85cdb0ef48d09c8,57e17fffc619e182
16-05-2026 14:10:51,uy3Wh0RejygGGNgt8Lsi,2ed1afb1-49ea-4d8b-94f6-bc0b1a9a6561,True,57e7d972b508815d,c6a2d85265d19a41
15-05-2026 01:48:32,YTvnewElwNYhXYS5agLs,959bf9b8-f8c1-4239-bac9-f2885f5b3e25,False,95744df47936b8c4,95744df47936b8c4
04-05-2026 17:30:58,r3xs3aHZkKaHti49Vz4q,a306fb51-8df7-4ee5-91fa-6b28e51a4b57,False,c0014ea2ee2fdaea,55b620d8c0ab41e0
07-05-2026 14:06:57,KdJnQUplOBSudtZRWJt4,6abdae83-9a56-4a9c-b603-a8a5eb6701ec,True,6f36a3307488809f,63d3511e9e857901
21-05-2026 17:04:45,kjvdWRvTptzCGzEAzRvC,8a9e4cda-bc12-4696-8996-1ed672443e5e,True,2f2bd7547d602b7a,de2dde23040292bc
21-05-2026 23:43:15,AWtOkqDeDhLV1jfmHcLD,41cce11c-c050-4dd5-a956-338ad489efdd,False,55b620d8c0ab41e0,057c44d337463e07
02-05-2026 18:43:54,ejxwomV8pNdVLS5iy1G2,0aab45cb-b1a5-4781-8f2f-6eae2b08e0d6,True,8f8c45c33ff51d0e,da211edc7bac01a0
21-05-2026 07:02:46,nfiLjRPCA788nfLHZ0Xp,4baa176a-cbb8-428a-816c-12f8cefd1272,True,057c44d337463e07,bb4bb9fbcfcc16d1
03-05-2026 20:14:23,WrTaZFXAq7T28XOnkiDb,0358d147-9ebd-4f15-98ab-2cb9e2194c1c,True,5afe6ceac06784f5,2618243a251bd83f
15-05-2026 07:09:27,Td1NZNP3z1g6qMkMi2G5,b8f555c9-efef-40de-92d0-9b42bac4f25c,True,3b1338c1207d1e2e,c9ab51cba10ae1e9
06-05-2026 00:01:56,lPPyhNmNPGNdT9ZyCffj,5cfd5888-487c-4139-a29d-d0b4de3b925f,True,4c885efe7bde3ff4,da211edc7bac01a0
22-05-2026 10:35:28,qzOhShQGzscFh07Nl9Cn,3a6f20a1-255a-4c61-9dc1-7152f4053fac,False,e84878f982129128,bbbe498ee44f6349
13-05-2026 17:41:41,8HsZBfb9DBw9dbdR9TX0,46211e3a-2658-45d2-a514-20f5563c1585,False,f7c6682ad24d37f8,75778bdb64d1008e
02-05-2026 02:01:24,fENq5ddQ5xi2QeUUxIe6,321267cf-e68c-4bef-9ac8-e8aedb708be9,False,552b8d6c350cb13c,5a7b6516c51a4d4e
04-05-2026 17:15:44,s8eYesR23xDUCgDwMWin,4ed20b85-02ca-4e7a-8230-d8ae9c6156f4,True,fb188f553674b4c4,a8c47673d6a4f85c
29-05-2026 12:29:19,gTPFwr2W7i7mwdzvD8R6,5455111a-6724-452f-b10e-90caf46c70bc,True,d632e4ce536ec364,a2fd30e5fa49ad53
01-05-2026 02:30:36,r8glIAuOIX6SVeW9udsJ,6b0ac32e-c482-4d10-b8c4-4169012f3082,True,e9da39984fb29dc6,6588d11c4a11acb1
29-05-2026 05:44:12,JUDVsKpl4XyJTWP4b66N,8600332d-2896-4d8f-ac54-1d8ab24aa94c,False,e1bd0a847e7079be,7182af742e04dc6d
09-05-2026 15:13:52,bv68U4RzY59SFZ7MbN0L,78337783-7649-4efc-83c6-c6d6fb79ba52,True,7e8fb26408446272,bbbe498ee44f6349
23-05-2026 17:58:42,XnFdhwXGtBfkXno0TZjy,549b0b51-354c-4b86-9c8f-5c2ad4aad57c,True,c837debb39dd1e68,556be8558ce56421
25-05-2026 01:39:27,lZc0OImdaLbP5YKw85Qc,a69b5ac5-3c42-4bb8-984d-d02a6efe33b5,False,c0014ea2ee2fdaea,f879804e4456e5d4
11-05-2026 20:33:14,RfJneA5fbOwLeT9CcUfq,822a3924-9a47-4b28-bf91-89a684401e6b,True,c6a2d85265d19a41,04964f8452901231
30-05-2026 16:45:27,tPmJsqTigoQHem6PdjY6,1ac45a16-2a33-4f26-808b-dac725392416,False,3bc1bf7fb69f3ba3,91d55d217a2af234
02-05-2026 14:41:41,w2rHxYt7AIrGOzsoGRg7,0b7207e2-4a04-4f26-9b9e-058132c989dc,True,63d3511e9e857901,93279918e60ec274
05-05-2026 21:18:20,KYlceud9upszG9RtPDc1,e05a6921-1b8e-47d1-9df7-e61c388fd4fd,True,63d3511e9e857901,d57d393b16ba030e
23-05-2026 14:23:27,1vBNsQRhpLHZTJuaIe6W,aae9a38c-bf41-491d-b439-4002a16008e6,True,cbf338d836298cb7,ec75a53f04901eec
28-05-2026 08:10:37,MrsVaarqDN9wpWT0K4Mk,95ccdf52-e04d-4989-801a-929b3edcdaff,True,6588d11c4a11acb1,91279a646f8ea6ac
15-05-2026 20:11:53,fXnMP5lN7XqAof1iKT52,ddd00c43-c529-45e1-83c1-f1cb22340443,True,487b076a69a53671,c837debb39dd1e68
17-05-2026 00:00:40,BNLaRzkRG5LKZ9LGssH7,b29ad3c7-b02b-4236-b062-7194f2867e77,True,91d55d217a2af234,63d3511e9e857901
24-05-2026 07:02:57,218bNYujqZBuEjy0uIhw,9bfeb412-2efa-4c67-a141-ff33faa34d7c,False,e8c9832b5c388bb5,06961ead71f8b1d8
18-05-2026 12:12:13,Jh5MzM9mcTJut2w5Gzxc,cb83946f-7f05-4d34-94ed-389f9b53bf02,True,3993ad7e2565b6b0,8e7f2987241c2818
05-05-2026 04:57:33,Vjg4pX1FdG3xhTUXryRU,9fbd7118-fd5c-43a3-aa23-f01e779ea40e,True,7f281c8dbac1f799,5e1de20fecf98844
15-05-2026 14:55:49,q6RFlTpAfwYj5XgMR42T,03e8327c-e0c6-4254-88e5-99a2a2c87004,False,487b076a69a53671,c0014ea2ee2fdaea
14-05-2026 19:34:24,wG87UyHoDeXf1inZ45q1,0735e613-a692-412e-9059-9dbe712792aa,True,5afe6ceac06784f5,e1bd0a847e7079be
27-05-2026 07:47:45,rdQTA92eqqJ9UscOIu07,88f1d302-e3eb-4610-be01-94d8da726547,True,95744df47936b8c4,153c202e3cfef4ba
16-05-2026 19:38:02,pgDcMBv3zUCCL7m6Ni0O,0190dee8-0f33-40a7-8173-d003883772b7,True,8e7f2987241c2818,4c885efe7bde3ff4
03-05-2026 15:50:03,v7iKpMOGiX9ifvNDENn7,4eb8e4a2-4cd6-44ec-8f36-ba1984a13aad,True,72ba4e2f87adceb5,3993ad7e2565b6b0
26-05-2026 03:08:09,d9UZTCofkpq0qYjlXSMT,ee2a6c1f-cb17-46cb-a82d-b13c526317a0,True,3c58290022ed11b1,3b1338c1207d1e2e
12-05-2026 23:14:17,w1TXu39zymoLJDFFgsTZ,0538de0e-aaf4-452a-93c6-ac05989b1949,False,1d6285f5502cf1f8,7182af742e04dc6d
18-05-2026 11:54:43,y4SYkrlpb8D4ePFUkvDB,b6406552-627e-4215-b93a-2ea7df73e7dc,True,bb80f878cef35322,c0014ea2ee2fdaea
13-05-2026 00:36:30,BE1XW9cq1rywcnENZyE9,29484187-ddcf-4fc2-aee4-4eabe1507996,False,3db4e6efff8b7518,1d3db575c4a79d75
28-05-2026 16:55:20,HCLzGBPiNsfvI2Q0Kf34,448be6a6-708e-4df8-bac2-74c86db12fc3,False,24d6a87b0598b02e,da211edc7bac01a0
04-05-2026 02:08:04,5rLTuCUjBtHlrf47hH2X,541f5b13-0928-4e43-886b-0fd9cda20907,True,2f2bd7547d602b7a,d5eb4d757b335d0e
29-05-2026 15:57:38,fbdXS0fBowygrcVwNOx7,73b19019-42e4-48bb-9cfe-e80b12e3f5dc,True,5e1de20fecf98844,c9ab51cba10ae1e9
01-05-2026 08:13:01,POwZCQAawHtJrzqVjzDG,89128909-4bb4-4cba-9802-a7271bdce56e,True,0f98939ac68105bb,06961ead71f8b1d8
26-05-2026 23:20:55,BA3F5VJ40FLEtmle0cyQ,587ac852-79fc-451e-b284-425ed4bd4239,True,102edb38b5ec347f,0e52f2934d8ce165
14-05-2026 02:12:59,kwsnWPnn5MUrkPHXjDEC,3ffd55fc-bafb-4542-a118-37742dad870f,True,82a83fc853728306,2f2bd7547d602b7a
23-05-2026 08:50:11,f5XXwr8WZoOQwmKbaZ30,bd412255-129f-45e2-87de-f9e25aa7e52d,True,8dc02e5c153f83a3,2b95dd3cf28e7c18
21-05-2026 14:21:26,CD12pe6twHjhL9sdWtTn,07353754-629c-450d-8f02-a54d3d3cbb8c,False,e9da39984fb29dc6,d0825fdf3da3660c
15-05-2026 23:37:44,KkjgcZI44JnPmwPobt13,47eed205-5519-484f-b1b2-993873a14e82,False,1791998ac3161359,c7f34dc43387f858
22-05-2026 01:32:06,QgXhC7XQLjzVwe7Xlnym,ee63559a-1572-466c-9897-b229313f0e55,True,f879804e4456e5d4,2618243a251bd83f
17-05-2026 17:12:21,uU9m9Q8ngpz3MbXujPOr,1ccb58bb-164b-430d-9268-c640e0af0a72,True,131c7dd8f3ab4b35,bc74204126e384ca
27-05-2026 07:12:29,SztDE1UXLf15I3tIogZI,8bc6548d-4703-4fe0-9022-8c41638d108c,False,daf96d2280390dec,867d47425e9cccc7
22-05-2026 02:04:45,nCS2KX0Dwu2wYRnj3ZbH,fd7281c7-1fc4-4ca0-8115-da9ac0056be4,False,daf96d2280390dec,17b4966e9be4d8d8
14-05-2026 00:12:34,EadXHdAZmFhRFfIq3inF,e9fd6eac-548a-4cbb-a790-474045a9fd43,True,eb39e98aca20e7d3,7f281c8dbac1f799
12-05-2026 11:19:52,HJ9NebAVHtgYOFN6LQDK,d2c80697-9306-4598-80a0-710b58d694f8,True,9d789fd91804129f,c837debb39dd1e68
06-05-2026 04:29:25,SE0lHNj6y358IkpZrpvt,5cc49390-ba9e-4c80-9030-d058dbdbb20f,False,0f98939ac68105bb,b572bc65fae8bec1
28-05-2026 02:25:06,UyJLgT7Cz9A0EaWNK3Kc,f6ffa3d2-f634-4ee2-8ce0-757f79c1ddc5,True,ce246387dd078174,487b076a69a53671
11-05-2026 06:50:40,6VhFWeKtPLeeDFC7nThO,1990fa1b-5262-493e-a285-cda72438cab8,False,13db178cd9a1e37a,63d3511e9e857901
17-05-2026 15:39:35,byllE55rTN2aaT3cvWwz,e982774e-bb70-4788-b538-93afedfb6ad8,False,d4389e820d4f82fa,57e7d972b508815d
25-05-2026 07:16:07,865mEUdKSOmsvkbI1YPg,db5593a6-837c-41bc-a03f-0e4e5f85b662,True,cbf338d836298cb7,55b620d8c0ab41e0
05-05-2026 02:00:51,ARdDMla6dYuRRhT6lzZ2,395fbf62-c8f0-4abe-a0b1-5ba3819a8ce4,True,5a7b6516c51a4d4e,2f2bd7547d602b7a
09-05-2026 05:34:13,6pb38joIxjaj9FaB32qh,af77aea4-f3f7-4635-87d8-3cd1baf25e4e,False,57e7d972b508815d,3811390588367f0e
04-05-2026 08:21:28,4ru4zn8XXwFMf5Ft8c3Q,9b3a744c-6d67-4d46-a544-90da659d464a,True,c837debb39dd1e68,1b38ab967d98cc4e
21-05-2026 06:09:31,SwSXNTyxf6yjI9yJDz3I,db1e6e10-467a-45e1-8f96-a8631a68e5cb,True,8f8c45c33ff51d0e,42d576864f9952c7
27-05-2026 23:58:26,TbwNBbcQ3Ne0Xk1Lwtwp,46a4fdce-9dd8-4346-851c-b38bd393b351,True,3bc1bf7fb69f3ba3,75778bdb64d1008e
06-05-2026 01:13:45,6EoB3Fhc4G3tVjuHCOGF,e34b77fd-2da1-4a0c-bd60-62998b6e6a78,True,63d3511e9e857901,2b95dd3cf28e7c18
04-05-2026 22:15:56,NRTzSKS5VMLfmvkjmOak,bf78c27d-7fea-47b3-aa88-1794a0718a60,False,153c202e3cfef4ba,95744df47936b8c4
27-05-2026 13:10:34,kYtHpu1MOe3IJ18zK2t1,e4961817-c8c7-44b7-8705-c070b15f5342,False,e7eb35b501d57e1f,5e1de20fecf98844
15-05-2026 14:12:17,BQ66690DW4ivi4knOBmU,e0d7d20f-9fde-404a-bf48-bfee8d72f830,False,9d16533a62ab9315,0f98939ac68105bb
12-05-2026 12:41:42,hMiNtsHtM7bFWPdzKSKN,2e0b4d2a-65da-45e2-ba51-a2362e92101f,True,1d3db575c4a79d75,95744df47936b8c4
08-05-2026 23:42:50,xfyGofjfaCstgnfs0cRZ,731d272a-2016-461c-8bcd-20e5225705ce,True,57e17fffc619e182,2a339e8954684016
01-05-2026 18:06:12,0xr4tSSv9GLSG36gSdSo,07386191-67dd-4a03-a07e-580fcd372141,True,e1bd0a847e7079be,1d3db575c4a79d75
24-05-2026 17:53:46,JNG5mIvCC9aX3kpWyWAc,e5eb5e5f-0aa1-4b8a-adec-86834a21dba3,True,3bd002cf1fcfa789,63d3511e9e857901
18-05-2026 21:51:47,rHWczuAYzBPOV2J7dEJa,4c6c2ba6-a9e0-4b95-a2ef-90ef55d1ab0f,False,487b076a69a53671,e9da39984fb29dc6
04-05-2026 02:03:04,1hCy254aLeP0PDrdsdUj,94a8ad6c-c14e-42cb-87a8-6eda6d4c7d74,True,487b076a69a53671,57e7d972b508815d
06-05-2026 23:41:05,CqvX6In1dV8Lj24B1SKz,83100837-6b45-4f62-a8f1-02102fa8f0d5,True,0e52f2934d8ce165,c34c1310eab19c87
05-05-2026 18:21:42,UF2szp7bNm3YVU7at8me,5aed79f9-3527-445a-adcc-176cfcaa1138,False,9d789fd91804129f,bc74204126e384ca
22-05-2026 08:34:20,gIBcDkpNPS3On0P0PHCr,1b0e5320-11e1-4ea9-8b23-36017725a578,True,ec75a53f04901eec,39a54d73a921b9f6
10-05-2026 15:44:54,KfDMzWnsAjBarI4hIVno,137bc2d9-4f92-487c-b952-ad8aa47abb96,True,82a83fc853728306,06bf6a628379e030
17-05-2026 01:52:55,zfBCC1X5czkqP6YGQXXE,323822ae-8428-4e5b-a604-762137592d9e,True,91d55d217a2af234,e84878f982129128
01-05-2026 14:03:24,1pswNPrzbyPpIRgCfNQV,3f0d79d1-3bd4-4d4d-8058-b0ab34110ef3,False,7f281c8dbac1f799,06bf6a628379e030
16-05-2026 17:12:44,tZFPlkE5QlbGNg2yhaOY,e2fdaf90-b876-45d4-8d66-e53f7819db0c,False,9d789fd91804129f,e8c9832b5c388bb5
26-05-2026 07:07:03,4YAaqyixL0SJu3HNUHFY,eb5876a4-a752-4c59-a310-a47cac91f5a7,False,3bd002cf1fcfa789,42ac1a2bf982f79c
11-05-2026 21:33:55,uL3iJlW7XBwNXBUiJ8s3,5796e62d-1862-445f-8a1a-fbe21d5f06e0,True,cbf338d836298cb7,9cbee3c1d7168837
06-05-2026 21:01:03,Jq5VkwD10KVugrzCqCok,0aa84ec7-cb0b-4240-b7a8-fa4fa5943cf9,True,18d281edb3671f44,3db4e6efff8b7518
25-05-2026 11:55:59,IEFmLwSndeiJpb0vAjVC,d56787a1-d0b6-40eb-bfad-e910bb5b4827,True,5afe6ceac06784f5,17b4966e9be4d8d8
05-05-2026 16:39:09,ntQaWv2OJjOKOu80glGQ,a4ac819f-c0a9-4a4f-9e0a-9ec6de596f49,False,c34c1310eab19c87,93279918e60ec274
09-05-2026 19:54:34,fHBUgMk46pxvCfcOJhCu,f5641e63-ba66-43d4-aa56-eabc75142406,True,f879804e4456e5d4,057c44d337463e07
30-05-2026 03:12:43,BRBwaEkTuODeoqGXhywD,8687d081-e465-4708-b71c-453e1ccf15ab,False,13db178cd9a1e37a,6214b1b462c04096
05-05-2026 12:04:56,O5sfqKorRxm24fPLm8S5,cba518ec-80d8-464e-8db7-76c5217049c0,True,e9da39984fb29dc6,2618243a251bd83f
23-05-2026 14:30:24,D0XcjHLzCwBuDoRJgpXe,a5b1eb32-6ec5-4945-b264-fc37795242bb,True,04964f8452901231,daf96d2280390dec
04-05-2026 06:47:33,HXAtjCjjYp04oMuayaMN,0618c5d9-61b1-4824-97e3-8e56759dd12a,True,04964f8452901231,b572bc65fae8bec1
18-05-2026 07:20:38,JZs5MSsqar1rkXBa3Z3m,dd0bd385-3d9b-406d-8a60-a36dee4fccb4,True,4c885efe7bde3ff4,e1bd0a847e7079be
05-05-2026 00:18:43,OWTkedPutv4Mo8k7S6SE,0643a03f-962d-498e-a3a0-0f8ec1f1149e,False,1bd749deaf799034,63d3511e9e857901
07-05-2026 21:15:39,CWedKKUk7BEkvHrxiNjv,6a894975-d55d-4374-bcfc-8e4bb2db54a4,True,a2fd30e5fa49ad53,1791998ac3161359
03-05-2026 21:33:56,A1K7Njr0YvybP5d1MAgQ,8f3b7875-64f4-4b1a-842c-7e7c5f3709d3,True,1b38ab967d98cc4e,102edb38b5ec347f
22-05-2026 02:37:26,msQTMvaZI4DMJXAgZpTh,ea846709-5200-4a4e-b788-1312629b055c,False,64a94f9052422a0c,57e17fffc619e182
10-05-2026 01:21:32,mPAPO0cc46h9nqaho7kG,b7444e95-870a-4924-ab5b-e7ed3cef2922,False,91279a646f8ea6ac,867d47425e9cccc7
27-05-2026 03:52:43,hwvkHwg0gLhBxbH4eDzy,6d08525b-e5c6-41b5-a02f-d76434d088a7,True,b572bc65fae8bec1,75778bdb64d1008e
19-05-2026 01:25:09,SxCFUsc8QJKgz7Ne5GwA,713ba6de-87ef-49e9-9d5b-fe5f7b10dd5b,False,3811390588367f0e,3811390588367f0e
02-05-2026 02:03:44,vKOKjjg5vBSEOM6IBgOy,71252772-970e-4cd6-8c4f-f06fcc2d9d10,True,e7eb35b501d57e1f,0e52f2934d8ce165
23-05-2026 01:54:03,YuGrVFzgdbFuqGAIVqZd,8996c296-ba61-41bc-89ac-6a3c84a16919,True,7e8fb26408446272,1d3db575c4a79d75
13-05-2026 18:20:16,fO5qrgUVa7JLGeUv2lFV,c1c07b47-fcbc-4496-be1c-4e2017ec9cd5,True,3811390588367f0e,f7c6682ad24d37f8
30-05-2026 08:10:57,lUFIOqYIGBN2Tc0vZfPc,a6e72a5e-ff7d-4e41-a7db-81315850231d,True,c85cdb0ef48d09c8,34cbefbc28798720
13-05-2026 15:35:56,DVAom2qa9OWIoIIYH7Fo,44f5e49a-2de3-4778-980e-2babbcf160e6,True,64a94f9052422a0c,c34c1310eab19c87
04-05-2026 21:29:37,c1fRabgZUiv0pV8w5gwL,151c579e-6c1d-489d-a928-7a15aae46d06,True,eb39e98aca20e7d3,39a54d73a921b9f6
23-05-2026 09:39:16,XsmMYUJy5hUaCdmcoDIZ,9b6a842d-9905-4d42-ae0c-cf7f1424be96,False,6588d11c4a11acb1,131c7dd8f3ab4b35
06-05-2026 12:46:50,u9ioWYw47KVBrDs2raxA,cbf6bbb4-0a4d-420b-8acb-d82e9be7e50a,False,923d0315f3ae2bb3,4c885efe7bde3ff4
30-05-2026 11:40:58,OthYUXSaOXi77Uq5oPFy,af63482b-e169-4fe6-a844-3a22749db1a8,True,c7f34dc43387f858,2a339e8954684016
02-05-2026 02:19:06,EOpMq4S88XBeLK1ehZ8c,97f7ebc5-15e0-46ee-9770-29ae8a965e64,True,8f8c45c33ff51d0e,867d47425e9cccc7
10-05-2026 14:09:28,JPSnzbIGsQBbWHPju2Ek,3f29f8fd-c9d1-4d2a-abba-adf15e9173f6,True,64a94f9052422a0c,bb4bb9fbcfcc16d1
09-05-2026 13:57:54,R0WaZ28gdJCg4rJ91kKn,fde92300-32bc-46cc-8fa1-ceb70ff5b6ec,True,13db178cd9a1e37a,5311a0642c2564ad
25-05-2026 12:24:34,Z3sqjkjF7qWuOF5nHJL6,73a98fd3-c57c-4e3c-b59c-3d8bc5b26ea2,False,06bf6a628379e030,53c682ded6545e06
08-05-2026 01:56:17,V46frpz8BJ7bKUbdBY6u,bb519656-1ff3-403e-901f-8ebea3ddd59b,False,9d789fd91804129f,e8c9832b5c388bb5
08-05-2026 07:13:46,RofgNYdNN6PKZwLEpG5E,945680d6-99c4-4943-b11a-6a50a3908894,True,2f2bd7547d602b7a,4c885efe7bde3ff4
18-05-2026 05:47:37,CypKIhAYZcJGWfjFXNIK,c325d8b8-94e2-4f63-aa7d-5293a96a3d2b,True,63d3511e9e857901,c31244cee16e0c77
02-05-2026 17:35:21,sQ6MObnXfuHi0i18xYMW,79dc1176-9ab3-4a26-a7de-b9e827b78a10,True,556be8558ce56421,d5eb4d757b335d0e
02-05-2026 10:44:29,HMV4lKKzYpX2Ti6acnHf,a77af2a4-f370-43fe-b461-be44af516403,True,c7f34dc43387f858,c31244cee16e0c77
24-05-2026 23:20:06,diEqYeBALvnPvohd6FKu,d3c5f9b7-63b4-4a71-95a3-dcbd367137c6,False,5a7b6516c51a4d4e,5e1de20fecf98844
21-05-2026 12:42:45,jgePnKJObyFEUeGYrcHb,0e7f040a-d1bc-4ee0-8e68-c136a3942438,True,57e17fffc619e182,f7c6682ad24d37f8
12-05-2026 00:45:57,Kv4CFICg3NzpjVgxu1sD,4cfb70db-de9e-4bfa-99f8-69cbd74ac001,True,72ba4e2f87adceb5,39a54d73a921b9f6
22-05-2026 09:06:48,mNmJZtZG3MJYoUboCDAO,09d74e86-22ea-4b21-a18e-f0af02fb5afd,True,ec75a53f04901eec,19a558ecc36977ce
24-05-2026 01:09:48,6r0QQaMApqEg0Be4fzDi,f45abdb1-8487-42c8-b5b3-a46af38e9702,True,17b4966e9be4d8d8,72ba4e2f87adceb5
23-05-2026 17:29:59,00XrIDXNhSQyHPXupq11,ef545225-90db-42fa-bbbb-b0fae4ebc06b,True,57e17fffc619e182,8e2e127651e9cbde
15-05-2026 05:27:30,4ccriYIhxUFMUPMPeBgp,a26a01d5-cc1a-4f53-a461-f8eaa2b184aa,False,3bc1bf7fb69f3ba3,eb39e98aca20e7d3
20-05-2026 23:32:49,92ri1qb2T9epHsnzgRDY,62afdfea-b016-46dd-8cc3-4cec3e5a396c,False,0f98939ac68105bb,b8e78b83a62a0cb7
09-05-2026 11:34:55,5yKuzKUezXXldnublKXw,8e2f77af-d003-458e-9855-75d221168f1d,True,234da97fe615c6b7,5311a0642c2564ad
19-05-2026 15:16:39,kY7E4uLTzFMMoEvljPK9,10019adb-a076-4664-9be7-4bfd2a9208c5,True,ce246387dd078174,7e8fb26408446272
25-05-2026 20:43:29,WZpO049xWp77LS1WySjC,cc69930c-7e3b-40a1-a528-5ba7f06b6f9f,False,1bd749deaf799034,153c202e3cfef4ba
07-05-2026 20:49:48,76kayC5zHCbLxs6NlW8F,13a05ad8-b520-4235-96ad-e6056d8b559b,True,2618243a251bd83f,514af2be7dc985d8
02-05-2026 00:25:04,I7s6DFVEp85gDVYZ13Dn,dc076047-920f-4c03-82df-fe1c206c5fd8,True,e8c9832b5c388bb5,9d789fd91804129f
17-05-2026 21:21:14,kUVWsZqo27sgejaWCxuP,7fe70299-2722-4f18-8ff1-90df860bf910,True,72bd2672c948d2cb,bc74204126e384ca
06-05-2026 12:19:54,PMVO17mOiFIABafSWAl9,d5596750-1de0-43a3-8749-7ef977556c42,True,c51d4eb54f89fec8,34cbefbc28798720
13-05-2026 14:36:38,1pEs45mKJjFwKEUXmynF,49a8c277-9a9b-4f46-9237-1880d3d214fc,True,057c44d337463e07,5afe6ceac06784f5
22-05-2026 18:51:27,48IC8XdWTaISEKfekteK,78c40d0e-0e95-4c45-aad3-ef88bd3358c0,True,d0825fdf3da3660c,39a54d73a921b9f6
05-05-2026 20:32:55,XeiujLFtzMDtHTo2RqKq,07ec16e5-cf60-4eab-909b-f4ac97e00fc2,False,923d0315f3ae2bb3,7f281c8dbac1f799
21-05-2026 15:05:55,zQphSL8UTR1JEdDG0pbu,9fd0a8f7-4221-4b4b-9b6d-2608b2363f0c,True,91d55d217a2af234,514af2be7dc985d8
15-05-2026 07:24:50,etHYn7MdLwpPqhiw6FdK,9b396d8b-01d2-4376-a6df-d8e39bc8e87c,True,55b620d8c0ab41e0,9cbee3c1d7168837
14-05-2026 10:44:38,RDNQtnNcGBjBH5kds8Dc,a26270ca-9215-4cf7-a903-70bef51d03da,True,3bc1bf7fb69f3ba3,6588d11c4a11acb1
20-05-2026 16:45:27,gxZzoLDAvKZHOsndoU73,d0ae5f7e-06ff-4a73-8ff1-a74f0cd22ded,True,7d176c63414fcd05,f879804e4456e5d4
04-05-2026 06:50:16,TYMu4jYcGJnEfOZ2Qpx1,2e2cc382-b493-4b58-b52e-7809c3485e23,True,330949523d665e3b,b8e78b83a62a0cb7
02-05-2026 16:55:51,OOeiEwT0wIf31AjY0xwO,00a2c27c-5225-4528-9945-69d997432228,False,57e17fffc619e182,93279918e60ec274
15-05-2026 13:48:19,YHEp1RFQQQTV0AMTzOHJ,76fd7306-570b-43bd-9ec8-c4dc92737102,False,389da1f3a7c1d8de,2f2bd7547d602b7a
01-05-2026 09:40:31,gFVG0eMHbzt87BQmVswp,0bfdfb4e-e4f3-445f-a585-ef62bff358bb,True,6588d11c4a11acb1,cb4c1290e91970dd
06-05-2026 22:37:02,ld1N1zRt0LvwoU1OocSy,143d4896-dd4b-4f44-95f8-8f22c6beca2f,True,3bc1bf7fb69f3ba3,2a339e8954684016
28-05-2026 21:23:01,W2HlFCKFYX85DVV51xWr,fb2d4440-68f0-47f1-941c-50225f1b1793,True,55b620d8c0ab41e0,13db178cd9a1e37a
01-05-2026 14:16:16,yOvkvubQkJAsrBBiN6RP,18b177ed-ac8c-49f7-b12e-5ea1a08b32cb,True,552b8d6c350cb13c,1bd749deaf799034
25-05-2026 09:20:27,2Y5umfpxcjSeYVSx26F9,27c0a8d1-dfab-4681-b416-29ad53f44c55,True,9d16533a62ab9315,552b8d6c350cb13c
24-05-2026 02:54:58,cytxavBoR61jbRPGeWqd,ebbdd79a-216b-4e01-9ba2-cf6e2bdb7c2a,True,d5eb4d757b335d0e,330949523d665e3b
14-05-2026 01:43:43,c3MMypR6RYSsUj4pioNM,5af12f82-e280-43b9-82a0-18eca1494d31,True,7f281c8dbac1f799,18d281edb3671f44
10-05-2026 06:41:38,QgYQrQNUoL5dIn6KyeMo,17fafb1c-2099-42b9-b04f-207bcb615ee2,True,c9ab51cba10ae1e9,5311a0642c2564ad
28-05-2026 07:17:34,oVfEgt229iq1qmDVCJmR,572c087a-a588-44b4-8397-370813699828,True,57e17fffc619e182,6588d11c4a11acb1
12-05-2026 23:07:27,eqw2i4d4guRz9nXGULM9,4126f8c6-9087-4ca0-90bf-4f4a5872a15d,False,514af2be7dc985d8,3b1338c1207d1e2e
18-05-2026 11:06:28,zX58rjChtX0Jv3G2g0BF,24c40343-fe28-46b7-af81-ee7d056a10dd,False,389da1f3a7c1d8de,fb188f553674b4c4
28-05-2026 13:40:01,5cs5uFhEwijAqtJwvHPK,3598f2f1-cbd6-4f3d-97b8-2ef29e1b1f67,False,bb4bb9fbcfcc16d1,2618243a251bd83f
05-05-2026 04:40:35,fWE8dXT64v7xWOXbdD9L,b7588328-1c23-4259-8176-d3b6a6743c94,True,fb188f553674b4c4,04964f8452901231
11-05-2026 16:14:07,9d8eTRGSFv89sFSkyTyM,85ca5e06-cd45-40d6-857c-6cc93019dd13,True,f879804e4456e5d4,3bd002cf1fcfa789
27-05-2026 15:59:12,czgIYoqTdCFwS6icXK6w,0a7310c0-c595-45b9-aa58-8ec8346ce3a1,True,c51d4eb54f89fec8,fb188f553674b4c4
07-05-2026 16:44:48,i7mQIrdjEwuzPZ1yjfvo,20db0246-54ba-48b2-99d5-1605949cba57,True,13db178cd9a1e37a,b8e78b83a62a0cb7
30-05-2026 04:05:29,YS8rKU807Oz9y6bI3f8d,c0720806-7045-48ef-9304-06a58c2dff22,True,d632e4ce536ec364,3bc1bf7fb69f3ba3
19-05-2026 08:56:55,Tq9fjVLYFlSXz0M8VCRA,097a0ac9-fe4d-4cc8-97bf-80d4bb619ca0,False,57e7d972b508815d,923d0315f3ae2bb3
26-05-2026 14:37:05,GPaNbfZ3zWDKBpOePmX7,b4de98ab-6120-4064-a6b9-7054c69b78c0,True,63d3511e9e857901,552b8d6c350cb13c
19-05-2026 10:45:06,YfEWLHKNb97r9WOP2bST,f22d12ba-e35f-43a7-b013-af86a4665d17,True,330949523d665e3b,ce246387dd078174
04-05-2026 04:39:41,rLJ9hqXhuvUi8VGBvCbo,b2c32f30-c338-4767-a792-d8ca037a6cfb,False,8e2e127651e9cbde,42ac1a2bf982f79c
23-05-2026 16:39:40,6Rqm5B7QGUQTHcY4zh3f,4476fe53-2381-484e-bd98-095717c0969d,True,0e52f2934d8ce165,c837debb39dd1e68
06-05-2026 17:55:53,oNTjdn55tHHKRtloROgB,ecbf31b3-4243-482e-83a3-b9818b8289ac,True,c31244cee16e0c77,72ba4e2f87adceb5
22-05-2026 06:06:24,X3JIfi8nkeNXnxuKAw4S,c1e35978-2b99-4994-ab39-a69650e061db,True,3993ad7e2565b6b0,4c885efe7bde3ff4
01-05-2026 08:58:14,bzLJZXVEcTy5MBQYupLM,767f1054-6a7b-4b2e-8eae-1eb8bb17b75c,True,9cbee3c1d7168837,552b8d6c350cb13c
26-05-2026 20:50:22,HKzwjcaWCkAy1cEgM4lv,27e47d3e-617f-4dc1-8d26-504c054f8fb4,False,153c202e3cfef4ba,b8e78b83a62a0cb7
15-05-2026 17:58:38,ji6PSUV4Klm5LbzihrLy,82247b98-17fc-415b-8f63-9957f36b3890,True,cb207a93391638cb,6f36a3307488809f
11-05-2026 04:41:04,bitfVqiRnyD7TRRJLar9,f0439221-4f7d-44f2-9b75-7f58b082d541,False,91d55d217a2af234,a8c47673d6a4f85c
28-05-2026 14:31:52,BYvFQUfeDPwH9lW1aTbp,bd8a7a4e-7f97-48e2-bff9-4b20eec00287,True,55b620d8c0ab41e0,d57d393b16ba030e
29-05-2026 23:32:08,TKu8CTCJpB19xSJ0px01,f700031b-a4ed-4fcf-9429-35dd497f86e5,True,1d6285f5502cf1f8,7e8fb26408446272
10-05-2026 09:41:17,KO3Zg7D0XTMddzjtfFVr,fa76b122-25ad-4a25-a612-cac377789ecb,True,04964f8452901231,e84878f982129128
02-05-2026 03:41:43,heTwHM3XW6Ulzsk5hd59,d150c1d2-d594-4ddf-a834-34edd72e84db,True,9d16533a62ab9315,ec75a53f04901eec
12-05-2026 09:05:12,nTQ6LOhIjjFt9y3CtNZx,7d447e0e-7608-428c-816b-e731da50b437,False,04964f8452901231,c34c1310eab19c87
05-05-2026 05:41:30,S536iH5vMGK1qwvDlVxU,bdb98146-54ef-4a79-8b8b-edef6d134a65,False,bbbe498ee44f6349,552b8d6c350cb13c
26-05-2026 14:29:26,RMHTHw3yHk0SrSKWWSny,144b7d75-eb01-40cf-ae50-2cfeb8a8a743,True,04964f8452901231,7182af742e04dc6d
28-05-2026 07:22:51,oPq86IqNZvyUd3m8SFl9,68bf9653-7444-4839-aabc-8b88bfd1641a,True,18d281edb3671f44,487b076a69a53671
28-05-2026 21:54:32,o4dc3QHixcFlXjtTppaB,43ace9d5-e22f-48a5-9740-f35d0a2dafb5,True,18d281edb3671f44,de2dde23040292bc
08-05-2026 15:06:19,xayXB0FfzYqm0xhpNEQ2,02824dc4-2a12-48f1-aa89-168adf222f15,False,2b95dd3cf28e7c18,c0014ea2ee2fdaea
28-05-2026 21:02:57,wiFG3nB9kD1oxRZLP0rn,7491aeb8-4c77-489e-bca3-deb0ea88af74,False,18d281edb3671f44,daf96d2280390dec
11-05-2026 15:11:07,hPYKrvydYpvYVWnEFrfZ,890fe251-4948-4055-83e8-0ed3470721f5,False,8e2e127651e9cbde,c837debb39dd1e68
28-05-2026 05:17:19,aE0mKSe55pznsZ53ilE9,c14c2374-9335-4a5b-bab6-1352f1718fc0,False,0f98939ac68105bb,556be8558ce56421
10-05-2026 11:50:49,xpSdqyKXMnhrl2bbaaEF,6041ff23-bde1-4f10-963e-51b20ea78d82,False,de2dde23040292bc,3811390588367f0e
16-05-2026 07:56:03,fnGZWJdvg8dXGUmJi0RP,b7d563e9-34c4-4a0d-8068-b3b024c297c0,True,e7eb35b501d57e1f,514af2be7dc985d8
14-05-2026 19:24:35,5DRFykZ2ttgo9KZmV7b1,aa7da61b-1289-4806-b2b7-e07b772a10e9,True,d632e4ce536ec364,34cbefbc28798720
29-05-2026 16:11:34,ixnmwacdzXqtOWPirpis,bcb771ef-7d0c-45c8-a815-8d0848148810,True,0f98939ac68105bb,c0014ea2ee2fdaea
10-05-2026 07:10:49,KzxBX1JFDwQYSwccGicS,2c18d1e8-6282-4667-9226-ee7a33a82500,True,91279a646f8ea6ac,4c885efe7bde3ff4
06-05-2026 11:37:21,Ay0cLPJ5uMEpEesbrV0u,988e703a-95e4-45bf-96dd-0b11574cb9b4,True,3c58290022ed11b1,57e17fffc619e182
23-05-2026 01:00:49,1uZwGfpVjV0DBoxQ7E73,24b74b2f-b766-48b7-9e0d-0feee611092a,True,6588d11c4a11acb1,e9da39984fb29dc6
03-05-2026 01:10:09,rK0jZ3lmtFsMSqvUCre1,861a74a4-dfd0-4db3-8522-5438bba17a82,True,91d55d217a2af234,c9ab51cba10ae1e9
25-05-2026 06:36:32,IV6w0091Ky73wEOuH8cX,6a60be34-6d7c-4046-90df-8addc8d27e10,True,8e7f2987241c2818,d4389e820d4f82fa
10-05-2026 05:49:17,i4Eavu32PK6HqSv0tBTu,0847fc95-66fb-4153-8c25-4e9f7840b6f1,True,3cc68b8049eb8d4c,8e7f2987241c2818
05-05-2026 20:13:07,nH1CmldDvk2Kl2GDCfO0,033c580a-e7d9-4b41-af23-cb9955d62244,True,3811390588367f0e,3cc68b8049eb8d4c
19-05-2026 09:53:36,g8tpy0D3o9aajcmZCysJ,98ea8fd7-5921-4d4a-9870-b21ae04c1388,False,a2fd30e5fa49ad53,7f281c8dbac1f799
04-05-2026 07:58:12,15jt8IyvNH5IXpd3RHxS,cd0d5d01-cee1-425a-80d1-b97f0ccdeebf,False,5e1de20fecf98844,3c58290022ed11b1
01-05-2026 08:38:16,rVCqdXxh50jTx8XEQziM,850b4e2a-cc1e-47b3-8a1f-8e4acc1eea46,False,a8c47673d6a4f85c,f7c6682ad24d37f8
15-05-2026 11:21:40,5Wwv49csbNxQ0zMpJa8X,dbd2c2a8-33b4-4aab-8308-1e2d5b0b14c9,True,42ac1a2bf982f79c,d632e4ce536ec364
14-05-2026 08:40:26,BSIK0II5acXKBmiwlvUv,c9613486-8f5d-4674-b3de-839fd5d551f2,True,bb4bb9fbcfcc16d1,057c44d337463e07
07-05-2026 11:12:59,idiloAVW7dOtCWnORGLX,16831b57-882b-41b8-a73c-4344d40a6c0e,True,c31244cee16e0c77,de2dde23040292bc
12-05-2026 15:57:17,dFLzDP8Asr3SMVc3T2Od,8c3e85f6-a4dd-4ed1-8863-0699fe4268fb,True,ae7ec9246c4649bc,389da1f3a7c1d8de
18-05-2026 02:51:00,UnwcaCxTzJIytYTc4Ica,7d1ce37b-275f-463c-9001-236f93915a62,False,c837debb39dd1e68,153c202e3cfef4ba
10-05-2026 14:18:55,AsXhBLE3eqBdAk3ZhAd9,d2325a40-ea78-4a7c-8247-9b26faa64505,False,2618243a251bd83f,1b38ab967d98cc4e
05-05-2026 14:06:52,WyZVTXIsDubLfZhFwRro,41bbb70f-d5cc-4445-8957-5e09a6d3ae5a,True,bb80f878cef35322,55b620d8c0ab41e0
16-05-2026 05:58:08,HBmY2qsIpUSp5SDfsNXx,b037102e-6b38-4b09-8978-10f91ae65339,True,75778bdb64d1008e,ec75a53f04901eec
05-05-2026 10:40:19,YwnJPTXOrOaDQlJNwrkW,6eee0653-06fc-4474-8020-b2f673ce813d,False,f7c6682ad24d37f8,7d176c63414fcd05
17-05-2026 21:08:42,mqBPBR1FIiTC298l8ylI,cd20a087-6659-4964-a1df-ca8dcc516fd3,True,3993ad7e2565b6b0,131c7dd8f3ab4b35
19-05-2026 13:14:47,Qbbhu7Q4aluYgmD8FELF,00940f72-e3cc-4e10-96c2-489b82024d48,True,574582321d04df00,91279a646f8ea6ac
12-05-2026 14:51:12,A8KBc53VoP7uRuflrPXL,9b8c5a7e-04a0-4f57-b75f-fe08b9b26743,True,64a94f9052422a0c,0e52f2934d8ce165
23-05-2026 14:40:17,IWjCqDgRTsaNfnQ84ErN,9a798568-f270-4f38-a304-2f36e02b4ab2,True,b572bc65fae8bec1,91279a646f8ea6ac
24-05-2026 21:32:08,jP8vcMTlBvq6kmOBeWGl,d77e4450-1a32-446a-bed6-371520674f66,True,e7eb35b501d57e1f,6214b1b462c04096
14-05-2026 12:22:52,UVjX9Dk0WpRBsPxgQB3s,8e435437-8499-48e6-a58c-11e2bec2004b,True,2f2bd7547d602b7a,e9da39984fb29dc6
07-05-2026 09:21:16,6kqe42Ak0XwyxkkpwDRq,ff67bd08-581b-4e37-881b-26fa08327ce6,False,72bd2672c948d2cb,24d6a87b0598b02e
10-05-2026 23:13:38,iRABgVO1a6u99o8YH0Ei,b44fcdd3-e98b-4d32-9553-730f5b149fea,True,d57d393b16ba030e,bb4bb9fbcfcc16d1
05-05-2026 09:59:13,JHvCvHxZP76BO2FfAeDa,d7ba2d61-02ae-4b61-b681-00fd5c97edd5,False,64a94f9052422a0c,57e7d972b508815d
25-05-2026 17:25:51,1U2dZ5RpRws8RhKaCaBg,6e0168a9-4044-499c-ace0-48b0676f71f3,True,9cbee3c1d7168837,3993ad7e2565b6b0
07-05-2026 13:10:44,4eXwRuStHVYsw0hokJm5,6f26108b-3bf0-46ca-b594-6f66eb5bd334,True,c51d4eb54f89fec8,19a558ecc36977ce
22-05-2026 03:27:35,aV9rSH51jEw1Nxawzrx2,7e675dee-6085-49f8-a26c-f191fa45321e,True,57e7d972b508815d,f7af4712fd6b9108
18-05-2026 12:55:21,NUVywMqtUy4XtP7WH2qh,5da4e514-133b-4711-af3a-f9e78dd689a4,True,e1bd0a847e7079be,3bc1bf7fb69f3ba3
24-05-2026 12:58:12,NmBm9hKX9h5TblenmCWf,8828f52e-c92f-4ff5-ad41-7083bfa9fb26,True,c0014ea2ee2fdaea,cb207a93391638cb
02-05-2026 17:46:10,TCMPTk5FYVeue9YxcZ10,61e521a0-5852-490f-a82c-505c0c3eb025,True,057c44d337463e07,1b38ab967d98cc4e
25-05-2026 19:27:35,uuOoGPrTdHsEsc5rXKoP,d2c49196-1d16-475b-89e1-994fcc953a51,True,24d6a87b0598b02e,d632e4ce536ec364
02-05-2026 18:44:25,tRqjx6Vd6UpLv8N9IC8f,acde2228-3677-4009-bf0b-5dae8cedc50c,False,3cc68b8049eb8d4c,57e7d972b508815d
21-05-2026 21:29:37,DGRA8B5QT2FmqOe8sDhi,fb035a16-ec29-4701-a765-e917afebf410,True,0e52f2934d8ce165,131c7dd8f3ab4b35
17-05-2026 11:23:27,bbMLDSo9JKAvYugkntIo,7d4bae5f-4b60-4212-a495-b58b9fb47009,True,e1bd0a847e7079be,8dc02e5c153f83a3
25-05-2026 00:03:15,Z9LCZiEk4XgXbhetQTgt,8b87962a-3f02-4060-a479-f6636d2dcbea,True,c9ab51cba10ae1e9,2f2bd7547d602b7a
01-05-2026 20:20:49,6QzpS34BmSbFjWSDBONq,636e9d03-b9b8-4c10-ad91-e8b24dd3f330,True,6214b1b462c04096,f879804e4456e5d4
11-05-2026 04:51:55,EdTjUxxGnSb5KmS30Nk2,9674c3fb-0fa3-485f-ba92-44d330b4b4e7,True,c9ab51cba10ae1e9,95744df47936b8c4
11-05-2026 13:23:30,OQhiz3vp59ejb4RP9h2L,9da787ba-d8a5-47e7-bd2f-2e548fd75ef7,True,ec75a53f04901eec,c6a2d85265d19a41
10-05-2026 18:38:22,1OurrleNH377Osj3xUxu,62c66cae-609e-4d4d-84d9-831b219e0eed,True,5afe6ceac06784f5,430f674c6dfe941a
22-05-2026 03:52:15,uLh1zs5AVfg1JOAqW6z2,34a6bce7-0adb-461c-a276-75805b259c6d,True,cbf338d836298cb7,1791998ac3161359
13-05-2026 17:48:36,FnTyKuENnzn6QkNBOckH,31280c72-44ae-4d4a-bef8-e49ce1e42791,True,13db178cd9a1e37a,cbf338d836298cb7
05-05-2026 21:21:20,6DPKaeG0aCmM0ejikFuA,dabbcaba-45b7-4426-ae9d-4f42da07c929,True,057c44d337463e07,72bd2672c948d2cb
04-05-2026 14:14:03,bmoBsLVWJchHiy7V4tEB,c670b647-3b88-4200-b1ee-ea5fb574e55c,True,4c885efe7bde3ff4,b30b0b43692b035b
27-05-2026 23:29:19,97X0kMcIAI4otbktnhdj,f7331122-c225-4b72-8501-9706d1e931b3,False,2f2bd7547d602b7a,6f36a3307488809f
07-05-2026 15:34:30,o0mOJojM1gDVKbYznCrQ,9280065a-f3a8-4300-98bd-b2e484839bcb,True,2618243a251bd83f,102edb38b5ec347f
26-05-2026 09:30:24,L58NkZRDgG6WcmAVoLt6,018c9799-ba82-4355-9219-44b29457c934,False,102edb38b5ec347f,64a94f9052422a0c
13-05-2026 15:59:32,i5oKuqoMn5zRUCOapovN,2008aeea-3abb-4a10-a442-6b7ab066fdb6,False,234da97fe615c6b7,fb188f553674b4c4
07-05-2026 11:01:32,IzZMIRzMINDLXPpwwAml,749a3258-048f-4650-b9c2-10d7265db4c2,True,53c682ded6545e06,17b4966e9be4d8d8
03-05-2026 05:31:05,uVxGfsx2wnEX7tSWFlRr,e15c396a-7538-4b19-9a73-2457e673e735,False,d57d393b16ba030e,d0825fdf3da3660c
05-05-2026 23:56:13,nH3bnTySoVKPBw5fNIOh,a801ed9e-4bfe-4b95-b818-3ba12ebc4179,True,a8c47673d6a4f85c,556be8558ce56421
25-05-2026 12:08:10,nxGPedTfYeWbXYrfgJRz,7c2094c0-54a6-46a1-a3c8-3fe239b0b7aa,True,517fc5ca69b652a5,c51d4eb54f89fec8
12-05-2026 14:04:10,iY83tGpD2seg6juRXWcl,ea9c357e-9d50-4d38-9993-08796f6f07e2,True,cb207a93391638cb,3bd002cf1fcfa789
26-05-2026 17:31:50,PEq4f0wt630tiGUe7xGu,67e0d51d-46e4-4a09-b92e-5612f3ce04e9,False,3cc68b8049eb8d4c,75778bdb64d1008e
14-05-2026 02:00:36,g83m6ppwSiO1ddUMNnWe,ba776e28-189a-4e3e-ac33-76d18ce7e7d1,True,cb207a93391638cb,7e8fb26408446272
01-05-2026 10:44:55,90TgOzOaR3sPp8LnINS5,eecf5275-d32c-4420-b6eb-088a5144c289,True,91d55d217a2af234,e7eb35b501d57e1f
24-05-2026 11:10:08,QFIiPHVgQnH865BoAwFa,ab6bbd90-d99b-4fd3-9fc1-77a74ad468fb,True,3bd002cf1fcfa789,72ba4e2f87adceb5
05-05-2026 12:40:40,Xosh2y5wnKvld1KruWPD,c215a0a1-ac5b-4890-90ac-adc4f0920a5d,True,7f281c8dbac1f799,72bd2672c948d2cb
25-05-2026 21:47:47,oMUF4Ucy8AGBPBVY6xIL,c3b05655-614d-4820-a772-066467df51c3,True,7e8fb26408446272,3c58290022ed11b1
20-05-2026 03:52:33,AXgZZmHahvtGJeq9bXUP,02c29724-ee5f-407e-868d-e6960cdfe31c,False,a8c47673d6a4f85c,3993ad7e2565b6b0
04-05-2026 03:48:02,ItB2tLt4GNtUy0y9Svpo,f5cb532b-3cee-465a-8efb-7389384565c8,True,42d576864f9952c7,430f674c6dfe941a
28-05-2026 21:08:07,ocmR6VkVXDfJfEqcAzUj,e6774e29-3910-413f-b785-b479090c6c1b,False,3bd002cf1fcfa789,daf96d2280390dec
16-05-2026 03:51:30,C7ntfH5X4koPMideodkC,d1b65270-ba75-4b8b-9dc5-da462bf99a17,True,1d6285f5502cf1f8,b572bc65fae8bec1
10-05-2026 14:41:26,n6kGweQcsaLorIvhqiXS,6842ce0d-bc0b-44a3-9aac-d341cc836059,True,42ac1a2bf982f79c,e1bd0a847e7079be
25-05-2026 03:38:43,ULMVTx7HL8PhsXJm67gZ,c5210fa5-6c6f-4e76-982b-188e23f0d03d,True,153c202e3cfef4ba,95744df47936b8c4
19-05-2026 12:08:41,ZyDy6smO716tMhsknkaX,40606771-c27e-4a3a-9813-a04f38e27689,True,13db178cd9a1e37a,3cc68b8049eb8d4c
04-05-2026 04:08:58,v6V48YvevnzebiBvjzvT,41598bb5-85e0-4ea6-911a-9c46549efc78,True,ce246387dd078174,06961ead71f8b1d8
18-05-2026 16:47:52,fKrMEJrLj9ZQn9iQ9qia,69837079-1ca7-43e8-b084-52e212eeb429,False,cbf338d836298cb7,6588d11c4a11acb1
02-05-2026 21:27:08,8iyIH04LTTeeX8N0UvI6,66544110-b88d-411d-8289-74a74e1f7061,False,da211edc7bac01a0,ae7ec9246c4649bc
15-05-2026 19:13:18,NOQSZgbxXAo4Jaa9rHeX,8dc0315d-0e1a-47b4-85d5-23f16b99889e,True,f7c6682ad24d37f8,e8c9832b5c388bb5
22-05-2026 05:33:14,LHmXjzyPdbDPBPAdlnkg,e4efe385-a341-49a6-ba52-2a07ab5c1ecf,True,ec75a53f04901eec,eb39e98aca20e7d3
17-05-2026 22:56:13,3ncnl7cCp9Tz1vggv8BS,edb8448f-f938-4af4-b355-dcbc9e37fff3,False,24d6a87b0598b02e,2b95dd3cf28e7c18
13-05-2026 09:19:38,X5L7gfiDE1sYRhSxbnZ3,960f5546-3126-4e6d-a5e6-1c5625873cdd,True,3cc68b8049eb8d4c,53c682ded6545e06
16-05-2026 15:26:13,MJQZLSKtfbPRBsErwG7k,83b273eb-74fe-4404-8307-b300e9565c27,True,0f98939ac68105bb,131c7dd8f3ab4b35
01-05-2026 07:04:50,smSMz9oUWmJRkdy8wn7X,8e3b56c8-acbb-4aa5-aef1-082fa2fae082,True,d632e4ce536ec364,2618243a251bd83f
21-05-2026 20:27:45,dvaLgexJJ7hBfGhe9bgd,f5151776-d0cb-4dc3-a3a6-a3acc83034c1,True,6f36a3307488809f,d5eb4d757b335d0e
09-05-2026 19:00:00,xNmNkJFjrGGc9vU9avNi,7e9e039e-aae0-4b83-ae20-7e1e041ae091,True,3c58290022ed11b1,153c202e3cfef4ba
21-05-2026 04:20:34,wFyC90vI2qsgclr1EaHV,ccf4f2a5-e6f8-46db-952f-01ea4fed850c,False,e84878f982129128,daf96d2280390dec
27-05-2026 00:16:24,D8jpYNUAWCpheDEDk8ya,1535e0af-72e1-435e-92db-f9d3faeb5ab9,True,06bf6a628379e030,3db4e6efff8b7518
22-05-2026 22:25:27,wbvlZ9Q74hP9qBUKG12g,86270285-1f30-4c6d-806c-fe5e1947da9d,True,1791998ac3161359,34cbefbc28798720
08-05-2026 13:20:17,oNlfxhG60lbNCx6Voumr,d88f41d4-c57b-4fe9-a99b-424557763892,True,19a558ecc36977ce,4c885efe7bde3ff4
01-05-2026 06:58:38,h1stIkH41VupQ3XHxDqp,32141fd8-71d0-458f-8a2c-e2119a5042d7,True,d5eb4d757b335d0e,a2fd30e5fa49ad53
04-05-2026 00:16:22,MzWpPPcYQhutM3mPJhn0,3ac08a01-1b3c-46d4-aa46-493dab8a2908,False,c6a2d85265d19a41,bc74204126e384ca
22-05-2026 04:09:30,Xz0Wjgt1jnRheP3Ie99S,47966019-5f0e-450b-9ed4-23275594dabb,False,8e7f2987241c2818,0e52f2934d8ce165
10-05-2026 11:13:35,g7Og2o4KxGnBtsEUBWmK,45200430-7362-4353-8a4a-2ff7830ef8a0,True,bbbe498ee44f6349,514af2be7dc985d8
05-05-2026 12:30:12,RjuGESGjdX4srEIKCmgL,21ecb1e2-cfa4-4e65-bf58-f2d1e508acfb,True,9d789fd91804129f,ec75a53f04901eec
07-05-2026 10:38:19,ETSCeiyhyB8qEqi4ZEFF,90d264e1-9ae7-4567-a3d0-e4a76abd4276,True,3cc68b8049eb8d4c,c34c1310eab19c87
28-05-2026 13:39:55,GbtElFUP1kq9pAwg9Tqh,be86fe6d-a59f-406c-a5e2-b624be7adf02,True,7182af742e04dc6d,9cbee3c1d7168837
10-05-2026 19:43:37,52mhEoZPOeSgvJzDQ8SR,a823cf7d-52e5-4d29-929a-52183d707aee,True,0e52f2934d8ce165,c837debb39dd1e68
25-05-2026 22:13:57,DcLGe9aPT616KFZpKaKo,a31d10ce-f822-43d5-81d0-9161f010a423,True,a8c47673d6a4f85c,daf96d2280390dec
21-05-2026 07:08:34,xSsWE1Wms2Cwf7L0aVBM,589135c6-7dfd-4ef3-bccf-dad97e5afaa8,True,d0825fdf3da3660c,2618243a251bd83f
10-05-2026 18:28:20,hd7xbDCrO48Uz6oHN437,d3098b3f-a6b0-4fb6-9808-f4441e9258b3,True,7d176c63414fcd05,06961ead71f8b1d8
27-05-2026 02:33:44,J1ktcQWpOq6IU9Qx3Z2t,fd57fe1f-4df7-48f3-b921-68f451d294e2,True,de2dde23040292bc,c31244cee16e0c77
22-05-2026 22:37:54,WJj53AlIWhdy58Ezkw6y,9c8477ec-8bfb-4ec0-bbbc-c693b34e417d,True,cb4c1290e91970dd,39a54d73a921b9f6
27-05-2026 23:57:51,lTs6dJdNh2ujwUj49jyg,559fa11d-18bc-4a42-b755-1c95177667bc,False,04964f8452901231,24d6a87b0598b02e
18-05-2026 07:43:36,rLyzS6beZ8Bka5fGFKyO,73ad4dc4-a3c9-4787-8aac-775526277c68,False,8e2e127651e9cbde,82a83fc853728306
25-05-2026 10:42:09,lcpiQCxDLunHuVOmGDuz,e86b1f8f-56f7-4466-876b-89ea71ad0826,False,c31244cee16e0c77,bb4bb9fbcfcc16d1
12-05-2026 17:28:25,2Jp7zT4N6FMvygjjzQfm,58f87a09-9e73-42a2-af45-a9ad96708073,True,95744df47936b8c4,e1bd0a847e7079be
03-05-2026 08:17:37,4DbKDHaKcjW3qOX7ZXDf,4111204f-f0a6-4acc-b5e3-6457d455e0f9,True,1b1cc9cee9f27003,923d0315f3ae2bb3
10-05-2026 09:08:22,csbiC0Avslwhsl7QmUGh,8a888722-cc0d-4ced-ad57-aecbcff8d68f,False,330949523d665e3b,72ba4e2f87adceb5
28-05-2026 18:24:09,S4vowfDgsuuPUrjt3RLj,a3398756-4530-4e2a-b064-3ca6cb49882e,False,9cbee3c1d7168837,7f281c8dbac1f799
21-05-2026 00:02:26,JDxahUqXdd1X6SH3mkzI,ba4190e4-f635-4aa7-85c1-17afd82dc258,True,517fc5ca69b652a5,8e7f2987241c2818
16-05-2026 11:48:57,WmRsbD2F9BdbInjH2TUx,746d1933-4e57-4fe1-8654-d67c8da838d5,False,1d6285f5502cf1f8,42ac1a2bf982f79c
26-05-2026 12:15:56,PDwvM2R1EsiZLHKEfDWj,02c6c9fb-0971-49d0-9fa7-f74493676c15,False,bb80f878cef35322,34cbefbc28798720
18-05-2026 06:07:45,dFsRNO7oAKdOnzNFhmGY,d6d2cb04-257e-468e-9001-af6728976ec6,True,a8c47673d6a4f85c,8dc02e5c153f83a3
13-05-2026 21:50:11,9amiW7z6TQO1ssRzWDyh,6694d133-7b5c-4acb-814f-cd5fc66a4dae,False,7f281c8dbac1f799,64a94f9052422a0c
21-05-2026 23:57:15,uJLJJRDtHcb2Bkd5HK7f,376cf397-1398-4025-bc01-408053e4aa7b,True,57e7d972b508815d,4c885efe7bde3ff4
08-05-2026 15:09:29,13wQ18qTKz0lnfKhnMIn,c3554ffa-6bc7-4f9a-944d-d36b6caa0f86,False,5e1de20fecf98844,72bd2672c948d2cb
24-05-2026 23:12:10,508l3CGw4MK6O150DWH3,b71d91ec-4887-4b39-8b21-66027c68f07b,True,b30b0b43692b035b,53c682ded6545e06
16-05-2026 03:46:13,T6AKd4oLI2Oew9zn7vEI,768c1db0-f4cd-4e39-a038-c85a0a2f2773,True,72bd2672c948d2cb,e9da39984fb29dc6
05-05-2026 09:43:32,l8Juh3gcVvmC8tY4m7Ua,d1e06ec3-66bd-46e6-b7e7-7dcbaecdc805,True,0e52f2934d8ce165,1bd749deaf799034
13-05-2026 12:21:35,aS47It8DHshGry9IkDVz,ff941cc7-0f49-4f90-88a9-0be5e8d4ad9e,True,da211edc7bac01a0,75778bdb64d1008e
28-05-2026 02:08:36,dDnMBKHlZXX7TAOPxY5q,0266ed5a-af93-4aa5-92c0-4e7685a30bb5,False,c0014ea2ee2fdaea,d57d393b16ba030e
23-05-2026 14:57:30,WgFSIZ1RXKJJGXqgH12X,2e86b989-e0a4-46a0-bfbe-40ef2e0eee50,True,556be8558ce56421,17b4966e9be4d8d8
27-05-2026 14:59:22,XEyHUCRvxP1Q3zpQQ2A2,c047dd23-df44-44ba-b549-2e9f69a5fba0,True,72ba4e2f87adceb5,e7eb35b501d57e1f
29-05-2026 01:22:41,ATrSLT1R8Nn6KLr6yw1k,5a6fb144-85f1-40f2-b6d9-fa2286ef195a,True,de2dde23040292bc,7182af742e04dc6d
11-05-2026 06:05:15,1qCnSGXVrfW6YrCTBMBB,e18cf4c5-b18b-4474-bcd8-6904b30f8e6a,True,234da97fe615c6b7,3b1338c1207d1e2e
20-05-2026 02:06:38,tA2basGdMxWlfmrvd8gJ,beda8fef-97e5-4322-aec1-28eeb5b2eecf,False,18d281edb3671f44,cbf338d836298cb7
16-05-2026 20:14:31,93agm6dwAyWhmvoOxYYq,9b78879e-a54b-49a8-9129-2d538102d96f,True,234da97fe615c6b7,cbf338d836298cb7
28-05-2026 03:14:58,RIW7TQ167qhtFyqspJ4Q,6875840a-05d6-4c90-a479-dea787a8bbff,False,c34c1310eab19c87,b30b0b43692b035b
17-05-2026 13:21:13,9wn7y2LdapSdccGQ2MHF,dab0e330-df63-4afe-ae58-5fc8d5acc860,True,e1bd0a847e7079be,95744df47936b8c4
04-05-2026 16:49:50,u2okmqgAxM44UfUpxEcM,11449c11-28ac-4d36-b877-2ea5ff32cb3b,False,057c44d337463e07,d0825fdf3da3660c
11-05-2026 14:18:35,idMKa9Q1OeB8gvysMkUz,2314e125-aa34-4a02-a2fc-2825a5000f6d,False,3cc68b8049eb8d4c,3993ad7e2565b6b0
26-05-2026 12:29:53,eTgbcBbtvMc3JaN6P0er,0f3e9eb6-b6ce-43c6-ad35-a87c7c63d3b8,False,42ac1a2bf982f79c,63d3511e9e857901
17-05-2026 20:05:47,DhGnrLTkGiYqYO016YFx,8eb65fc7-6fe4-4ece-a294-af986ca9b02c,True,2618243a251bd83f,a2fd30e5fa49ad53
26-05-2026 18:01:38,ecS6gYFCKRCjZ9eQDrl2,b9ef1698-e7d6-4ce8-9d6b-902c5df1ccfa,False,1bd749deaf799034,93279918e60ec274
22-05-2026 23:38:16,srUaQkhcWlvy0Z08azRq,0d85e9de-fe67-4ec9-80a1-b607ed70bf99,True,517fc5ca69b652a5,e7eb35b501d57e1f
17-05-2026 17:09:16,ESizVu96GZlrBNbdfUyb,ff9102df-2c0d-4bb5-a14c-a1caade9691e,False,1d6285f5502cf1f8,7f281c8dbac1f799
22-05-2026 00:40:49,t0hvWVFAScTYPNeqL1E0,4ca3fe95-7ab9-4b57-95af-c2c871b3b831,True,da211edc7bac01a0,95744df47936b8c4
09-05-2026 18:25:20,cZVqBueEFjn97XiD8XaO,4655f8cc-fcf4-48cb-8e50-b7f70720b8dd,True,06961ead71f8b1d8,c51d4eb54f89fec8
17-05-2026 07:15:22,VCTy7CFcJgt6uOy9lKSE,651f6247-f4a8-4c4a-a56d-f286696e2c6b,True,d0825fdf3da3660c,1bd749deaf799034
14-05-2026 17:49:55,ZUKuglgRGgDPTONYjSO2,a4916204-fa5d-41af-ba69-a1eef9b74d55,False,2b95dd3cf28e7c18,e9da39984fb29dc6
13-05-2026 15:11:30,29E3KoCjMbVFvSs853Xi,45af38a3-7fce-4280-bd67-49a32f6812c4,True,9d789fd91804129f,2a339e8954684016
26-05-2026 07:54:16,mxt77GrLadlcf2N6oUDH,ae27d5b1-cffc-40c5-8e18-a53689d7c398,True,2f2bd7547d602b7a,57e17fffc619e182
18-05-2026 15:14:29,po0Ife0kbBgT46uUkwMS,2122de29-a1a5-4925-936c-6960a6643267,True,7e8fb26408446272,389da1f3a7c1d8de
19-05-2026 15:38:32,cP1ZYmSOihPSc2Ed9oaT,e6e30f31-e0ff-4745-841a-08eb01c22662,True,f7af4712fd6b9108,556be8558ce56421
07-05-2026 00:23:16,Jk0j1lsxHXmek7ABpsdG,4c8f94e1-4daf-4891-8f14-b465af02dcb9,True,57e17fffc619e182,3c58290022ed11b1
12-05-2026 09:40:01,S42EyoHHmIvlNHBv1Knu,9fd214ef-7874-45d5-bed6-637370978cb2,False,0f98939ac68105bb,234da97fe615c6b7
22-05-2026 14:12:53,EA4BnvNRb41PNxllfizE,75293e4e-b12d-490b-8073-8369628f8057,True,8e2e127651e9cbde,1d6285f5502cf1f8
29-05-2026 09:00:23,5F8zU4wiFgJXCOuwwB8R,01c26846-8a0c-4a1d-8a7b-1c5142dc5fe6,True,57e17fffc619e182,0f98939ac68105bb
04-05-2026 07:30:40,kx3C4FhkgseCIg14O4Ul,4a764328-9488-46ad-a6ab-3f92d4a1ec82,True,9cbee3c1d7168837,c837debb39dd1e68
09-05-2026 10:39:07,kzgRZQQDkrA2ZGgUvPeY,254bb593-3b22-49a8-ac83-35ff3b9e8d9c,True,c0014ea2ee2fdaea,91d55d217a2af234
20-05-2026 03:04:56,gNBzera0bfBuQrIMZw9q,bbea4b52-28b9-4c65-b691-fa2bab2328e1,False,1b38ab967d98cc4e,d0825fdf3da3660c
17-05-2026 02:10:35,KXvQ5I1oBjaAKZh0s9Vs,9076d7eb-0151-404e-abf0-58af0b7db836,True,19a558ecc36977ce,91279a646f8ea6ac
03-05-2026 06:04:04,aerr7NDaqA1MyVh9DSG6,f91ac6bb-c8d7-49c9-9afa-8553fa421769,False,ae7ec9246c4649bc,430f674c6dfe941a
20-05-2026 09:52:42,O6aiC4otHbZsOaOY0acW,f657008d-b7b5-4bec-bc10-cdbb42fd2243,True,3811390588367f0e,d0825fdf3da3660c
14-05-2026 08:37:52,tlnGWJGCbNulwdWExo51,3ec6a0a0-78f0-4e4b-9ed3-e18832ec57e8,True,bb4bb9fbcfcc16d1,b8e78b83a62a0cb7
12-05-2026 17:00:07,7dEcejgcmrQeqkAzHM6u,47947bbf-1629-4b13-a8fe-9eea748af962,False,1b38ab967d98cc4e,2618243a251bd83f
28-05-2026 20:51:40,yRO0tdvOxlHcTKmrOkok,e4b4c7f1-fce3-4b02-b388-39ce23e73fda,False,cbf338d836298cb7,556be8558ce56421
07-05-2026 22:19:51,MeDzXgNkkHA8tk3OrW0n,65a277e3-eac2-420e-b32e-d70888624c31,True,b30b0b43692b035b,5afe6ceac06784f5
12-05-2026 14:39:11,B0kbrnhbAOvX3v28AHb5,8548c62d-2008-4dfa-91c8-4f2c53b33cfa,True,57e17fffc619e182,ec75a53f04901eec
17-05-2026 22:30:38,f44VrUcoomqgKZkUQO5N,dc3b1cee-b3f7-431a-863d-3728e2fa74a3,True,b572bc65fae8bec1,93279918e60ec274
05-05-2026 08:21:49,XEsktuKUdhJ4Iuh4B3M7,afa9467c-6789-42e1-97b5-db2a8915cd4e,True,e8c9832b5c388bb5,da211edc7bac01a0
13-05-2026 05:34:40,LRTQHyOvAK4dYfVNKHBQ,e3aac0c8-11d2-4e88-80bb-165e9df4ba6d,True,fb188f553674b4c4,102edb38b5ec347f
09-05-2026 17:05:05,nBz6fGSo2Rey1QcOfhwB,fba3c1c6-26b9-4af1-a73a-d53bc0062838,True,cb207a93391638cb,24d6a87b0598b02e
01-05-2026 17:03:31,DL8saGHn0BBKG9h5S5IO,6d1b8570-36b0-4867-89cd-7db423d9e52a,True,517fc5ca69b652a5,3c58290022ed11b1
12-05-2026 05:28:58,PhhuoOx95m3XwcAtdecO,7e30b6bd-0066-41ae-8097-f77336f0f44d,True,1d3db575c4a79d75,e1bd0a847e7079be
30-05-2026 05:52:14,7wtya4NSR2YwgVzLDd3Y,33b9c6e3-6d3a-4779-b2de-577d0429e3eb,False,c85cdb0ef48d09c8,e9da39984fb29dc6
25-05-2026 23:32:46,26ab6CaD8aD150u4ELRi,2a857f9c-8a85-4eec-b53c-bbe872ae927b,True,cbf338d836298cb7,234da97fe615c6b7
17-05-2026 01:40:29,OWDN24TAbpvkzOS5U3X8,c30761f9-7885-407e-b028-9c2c21b43cb2,True,d5eb4d757b335d0e,153c202e3cfef4ba
05-05-2026 15:23:19,QVyarV0dN0m6Wsf8f0h2,7cd7feec-f927-4b34-8381-ba1041917342,False,d57d393b16ba030e,e1bd0a847e7079be
05-05-2026 00:50:01,owGsSX9lnV4CTtxoAFra,5e0b2d5e-f7f7-4bfe-9c86-7080acc8ca9b,True,7f281c8dbac1f799,64a94f9052422a0c
21-05-2026 23:06:14,Cew5GNffQ7gLbdmPoaAr,f600b417-ce97-4a46-8ace-f1187201fbc9,False,eb39e98aca20e7d3,a8c47673d6a4f85c
09-05-2026 23:52:09,phCy80XVcAEYsUkdHOKm,d9915db8-57f2-404e-b4b9-2d71ff6b45cc,True,a8c47673d6a4f85c,e84878f982129128
16-05-2026 10:46:17,XNKFSFIzphNLcOHnFdXE,c1a78d82-ea54-4dbe-bdb4-c47e6752b485,True,57e17fffc619e182,2f2bd7547d602b7a
01-05-2026 09:48:05,EoKRsESrlUg1aIx0oEh3,8d71475e-8372-42f2-a846-e4ca70e8d868,True,a8c47673d6a4f85c,53c682ded6545e06
28-05-2026 03:28:51,XR86mNiGn6GUnDOCsKJD,b76bfc41-1e2a-42e7-a7fc-73e8b0ec9766,True,53c682ded6545e06,bc74204126e384ca
19-05-2026 05:55:05,xJ081WbeUULw4NkdjKil,1725c48c-26a1-415f-86b8-af4544a0b025,True,bb4bb9fbcfcc16d1,153c202e3cfef4ba
13-05-2026 00:45:36,mUUDbpa5H3pIBByFFNds,6f363057-75e1-4152-9b7d-bb5637f36e8c,True,1d3db575c4a79d75,3cc68b8049eb8d4c
23-05-2026 23:13:50,qg5VECp7HCvZNLNggTHj,a9e99de1-df45-495e-ad2a-9dd0be668a0e,True,e8c9832b5c388bb5,5a7b6516c51a4d4e
22-05-2026 03:29:50,coxSSurAGUPyrQcu9uFD,bc1b9027-3281-4c50-9cec-38981ae24746,True,3cc68b8049eb8d4c,19a558ecc36977ce
19-05-2026 19:33:03,LFaEMiy4PdrRHuvRZ96K,813e4c51-73c9-4904-8648-405301524a51,False,d632e4ce536ec364,39a54d73a921b9f6
22-05-2026 16:53:12,sw10In8qqghunIFnF9AV,762ab900-70a9-4848-a8a0-57744ae6799f,True,b572bc65fae8bec1,e9da39984fb29dc6
16-05-2026 12:31:32,65EuZ1PFMXaBZUh5W9u6,d59ecb43-1399-4d6d-a980-83166e9f1b0f,True,5e1de20fecf98844,3993ad7e2565b6b0
02-05-2026 17:02:52,hDjgboO3tVm6DHMA94Sj,7fafc48e-b5c0-4473-ac93-b8ef8fb7a7ce,True,bbbe498ee44f6349,d4389e820d4f82fa
23-05-2026 22:06:46,YPbwl0TXLBtSFpVlyPuq,22fb751c-4a34-4079-b105-fefab334aaf4,True,4c885efe7bde3ff4,b8e78b83a62a0cb7
29-05-2026 20:58:14,AMPvqIyXwbGzBaq5gyRf,3499efee-1517-49fb-bb38-a181be65b371,False,2a339e8954684016,b572bc65fae8bec1
07-05-2026 19:45:51,vylWE2gNRu2tIhxRaqgL,85c76657-3b1b-4847-ba18-407015ca1d07,True,b30b0b43692b035b,c34c1310eab19c87
01-05-2026 07:56:52,WFX8FJqc3R5SuNrfMF1u,9f21be0d-20f3-4a57-ba58-217f67ef74e9,False,131c7dd8f3ab4b35,19a558ecc36977ce
25-05-2026 15:38:58,x4hFVh0Gr97kZIasHLGC,360144bb-8785-4df6-bd52-ce1fb8ca88ad,False,e84878f982129128,8e2e127651e9cbde
10-05-2026 17:08:26,JNiTBRS4cwSB8qbvBmma,d346de04-c687-40c1-a0c4-572c2605a940,True,7e8fb26408446272,f7c6682ad24d37f8
25-05-2026 20:11:34,t6RSY3865xJOk7zdTxSe,f9a6e592-8ce9-49c9-88f1-abf4c5d888e1,False,c837debb39dd1e68,bb4bb9fbcfcc16d1
05-05-2026 10:03:30,ITLmdh4izQYU2cfdUg9k,76a87e4d-b918-4237-b9f2-1cd0c490f950,False,34cbefbc28798720,6214b1b462c04096
03-05-2026 18:50:42,geOcd4LSR5P8EdUbRyVz,0b8de1cc-23e5-46b9-8000-acb390acddfc,True,19a558ecc36977ce,389da1f3a7c1d8de
13-05-2026 02:45:02,6lHwu5chU0tOR9r3ggeO,05b83e8e-5040-489a-b612-6c98f23f467c,False,7e8fb26408446272,c7f34dc43387f858
12-05-2026 03:16:26,CCSf18jxnD070MaQ17qh,2e0702ae-e47e-428e-b020-e3896bfe14c7,True,9d789fd91804129f,18d281edb3671f44
05-05-2026 02:59:06,Oh7F4xiaNixfRbiKhbl5,0126be07-698d-4f00-94f6-2618476fa0f2,True,04964f8452901231,d632e4ce536ec364
07-05-2026 12:02:16,OFz5pmiMOV2sGvTfU1CV,8db8c4f8-cceb-42d3-9906-26efcb89ee22,True,8e2e127651e9cbde,e1bd0a847e7079be
16-05-2026 23:41:16,HrAAAnBsRgqMC7pm8KTS,1396b709-0f9c-4c14-8339-c42e11da9596,True,04964f8452901231,1d6285f5502cf1f8
03-05-2026 09:30:56,ZTn7S9Q163R28VPkLNkT,f6043f24-e5fb-4026-8214-71f1fe215446,True,9d789fd91804129f,5311a0642c2564ad
14-05-2026 00:34:33,hwky08Z30H7E1y71UpWj,b844c5d9-59df-4ae7-9fea-a939ae225824,False,3bc1bf7fb69f3ba3,17b4966e9be4d8d8
11-05-2026 17:03:27,MksXAPAERLfGh6N77vvr,35ef6c95-27d9-44a3-a96f-1510c78a3b98,True,3bd002cf1fcfa789,c34c1310eab19c87
25-05-2026 14:16:52,c7BYzp3f4HUxGOoJxHFh,1230bd2d-75ae-4cf4-b9aa-fe75b727dada,False,95744df47936b8c4,487b076a69a53671
07-05-2026 21:15:12,lSObDgrZjxTcXzNC3Y61,e3731f51-4ac3-42b6-8909-dd7e3e45f191,True,06bf6a628379e030,923d0315f3ae2bb3
02-05-2026 15:44:36,TinyyD5Gl83jlIPWboP0,6d0c2c3f-2d45-4486-87aa-4694778693bc,True,bb80f878cef35322,34cbefbc28798720
10-05-2026 06:27:25,fz7eVaLO0LX1Bbzfv66f,a82000d6-ba38-425f-b2b9-c3ee01516237,True,c837debb39dd1e68,63d3511e9e857901
11-05-2026 16:21:44,kRbtgkB8gP9dbeiaB9VH,7875006a-d52e-4927-aa13-cbbde13639dc,True,131c7dd8f3ab4b35,1bd749deaf799034
10-05-2026 05:55:08,hbh5URRITicXuTaxvBSI,502d9897-91a8-40c3-93a6-ee36c97594a3,True,34cbefbc28798720,24d6a87b0598b02e
24-05-2026 01:51:20,rGi1kZpBRf2DiNjO2TMv,34dd3cb9-9c04-4303-a006-965334aede37,True,c7f34dc43387f858,e8c9832b5c388bb5
19-05-2026 19:50:44,gm7JXbD9ULB1VXFTeJ59,d7373468-614b-446b-a073-5559a5387252,True,5afe6ceac06784f5,517fc5ca69b652a5
18-05-2026 10:51:11,APyt56xSd5JUAThcjsWq,d3ac81b3-3a87-47de-b524-b8ff3865f39a,False,102edb38b5ec347f,867d47425e9cccc7
01-05-2026 06:06:41,Jw8ztVujafL4AewXzwHu,fd45ea31-9d2f-4ab5-a7aa-00cc36b6423c,True,de2dde23040292bc,ae7ec9246c4649bc
15-05-2026 01:21:22,y7hplnigK7fmS1XGCkzo,69c5af91-20c7-4832-8cff-69cbc82607cc,True,b8e78b83a62a0cb7,3993ad7e2565b6b0
28-05-2026 11:39:12,2BxLGFTgfX6CYLAYUd7k,b7115828-a092-42f2-9080-6ee85608b0d2,True,7182af742e04dc6d,e9da39984fb29dc6
18-05-2026 14:21:38,FC6TXRBfdwgioRhxbKTg,e5a93d5c-1b41-4b69-afc3-8bffc07dc609,True,b30b0b43692b035b,1d3db575c4a79d75
01-05-2026 19:42:45,S2rUQM3QSYXtXUlVFo4H,5805bfdb-7ed4-423c-a447-b35e3c8d4c51,True,f879804e4456e5d4,39a54d73a921b9f6
25-05-2026 15:58:18,pc9S8LPgXF5Y9TBpMill,5d08f8a4-a3d4-4e97-8558-f8dc4396dfbb,False,1b1cc9cee9f27003,102edb38b5ec347f
15-05-2026 10:28:22,oz91uQFjexwg7Jk2tJ0t,3b3ee6ab-f75e-4e93-bf2d-6e76fbab3da7,False,e84878f982129128,5e1de20fecf98844
18-05-2026 16:31:24,MXTqoW2etj7XQRPGAOGs,daa334a1-20cb-4a76-8870-0c1a0550fd71,True,131c7dd8f3ab4b35,ce246387dd078174
28-05-2026 07:51:46,2Vvt0F7tlyvPq7Llerhl,77b0f9e5-f35a-4e6f-925b-3d59e3d69c31,True,6f36a3307488809f,42ac1a2bf982f79c
06-05-2026 21:40:31,NJu6C9J94QqfnYHSuY1F,c42ffc0a-29a6-4c34-9ade-efd1f4edce79,True,7182af742e04dc6d,cb207a93391638cb
02-05-2026 19:01:23,s9vj308Fi92AsJ1cIdCz,5b106238-559f-46a7-93c3-ca01602d9235,False,91d55d217a2af234,c51d4eb54f89fec8
29-05-2026 17:37:44,KOhOAYkZ4Wrd50OSL45X,943418c2-21ae-4a91-91f1-878917747713,True,d632e4ce536ec364,153c202e3cfef4ba
22-05-2026 23:34:28,sFd5Z6hg9meixkT2Xd6M,7c0fc355-dd27-4f2a-931b-e082a77b5d80,False,e7eb35b501d57e1f,de2dde23040292bc
24-05-2026 05:20:04,okAOd4BAeNMAX6myT3FN,47cb4518-02b5-4c47-b882-411dab64f9c5,False,3c58290022ed11b1,8f8c45c33ff51d0e
27-05-2026 02:21:31,YSQTxiXhgIhKXqXjbN2a,19b60c7c-3899-429b-bdbd-cf4dc9cf610a,True,c7f34dc43387f858,3811390588367f0e
19-05-2026 14:33:28,rbxX8k4b4Iqzh85dlwIG,7ff20142-54ae-41dd-a68c-2282fce2b5f7,False,53c682ded6545e06,34cbefbc28798720
25-05-2026 06:00:29,jw4z3xqBfxAklW7II00Y,7e5e6ecd-bae1-4be0-ba26-79dc353813e8,False,e1bd0a847e7079be,bb4bb9fbcfcc16d1
16-05-2026 11:23:43,1Nsnrv2KB0bVG9xPZkEZ,28dc4938-120c-44e1-9bfa-9ca38664aa88,True,102edb38b5ec347f,330949523d665e3b
21-05-2026 05:27:23,XpDOro7e1vdPX5nDvKQV,e4098d26-490d-45cb-a6c3-69d288cdb7b2,False,f7af4712fd6b9108,82a83fc853728306
15-05-2026 23:27:39,C7EOFNWK7T8N4dqfUyqP,59020583-3914-4ed9-a4e0-7630287e2a35,True,7e8fb26408446272,1791998ac3161359
12-05-2026 10:34:47,a7FC0nkNVNycTdnaJ62H,216aaab7-e607-42f0-9d96-964bbf28604c,False,24d6a87b0598b02e,0e52f2934d8ce165
13-05-2026 06:40:00,fZXLKgc1rcubmozOoaOn,a11a552b-cdcb-4743-8110-efe9616eb27e,False,923d0315f3ae2bb3,c85cdb0ef48d09c8
23-05-2026 19:35:51,pMLdceb8kBk89Ivp9uaF,4be38029-deab-43a4-b835-2cf168a10d51,False,55b620d8c0ab41e0,95744df47936b8c4
25-05-2026 10:53:53,W2UTVfQ2CC3n72WqfuTN,401442bb-fbb6-4a52-8066-0a961cc98e51,True,e84878f982129128,fb188f553674b4c4
28-05-2026 17:04:59,yTJsGx0NGx34sQUZhsEY,44646865-7d6f-4d13-82c1-8c8b65fe45e9,True,91279a646f8ea6ac,8e7f2987241c2818
14-05-2026 19:34:57,pzVHY2rHXdGccahu01pl,f62b9a36-74bd-4d6f-840b-2d11ec0c7f90,True,b8e78b83a62a0cb7,e1bd0a847e7079be
26-05-2026 01:05:19,a6UV8XTCWkwWMSJiAQxX,a5e2f7c9-c652-4640-b36d-e5b3c19c9206,False,6588d11c4a11acb1,7e8fb26408446272
10-05-2026 02:30:27,tsEbHXrt0A9K3VPFxFBH,11a4a74f-6204-42cf-9a55-f03437cf053d,False,eb39e98aca20e7d3,fb188f553674b4c4
15-05-2026 06:13:59,rVwPwNDBeXKyLcKZJ3U1,1a181963-aa68-46ed-9526-7bb231258cb5,True,1b38ab967d98cc4e,5e1de20fecf98844
12-05-2026 20:14:26,2tQi2UfHaeU9SCayi8JP,31610fef-6478-4712-9355-b4270835331b,True,1bd749deaf799034,8e7f2987241c2818
13-05-2026 20:50:26,7F2A9vStJx08WDqc7xkl,1b8c709b-af95-4526-868e-471529f2b0b0,True,13db178cd9a1e37a,bbbe498ee44f6349
14-05-2026 23:40:11,fpbsSlXqjqqjxmouUDFb,bc5873ac-3b01-4a19-b314-05cc36c93180,True,a8c47673d6a4f85c,bb80f878cef35322
02-05-2026 15:25:13,DAYTJZTacBkW5lxeF0mu,bf86074c-4bf9-4c31-b9c2-1760c228e743,True,42d576864f9952c7,24d6a87b0598b02e
04-05-2026 04:56:57,mnWYtlFeJgRyjGH453LI,8978bbb5-c93e-4c02-ad38-43b7a144b087,False,8dc02e5c153f83a3,17b4966e9be4d8d8
22-05-2026 05:16:07,uewyTWSRjzx11MwoJHBE,d2318c8d-ae15-4af3-a19f-35189ced5e4f,False,153c202e3cfef4ba,34cbefbc28798720
04-05-2026 14:55:23,gtbesbFUQzxiEmovk6Mx,e491f192-721d-4e4a-8ab6-de86f370ed0f,True,2b95dd3cf28e7c18,72bd2672c948d2cb
02-05-2026 17:12:04,hV9MXSeDHXj45VTU11CY,9e52a356-63ed-4b45-9e46-c5a0124aa116,True,153c202e3cfef4ba,487b076a69a53671
26-05-2026 10:20:44,o8Dpx4TFt6bAv4MgT5Z0,b1df35c5-7ac5-487a-b971-3ce0f6ac85d2,True,556be8558ce56421,2b95dd3cf28e7c18
05-05-2026 06:57:44,gRI4fiklv8KCWcyX0TiL,8a8ebf6c-b15b-4f1a-8255-e5fd20dfd4b5,True,72ba4e2f87adceb5,8e2e127651e9cbde
20-05-2026 00:32:23,7IW7B95P3t0DfxbGoxLN,14b5ab57-fddb-46b2-bacf-4ddcf35cebd1,False,ae7ec9246c4649bc,a2fd30e5fa49ad53
12-05-2026 10:09:20,14BE7sd3TjdY8VhNnHEL,dd4dbc56-fb72-49b6-86c8-55ee43c14271,True,b572bc65fae8bec1,430f674c6dfe941a
15-05-2026 08:14:27,U8mLsApNCm2FpHORn24C,e9f90e44-3054-4d4c-82e4-4f5bb01555ee,True,389da1f3a7c1d8de,3bd002cf1fcfa789
30-05-2026 19:54:16,UhqclWaiHMS8T18ztqTs,1ce7ea68-526c-4a4a-913a-0e42a9318551,True,8e7f2987241c2818,1b1cc9cee9f27003
27-05-2026 07:04:19,hDKEPGxylybM84xoe5Cy,1c5e4ac5-0693-4350-8169-93c225adabaa,True,da211edc7bac01a0,eb39e98aca20e7d3
23-05-2026 04:03:05,B7uTUaYV772fudOQtPAA,551c949f-aa40-4e9c-9699-2a2d97ed9562,True,1d3db575c4a79d75,57e17fffc619e182
26-05-2026 20:07:22,oymDwlp3yQ6X9LzOUdVN,ce29cff5-5582-45b6-9fcf-a3d25310986c,True,c31244cee16e0c77,8dc02e5c153f83a3
24-05-2026 11:31:47,p3Yetf96U1iXrJMHQmPy,2b2330ad-e0c4-4ca8-9e6e-619465ca421b,True,3bd002cf1fcfa789,c6a2d85265d19a41
30-05-2026 09:36:23,SG7pdWmIyvnK1nTXVZ87,981f94b1-3edc-457c-b627-7fbe1114df69,True,b30b0b43692b035b,2b95dd3cf28e7c18
26-05-2026 07:57:35,xlHSCHuQh3yEfmtxKTrx,bfa3e8a9-15f8-4769-8ade-4ca357aa13de,True,574582321d04df00,daf96d2280390dec
21-05-2026 07:01:30,cSA7H24ZF5HNnVTckjPh,64907f62-3c42-4e05-ad61-09791b337d92,False,2a339e8954684016,c7f34dc43387f858
13-05-2026 16:52:43,my0XeTxKr1NhxXxbxBnT,352049b0-c581-49ba-8084-d489ced2a194,True,42ac1a2bf982f79c,e8c9832b5c388bb5
05-05-2026 00:06:55,PEv0CdHgH6L68p6zKlqJ,4f0e8810-eab9-4c1f-9186-6deb30d75493,True,487b076a69a53671,bbbe498ee44f6349
09-05-2026 12:18:57,kmdhnDpAR088VlNkQavw,b7ee4e5b-31c8-4fcd-9459-0c72f15f0e84,False,19a558ecc36977ce,5e1de20fecf98844
08-05-2026 20:34:51,orriiAAh61EtBtCZuLIe,48ba14ac-d852-4b26-aaff-36f16e151a23,False,55b620d8c0ab41e0,57e17fffc619e182
30-05-2026 08:57:51,3BR88QJSZXk2aqYRHHpi,f5f2c6c6-9d00-45d2-8104-556162831ff4,True,c6a2d85265d19a41,8e2e127651e9cbde
11-05-2026 17:44:45,JK9VtJJxOOq2YMD9YWcS,8d21525f-32f2-4d4f-93c7-95dbac9d26fa,False,13db178cd9a1e37a,3993ad7e2565b6b0
25-05-2026 23:55:07,PK3YInBZ4msAcJXRgZGB,d5db551c-84be-400d-b63e-a9e53f21b2a7,True,5311a0642c2564ad,2a339e8954684016
18-05-2026 08:50:01,r4shnwdHA4WIWv3h0lRV,ab4a1e38-37df-4343-ae10-ff5259facd2c,True,f879804e4456e5d4,39a54d73a921b9f6
04-05-2026 13:29:17,B8Pg1HQNK9PQj62lERJ1,dc720799-7c18-4456-a1cb-521999ff7157,True,06bf6a628379e030,8e2e127651e9cbde
24-05-2026 02:21:49,bOGgG5gAGdBQ9ZqnmBBB,fbeead05-c298-4214-ab52-f0493c18db3e,True,18d281edb3671f44,c34c1310eab19c87
03-05-2026 05:22:29,nSfO3xuzohFFWW6Bq6JX,f0af3596-12ba-4f6e-acd7-4d220f8d5b0d,False,9d16533a62ab9315,57e17fffc619e182
22-05-2026 19:07:46,edgB3HCSMVZA7EjRX71h,37440b34-14b8-46df-8c1f-8a83b2ef711b,False,cb207a93391638cb,7d176c63414fcd05
20-05-2026 04:08:12,D14K4phYphbLj5dLzsLy,df4dd309-4bb8-4241-a9a1-e8b46684ece8,True,d4389e820d4f82fa,552b8d6c350cb13c
15-05-2026 19:21:09,vBKnQAZMraRi46PfSbVW,e74a621c-4316-4ee0-a895-1dc970f652d9,False,24d6a87b0598b02e,6214b1b462c04096
01-05-2026 04:05:24,CzbJCpsNB3vJLUFuUtev,15fe6d59-6d16-4833-9648-74669271db6b,True,3b1338c1207d1e2e,057c44d337463e07
05-05-2026 23:16:00,EwCmYgZbnkykW4FeL3TG,3100251c-21d2-49fa-a256-f8ce9191750e,True,f879804e4456e5d4,06961ead71f8b1d8
16-05-2026 23:38:54,PJKKsVhtlBMUNEhkG1MU,56d2f1ac-a396-4a99-8189-b5df7cb919dd,True,7182af742e04dc6d,f879804e4456e5d4
29-05-2026 13:03:03,cfQOVMJtxxcKCvs6jcrD,221a94ed-d9ce-4f2e-81f2-ad6c7008b5b9,True,a2fd30e5fa49ad53,93279918e60ec274
22-05-2026 00:04:42,oyDFmyBnEbz9svUH29N5,b76c9605-affa-4c80-aea1-96b977af5108,True,93279918e60ec274,1bd749deaf799034
24-05-2026 01:21:09,c8w1PsMnZ4NxNiHYjVDe,84efded7-6849-4fbd-b132-754ba4b0d016,True,17b4966e9be4d8d8,b30b0b43692b035b
02-05-2026 10:56:43,bUaeoCTKffXw0bVEhkM7,713159fe-5010-40d2-8f05-5be066c982fb,True,5e1de20fecf98844,9d789fd91804129f
30-05-2026 04:41:23,LIQWJQYsCFRSfjdDVpxQ,404685aa-5877-4405-967f-5b3ec63dce10,False,57e7d972b508815d,c51d4eb54f89fec8
18-05-2026 11:09:23,UUaBiUCt4B8ZqK53Cqqg,54ebf248-f750-4491-ae7c-5e8763dec7af,True,d632e4ce536ec364,c837debb39dd1e68
23-05-2026 13:48:38,zBxYRpTxugSbVg3H7N7Z,c0ff3337-8399-4182-94a1-ba0357283961,True,3db4e6efff8b7518,91d55d217a2af234
19-05-2026 04:49:36,dnxjsKUGqLs4Zs4R3m6a,fecd51ee-33b0-4bbf-adf2-4d958f710db9,True,39a54d73a921b9f6,91d55d217a2af234
24-05-2026 17:59:36,QuuW5oKTMRSXq6y11tKQ,71267782-9b67-4056-8e6c-88133f55db5a,False,3b1338c1207d1e2e,9d16533a62ab9315
10-05-2026 00:29:14,D2Y3Cz25bW9mMDKpf9ct,645ecf73-9482-445c-8bb2-dfcfd46c6d23,True,517fc5ca69b652a5,3bd002cf1fcfa789
30-05-2026 13:00:28,61JBOoz3IHkU2YlVZwYo,451d0575-7d30-4aaf-a2d0-1cc900d24e17,False,8e2e127651e9cbde,39a54d73a921b9f6
17-05-2026 08:07:46,hRBQvNCoxFy3kY7F3r9R,e4b85110-5b3c-4394-8959-688bfc48e316,True,c9ab51cba10ae1e9,8e7f2987241c2818
07-05-2026 03:42:06,gK2OnqBJx75txKz6aelI,fd95252a-54d0-4795-bf34-ab7e4bd29f9f,True,19a558ecc36977ce,e7eb35b501d57e1f
08-05-2026 08:55:20,SGuxnq5yfu8DGGWVwt2P,90880053-99f9-49c3-8f57-b94d604e9f82,False,13db178cd9a1e37a,ec75a53f04901eec
19-05-2026 05:21:10,VFsWl68RwglOxersBjEb,97efea3b-7015-4f21-b470-9b24306507c9,False,3b1338c1207d1e2e,514af2be7dc985d8
23-05-2026 16:58:31,RlSzJLG0iXOsKcr2sHaM,6b673870-b42d-42f8-899a-2730e19bea82,True,42d576864f9952c7,c34c1310eab19c87
18-05-2026 23:25:33,AYrZhmMWRAidGPvKM8t1,084b14a7-281d-4f10-8899-b1d3fe265708,True,d5eb4d757b335d0e,5e1de20fecf98844
10-05-2026 02:35:13,mq1LRh6vzSAMWEj8zqir,50a18d9b-8103-463c-a7a8-cc2ab1df0d54,True,c85cdb0ef48d09c8,574582321d04df00
27-05-2026 06:59:33,R8OeXNvNieqqHq4iVNIG,a6f20e84-9066-41ef-803c-cf0451bd1354,True,1bd749deaf799034,93279918e60ec274
10-05-2026 07:04:32,8dPA2GH0Jx2a5TpnGDNd,850929ec-b0d1-48de-ac74-211c8c0bbe17,True,d57d393b16ba030e,63d3511e9e857901
15-05-2026 15:18:02,nglVq8HihubkttcFTCrY,fd7d64e9-57b2-40aa-a4f2-e48e28d997fc,False,bbbe498ee44f6349,8f8c45c33ff51d0e
22-05-2026 16:40:00,YnpkOnMhlw6r78aRjfYR,f095f03c-155b-4fc3-a42b-eb9a705c921b,True,53c682ded6545e06,ce246387dd078174
22-05-2026 01:39:24,bT4BCugE9ZCPEyIplSM4,1a1e4c04-a496-4efd-a6ee-c45a5a091b90,True,93279918e60ec274,39a54d73a921b9f6
10-05-2026 23:55:38,tlmiXhNuOTrVdivB3Gwy,1a0fd309-7043-420a-b97c-8688faaba69f,False,bbbe498ee44f6349,06bf6a628379e030
19-05-2026 01:17:51,e2dYeRHzgQpOIX3Os7i4,1bd4531d-2625-4a0b-bcad-49bf4a1a3571,False,7182af742e04dc6d,8dc02e5c153f83a3
29-05-2026 00:28:13,D3jfzgsYeEYolmGB14gU,2e568ac7-a87f-4a2e-adde-c6db3a5108e5,True,2b95dd3cf28e7c18,daf96d2280390dec
04-05-2026 16:44:23,SwL7sGYp0GGnriOabnDH,129cd42b-7c66-4a28-8129-510ed5b1fb10,False,c9ab51cba10ae1e9,7e8fb26408446272
11-05-2026 20:49:10,lZyBc1avIXF6znSKxyEq,ac876831-f5d4-4dbd-a282-47c2be90c608,True,867d47425e9cccc7,cb4c1290e91970dd
15-05-2026 23:44:42,1qAYGA2k173KRbaQEo2Q,0a248ea6-958a-4497-81f9-fdacf3f587fb,True,13db178cd9a1e37a,13db178cd9a1e37a
28-05-2026 01:01:23,mKxb6M6Q9qac3hsO54ed,0b8f5f98-176b-494f-a5de-5c9a23a55717,True,f879804e4456e5d4,517fc5ca69b652a5
08-05-2026 08:45:37,0J601ncRmd8tX0btUkLi,9b77af50-e594-4584-aea8-47f1969d31ee,False,3993ad7e2565b6b0,7d176c63414fcd05
07-05-2026 04:34:39,SlNRPbzaOg51JnxxbOq5,4044faaa-2167-4975-bdd1-0a6f1421ceb0,True,3cc68b8049eb8d4c,06bf6a628379e030
06-05-2026 21:25:20,RKoPoYrLKh2wXaYwRVXf,e2ca38d5-dbf6-4c19-95b5-8424ccb546ba,True,cb207a93391638cb,c85cdb0ef48d09c8
12-05-2026 22:25:59,OeP5K5pdsGlmK1ZxbFBR,19b0a5b3-c7c5-4f5a-a9b9-3e9e0cd1747e,False,c9ab51cba10ae1e9,7d176c63414fcd05
17-05-2026 09:04:03,A1EGhHVORYWZfwXE7fuz,fb355ccc-22e4-4ebf-8be5-05c2608657c5,False,2b95dd3cf28e7c18,c31244cee16e0c77
06-05-2026 09:15:12,94Xi7Xv7mWtSxwg33rVy,8d0e6c80-2e19-48ae-a56e-e14149dbb64e,True,93279918e60ec274,7f281c8dbac1f799
30-05-2026 08:48:28,Ug62Z71nOTMHh8rUy97F,94dac4e0-cb22-4860-91e9-17c6d513e3c9,True,5a7b6516c51a4d4e,8e2e127651e9cbde
09-05-2026 20:10:29,bOr6tofGEHgXvHslhTAX,f0fc7a35-5be2-4cb9-a9a2-2d560838f0c9,True,c34c1310eab19c87,5a7b6516c51a4d4e
14-05-2026 16:51:57,63rKHE0wQIctTbdXcHtg,679e6367-9b2c-476a-866d-9bcdfb783012,True,e7eb35b501d57e1f,bc74204126e384ca
28-05-2026 10:51:43,BB94dUgFtRllcez7VZzb,dce4c903-6e3c-47ad-8e82-d18eff3cd711,True,517fc5ca69b652a5,3bd002cf1fcfa789
07-05-2026 11:36:30,Ni0ffNg5ZCMkoaJ94suZ,5ea9b807-1ae7-43e1-b6c5-bed18eb30501,False,1d6285f5502cf1f8,91279a646f8ea6ac
06-05-2026 09:52:53,9HXbP3CL7QVRciXronCW,998f042f-6ee8-4427-a385-d7419c866c40,True,430f674c6dfe941a,93279918e60ec274
14-05-2026 19:48:20,E1r4uBAq1XMLUQAYtBBX,62a5d2c2-ec58-4bc4-818c-6ad66f0392a3,False,63d3511e9e857901,d0825fdf3da3660c
29-05-2026 17:57:59,i1RxxXusDonEBKr9Kuq4,07be5464-3fcc-48ec-9281-ed22ea4ac516,True,7d176c63414fcd05,daf96d2280390dec
17-05-2026 18:38:30,k9c7eZJ0raapsOOIWbbp,eace81af-c567-4563-9693-cea653e5d252,False,d5eb4d757b335d0e,e7eb35b501d57e1f
03-05-2026 11:11:01,srjtoowDyyEbntMlxSrt,587cc4b9-dc65-4a5f-ac53-88fdca5fd353,False,2618243a251bd83f,1d3db575c4a79d75
18-05-2026 14:36:18,oRu7dQBItYo0emQq72n1,a51a859f-0037-4b54-84d8-60c6a83c2f7a,True,c31244cee16e0c77,c9ab51cba10ae1e9
22-05-2026 13:09:46,mkSz9vMJUjJZ4WpADoZ8,95f3318e-1595-47b0-a761-546de698c2fb,False,b8e78b83a62a0cb7,de2dde23040292bc
18-05-2026 02:06:20,wyWFSc1hPgtjSdHIAESv,50ea54af-c56e-4a8c-8a37-ecdb3d16a204,True,daf96d2280390dec,7e8fb26408446272
06-05-2026 17:49:06,wiwyZAjaWOviACbthZZN,b88a50fc-f409-4343-a88d-b7ef68b001ec,False,bb4bb9fbcfcc16d1,06961ead71f8b1d8
04-05-2026 14:53:52,5mo6ZXNqZJBYiT5GJqVQ,9ca5d3a8-6f17-4cd2-ab97-96c1d239f6b8,True,17b4966e9be4d8d8,de2dde23040292bc
07-05-2026 15:47:39,u6NXvZ0kKR4sl1a1b9LI,88a9b36f-3649-4606-ba93-bb28fa3e346e,True,8e7f2987241c2818,8dc02e5c153f83a3
17-05-2026 17:22:17,fcPlwRrD8ytha7F3d1o0,52164371-7f31-47d1-9a45-8cbea52121a8,True,cbf338d836298cb7,91d55d217a2af234
28-05-2026 08:59:02,NNybOStAKUxE1sIjSapj,e890b373-ad91-413c-91e2-ab9cb8f2d757,True,34cbefbc28798720,5afe6ceac06784f5
22-05-2026 14:59:16,uXnOItDsKULfX3sJkYkg,ad6a658a-3aed-47c9-b74b-59b9e1e15166,False,517fc5ca69b652a5,f7af4712fd6b9108
20-05-2026 03:52:08,9Od11IXnN5aM9sKvM2T6,ce79ec26-731e-42f6-b56e-4a67a12c8e3d,True,8e2e127651e9cbde,5e1de20fecf98844
07-05-2026 03:00:07,drFcJctDJjy8g3LKSw4X,a2d31aa4-64de-48f5-a39b-638f789ede20,True,c7f34dc43387f858,de2dde23040292bc
18-05-2026 15:53:47,H5HFdA5MhkEoYur3pXkI,6b9a071d-3a14-4509-b9d3-14ffbd8581ff,True,ae7ec9246c4649bc,3bd002cf1fcfa789
30-05-2026 10:08:41,tXliv6SuYz1EouvvHOrL,fcfef5e2-dbfe-4cf7-8a1c-c1e9e7743666,True,c85cdb0ef48d09c8,3993ad7e2565b6b0
16-05-2026 01:13:22,rVscC2UyvwRHyzrjf0cb,3ee94789-1239-4821-bc35-6407bfc79a25,True,bb4bb9fbcfcc16d1,3cc68b8049eb8d4c
17-05-2026 14:33:33,PuY2Q5viyFovCi6vteQO,4e4b50da-abc4-412e-9ea8-40a8dd0efdb8,True,9cbee3c1d7168837,5afe6ceac06784f5
24-05-2026 19:26:51,qWQqbj6x1pSWOcvmw2Q3,0693b8cd-4729-4bd6-a13d-7c94f1a21217,True,6f36a3307488809f,72ba4e2f87adceb5
12-05-2026 05:36:19,65G8VCFNG3NOtZG6dVtx,668f856d-35c8-4bee-8b97-a66b5b7ad569,True,d632e4ce536ec364,17b4966e9be4d8d8
01-05-2026 17:50:45,sqmEFQ9f5mhXojwECCet,7077b172-ac00-432c-b4ff-560dd58c4ebf,False,63d3511e9e857901,82a83fc853728306
09-05-2026 09:13:25,G8AEU51Ep9XnshFTqhOD,2a184204-1a3a-4c84-bbe1-149c80587251,False,f879804e4456e5d4,1b38ab967d98cc4e
28-05-2026 18:41:03,bVTUkfiPXINCzNGpDuZE,bacdae1e-d031-40e4-9631-428f10825bbe,True,389da1f3a7c1d8de,a2fd30e5fa49ad53
17-05-2026 11:13:24,o2a6mCXdDKmDIg9P9emt,0609064a-4f25-46f0-9358-c57d7a63414e,False,04964f8452901231,3811390588367f0e
17-05-2026 02:51:26,heXDinuGiJtqFDYKtNI8,4a4e019d-89f3-41e5-91e6-fd66166a0bf7,False,e1bd0a847e7079be,cb207a93391638cb
02-05-2026 06:52:05,2zszd3KweIo0Sl1Mie8U,880cd947-e4be-4b6b-84a6-d98f1016b236,True,b572bc65fae8bec1,daf96d2280390dec
26-05-2026 19:43:43,kf4hWjNc7x7YrTggc38v,361822fc-abb6-4acb-acfc-f43fdf092825,True,93279918e60ec274,a2fd30e5fa49ad53
03-05-2026 05:32:50,odsU9FfBKCi0YTDx1ORL,754cd879-3a4a-4174-bb0a-4cd998721aa4,True,e7eb35b501d57e1f,42d576864f9952c7
30-05-2026 15:37:45,NI88z7UfzaiN7ln88BlE,3d91e016-70a9-447c-b2d2-347bf972fd21,True,3bd002cf1fcfa789,552b8d6c350cb13c
23-05-2026 05:18:35,ChtsZy5dlNYy3r3M6blR,097b13d9-0956-4dd8-9d5c-3a2abf4c9a39,True,b8e78b83a62a0cb7,3b1338c1207d1e2e
06-05-2026 09:41:51,rmtOwPyQWNV6eq6J8qe0,f68f204e-8c21-430d-8b95-fe16356b40fc,False,430f674c6dfe941a,3db4e6efff8b7518
01-05-2026 17:16:13,AMW9oAr0GAYkuv2wiG5z,99411789-1706-42d5-a9a5-8f310e230851,False,430f674c6dfe941a,3b1338c1207d1e2e
07-05-2026 23:30:25,XLTnKMcvBLLK0h1vjdCl,0363b3a0-258b-45c5-9e3c-5c8f569ebc8a,False,bb80f878cef35322,24d6a87b0598b02e
18-05-2026 18:04:26,6baS4HYnfgKgUK96FIbV,03dc93c7-5c2a-4630-8e19-c55138c84483,False,b8e78b83a62a0cb7,3bd002cf1fcfa789
25-05-2026 11:16:14,mYihE1FXPG153xPbRo35,99b61415-f267-47b1-96b9-22c915ba70e1,True,63d3511e9e857901,3bc1bf7fb69f3ba3
21-05-2026 14:36:39,aaq3IXCBWRhyXx8HxUpw,fc4329ee-4c8b-4c03-81e2-f6130e730dbf,False,0f98939ac68105bb,19a558ecc36977ce
09-05-2026 17:22:59,uLgkktiGGNSJBMC1O3Xi,0a7288e6-ee71-49ec-8dd7-40a5575e930b,True,8dc02e5c153f83a3,1b1cc9cee9f27003
17-05-2026 08:07:03,SJ5cvS1Q1rIcUf6wzE6K,54dac862-c3cc-4070-83bf-4037983f0f10,True,eb39e98aca20e7d3,cb4c1290e91970dd
06-05-2026 11:13:41,vUGpcfxvNpYaFcFowOKV,7252fe47-b90d-4e23-920f-08821e6120c9,True,e8c9832b5c388bb5,c34c1310eab19c87
02-05-2026 17:55:17,fTzdO1p9gTtXxQqpjlHU,517bea7a-273c-489b-b1a3-9f215529606b,True,d632e4ce536ec364,a8c47673d6a4f85c
09-05-2026 13:23:19,r51sCWd8G3kTaS4dd7AZ,19d90fc4-06d6-40b6-a769-c020cd56442c,True,63d3511e9e857901,95744df47936b8c4
08-05-2026 12:57:48,2zYFvvZpG0Bw5cBP0Fr1,01686693-36e9-480d-8fda-3e6de24373e2,False,06bf6a628379e030,63d3511e9e857901
21-05-2026 11:25:32,HtWiXRTCxNmZQ42bKXZv,59839780-5eef-4638-a30a-f1de1407919c,True,f879804e4456e5d4,cb4c1290e91970dd
30-05-2026 08:52:14,pvsVftPpMeGDSz99JUDh,bfad4151-03c8-45ce-86a1-57367c325610,True,487b076a69a53671,102edb38b5ec347f
18-05-2026 22:24:09,wr25Sak3mQphVYkvDOsL,c8f239ce-c6f7-4c47-b9ce-6006c8d46c6c,False,2618243a251bd83f,91279a646f8ea6ac
29-05-2026 15:41:35,Xun8asBdKEmCVYvhQTkV,aa14816d-edb7-4143-a99f-41992efff11d,True,389da1f3a7c1d8de,c6a2d85265d19a41
28-05-2026 07:02:00,OziuIyWuF1dDClAdStnt,85f6fb39-5821-44c5-8592-a2dc52cde0c5,False,430f674c6dfe941a,93279918e60ec274
05-05-2026 08:02:57,NMAbAUjDggvmTkLtQeWe,48a641aa-ab17-497d-8484-dd7fa127dabf,True,ae7ec9246c4649bc,9d789fd91804129f
24-05-2026 10:25:36,AXCB9YrlrWeh5zfF9HAT,7e36a181-8905-4e1f-985a-03851a4bfb31,False,a8c47673d6a4f85c,e9da39984fb29dc6
02-05-2026 20:22:14,tNoYcLaY5ffeNBDLFKsJ,53fa07a7-cca2-4efe-89ac-695046da3ecd,False,430f674c6dfe941a,7f281c8dbac1f799
16-05-2026 16:09:30,K4HDIHApUUJCX715wN5s,ca390457-3db2-4231-8843-6c9a4bc816af,True,d0825fdf3da3660c,d632e4ce536ec364
10-05-2026 17:46:44,fezb7xQR3yHPPe0oAlIz,62827fcc-0528-4745-a23c-2389d1997cf4,True,c837debb39dd1e68,b8e78b83a62a0cb7
03-05-2026 05:41:24,0hv2mtJrFqjiLSajyfAi,9e1b86a2-6abb-436c-90ee-4ec7a887f466,True,64a94f9052422a0c,330949523d665e3b
08-05-2026 10:40:37,RYudBPfifnauFKLLLFtM,f51c19be-9e9b-4f27-9a75-6036154efef9,True,cbf338d836298cb7,9d789fd91804129f
24-05-2026 23:13:25,MQjzr5y7k1mVqSIHq1ps,4c58545f-62c9-4da0-8da6-61f5bb26b74a,True,514af2be7dc985d8,c51d4eb54f89fec8
02-05-2026 13:06:12,cjB86Z3jM04f9j1UwPAx,bda4b641-b8c5-4007-b7a9-219ed153833b,True,3bc1bf7fb69f3ba3,c31244cee16e0c77
22-05-2026 14:35:31,yzCW3bCydfI4mM9xJICW,e25e56a2-9d13-46da-b267-061fe26e1371,False,556be8558ce56421,daf96d2280390dec
27-05-2026 19:31:55,r2zCNblmd6t1ZQsSq5Ai,bcf3e442-543b-4424-9531-10d60065ff22,True,c7f34dc43387f858,13db178cd9a1e37a
06-05-2026 18:53:52,QsRHSCftGhaHinmgVPa8,55e24e47-236f-4dab-985c-dd1ad222482e,False,3993ad7e2565b6b0,867d47425e9cccc7
06-05-2026 09:44:09,tZgh62R2Bs0k71FQFsdZ,30bde8b7-0e8f-4e96-9969-3c84170e2aab,True,e1bd0a847e7079be,e1bd0a847e7079be
15-05-2026 02:09:57,2ESkVR6uvPvnGlHHp6hV,e811d6db-470a-4b5d-a0d0-5f54b3f35ae1,True,e8c9832b5c388bb5,6f36a3307488809f
07-05-2026 12:43:57,Swf23t9G5BSQYVgYooXG,573bedea-27cc-4514-8397-12e86530a945,False,e9da39984fb29dc6,d0825fdf3da3660c
13-05-2026 06:36:11,CleNuc6FmwO7FZuGsvrr,c95f822d-6db9-48a6-a9d3-62bcce00965d,False,1d3db575c4a79d75,4c885efe7bde3ff4
12-05-2026 13:41:45,Gn1carmlcN1gzkc78mQK,89a530c0-5f66-4291-87bc-4ff81eff224b,True,5e1de20fecf98844,1b38ab967d98cc4e
03-05-2026 10:38:34,FVletixJ4JpwCNdXiyZ6,198afca0-78df-4f85-ae57-c4546eb265c7,True,7f281c8dbac1f799,24d6a87b0598b02e
10-05-2026 15:11:06,DIv3zLanXW2vxETaOZYa,e56a4e43-3569-4aad-bf7d-830cf2a11c81,True,5a7b6516c51a4d4e,18d281edb3671f44
27-05-2026 23:57:33,uWRTRNAIZp1jT4AavsfS,835b18d2-2359-4c93-9476-1dde187f65d2,True,42d576864f9952c7,430f674c6dfe941a
15-05-2026 22:14:13,aoR6oKx8jROAd4FhyAtZ,26a81eff-6283-4376-beda-8809e6c6b3db,True,102edb38b5ec347f,867d47425e9cccc7
24-05-2026 19:59:36,vSajgPLLFzicdvUwKm5b,75347068-d570-456b-bb28-79345c044f19,True,7d176c63414fcd05,0f98939ac68105bb
23-05-2026 11:49:03,9fDTQ2mcFAZ18QVWPaPK,257e8809-dd12-4807-ae7f-51de6786bb2d,False,3cc68b8049eb8d4c,c31244cee16e0c77
16-05-2026 14:32:31,ndjIRfqIoZvypZUzyk0t,05dc74e1-69be-43bc-8d3b-027c18e9fdd5,True,552b8d6c350cb13c,1bd749deaf799034
03-05-2026 11:39:53,ZstJBt7aopHOp19WIu1t,145a4a4a-14db-454c-a4b2-673ad72f9df1,True,18d281edb3671f44,24d6a87b0598b02e
22-05-2026 14:26:08,DJtN8ctrTQ4PYRVROGsp,dd0f509d-3906-42f2-9371-9f59afcb3eab,True,eb39e98aca20e7d3,19a558ecc36977ce
01-05-2026 05:50:29,4l0iJTKxIzS9uF5YKF5g,81bbad3b-559e-4b6a-ba22-1552c3a550ba,True,d4389e820d4f82fa,1791998ac3161359
10-05-2026 08:17:09,2RGjCVNYGsAL2vIMwwRJ,05ac84e5-e634-45e0-a3ff-b1fafcd33ee9,False,82a83fc853728306,1d6285f5502cf1f8
03-05-2026 11:07:35,8tynTSLWOPxuqaLCUaat,179ddab2-ad39-4e89-85bb-365038e5d1dc,True,153c202e3cfef4ba,234da97fe615c6b7
02-05-2026 20:21:48,tqdpYus0BjLgrjxmNP7I,9d8d185a-9287-44f2-82a4-32f0c28fe21b,False,487b076a69a53671,6214b1b462c04096
09-05-2026 01:33:28,yG0EdKNbcCSo2ztry8Hm,919f0eb2-d60d-4bcb-865c-ee2dd88e5aee,False,e9da39984fb29dc6,7d176c63414fcd05
23-05-2026 22:33:45,MgBfitsNNd9Qe7gmBLS9,6660b213-f1a0-4030-869b-7813a721c51d,True,f7af4712fd6b9108,cb4c1290e91970dd
16-05-2026 02:37:15,nBlWmEY7JaOfChgFI8Bt,d1155713-4725-4e5b-b6ec-dd877c9bfe23,True,7182af742e04dc6d,93279918e60ec274
08-05-2026 04:52:19,iC9Udr39XtJKzsRH6KNv,52fcc274-8755-404c-ad6e-3da6b0f0c95b,True,d4389e820d4f82fa,d632e4ce536ec364
29-05-2026 04:41:48,EtvNOjDvXSNT8rXaHCi7,96aa2e88-1783-441b-8964-8ffbb78ad168,False,06961ead71f8b1d8,cb4c1290e91970dd
15-05-2026 17:50:37,MgKGhb1PQ7w1H8jRxRfI,b50e0237-5263-44cc-9930-6555c84aa7a3,True,3993ad7e2565b6b0,1bd749deaf799034
20-05-2026 18:28:23,mVMqdhs5SuY0o3BQsPAT,62f84383-67b3-49e4-8ad0-64f9057aa5bb,True,6214b1b462c04096,5311a0642c2564ad
01-05-2026 10:15:44,1StZTBmQueHhoIVV7VxL,2885e1bd-cf7d-4ba9-81d7-92a7c8c890c5,True,06bf6a628379e030,d5eb4d757b335d0e
09-05-2026 16:05:05,Xnjp9k7j9PcoCv9PKytW,b38ddf5f-f4c8-46ff-9baf-abab9dce915a,True,4c885efe7bde3ff4,e9da39984fb29dc6
29-05-2026 08:19:39,dlU6FgrhiWPQqrK2QdQG,fb80e352-9b19-45c2-8926-04f76d6792ab,False,17b4966e9be4d8d8,06961ead71f8b1d8
29-05-2026 20:48:59,dUUa6m7V8TsaeBjIj85K,1a8a580c-d639-4338-a78a-fbc96b83536c,True,3b1338c1207d1e2e,2f2bd7547d602b7a
20-05-2026 23:00:15,q91wM0SgNnyEJYDblMqK,7376b138-5405-4f46-b7d6-18d587ec784d,True,57e17fffc619e182,923d0315f3ae2bb3
21-05-2026 01:31:47,5tSrbmBh8jMguArNIX79,f7ba16cd-eb6f-44f7-95f1-cb42e83a8a20,True,eb39e98aca20e7d3,53c682ded6545e06
03-05-2026 20:57:38,liFP6Goz9ivH13FnCTG8,24771768-e061-4a02-828e-aba318b8918a,True,f7af4712fd6b9108,72bd2672c948d2cb
14-05-2026 11:42:10,UC5c2jc60YkbGBsMY3Xd,33fb3a2e-64e1-43fe-bd86-d46ec6f1be11,True,24d6a87b0598b02e,2a339e8954684016
24-05-2026 14:38:15,vL0gkT2N9Lp1JPNIccZw,08a3f3cd-d4a7-4889-85a1-101162aa0d9a,False,b30b0b43692b035b,e84878f982129128
27-05-2026 12:44:31,mLlqqp6EhsiZa0smjlGZ,d7b584fa-2882-4b79-924a-3fb9bda6cb1c,True,63d3511e9e857901,9cbee3c1d7168837
26-05-2026 07:34:36,Jt1zJydTwAUMvI5NU8R0,c1ea3cc2-babd-4969-9edb-b905b241609d,True,c85cdb0ef48d09c8,1d3db575c4a79d75
03-05-2026 01:07:46,6xXV0nm4ByHvdpIL4liF,03853200-42a7-4d3a-8312-ca7a03647a0b,True,42ac1a2bf982f79c,ce246387dd078174
21-05-2026 19:45:01,n8Jkb5F6bCMac0Xp5gZc,c79dafc1-06f3-4b7e-90e9-f4c1860cb6c4,False,5311a0642c2564ad,e7eb35b501d57e1f
27-05-2026 03:20:39,OdDImsfilyIHHq3qzA5G,4a26b9cb-ea7a-44e5-9e25-84ee87e4ce96,False,34cbefbc28798720,a8c47673d6a4f85c
09-05-2026 23:51:54,D5hRO7CdUWrZxw7iwLJr,317253a4-e265-4016-9905-fdaf90b275a7,True,57e7d972b508815d,8e2e127651e9cbde
26-05-2026 21:25:15,7p2SxW9344z9ETsgwmoG,c4c861f5-32ea-4b56-a353-2196bcea66da,True,bc74204126e384ca,7e8fb26408446272
05-05-2026 02:20:00,apxIcF8m2LOFcOeujJnn,81601463-007e-4c0d-9385-222cc3ad418b,True,06bf6a628379e030,574582321d04df00
21-05-2026 11:46:38,yGRi3dRWk5Oal19H83AO,5171bb8f-5f33-47f1-ad67-b5ea5a0050d0,True,556be8558ce56421,2618243a251bd83f
02-05-2026 08:22:27,4Ggem5qDzzaTvh4DLF35,f0ed21ed-8573-4c9c-9890-120abf2e5009,False,6214b1b462c04096,e8c9832b5c388bb5
09-05-2026 19:17:18,WT0fSQ8aI0nRZKIVnX0D,1de9edfe-47ec-4ce8-a3f3-d4aa58969ed2,True,93279918e60ec274,7f281c8dbac1f799
13-05-2026 00:13:55,rOEANEgrjlNCdCVvDHwP,e7db2b21-b980-4552-8dc5-ef6ec908bcf1,False,06bf6a628379e030,63d3511e9e857901
25-05-2026 01:58:58,UiJlwoPy0dE49jTVD93V,9ba7bdce-df1b-4efd-8e2e-73a2e93a1377,True,552b8d6c350cb13c,3b1338c1207d1e2e
22-05-2026 16:47:01,53KmFh2GN0EosMSSO9g6,87c25241-95d8-4e32-9259-02aac1bd0cfc,True,9cbee3c1d7168837,1d3db575c4a79d75
19-05-2026 18:20:52,CEfw18GedIeLzwgbh3nb,b8db3a5e-f84c-41d5-8af9-46d571fc9e29,True,c34c1310eab19c87,13db178cd9a1e37a
11-05-2026 07:23:00,GaJbiJKMMuLDZYYKYPjq,2bb173e1-8df2-4516-9590-14e1dab2465f,True,1bd749deaf799034,c51d4eb54f89fec8
01-05-2026 16:32:07,1x4FWYZyjief6ExYHIg3,55d36e62-2288-4486-8e06-3d80ba270eb2,True,552b8d6c350cb13c,1d6285f5502cf1f8
01-05-2026 02:45:42,ZZCOKAwg36MnQ5kfIuFc,e20b4c78-1755-46aa-b0ea-8d2bc5e90fe1,True,430f674c6dfe941a,82a83fc853728306
26-05-2026 04:24:07,VbWewX3Tr5TQZtYqFPgl,7420e2fa-f0b4-4781-a2d4-34adcd51df1d,False,1b1cc9cee9f27003,ec75a53f04901eec
03-05-2026 15:12:49,FVYBVFXll0xjNXJoGmF4,6a5c578f-24d2-4ea0-a123-0a31036d6af7,True,d4389e820d4f82fa,330949523d665e3b
21-05-2026 07:40:33,JFI4keMOIa5B4XuISPES,c687482a-213c-4110-9f01-c809c3bd1d56,True,7f281c8dbac1f799,a2fd30e5fa49ad53
02-05-2026 05:07:51,yvwY3EvfVHpLANdfZD2O,a5fc7423-7088-40d7-bf2d-f5acd18bd049,True,34cbefbc28798720,3db4e6efff8b7518
19-05-2026 18:44:11,bLhlmQk8eSd6Qceh7lYT,7519c4b0-8222-4a43-9c46-de47d1d02aef,True,39a54d73a921b9f6,91d55d217a2af234
28-05-2026 20:26:04,sNNHThafDpvnVrq4JVN4,a67322c3-4586-4406-89b1-3a48daae94b7,True,923d0315f3ae2bb3,f7af4712fd6b9108
03-05-2026 09:56:53,cPqWTDb5xqV9Go6ArLXd,d157623c-0960-4351-a8cd-87c9d8532d48,True,57e17fffc619e182,b8e78b83a62a0cb7
25-05-2026 09:53:28,VXjO2T6VHHA59OjzulKY,65be8313-e6f0-4408-b0ab-6d4f8fab5bde,False,f7c6682ad24d37f8,e1bd0a847e7079be
14-05-2026 15:42:58,25cc4F5RksOSOv1mwl0r,70e8667b-ee10-4e69-965b-30673f574910,True,5e1de20fecf98844,9cbee3c1d7168837
07-05-2026 14:52:28,uX1GDF4IddwmeqBl8mK7,73404f0d-b57a-4d09-8fcb-fc39ae313f7e,True,e8c9832b5c388bb5,75778bdb64d1008e
22-05-2026 02:36:14,8bKmCoZBfM0dod4yg2wQ,f051c60a-3b61-484c-a969-b12bf9170541,True,de2dde23040292bc,eb39e98aca20e7d3
23-05-2026 02:08:52,iXzSjYDfK0X1kF2QoKzK,a6a8fadf-ab17-4dda-8f82-99519f0ec293,True,9cbee3c1d7168837,bbbe498ee44f6349
04-05-2026 12:59:24,nyPNJxx9i17xulVc8Z2X,43411b13-85eb-474a-945d-01341f357b2b,True,57e17fffc619e182,18d281edb3671f44
10-05-2026 00:08:40,kcfKfNy5ff6zkUwHVj0k,4a561bd0-6b01-44fe-9f87-04cc94285897,True,3bc1bf7fb69f3ba3,06961ead71f8b1d8
30-05-2026 06:38:05,aAA4D2ZnUKM2iI48epts,4706ae1d-73c7-4ac7-ae42-2537de392a09,True,04964f8452901231,3811390588367f0e
27-05-2026 01:17:52,F8Uu982lNonNiyXGIHLO,c1d27e6a-c1fd-4037-a371-abaa9d7e0f28,False,5afe6ceac06784f5,72ba4e2f87adceb5
03-05-2026 05:46:58,AdmHtM3L1jwF3fFYYdbg,78bfa340-7c60-4406-b92b-1def166f800b,False,ce246387dd078174,3cc68b8049eb8d4c
03-05-2026 19:07:11,BekMCcsVrRpR0a7RjQdQ,6e573cd9-7640-4685-9412-4baee616f23f,True,5311a0642c2564ad,3b1338c1207d1e2e
12-05-2026 13:38:27,5UTP01lEFoQEmNjC2EmZ,9467a552-6ca6-4b32-945e-be08be2dceac,False,91279a646f8ea6ac,13db178cd9a1e37a
10-05-2026 15:49:08,EzdkBwBC5zIExOCQxFK4,59149c3d-2452-42c8-90c7-b9ac9300ffa6,True,b572bc65fae8bec1,867d47425e9cccc7
01-05-2026 02:39:47,tREaQOIO174cjlZiQgsd,7525507f-e3ef-4b69-8d99-c35e84bb221e,False,517fc5ca69b652a5,234da97fe615c6b7
16-05-2026 05:03:31,1HIQVRuSXond8jHaEg6a,4416aa26-6dcb-465c-bddb-f3b9c102dde3,True,3b1338c1207d1e2e,e1bd0a847e7079be
09-05-2026 07:51:49,Pa80alvP9ycOzBsaIbXZ,b091c0fb-d859-4134-beb9-11b5aff3a07a,True,ec75a53f04901eec,1b38ab967d98cc4e
20-05-2026 23:21:27,I6kj4e74ymdpwhl6uqad,6505a808-f868-4e90-b6fb-70beb523c79c,True,6214b1b462c04096,c0014ea2ee2fdaea
03-05-2026 06:00:18,SCo79ZekmEa1TS62d3Wk,5da022ce-9cfa-4aa6-b4fb-bc1a775780d6,True,102edb38b5ec347f,c6a2d85265d19a41
20-05-2026 18:07:12,T6azLp8JXmrk8qdV5ll6,13c97d6a-bb80-42e8-b3ca-a6d0e6946811,True,131c7dd8f3ab4b35,75778bdb64d1008e
12-05-2026 00:28:14,v4dfcG1ibX9fsnzDjYon,d1fa21fd-1842-4070-89b5-3fd127641e58,True,1d6285f5502cf1f8,3c58290022ed11b1
06-05-2026 03:11:00,ZCohQahgAtOLOK763Qie,fb402ea0-8651-42c5-9d89-91d2aab42f48,True,5e1de20fecf98844,fb188f553674b4c4
12-05-2026 17:24:35,FZO63ztNGaVJ8YZKRjVz,0f057c3f-b51c-4c81-9cac-5d29833b9281,True,6214b1b462c04096,430f674c6dfe941a
13-05-2026 19:20:17,ygdJtlelryi8SDchzQ3D,e9033bf0-84ce-4414-b848-502d78c0ce40,True,1d3db575c4a79d75,d5eb4d757b335d0e
26-05-2026 14:05:26,50ky3m4UBcBtSe10sFn2,bb39fe7b-f99a-4e06-903b-953ad46835f8,False,6588d11c4a11acb1,ae7ec9246c4649bc
12-05-2026 09:04:27,5dlKB9CogNA6I38QkGoY,86cc1beb-b0b0-43ad-be29-3b1c19889586,True,57e17fffc619e182,867d47425e9cccc7
04-05-2026 15:32:52,bml92g8huvljaxtSsS1S,e223e903-88b9-44bd-8d6c-8240b5ef8394,True,5afe6ceac06784f5,102edb38b5ec347f
06-05-2026 19:33:02,vJd0b90Tk5I8JzBqW7sN,0bbcad5f-3731-4339-a86f-443fde199cfe,True,d632e4ce536ec364,131c7dd8f3ab4b35
10-05-2026 00:47:37,TJiJil09DknEA0NoUW89,1a67d67f-dfc5-45c5-8533-abff2ca90fe0,True,8f8c45c33ff51d0e,55b620d8c0ab41e0
20-05-2026 20:19:15,fTSEfcBqDCLM0bvsUHig,e28ac595-79e4-45b0-8949-876d053278eb,True,64a94f9052422a0c,daf96d2280390dec
16-05-2026 04:58:49,FXYThk5eNPJUNNybAlEf,190744f2-6648-4dd5-8858-83f9224f320a,True,9d16533a62ab9315,da211edc7bac01a0
27-05-2026 19:42:43,IdliJkQQZ9H50mjmSYdd,f4478f07-cf9b-48be-a142-28307ad80ace,False,cbf338d836298cb7,102edb38b5ec347f
05-05-2026 14:07:21,ei34EbUWgNHGZmLpVUZB,a59d8895-f405-4baf-85cd-908f842ae5fe,True,487b076a69a53671,9d16533a62ab9315
22-05-2026 11:36:09,Tk96QkG5GbGEvd74R6t7,7a353b22-f74c-463c-8a3e-49ea5949f603,True,a2fd30e5fa49ad53,c837debb39dd1e68
19-05-2026 10:08:40,vwb29LRoOoMhDm7aJUHq,3e6a11f6-0d90-422f-a95b-4824bea32619,False,ae7ec9246c4649bc,57e17fffc619e182
22-05-2026 15:36:36,6iKeHnDvKD0GuW1pvgmY,2f783d55-c9d8-489b-a74b-aee649bd9d4c,True,72bd2672c948d2cb,ce246387dd078174
24-05-2026 00:40:11,db0EJ7YhsnL7PQ8co4zO,c6663af0-8b67-414d-9736-58bcce32eb21,False,3bc1bf7fb69f3ba3,389da1f3a7c1d8de
27-05-2026 04:25:56,4cCFkbDOcLWoXwYy48Z7,3d182d20-86f6-46f7-9545-5c400f3e9371,True,430f674c6dfe941a,574582321d04df00
13-05-2026 00:39:01,PODQ9i0mBUbCdwrNe8Sk,d4e8544e-67aa-4d01-8e4f-681b3a62bf16,True,93279918e60ec274,c6a2d85265d19a41
07-05-2026 08:40:08,zEmGpO5xIC3aJzpzqlS8,b5c527be-a158-4af0-946d-b8f041502a7e,False,1d3db575c4a79d75,9cbee3c1d7168837
07-05-2026 08:17:19,8E51yLCiS8z9PtHdprm9,ed9a6a18-d961-4e09-98ae-5cb51119add0,False,b572bc65fae8bec1,a8c47673d6a4f85c
07-05-2026 13:18:25,r6JkmRnWGgG8LrR2HnMO,e7361b75-154e-4d4a-8524-e7b65cba6efe,True,24d6a87b0598b02e,f879804e4456e5d4
24-05-2026 18:49:14,BIHRqRwRLj8dxMtLFAfh,e15d58c7-76b0-44be-acf3-fdcbc3441d48,False,c85cdb0ef48d09c8,2b95dd3cf28e7c18
24-05-2026 16:41:27,NwpDULKjB1Mk16zPASSC,b4eed62c-7943-4312-a69e-69f9a0de5358,True,19a558ecc36977ce,a8c47673d6a4f85c
23-05-2026 03:49:30,pv3pZUuhbu1zMNVqsChr,7ccfe5d8-47d3-4482-8e05-df11f3f38d42,True,4c885efe7bde3ff4,c51d4eb54f89fec8
18-05-2026 18:44:40,ubloFdL4g1jkCoGeBC0V,56a019cc-b44f-455a-819c-8583abe92e2a,False,ae7ec9246c4649bc,556be8558ce56421
06-05-2026 00:22:40,S6KdVEB9HVikP2yUPafk,4f1c6d13-79ce-4643-9ef6-41925585e57d,True,cbf338d836298cb7,9cbee3c1d7168837
23-05-2026 10:19:13,kYxmjE5Xl8RImilhoz6H,a5379a97-de17-45ce-953c-6e3851a99fb8,True,91d55d217a2af234,5e1de20fecf98844
26-05-2026 17:42:29,pSbfQ3yh9OMLBSea8neJ,21d4e227-615a-43eb-ae3d-0db5b78f2493,True,f879804e4456e5d4,06961ead71f8b1d8
05-05-2026 07:22:04,jsvtUUnLGSHhXGF6qdUX,511635f4-9c5a-4b1f-aeaa-0eaa9344f09d,False,6588d11c4a11acb1,3993ad7e2565b6b0
08-05-2026 23:02:12,0OsCh6TE94BNMvwmohs2,84deb207-9125-4995-b310-ab0a381e01d3,True,82a83fc853728306,c837debb39dd1e68
23-05-2026 11:13:49,25YSJM4wKBiuZBwGwLXg,9485c297-d57e-4d69-b993-db358c755b46,False,2618243a251bd83f,1bd749deaf799034
21-05-2026 19:55:57,BWDMRpytlDHiXoxJ1Naa,14ee9361-2fec-4121-9ff3-cfc004e4eafe,True,c9ab51cba10ae1e9,64a94f9052422a0c
12-05-2026 19:28:49,vGm5s8ZVmcWmra7uwHN0,52c34e6a-332a-44f0-a20b-8b0ad771056b,True,8e7f2987241c2818,2b95dd3cf28e7c18
12-05-2026 03:54:32,dTPUIo7bB706vREogvh3,c8e77452-fb36-4382-8f5f-1f51f6edcb5a,False,7d176c63414fcd05,6588d11c4a11acb1
21-05-2026 06:28:07,kug3gMzyW4Wk3JZ31OsS,2c529e7e-c170-4c90-b4e2-2a685ca8b588,True,3cc68b8049eb8d4c,9d789fd91804129f
07-05-2026 02:09:22,goBWSYyzQKmFDlcP95a7,3f9d233a-af33-4e76-bdf3-d6cc15525ca5,True,6214b1b462c04096,04964f8452901231
12-05-2026 19:07:09,H98wN8ngkhjNpZm119Zz,fd3fda98-cc7e-416b-8306-c0242852f536,True,5a7b6516c51a4d4e,102edb38b5ec347f
14-05-2026 09:12:16,HGEYfLwj1aWdpUflc6VM,57b806fc-235c-452c-b3a7-f38fff1a3e57,True,389da1f3a7c1d8de,e84878f982129128
03-05-2026 20:46:46,dN8MgYtzJIe0zUM5TWUt,7ebd853e-75d0-4069-83f9-4306c828f75c,True,91d55d217a2af234,34cbefbc28798720
26-05-2026 16:17:26,LEgjBljEk83E3BbrcWv2,bbadbca5-e07e-4ecd-a0b4-aaa0bb6f6ef8,True,91279a646f8ea6ac,153c202e3cfef4ba
21-05-2026 18:21:50,4eoMu2m3uw34zz7MP9k6,f7972973-076f-40ea-8aff-765312cfbd9a,False,e8c9832b5c388bb5,389da1f3a7c1d8de
27-05-2026 19:16:58,k33QNEJTFE5H8YI8BZe2,96d4749c-12f5-4d05-aee9-2c517f1791db,False,cbf338d836298cb7,330949523d665e3b
25-05-2026 22:52:31,ZeZI6VRYcFa48HRe039W,6b15abc1-3874-4089-bdd0-0d0ede5c6c83,True,d4389e820d4f82fa,0f98939ac68105bb
25-05-2026 21:47:32,gfNQpYlyDmuizuKSNdwV,a954e34f-b0e3-4264-b34b-076ba91e3344,False,923d0315f3ae2bb3,91d55d217a2af234
17-05-2026 10:16:41,fyjF2Lc0GUgQuQKUSppj,e0ea7128-c083-4c4d-868b-5d0571b05c79,True,057c44d337463e07,517fc5ca69b652a5
22-05-2026 20:36:55,aITUYUdXT4ZfyVeGYTag,d4c62bf1-7ede-40c3-ad7c-d5ee74f54b4a,False,cbf338d836298cb7,93279918e60ec274
27-05-2026 14:20:38,hsHN2br0U2QKqwvGboD5,5d45ef93-facf-41d6-8477-ccb60cacdd42,True,d632e4ce536ec364,9cbee3c1d7168837
24-05-2026 06:25:43,TMkhCB2VGNbyj6RCNKo8,ad2a8b6a-3261-4f62-ae71-4807b4e124e8,False,234da97fe615c6b7,c837debb39dd1e68
01-05-2026 06:41:33,Petxbq4s6T4o74Z9hgo9,638e2542-5d3a-48c5-a72f-85475d209c49,False,0e52f2934d8ce165,3db4e6efff8b7518
09-05-2026 17:11:21,9ELml1FEgbn0CvzlS8Jq,5123429c-f765-4ffd-acb6-c77d9352a3ea,True,42d576864f9952c7,0f98939ac68105bb
15-05-2026 16:30:29,G2AIRvZWPLJryG8GOKzn,6d814c5a-3964-43a5-8119-b03048c6d11b,False,57e17fffc619e182,82a83fc853728306
28-05-2026 03:25:03,UAIznmYi7Buh4JTsjDGD,0115801c-a211-42d2-a631-296da0ca46a5,False,34cbefbc28798720,72ba4e2f87adceb5
08-05-2026 03:10:12,Cqel4jmI7uGNwSXHjFLm,18b679b8-e958-4346-bb29-53a1223c8c91,False,514af2be7dc985d8,5311a0642c2564ad
09-05-2026 06:11:31,6SWfPSeQNIsLi4hgekOC,fd4b790a-ab88-4bf9-b2b8-b82c1b84b52b,True,7f281c8dbac1f799,17b4966e9be4d8d8
30-05-2026 01:40:17,loKG4ZDiz8NgCQxwIuOO,09f97de7-cdf9-41e5-9b2b-3a6073a3cf4f,True,64a94f9052422a0c,b30b0b43692b035b
28-05-2026 13:13:20,lfGKELL9xSabcYRN4zgg,51ae9525-c619-43f2-a5de-b3b3f4448451,False,d5eb4d757b335d0e,bbbe498ee44f6349
25-05-2026 01:27:22,Dd92vx91UV2A9scImGpF,3e8ef15d-b090-4d2a-98f3-09146f435d4e,True,7182af742e04dc6d,75778bdb64d1008e
09-05-2026 08:33:43,zWianBEzlrRgSxFXihrF,9159f1f3-939b-4bee-b121-8a772338c4c9,True,3b1338c1207d1e2e,3993ad7e2565b6b0
03-05-2026 06:43:20,m8r744UCWImWOxx864cD,f5c538e8-b867-4391-946a-5ebc2fed40cc,True,514af2be7dc985d8,04964f8452901231
10-05-2026 21:55:47,s0LGfLiPBoNUowWAkUwS,ca253584-a883-428f-9161-c50bd3838bba,True,3b1338c1207d1e2e,9d16533a62ab9315
14-05-2026 16:02:52,pOhwebt0IGFsToBF9X1T,d13af0cc-ef21-4285-8d33-e97572d1e6b2,False,06bf6a628379e030,b8e78b83a62a0cb7
02-05-2026 07:12:27,w6zymHLBWcqpMd8XFHZN,e273c5f4-f0e4-4d5a-b960-64ba851a7ca5,True,c0014ea2ee2fdaea,514af2be7dc985d8
22-05-2026 15:10:37,WoMv09K7tf5Lt1jJZtPq,f7cdf6ef-2821-422a-9d10-61dcc50303bd,False,eb39e98aca20e7d3,42ac1a2bf982f79c
27-05-2026 13:30:49,wQpjlCMNi734jk6tFECe,f8868c62-956e-4687-b252-4caefc875613,True,2f2bd7547d602b7a,1b1cc9cee9f27003
20-05-2026 20:27:18,619ZtDn2uA3iPcxeYfrI,7a8220c1-1925-42a6-a693-9a2072105e6d,True,867d47425e9cccc7,c837debb39dd1e68
30-05-2026 11:08:32,hsJwmsUxHgHNkN4hH2zJ,9e4d9a3b-2f76-4fb5-9862-7c6553637c76,True,e7eb35b501d57e1f,c34c1310eab19c87
03-05-2026 09:58:35,Ydhbpm5wJ4Y68honaJXh,9deb0f2c-7b0b-4653-891d-6c1f841c49ef,False,8f8c45c33ff51d0e,3811390588367f0e
20-05-2026 10:04:40,y3LsMUEgUYipo1Aa2MqC,f824ab3a-a7e1-43da-bed9-767aad946a1b,False,55b620d8c0ab41e0,9cbee3c1d7168837
18-05-2026 21:28:11,UV9EX1YB4pqCL520PIuf,d8154eb2-88ef-4aca-8c2f-87035fcc0bb3,False,487b076a69a53671,63d3511e9e857901
07-05-2026 00:57:28,Nt4lgRO1yaHpgfH4BYCq,b4a268de-8d12-41eb-9dc0-b512ba6df461,False,6214b1b462c04096,3bc1bf7fb69f3ba3
09-05-2026 18:25:40,VdZin2qMttITPgxLPBbp,7c604b7a-5c4e-43d9-af19-0c23a4d863be,True,0e52f2934d8ce165,1b1cc9cee9f27003
16-05-2026 01:31:23,QAiuyXSPgK3mqpZCDGkG,e4fe9489-518e-42c3-a9fc-66dd8bd776f2,False,e84878f982129128,f879804e4456e5d4
15-05-2026 16:02:39,zRfSWLF0nbYceY994mSo,5b86520c-c027-4668-8097-baf29dff2ef4,True,bb4bb9fbcfcc16d1,bbbe498ee44f6349
13-05-2026 08:34:46,eSCZlskUyJaEXImXv7ol,f23eb2db-374c-4227-b364-ca7c49504c3f,True,d5eb4d757b335d0e,cbf338d836298cb7
20-05-2026 17:40:04,ELHXhmK1n6Qu3wBjIljI,1b4ea3db-383b-43f1-b0bd-5116920eb1ce,True,2b95dd3cf28e7c18,3bc1bf7fb69f3ba3
11-05-2026 14:51:15,7uzE7Vl87ExKxIWsyFdR,c5347dc4-fded-439e-bb8d-693a928c871f,False,867d47425e9cccc7,39a54d73a921b9f6
28-05-2026 19:07:51,7NADYWNUslLkA8Kx5Va3,36221be2-65e8-4708-9718-6d14ff26f57a,True,55b620d8c0ab41e0,b30b0b43692b035b
08-05-2026 06:12:27,J4gjWwdVgCUN22zWzDjT,f524a848-6167-4c22-ace9-7b19f6040492,False,3c58290022ed11b1,2a339e8954684016
30-05-2026 00:11:43,ljSbAJIaxiIsE07u9YBc,d29d46cc-dabf-4d90-b332-296497afe3b6,True,24d6a87b0598b02e,17b4966e9be4d8d8
14-05-2026 18:19:28,MKMXKsmSre6mF9J2s5jW,205dbc32-7da8-4440-bfdb-7a78748b8bc4,False,e84878f982129128,c85cdb0ef48d09c8
10-05-2026 12:20:36,kJeiPBQ1OI7vOAwpTcZ7,5d520922-0165-4472-af84-e4eeb8fa5988,True,3cc68b8049eb8d4c,bb4bb9fbcfcc16d1
18-05-2026 09:08:59,gyXMOmkNzAcEfgu4dG43,0f664909-9020-400d-88e5-63a44a1ebd44,False,39a54d73a921b9f6,c31244cee16e0c77
25-05-2026 17:33:13,H2FPPlFy0lWD3zz5rWdZ,693ca6d1-a9f0-4659-bb57-2127bf631655,False,6588d11c4a11acb1,517fc5ca69b652a5
04-05-2026 04:00:17,CNGGaUXMpKDT7KbfKdnO,281fbb30-4910-4db7-845a-904df9939e4c,True,bbbe498ee44f6349,bc74204126e384ca
30-05-2026 23:56:28,IyIDYYARh9cy5gEU1ih9,9869e836-f67f-454e-b3f3-bfd559e0eaf0,True,e8c9832b5c388bb5,91d55d217a2af234
19-05-2026 01:50:12,ushnMSGmgJbx0B48l9X3,230738ba-5db8-4ea7-bdc4-539649040eeb,True,8f8c45c33ff51d0e,7d176c63414fcd05
21-05-2026 15:42:52,ar3UGJlHfgp6fmCukjEp,fd27e8b7-185c-42a6-85c4-41ad2f5d016e,False,574582321d04df00,234da97fe615c6b7
20-05-2026 05:04:31,UiNvRYAWphrwOnAwQOe5,8a32d67a-8d82-4176-a0f1-37b849cddad0,True,8f8c45c33ff51d0e,d57d393b16ba030e
21-05-2026 14:39:35,MA68CXcqEm2FcV5CIocc,b29abbbb-a7b9-4e27-b971-90dbe4237f76,True,b8e78b83a62a0cb7,cb4c1290e91970dd
11-05-2026 20:08:57,rvCI8g7aPqg1O6VRmPbF,9edd27e5-b5f7-41ac-b993-2d789e710ae2,True,8e2e127651e9cbde,8dc02e5c153f83a3
02-05-2026 02:47:58,Ht1Zq0aWfOTcK62WjlGK,c4ce0084-9a83-4345-a26a-1310ad0c8ee8,True,63d3511e9e857901,3b1338c1207d1e2e
06-05-2026 06:45:41,Zzgheji5u4EvKpvFIIXo,478ded12-1e1a-49d0-85f7-02667e906596,True,ec75a53f04901eec,04964f8452901231
03-05-2026 23:41:53,7anTG1p0lOhao2ytHqK9,497d7c7c-3155-4bad-9fed-f7fa2e738cf6,True,b8e78b83a62a0cb7,ae7ec9246c4649bc
21-05-2026 02:03:40,mSkbbRNDr7QDzhgf0Czh,c6614d63-8755-49fd-a70b-19bc85e10a70,True,7d176c63414fcd05,8e2e127651e9cbde
17-05-2026 07:08:19,WT2gO0qkOJe3BgIBSvce,258517c7-6734-4491-b4bb-d80cb99480cf,True,867d47425e9cccc7,13db178cd9a1e37a
14-05-2026 08:15:48,YdOuTM8JjNDo3HyHhUxQ,40162eb5-3a3b-4e0f-972f-0e7caddf8af2,True,04964f8452901231,1b38ab967d98cc4e
11-05-2026 20:18:41,FV8LOwUxZTot2yKXcrWH,e0621b5f-16fc-4e8f-9828-010ff4d28132,False,19a558ecc36977ce,cb207a93391638cb
19-05-2026 13:38:09,iNR8yf8zVVWZ3LnvKx3e,d5058ee0-c5c4-4d96-b68c-3de77594974d,True,b8e78b83a62a0cb7,2f2bd7547d602b7a
29-05-2026 16:20:43,FwMW3sMRXqOVOdPOoRbV,a8ff88dd-3476-422b-b1ff-136e91f263c8,True,3bc1bf7fb69f3ba3,bbbe498ee44f6349
28-05-2026 02:08:28,r5hBzmw7gFbPekHav8k1,6f713b19-0b12-4650-9b37-56d81bb71fd6,False,6214b1b462c04096,c6a2d85265d19a41
03-05-2026 13:43:30,tf6Pr8cO0pFM6Ep767Ns,8e774dd9-3c28-424e-82b8-77a10d791a45,False,57e7d972b508815d,e9da39984fb29dc6
09-05-2026 22:48:20,PMmaAUXiGVCzAUx3omJo,a13d5408-45f4-41da-b3a4-b8d0d5abeb8b,True,eb39e98aca20e7d3,fb188f553674b4c4
12-05-2026 12:47:34,ZtdJ7ZM7unxN9Vh0Vbbn,c5add3b0-df22-4fd3-873e-60796166df42,True,3b1338c1207d1e2e,4c885efe7bde3ff4
25-05-2026 11:00:15,8AazjGMpOjaQZbATmyEL,58851cd7-3a36-4d6f-bcb3-bf8f94798194,False,55b620d8c0ab41e0,06bf6a628379e030
18-05-2026 17:03:41,5Y9vYtPAt0j4YubCrsgS,7c299688-fe82-4953-b926-0f5add3b72c6,True,a8c47673d6a4f85c,487b076a69a53671
19-05-2026 10:40:20,Q2YizM10SGd47ZIhJe9P,b5aa8555-158c-47a9-b9f4-92dbc303d484,False,c31244cee16e0c77,923d0315f3ae2bb3
18-05-2026 06:31:25,SjWozqTIRVhUI17UKiNM,c73ec0f7-2389-4d87-be62-4e5ad0f53cfb,True,d632e4ce536ec364,c6a2d85265d19a41
15-05-2026 21:51:13,CPGFLowBVb0AZtwFEHcM,19c9fc85-676c-4ce0-9e6d-81e2f7a75b62,True,4c885efe7bde3ff4,b30b0b43692b035b
12-05-2026 18:41:32,QoPhXi69mG5LjWo7WiKs,935c4586-a3cb-4de1-b3f9-41009127325d,True,57e17fffc619e182,0f98939ac68105bb
04-05-2026 05:04:39,YoYYM6eNGLU4yGQ12JGE,9fa17518-19b5-4b66-8c40-da09a55a3bd4,False,6f36a3307488809f,e1bd0a847e7079be
27-05-2026 00:37:49,oYpOTR2EPQmHNUztCsAB,5949bb9b-b8d3-472f-8a2e-4bfacbaeda85,False,430f674c6dfe941a,c51d4eb54f89fec8
12-05-2026 00:10:53,7yefv9joPwjYLi6kHvgD,2c351b5a-0148-4883-a73f-855da44f2a55,False,c51d4eb54f89fec8,8dc02e5c153f83a3
23-05-2026 15:00:16,E4DSCaRVynZUjRdUZIvQ,2a3f5d27-5287-4f94-8793-d64d1917cfd5,False,75778bdb64d1008e,5e1de20fecf98844
15-05-2026 22:16:47,yHP17STV1IaP65wJuLnB,49b56fd7-97d9-440e-a799-1d4bb5d8a97a,True,19a558ecc36977ce,72ba4e2f87adceb5
05-05-2026 18:22:01,G3dXTLaFJyPUKgtZu1Vl,30934031-80e9-4dca-bcda-e6150491242a,True,9cbee3c1d7168837,da211edc7bac01a0
29-05-2026 11:59:22,7XhTPxgLCkcY51j17uI6,5221f4af-11a8-4e34-84dd-a77c07ff8978,False,cbf338d836298cb7,517fc5ca69b652a5
03-05-2026 05:12:21,yFCZ2c82TGzAz8ybubve,8f8ca2f0-2fdd-4175-9d5a-79ff71c3d0d4,True,1d6285f5502cf1f8,57e7d972b508815d
06-05-2026 14:37:46,PrkAv13u8CXfd0VJxvhW,9f080af5-d5ff-4ed2-84f4-a0a64079f162,True,bb80f878cef35322,e8c9832b5c388bb5
20-05-2026 10:20:48,lsNjQT2m1VqaCuztMJZp,8f6bf41f-00fe-4557-9fc7-38de5533601d,True,f7af4712fd6b9108,f7c6682ad24d37f8
15-05-2026 22:44:34,jMtzTNEkfMKfB3tzvNRS,7140123b-3094-4db0-946a-4b443fffa876,False,cb207a93391638cb,f7c6682ad24d37f8
16-05-2026 10:54:40,MnUtjNJL4Qmp1cuEsqBJ,1e70cac8-eda2-445b-a631-48e4d8d4db16,True,daf96d2280390dec,57e7d972b508815d
09-05-2026 11:42:43,y8qEpi6h8UIXjSPMgsVU,dc6eba2f-879c-4125-b7a1-20d790f06415,False,c0014ea2ee2fdaea,9d789fd91804129f
14-05-2026 13:01:05,Uo9nOuUqiWqDvDuifxEJ,9d1e3244-a5b6-4258-b1a8-aa6676ea3cf4,False,72ba4e2f87adceb5,330949523d665e3b
16-05-2026 18:03:38,T21I4v0y5WVdSKj09e5s,33e1315d-d62d-48bb-9a78-1072f7f88255,True,3bd002cf1fcfa789,3993ad7e2565b6b0
24-05-2026 23:21:27,Y3CD5NOZ05K0sRUBsqSu,e145e9b5-8687-46e7-a01c-059eb489cf66,True,d57d393b16ba030e,b572bc65fae8bec1
27-05-2026 21:08:15,cMeUsOcF6UzbFO3QgYSP,fd53a2d1-1763-4355-b40c-4cba52a2481c,False,fb188f553674b4c4,e8c9832b5c388bb5
15-05-2026 21:04:38,pbEhpEb5EXPzOMdLkX9r,e4f6a1cb-125b-4f22-9bba-0974f16f6a2a,True,389da1f3a7c1d8de,f7af4712fd6b9108
25-05-2026 21:05:44,x3CpQs6b0Rv9nyU5JAN6,bf13bddc-9f0a-4e4a-b5bd-d31b0eda4de5,False,3db4e6efff8b7518,e8c9832b5c388bb5
20-05-2026 22:24:38,zQkqTksxLboeceorUpiO,d99e301b-b9ed-4841-b297-4fad47ab9914,True,3811390588367f0e,430f674c6dfe941a
13-05-2026 19:50:51,0w6AYv5B39yxXgyOB90H,bd01fe5d-9614-4620-9d64-28fd6457cf13,True,3bc1bf7fb69f3ba3,0e52f2934d8ce165
10-05-2026 09:01:55,Myub7PqAiH8WVJ7wwZRC,76a5c322-34ac-4e9d-930a-db4b13d26c88,True,53c682ded6545e06,ae7ec9246c4649bc
16-05-2026 05:49:21,Ad19qQDySEUMoCLFxB5H,a4bc4dc0-3cf8-4836-95a2-08ce87ffbe96,True,57e7d972b508815d,72ba4e2f87adceb5
09-05-2026 14:05:26,x5jpsPSP98L8s7vq7yml,5009ba85-7091-4969-9043-29967993e084,False,1b1cc9cee9f27003,3cc68b8049eb8d4c
18-05-2026 22:17:28,kIsoL4sUHkKlP4CWawAp,a9df2341-5313-4cd5-b5a1-ab38c829a005,False,514af2be7dc985d8,131c7dd8f3ab4b35
17-05-2026 22:26:19,VWL98eMtQzcjbUDcjCoL,736ca607-8929-4b58-a55f-13a0bea87db2,True,3bd002cf1fcfa789,c6a2d85265d19a41
18-05-2026 13:47:49,ZliDWrgh8AnWtpvBKSjd,c8a0cd9a-725c-470d-acae-c8a92b0cebcf,True,93279918e60ec274,c837debb39dd1e68
09-05-2026 19:48:53,hMBbbNJGBtXFmI2SKzpj,c13f958a-4591-48a5-8384-cf6f88391e87,False,d632e4ce536ec364,de2dde23040292bc
08-05-2026 02:47:46,mXPgxyRtFA0DR07czQI2,987dd8f1-f00d-44b4-b263-8c8dfd3db304,True,3cc68b8049eb8d4c,cb4c1290e91970dd
17-05-2026 01:02:05,VjMGaYL2gimsSr87WPKn,1b7aa01d-4118-4f8a-9442-3efa2f606c9f,True,517fc5ca69b652a5,de2dde23040292bc
11-05-2026 16:21:19,TohvT6H124eLKmeT2Icu,d9a7f0fa-10d5-476b-b863-a9f82ae51e29,True,63d3511e9e857901,3b1338c1207d1e2e
18-05-2026 17:23:13,gPybWkb5abHMBl0oWsgO,9579f734-077a-4fb3-b850-d18afce292fb,True,da211edc7bac01a0,867d47425e9cccc7
08-05-2026 21:07:50,72NpDSxWOES6bjStVJmy,2ef3daa7-cb85-4e63-88ba-b115121c67f1,True,3db4e6efff8b7518,153c202e3cfef4ba
05-05-2026 22:06:47,FJSMmmo8Cb3NlTXi575r,15eb67fc-d3a9-435e-bab0-69c8706e8638,False,24d6a87b0598b02e,1bd749deaf799034
24-05-2026 01:02:50,xXvIOpqgJhsJygX7tvXO,1c86a554-04ed-470e-b5d7-35c3ac65be56,False,cb4c1290e91970dd,eb39e98aca20e7d3
15-05-2026 07:01:00,aEgMCWYQ3LAMTdSljkO1,367e7c1c-6f92-4ae8-9a27-8e738962ca69,True,330949523d665e3b,cbf338d836298cb7
02-05-2026 14:11:37,02ncssMlNjFvh81CmpAF,c6509c8e-2b61-478b-ad03-b67bed68cb6f,False,fb188f553674b4c4,3993ad7e2565b6b0
04-05-2026 23:03:10,BMXpGgyrdqKlzTo5H6uM,5523e6d1-c96d-4d13-bb9d-730a30e9abb6,True,2a339e8954684016,102edb38b5ec347f
05-05-2026 22:36:29,nL618RhJApT0ZCtZkgaE,60fb9e80-0ca9-4e3c-935e-341f79b497b4,True,3b1338c1207d1e2e,7d176c63414fcd05
20-05-2026 16:28:42,n9s80xQQB1EdPzbeIyu0,bb47b46a-8449-432c-add2-fd0a8ee6c731,False,cbf338d836298cb7,daf96d2280390dec
23-05-2026 12:39:20,jhuAeGKgEMH3B6OOUPIC,e84397b5-56b7-4a29-bc58-f5ab26c0488e,True,7e8fb26408446272,bb80f878cef35322
30-05-2026 21:03:49,s0egyOMDQq1ymwyCLqxB,1e8c3c6e-6bf7-4660-a240-2b28015ff289,True,3db4e6efff8b7518,bbbe498ee44f6349
21-05-2026 11:03:11,K5l6CWAHa9Bu3tnXtGyN,600b4c6f-da83-4d44-be47-da2a5e74bd66,True,f7c6682ad24d37f8,514af2be7dc985d8
22-05-2026 10:00:24,8NktSHiBlrAIsa03t0fx,f1cee6a4-dda7-496d-bcd9-d4a10c446b1a,False,1b38ab967d98cc4e,bb4bb9fbcfcc16d1
24-05-2026 11:21:02,cPyuCOjdF4qSrsrrWA82,f2596fb9-472c-41dc-80a5-1d7b26698bb6,False,102edb38b5ec347f,0f98939ac68105bb
06-05-2026 13:46:20,8bI1gjm8T9W1N1dgy3nF,2e063cd7-8525-46c0-8b26-94263c05df3f,True,e84878f982129128,c0014ea2ee2fdaea
09-05-2026 15:19:12,3Og2a7DJcAZ0K7aq6hfK,27b400fe-d319-43ae-bf06-cb0d8d6e7805,True,bb80f878cef35322,3b1338c1207d1e2e
07-05-2026 19:15:26,qsfxr70SDXSuSCtkxbnr,2b565a0d-bc5a-495d-8bb6-d884c13b69c6,False,d57d393b16ba030e,574582321d04df00
29-05-2026 17:41:48,Y2amf59GeBXCgisv1MYd,6ca721cb-5d77-4c25-98e1-8f60e3415f04,True,2a339e8954684016,ec75a53f04901eec
21-05-2026 22:12:54,C4CDXZQ6EQZ97u1WwWKP,1fe51e36-9c96-48cd-8879-dcb63c4dbe1a,True,1791998ac3161359,430f674c6dfe941a
07-05-2026 14:00:58,1heLpqGfbzFC3oP9guEE,f46a5e87-965d-4fdb-b470-9a357b04b5d7,False,389da1f3a7c1d8de,7d176c63414fcd05
16-05-2026 03:39:07,CTFW1BwiabVeAzty6UxS,ac16c8a1-a628-4254-b4fe-942894595462,True,330949523d665e3b,57e7d972b508815d
27-05-2026 04:29:54,faB9Pbpngp1pq6dkLrmp,4db0ab80-8d59-481b-95cc-5a0cb39470d9,True,95744df47936b8c4,d57d393b16ba030e
13-05-2026 18:28:09,576o9fIonA4Y4xJpMkR5,d3e5492d-1ad5-47e0-8f69-9495e8c7bdc6,False,514af2be7dc985d8,64a94f9052422a0c
14-05-2026 11:39:31,q8RVRxBrV6dMxddsWbd0,b5e5bb43-67e0-4a57-99e0-3f408d682dac,True,430f674c6dfe941a,330949523d665e3b
06-05-2026 21:32:26,iKu5jWRAfOdYxFZSw2JD,25b21bd1-5162-4759-aa29-db0901ea8a57,False,de2dde23040292bc,95744df47936b8c4
13-05-2026 02:39:09,HgxkJyJrpOS6JtvYkKXX,736f7959-5d54-4cb2-a85a-0f37712af016,False,5311a0642c2564ad,e84878f982129128
26-05-2026 20:06:04,aYY0k7BZpoe2NlLUqMj5,0a57a680-d77c-4553-ab12-0768121704b8,True,a8c47673d6a4f85c,d0825fdf3da3660c
23-05-2026 18:15:55,flVAXIjvKqC9ncdjUGfk,7f6c2b7c-028c-4d96-9282-fb485ac38326,True,bb80f878cef35322,2b95dd3cf28e7c18
20-05-2026 23:48:00,CaLO6sO3wuP2cfpN56qh,713d24d6-8d35-41d7-8d7d-945522851bf3,False,f7af4712fd6b9108,3c58290022ed11b1
01-05-2026 15:33:17,0SCPlxXN8zCDVsuXUoOc,d4f5d0ef-36ef-4415-b9cd-fd1cd60e5fa7,False,3811390588367f0e,b30b0b43692b035b
15-05-2026 21:11:50,qETaUAgr1poXViJUc5Cc,51ac7c1c-9c73-4221-aa63-7400c43f0978,True,d4389e820d4f82fa,923d0315f3ae2bb3
17-05-2026 18:09:31,2dS2U3lFuEQK23SGSnYb,af045dea-fc82-4db2-b64d-144308ae2803,False,cbf338d836298cb7,57e7d972b508815d
29-05-2026 22:41:36,AFRZsEIQ0KyECvnRYZPx,fdafe02a-977c-494f-82e0-1d0400e31345,True,c34c1310eab19c87,6f36a3307488809f
15-05-2026 15:38:44,hZpF9IReGektxmQdHiz1,de559dad-f30b-47a0-985f-ef744d4203fa,True,4c885efe7bde3ff4,06961ead71f8b1d8
30-05-2026 09:55:37,BNBu6iJ3Jayl2JXb025n,bb34bd43-1716-47ee-b3a6-7ad4e4beafcf,True,9d16533a62ab9315,e8c9832b5c388bb5
11-05-2026 22:01:05,IJEs8QR4AyPT3ajvK5Kp,af4d68a8-5a7a-4641-aa01-c094e1976992,True,42d576864f9952c7,d57d393b16ba030e
20-05-2026 08:34:44,WgtFbMuKDKoVr5HBHmsk,b6fb2746-8693-46cd-b0e3-0caddf4c28d9,False,cbf338d836298cb7,c31244cee16e0c77
10-05-2026 17:11:56,JWzVnsNhT73R1xyiaTPe,d866a5ad-3610-496b-94b6-7f076f7ed952,True,3cc68b8049eb8d4c,13db178cd9a1e37a
02-05-2026 15:30:10,udpyD69QhJUq5Gnfgzlz,32d1f020-2205-4271-8737-ef526d107812,False,d5eb4d757b335d0e,ce246387dd078174
11-05-2026 17:17:36,HSU7ZtuDrVVhcfyU1n1L,6ee0cea2-b4e5-4f31-a41e-22847525ad31,False,e8c9832b5c388bb5,d0825fdf3da3660c
12-05-2026 03:12:16,uPxcfMb50x6qLtfJRubk,e130b87d-c727-48f1-8776-e8d26f28277f,False,42ac1a2bf982f79c,5a7b6516c51a4d4e
30-05-2026 22:00:20,qANLHaVwrmQqK7OWWVkH,d0755834-57b4-4c25-a910-2502c6115923,False,430f674c6dfe941a,3c58290022ed11b1
27-05-2026 19:14:59,zcTI4uMMyzA4SgkjUEM2,dd864c7c-ff08-4366-a35c-b9fa7e3fb58c,True,8e7f2987241c2818,5a7b6516c51a4d4e
05-05-2026 12:56:27,Bry2QZAol1s8DhOcOlXB,ab235345-a750-4ca9-9201-430df9b78a63,False,a2fd30e5fa49ad53,c6a2d85265d19a41
21-05-2026 12:42:22,c6wwrXT0UbG2B8229EaA,b502f817-e869-459b-84e9-aff964672566,True,3bd002cf1fcfa789,72bd2672c948d2cb
21-05-2026 20:34:06,oespbTbkepcuTVoSlHRu,eeaf08e0-005f-4da8-9d68-79848be0d382,False,1d6285f5502cf1f8,3c58290022ed11b1
06-05-2026 01:00:29,XDULUUZ8jfMdxCwMzMCa,fe37fd2c-deca-45ee-ab57-5e20602324c3,True,7e8fb26408446272,cbf338d836298cb7
04-05-2026 21:46:08,Fi8WKJu2m7BI9EyftdMI,5572fa56-4d7a-4904-b37b-e1598119b6cd,True,2b95dd3cf28e7c18,34cbefbc28798720
07-05-2026 00:36:05,wSV9UrJr8PYuUe1rnLOO,6d087ad1-5367-4205-8c1f-302228b449ae,True,9d789fd91804129f,f7c6682ad24d37f8
10-05-2026 11:35:44,0LQHXDbmrVGGWtaavZzi,d15a208b-209d-490f-9b8d-4048f2f12ef3,True,82a83fc853728306,5afe6ceac06784f5
18-05-2026 09:01:02,fiRgcGHPpD1rg6V06Bpg,096ce591-35bd-4178-be8c-30b5e1d2eef8,False,daf96d2280390dec,42d576864f9952c7
04-05-2026 19:11:31,GzShlU8RvI7iOhKpY80e,2b5b4228-ae17-4ffd-91e1-63274d8b9322,True,06961ead71f8b1d8,63d3511e9e857901
11-05-2026 11:16:08,ErPsMRUGXmK1yiNBoOtx,2a6c235b-0d02-48b1-94bd-16cc876a83c0,False,e9da39984fb29dc6,ce246387dd078174
18-05-2026 19:19:23,BVqZnF86K1dOBwEkPOGH,ef93d8fd-adb7-4f90-9299-0aaa75763f10,True,c0014ea2ee2fdaea,1b38ab967d98cc4e
11-05-2026 06:49:50,jiQsjGkdySGIhEw1b4UU,0a61b6f1-c479-42f5-b729-85618dc2c205,False,c7f34dc43387f858,cbf338d836298cb7
07-05-2026 08:58:38,1hBRVQg7FrUCPGrf1Vej,4137805d-5e5d-447b-8ea0-1c3281ab2935,True,c9ab51cba10ae1e9,1791998ac3161359
12-05-2026 18:27:34,Qy4lwbGVBM9kL2QUvpFa,7a596101-e9bb-4c87-9962-48aa3d56b1ee,True,95744df47936b8c4,c51d4eb54f89fec8
03-05-2026 23:24:06,Vna1UlGrHgYMptvWEBt5,6de5a1c0-83ff-4015-99db-34b2b00780ce,True,5afe6ceac06784f5,057c44d337463e07
16-05-2026 14:19:13,f2fffJDOAlJBFz1svbaI,2eeb5662-691a-480a-9d62-5232b287219d,True,75778bdb64d1008e,ec75a53f04901eec
30-05-2026 00:19:38,az2qlZjZf77tEZChhroQ,d67ec1b6-dad2-4a3e-98ee-cae1b92cabd3,False,24d6a87b0598b02e,3cc68b8049eb8d4c
08-05-2026 06:33:57,DwxI4NXxYu3TDE9Lw1I8,a4061a64-4232-499f-a5c8-298c8cb2ed0b,False,552b8d6c350cb13c,42ac1a2bf982f79c
03-05-2026 05:40:50,vbqfpkBGwXkdiA2h5Qio,9156489a-6c0b-4a64-aa3c-5d319e59a4f7,False,5a7b6516c51a4d4e,923d0315f3ae2bb3
26-05-2026 16:52:09,KNEeWBSmD1hvEPJueCpT,f528cbf2-6ca4-49c8-9cfd-775311b92b70,True,72bd2672c948d2cb,06bf6a628379e030
20-05-2026 07:10:30,fP0ij3rD0kfVEJdhwEBK,b364cf2c-a3ea-49b2-8700-af0214bbec9e,True,8dc02e5c153f83a3,91d55d217a2af234
06-05-2026 06:48:52,8KYf4YVk4DGKKkufJP0B,30ce9e2a-580b-4a55-a273-15e18a5af318,False,d5eb4d757b335d0e,7182af742e04dc6d
26-05-2026 17:37:24,NUdkEzOCC0tyqYP8pkzu,568a9361-4a81-40d1-8745-31c84f76b701,False,9cbee3c1d7168837,17b4966e9be4d8d8
28-05-2026 20:31:25,0GDQ4UIyzC9IAaxQo8FV,152b2017-eb1b-41b8-bc54-7b1bb96b7dd3,True,4c885efe7bde3ff4,ae7ec9246c4649bc
12-05-2026 00:19:47,knqta6PkotJcI7eK5mgs,c8381401-bde5-4793-bf40-92b55d28e82e,False,5a7b6516c51a4d4e,64a94f9052422a0c
14-05-2026 04:15:46,vPopEpabRCy17hKblbgn,d8bde14d-aa10-4344-b7cb-5f219d234610,True,bb4bb9fbcfcc16d1,19a558ecc36977ce
10-05-2026 23:46:34,Ym4Y7PHsQ6aL2YrJQe0Y,9d3c1afe-2732-4412-838a-28b79232d100,False,57e7d972b508815d,91279a646f8ea6ac
22-05-2026 06:03:11,9izcUNvNbTHtaVUWcBRN,7c6534f5-e18f-410b-9124-472ad74d5272,True,867d47425e9cccc7,63d3511e9e857901
26-05-2026 03:16:01,LKhMnZZfTZAJ21gc9LgN,2315fd84-8ed9-41b3-92c3-7eb218616853,True,c34c1310eab19c87,4c885efe7bde3ff4
16-05-2026 02:46:49,Al33IKy0bFQmveZ4T6hS,1ffd807e-11f0-458f-b3a4-6ee145a3d8fb,True,daf96d2280390dec,f7c6682ad24d37f8
28-05-2026 21:46:03,0f2b4PKGB5efModn3RAw,ad919c44-df3a-4fbe-925a-ab7bc5100d96,True,7d176c63414fcd05,1bd749deaf799034
16-05-2026 15:33:52,eL4hxaZaFLn2J4omsk4E,93d1b93c-1288-467c-a9d5-7ff3796df852,True,b572bc65fae8bec1,867d47425e9cccc7
17-05-2026 05:43:55,Xf4rArAr3nh1HgT9xAZ4,a6a520cc-16ea-4045-9e52-45c41e4bc9d9,True,c85cdb0ef48d09c8,ec75a53f04901eec
06-05-2026 12:44:38,d5MVLinTCMnqZDrU4Sqp,8f274fb2-7ec2-49f6-8f37-ea26e8884604,False,3bc1bf7fb69f3ba3,102edb38b5ec347f
30-05-2026 00:01:30,xEKW4ysPKfP0shK9Olrm,eb7be9cc-4ac6-44dd-9f4d-1b7a49439951,True,3c58290022ed11b1,06961ead71f8b1d8
09-05-2026 13:04:41,56E9kYg0PlZBXEtbA1Wl,1328c276-a126-4ff4-9a7d-71466fc5343c,False,3c58290022ed11b1,13db178cd9a1e37a
25-05-2026 18:22:03,eRFyFdUDQkYHQfH0clKW,7d71f000-f6d4-46bc-904a-7228b7d8308e,False,057c44d337463e07,7f281c8dbac1f799
22-05-2026 09:50:53,H2QMYhtJGZk5KpzsgtAj,4349c6fa-ba4f-43c3-82ac-ad3070ee3ce2,False,55b620d8c0ab41e0,04964f8452901231
29-05-2026 06:55:30,V0i0ZL62vOXxXRcBbTs1,0815b526-b2e3-4876-96a1-3a03ce75a284,False,ce246387dd078174,d0825fdf3da3660c
26-05-2026 10:17:48,ipfYDe1iV03T4wy0o0Oi,a1c96389-24f0-440a-8476-aee3fcf6f394,True,6f36a3307488809f,e7eb35b501d57e1f
08-05-2026 18:59:29,yOHBn0tHikIjH0IvTSNa,47d40df0-798a-441e-92c9-357d25b97848,True,7d176c63414fcd05,ae7ec9246c4649bc
10-05-2026 19:15:30,yAPS0aHMJXe9s2nGNaBG,2d0c60f7-060a-42a4-8b14-d43719361554,True,9cbee3c1d7168837,72ba4e2f87adceb5
21-05-2026 18:00:01,zVSlD4cBXwmuXEDQHpES,432a73fa-5ad0-4312-8703-f78d522e402a,False,c837debb39dd1e68,d5eb4d757b335d0e
04-05-2026 21:15:45,4wRLk5RbNEIzi4YWcVOo,5c3840aa-4dd8-40ac-8321-ffcf80513b3b,False,6214b1b462c04096,06961ead71f8b1d8
29-05-2026 13:33:56,OESs3eX1SQDadnfoROXw,89b45aa5-fc1d-4e3a-9899-cc6ae6e91d0b,True,487b076a69a53671,1b1cc9cee9f27003
21-05-2026 14:53:07,DrwbjlZ1sDCnFX6WYqfH,79abdae4-d1bd-4327-a93b-12d90f227c06,False,39a54d73a921b9f6,bc74204126e384ca
02-05-2026 14:31:09,n6vYcpxNV7Gpz0NqxYDy,6c832416-c9d8-4ee5-a0f2-4200f593b367,True,7e8fb26408446272,cbf338d836298cb7
09-05-2026 01:59:54,LLkfEd3LXEZv8q9jtFiU,8c7308c4-afaf-4805-a6d1-e3a2a658374a,True,552b8d6c350cb13c,9d16533a62ab9315
17-05-2026 19:03:57,M8y0XflKJhvrRsRwx0xu,940b504d-e498-4eff-9ad5-1071378c2e64,False,eb39e98aca20e7d3,c837debb39dd1e68
09-05-2026 07:10:08,jwSRZUY75OfVtbvbGE8D,4a884463-ddda-4f8f-be9b-784f9aa6331d,True,42d576864f9952c7,53c682ded6545e06
23-05-2026 17:56:54,sFVA2CoCZGjCRz6sWjee,38e6da3e-0c81-4208-bfec-0a1eb855cda5,True,bc74204126e384ca,517fc5ca69b652a5
07-05-2026 20:21:50,uCHWI2q1Z5tiDbElHwNK,a7ef4196-9e7a-44d9-b5ed-a16751564ae5,True,9d16533a62ab9315,ae7ec9246c4649bc
15-05-2026 18:34:04,WhpchrSkkwslGq9tERAx,1890b6ff-2136-43b0-a508-c9bc181f297e,False,cbf338d836298cb7,234da97fe615c6b7
12-05-2026 15:05:40,dvrahUGy8zhC8HDxUyl7,5ced41ce-06a6-4c05-922a-b8af4eb25dfe,True,2618243a251bd83f,39a54d73a921b9f6
22-05-2026 03:35:18,guuu2XkPOEiaCrXlvZPa,4ffce28f-ada7-43ba-97e1-a0053f3b9191,True,c31244cee16e0c77,1b1cc9cee9f27003
22-05-2026 18:09:54,TLfuSqiAgdJe1kth5YZO,6d9f2c77-e92f-48c2-b0e1-c9c5b3d33977,False,18d281edb3671f44,55b620d8c0ab41e0
27-05-2026 03:25:30,Zh8J5lWDVhQ3NeJgy3jC,1b460215-498a-4396-8c5f-055d74b01e8d,True,cb4c1290e91970dd,d632e4ce536ec364
23-05-2026 16:22:58,0PHH3C3cAZygMk29zdVF,10c0732d-0b94-483b-9dea-34328cdd23ce,True,bbbe498ee44f6349,63d3511e9e857901
17-05-2026 10:16:19,zhxIc4J6fGpuYxiOCvJw,9d7d9807-538b-40e1-883c-f2a4d245e24d,False,24d6a87b0598b02e,e1bd0a847e7079be
30-05-2026 01:55:34,zbBBjsO0a0PM5iUFwjxS,0dc46d54-6286-48f1-b47b-51894d23388a,True,19a558ecc36977ce,7d176c63414fcd05
01-05-2026 12:08:45,sLmGtVclAxSnLBxhUgw3,ea07ca99-56f1-45e7-a778-70201a8eb80b,False,55b620d8c0ab41e0,1d3db575c4a79d75
07-05-2026 18:07:20,W8qtxUs4IsjEG0WnSCeK,e25e3c80-7af8-4c2a-b87c-5ffa4aa27f30,False,06bf6a628379e030,ce246387dd078174
28-05-2026 17:58:55,0PM2pd3LxjiHDLytPmpV,5c22180f-ee00-46d8-aa3f-d3d4c0ee550e,False,57e7d972b508815d,102edb38b5ec347f
23-05-2026 03:09:09,qE7lTosNJvmr3LCxombi,c5acbfec-6ee1-4c51-afc8-bf5b2a0b0e6b,True,13db178cd9a1e37a,4c885efe7bde3ff4
08-05-2026 03:02:41,jEyQ6X4tGG4KGPccfOtU,4e7b8eb5-5cae-4aa7-b324-db70f4e943db,True,06bf6a628379e030,487b076a69a53671
12-05-2026 03:57:00,adrMEPdP6CR2nzRvslVv,686b054b-bfde-4c0d-9479-a8599fbd9f6f,True,2b95dd3cf28e7c18,552b8d6c350cb13c
08-05-2026 05:31:27,qGb5wy0ZNSrNLmyew00E,f3f75074-4bf9-4ce6-a7ae-1cc3dca6d2f3,False,3b1338c1207d1e2e,e9da39984fb29dc6
27-05-2026 07:14:03,Tfspld0z51ngeYbJkUen,aaa9b34d-2235-4a0e-a3b4-22729823e86a,True,fb188f553674b4c4,9cbee3c1d7168837
07-05-2026 18:20:44,zCgOMUYNB4Z5phS7ijKM,bae32ef7-60dc-4f7d-b929-05cace60e826,True,cbf338d836298cb7,487b076a69a53671
07-05-2026 20:27:17,omGsSTg1g5ZBAbPPBKcT,84ea5f9d-b5b3-4deb-8e54-22f06560d12d,True,de2dde23040292bc,0e52f2934d8ce165
03-05-2026 03:08:10,ODpp4JewNqM8IIo9iyfd,9b73b955-f07c-4624-b0c5-3f4a2f7e3171,True,1b38ab967d98cc4e,57e17fffc619e182
28-05-2026 12:17:48,EEkcXBtcZj9ilLr2dFjV,8f6d7cc1-0f47-49f4-9a84-a47226741a12,True,06961ead71f8b1d8,bbbe498ee44f6349
16-05-2026 15:33:35,Jl6fpstVPYXHwgtx96pG,b83dbb15-7152-49cb-87b1-6263b2593991,True,bb4bb9fbcfcc16d1,24d6a87b0598b02e
27-05-2026 20:43:19,hs5HfH9mJ1OUzp8MBecM,537e3761-3e6d-41fd-8774-dca840120951,False,7d176c63414fcd05,b8e78b83a62a0cb7
26-05-2026 09:17:36,7FiuGdulyl1wlisAZ0t1,66502c8d-e84a-4fe5-bf7f-647fb090e30b,False,cb207a93391638cb,9cbee3c1d7168837
09-05-2026 09:03:32,RoaoGpvzdwnJpRZQKmzu,e0462846-d919-4c2a-a872-549693dbbc7d,True,82a83fc853728306,72ba4e2f87adceb5
20-05-2026 08:44:14,G1b4ptqyL6MmSAZIsvOO,58ab5dbf-be19-4bd7-b29c-b0c99fe3eb18,True,c34c1310eab19c87,923d0315f3ae2bb3
23-05-2026 11:35:45,rFAlL9GcyU4jx1tFK6yY,e23eda04-7c73-42b7-9f1b-f45119f7403a,True,18d281edb3671f44,c0014ea2ee2fdaea
17-05-2026 01:20:50,dasI99MMPn7yP5gIQ88n,1f49df7f-7e84-4461-9116-f158df0b9371,True,72ba4e2f87adceb5,3bd002cf1fcfa789
12-05-2026 09:08:03,atFkFQhg2mfi0sgAIvY2,33f1d6a8-d482-4778-97f7-72e4e8e7ff97,True,5afe6ceac06784f5,06bf6a628379e030
27-05-2026 17:24:24,hQq8UoDjBPppITVRFEmu,495c57ac-32ac-4ef9-b0d4-a94386cd3e39,True,42ac1a2bf982f79c,574582321d04df00
22-05-2026 05:51:24,JFbxCT4TA3e5QE50qzEL,776994c7-f055-49ac-833e-1ff3273188e3,True,55b620d8c0ab41e0,7d176c63414fcd05
07-05-2026 15:36:09,u4cZgEU88ZzLvgtHgCrt,255f8905-f282-4aaa-90ed-7164ef337466,True,da211edc7bac01a0,b30b0b43692b035b
13-05-2026 17:57:48,kL2no4KalhZZqO4MyEgO,5d8c6427-cdf7-4c8a-bcab-db7ce60ce4b8,False,13db178cd9a1e37a,19a558ecc36977ce
03-05-2026 05:40:51,uXJTdid9Tc7feKB4EsYu,74479b0d-ac6e-4ec6-beb9-d3dc352d6c63,True,c34c1310eab19c87,bb4bb9fbcfcc16d1
14-05-2026 05:08:04,X4rdRJuO7ugG8de6Fe6S,bc08a394-696c-4be9-9dbb-904692262bfc,True,9d789fd91804129f,3bd002cf1fcfa789
19-05-2026 23:33:44,FLDcJYqMIJPMpdb9bplX,ceb6c71b-8ffa-48f9-afa2-a6e9e6d6e621,True,04964f8452901231,06bf6a628379e030
25-05-2026 17:07:22,MZPB7PBzfSoJ99vhdJUt,0c948746-dee3-4e2e-9ff0-87d840fd3ec2,True,e84878f982129128,9d789fd91804129f
19-05-2026 23:34:55,Mkr6VXgI7w7usABdsZZV,c1991b9f-1abf-4abe-a27e-fdcd74d44803,False,a8c47673d6a4f85c,d57d393b16ba030e
02-05-2026 10:26:20,WAJmgByXsGzvsfqCaRnk,fa6b8968-8ee0-4050-a8e5-4e74113ef407,True,91279a646f8ea6ac,bbbe498ee44f6349
14-05-2026 17:44:37,95nGILU9ELG5hZFCrhFn,e50af394-ef22-488d-8561-4420123a1bb6,True,2f2bd7547d602b7a,c837debb39dd1e68
12-05-2026 17:58:50,ih5Yl4VqIOZUJIgoWT2q,a979c92b-a560-41ee-816f-2dfebc9882a1,False,b30b0b43692b035b,34cbefbc28798720
26-05-2026 11:29:10,OfDynwDIdzNnwLTsJcax,98fc8395-610a-48aa-9b63-5e9e1c98ef93,False,e8c9832b5c388bb5,b30b0b43692b035b
25-05-2026 01:09:16,qBRxOfMigHVRpo3yltzV,d9a76cb8-3485-4bf7-99d3-13dd09513d3a,False,556be8558ce56421,3db4e6efff8b7518
24-05-2026 16:11:13,v1nEtilJ4hWe2efPM781,511befd8-3a79-4460-b1c4-4fea84d9c80c,False,6f36a3307488809f,d632e4ce536ec364
10-05-2026 13:22:54,9rBrGWWlLzbArnYa5R5x,8031349b-0f58-40d1-8e54-da11a25262fb,False,7f281c8dbac1f799,c31244cee16e0c77
17-05-2026 04:45:48,F2Tye3MzCM6UKM0oYOOz,07dd9d0d-c00c-4c8a-bc58-abf903270ed2,False,57e17fffc619e182,bbbe498ee44f6349
05-05-2026 08:29:55,LytNyI94ObRKNgGMqpiL,0d9e1409-85e0-4f12-8ee5-eb3e53e80dac,True,234da97fe615c6b7,552b8d6c350cb13c
20-05-2026 02:55:24,HGALBoabAlF4JmZqJFtN,2c0ae75b-48dc-4778-af18-7eec8efe5843,True,72bd2672c948d2cb,574582321d04df00
21-05-2026 10:08:45,mJoLUSwbmZXCpPvOBBT9,5f96ed53-427b-4791-abd1-83db99ba6f0b,False,7f281c8dbac1f799,d57d393b16ba030e
24-05-2026 18:59:29,Q7hSkTkgZQfoDEfjPI2n,5e601a8a-55e0-4372-bfd2-b051acf371cc,False,6f36a3307488809f,9cbee3c1d7168837
21-05-2026 02:43:45,5Q89gZFeiMwt23JEcm57,6b9d6ac5-9bcc-43d1-9fbc-86d0291734dc,True,72bd2672c948d2cb,55b620d8c0ab41e0
05-05-2026 15:03:42,MmWM465wFuJoFtEUkYYz,f78db64e-4982-49a4-b68d-17160ab9d822,True,3bd002cf1fcfa789,91d55d217a2af234
29-05-2026 08:51:08,1HIaIscXGy4dW62gGk6k,301c5c08-67e8-4cfa-9cd1-1a60ce4c3711,False,bb4bb9fbcfcc16d1,93279918e60ec274
23-05-2026 07:02:55,lmmOCSvfdXlKmWqVlbG1,9964adf5-121a-4ba6-8bca-e04e1dfcb0fd,True,2f2bd7547d602b7a,c0014ea2ee2fdaea
17-05-2026 13:24:39,EUdHnLJFV5iO8Z630dnB,69a6621f-2aed-4c68-b5ba-a6ab5808ea06,False,fb188f553674b4c4,330949523d665e3b
15-05-2026 01:33:39,CELLzJdLdtKlF9FatZO1,d90884cf-3827-44f0-bbdb-27f3f556dde2,False,514af2be7dc985d8,b572bc65fae8bec1
16-05-2026 10:10:57,kMAf5CZh8hLGcoeVmnna,f3a2b4b6-4613-4ee8-a0e0-03128a794ffd,True,b572bc65fae8bec1,e9da39984fb29dc6
14-05-2026 16:54:39,1EF6laZOMIKIBqInisoo,95089393-730b-46be-9123-1bfea98ffaa8,True,6588d11c4a11acb1,ae7ec9246c4649bc
19-05-2026 21:51:02,c1KLXTyu6zYs4paoPQMh,860bd6f9-4793-4aff-aa59-0f8704c73d03,True,1d6285f5502cf1f8,a2fd30e5fa49ad53
27-05-2026 22:04:00,z7WRZhfz7wBSWZwPORh9,6ce781ae-82ec-425f-8a61-8759eebcb5b4,False,57e17fffc619e182,82a83fc853728306
22-05-2026 03:00:31,XEMrMYaHmR77Xbvel926,0bf77eb3-d206-4875-92f5-8817dcdc5439,False,cb207a93391638cb,c837debb39dd1e68
15-05-2026 22:01:01,wsmLl4J4F2t7wD2Mjr8z,cbf33e22-1852-454e-886f-92aca4381ac6,True,4c885efe7bde3ff4,5a7b6516c51a4d4e
22-05-2026 23:05:52,cEGbCY0IM8ScwcGZpEfr,b49397cb-f472-45b5-b87e-be95020e90c1,True,8e2e127651e9cbde,e84878f982129128
08-05-2026 11:54:14,q4ORfY1FXxvlEBrPlwRF,4e157f3f-e575-4a4f-8c4f-cd085f193593,True,234da97fe615c6b7,bbbe498ee44f6349
28-05-2026 20:02:47,v4kQk5YrgfFojEZDB2J0,88e7b9a8-cb15-42f6-b8fa-1cba020c421f,False,5e1de20fecf98844,0e52f2934d8ce165
08-05-2026 00:59:22,J0moBGg8wkdrPIy5qCTa,f6ac43fe-33f4-4f50-a790-95177d132882,True,bb80f878cef35322,1791998ac3161359
11-05-2026 11:36:15,O7iroY15kp6NEz3L1wQ1,6693833a-9a47-4357-ad9b-2688ffc36aa3,False,7e8fb26408446272,72bd2672c948d2cb
18-05-2026 16:07:07,dzUGnXwkrMts5IP8cWLf,f31e1236-04d9-4118-a96b-4c9448bf5bba,False,53c682ded6545e06,39a54d73a921b9f6
20-05-2026 04:26:11,2bhrDHLGe0GJAIiQ7WCy,5bb74d45-eb52-41d6-8229-2987d7cdfac7,True,5a7b6516c51a4d4e,c7f34dc43387f858
19-05-2026 17:08:43,4jbj2YHGFnWfL3xJ2cvg,2a0ca354-bfc4-4b74-8a3d-9937d6e26bb5,True,057c44d337463e07,8e2e127651e9cbde
13-05-2026 04:42:59,KoxiYNDCtSvqvUcaZ92D,0c6c5f7e-a937-42d3-a758-0fa5d0de6dbf,False,8f8c45c33ff51d0e,04964f8452901231
26-05-2026 18:48:47,a7bCWDAHhyd0LyXj2qeh,d8c20247-35f9-46a0-b888-33c76d9966d8,True,c7f34dc43387f858,d0825fdf3da3660c
22-05-2026 07:53:36,tY0zCJdmt7jowCZRIfiS,968cd003-ae58-4541-854a-d67c0a7c92cd,True,153c202e3cfef4ba,c85cdb0ef48d09c8
17-05-2026 18:10:12,dN37YEapaJ2IZo38vSW4,3320791d-19d0-4c26-ae61-239ebb63e05a,True,f7c6682ad24d37f8,39a54d73a921b9f6
10-05-2026 10:15:16,hpNvvpVgB0qmcYqPHG8I,1654b8cf-158e-4e90-8686-6f5dafb1e3db,True,c51d4eb54f89fec8,ec75a53f04901eec
25-05-2026 10:19:57,42OXfxEx53LJgXgYa0Gl,863ec00e-53a7-40b3-9284-4877723fa5f3,True,1bd749deaf799034,8e7f2987241c2818
14-05-2026 11:39:43,NXzIojY138nEIBQpzHKT,4c428922-9411-4692-905c-4b6305fcfc91,True,3b1338c1207d1e2e,9d789fd91804129f
30-05-2026 12:53:02,KpqiCR9aucgSlIjj5PdK,5d5d6fa2-75bb-4a3e-bfe0-e8971624542d,False,9d789fd91804129f,8e2e127651e9cbde
14-05-2026 08:14:01,IuRrzDijqt1Vq90fGS1k,db3480db-f829-4e76-ace2-9927619913eb,True,bc74204126e384ca,c6a2d85265d19a41
17-05-2026 04:26:26,nJ0EheGO5hhZRxtw9F7A,68ba2308-6f15-48e7-a8e0-f179b8469c45,True,3cc68b8049eb8d4c,63d3511e9e857901
20-05-2026 11:41:16,LnJfCTpu0RxOMrGVCtEY,2ddca864-1679-4073-bc8a-33ae1414c7f1,True,bc74204126e384ca,8e7f2987241c2818
25-05-2026 06:59:39,eTaPwbhrB4EkLSdfoo2O,117f267b-f6e2-450b-b7a2-48fdffdc1ea8,True,c85cdb0ef48d09c8,55b620d8c0ab41e0
27-05-2026 04:42:29,UpOTLVxwC8y88C0oPTvb,60813b0e-0069-4135-b0e3-331702a6b444,True,55b620d8c0ab41e0,3db4e6efff8b7518
26-05-2026 08:44:09,QlfukbkKOg6MrP8l2kHV,ecf7136e-25ec-4a45-979d-14220f82c8e8,False,bb4bb9fbcfcc16d1,057c44d337463e07
08-05-2026 12:49:11,6AswTCtmcfL0C1W5lHRz,4daaa975-20c3-4cec-8806-85c167680581,True,c837debb39dd1e68,57e7d972b508815d
18-05-2026 23:56:45,KhGP7uhrlDklqxXhZT9R,1a396bff-2ddd-4411-91d2-9fbc6d548a56,False,1791998ac3161359,3811390588367f0e
05-05-2026 22:17:03,MgNsIobOfddROmkqaP7k,ea64e8d4-38b4-4cba-b681-4f875f8e806d,True,7e8fb26408446272,3cc68b8049eb8d4c
28-05-2026 04:33:32,9HmBVnRn7is1yvSBlL3r,a1bdaba8-7663-486a-9108-7e8f0334248e,False,53c682ded6545e06,487b076a69a53671
29-05-2026 00:16:07,H0PkvoMMxMnBNIrqfLBK,81707e5a-1d33-42af-97a8-156142975d27,True,bc74204126e384ca,53c682ded6545e06
24-05-2026 12:14:58,32m9nK4ac0puBqWm7GoD,09b59d0f-ed81-4889-a9d7-ab449c0a4603,False,2b95dd3cf28e7c18,fb188f553674b4c4
22-05-2026 19:14:44,sEDxx1rPjd9ii8geaLVo,d3c658d2-8ada-42cd-834f-730da37a12cd,False,bbbe498ee44f6349,42d576864f9952c7
02-05-2026 15:13:00,rbj8f6pO9Uvv7kRfcfTt,26b621c4-a010-4464-a349-36209d29e5df,False,517fc5ca69b652a5,7182af742e04dc6d
22-05-2026 03:29:44,14EZS2lwFeKkgqmERslD,db1a445c-b1cb-4a83-9a50-41f21f9a9acd,True,72bd2672c948d2cb,ae7ec9246c4649bc
18-05-2026 14:49:10,8776stIoniigtIz0MHi9,2ab4251a-6e58-4f89-8205-a753acf3738f,False,7f281c8dbac1f799,2618243a251bd83f
30-05-2026 00:07:25,UEFBErWQm4kWZ5HZ3v9N,10d26e79-9db7-4188-a21b-008a560dc443,False,a8c47673d6a4f85c,57e17fffc619e182
28-05-2026 03:36:39,0qK0pv42PWMbWL8uKRED,f9aad0f5-2017-4544-ae3e-b836f4175b42,False,1d3db575c4a79d75,72ba4e2f87adceb5
08-05-2026 18:51:57,JhyXscfP1LP6nWOQwyN6,123d6916-7041-4372-b616-2a6adeaa49e3,True,4c885efe7bde3ff4,c31244cee16e0c77
03-05-2026 09:58:34,ErBXP608h9rx9jh8Hc9z,2459f3e7-f3ba-4689-8d47-fb8b38af9f13,True,e9da39984fb29dc6,42d576864f9952c7
18-05-2026 16:20:22,VBRrYzaNZQ91QCGytZPF,d053be6b-1c99-466d-a9e0-7dcd0110666a,True,c51d4eb54f89fec8,1b1cc9cee9f27003
15-05-2026 20:20:40,hYOe293iIsy6d5vRBHlI,3219e9ba-7029-415e-9670-b0871c8e3bc6,True,82a83fc853728306,53c682ded6545e06
03-05-2026 23:50:02,Nd80nuTdEZCheHW4FRvi,053e8e82-1d83-426c-b004-5ec97d01b24f,True,b8e78b83a62a0cb7,e9da39984fb29dc6
22-05-2026 13:07:48,zo6rAXfh5Jd5glUjht9J,fae3a334-ba9c-440f-83d4-d7cc4509ff2b,True,c34c1310eab19c87,55b620d8c0ab41e0
11-05-2026 13:41:41,tSZ5uybXaFYZgkkABeje,1369b658-1d6e-4088-815f-42f04cda6168,False,95744df47936b8c4,18d281edb3671f44
16-05-2026 14:14:06,N4m59KWGFFQaiLHTpXBN,e4d1a9d4-0baf-4719-bc42-0feea4053c43,False,c31244cee16e0c77,5a7b6516c51a4d4e
29-05-2026 07:45:38,jpLaeSsm7g1wSQ1j1Ci3,5d06b819-4c6b-4034-b94f-5566f9850c79,True,c837debb39dd1e68,430f674c6dfe941a
12-05-2026 14:30:00,HKuzO3iayC9IeOklAMGE,68b51e96-09fd-49b0-bd2f-e2291d91c5b4,True,b8e78b83a62a0cb7,1d3db575c4a79d75
29-05-2026 22:32:14,ePz9YRzEz7P4kRCSxNhs,2d98b10c-f817-4399-9c22-7f46a25b1595,False,9d16533a62ab9315,e9da39984fb29dc6
01-05-2026 01:32:16,kwvMKY75wmKdCiggsSr3,a232106f-ae82-4355-b1e3-0dbc1ffcf201,True,cbf338d836298cb7,c51d4eb54f89fec8
05-05-2026 22:16:08,A7IxFRIvPLxgMmUDB7G1,39621392-6519-4c8d-a4d4-bd96bcab4448,True,06961ead71f8b1d8,55b620d8c0ab41e0
02-05-2026 08:42:19,3pZcY9EpcY0oHP90YpuD,85c7cc49-b700-44fb-871c-7b2d2d452c21,True,1d6285f5502cf1f8,fb188f553674b4c4
01-05-2026 15:27:14,ZOqghmjD58PSEWVGbP6A,8e90bf68-fc53-4111-bd95-31ab25ee047e,False,8e2e127651e9cbde,131c7dd8f3ab4b35
12-05-2026 10:55:32,P1lAGdZNlsvqmKJe1XQ7,4fd76abf-06e9-4b7c-84ab-0eca2d334e80,True,c31244cee16e0c77,2f2bd7547d602b7a
01-05-2026 21:13:29,DVM19Rq7PD0k1icufUK7,6236a531-da3d-447b-b14e-6256d801f0c5,True,8e2e127651e9cbde,7f281c8dbac1f799
12-05-2026 03:11:28,TT2KuY2Zha0FQ1NFxHPu,769f3e41-7522-44f3-881b-0002a6caa446,False,fb188f553674b4c4,6f36a3307488809f
08-05-2026 15:22:54,yMW7DWjYSiRitBGVPzuz,87a3ac81-28b4-4153-8a8f-fd1d7f9f9c1d,True,3b1338c1207d1e2e,430f674c6dfe941a
14-05-2026 07:40:03,NOwXFZBFWNyyFGSqsdmX,d64c2f30-bde7-4a1e-b15c-711a988da96c,True,3c58290022ed11b1,f7af4712fd6b9108
13-05-2026 21:16:41,pSXg4erBK1n9W2DBKCLd,0c34f84d-6a63-49f7-9759-6871d0888074,False,7f281c8dbac1f799,75778bdb64d1008e
03-05-2026 17:00:21,PYnHeLPwYRsGkoiJ1IxZ,7890204e-4b38-4a39-82f9-60437298f554,False,c85cdb0ef48d09c8,53c682ded6545e06
16-05-2026 18:25:09,6pZgN4o85Ecc4cZroN28,ff0574ca-88b0-4036-9910-fff40188922a,True,c7f34dc43387f858,3993ad7e2565b6b0
19-05-2026 22:31:34,5JhSOkV195arihmyTJkS,aff14e4d-b935-409e-a1ef-ca119a0368ef,True,d5eb4d757b335d0e,c9ab51cba10ae1e9
03-05-2026 07:09:09,xa8AxUuG21Nb0GopKruJ,bafee5ab-6b22-4a14-9e42-0419fd1d2443,False,5a7b6516c51a4d4e,93279918e60ec274
24-05-2026 17:09:45,WktQbbU7ab0WBraBHoVF,cc7d6955-5321-4d92-aae4-64073753149d,True,d4389e820d4f82fa,487b076a69a53671
20-05-2026 20:30:48,YEcwWKB5W8S60TQLGbbJ,ce0ab614-5969-481e-8e7a-5ea2d8340631,True,eb39e98aca20e7d3,63d3511e9e857901
25-05-2026 21:18:47,YLMYdme0y3uATVPvhLop,abdbe3c0-0aed-499c-85dc-338bae4830ac,True,b572bc65fae8bec1,389da1f3a7c1d8de
16-05-2026 11:32:59,fjSOqy43ekKRjf9Cwmhi,15f43d86-395f-4c4b-be29-845bc67f7dd6,True,1b38ab967d98cc4e,bb80f878cef35322
17-05-2026 04:37:54,y4UqKKcI9hHr2cchhVQ9,88586480-2517-4de4-bf82-d34bd73771fa,True,42ac1a2bf982f79c,63d3511e9e857901
06-05-2026 09:50:51,grzQig06cUm5Qv1GmULy,3d402f8d-07ac-419e-a759-ef1cec6392f2,True,c9ab51cba10ae1e9,ce246387dd078174
16-05-2026 12:14:33,ZF8JRKYznVpbSAu8gNfL,31e62db6-b1f1-414c-8554-e3efd2ed3abc,False,5afe6ceac06784f5,6214b1b462c04096
12-05-2026 23:06:21,Tj1pedac1LmFmkpsPaUx,21e7cc26-8f42-4c63-b447-f8f31e569fe2,True,234da97fe615c6b7,18d281edb3671f44
06-05-2026 17:44:10,B50Roe3TkYyB1fTVsJfA,b7256e95-5207-469b-9bea-ed906f3142a0,False,34cbefbc28798720,1791998ac3161359
30-05-2026 23:25:53,rtZ8Fu6939DwF9Ty1dbF,3b0da274-0615-4f22-b1e1-0c0c0331ed1c,True,9d789fd91804129f,e1bd0a847e7079be
10-05-2026 18:17:13,PpZQFRjl7yvveZpBWWKF,7245ea63-fa7c-4002-99d5-7f92315b2435,True,57e7d972b508815d,b30b0b43692b035b
25-05-2026 18:55:59,Jhs8xOA3LhtiMxShElEF,8e0d259c-126f-42a2-a763-8d9f760e2a94,False,514af2be7dc985d8,5e1de20fecf98844
28-05-2026 13:44:18,3CR9UTYd8zWxRQR86fEY,9cbe11b3-4cc7-442d-aca7-6eaa839108b2,True,42ac1a2bf982f79c,131c7dd8f3ab4b35
29-05-2026 02:07:45,BspBsXX9XsBvnN2Yj5Qf,521afd31-8bed-4f72-8b7e-eeb435cb21b5,True,1d3db575c4a79d75,c51d4eb54f89fec8
07-05-2026 08:53:38,ZRIbo9ee7UdsMEohaycd,a5db347f-4df0-4901-9439-c926a5f9c275,True,c6a2d85265d19a41,5a7b6516c51a4d4e
04-05-2026 02:32:44,9KiNxhfONWiWjkjrVeDe,fb12b7b1-c54c-4197-a36b-7464553aae20,True,b30b0b43692b035b,3db4e6efff8b7518
29-05-2026 10:36:55,KgIADB4umRVOGnhpPXiX,db872ced-c0b1-43c3-bf02-920d36caf7d4,False,430f674c6dfe941a,f879804e4456e5d4
11-05-2026 18:30:21,MvnoYfuyUSjtcJ2fx3sb,2c01dd26-f379-4e74-a6ff-c8d3198b6416,False,39a54d73a921b9f6,330949523d665e3b
15-05-2026 07:48:21,c2bLOCupJT9p2TO4ss0Y,e090dbd0-fffa-4102-9cb4-f3fa367a69bf,True,923d0315f3ae2bb3,de2dde23040292bc
30-05-2026 10:31:20,wyvEfhylx8w4xDRLR276,ade30311-4016-4b25-9653-198973b60fdf,True,daf96d2280390dec,3b1338c1207d1e2e
23-05-2026 02:15:11,Q0z5bzJXGovILXTNCBPY,b278d7a9-7010-40c1-a939-99554dfd4d29,True,923d0315f3ae2bb3,bc74204126e384ca
20-05-2026 07:41:21,Ac3LEn9pV0w8fLaxHmia,6a1cf69b-1c20-4bea-bb46-3dcfd0fc3400,True,18d281edb3671f44,f7af4712fd6b9108
21-05-2026 13:02:49,MLaYCOzTGSy3nnEE35TD,b2988d3e-4747-4d9f-aafc-975b321f37ae,False,102edb38b5ec347f,517fc5ca69b652a5
24-05-2026 06:47:59,sr74PgTYuBpMax0A3jsH,4cb13189-45b7-41a4-ad6a-4fa82ec57abb,True,c31244cee16e0c77,04964f8452901231
07-05-2026 00:02:40,WMdj5ggCJbNBXSVWBbEp,4e5798f5-20a9-4292-aad5-f2e4f1ad12fa,True,3811390588367f0e,552b8d6c350cb13c
05-05-2026 14:09:50,A4vcqWEsXA25h6nOKLQj,d9fb1f3d-7ca2-4c57-a3a0-0dfc07e8a9c5,False,e9da39984fb29dc6,bc74204126e384ca
16-05-2026 00:40:11,dmmQLY3xb6GH9FWqdcDK,9b33e673-f7f7-4bd9-b2ba-4f3a0c880848,True,64a94f9052422a0c,d5eb4d757b335d0e
21-05-2026 08:25:59,ffv6wt8W2y5ItujGwqty,6c9bb49e-8f4e-45a7-9865-2fed09512ec4,True,8dc02e5c153f83a3,18d281edb3671f44
27-05-2026 16:41:42,g5c9Vd7tmCREFDwTDB2G,3d83521c-4c18-4bf8-a169-1a95fdc7dff6,True,93279918e60ec274,7f281c8dbac1f799
07-05-2026 01:53:49,JbXmjmjqRaDXKA8EhxLf,96eaa51b-5ded-4fe6-92cb-5e5857724ba7,False,24d6a87b0598b02e,da211edc7bac01a0
22-05-2026 16:46:14,jtohQ7vVSGfuibfnk6R6,2850beca-116f-4249-9c24-9dfcda05bfb2,True,2f2bd7547d602b7a,c7f34dc43387f858
09-05-2026 11:29:49,tMpwGkJWd2BZ4Uq6sYc7,714020db-f9c9-4d95-99e8-1e4cd46f498e,True,d4389e820d4f82fa,517fc5ca69b652a5
28-05-2026 08:08:39,brKPsGLLsgKp3AQDoFng,92d2f977-874c-45bd-9fc8-2a707479282a,True,da211edc7bac01a0,bc74204126e384ca
14-05-2026 00:58:58,meV0fbwhPROIP87E4pIL,4903a5ba-97dc-49a0-a4b1-1dc6b6c77e9e,False,c51d4eb54f89fec8,c51d4eb54f89fec8
15-05-2026 19:32:07,HoYSAggCM4Ftu11DNMMO,9356e1a0-36d0-482c-9e5b-bea01d496fa8,True,8f8c45c33ff51d0e,06961ead71f8b1d8
13-05-2026 17:32:44,XrlcTCQ9Tz7yQJFBRhIX,b5f96d6f-d362-49b3-8a25-0c7a7303575a,True,3c58290022ed11b1,bb80f878cef35322
14-05-2026 13:02:14,UAds9WoEVJ44wygRiIbN,9ad754d5-1e41-4601-af99-546e7e9d3662,True,42d576864f9952c7,234da97fe615c6b7
11-05-2026 15:59:09,ErCSHdKjL4BdXFvuCrfJ,190c2d8a-931a-4953-bf3e-e519fb4d9dfd,True,5afe6ceac06784f5,867d47425e9cccc7
13-05-2026 03:38:50,yFfp6Hdov0vaQnMvRpxJ,bdb0d36a-53f2-40eb-b7fd-6122163b8253,False,1b38ab967d98cc4e,daf96d2280390dec
22-05-2026 14:23:51,UTUvIz4kHuBaBcsqIbnc,aff4ee32-a362-450d-9022-b67ab429c01a,True,8f8c45c33ff51d0e,5afe6ceac06784f5
07-05-2026 04:43:38,vewFdh7Vg9UhV1sypuqE,eb6ec68e-2006-4445-a8eb-f761ee137b58,False,42ac1a2bf982f79c,91279a646f8ea6ac
30-05-2026 01:14:30,oRQdGsWAB6ZjStnAN9zO,a5523b1a-ffa8-463d-8d5b-d95210587c63,False,8e7f2987241c2818,552b8d6c350cb13c
28-05-2026 03:59:28,LcjbutK5p1BrCeo4Dom1,19d9cd16-a4a3-45f6-8712-dd4c99071027,True,19a558ecc36977ce,72ba4e2f87adceb5
13-05-2026 21:39:07,RP3YGWQ31GVOp06M7tsH,2946e612-f776-490f-bab4-85b66c70ea0a,True,f879804e4456e5d4,2a339e8954684016
06-05-2026 16:03:28,EhXfQ0jaMU5MvAdmP5Id,deeaf557-954e-4f17-bebf-3b27634fb4eb,True,bb4bb9fbcfcc16d1,430f674c6dfe941a
12-05-2026 13:03:04,egjC8x1p5dx3ge3gYIhV,6355d6ed-cd1b-4be7-8ff3-3a1a96b74ff9,True,e7eb35b501d57e1f,04964f8452901231
29-05-2026 11:17:27,Jdf7WkEtXxV1qdf3yrIH,162324d3-1f82-4bfa-b2e5-d48c7b0c4b8b,True,fb188f553674b4c4,f879804e4456e5d4
12-05-2026 11:56:45,c1wQZpTmjb4H3fxO2H0x,e8b5c689-f5bd-4971-9789-d1556448eb89,False,3811390588367f0e,93279918e60ec274
04-05-2026 13:00:08,7hlOsgHb53TDUkaEvYGj,6087b630-6be5-44c1-b6e7-b06c37884b4f,False,95744df47936b8c4,3db4e6efff8b7518
25-05-2026 02:15:36,CGRFB5j3Os3IOuxtC3mo,882b4c9f-2bed-41cd-a66f-13bea183c8da,True,1d6285f5502cf1f8,e9da39984fb29dc6
09-05-2026 07:29:16,ga73648JSL3WFfyXCADY,2fbf7d79-3692-41dc-9ada-f6b136fded71,True,cb4c1290e91970dd,c837debb39dd1e68
06-05-2026 23:56:29,RH4BnvlD1dgyO6hZzlhg,88a60943-3ed1-41c8-8640-d4d74e5aebcd,False,3c58290022ed11b1,8e2e127651e9cbde
12-05-2026 12:00:09,s9clE0VzbpBKaARcd267,fde5f454-3f24-4243-abc0-a1c55e14b342,False,2618243a251bd83f,8e2e127651e9cbde
28-05-2026 08:41:37,86UfYQM5yIajtUXNImVG,fa14e5fa-e34d-4029-bc33-32e2bdfc55f9,False,c6a2d85265d19a41,42d576864f9952c7
15-05-2026 00:02:30,AAf395J3OjgcPkAuNBuW,f069d2d3-6a99-4fac-8699-c7868386b6d6,True,2618243a251bd83f,8dc02e5c153f83a3
27-05-2026 14:45:41,50z5Kcu6lF0o5XciVH49,536616e3-f5cf-438a-bdcb-e7b4b5c20e43,True,2a339e8954684016,3811390588367f0e
23-05-2026 02:52:15,Wnac641dtKRNygVI9gjo,3c53a7c4-26a6-4610-ae94-cdf869a8dbae,False,5a7b6516c51a4d4e,867d47425e9cccc7
10-05-2026 00:59:18,sr2HdSMXHP3VDtj6Y0Cg,a0552b72-ff83-4375-ae26-0504d4ffaa9f,True,514af2be7dc985d8,552b8d6c350cb13c
01-05-2026 06:58:50,zlrZxeLwiCFHJbQU6RcS,2354d2f7-744b-4eb2-9abf-0f38f6b84de6,True,d57d393b16ba030e,514af2be7dc985d8
14-05-2026 19:13:49,uDYFdelcW21G2iYdJHwX,7b057175-6b53-4d39-8b20-0ffd6440cd7d,True,552b8d6c350cb13c,06961ead71f8b1d8
11-05-2026 13:36:15,csf8qgqxdiqDsaV11tzF,0b095ed1-eed7-42a4-8f8c-2df71db6e4d1,False,64a94f9052422a0c,55b620d8c0ab41e0
10-05-2026 14:23:52,NnVR9FzzgYnzvqUGlJcI,bae186ee-0c6f-4fcf-99e7-0db9edd1874d,False,102edb38b5ec347f,c31244cee16e0c77
18-05-2026 15:36:43,3gCvjAjmXAn5Q7feJ2sa,a7373467-426f-4c3f-b4e4-01b72f5c7c6a,False,1d3db575c4a79d75,234da97fe615c6b7
10-05-2026 02:22:17,ytKSNfQZt0UVlRLF7l59,31417338-307e-4f75-93bc-c464c3bc2dc3,True,7182af742e04dc6d,057c44d337463e07
07-05-2026 02:17:18,E2ZmMTuNRlsd85oybLrE,a5022ddb-0abb-4ada-b620-794c9a2f0745,True,57e17fffc619e182,c51d4eb54f89fec8
15-05-2026 05:27:08,WwwQRJyVmjVeGU3C0Mxd,198471dd-ccbd-4e8c-913d-25dcac49ef1b,True,5311a0642c2564ad,e8c9832b5c388bb5
12-05-2026 07:55:13,83Dmj03OChG1bdf0njOs,9ab5ad96-d023-4222-bb06-351db2da6c72,True,8e7f2987241c2818,3db4e6efff8b7518
17-05-2026 13:02:26,fc0to19FEcVfXh7BHWop,3bc7440c-1b5b-4f38-92c9-b289ffdbc760,True,5e1de20fecf98844,5e1de20fecf98844
25-05-2026 22:31:44,8GbwWp5mydeL4kUtRpIy,76326ef3-8289-41f4-ab9d-c37ea5371374,False,eb39e98aca20e7d3,b8e78b83a62a0cb7
27-05-2026 19:56:17,ec7mn4njkNjj1ExaADCF,89ff019d-30b1-4fca-83a8-2418582470b5,True,53c682ded6545e06,1d3db575c4a79d75
21-05-2026 10:32:18,Ge38H3I1KveeKJETujzy,14255635-22d5-424b-a126-446de43b0906,True,5e1de20fecf98844,13db178cd9a1e37a
15-05-2026 20:32:41,CUcogp4dg8tCYX69cL0p,79e1c1e1-52fa-4478-a613-caab6803c4ae,False,c34c1310eab19c87,19a558ecc36977ce
25-05-2026 15:27:39,9WnLoycUBvrdADNtNQgD,cf5a2118-018d-4381-a4b7-9dcc89b497a4,False,7d176c63414fcd05,eb39e98aca20e7d3
26-05-2026 15:33:48,RR3HG4xbJuHFPVtVqAzD,4ee1749c-ecd9-4db7-bddd-05e91e1dd264,False,389da1f3a7c1d8de,c51d4eb54f89fec8
24-05-2026 10:00:49,y7gvutYOgCjECFepnB0P,09786d5e-fa03-459d-9bd3-cf05f40c5171,False,d5eb4d757b335d0e,c6a2d85265d19a41
11-05-2026 21:02:52,Mi5MgaXHjDSVLxaDHarR,4a53a865-ef86-40f6-adb1-037bf9ef8375,True,d4389e820d4f82fa,131c7dd8f3ab4b35
23-05-2026 23:35:45,f9jOkmffUVlwUcdKjAnC,e674a38f-581a-4534-a878-475c29d537dc,True,cb4c1290e91970dd,bb80f878cef35322
17-05-2026 04:19:16,5CZOExi3HE8jZUDfOVvr,ace248e2-2d1a-4b42-8391-7c3b499ec826,True,153c202e3cfef4ba,bc74204126e384ca
20-05-2026 11:48:41,RwY3eqxbQZnMlmkyLHTN,2da259d7-e697-4c58-80d1-3610e661294a,True,de2dde23040292bc,a2fd30e5fa49ad53
25-05-2026 22:31:02,jNsHkQY6zLwIQZftmpwC,d4a2bee3-1f03-47ae-9a87-bd5b10e3efa1,True,42d576864f9952c7,2a339e8954684016
10-05-2026 00:02:19,dzuJmGW5HA52k4DZBJJt,2cbb9b8b-d19a-4121-b3df-59ea56ac8d77,True,c34c1310eab19c87,e8c9832b5c388bb5
27-05-2026 20:55:34,4vmHO6l05dI2XiK4HUfh,fb7fc0ae-5635-4d79-bec4-273fa994ac6e,True,e7eb35b501d57e1f,574582321d04df00
07-05-2026 18:28:23,vkpgmSxY8VMj9I3Ll0R8,32bf586b-0c0e-4307-84e4-8c5c56e2590d,True,17b4966e9be4d8d8,8f8c45c33ff51d0e
18-05-2026 04:28:52,00KY4LrWM7NBDoQAre3T,89be043a-e2bf-40dc-8580-0bcec6d2b3d5,False,f879804e4456e5d4,552b8d6c350cb13c
27-05-2026 02:38:58,vEi6wy51KP4lqNZoHPN0,a4884d68-c262-4693-a12f-b09b48d831ef,True,5a7b6516c51a4d4e,64a94f9052422a0c
12-05-2026 12:21:47,7Re335yuzKcQDixKLOfp,2ab451b5-83bb-4b5b-89da-69273b109c0a,True,552b8d6c350cb13c,6214b1b462c04096
27-05-2026 19:54:34,ytjmuqIvjlIodaY2H8fu,4aec4483-f1d8-472a-8fec-f89e0c5d5580,True,ae7ec9246c4649bc,b572bc65fae8bec1
26-05-2026 04:05:19,LOO3LtIexWP4S8B17tBo,6f3b1b1d-b821-4568-9644-5052843aa352,False,75778bdb64d1008e,8e7f2987241c2818
06-05-2026 00:42:19,KD1gY1XuUQ56XgMwFSJI,9ccfd6fc-83bf-46d4-bb11-12a6302433e6,False,64a94f9052422a0c,923d0315f3ae2bb3
22-05-2026 04:50:06,Cxm2BXzJmME2ANEB95k5,d3991bbb-7332-4f5b-80c2-39d4c87c49ba,False,4c885efe7bde3ff4,0f98939ac68105bb
29-05-2026 14:05:44,PhoDjyALhvqjB9qUwXH1,80fe7c64-365b-4966-b86e-3be9e3379d82,False,1b1cc9cee9f27003,3bc1bf7fb69f3ba3
03-05-2026 04:07:46,1HpC1XC5dZTNtNeS1Pwr,9bd0be1c-84a7-44d3-b764-f119b3000278,False,6588d11c4a11acb1,ae7ec9246c4649bc
28-05-2026 12:31:54,odUvjyqx5359VH8ackRj,bb96ff4c-38c2-4077-b038-eb347a66bc77,False,d4389e820d4f82fa,bb4bb9fbcfcc16d1
22-05-2026 04:52:34,X65CBOELQPAo07putvaA,59cc7329-a245-4dd7-80a6-41e36f374fb9,True,5e1de20fecf98844,2f2bd7547d602b7a
27-05-2026 02:26:24,hCuvOSZmM7RdH0ojrDYV,7a3288ce-2f69-4db9-badb-0e9e37ade5a3,True,c7f34dc43387f858,f7af4712fd6b9108
09-05-2026 22:43:23,onbc4j16Xff5olp1WlA2,114b64f7-7a03-4c5a-ae06-5da2eb894c8d,True,64a94f9052422a0c,5afe6ceac06784f5
16-05-2026 18:48:53,TQRqINYtvsT35jfkVZPK,89237a2d-9db1-40ae-b308-f6686266b256,True,8e2e127651e9cbde,8e2e127651e9cbde
04-05-2026 19:54:02,2CQAUIv2emosK2pUxaNq,847effce-9f44-4af5-a14f-5193bca05698,True,1d3db575c4a79d75,c0014ea2ee2fdaea
13-05-2026 11:38:45,GjQ73KciA5KnlI3GHRN1,3c2e5867-c48d-45dc-a341-29860efc53b0,True,f7c6682ad24d37f8,0e52f2934d8ce165
16-05-2026 10:05:36,98rqaEndljp8vmsKSSCG,8d27492b-f460-4573-b1eb-714773727ee8,True,18d281edb3671f44,18d281edb3671f44
10-05-2026 00:45:34,sqUwP96XFTb6Wx7Guo9d,b1ad87bc-e503-4b7a-8331-cf0e62cc1950,True,19a558ecc36977ce,3bd002cf1fcfa789
24-05-2026 22:12:10,RZKzPrDI6MIIFD7xa1Xj,23e8ccd5-1c35-424c-bfa7-b741df3dec1d,True,3cc68b8049eb8d4c,24d6a87b0598b02e
09-05-2026 01:57:22,PLZ2c4GXUcYOWN342mjD,baef07ec-b74a-47ad-ae90-7eb1f8d8569d,True,1d3db575c4a79d75,5e1de20fecf98844
21-05-2026 21:40:32,ugaFJJEZzbjxGkQUo8ER,4b8fdae1-961e-426a-8f80-77a0e9c8d58e,True,131c7dd8f3ab4b35,c51d4eb54f89fec8
03-05-2026 07:42:46,VHMkOxDdiYl4yw27u1dH,bfc0b13d-1c65-40a3-93a3-6372db23494f,True,1b1cc9cee9f27003,a2fd30e5fa49ad53
25-05-2026 01:41:36,7ZCeGbfewZc1IW7kePDP,f167bd7e-bcd5-4edf-a66a-f644068deceb,True,2a339e8954684016,867d47425e9cccc7
24-05-2026 04:27:34,UKpRblCnJVVSqA25GP53,3624e71a-b416-4cc2-840d-b8aab087a116,False,06961ead71f8b1d8,bb80f878cef35322
02-05-2026 01:05:32,4kNSlNekc9v9rsSyFGsc,b70dcea3-95d8-4bdd-9624-ea7a1f6bb0a9,True,d4389e820d4f82fa,3cc68b8049eb8d4c
30-05-2026 09:54:34,QzV6YeYTwFpw4pOA7KVK,2699f63e-213a-41d0-812c-fde6134e6481,True,5afe6ceac06784f5,64a94f9052422a0c
17-05-2026 04:15:11,mhygju6gsKTeecgsiUIc,b654c207-1a53-4db8-9036-bf8f32f708d7,True,f7c6682ad24d37f8,64a94f9052422a0c
17-05-2026 15:02:48,j643BRkCRuiDTbDfdC4a,d2d407dd-449a-40f8-adcb-986f802410c4,True,2a339e8954684016,18d281edb3671f44
27-05-2026 23:27:44,UM7ggxvhwktH6OBRfkgH,5074f119-2790-48d7-9727-d493af90e0dd,True,95744df47936b8c4,e7eb35b501d57e1f
15-05-2026 11:57:47,zfhu4KBOiZrUIlgGWOKv,0d434660-4b45-4758-b6c9-4518270d762b,True,72bd2672c948d2cb,e8c9832b5c388bb5
17-05-2026 13:04:40,pwmj5qBQ1sFD6wYNgc5C,54177dd2-24d1-4c69-a071-75f348fdbcfb,True,552b8d6c350cb13c,53c682ded6545e06
19-05-2026 19:36:44,nj9pdKDZgjICaJlAq6au,de39fec1-5478-4078-a037-4d064f9e498c,True,c0014ea2ee2fdaea,d5eb4d757b335d0e
16-05-2026 02:19:57,RuHvwwCpBM1jdIBU0fFa,a810c32e-44b6-4cbc-96f1-1abc751b784f,False,17b4966e9be4d8d8,0f98939ac68105bb
07-05-2026 20:49:18,DE8ltR2m0QzIBBIxlt1i,7c3a0b6f-056a-4921-91b3-f56deaadab00,False,c6a2d85265d19a41,389da1f3a7c1d8de
23-05-2026 10:17:33,RJbWWcEEH1dQNw8akVKH,87debcd5-0e73-4810-83fe-563c42db4f29,False,3bd002cf1fcfa789,389da1f3a7c1d8de
14-05-2026 03:26:51,7Xid6QzdoX3FbbeXyIok,be49eeee-64b6-4b82-8411-9f6749343c9f,False,5afe6ceac06784f5,42ac1a2bf982f79c
20-05-2026 19:43:22,gkz6rb4gbMZmX5JU41Dx,4ba33080-e9e6-4d76-b2ee-7a1aa882b2bc,True,1d6285f5502cf1f8,57e7d972b508815d
13-05-2026 03:11:54,gqm69zOkIds9qCRxxeAf,08512126-bc09-4935-85ca-3277e86f99c5,True,19a558ecc36977ce,53c682ded6545e06
10-05-2026 22:32:27,lNfxAdF8DM5qeCxL2mjQ,d81b82b8-ebad-4238-9de0-63554f395c9e,False,4c885efe7bde3ff4,f879804e4456e5d4
09-05-2026 12:02:48,uw9eCythGlXa1GcypjE5,baf104db-9f15-402b-9857-edd5ae576894,True,ce246387dd078174,c0014ea2ee2fdaea
19-05-2026 17:12:00,K8e81xtXnj62V9xbXfFb,396af996-69d8-4185-9867-f4704b655c6c,True,f7c6682ad24d37f8,c31244cee16e0c77
12-05-2026 02:56:48,xoTDCGm2LkEXwyMRIOJq,7503b29e-4335-409c-adb9-e394a57340a6,False,1b38ab967d98cc4e,d4389e820d4f82fa
20-05-2026 09:31:49,cknX693RGenbE4hYt2tx,728c3478-199e-4d43-bd22-4f7bf2e793b8,True,13db178cd9a1e37a,102edb38b5ec347f
18-05-2026 05:24:17,tRX2MEVenDE07wkBF1vV,ab339655-de45-4922-9541-02245c5367a6,True,63d3511e9e857901,17b4966e9be4d8d8
15-05-2026 19:59:11,Ui0vk4cJeFu19iXwUYZR,a9b4c197-45ee-40fd-8a84-5211d59d8d4d,False,daf96d2280390dec,1bd749deaf799034
01-05-2026 03:52:39,YKb2bkQ6CFtSIzvoYguV,3f486951-83f1-42b0-ba75-c9fbbbd14ddd,True,fb188f553674b4c4,6214b1b462c04096
21-05-2026 22:11:49,MKhfUQyeglFPhfV6o6L8,318396b5-4917-44f8-891b-a1b57eccabe2,True,c837debb39dd1e68,42ac1a2bf982f79c
20-05-2026 12:17:43,vZPhY7NmVJM3mwRHPa5B,03b6c998-06b3-4113-a003-71aee5045802,True,1d3db575c4a79d75,7f281c8dbac1f799
05-05-2026 06:10:38,Rcvs83mM09FYVW7BjR2p,adc24529-f720-4c41-a1dc-cfabf025fe2d,True,34cbefbc28798720,3cc68b8049eb8d4c
05-05-2026 08:27:14,dJxUODN9uLpPr0ay214x,a91f63fa-0e6a-428c-b6a9-80af055b6fbb,False,93279918e60ec274,c9ab51cba10ae1e9
02-05-2026 00:17:44,awH9ZyMNTk9ZfCV4Xj4g,0f1ef8f5-af3c-42a2-a7cc-d319a6177227,True,c34c1310eab19c87,c6a2d85265d19a41
15-05-2026 08:20:00,HUyvS5yRl0ikjH5p0RkB,cc816791-513b-41e6-85c7-936ec857cea0,False,389da1f3a7c1d8de,c7f34dc43387f858
17-05-2026 00:03:16,gMCKzkny32OCZoA9nzgm,2f1759ca-f952-4d98-a99e-10cf3503a945,False,82a83fc853728306,131c7dd8f3ab4b35
28-05-2026 09:07:02,L0EfkceGHbSgx2SLqE1o,719ecf57-a286-43f3-bffe-345dd9572052,False,75778bdb64d1008e,1d3db575c4a79d75
28-05-2026 05:15:25,wpUwWlJPbHV0XEI7cl5z,cd8e4ef5-4bea-4b8d-8909-e134fe9e0dcd,True,3bd002cf1fcfa789,517fc5ca69b652a5
09-05-2026 06:51:52,gQEkt0gcQ0kfgrBOeNrN,29cfc2b2-1c12-482d-b9f1-93306c283535,True,330949523d665e3b,4c885efe7bde3ff4
12-05-2026 14:16:36,9gKQKIdbE1NEj5LxgKEC,040a1c42-cc98-475e-93d6-2a1c679d4240,True,95744df47936b8c4,42d576864f9952c7
19-05-2026 13:52:36,oMCjJNMHvR0MNF3y7idF,c191d787-eaed-47dd-ba7e-2dbb96963bfb,False,153c202e3cfef4ba,64a94f9052422a0c
03-05-2026 13:02:18,JvS8tXN38azCFfApmc0P,b00a3187-d9c6-424b-8b13-f91e8d43301f,False,bb80f878cef35322,91d55d217a2af234
27-05-2026 12:29:39,vUn74NpOdY70NJdKq9CG,d614301b-ecdb-451e-84dd-1f87e01c5419,True,6588d11c4a11acb1,b30b0b43692b035b
17-05-2026 18:04:51,jdNURFRfmTZkbATIgqjV,12cc712a-ebcf-499b-8e14-a6fbad40527c,False,5e1de20fecf98844,72bd2672c948d2cb
26-05-2026 04:42:13,a8uBFAhyKJR35TdSkR1u,5b79ea90-89d9-4a5b-bb95-06769467280e,False,5a7b6516c51a4d4e,574582321d04df00
13-05-2026 08:16:30,8Rt3Tup5ZRZexPZNsjf0,a2c4d36a-6f45-48ed-bf35-82421902ad75,False,0e52f2934d8ce165,8e2e127651e9cbde
09-05-2026 14:34:10,Nrf5K5m1gNQsr0yv2BD1,380eaded-5274-48f1-a692-5e573d1cddeb,True,8e2e127651e9cbde,39a54d73a921b9f6
17-05-2026 02:57:24,hNXIxGGdUGpq2hL0ku5N,d5e52927-c44a-47e8-bcab-310394f05b9c,True,f7af4712fd6b9108,487b076a69a53671
29-05-2026 05:28:00,IMLhIsxvgEM5LLMYSirG,a78744b5-8189-47c4-bd34-9df08bdca880,True,5311a0642c2564ad,3b1338c1207d1e2e
07-05-2026 11:30:58,BIEAsfA9jGrcTEAUAr7x,e06522de-57eb-42e1-ab18-451ee6d3b61b,True,2a339e8954684016,1b1cc9cee9f27003
18-05-2026 16:31:29,BGNhFaT4iND9Hiemi1Ep,2a3d715f-9eab-4ed9-837c-b1d5bdd16c44,True,91d55d217a2af234,a2fd30e5fa49ad53
11-05-2026 20:05:36,G0svV0iISMe6GDgu0wUh,14508f1e-99e0-4038-aec8-c75f058b82a2,False,8f8c45c33ff51d0e,234da97fe615c6b7
02-05-2026 05:51:24,YowjzW9Fz7Duygx3DdCU,5237cd75-1459-45c4-8538-07e42b5a7aaf,True,6588d11c4a11acb1,487b076a69a53671
19-05-2026 19:22:30,JuyKXs4UB24QqHVo3gK9,b76a2028-ff11-43cb-83c2-0d6813a57421,False,2a339e8954684016,3bd002cf1fcfa789
22-05-2026 07:15:11,k61I06RuGvodGHxPznR8,984c6fa9-2e31-4e58-9f46-1acd0f1cc30e,False,72ba4e2f87adceb5,d4389e820d4f82fa
23-05-2026 09:46:36,rwZ7UyWa2K2ybO2fzMl3,667196e0-d932-4e8c-b5bd-d171a52a7d0d,True,1bd749deaf799034,3811390588367f0e
05-05-2026 23:00:40,FAtNCW9I3FCIEK1vu9bG,d5833038-8b73-4bc1-9f9b-4ede1e76cde4,True,da211edc7bac01a0,a2fd30e5fa49ad53
27-05-2026 14:43:53,Suw6sV1PmiV6rfqD09gZ,526538ce-7ff1-4793-8d03-7d24093e94fa,False,f7c6682ad24d37f8,5311a0642c2564ad
30-05-2026 18:30:19,Vryt665weBP6pnzEQHeG,8379e343-68d1-4eef-87d5-5bd9d80affda,False,c34c1310eab19c87,6f36a3307488809f
21-05-2026 20:31:15,6ZmU1S7p00DvYHewPP8L,4c013b78-ceba-42ab-876d-c3029ed1f559,False,57e7d972b508815d,72ba4e2f87adceb5
30-05-2026 18:58:19,BCclmEziNyanPQKb3ayE,615acad5-e4d7-4c2e-8d24-f97c0737e18c,False,057c44d337463e07,ae7ec9246c4649bc
14-05-2026 17:26:25,mLC0nxolcM8k1iYk11cx,938c0fc5-d28a-4805-b910-ea117b32b9db,False,bc74204126e384ca,24d6a87b0598b02e
19-05-2026 05:30:22,xtOWeTRlVxa1RiQ7OWAi,ce73ade0-9753-48b2-9595-ea39c20fa6bf,True,2618243a251bd83f,e8c9832b5c388bb5
27-05-2026 04:04:51,5IOESvT66zMpWKc9pDOG,5bd32d49-0d11-41c5-b477-134c8bd0b225,False,c31244cee16e0c77,eb39e98aca20e7d3
15-05-2026 05:04:17,1YYQXNuezt7yommM3mWJ,bada1ef8-f344-46a7-9e23-13c3f94d66ed,True,514af2be7dc985d8,8e7f2987241c2818
07-05-2026 15:42:28,PfpI0FvA1Z5oW40ZjoG0,3125811b-c358-4e6a-92af-3a9dc8479f5b,True,18d281edb3671f44,6214b1b462c04096
07-05-2026 11:12:50,Gzwwhd81ZvlWuDw4g0RK,df88b621-f621-4e65-bfe0-c40677a0e9c1,True,1d3db575c4a79d75,42d576864f9952c7
15-05-2026 19:26:20,j6Jjaoq7lrCR2v02KVwc,1b3cb3e0-17ee-46e9-87a6-300eeeb0e3b3,True,57e7d972b508815d,18d281edb3671f44
11-05-2026 10:00:30,1rixOVsMNvOVNgZvZzEH,d3687b8b-6cc0-4db6-83ce-bb7881fe4619,False,55b620d8c0ab41e0,6588d11c4a11acb1
04-05-2026 15:33:53,fKIrs3IH6ZMNlQp59x59,09d92e9e-3961-4313-b034-c6523797f73c,True,d5eb4d757b335d0e,389da1f3a7c1d8de
22-05-2026 13:34:37,gRWWTc68PWus7nvA6wYF,257baf41-eeb4-4626-a3fa-8dfdd66d9c8b,True,c7f34dc43387f858,ec75a53f04901eec
30-05-2026 13:53:44,0kHiiV4MYM8YaFNSjNKN,45f37a4a-70c5-4f16-b6ff-0134530e00cb,False,6214b1b462c04096,d4389e820d4f82fa
01-05-2026 20:34:08,6lBFDXzxuMn2feGJ5htf,1fa5689f-c9a1-431e-be41-f2da2f7fdb3f,True,1bd749deaf799034,a8c47673d6a4f85c
12-05-2026 09:42:19,Qti1wCVhnVC8Kh2rdppQ,7bff2d23-f010-4bba-818d-afc1efbca48b,True,057c44d337463e07,1bd749deaf799034
01-05-2026 00:47:45,GTkGzz5vFaw8obVSpz9F,541d7de8-8cfb-49ec-a4c0-e31d029ad1b5,False,bbbe498ee44f6349,3bd002cf1fcfa789
03-05-2026 00:11:02,c6M2d9vhwrY9rrmoV9GX,92be99b9-ce6c-4b6d-895e-fc5d906692b1,False,bc74204126e384ca,f7af4712fd6b9108
22-05-2026 21:17:39,I3zBRPFBdE2p4ebHjJXC,f64bd8ed-6997-4cc0-a3cc-c0ceef5388ec,True,517fc5ca69b652a5,bbbe498ee44f6349
01-05-2026 04:49:43,o2oXm6z3SIqDJZeJbv8x,c076e376-7ff2-4f57-b7b3-ff36a032e6ab,False,2b95dd3cf28e7c18,c34c1310eab19c87
22-05-2026 16:17:32,iH0OVSm9h2qMQ1P7NwT3,79f2bfd8-8f2e-4703-b862-5fa814cc975d,True,6f36a3307488809f,e8c9832b5c388bb5
20-05-2026 13:18:10,uobYhTKRKvjhjb7T9Gsj,247fedb5-f8f3-4dcb-9706-eab661ae2a1d,True,7182af742e04dc6d,e1bd0a847e7079be
14-05-2026 21:39:39,QeAI87loeLTNl4XbBaUj,cc77c3a9-357a-4120-b234-7f63ec780e45,True,b30b0b43692b035b,131c7dd8f3ab4b35
27-05-2026 06:09:04,QZkPkCib1zcT9BlaBRH2,3c7ce14c-5498-49f7-9e2a-db881635f8fe,False,9d789fd91804129f,1b38ab967d98cc4e
02-05-2026 06:50:14,hquY9JHuMT9UphvJp1P2,39df9f40-cb63-448b-b3fe-81c7aeeec593,False,e8c9832b5c388bb5,9d789fd91804129f
04-05-2026 08:37:17,AlKf2pFEpuGjU56dF3Pc,1bae2773-5261-4f5d-b34b-58806d66269f,True,72ba4e2f87adceb5,3993ad7e2565b6b0
17-05-2026 01:55:01,3aZj05oI1cHTALwhUxrA,45b2116f-b345-431e-9988-ffb5101671e6,True,ec75a53f04901eec,f879804e4456e5d4
21-05-2026 16:47:27,vkyS7Zbb6ne56WAOiKYG,6723aa84-2608-4e0a-903b-ea77bda4f0d1,True,2618243a251bd83f,3811390588367f0e
09-05-2026 06:05:57,uSr4Elk266KCoUoHpOyJ,e07eecbe-9a25-475d-9a0b-fefb6ab045d9,True,7f281c8dbac1f799,057c44d337463e07
03-05-2026 19:13:53,vd1fMfQN02GRB61zQMBY,4b170612-98cb-4950-bfab-5c686c6b1218,False,c51d4eb54f89fec8,e9da39984fb29dc6
21-05-2026 08:25:00,p3iS9fn0lac6G3JkjLQK,1547116c-173a-4ed3-b902-c5ea91e118a8,True,72bd2672c948d2cb,c31244cee16e0c77
05-05-2026 19:18:44,lRTf2K3U2DJjSwEGY4Eb,3112121d-db98-4f67-911a-0de2c80c1b71,True,2b95dd3cf28e7c18,517fc5ca69b652a5
30-05-2026 19:42:38,YG7NYZbEFMw97WYcVpP5,8447bbbc-9c0c-4bd9-bd50-45fac26f4b1d,True,1b1cc9cee9f27003,57e7d972b508815d
08-05-2026 06:20:59,MJp3MXyvplsSmKMkHHSI,6cf4dbea-c52a-4def-af35-32b8355a2f12,True,f879804e4456e5d4,5afe6ceac06784f5
04-05-2026 21:02:30,cf9cwzGtlAHTcP90Ua6O,279ffff8-37f4-446d-a63d-406b332fdc5a,True,c0014ea2ee2fdaea,72ba4e2f87adceb5
17-05-2026 03:28:49,I3rGmfySk4Qpe092zY86,2a6ac271-f390-40fa-bd57-2d025582b13f,False,f7af4712fd6b9108,fb188f553674b4c4
07-05-2026 03:30:56,zDF6RFdR8aQefG5WNFUe,cc734d7b-1b50-47bb-b00c-b0ca73721db5,True,8e7f2987241c2818,b572bc65fae8bec1
18-05-2026 00:09:27,DWqJf2FPKp8ze3VeA2YO,c1f0caf8-9852-44d2-8e70-4128a85338c6,True,13db178cd9a1e37a,8f8c45c33ff51d0e
12-05-2026 22:10:34,XTEGRJdTeG6yyxGGDlOG,99926a51-c56b-4ab0-91e5-3fbf1c4c3512,True,7e8fb26408446272,ae7ec9246c4649bc
24-05-2026 11:40:49,XlgAg6fPAR2bjvHvPzvL,aca31608-e050-4426-a1fc-abf544e638e6,False,c9ab51cba10ae1e9,f7af4712fd6b9108
29-05-2026 23:35:29,ay7YIFS3XYWwmXJ1ZaxD,9f332954-870c-4fd8-a334-3512cdbf5f2b,True,1d6285f5502cf1f8,3993ad7e2565b6b0
11-05-2026 22:14:28,GpoLacLch7IvvP8C9baS,329a9fb1-d9e9-4ecf-bbb4-67949fb3527d,False,f879804e4456e5d4,389da1f3a7c1d8de
12-05-2026 13:17:18,MgBIUVx5R0iCn9jZZM0T,093de861-e476-48e7-b85b-0ac5ac548286,False,234da97fe615c6b7,556be8558ce56421
24-05-2026 15:37:48,QKx6aQh1YtL04jWSMfvq,93d2ae8c-2a16-4d09-9c08-288e9879a28d,True,923d0315f3ae2bb3,1bd749deaf799034
11-05-2026 13:10:09,9QE7XGHeQlaKGORs6Fc1,1a0fdfae-f171-4f43-8f9d-623aa80d79cd,True,91279a646f8ea6ac,cbf338d836298cb7
08-05-2026 11:28:30,ftm6O9iPNHC8xcKqaXr3,c724c96f-7173-489d-810d-be30d9640d29,True,517fc5ca69b652a5,3bc1bf7fb69f3ba3
01-05-2026 20:56:36,peYClsEwTxGrFjP7pdvg,05013fdb-52c3-40f2-88d3-f45c3684bbd3,True,c34c1310eab19c87,e7eb35b501d57e1f
17-05-2026 16:17:51,ihTBvcoWUxPvJxIYzr79,5381b1fb-123c-45bc-874b-5e409c5b294e,True,d4389e820d4f82fa,7d176c63414fcd05
30-05-2026 05:27:28,NhYp8nRlZeGCWBT7h2sI,46870ba8-986d-43de-86f8-8043f760f29f,True,517fc5ca69b652a5,bb4bb9fbcfcc16d1
30-05-2026 09:16:46,rxVD4JS9MQsuEDG1HOVG,9a0bc8cb-2d95-496b-847d-dce2ece6e2e2,False,c34c1310eab19c87,17b4966e9be4d8d8
02-05-2026 21:20:35,TopG97rVtshvFEGD0o2G,76f5bd61-3d7b-4b7c-92f5-246cf0279872,False,8e2e127651e9cbde,1b1cc9cee9f27003
01-05-2026 13:04:30,aTbma7jM3q4JFGlxxwKn,27701cd2-a6cd-4177-bce5-ff0380c65175,False,7182af742e04dc6d,234da97fe615c6b7
12-05-2026 17:28:20,561h7ehalOrB1OOSOTjq,8f69abbe-1f80-4b29-9147-837aed5a2ae7,True,d0825fdf3da3660c,04964f8452901231
05-05-2026 23:38:29,7ALosB9Fz8VbJihX1HGl,198635e0-d439-4722-8f66-415e46ce7ffd,True,e84878f982129128,64a94f9052422a0c
20-05-2026 00:11:07,P0VqXNO2x7uLAHFWi3bR,69cedeb8-8162-4d65-84e3-691678fb018a,True,0e52f2934d8ce165,556be8558ce56421
01-05-2026 00:49:07,rB2JoATyKxTz1emqI4IB,85009b4c-65a6-49b0-8967-3858ef44898f,False,b572bc65fae8bec1,5e1de20fecf98844
14-05-2026 17:39:52,7fglmzciZMqN27MpgVI1,08ae6cc9-98c9-41b5-8167-998ac4c390a0,True,3993ad7e2565b6b0,3993ad7e2565b6b0
15-05-2026 09:04:31,9XxMIuyXE9H2rcwfsjUB,67a814cd-3f26-4d30-ab2c-719001c324c3,True,923d0315f3ae2bb3,1d6285f5502cf1f8
22-05-2026 04:58:24,gz9AQMbezIJXX1IbQw3F,4991e51a-ea4e-443e-abf8-6ef53c3073c7,True,18d281edb3671f44,ce246387dd078174
30-05-2026 05:03:32,Sd6uf9eF74BTw7DurPaz,9e3b9a7f-08d8-4c13-8cef-f77a68e227e3,False,1d3db575c4a79d75,552b8d6c350cb13c
01-05-2026 20:29:12,atx7YHNrwmmTNjsM4piJ,27f07c80-5c50-4036-81f6-40c38ab20115,True,19a558ecc36977ce,b30b0b43692b035b
17-05-2026 03:11:57,W6ZKXfPRE1ZElqaguP3W,fb04d497-db2e-4864-8e8d-92752ddf888c,False,1d6285f5502cf1f8,c6a2d85265d19a41
19-05-2026 07:58:25,KLarFCzRWfWgWloS2Wwy,bdcf074f-dc0f-4db6-aca1-8ef6ab9f367a,False,e8c9832b5c388bb5,91d55d217a2af234
29-05-2026 23:56:33,lYGBoc6jZcidgWPbEFTI,32d0eb6a-714f-44ce-8249-0741f74f2fa2,True,e9da39984fb29dc6,1b38ab967d98cc4e
02-05-2026 16:38:45,blyLlkxseuhzgIf0da5D,3957b6f8-ac94-457d-9666-1ee6dda00cc9,True,72bd2672c948d2cb,e84878f982129128
09-05-2026 00:39:47,7MoCKfRfNx1Jzqnn8HAO,b56490e6-32ba-42c3-a865-f4ed2c262e15,True,923d0315f3ae2bb3,3bd002cf1fcfa789
11-05-2026 01:38:47,Gm038Hg04aOJHhc0dl9N,08bc5a60-efcf-4836-b60e-4a5d1cdac84d,True,63d3511e9e857901,b8e78b83a62a0cb7
15-05-2026 01:33:36,b7kVTVS89sRtPKkCY1WL,0ef5ff80-cf24-4efe-ba34-1a38d1937f90,True,234da97fe615c6b7,daf96d2280390dec
25-05-2026 14:34:10,xgHeE0ceaHxoxJf19cQ0,ee7643b0-178a-4982-adb8-ebc1a9150129,True,3b1338c1207d1e2e,b30b0b43692b035b
07-05-2026 12:33:57,bfhRlJRjCbiniiEpiiq7,25924def-65ce-4a79-800f-a182f6106d1f,False,f7af4712fd6b9108,0e52f2934d8ce165
26-05-2026 20:37:22,2M1uK0b6f9XDwI66A7Qk,85fdc74c-261a-4b48-bcdb-8206b017f510,False,c34c1310eab19c87,e1bd0a847e7079be
06-05-2026 07:38:34,Se4X73HyV3rkq7uTeKfT,4e3659f9-571e-4ccd-9601-2c2dc3b08eaa,True,8f8c45c33ff51d0e,42ac1a2bf982f79c
19-05-2026 22:10:57,FZAM9QHn6jOhXFsNHIf9,a44cb7d6-65ce-4911-a734-293597bc4497,True,1d3db575c4a79d75,a2fd30e5fa49ad53
22-05-2026 00:21:13,5yqC8BEeRa842bxVegWL,934f6eb7-43ca-4c96-ad48-4c6632865346,True,d4389e820d4f82fa,17b4966e9be4d8d8
25-05-2026 08:00:38,IDCRZQneucRqpgBX1ifY,906766b6-76f3-4043-b21e-7d142eb2e94a,True,153c202e3cfef4ba,c9ab51cba10ae1e9
25-05-2026 14:42:53,iehzH7fpwEl2DhgdeWLa,8b7fc371-10f0-4f1c-a66b-7eef2e8d19e0,False,e1bd0a847e7079be,389da1f3a7c1d8de
06-05-2026 20:41:17,Z3lzXcjr3IMLFsNXkdWz,ec449ddf-5ae8-4cce-8bd9-84d11af116bc,True,de2dde23040292bc,d5eb4d757b335d0e
05-05-2026 22:19:11,a07m7jA2g43OdD25R3JV,41fa5a3a-5a02-4175-9223-60ddaf843a5a,False,c837debb39dd1e68,f7c6682ad24d37f8
11-05-2026 13:36:29,wl3lAXNo0Je6hQPQADkW,55a238d2-3bab-4ae2-aa21-3c5a81700106,False,234da97fe615c6b7,3db4e6efff8b7518
30-05-2026 23:13:42,JZD4bonTDlELfdC8TPSu,40fb6eba-a48c-4218-8804-f92ff982c872,True,5e1de20fecf98844,c837debb39dd1e68
30-05-2026 13:26:13,v67rYahgu0Li65noxfPI,5c1793a4-c955-45e1-8ded-d885f2a59d86,True,fb188f553674b4c4,e1bd0a847e7079be
09-05-2026 08:28:30,Da5aO26u7ZuxQceMW6OE,fc39b88b-da79-4bff-9e6a-ad34d1bb02be,True,93279918e60ec274,ce246387dd078174
03-05-2026 09:11:24,siSS3e2cDKtgLaIl4xJl,fb6d5d9f-b2bd-4f8a-8c5a-f7605e610bd7,True,18d281edb3671f44,19a558ecc36977ce
24-05-2026 11:28:35,o14m7P6ofLEBT6w7Wyg5,a76c8839-1821-4cec-ad6a-aa3e1d922ad8,True,3bd002cf1fcfa789,c9ab51cba10ae1e9
04-05-2026 15:58:57,0xMhNWOgx7sHZlxPRFwI,6c328a34-1448-4bd5-98d5-ef26b5044b7f,True,d0825fdf3da3660c,1791998ac3161359
04-05-2026 07:33:03,i1dothSYtySo2gTPp1oi,d9c5742b-6466-4194-9002-d98406c013ac,True,330949523d665e3b,0e52f2934d8ce165
08-05-2026 08:47:47,rstT5eVsEpfVuUdfMah3,3e27bb62-e0e1-4917-b069-eb61d88159e5,True,daf96d2280390dec,7e8fb26408446272
04-05-2026 21:59:52,DMkpZP5JYomD8YkxqPAZ,8a05e575-1de2-4fae-a4b5-4560bf99b60e,True,1791998ac3161359,e8c9832b5c388bb5
04-05-2026 06:01:29,S53OUVJ5xGAggVwCf9Ib,d62b5d62-cc14-4798-a88d-add6d2c0a141,True,34cbefbc28798720,ae7ec9246c4649bc
29-05-2026 22:23:31,NSfEqa3vlQVAUZLLmk3v,3d5e45db-4c05-42cc-8f25-bff5432152e1,True,f7af4712fd6b9108,5e1de20fecf98844
22-05-2026 23:33:18,njeFl0zvDhLbBvrIBNyj,0091e1eb-687a-49b9-af08-4bd05ea07392,False,2b95dd3cf28e7c18,f7c6682ad24d37f8
04-05-2026 10:32:08,7hr4vj5Yiw3o4SFiFODK,a16cb70a-531c-4bb4-a4fb-65f20a8cf40c,True,06bf6a628379e030,c7f34dc43387f858
11-05-2026 20:40:55,9xfhB6iKYob0MHJouPbw,ab9c90cd-64d6-4902-9222-30511bd670ee,True,c9ab51cba10ae1e9,91d55d217a2af234
13-05-2026 01:48:06,KiJbcMGe7bBHLzryjB6o,21feb484-d686-4062-af6d-c5be66b9012d,True,3b1338c1207d1e2e,de2dde23040292bc
26-05-2026 00:58:21,l81xNCi3dAleMBFRxa4Q,fee21173-2f33-4595-a439-4b8591191bb4,True,57e7d972b508815d,487b076a69a53671
18-05-2026 03:32:14,UdHpYlZmNZltKxoMLm9r,d8c91cea-549e-499b-be5d-f13eb3515b0e,True,c837debb39dd1e68,153c202e3cfef4ba
05-05-2026 05:36:01,dQo7NFfm44J86hyTt1y3,53ff449d-a3ac-48b4-b569-24cbfe45e7e8,False,574582321d04df00,42d576864f9952c7
03-05-2026 08:27:05,aJcZcUWpLCBHSUXpYfao,be718d8f-1904-430c-a0f6-ccf0a90c9135,True,c85cdb0ef48d09c8,93279918e60ec274
11-05-2026 14:34:27,i6GD7J52NTP2mtyYAm6T,483487be-0219-4d25-b550-cb9da7fb207f,False,057c44d337463e07,3bc1bf7fb69f3ba3
29-05-2026 01:53:30,K1jUHOpzWWYInof8PH4H,47cd34c7-d2e8-4dc0-ba4b-11a7bb00558c,True,1b1cc9cee9f27003,c0014ea2ee2fdaea
28-05-2026 01:56:02,g3lPzUZW6QoHhDLtOGE0,0d02531b-ce22-4a1a-8460-e7e8d81b2fb0,True,18d281edb3671f44,430f674c6dfe941a
03-05-2026 15:52:33,5i1HJc8kTFRSyh24P1GW,eccde5e2-be4d-4b37-94d7-297fefaccf0e,True,63d3511e9e857901,5a7b6516c51a4d4e
19-05-2026 04:15:36,GmmF1WiqVzWfHvZRSb3b,d878c01d-0e43-44ca-9216-397cfcac48e7,True,f7c6682ad24d37f8,cb4c1290e91970dd
05-05-2026 12:24:06,rj0CeeHlF70zfqgF9BwT,6f2f116c-0d96-4c2e-815f-93ebbf61d87c,False,e9da39984fb29dc6,3cc68b8049eb8d4c
07-05-2026 10:09:32,QZEtq824OjBvcF0xS8P2,c8b77cf6-eab2-4606-a270-7c320a8b533e,True,234da97fe615c6b7,bbbe498ee44f6349
27-05-2026 16:08:04,Um2JuGpddWjgdiNy2FnP,99f40e41-e926-4cdf-92c7-0244423a5502,True,bb80f878cef35322,7f281c8dbac1f799
13-05-2026 23:14:14,TK45oukS6U0O9ur1G4Dg,880ebf18-15f4-4775-92e8-0aa277cda4fe,True,2618243a251bd83f,13db178cd9a1e37a
22-05-2026 06:01:16,KcWsvcSFoxmfDkhmcZJ7,dab280a0-dba4-4a18-b931-d93d098a52f8,True,430f674c6dfe941a,c85cdb0ef48d09c8
13-05-2026 18:04:35,QDXgo2WLlWKjV1t3QKUc,94e2c346-b611-46cf-a52d-a7be494b5081,True,9d789fd91804129f,3b1338c1207d1e2e
25-05-2026 07:17:36,yFNb7tQ5h42ORH0RsJuR,8e8ab8ae-f427-4ea8-9f38-2bcb7372ba95,True,e9da39984fb29dc6,8e2e127651e9cbde
21-05-2026 01:58:16,IOSVB51EMkMP5zdOPDCA,ddcee052-5103-42f0-af37-67b0225ad252,False,19a558ecc36977ce,c9ab51cba10ae1e9
09-05-2026 23:44:39,g9OCNgvHZIpoOr95fgzc,cb2f063a-36b2-497a-b2b2-8f5fa959d8cf,False,91279a646f8ea6ac,57e7d972b508815d
16-05-2026 18:30:55,7zKdEZojXT3HeHmh6ZFH,bf10fa95-7cbf-4602-9382-46af66bf6606,True,1791998ac3161359,514af2be7dc985d8
23-05-2026 06:17:40,O2RZnpWVKB49Jo46DfRi,7c4a3eab-332a-44d9-b9a7-2a56099711c2,True,91d55d217a2af234,cb4c1290e91970dd
15-05-2026 13:25:15,8IEaibLePHj3CCZb7RpS,ff4d6b5a-be5a-4909-a6da-c7d09e8d1769,True,7182af742e04dc6d,cbf338d836298cb7
24-05-2026 20:47:48,eYWiwH31FGgOZeUzhF1A,eb76d316-1bf0-441d-a6a4-2c549bcbc677,True,f7af4712fd6b9108,3993ad7e2565b6b0
25-05-2026 12:44:54,hvc5xOFXkCePUeawKAJk,4661f2dd-c02d-4172-aa2d-9005713bdb28,True,b572bc65fae8bec1,867d47425e9cccc7
15-05-2026 01:46:19,typlxGJ4cFOTCRREc1zd,89d4c810-bdb1-4723-81f4-c9822e92681f,True,3bd002cf1fcfa789,d0825fdf3da3660c
19-05-2026 13:58:12,4JzQNZpb3n39FqXIJys5,ca20f76e-bb38-4156-824e-1894246599a3,False,34cbefbc28798720,e7eb35b501d57e1f
07-05-2026 00:12:02,PxNmExd8u6dhD5DYVhLM,ab3bd8b6-0bb1-47ad-82cf-cf9961f7ca67,False,b572bc65fae8bec1,c9ab51cba10ae1e9
20-05-2026 20:13:22,QI3OU4VvJ1DIKX7NwLbN,0bde6212-b0ef-4bda-aead-d47ba17edcc4,True,e9da39984fb29dc6,c51d4eb54f89fec8
02-05-2026 19:23:13,DHB2UwEvL0RNqhmzBfO5,1fb94fb7-d1ed-4756-a185-d8e7a52cd94a,True,487b076a69a53671,c51d4eb54f89fec8
21-05-2026 13:05:58,yycEArSEkkzphGcOdctP,8e9018a1-0fb7-48ad-ae66-d6bc2ba4a2e2,True,e1bd0a847e7079be,8e7f2987241c2818
04-05-2026 03:18:23,Sljp5EhhbT0hECOv8KYF,a2dbc844-d571-4166-82c3-38aeba1e7700,True,7182af742e04dc6d,63d3511e9e857901
10-05-2026 16:04:16,7aBMZs7xIlLiMxak2ZUa,7352433d-d67d-4ff7-8212-9b0786841c2f,False,ce246387dd078174,514af2be7dc985d8
08-05-2026 09:08:34,HSAHZgIcDlMS8rctu5fx,01ab5fd0-d45e-463d-bf4f-eb22b5a5e873,False,1d3db575c4a79d75,53c682ded6545e06
25-05-2026 08:32:50,AFsrNA5SqC4Ml1YxDrX0,eaba2413-83e6-4c91-b58d-52b6427fcf3f,True,93279918e60ec274,c51d4eb54f89fec8
14-05-2026 01:57:57,KtHNSnBipAIp4BjlkWM1,377d0588-c8bc-4646-9389-1b68d19e7f17,True,bbbe498ee44f6349,8dc02e5c153f83a3
25-05-2026 07:03:51,NO5tXCjGP7yh9Vt1moNZ,418bf61e-e684-4a12-a518-7e4f71a7111f,False,7e8fb26408446272,bc74204126e384ca
26-05-2026 16:52:22,0NcPy80FOpr07NiEhLrk,43a8b251-83ba-47d7-b308-f0e1b18222b1,True,53c682ded6545e06,cbf338d836298cb7
27-05-2026 13:58:04,CAaKABvSHOOTwNxV4rF1,776580ec-ca1c-4ffe-86b4-7e2b9a2979c1,False,e84878f982129128,c0014ea2ee2fdaea
06-05-2026 09:19:25,hvKkXdBExFmWR2CfrctO,4a185663-aef2-4459-a4e2-f2cef17bd076,True,7182af742e04dc6d,0e52f2934d8ce165
17-05-2026 05:48:12,NHIbkt6xiHVuS02l7mFs,1ae85602-0fd8-4a96-ae59-16c997583000,True,102edb38b5ec347f,5e1de20fecf98844
21-05-2026 14:03:12,pbTsudE5URkUYJfSq4r5,186cbb97-ca16-41fc-b6eb-fa347f38c189,True,3b1338c1207d1e2e,53c682ded6545e06
18-05-2026 19:23:43,T192eGS6DuF4h9cawaxj,12d45856-fee5-472a-b7c2-98be5720a48e,True,3bc1bf7fb69f3ba3,5311a0642c2564ad
26-05-2026 03:40:33,QLuNWwlKp3ohBqyaauAj,f15c6d9b-1414-456d-959d-c9c5a5984d9b,True,8dc02e5c153f83a3,c31244cee16e0c77
19-05-2026 08:06:23,DqraKKy1BGcHgkkNUfyg,8f2f31b9-e1da-4188-99a1-73a2e02dc1a7,True,1d6285f5502cf1f8,63d3511e9e857901
04-05-2026 17:57:32,5n2z4JK400IfPLgnHqql,716db8af-a1c8-4784-ad80-55f978b39caf,False,5afe6ceac06784f5,f7c6682ad24d37f8
09-05-2026 18:30:52,gHxZ3YSmpSYkiOfSpIdg,1f80fa0a-b4a0-452f-9b7c-25e039bd97e5,False,f879804e4456e5d4,3b1338c1207d1e2e
30-05-2026 15:04:10,Ikvd0udVhgg2YiUCOWiF,c4e7b0ce-6327-48b1-87a8-b47cab966ee3,False,72ba4e2f87adceb5,2618243a251bd83f
03-05-2026 07:48:48,1avmNXKAoy3T40bYXqTr,7f270d6a-5fcc-44ba-b362-5ea43d1244f9,True,234da97fe615c6b7,556be8558ce56421
18-05-2026 05:13:54,gVQOzxjVNg4iSFixQh8g,2a38058d-8563-4834-a85a-c86917c53820,True,8f8c45c33ff51d0e,e1bd0a847e7079be
28-05-2026 00:51:03,UC2LMv0zCLSLbiNLPAIt,d489a74f-bea8-4882-9393-4ac76b48a0e1,False,e84878f982129128,f7af4712fd6b9108
17-05-2026 22:06:27,MxI3kX09f8P0dMn4n0bG,24e9bd0e-0148-4789-8b10-cc7771f232f5,True,8f8c45c33ff51d0e,57e17fffc619e182
20-05-2026 14:41:51,OriEgze4XPMcLaF7GqmD,679aefc4-bd8a-409b-b785-c367ac1e2873,True,8e7f2987241c2818,6f36a3307488809f
29-05-2026 07:25:26,IdScxlIg7nh7JRKjGZeR,cbbf43bf-1fba-454d-abb1-2fd299541bf3,False,bc74204126e384ca,91d55d217a2af234
07-05-2026 16:53:21,vlwcZPHwqQ4kbfHvIACb,ea7b1983-2d64-4a3f-a0da-cdc4f09f9c3b,True,c837debb39dd1e68,bb4bb9fbcfcc16d1
13-05-2026 01:49:38,8sUnHHJcECMlPRTXLPVa,e26ecf5d-9f8e-4b0d-92df-d877a15c8f59,True,7182af742e04dc6d,bc74204126e384ca
21-05-2026 16:20:56,2U5EbwkIUTcR3diJgwzM,f10fb218-88df-45be-8bb9-c1756a6ec6de,True,2f2bd7547d602b7a,3811390588367f0e
26-05-2026 22:35:10,Aslt2D16RFUUMjdZoBwm,b9e680ff-24b1-4d8f-9e7e-97199af096c9,False,91d55d217a2af234,389da1f3a7c1d8de
02-05-2026 21:57:09,BfwbcIVHYJ3qYMbkJY5h,435b1ff5-070b-471f-80ae-5662deb371d1,True,cb207a93391638cb,487b076a69a53671
12-05-2026 11:56:38,QDcs8gYgxmBvW8qBEu9k,fd1949f6-1354-4b8b-b7f6-2e7fbc18e42c,False,923d0315f3ae2bb3,389da1f3a7c1d8de
10-05-2026 18:12:55,Awwm9UAURHzt1tzZDt1c,c099f0a2-4a2f-4ac4-a605-12bf9e49128c,True,c9ab51cba10ae1e9,13db178cd9a1e37a
25-05-2026 22:21:43,XM5eh5oicrr3B69oPsEa,7aa79d8d-e6eb-41fa-8998-fb64fda96257,True,9d789fd91804129f,5e1de20fecf98844
04-05-2026 20:30:12,URUQz29cJ9GG2V2r2SuO,0db0d265-eb50-413e-bce5-2b35af3ba18c,False,cbf338d836298cb7,f879804e4456e5d4
05-05-2026 12:49:02,nRlnnUuSoLtAjpZuyKOi,2154cd90-b6b7-4ecb-aa22-5174cb05ed59,True,39a54d73a921b9f6,1d6285f5502cf1f8
11-05-2026 00:34:27,x3T0OvmRPIdKY7CJSr53,f5447cc1-fd44-40b2-9c98-0d734ec7b903,True,6588d11c4a11acb1,e9da39984fb29dc6
26-05-2026 09:34:20,HVJIleHQ2faSgSHJlzRb,412b7fd1-a0e1-4c29-a5e0-dd8abc8f128f,True,95744df47936b8c4,e8c9832b5c388bb5
30-05-2026 05:50:11,3PMQV9zopoOZTvXoldKi,e2df547f-911d-47e9-91dd-be65df858814,True,f7c6682ad24d37f8,5e1de20fecf98844
21-05-2026 15:52:03,QYRbfF6yKejmcRDnLfde,973e88c7-e1c0-4a62-93f5-66bd9d410753,True,04964f8452901231,72bd2672c948d2cb
02-05-2026 15:44:14,OVZoZnYpzNlwr58X5baJ,9d2a698b-212d-46df-85cd-6a461137195d,False,9d16533a62ab9315,b8e78b83a62a0cb7
02-05-2026 18:18:44,Yao9UhBgXWJ7x80X9Gf3,a3ad14c6-56d6-45cc-b517-ad7ce9c30c72,True,3db4e6efff8b7518,06961ead71f8b1d8
21-05-2026 01:25:38,x0BwMMwIBt7fZ6mrJNJc,aeefdd5d-2b42-4f85-85d3-cca4e6d15cc9,True,7e8fb26408446272,5afe6ceac06784f5
23-05-2026 18:14:18,dChMGdvgY8DoCggPIQHk,7a098ac2-ea8c-458b-826c-a8209a328311,True,f7c6682ad24d37f8,514af2be7dc985d8
24-05-2026 18:35:55,LYw3QzxOjvFntIn158dR,ceb2a2af-e9f9-4b87-b664-7ec8a2aea3a6,True,06bf6a628379e030,c7f34dc43387f858
08-05-2026 07:14:58,2FPlsSWLtEByJrrqWE3B,dce3aeef-ca29-4b22-aee5-13f9e9f62bea,False,e1bd0a847e7079be,e1bd0a847e7079be
03-05-2026 12:36:58,IquVVNld1aoIpSUKzCiW,9ba1e1e5-aadc-45c4-b617-aa735a99e015,True,13db178cd9a1e37a,3b1338c1207d1e2e
21-05-2026 12:57:54,kH3i67mjdGIRE1QDf6zb,89077d82-f764-493f-b57b-b9953aeb8894,True,102edb38b5ec347f,e84878f982129128
24-05-2026 11:12:12,WdFEtqBC8ItXyvn1pBq5,292a4a91-6bca-4fac-b027-9c3e30491373,False,daf96d2280390dec,131c7dd8f3ab4b35
14-05-2026 08:50:49,NahRft8KdBndoT6dSihs,70fddd67-cdcd-4f14-a113-2ceb3e8b7ef5,True,34cbefbc28798720,b30b0b43692b035b
21-05-2026 22:22:04,Are42TN1ZUqn4TtQkRfe,0d2514cd-e882-4a29-97b0-73af76874138,False,330949523d665e3b,bb4bb9fbcfcc16d1
11-05-2026 14:29:39,MbDWEAXgO7TA6o0Ug7e1,3f2f2d8c-caad-4aef-b137-b7f084964130,True,3cc68b8049eb8d4c,5afe6ceac06784f5
28-05-2026 07:43:48,uemyLpKLV8PpAVmlWdn4,ac275789-8761-4d20-98f6-8b87b024a073,True,0e52f2934d8ce165,18d281edb3671f44
09-05-2026 04:42:21,8enlrTDgVq156t9SPP7I,7c2a55e6-c8b1-407d-9cc1-23d635e8f218,True,ce246387dd078174,3bc1bf7fb69f3ba3
13-05-2026 05:25:38,7v58NJfHSpkVk23b3vNG,7db199f9-1d82-46ba-bb2a-32dad618fa97,True,c0014ea2ee2fdaea,93279918e60ec274
29-05-2026 02:47:20,vkqUl9VDvQZZjqHdVwVn,3ac53542-4662-4bd1-aaec-9ebab1efe76c,True,bb80f878cef35322,d5eb4d757b335d0e
28-05-2026 14:31:07,VhzZi6tQPj6sHRiBw66R,143e3df8-62cc-44eb-b1a5-f6eafada4cd6,True,3c58290022ed11b1,5a7b6516c51a4d4e
28-05-2026 02:03:00,cEbIHg1ivYuaHMIj8gnP,746ff9c1-1e69-4034-9aa2-5a8b10900a78,True,6214b1b462c04096,fb188f553674b4c4
13-05-2026 21:20:19,9HQ2MISA4DS8UJBvXcJq,5b9357fd-0289-48bd-8edc-255556824f07,False,57e7d972b508815d,c6a2d85265d19a41
20-05-2026 18:11:09,PYIPKWScY2YYqrnZoumJ,00b0e582-0504-4cb4-a357-416858a340a1,False,57e17fffc619e182,3993ad7e2565b6b0
14-05-2026 20:16:40,sOLadjEAxoNhdtEY1AEO,3fdb1fea-0d7e-43ff-befc-d23b35879b63,True,0e52f2934d8ce165,24d6a87b0598b02e
03-05-2026 13:14:30,qG75gqMoeW9sKVxuqMAe,b32f9067-9e90-4520-b52c-b87e06c272ea,True,234da97fe615c6b7,0e52f2934d8ce165
06-05-2026 07:13:35,8KhmUMaA6QYCP05zWyhW,673bf281-112f-4e56-8d7c-e34a75a85531,True,3993ad7e2565b6b0,2f2bd7547d602b7a
03-05-2026 19:12:09,JXdZrgLdOqCEVRZuwD4d,fd92f71c-53ef-4732-997a-0c7cd8b50e7b,True,bb4bb9fbcfcc16d1,91d55d217a2af234
29-05-2026 06:33:13,oJBi0mLeviolx4pmsFZf,f742326a-7165-49d7-bd2e-24d0af9365e2,True,91d55d217a2af234,e8c9832b5c388bb5
25-05-2026 08:31:57,YpO62NjHlxtz9iWUt0Ah,87e9a380-e49f-4b92-86e8-a948bb803b31,True,c51d4eb54f89fec8,55b620d8c0ab41e0
19-05-2026 01:32:34,kJNyINrbICNx3ZJzT6pp,dc1f9939-091c-4af6-a788-0718abdd79e7,True,1b38ab967d98cc4e,39a54d73a921b9f6
20-05-2026 16:24:40,ng2N6cjMgHhTvcdxd4L9,b0615b99-581f-4636-af44-f1a0f01dd406,True,487b076a69a53671,b572bc65fae8bec1
13-05-2026 19:34:44,MbYsqSe4BYUILrLkYyR6,5a6a53ba-fae0-4db1-9d6a-25fe6d353ab5,True,5e1de20fecf98844,487b076a69a53671
21-05-2026 08:58:30,m8zwnSk7XtYLlZVaBCcj,6ca48c65-a49e-48b3-bfde-f4225160dd41,False,552b8d6c350cb13c,389da1f3a7c1d8de
19-05-2026 11:50:35,sf5t3af8mGyvHMfhk456,57c47f56-c5ce-4588-aee5-d1d3559691e5,True,0e52f2934d8ce165,53c682ded6545e06
25-05-2026 14:17:17,Ki0Lllyq3nzRSjJkUwFC,e2d7879f-0440-44c3-8308-c041427e1006,True,c0014ea2ee2fdaea,75778bdb64d1008e
17-05-2026 23:11:12,O8aoOSQuHC1daFDlJNWc,8959ba7b-1ac2-4297-a481-448b89722989,True,8dc02e5c153f83a3,42ac1a2bf982f79c
06-05-2026 17:12:57,k0lycR3KzNtPs9oamQ6Q,d2f5e731-1cb3-4c8d-83f2-f7c12777029b,False,06961ead71f8b1d8,1d3db575c4a79d75
10-05-2026 02:32:38,SL4pZXFx1338oPrxiYPB,f42376da-dcb0-4dc3-a929-041bef87da58,True,bb80f878cef35322,c9ab51cba10ae1e9
03-05-2026 09:02:57,VajsooUZledOiZ299MjV,5dd642b7-8730-49f9-84be-b4608a42a620,True,bc74204126e384ca,5afe6ceac06784f5
02-05-2026 03:34:08,WDr13K7Q5RKFY2WYrKd5,a3ff2dfd-4272-421f-9940-4b7bacec53db,True,923d0315f3ae2bb3,1791998ac3161359
10-05-2026 03:10:15,LyvJbFtn16hO4MzyDyH8,d191b739-1827-4f9e-baff-d707e3e8c8cd,False,2618243a251bd83f,d0825fdf3da3660c
13-05-2026 10:57:27,orKgNO57wuFe7g8Ix2zZ,2788cb73-d320-406e-b634-883ca6160c0d,True,8e2e127651e9cbde,a8c47673d6a4f85c
29-05-2026 03:25:27,4dnx1uOap8Cs6W8V90sq,62f07f3d-8597-4e0e-8ae6-fdcd0eff6950,True,d0825fdf3da3660c,82a83fc853728306
04-05-2026 10:02:28,5pRHCvZA66c4UQr4jHSj,1deb3014-cdff-4dfd-a4d5-ba8fe253f069,True,430f674c6dfe941a,d0825fdf3da3660c
06-05-2026 11:21:40,fvJFgbtnhpTuOIz78WCr,7bf3d54c-fe31-4296-88d6-3ae4f6d24e3e,False,91279a646f8ea6ac,867d47425e9cccc7
29-05-2026 20:06:25,PszptXQhgATJosGZvbes,b1ac5e2f-179f-4ea0-bce0-42aaaa6ea7ca,True,5a7b6516c51a4d4e,5afe6ceac06784f5
24-05-2026 23:47:21,2urnl8eQkPROHyIk1G2x,374381d6-71b6-4c6b-a189-ac690a33d7fc,False,06961ead71f8b1d8,7e8fb26408446272
26-05-2026 12:07:54,iPrndjXdqPKTI5YwwmyU,39bc87a3-5501-49e9-9290-a19074adca48,True,bb80f878cef35322,55b620d8c0ab41e0
22-05-2026 01:13:16,jG72YgqtG1waMOk6YgNw,be910de1-ddf9-4754-8227-8e97313d2614,False,0f98939ac68105bb,e8c9832b5c388bb5
19-05-2026 22:58:55,tyvNCxPRHpQpG0lcDIwu,9bb3fd91-0f27-4f0b-8483-bdc0f57310c1,True,6f36a3307488809f,7f281c8dbac1f799
06-05-2026 02:46:04,ooW1FskVScWLEaN4QyAr,5813fe2f-6639-4f03-9fca-f40202775d23,False,91279a646f8ea6ac,8dc02e5c153f83a3
14-05-2026 06:55:36,poDTxVPo51r2hHELf6cZ,1041ad88-55a0-4ea1-a7cd-7aa336511089,False,4c885efe7bde3ff4,a2fd30e5fa49ad53
24-05-2026 10:11:07,5mXv18H5ljlJnGWE20Kg,05f50021-45bb-4232-add9-cdc41de31931,True,24d6a87b0598b02e,bbbe498ee44f6349
30-05-2026 00:48:05,TAmycPjKb5KJmcznaUs4,9d28cba6-9163-4f69-a7d6-e91160a8df2e,False,514af2be7dc985d8,7182af742e04dc6d
03-05-2026 18:20:19,l5aY3mMv0GEqAFABEfEa,36d5b528-8933-47c0-9975-b97c82e3008b,True,eb39e98aca20e7d3,514af2be7dc985d8
15-05-2026 16:52:32,7dymwiLvjzitAZcaEAy2,3df28005-049b-4e93-bb25-533d88c1744c,True,a8c47673d6a4f85c,8e7f2987241c2818
10-05-2026 10:14:55,oFVH22u967CwsYIRsCLX,0f489d81-de7c-41ed-9e9e-a130a619d481,False,55b620d8c0ab41e0,9d16533a62ab9315
23-05-2026 19:34:41,vbsUXNuOWgY7uLDXF6rv,e8697753-0c03-4797-bb00-bb992c04b3db,True,17b4966e9be4d8d8,5afe6ceac06784f5
08-05-2026 18:32:45,dtPrkI2tLiWsmtgKTgHx,66f104e5-ec0a-48dc-8a47-85970b2a4225,False,2618243a251bd83f,5afe6ceac06784f5
28-05-2026 11:32:14,vJtWaZ6D4LhgLSXq4iXu,6ac57233-59f4-4c9b-96fe-1e0bdfc32966,True,2618243a251bd83f,a2fd30e5fa49ad53
15-05-2026 01:35:00,Ih9qg9PpLdT72T6UStAy,3a370f85-542f-41dd-939b-5d743530a835,False,9d789fd91804129f,0e52f2934d8ce165
12-05-2026 16:38:42,RhexRH6oMj4DYRAWxAGv,8e37fc07-9a76-42ed-9aab-786ddda0c4c2,True,556be8558ce56421,c9ab51cba10ae1e9
13-05-2026 08:56:58,PCDK71PZYWv6LuVAMlTR,161cc256-96a6-4966-bdef-3f195459e93b,True,c51d4eb54f89fec8,923d0315f3ae2bb3
02-05-2026 19:32:20,C0CzrOUXq97c85oTl1Gx,82906c87-4c0b-4897-a0ad-c73e4960d4b5,True,da211edc7bac01a0,93279918e60ec274
15-05-2026 08:29:13,X2JW0yU3VjoUXwFdLtNu,2a0b7014-01ad-41a9-9361-01dfffa1c37e,False,2618243a251bd83f,13db178cd9a1e37a
01-05-2026 17:28:28,P71zBadJZJ0RumZGrVoP,acf39a6b-3f39-42e6-964b-5fe61212133e,True,75778bdb64d1008e,514af2be7dc985d8
06-05-2026 19:54:50,MGCPHtl6KTlJSmCHMtud,e29d609e-b624-46d1-8abb-197f04f26728,False,d5eb4d757b335d0e,517fc5ca69b652a5
03-05-2026 08:47:12,SU3QdKMAeQMNi2eNSLtG,452292b9-ae92-412f-831a-d46dffe1bd9d,True,a8c47673d6a4f85c,bbbe498ee44f6349
04-05-2026 04:07:23,FgGjhIKK6yNI6H1PjfNe,40d95bac-4b12-4819-9953-6d6dc65f3591,False,389da1f3a7c1d8de,c34c1310eab19c87
04-05-2026 11:46:31,YoNFVX5qzenq7PFlu4vN,2ee198a9-e569-488e-a768-2617b7b094cb,True,c9ab51cba10ae1e9,c0014ea2ee2fdaea
09-05-2026 22:15:51,9GeA6TXXQk761IEoSpp9,4eed459e-d515-4bce-87a9-902104d24941,False,c31244cee16e0c77,ec75a53f04901eec
26-05-2026 02:13:13,fAwgBl5RrYKw7caaGz32,9bf59e64-0ad9-4bdc-aa56-bf2f31d0e2ed,True,6588d11c4a11acb1,3bc1bf7fb69f3ba3
07-05-2026 15:36:11,yUbKYAXvipjFAYfJbv3Q,acde63a9-6389-47dc-996d-8f6cf83b61fe,True,1791998ac3161359,04964f8452901231
12-05-2026 21:10:14,fIYKHoC3lp0YSpNz2RCm,e33de78f-0dee-4e46-920d-2577e35b7d3e,True,e84878f982129128,bb80f878cef35322
07-05-2026 10:37:48,KuxQCDjk1w7MH5lL7Qpq,4fb479b6-d42d-4e16-bd58-fd1ed6a4e54c,False,5a7b6516c51a4d4e,517fc5ca69b652a5
12-05-2026 04:48:16,QMLz1NWvGmX2T0JkGCFW,bc500e3b-413d-4cc6-932f-86d35fe01773,True,cb207a93391638cb,eb39e98aca20e7d3
12-05-2026 18:53:23,7Z0dsu2hmOWxYFSf2zxb,59f00f78-9d84-48ad-a86d-aebf239ac34f,True,55b620d8c0ab41e0,487b076a69a53671
23-05-2026 21:51:37,GAXADcQcSFmvlbDmfB1s,23cba8b4-b72f-4ef1-87af-2d03e734af71,True,ec75a53f04901eec,c837debb39dd1e68
12-05-2026 16:31:49,wYl2Uq6CKUTxT1bfnU4F,b1ff58c3-1c52-497e-b742-1fccbbb88ac0,True,55b620d8c0ab41e0,34cbefbc28798720
07-05-2026 00:00:37,cZXBtNZa6H10k3LipOQW,0421dead-e1ec-4ed8-a022-bd92d7bbb696,True,5e1de20fecf98844,57e17fffc619e182
19-05-2026 21:21:51,sW6Z6OBRJ8OAH6jujjdr,143612ac-45ba-468c-90f5-ca42d239f029,True,5afe6ceac06784f5,556be8558ce56421
29-05-2026 03:23:32,dPNwpiS7TaiUhcT4BP9w,c907481c-9c20-444c-bf32-e0e4ea20ac44,True,de2dde23040292bc,de2dde23040292bc
08-05-2026 18:01:52,TzLOlHI1fHd7AhfSHHM4,63f99c67-55d1-45d9-adda-7be7c05f64a9,False,57e7d972b508815d,64a94f9052422a0c
30-05-2026 21:09:52,1BweFvYDscbFG4qrj2xI,3a21ee16-9edb-477c-bdf0-23e3aea0b6f5,False,517fc5ca69b652a5,57e7d972b508815d
01-05-2026 17:51:04,bsHCIRgzXFLN0QNiVHof,bca58538-36ed-409f-a271-b0e8f158e5ce,False,bc74204126e384ca,430f674c6dfe941a
05-05-2026 06:29:35,CQpjUhiL8gFPvuMrwYfl,b3b2fb3b-4d50-4116-a806-01f57f3bb0b6,False,8e7f2987241c2818,234da97fe615c6b7
07-05-2026 03:22:27,d79xUFUBEwtR4zuXuTNa,17ca4f8b-409b-4143-a86a-921fbe383ae8,True,64a94f9052422a0c,574582321d04df00
25-05-2026 02:45:23,qB3F8iAPw95fqltjpq5N,adc0471a-c52a-4cd5-8306-38808fbadb0c,True,24d6a87b0598b02e,ec75a53f04901eec
27-05-2026 18:27:53,dlbdNcgZkVOgl94nYynB,785c1a36-6972-48ec-a520-e679a230c245,True,82a83fc853728306,7182af742e04dc6d
01-05-2026 08:40:33,jZwm1lO6e5mvugzSJGWo,3efd1a10-c74f-41b6-92fc-9f297e85c4c2,False,6f36a3307488809f,e8c9832b5c388bb5
25-05-2026 15:57:45,w1KbEXsWHEx9uE0Py3zy,74c1a8c3-51a0-4e4f-8f73-98b9ca54b9e7,True,556be8558ce56421,cb4c1290e91970dd
11-05-2026 06:40:08,n15LpgxRmT7mSQIVGbBb,b7f203a5-c7e7-4bf1-bf42-edaef3a8cc55,True,8dc02e5c153f83a3,0f98939ac68105bb
25-05-2026 10:55:32,DstcStMT5Dcqtll5xoo2,0dbeb8bf-1bd7-47b7-a9e7-ef18432358c3,True,93279918e60ec274,153c202e3cfef4ba
05-05-2026 18:48:27,NvR84wOXnr9z8wnhr3t8,ca1a6b16-8770-4788-91f5-6e6edc121a93,True,7182af742e04dc6d,57e17fffc619e182
05-05-2026 00:48:45,E8cd16V6tFjk5oG198YV,d71dfcfc-c43b-447c-94f6-4f3be574edb3,True,c85cdb0ef48d09c8,2f2bd7547d602b7a
10-05-2026 22:41:07,7KNxhc30gGRLfs27vSUO,bd206a44-344d-421d-a2fd-3b7067a293b4,False,7182af742e04dc6d,c9ab51cba10ae1e9
11-05-2026 20:11:31,yVkuqxjv53Bok6iuj62X,2b7b8a97-e41d-405a-a91c-f072a35f2b9d,False,c34c1310eab19c87,102edb38b5ec347f
16-05-2026 17:04:39,l1JduvDxxaPX5RgoVQEr,1c84efc6-bf77-4e43-8306-9c0a5f2b967f,False,330949523d665e3b,1bd749deaf799034
14-05-2026 14:17:19,VbEDzNVLxljnjsvsl0VX,aa6c161f-4491-493b-81f3-518a21963a87,True,c7f34dc43387f858,bc74204126e384ca
04-05-2026 23:26:00,Z9IbOVUe6zBpG4AUyVLk,ff0e1dcd-04ad-47ac-9c57-80eb0a17e58d,True,556be8558ce56421,d5eb4d757b335d0e
04-05-2026 07:17:39,FMZr3tlKmfjzxIsORcWg,79ca1648-6e72-40d0-b2b8-3c7294382f65,False,c7f34dc43387f858,8f8c45c33ff51d0e
23-05-2026 12:07:18,aDpEKQrJ43Bxm8fd8ZNl,6118f9a3-b018-44d1-83bf-e72d0b690c6b,False,42ac1a2bf982f79c,923d0315f3ae2bb3
22-05-2026 00:14:22,E8wqStcJaFkRLmOxyLBS,c4cc360c-73bc-4cbb-865d-50518d428d7e,False,91279a646f8ea6ac,39a54d73a921b9f6
18-05-2026 19:00:58,lNjPlc22oLQTWdStATQd,09bcd1ff-b35c-4634-867a-461bb77b7dff,True,06961ead71f8b1d8,514af2be7dc985d8
04-05-2026 19:39:42,CJC2zZMj6OnXJEfDMKS6,6aa99b6d-6ce3-4dc1-8900-ff933b093d62,False,53c682ded6545e06,da211edc7bac01a0
22-05-2026 11:36:50,urX2u2kPUX88NHOQRE9g,670bd690-145f-4cb6-909f-d3512b7c7f1f,False,d57d393b16ba030e,7182af742e04dc6d
16-05-2026 02:09:06,YqkiwLD4v7aSWEHRQxhz,47d3d6e4-cee7-4091-a24a-886ad796a261,False,c9ab51cba10ae1e9,2a339e8954684016
05-05-2026 15:37:32,ElIsU0VBphxgH1bhYQ0b,2e233e8a-cc1e-4e18-bcb2-78dedc32ec3b,True,c34c1310eab19c87,de2dde23040292bc
14-05-2026 20:13:10,krzOVBz8LkR3dG8j9kqJ,16841fbf-0b44-4295-9b8c-8b59e20f0d6a,True,7e8fb26408446272,a8c47673d6a4f85c
22-05-2026 10:00:35,cDGtACjpFZfAO8nZIKny,63ec1fea-8c25-4cdb-8563-da8d99ec979c,True,3db4e6efff8b7518,5311a0642c2564ad
26-05-2026 08:30:48,wnwBUf5IpB9C8B3qmwMX,08a66dd8-bd8d-4739-a424-e4d596727868,True,5e1de20fecf98844,3cc68b8049eb8d4c
21-05-2026 07:53:21,T26HeqoACFAmlrZxJYS6,67c9feeb-0e8c-477b-a873-cf680a89408f,True,06961ead71f8b1d8,c31244cee16e0c77
08-05-2026 23:04:25,kYJTighJyf6CsuaaSFUz,02640165-7902-48f2-ad05-d8ddc2bc81db,False,cb4c1290e91970dd,234da97fe615c6b7
07-05-2026 21:55:51,tgj1R8behqKJapAQ6Wrc,80537aee-c186-4479-9d55-132f66f3f108,False,b572bc65fae8bec1,514af2be7dc985d8
24-05-2026 04:24:18,ELrrLmAkAlxTrFaa15eM,418b48b3-83d6-4451-b644-47ae21578fd2,True,daf96d2280390dec,b30b0b43692b035b
06-05-2026 00:43:43,y4dntUFiVvI2Oj3qeMfi,f4852b4f-07dc-4c07-94a5-beef62928965,False,da211edc7bac01a0,06bf6a628379e030
20-05-2026 22:26:12,oou8XBxGzdQdNaEsngWD,3404b4c1-9422-4050-ad77-abb42b011652,True,9d789fd91804129f,bb4bb9fbcfcc16d1
23-05-2026 12:28:45,liEsb9tzBkSTR3GRP53j,9e466a7c-3ac3-4191-955f-d6d0ffd7745c,False,53c682ded6545e06,93279918e60ec274
08-05-2026 19:20:46,zlRVgPphVteYq2vsqSUg,085b4374-09de-4d71-8264-1ca56bbe8ccc,False,bc74204126e384ca,4c885efe7bde3ff4
07-05-2026 03:00:59,m4cffYLwPSs1mfbmsqSh,e12640e2-4b3a-4013-818f-c91b1977155f,True,057c44d337463e07,bb80f878cef35322
12-05-2026 01:32:04,xk8Il1uRTPE9dLlbORdE,9baf25f2-76bc-4e3c-bc48-fa305bcea7fc,True,8e2e127651e9cbde,64a94f9052422a0c
15-05-2026 05:23:51,XlXgUWhPg64SbMUpcPxq,b1407c06-a38b-4627-a02f-edbfc844a504,False,63d3511e9e857901,e84878f982129128
14-05-2026 08:33:08,6UOZhzP77SNShD7crdxe,8daf7646-12fb-4247-8a09-f6ee3e252a22,True,8e7f2987241c2818,0f98939ac68105bb
22-05-2026 22:59:37,H71Pq6GgrMcOThfWOYG9,bd5429ac-3952-4b4f-8e5f-e6b98b134ae5,False,bbbe498ee44f6349,eb39e98aca20e7d3
19-05-2026 02:30:40,1lltbpZwyVmik0gaG3Gh,453b992c-e882-405a-bbee-cee4093ae69c,True,330949523d665e3b,bbbe498ee44f6349
26-05-2026 21:49:14,ljZLDh7P4S1uQxRr32OD,1add84ee-4042-45ac-aca9-f3c80297e314,True,3db4e6efff8b7518,3811390588367f0e
02-05-2026 18:06:09,G9ySHqo9RPyyud8amHb7,336ba445-72ca-4bbf-897c-a6ed95f6d45c,False,75778bdb64d1008e,57e7d972b508815d
17-05-2026 17:40:59,wone3uYKY5cPdWUi7iRa,d03ab36a-1d83-4470-883f-d02dc49c83a7,True,9d789fd91804129f,f7c6682ad24d37f8
04-05-2026 10:15:27,5PECcpfjYje6GqWXBg44,cde0de32-4684-45bc-b2bc-c6f39802a8f0,True,7d176c63414fcd05,7182af742e04dc6d
26-05-2026 13:05:24,XFeB7QfxIH7pnjxxz4ij,196d3813-719d-4992-a6f8-b46d6ce1b5e7,True,2f2bd7547d602b7a,487b076a69a53671
19-05-2026 22:20:07,v2qKFcOjB3M2G7ybB9gh,b09dc8cb-7f25-4d09-ab39-9a57b5146920,False,a8c47673d6a4f85c,057c44d337463e07
30-05-2026 06:49:18,bBkm6bQ7UvoWUI8Gz74T,8cf9f135-a2ca-4d55-8a94-d29680016743,True,82a83fc853728306,487b076a69a53671
23-05-2026 02:52:03,MOZWGtUEdlLWDrclQQYV,953c0a90-5c14-4359-a73c-9ce22a5e241c,False,64a94f9052422a0c,53c682ded6545e06
24-05-2026 21:32:25,vQYayzpH80sWgitCB5JP,67ed111f-a357-4bd8-a319-681cb2895cec,True,d5eb4d757b335d0e,0e52f2934d8ce165
22-05-2026 04:52:37,v1tZ0H7n6x6k2B9RMAuj,3a4e5b83-7dc0-46c0-9cf0-a558ec743839,True,9d16533a62ab9315,8e7f2987241c2818
06-05-2026 12:17:17,t04P49p52Ae2m4aCRquE,1ea1a824-5c89-49dd-9df9-b9179db95c9a,True,514af2be7dc985d8,3bc1bf7fb69f3ba3
10-05-2026 20:01:46,foFcFUgz4HcKYGaFXcqk,b374e92e-98b8-405e-afc6-b056fc2566a2,True,53c682ded6545e06,9d16533a62ab9315
04-05-2026 23:46:23,b5MUjdkhKyZ4p6C2SKrS,e1da932a-21b0-4965-941c-ec15c661df2c,True,b8e78b83a62a0cb7,f879804e4456e5d4
10-05-2026 18:04:13,BJHUWDcoAstWQLeRA6lv,1a824e97-b5a2-4330-9fd5-22ea21e6efa0,True,0f98939ac68105bb,53c682ded6545e06
23-05-2026 20:38:03,uCTxPDCYJple4XFNggQx,76d04d11-516c-4b26-9fae-2a4a783207ea,False,e7eb35b501d57e1f,3b1338c1207d1e2e
04-05-2026 21:29:38,4Ped0bI72a6gsatg7rg1,a07c479e-d0ee-49de-80ee-9da662d5f0dd,False,42ac1a2bf982f79c,06961ead71f8b1d8
26-05-2026 06:50:56,T4bANTUzqhkreFYCLfN8,0cea7cfc-17ac-4f96-840e-e79d86d6c677,True,d57d393b16ba030e,6f36a3307488809f
15-05-2026 08:04:03,4PWC3bmVECGtfGz7Xqn5,51da1211-5845-4863-9194-8dd8f534e8d3,True,f7c6682ad24d37f8,8f8c45c33ff51d0e
10-05-2026 22:24:54,bYYYkOff9omVcAKIyZfo,3ad992f1-6ebd-4064-ac77-fb2ced5e8a67,True,2b95dd3cf28e7c18,3bd002cf1fcfa789
17-05-2026 14:32:14,bHGbpEWgElVGBCja3e1d,e861bd8d-97ed-4cc0-b84f-e31460c5ab70,True,42ac1a2bf982f79c,72ba4e2f87adceb5
24-05-2026 09:14:58,QfgtQUvGUtdPYMpwFlCs,d40f89fb-896f-4b22-9213-f9560b5bac57,False,f7c6682ad24d37f8,9d789fd91804129f
23-05-2026 03:09:55,KDk1mOoVp61tbeUaoN8Y,3402ef97-f5d1-4e21-b852-6bcf2c4361c7,True,1d6285f5502cf1f8,ce246387dd078174
18-05-2026 20:37:04,84GRKNuTZJl9QHF4ppUE,6baebf5d-5d3c-4fbd-a3d4-e082168b7ddd,False,57e7d972b508815d,1d3db575c4a79d75
05-05-2026 11:06:11,qC8yjUxt6aIzvsvQWVs2,bd2eae49-3e28-4099-aada-19a83350a72f,True,da211edc7bac01a0,6588d11c4a11acb1
16-05-2026 07:02:10,vSezZDXrMkkWq3UQod9D,b85ae0de-1654-4bf1-a5d7-4f5f65ccea0c,True,1791998ac3161359,c7f34dc43387f858
01-05-2026 01:32:51,hBfP6i8tNVA2L4iAOBdo,001967ed-dd8d-4425-9cdc-894de15b504a,False,bc74204126e384ca,82a83fc853728306
07-05-2026 16:59:32,REVNMVDVRRkZyiB3FxBA,f10e6e00-5f01-407e-bd98-b47abcb11774,True,1bd749deaf799034,c6a2d85265d19a41
25-05-2026 10:28:29,LIV4MRyeOmQobQoOJH9H,351ae882-6f87-4b12-87fc-792ec109ef06,True,867d47425e9cccc7,3c58290022ed11b1
24-05-2026 16:07:51,A7IPDOeUtL03STx9fIIl,18bb7df1-5282-467d-ba7f-ac28705bc77f,True,75778bdb64d1008e,13db178cd9a1e37a
09-05-2026 09:01:10,Gnztpf8hZOrXcVvTAaDK,936dafd6-b216-48c6-9f50-62eef5381a3e,False,1bd749deaf799034,0e52f2934d8ce165
06-05-2026 23:40:56,RtwO89iea1Y4KDNKHGsn,46d6c27f-0d60-4b4a-a334-c33871309246,True,18d281edb3671f44,8f8c45c33ff51d0e
25-05-2026 23:12:54,sqNuQRHZhnJ2qhgBvchd,42756c99-d807-42a3-aff7-1310d55fab64,False,e84878f982129128,b572bc65fae8bec1
06-05-2026 19:17:54,qB72ya6vk9ox3knnoM2Y,1ca348a9-8a54-4ec9-9c0d-cc96a79728c1,False,234da97fe615c6b7,3993ad7e2565b6b0
26-05-2026 05:05:52,v7uTG02tdfTMpKWlqwaL,78c74c67-f5aa-4362-820b-c6c359a474ef,False,de2dde23040292bc,6214b1b462c04096
13-05-2026 13:00:39,IxQhQwkUVt4LlmBfABbx,96130a7c-7735-4a7a-a860-b3dc7ec02e4d,True,6214b1b462c04096,c7f34dc43387f858
21-05-2026 13:43:36,kgvLu9WVP6PzJAVrCHrK,65b3ca13-ae7b-420e-9fab-0e3d459cab31,True,e1bd0a847e7079be,57e17fffc619e182
22-05-2026 07:46:20,yherKLgqr4dBdLanUirF,9e0472e2-914a-411a-a413-b5ad9197e571,False,8e7f2987241c2818,7e8fb26408446272
14-05-2026 18:10:16,bMmKXZUCqsq3OpVYyRwF,8b06a4fc-4160-4fbd-b565-88fc963f438f,False,24d6a87b0598b02e,13db178cd9a1e37a
07-05-2026 15:37:52,VFYXAViXeEGsBvLsMto1,6e251bee-9c65-4778-8518-3a22cab2f479,True,3cc68b8049eb8d4c,06bf6a628379e030
18-05-2026 01:33:22,03j1eanC0igdQzhmp8hl,06633a0b-965e-43da-8607-2a79b13f68df,True,8e7f2987241c2818,42ac1a2bf982f79c
19-05-2026 21:11:01,S3QnkTow7zU638VsOs1d,fa5ab33d-81e2-4e92-9b4b-657f55a970be,True,42ac1a2bf982f79c,ec75a53f04901eec
16-05-2026 02:18:49,M7i7rmHN4VR55WVUmwgx,a1e18649-87df-48d0-83c1-ddfce6417b85,False,c34c1310eab19c87,04964f8452901231
07-05-2026 06:13:32,kCqEICx4zLEbVicm620p,c4c61de5-56a7-447f-b8a2-901a7548efa0,False,17b4966e9be4d8d8,53c682ded6545e06
27-05-2026 07:23:29,L4nIIrW9tEOXShgCwNMd,05d70d60-3302-4b2f-9800-e8dbbac4ce51,True,c9ab51cba10ae1e9,923d0315f3ae2bb3
02-05-2026 18:26:48,yoPeybOgDgUfzKbWbRJ7,2c296450-9b6c-45d3-9d87-cd81e7f38aee,True,18d281edb3671f44,e8c9832b5c388bb5
10-05-2026 07:18:21,0DWZFSHutue58tCeZ57R,249ee55a-00b3-4d32-875d-8b903b44c756,True,330949523d665e3b,057c44d337463e07
22-05-2026 06:42:39,wXuCXW71ad7YNuwArtai,4b107041-50ff-47f9-8dd5-7515860d53ce,True,bb4bb9fbcfcc16d1,1d3db575c4a79d75
19-05-2026 17:56:25,CbTISkPIdy3lTKqsNlp1,ba5b098e-a77f-4b42-966f-fc9839545bb3,True,42d576864f9952c7,cbf338d836298cb7
06-05-2026 07:17:02,VhEvPWBq6pq69fkN59CL,2f96f099-173c-45d0-b523-5c4fa51d7ae3,False,24d6a87b0598b02e,574582321d04df00
14-05-2026 21:04:38,z98De0k1ZqwGJMYAEq9F,eda140be-42ba-46b7-97f4-b279cabeb7c1,False,487b076a69a53671,daf96d2280390dec
09-05-2026 02:16:01,UUvQ52zXskyNWtdURZrk,6c288ae0-6e6d-4202-9102-4b519f0e99b8,True,95744df47936b8c4,8e7f2987241c2818
16-05-2026 04:36:47,MCM6xKbk4oL4zwCAR6nR,24b799bc-f877-4aea-a865-5e695bc78301,True,e1bd0a847e7079be,c9ab51cba10ae1e9
01-05-2026 08:12:26,OViFCdgyjCt2yk6pjB9z,a5304245-0ebf-4421-a742-95aad3dffd01,True,552b8d6c350cb13c,63d3511e9e857901
10-05-2026 15:00:56,fV156B9MEXTbYzCVuF5B,eb69b8c5-9c2d-4012-97d9-91785b26cea6,True,1b1cc9cee9f27003,cbf338d836298cb7
13-05-2026 18:46:06,8YYf86zGHzJo7MLJeq4S,bf7f3c64-d5e4-492a-97d3-78b928e1876a,False,57e17fffc619e182,9d16533a62ab9315
23-05-2026 16:36:14,mXn0xOUkhggwQkT1EaKR,e0e0b12b-9187-40c9-8d7f-7d7feb1beb07,False,57e17fffc619e182,234da97fe615c6b7
07-05-2026 23:12:32,vaTRqpdOyiLZrIqU7ahY,768723ad-ecba-4037-90fc-06c825469a1d,False,82a83fc853728306,e84878f982129128
27-05-2026 08:55:04,L7u7UDGdWEollN4V6uAf,c917d251-e3ce-4cd2-b827-999ea96bfcfb,True,d632e4ce536ec364,552b8d6c350cb13c
05-05-2026 09:48:41,asBzVtHYVhtuQemoCpX2,2c806006-6945-4d9e-9c0a-bd1d7bcf3102,True,7e8fb26408446272,c31244cee16e0c77
06-05-2026 01:54:53,55H2JDaOAEvXSeKbJzWK,a8e3d3f6-ffb2-4abf-8b83-423cb795cf21,False,6588d11c4a11acb1,63d3511e9e857901
20-05-2026 09:11:26,c04nDpDUMDERR1M8gjbI,b8d96830-70b1-4597-8fcf-bfae469d3f21,False,a2fd30e5fa49ad53,06961ead71f8b1d8
21-05-2026 23:51:13,wKXMWzD4gqcnev8mFjoq,3ca97eaa-75e8-4a37-9fa4-467e6b70ce51,True,55b620d8c0ab41e0,234da97fe615c6b7
17-05-2026 20:11:05,ZYCkVwGE6Gbnl3gtZoey,7792e89c-0626-4c26-8f8b-0a8b62aaf4d9,True,3db4e6efff8b7518,7d176c63414fcd05
25-05-2026 10:39:31,i4bCnQlDd0KviPYefd89,6ea2bb93-1457-414e-8291-837334dbe129,True,f879804e4456e5d4,e84878f982129128
21-05-2026 23:05:58,451m1Z1ciAOnsOKoxDXN,ac8f611e-69dc-40bf-a3dc-1356058bd5ee,False,cb207a93391638cb,91d55d217a2af234
15-05-2026 08:42:26,19UDKtqSVPg2No9Rnpce,2467c2a0-a023-48e8-9bec-376a617324f0,True,e84878f982129128,d5eb4d757b335d0e
12-05-2026 22:53:10,h4epbBfX2ae9jULWejIF,0c880d35-be23-4eb9-b948-4d335d980500,False,bb80f878cef35322,8dc02e5c153f83a3
04-05-2026 11:19:21,BgOjwez1Ba5q2rfnfCIB,616a34d3-f465-4350-884b-d727febe36a6,False,7f281c8dbac1f799,d0825fdf3da3660c
27-05-2026 20:31:40,MTc8WlMh94uwBKpxQ29T,bb5aaaa6-2259-4456-8a2d-e4066409c49b,True,ce246387dd078174,3993ad7e2565b6b0
19-05-2026 16:24:37,jUEwGsWvgiR7tPxwx1Yi,cb28ad88-a5db-4fc4-80ac-8ff1d1a1cdaf,True,c34c1310eab19c87,64a94f9052422a0c
01-05-2026 15:44:38,lRsd3UMhmm9zfWwFJNGA,5f9d51d4-b225-4e26-88a1-95d448948c97,False,7e8fb26408446272,8e2e127651e9cbde
19-05-2026 07:02:55,OUSZz6CMKo6oW53ZyiwI,f3ae8d5c-2ce6-4289-ade6-4b270154b1bd,True,8e2e127651e9cbde,c34c1310eab19c87
07-05-2026 05:29:49,EYHkSXulxqERMnWpxB07,fe45b398-9e1b-46b4-a37c-8a245b499e60,False,a2fd30e5fa49ad53,e7eb35b501d57e1f
24-05-2026 10:05:12,ODAKLHS2xjNnz71u6C5T,e568ab3d-dbfa-4c7c-b917-d472d1628f67,True,330949523d665e3b,55b620d8c0ab41e0
19-05-2026 00:56:24,VGqeg2z2CgF9x1j5TWJQ,1fff3c13-fe1e-46a0-9f54-c47ca087d13c,True,34cbefbc28798720,d0825fdf3da3660c
30-05-2026 22:19:44,T6uAFBJwG2lm8MJArRwT,4dbe469a-9fd5-49fe-b594-07a49f9235f2,False,1bd749deaf799034,102edb38b5ec347f
25-05-2026 08:33:46,xvZFwlquLoN8XO442Ies,edd6247b-6cc6-48c1-a2da-3307f1d1e3c6,True,42ac1a2bf982f79c,e1bd0a847e7079be
23-05-2026 14:53:19,E5rxcFsC8vihljrHrmlV,10c8e46a-b7c5-45a4-b638-a170a50d70be,False,d4389e820d4f82fa,867d47425e9cccc7
23-05-2026 04:15:34,J4xsufwvXsgF8Br8m1xb,e2ea282b-d033-4c1e-860e-4264a765dea8,True,d5eb4d757b335d0e,2618243a251bd83f
28-05-2026 09:08:35,H45urL6a3Oed2G1KHNlt,f8d53ac0-2d23-4e22-b160-dcc9bb919f6b,True,e8c9832b5c388bb5,514af2be7dc985d8
05-05-2026 13:39:45,V3KnKoiww4hXrafTugcT,78858338-f701-4ddb-8a98-9b5919039220,True,1d3db575c4a79d75,18d281edb3671f44
28-05-2026 11:30:13,bYGMhpei0R1sWMEIJHLx,2fe51c27-dff3-4203-a982-7c222e22265e,True,b30b0b43692b035b,8dc02e5c153f83a3
28-05-2026 01:04:13,xMqSygFyeRZCL6AQZlmi,40cce874-d5c8-40ef-a82e-f76244926a87,True,91279a646f8ea6ac,8f8c45c33ff51d0e
24-05-2026 12:19:16,L06oOIQGDnGPagX8owCd,b66f94d3-7d93-485d-b771-dde8a7970077,True,cb4c1290e91970dd,7d176c63414fcd05
16-05-2026 14:21:51,K6EWv3nsAiQKrWCHyfLP,d68213f1-135d-41aa-b352-ad5346cf364a,True,131c7dd8f3ab4b35,c31244cee16e0c77
21-05-2026 15:31:29,fpnW881QPv6sCHRfsq2p,a27572e4-9d39-46b2-ba7a-c1a43ceb666d,False,f7af4712fd6b9108,057c44d337463e07
07-05-2026 09:29:22,TpMyC188zFVmCtPpQyKK,08dad310-4e58-4a09-a5a5-28a1c7edfa49,True,cbf338d836298cb7,d632e4ce536ec364
02-05-2026 02:39:15,nXp63l1Kst0R3rQT5S0y,394d5d83-8a1b-4ebf-81b3-858a08eb3c22,True,d4389e820d4f82fa,cbf338d836298cb7
27-05-2026 23:14:16,boegwYnjet8FwX0QhwsI,71d04063-28c5-47de-81aa-f1f6ced0596d,True,9cbee3c1d7168837,f879804e4456e5d4
18-05-2026 14:17:19,PysYXZziEeErv2R527V7,26cf3fae-4e13-4737-97a1-874d58444c14,True,82a83fc853728306,7e8fb26408446272
16-05-2026 10:29:41,Pa4phrr60NgupyMW8xmo,0ebed86a-8015-422a-a3f6-a04b475e6cda,False,1d3db575c4a79d75,d0825fdf3da3660c
12-05-2026 13:26:02,SlAKLF91rM6Il9LnffnX,c502c9e6-c585-4497-ab47-2c2c829d8794,True,d632e4ce536ec364,72ba4e2f87adceb5
21-05-2026 08:40:56,bGrupui9Rt4A3SbDI9IH,1857412e-0627-4188-a15e-b300cb7a4695,True,ae7ec9246c4649bc,95744df47936b8c4
30-05-2026 02:07:00,zAlfzvzKpICD0eknR7by,3dbf9cb5-aed7-4f19-bd3b-b28f6ad31019,True,06961ead71f8b1d8,34cbefbc28798720
03-05-2026 12:39:11,Y76suHYpGuZAHfr4R06b,5946d3db-50c8-45aa-a9d6-f466d444d8b7,True,bc74204126e384ca,daf96d2280390dec
15-05-2026 17:17:04,LyzdwR4zeY77Xsq4Ls1J,49ff7443-6e0b-4334-a661-a0f3ccec7a32,True,75778bdb64d1008e,6588d11c4a11acb1
24-05-2026 11:44:45,PPa9DpLOP4zRidKNxSFJ,2b037ca5-80e8-4ccb-bab0-d4eba1541952,True,42ac1a2bf982f79c,5afe6ceac06784f5
11-05-2026 16:37:38,8U6BbIUsEG9hNZlsOaUO,0f73d1da-5b74-4182-a277-2830f381c9f0,True,a8c47673d6a4f85c,19a558ecc36977ce
15-05-2026 04:50:18,RNmTu5dHDTCFH7NRXg21,daa08dff-00ab-460c-a86a-0ca70bfa8c01,False,867d47425e9cccc7,3811390588367f0e
12-05-2026 03:32:02,UAmgeTEoeKxzBvHmnXAh,6c0962f9-8923-4bd5-8fff-9e80c40f2969,False,234da97fe615c6b7,e8c9832b5c388bb5
26-05-2026 14:15:45,LU3WTeppuAgNCBwJMOR0,5c5c0054-86f9-49f6-ae22-fd66ec3f8459,False,1b38ab967d98cc4e,91d55d217a2af234
28-05-2026 07:47:13,mOeZ5i5idFRCuBEEjho2,179d7033-9346-4bbe-a2a3-8f9c4f2b02fd,True,cb207a93391638cb,19a558ecc36977ce
08-05-2026 16:42:25,wG0lGCoJaD8bDRT1iW0j,9e85c3b5-ffdd-4220-a61e-35d4792bf30a,True,517fc5ca69b652a5,923d0315f3ae2bb3
13-05-2026 06:39:27,GcXyACJWCt8P3xfrae5J,453ead70-9776-4577-b322-c7aeeea4c9f7,True,5311a0642c2564ad,1791998ac3161359
13-05-2026 01:56:23,nKtA8sCWPEcbvqYXfGvd,da109790-c6cd-444c-a463-bdad5dc133c8,False,95744df47936b8c4,82a83fc853728306
17-05-2026 18:29:01,26zSU6E3loA1aqG5eD58,4e48cc0b-94e3-414f-b53f-070c84bc504d,True,574582321d04df00,57e7d972b508815d
02-05-2026 06:36:43,6ug6IW5LG1dwr3YWwEsB,b978c973-c4a4-42a6-aef9-3ca1b5366dbb,True,102edb38b5ec347f,5a7b6516c51a4d4e
27-05-2026 05:16:09,VtW0R8I0MX1KMEU3UJUg,abbec8b7-d338-4099-97e4-4f5640b5af9d,True,7e8fb26408446272,39a54d73a921b9f6
09-05-2026 07:35:19,fiCbLvThKWvpaWMnGT4Y,b2f15546-407e-4b7e-8d22-448be0451864,True,42ac1a2bf982f79c,ce246387dd078174
20-05-2026 05:31:55,vYcyLuXmJhUpuXIhven0,aa76d1a2-cca5-4319-9cd6-8c32672aaa19,True,3b1338c1207d1e2e,a2fd30e5fa49ad53
16-05-2026 19:29:16,1TX9NmCNUjtCKF4rcSuS,580a93f5-a6c6-4bb2-8b0f-df961cfa0cf3,True,5311a0642c2564ad,91279a646f8ea6ac
07-05-2026 00:07:09,IMnw74Gerhx0ZZCAbgZC,eb10dc32-b345-426b-bd6c-a041c9de91f6,True,cbf338d836298cb7,8dc02e5c153f83a3
11-05-2026 21:06:01,yrJ9m82EQNQhCNHHCjCK,f547f109-0a86-4929-97bd-58340deda124,False,ce246387dd078174,0f98939ac68105bb
25-05-2026 08:05:50,bXqHgjq2VZwWF4CYLs7P,7091522b-a95f-44e8-8e07-7fba1730bffd,False,c31244cee16e0c77,1bd749deaf799034
24-05-2026 23:04:14,6i9FwJNU4wyfmpgXoXrE,60114a9a-1d09-4f1c-a49a-899b519374bd,True,ae7ec9246c4649bc,1b38ab967d98cc4e
21-05-2026 07:32:05,KYFfQkPt5lEzDpGIqbxV,4b4c7199-79f3-4b14-a479-861fb0fe0f64,True,131c7dd8f3ab4b35,53c682ded6545e06
17-05-2026 08:01:57,ofEUGx8fWMsuqdu01hN6,3765ca26-756e-4ee9-b0e2-086b0c07fbf7,False,3c58290022ed11b1,8dc02e5c153f83a3
14-05-2026 13:47:46,oQjr2wYkA7crxgjwURoV,ec688b0e-8674-4db6-bbf2-68aa5b0aea45,True,3b1338c1207d1e2e,330949523d665e3b
14-05-2026 19:48:03,uMomLjiS07L8Y5Qvg1F1,a134a4cc-ba5c-44e4-aa0b-af208f04c98e,False,72ba4e2f87adceb5,7f281c8dbac1f799
28-05-2026 14:51:50,5kJghDoTYIDFd4ceBtWe,e122241b-06cb-40d9-9d5c-b42cc7af192d,True,a8c47673d6a4f85c,95744df47936b8c4
20-05-2026 09:28:00,DnimE9F6xeB0DI6RtNr1,45022a18-04b5-407d-bcae-f9610753e30a,True,d0825fdf3da3660c,153c202e3cfef4ba
24-05-2026 11:17:43,9pXWVH2zLiugbZnX6Vee,8cf34c2e-5ecb-435d-b687-d03a890049bf,True,057c44d337463e07,2f2bd7547d602b7a
06-05-2026 21:11:14,aU6NoLXuYpzjzSNWsqQi,1bab3c51-24d1-45d6-9c9f-1828dbdf2d4e,False,7f281c8dbac1f799,5a7b6516c51a4d4e
30-05-2026 20:31:30,Duym3c54TIwsD2mJBjPD,4fabdb98-eaa6-47f0-897d-de7e1f1e3ffd,True,d4389e820d4f82fa,8f8c45c33ff51d0e
17-05-2026 12:27:16,1yRHMuPiW7KnFT5D2x7t,c5965652-8662-4e25-9ffb-3d86f0267052,False,0e52f2934d8ce165,131c7dd8f3ab4b35
12-05-2026 10:53:00,1nFspXQ5D8f7jksYVLSk,c24bddff-b2ee-45b1-aed6-f2d2b6d4e0b7,True,552b8d6c350cb13c,c9ab51cba10ae1e9
13-05-2026 20:49:55,0CjS5DgzKwzSvG6IAuXn,5c84d847-c266-421f-9267-2af49c075648,False,34cbefbc28798720,1bd749deaf799034
07-05-2026 14:00:01,wD6ERk4map5TZ2hyhfIW,c2845e56-8fc4-4021-a96d-e1dbebc90642,False,153c202e3cfef4ba,c34c1310eab19c87
11-05-2026 14:14:56,pkYhC5vbeGr7XsdCwbUt,8c4c5b66-1913-4ddb-96d8-21802036d517,True,f879804e4456e5d4,131c7dd8f3ab4b35
21-05-2026 08:17:45,s9S7UNIrWG4xgfFafrRG,f183813a-8b4c-4090-be16-818a8b7728a1,False,389da1f3a7c1d8de,e7eb35b501d57e1f
02-05-2026 08:27:10,ltOiGgwdXsYt4Fpo5aPJ,eabf4216-ad7a-4d4d-bbc8-8e4e1c6a968a,True,8e7f2987241c2818,cb207a93391638cb
03-05-2026 18:54:17,mJvnY5x9iRW0eOUlZI8S,c409e217-a657-45e6-95d6-18ab2b3f2414,True,e9da39984fb29dc6,75778bdb64d1008e
23-05-2026 02:59:02,vRkvO8hwFRBdC4GaTR0N,89a9362f-c685-4a2d-8eb2-6bd1a06f35c1,False,4c885efe7bde3ff4,1b1cc9cee9f27003
06-05-2026 00:07:46,Q07IObAowmGvj58DPVkF,cab8c0c1-e489-49e0-b864-edb895243bc0,True,42d576864f9952c7,da211edc7bac01a0
23-05-2026 11:30:05,s8V9o1S4d0Wuoo89vP2S,34ae2380-779a-4d77-b3c6-a29962246147,False,17b4966e9be4d8d8,e84878f982129128
04-05-2026 11:43:33,PJtBL4fFTUV7iG0fUDR1,7a6c386d-1518-4918-a243-32e65dabc286,True,c51d4eb54f89fec8,ec75a53f04901eec
28-05-2026 09:19:05,O9Ou0ipX8UoDKGUWvyx2,28738c4d-a8a2-4f32-b58f-09d3b18cf61e,True,6588d11c4a11acb1,75778bdb64d1008e
27-05-2026 07:38:39,5DIRa8qkH3sLVpnMooNQ,67fa2552-00a0-46e5-bd48-64035908ac09,True,ec75a53f04901eec,574582321d04df00
22-05-2026 11:27:42,sNwKNul1iMpTR5SMwS7H,f8f00e52-bfa0-41e8-a1f4-b58489f036ce,False,daf96d2280390dec,e8c9832b5c388bb5
10-05-2026 02:38:15,Uadsxzvh32YLygXxQEPT,1cc40395-1479-428c-a174-03247b400d54,True,daf96d2280390dec,8e2e127651e9cbde
11-05-2026 17:06:35,OFlhC7uMyvsIVYdOQgmx,d23908dc-577a-46bf-8fc6-e273823a65d2,False,389da1f3a7c1d8de,153c202e3cfef4ba
29-05-2026 10:53:51,5chAlErQyi7zf0DrB5td,c2a13320-fdf7-4645-b830-d35692cf01c6,True,1d3db575c4a79d75,bb4bb9fbcfcc16d1
24-05-2026 11:50:30,6klLt0fzGJ5lgN8YhRdb,ddfe68c6-d54a-4ed9-8a4a-ec7f54bb04d4,True,ce246387dd078174,6214b1b462c04096
11-05-2026 16:24:22,bDRxaPQf6mXe646i8Y5o,9a6a5a82-af83-4e46-9064-efffbdf7ca42,False,d0825fdf3da3660c,72ba4e2f87adceb5
23-05-2026 06:14:26,jxPaGvHlf3zR69d6Fay2,510e7752-bbc4-471a-8875-428d0dc911e6,True,d0825fdf3da3660c,d5eb4d757b335d0e
08-05-2026 13:15:49,ZQXeM7IkgRmeKyBXdVQt,5b62536e-1e9b-495b-beb8-261967e252f2,False,d57d393b16ba030e,72ba4e2f87adceb5
12-05-2026 00:17:09,euns7WdLQIh7c09VLHAt,e982bdfa-9225-4164-8bbd-2b49a9ad3223,True,574582321d04df00,cbf338d836298cb7
07-05-2026 02:54:17,WTNONEjrGhBdo67lW3du,b3036a6a-f5eb-46b4-b380-7a84e9062215,True,7d176c63414fcd05,c9ab51cba10ae1e9
16-05-2026 04:22:29,3Iy0R7DuZINeSmBahVZt,320c08c5-17c7-482a-83c0-6b806c41c4e3,True,c6a2d85265d19a41,3993ad7e2565b6b0
05-05-2026 04:54:23,pJxx3FnvXqUGbknAGLjI,cb535573-c92f-4d2a-9726-657946bff717,True,f7af4712fd6b9108,c9ab51cba10ae1e9
29-05-2026 18:34:37,3tsZnCdniFKLf1NvKPgx,359b9c44-53af-45e5-a864-36d4bdd67ffe,True,d57d393b16ba030e,6588d11c4a11acb1
27-05-2026 13:45:40,OnCC1fwY5cvU8rKLFP8M,1a987f4a-e3c7-44ea-acfb-2bf93e7021a3,True,bb4bb9fbcfcc16d1,fb188f553674b4c4
28-05-2026 16:23:35,7k7A8tDamzkzR1TDoh9A,805f7983-a48f-4955-b5ce-e3e03e44f2f3,False,389da1f3a7c1d8de,ae7ec9246c4649bc
05-05-2026 06:00:04,ivJkkIdRkZA06qkANu2W,44afa507-a309-48d0-964f-022077193956,False,c51d4eb54f89fec8,cb207a93391638cb
06-05-2026 23:55:31,bnz9kHepGoakzkFyksk4,ec89775b-d7e2-4702-9305-1c5d595ea7cc,False,ae7ec9246c4649bc,2a339e8954684016
14-05-2026 13:06:26,mF928hi56XOtWtKj6ZSv,29fc54c5-69bf-4b31-825c-5cd92ec98427,True,0f98939ac68105bb,057c44d337463e07
01-05-2026 03:34:36,nJ0hMn62sp5nJWkuUnHz,28a4d23a-fbba-406b-b7dc-34dcf0f6786c,False,4c885efe7bde3ff4,cbf338d836298cb7
15-05-2026 05:22:52,3mbBAdjY8eLZ7NWCinuU,72e890ca-77a2-4bf1-9eb2-70a8b20bc8c6,True,8f8c45c33ff51d0e,3b1338c1207d1e2e
04-05-2026 22:42:33,7qKmdTwrP6T7ShDsMQBX,a3967911-d5bb-41d7-8fe8-7408589970b1,True,cb4c1290e91970dd,13db178cd9a1e37a
04-05-2026 18:58:54,GAljhgFIIC4LeoKggtEI,3a6f5bda-4e44-4e6f-b062-2edf92a14875,False,3cc68b8049eb8d4c,3bd002cf1fcfa789
04-05-2026 20:39:11,6LZB0VopJm6ZL9ocitaJ,aa81f7e4-0caf-407e-a421-34b488f2da4f,True,95744df47936b8c4,d5eb4d757b335d0e
18-05-2026 16:00:47,dwi4tgf7gkcDodSO6zqr,b99acaa0-f62a-4b78-a9b3-ff952db60ce3,True,3db4e6efff8b7518,d632e4ce536ec364
30-05-2026 20:42:58,r5ax0KMLDPHSVBU99Z0M,07eb3f01-1573-4df9-997f-73d75bd56034,True,eb39e98aca20e7d3,f7af4712fd6b9108
24-05-2026 14:06:59,ShwIoF8K9gkhoz9UID9m,96291626-0dad-44d9-b71b-c5c4a2e5ec2b,True,e9da39984fb29dc6,1bd749deaf799034
09-05-2026 23:22:27,YTDOhCzPnJZdt000iqr8,3e175d7e-ae85-4f60-a386-b6fcad8558ca,False,5a7b6516c51a4d4e,75778bdb64d1008e
21-05-2026 00:09:45,10hUxVkRRrjvixZLOVJH,5c77295f-00e7-4e3d-9374-16399d9d53ff,True,6214b1b462c04096,42ac1a2bf982f79c
17-05-2026 07:57:18,n5itbjLmgtt8982ehr3f,ee78aab0-3cbf-495a-a92b-7773110f69ab,True,2b95dd3cf28e7c18,a8c47673d6a4f85c
21-05-2026 11:52:11,3n2esXozTVvFyD5BU2FV,0469e6c9-51df-4027-b86e-d1a269c660f6,True,867d47425e9cccc7,1d6285f5502cf1f8
10-05-2026 15:42:12,IiuUXz1I4sl5rCWYKCtQ,a45ecbb7-d428-4a17-b750-34aa4f0fcb8f,False,5311a0642c2564ad,923d0315f3ae2bb3
15-05-2026 21:59:36,eYX7uKiNQdv3C9iA0nWC,e8dc96af-ba9b-46ed-9aac-418236f0e7e7,True,f7c6682ad24d37f8,389da1f3a7c1d8de
27-05-2026 20:21:46,NLleIQeuar9gwQEfJENu,e7230fca-ecd8-4e73-b5d2-29297bd9ac38,True,42ac1a2bf982f79c,1791998ac3161359
30-05-2026 22:01:30,oUBVd5a7ibFfFP00O04h,6f768b09-4439-4fc0-af24-ca62bd49a1b7,True,72ba4e2f87adceb5,9d789fd91804129f
22-05-2026 18:11:02,tjBxyXI49pFRD89p3QAs,9011f149-4bae-424c-862b-c5cb5302e323,True,5e1de20fecf98844,5e1de20fecf98844
06-05-2026 18:09:10,yzS8bxWyGfL1VHGiHUxQ,861a90a9-1b1a-4362-81a6-2f4d40f29ab7,True,91279a646f8ea6ac,f7af4712fd6b9108
25-05-2026 16:11:08,7b4QBlddZDDnQsV6KXnh,5a337ec0-11c9-4e2b-aef6-354c0a8b332d,True,72ba4e2f87adceb5,ec75a53f04901eec
24-05-2026 05:43:30,22ZQZEOwp7ikeXGA5llR,fdaf92d5-9ec0-402e-94da-ee932a22253d,True,2a339e8954684016,f7c6682ad24d37f8
06-05-2026 08:07:28,82tOVMVwJocabmQTuJIp,84608721-756e-449e-b156-45c9e2e0923a,True,514af2be7dc985d8,867d47425e9cccc7
11-05-2026 22:57:24,MK2ovAo7ETIRsgjgegNH,868a6a3a-8710-4b50-ac35-4ad83844d44e,True,552b8d6c350cb13c,72bd2672c948d2cb
23-05-2026 12:10:30,zF7jdcQYB67gjSWAGFaM,65959ff8-20ca-40c5-ad3f-4954e13510ab,True,234da97fe615c6b7,4c885efe7bde3ff4
23-05-2026 20:16:29,CptshPEilMSY81b1SpbT,76fed634-c662-4f5b-b5c1-3bb935ae4b36,True,17b4966e9be4d8d8,3cc68b8049eb8d4c
26-05-2026 05:42:43,1qnqO9rOo50cfUVFjMAV,5217dc26-b8cd-4fb3-920f-6e9dea68568b,False,c31244cee16e0c77,5afe6ceac06784f5
13-05-2026 23:41:34,pHcx35KuHEX4Zvvi3xhV,2fa51bd6-20a7-405d-85ad-a83c2f290565,True,e8c9832b5c388bb5,24d6a87b0598b02e
07-05-2026 00:59:29,3ZLktRuqRmkqbjUZkpWP,4db4d59b-c62c-406f-aaae-e7701a41e614,True,3993ad7e2565b6b0,57e17fffc619e182
10-05-2026 15:08:28,OLh5CIpY4hm7CPojdm8v,3b3e5564-430c-42c4-9d1e-ebb7e5f9e3fd,True,d4389e820d4f82fa,3811390588367f0e
26-05-2026 19:03:37,wYdhOk6K6N9SbIylahca,b1457460-3e94-4aa6-95f4-b806921d866b,False,06961ead71f8b1d8,867d47425e9cccc7
11-05-2026 21:06:02,SL1wiJibbeZkjDdhZTMM,ce258abf-73e3-4639-aa74-d0607ad2473c,True,93279918e60ec274,13db178cd9a1e37a
28-05-2026 03:34:42,BfLt0UyDefSEY9miO2eX,3f0c1998-0597-4ed4-b214-4d36f9d5669a,False,39a54d73a921b9f6,923d0315f3ae2bb3
08-05-2026 13:05:14,pcc03nLD5wqodFRHm2v0,72d8b3ef-a84b-4293-ae75-472b9a9b404c,True,c31244cee16e0c77,057c44d337463e07
03-05-2026 03:07:13,pW9oXePxSSl2hkC5lmyc,476e2d5f-7ec6-44be-972f-9cc7d230f52e,False,9cbee3c1d7168837,c34c1310eab19c87
08-05-2026 10:53:15,9EmVqsK8mCReBQLidjwA,f5258e84-bd21-4442-ad60-b4c4629b3c14,True,bbbe498ee44f6349,de2dde23040292bc
04-05-2026 07:44:37,3GS61GBmk0XBi2eJga1X,3cdc1a98-1be4-4fc8-bd19-a54051ff0be7,False,a8c47673d6a4f85c,18d281edb3671f44
04-05-2026 15:35:04,URDbsHTNtP5c71EcVbVB,b95535b1-a10e-4eae-a5c6-b4c6d97eaa11,True,6f36a3307488809f,487b076a69a53671
22-05-2026 13:19:15,L1IxlrheipvKjldFeIGV,8b904d8f-68d9-49aa-bc0b-a56f76b55145,True,d0825fdf3da3660c,cbf338d836298cb7
15-05-2026 18:33:54,DEuo70Gym8oca4ww4QBz,6da714db-bab5-4f88-9a2d-0ffd4627c630,True,c34c1310eab19c87,bc74204126e384ca
20-05-2026 16:47:39,PohLnX1MutK88pxYkd1Y,815387f0-c927-4f76-afe4-15eb3ef9d98a,True,8e7f2987241c2818,3bc1bf7fb69f3ba3
30-05-2026 07:00:53,fz4QKgpPz3OOfW9XWm44,cfda1850-9ddf-4001-8be6-9fa8d1da0198,True,17b4966e9be4d8d8,64a94f9052422a0c
14-05-2026 11:27:20,mvMEpFr26iTHsonf3ynP,ff9560ef-7bab-466e-b691-89fdec014434,False,8dc02e5c153f83a3,3cc68b8049eb8d4c
07-05-2026 17:13:02,qR7zes2sD79nWdGBBydK,79ee2f66-3a03-4347-a2fc-eb23cdb26293,False,3cc68b8049eb8d4c,c34c1310eab19c87
16-05-2026 13:23:28,IDSged1mWZx0woTiwdOX,3384fd6e-ebfc-4a65-8455-a633d806aea6,True,552b8d6c350cb13c,4c885efe7bde3ff4
10-05-2026 05:11:13,emYohNNF2gw1ev57W6uD,8c5935a5-93da-41d8-be8a-f434483b233c,True,7e8fb26408446272,3c58290022ed11b1
26-05-2026 20:57:37,2Dsp514P9xPhs32OVJKQ,2ebf91e4-4181-4bf7-a45a-a48e618c0575,True,7d176c63414fcd05,1d3db575c4a79d75
11-05-2026 11:11:35,UgeMfZOIoLErnNZrhnsA,231aeb9d-6979-42ea-973a-79cbe87eedbf,True,574582321d04df00,1b1cc9cee9f27003
24-05-2026 01:42:05,LjFrlEHw4rbW6SVEz8YV,1295eee6-305a-48f0-a819-d9559214196a,True,389da1f3a7c1d8de,9d789fd91804129f
22-05-2026 08:26:56,8Nio8aOplq7noQSsoJdj,700c26ba-4982-426a-b81d-1cd2c1eced9c,False,2f2bd7547d602b7a,a8c47673d6a4f85c
22-05-2026 04:01:58,4Vthw0P0NCcuZhtgEdjf,3d1b1694-26e0-4121-bc3d-b66a936fe354,True,556be8558ce56421,f879804e4456e5d4
26-05-2026 08:14:01,Ouiy2D2RPO09q75mcQMC,d16ebb00-8e97-4fb0-a49c-59156516e2a9,True,552b8d6c350cb13c,c31244cee16e0c77
11-05-2026 13:41:32,FYMIf4APzjOOpvTzI5Ex,0e4219bd-b23a-4495-9a67-8c0ff0eed97f,True,d57d393b16ba030e,82a83fc853728306
10-05-2026 18:29:42,7dO4LB1NadlVJTt8uGu1,9302e174-dd75-4bbb-a85f-4c4a01f2dcff,True,34cbefbc28798720,430f674c6dfe941a
21-05-2026 21:24:28,LToBDnfbhqZsy5DYeIJH,eedf7fe2-ae42-4245-ac0f-f55a2b367fb7,False,131c7dd8f3ab4b35,c85cdb0ef48d09c8
17-05-2026 06:28:35,RHDj6GGpLFTTWI64SRtD,6602659f-158d-4563-b0d4-1d12eeda18e2,False,a2fd30e5fa49ad53,2f2bd7547d602b7a
12-05-2026 21:42:49,7ctXFRY8LtkqnyZcdyzR,826add2b-3b78-47a6-a2ad-886ceb58fb48,False,2f2bd7547d602b7a,5a7b6516c51a4d4e
16-05-2026 02:24:27,ulpCUGSZ4fvZwGpjQiSe,85140d8b-0d6f-4b9d-bdf1-016a6788e921,True,57e17fffc619e182,5a7b6516c51a4d4e
19-05-2026 19:48:12,muDBgBjhRe5unRY5n4Du,db473f44-8277-4755-b7c8-4934df53d5a1,False,1b38ab967d98cc4e,e8c9832b5c388bb5
19-05-2026 02:18:56,Gf59hh8cGE5s2pKN4UpL,206cc190-3eb1-40d7-a4d6-f21a903cc065,True,8e2e127651e9cbde,82a83fc853728306
29-05-2026 16:14:23,gnvXnQOKKUZHr6tktqIt,eebe874b-a16f-4ea7-9d71-1ec8b287af3a,True,1b38ab967d98cc4e,2a339e8954684016
08-05-2026 20:10:52,K16DDniRy6UXs7bKdRUm,a36c5d0b-6ea0-4414-bcfb-00ab4c7cc7d1,True,e7eb35b501d57e1f,389da1f3a7c1d8de
26-05-2026 22:00:21,l7xKtUTTpfwgtJ68piwb,6b7c8bb3-a17b-4807-a0ae-61d83b6feb35,True,95744df47936b8c4,72bd2672c948d2cb
08-05-2026 13:49:20,Af7zPo3DADt0SVpbwj0Q,a1d3b560-449a-4442-adb5-7cf2fa484e28,True,3bc1bf7fb69f3ba3,8f8c45c33ff51d0e
05-05-2026 09:42:41,aakKweBwpz1a77CN1zqb,7cfdc0c7-676a-479c-838c-f2525a1dd73e,True,8dc02e5c153f83a3,bbbe498ee44f6349
26-05-2026 06:45:29,Zfwxh0c3PfWHNy4TVLhu,0eadd9cc-b3d5-4aad-9d15-ac692c1cd76c,False,95744df47936b8c4,39a54d73a921b9f6
12-05-2026 20:34:49,9c6ziN7vqqkwRRZjg0Vs,dcc98aa2-2a62-4791-96cc-4426f04f1665,True,102edb38b5ec347f,95744df47936b8c4
26-05-2026 02:52:34,qhQuhW8IbHqXAHvhsxIY,3a429471-ff77-4b09-acb6-e72068d15cb8,False,91d55d217a2af234,18d281edb3671f44
14-05-2026 13:22:23,WYxiCkKRe8KW4MWK0eDU,24f60b3b-cd6b-462c-ba6b-79e8f3dbca91,False,ec75a53f04901eec,8e7f2987241c2818
29-05-2026 10:34:13,DwV1NwcHflnEkXHTiwAh,493af573-f27f-4b0d-9e18-0fc710eca056,False,ec75a53f04901eec,a2fd30e5fa49ad53
04-05-2026 07:04:16,FDG8EreFIZmJIcImGCac,c7bf2ced-d9e5-45f6-8215-a21b0471ae8d,True,91d55d217a2af234,102edb38b5ec347f
14-05-2026 16:24:44,tGZ0RQXM8g6tqHmeG55b,bbaaa771-2726-4806-a5f1-911b1a7a63cf,True,867d47425e9cccc7,f7c6682ad24d37f8
10-05-2026 17:25:55,L3nkxS8cfvc9KD8JISBD,074987e3-9f2b-483b-9d09-9cfc7d4f2bd0,True,1b1cc9cee9f27003,75778bdb64d1008e
14-05-2026 01:21:31,rlMIwOQVRQSDlYRM3WWA,e6a51bb9-526e-49f0-9a57-ec371a20ebff,True,c0014ea2ee2fdaea,3b1338c1207d1e2e
07-05-2026 16:56:26,h7kvKKfCMtsTrIvrnKWP,55c2e6b0-2c5e-4250-85b2-a42782d20eb3,True,e84878f982129128,53c682ded6545e06
17-05-2026 03:50:54,8Ibjv1Hju4GNRbw678If,ba2dbb49-5e04-4ec0-b914-54327d223c89,True,7e8fb26408446272,6214b1b462c04096
13-05-2026 12:14:57,OznkG2r38uoL5PkWXkR8,f21e221a-0851-47cb-8a76-d5cc6dfd979d,True,b572bc65fae8bec1,1b1cc9cee9f27003
04-05-2026 08:41:35,c5TyZeJkQ7e2H36iMbnE,db10dd60-cecc-4b2c-8981-68f258f5ad30,False,867d47425e9cccc7,f879804e4456e5d4
03-05-2026 12:43:59,vp6d0xOwrh5fHAnWjGkW,3e5ca504-ffc6-495a-b33f-1e5f442234a1,True,0f98939ac68105bb,8dc02e5c153f83a3
28-05-2026 18:38:01,l4qTkq7KtwIPZH7WlVKO,71dff3c1-f600-403f-883d-2c934abf3cac,True,8e2e127651e9cbde,3b1338c1207d1e2e
14-05-2026 03:36:25,mBAeIccfFVaf7F4Wbnse,869324a9-6652-4af5-b561-a98d2da4f8e8,True,fb188f553674b4c4,13db178cd9a1e37a
22-05-2026 22:36:48,OLCvLasLMeLoZGRInSw6,e2c570c1-e288-4763-9361-419e79c29fd2,False,1d6285f5502cf1f8,53c682ded6545e06
18-05-2026 17:44:01,sD4I7WQNJhLP1d5WQGvY,bd645934-525a-44b4-b5c1-ce4daa732f20,True,b8e78b83a62a0cb7,39a54d73a921b9f6
20-05-2026 06:16:17,oNX9Dn8aR0gV9uUUvH49,5eebd555-26a4-4f1a-a63e-d0ef0a7ff99d,True,9d16533a62ab9315,3811390588367f0e
01-05-2026 00:13:57,hPBTcS40slVV9pgPfnoi,5acd7e6f-d552-40d2-974b-e8fdb1460a50,True,72ba4e2f87adceb5,6f36a3307488809f
10-05-2026 10:20:49,V1O0CQadRSsuw3CUwKV4,0d9c4174-6c5b-4728-aa8a-2017d1d14ccc,True,1b38ab967d98cc4e,ae7ec9246c4649bc
15-05-2026 17:02:34,48DjdtIPrHd2VA0ZXKy2,c64b4825-a3d1-4616-a22b-8899bafc1f0e,True,7f281c8dbac1f799,2a339e8954684016
02-05-2026 08:37:06,CPBsBRjejXaBY7xab1sG,efbd3558-3106-4230-969a-fb4e2c85c6a6,False,3811390588367f0e,6f36a3307488809f
11-05-2026 06:05:21,LrSA09rxLuA7I92irIEo,e6747d9e-73d2-43cd-bdad-c74ca1622492,True,5afe6ceac06784f5,552b8d6c350cb13c
06-05-2026 23:23:17,gV8vpJKXlEUIL4SwQl3f,5fcb1b1a-d0ff-4b6d-9eb7-13f4659e0e3a,True,330949523d665e3b,234da97fe615c6b7
13-05-2026 21:25:32,23ko1QKYLF0sqlhKnUes,5e415d8a-2a62-48ba-bbf2-a5a7c44f046c,True,3993ad7e2565b6b0,06961ead71f8b1d8
03-05-2026 14:47:15,JiNN2bHPMFaNMhdn69NH,8ebbff9d-8b92-46c9-8f6b-845ddad1121e,True,b8e78b83a62a0cb7,d0825fdf3da3660c
29-05-2026 02:46:48,qHdkTUA1q1YGS40elotN,5c9135d3-0855-4113-88d1-72424dbfa038,False,04964f8452901231,d0825fdf3da3660c
18-05-2026 20:27:16,M2C7FVwQvQ8Ogselm8pL,a65e8044-9b67-49c4-9104-661b9cd78490,False,bb80f878cef35322,7e8fb26408446272
27-05-2026 16:48:06,ZbfXsyPOUJ3yyRRM5g0d,4aa10757-7cd4-443b-b9af-5803f642a602,True,da211edc7bac01a0,72ba4e2f87adceb5
12-05-2026 22:33:11,ax4eLP61sXDTzuGztscK,a4bc2d98-6581-4209-871d-2d2cf7830d81,True,153c202e3cfef4ba,6214b1b462c04096
07-05-2026 10:19:58,748JhcEqeYGNwcl0B8Vn,8e9b62a3-9cf8-4a72-8c19-cbd54161416c,False,6214b1b462c04096,131c7dd8f3ab4b35
29-05-2026 10:46:18,QJS4tEc4n7CJuWLFiUPa,2a681502-a836-4d0d-a53e-716733774b72,False,91d55d217a2af234,da211edc7bac01a0
17-05-2026 23:38:15,vvrkROEvwmjaQlHFadWT,826b5dc2-b1e6-414d-be15-7de222697346,True,57e7d972b508815d,82a83fc853728306
03-05-2026 09:42:25,UWUN952Fu1P3xoZpnUMK,0add3c33-8f5a-4167-9d4a-69348d8546c5,True,b8e78b83a62a0cb7,daf96d2280390dec
30-05-2026 19:41:59,lnTaDjNiiYyiAu1NjoY8,1741ed77-5a0b-44e1-b100-1190e1086a17,False,0e52f2934d8ce165,f879804e4456e5d4
27-05-2026 00:43:14,LpmY6fKpxoIJnO6AtU9k,e2b23cf0-6d00-46c3-8fde-97ec876c9342,True,0f98939ac68105bb,06961ead71f8b1d8
13-05-2026 03:01:01,0Zr0nbPcWYVKsfQ9b4yW,b6d4d1ef-17f1-4667-8c93-e27becb3d0ad,True,a2fd30e5fa49ad53,3bd002cf1fcfa789
14-05-2026 05:59:45,BSfBX8SrZzBICvUHRtio,bb3fc9d5-359e-4521-92d7-d848a9b76597,True,cbf338d836298cb7,1bd749deaf799034
11-05-2026 10:07:02,BN4yh4XmCjlCWb2qxjGi,422be66f-36c7-448a-a1cf-1843cc5ad028,True,7d176c63414fcd05,f7af4712fd6b9108
08-05-2026 12:04:12,OOXENVKdK5TNMc1SEXYT,9c060e2b-26a0-4c7b-8fc4-c483fe94f7a8,False,53c682ded6545e06,55b620d8c0ab41e0
06-05-2026 10:17:37,ENqWlbzqLc90rIBZ2b5a,3984973e-1c24-4025-b858-eb90794af53c,True,867d47425e9cccc7,2a339e8954684016
01-05-2026 15:52:23,fBFSqBhMTXGmxGHiFKdk,88ceb3bb-26e7-4902-aa23-32e0e4856fa7,True,f879804e4456e5d4,102edb38b5ec347f
26-05-2026 05:06:22,RG1jvQkZqKSOEYnlgMny,3ae46520-d18e-4fb8-b2fb-e8960c13e83d,True,5afe6ceac06784f5,556be8558ce56421
23-05-2026 04:18:20,Cs9OzOLHomYeZGmsne9Y,d64cac63-ba97-4e48-a3c0-6f8d1552a32d,True,3b1338c1207d1e2e,91d55d217a2af234
08-05-2026 15:37:45,YjRAznqeVFlhQJKZaO5S,f814df0b-0cd1-4db3-8d7d-4b7ff5e05bdf,False,8dc02e5c153f83a3,1d3db575c4a79d75
22-05-2026 00:42:57,daTl1JnmYw8SUIgjXoVm,8b4a7125-a8de-47d5-aa82-5371d34cf75a,True,bc74204126e384ca,06961ead71f8b1d8
10-05-2026 00:45:58,8GUU67jltZz4abmSmXPu,2aff425f-2926-49c9-a963-6a2a651a7e6c,True,c7f34dc43387f858,6f36a3307488809f
06-05-2026 18:44:32,ZKnxP247qsRH0rHQBVSt,060a194f-4384-42ef-9b2a-dd65d7d6625b,False,923d0315f3ae2bb3,1b1cc9cee9f27003
12-05-2026 06:55:43,Qvywm4Ekh9ey5o4meiKX,c9caf8c5-e8c8-45e6-86d2-dd7b416ffb6e,True,e84878f982129128,131c7dd8f3ab4b35
26-05-2026 05:27:18,FaUAbYLGyrTyxk0JiIQa,e736da14-90d6-411c-a619-9c8c0b427889,False,daf96d2280390dec,0f98939ac68105bb
12-05-2026 00:07:25,gsY7P550IkLm5L6Cp57W,be67b9b4-4e06-4332-8b2c-0c65d2863039,True,64a94f9052422a0c,d632e4ce536ec364
20-05-2026 15:20:34,GUa0eoQkQWQCMNBh1mB7,4641d7db-c135-40ae-b160-2fcebaaf80e4,True,b30b0b43692b035b,0e52f2934d8ce165
09-05-2026 14:00:19,TAqfoyo1W4PGqQ76IDar,ddb6c7a6-963f-4b42-aae1-1b8bacc1aca2,False,6f36a3307488809f,cb207a93391638cb
30-05-2026 05:52:45,1e6qtC5Nwapm60wzrR9p,1d7b2f56-e060-417b-bbc0-48096325ed13,False,c9ab51cba10ae1e9,daf96d2280390dec
14-05-2026 06:20:33,gsn2QkTrMtTQkUU0Yrng,bfe46530-b4ec-4143-b282-7b81ec1f90fb,True,d57d393b16ba030e,d5eb4d757b335d0e
22-05-2026 08:03:04,f8EHTyvv8aL8Sc3MtK6t,ca942f2a-d6b4-4ac7-86d2-19c0323cfe4d,False,cb4c1290e91970dd,fb188f553674b4c4
01-05-2026 12:13:40,hdZGKIzPkIp3ZpCnLO3X,851933f6-9cd9-456a-8e76-5dd740cd3b5d,True,3993ad7e2565b6b0,de2dde23040292bc
16-05-2026 20:34:21,vopq6ECu3CWuorGACgkJ,4e13636c-597e-4332-addc-7ea8ae8c6a40,False,ae7ec9246c4649bc,923d0315f3ae2bb3
16-05-2026 14:53:38,G63Td3nHQZ3vDkgbjTG6,4a65ef1b-2755-4948-adfe-7692bcc678a9,True,234da97fe615c6b7,91279a646f8ea6ac
22-05-2026 14:49:31,sEjmBPixQZxEPv7Udgw3,e8d0da10-9dc8-40cf-8d63-4e8569449d9f,False,3c58290022ed11b1,5e1de20fecf98844
28-05-2026 03:18:13,MxPkjWUbyugM2kdoCXZg,c4d3c6b7-85c9-4082-b2fc-993cc52698d4,True,e84878f982129128,2f2bd7547d602b7a
26-05-2026 00:56:11,62D828lC0BhbyBCn8mtq,b1e4d88d-9b9a-44fe-affd-7deeb34b1c4e,True,b572bc65fae8bec1,330949523d665e3b
19-05-2026 10:40:13,bfwVB16MfpJ2cVbkixnt,daec3435-7a0f-4cc7-951b-f8cea0329ebb,True,131c7dd8f3ab4b35,430f674c6dfe941a
18-05-2026 10:51:27,VJZg3XPGwHUrY1CWQcsF,ffc40dc5-7b6a-422d-8a2c-27826fea8b22,True,430f674c6dfe941a,c6a2d85265d19a41
26-05-2026 14:12:38,Y2mf7ctGaQAYApNf10eT,8190790b-42ee-48b9-9796-c37a0f4ce10a,True,3811390588367f0e,2618243a251bd83f
29-05-2026 03:46:37,JHlil9KCDRZagYIWQdgH,0b89a54c-ba30-44ac-b3dd-495b9123de04,False,7d176c63414fcd05,5e1de20fecf98844
14-05-2026 11:40:42,KLz7c7T0NxsZAh3wqJ6a,83a77375-c1fc-4888-9d9c-937f63398421,True,057c44d337463e07,2618243a251bd83f
16-05-2026 18:56:32,DsifKpfK1nL4M0tDtQ8H,cbdd08ed-324e-4a6c-bce8-32c73155b64c,True,c837debb39dd1e68,19a558ecc36977ce
21-05-2026 01:15:35,Ia8DteeokKAxRfzXj3bI,991e4c33-67c9-4534-9db7-6dafb68cec9f,False,e8c9832b5c388bb5,f7c6682ad24d37f8
18-05-2026 03:01:46,04Kr7EL3nDs1CR0u4C4C,c0469456-ea55-4394-b893-3259c5ab5c15,True,2f2bd7547d602b7a,c9ab51cba10ae1e9
03-05-2026 18:47:12,PWpXmlxmnEIFdJeVixXt,bbc8e751-4a66-4260-93b6-84ecfab8977c,True,f7af4712fd6b9108,487b076a69a53671
03-05-2026 09:01:50,dgXGHhzK8I4XzZ9Z0yTH,49734e57-a431-418d-af6b-b29a7e199ace,True,55b620d8c0ab41e0,da211edc7bac01a0
19-05-2026 19:30:28,YkTgF5CIjW5somx3c0ls,5400d59e-6024-40cb-83fd-ddc3c5605471,True,57e7d972b508815d,8e2e127651e9cbde
13-05-2026 21:20:33,Y1wxzeicAGUT3weIx04A,ffe7edd2-9746-4bef-bcdd-28b54152cf29,False,9d789fd91804129f,34cbefbc28798720
26-05-2026 06:56:09,E0Q3RzjnMTc7ZMcwGZis,cfb50e2f-e354-4843-9078-32ac5765bd81,True,72bd2672c948d2cb,430f674c6dfe941a
16-05-2026 07:34:39,FVoGlxZ8KcOAK27jfcMO,b6eb2c0d-33c3-4fa1-85ff-523c13afe39a,True,9cbee3c1d7168837,ae7ec9246c4649bc
28-05-2026 01:35:51,b4zIxLJ57tRLjtbXWfqZ,7030818d-0845-4193-a325-b0cca05e4894,True,72ba4e2f87adceb5,95744df47936b8c4
29-05-2026 20:15:05,5PV2UvCAYIUDRrCmSUQB,e052dd7c-9a40-4e9a-996f-03624e59aaa1,False,d0825fdf3da3660c,91d55d217a2af234
05-05-2026 08:19:13,jUBiaJGvKmGpj1LzcVe0,084dae42-5018-40ee-9c42-ca3fdd43f4e8,True,55b620d8c0ab41e0,82a83fc853728306
05-05-2026 19:17:28,VJzlwAZrsTM2Tc9AtWA3,540790dd-f717-45fb-a452-817f45c1c97a,True,f7c6682ad24d37f8,3bc1bf7fb69f3ba3
15-05-2026 15:29:10,ESCOFownAMetKBYCEKGK,ba9a1f25-f3f5-4947-b8da-50cdbe7e0dc4,True,cb207a93391638cb,cbf338d836298cb7
09-05-2026 14:02:37,WGlc6yz9Ai8mAiZNRIfQ,7eaab8e4-c53a-4319-bfcf-53fe9cbf1fef,False,1d6285f5502cf1f8,2f2bd7547d602b7a
17-05-2026 17:18:47,PGng0SCkibZ9nx1aa6HD,bd6c1706-544a-48c0-8cbe-4c72177d1505,True,13db178cd9a1e37a,1b1cc9cee9f27003
19-05-2026 05:22:03,1hLiC9N5whlNgaiHemfs,f193cd03-8fe9-4d34-aa37-8ac276a3b729,False,bbbe498ee44f6349,e8c9832b5c388bb5
29-05-2026 02:58:26,RHVtCJogfrj5TSZ3vdv7,e0c79532-8279-4894-add7-0fd3019c26cb,True,a8c47673d6a4f85c,5311a0642c2564ad
09-05-2026 04:54:50,ngQq5gkDI4ZQG8vxtTtu,7f1aaec0-cd7e-4a23-9ff8-9f05160d5d34,True,923d0315f3ae2bb3,0f98939ac68105bb
11-05-2026 13:54:26,ploE1DJ5Dq76yTYIsQjw,bfa75c11-5980-4254-b56f-030612370dee,True,c31244cee16e0c77,f879804e4456e5d4
12-05-2026 04:35:00,gWTZdj8DXSPee99zLyI8,faa2e2f6-0349-4547-9662-23b8e4a256b9,False,0f98939ac68105bb,3bd002cf1fcfa789
19-05-2026 02:54:49,gHLGJf6rjDXXZjEev9N3,60e9b72e-a183-478c-a8c7-e272a774e3e5,True,234da97fe615c6b7,1d6285f5502cf1f8
09-05-2026 23:40:16,NJR34aiLQizA4tY3GhWi,93f83d9d-9603-4170-8541-f7e791e87595,True,ce246387dd078174,bb80f878cef35322
22-05-2026 02:54:58,THmTKGlFG6q24ewH0xwx,fc2e9ebc-178f-4b1f-bc7c-ccea54afe643,True,bbbe498ee44f6349,552b8d6c350cb13c
15-05-2026 17:11:30,hs938oAUBXIwaT0bTAKV,52da34be-1896-4707-a900-b8e1af94c1e0,True,57e17fffc619e182,bb80f878cef35322
02-05-2026 07:19:42,pWdf5uhQywm0wMHIQvYW,1cc373d8-78d3-450b-a630-cc8d49e94c68,True,24d6a87b0598b02e,c6a2d85265d19a41
16-05-2026 11:08:47,nc2pE5cieOfP28s9cRkH,a87820de-ad22-4a83-982d-49d2ea4573e5,False,057c44d337463e07,cb4c1290e91970dd
28-05-2026 07:11:25,ZAeBcQg3Zo3YPGtvMWLA,1152985a-098d-488d-9751-03c955144aa8,True,c6a2d85265d19a41,131c7dd8f3ab4b35
05-05-2026 10:41:20,asJ0TTh3frtENt9u3i5f,306da2a6-f532-4f00-8243-0dbaf16a2c52,True,430f674c6dfe941a,556be8558ce56421
28-05-2026 12:37:48,cR6LTxupDreTk66NTvHu,20f6973c-8cbc-4675-a084-67e6d01b0374,True,f7af4712fd6b9108,39a54d73a921b9f6
29-05-2026 03:53:54,tVO5e2SV6jRzTly6MYbb,d1ccc62b-f9e9-401a-8e25-75ee28d8e14e,True,f879804e4456e5d4,f7c6682ad24d37f8
30-05-2026 20:27:46,ixrbPpyBojKonzppG8jx,e84f489b-631c-45b9-9d58-8dda03b39c31,False,7f281c8dbac1f799,d5eb4d757b335d0e
30-05-2026 19:55:08,1fv39PIsA7RrA1WWRf07,5d3cacb5-ed2e-41b4-bd2e-48790c01775e,True,330949523d665e3b,cb4c1290e91970dd
17-05-2026 19:27:11,ipcY9y0WUp4Z8C9UmAtM,4e407e79-26f7-414a-8e81-6e05d3ed5e0c,False,d57d393b16ba030e,057c44d337463e07
21-05-2026 00:27:55,kNVQVCoWhdGvbmDm3PHj,082f6c12-4c01-4c55-8b0b-0218a3a686cc,True,c85cdb0ef48d09c8,bbbe498ee44f6349
18-05-2026 20:58:10,8KETYhbLU6lGPEqJTaHh,945ec25c-d496-44ee-9544-16be6de5dc3f,True,e7eb35b501d57e1f,5311a0642c2564ad
25-05-2026 17:06:56,uCBIgsNMZ4fy8bpSo7sR,9a1d5a56-ea14-4b6f-8746-475fea4c57f0,True,cbf338d836298cb7,389da1f3a7c1d8de
21-05-2026 10:28:41,bctrbJKaS21g6rmtV7DV,83e7d620-6633-43e3-8d6a-cc819b59df86,True,d4389e820d4f82fa,131c7dd8f3ab4b35
07-05-2026 15:41:50,AFmNkLOERhwxGmuU9OdF,e7948311-8c78-40ba-9183-824f6eed4aac,True,556be8558ce56421,42ac1a2bf982f79c
30-05-2026 06:33:33,pCsUjVWAhBxc8Mhdy3k8,5a71ac24-9271-4a04-8d41-523b876e36ba,False,bb4bb9fbcfcc16d1,06bf6a628379e030
01-05-2026 04:44:44,NC7IRpRHsIkJ6Si9PXPE,827cd50b-2870-486f-b1f2-1c7401ee2bb9,True,eb39e98aca20e7d3,5e1de20fecf98844
14-05-2026 01:41:20,H3Da0TWOwnQbYYSkzz3o,13015f07-b6cd-4919-ae54-4563ccafa5e3,False,8e7f2987241c2818,556be8558ce56421
12-05-2026 20:38:24,hJe2I9LT4ReasxgnZ6jn,499cda7d-9cee-450a-9fcf-5b56ee164fd1,False,153c202e3cfef4ba,ec75a53f04901eec
05-05-2026 17:48:17,R0QtTV9C45dKh6H4dRY0,f5a8e656-94d4-4da4-81bf-8b0476b9bc8d,True,131c7dd8f3ab4b35,19a558ecc36977ce
15-05-2026 05:53:53,GZn7vHlb6cXmtcQtdWZX,c163a23c-df66-4034-b6a7-e0804fbb5809,True,ec75a53f04901eec,7e8fb26408446272
29-05-2026 08:50:10,QAOGUVna8QpsgVvvvHdE,45a40d87-b73e-4bde-8e1c-e001bd2f3f4c,False,923d0315f3ae2bb3,53c682ded6545e06
15-05-2026 13:46:28,JwYTZkEB2l2FRT6oabtH,7f2728e5-9f4c-4b1a-a19e-26915e7342e2,True,6588d11c4a11acb1,552b8d6c350cb13c
11-05-2026 00:38:39,OZOcyZ1CXejlL1o20RUf,f669cf75-9083-48cb-b5da-4d662bf85b1a,True,552b8d6c350cb13c,057c44d337463e07
23-05-2026 00:14:13,PtvRCkpNtkhslupWG2Kv,291330bb-6782-4725-80b4-10d1d7992ec0,True,3c58290022ed11b1,bbbe498ee44f6349
21-05-2026 08:01:01,xj5E4ySYTo4HQDi6rUk6,ab750c97-1361-4e8e-821f-42a93db2f644,True,fb188f553674b4c4,d57d393b16ba030e
18-05-2026 09:12:56,3DLFtpGtxj2xCaEgOkSW,ac3a2baf-3f5a-4222-ba05-7e63585da99a,True,1bd749deaf799034,72bd2672c948d2cb
26-05-2026 16:09:59,hU7GgqhwT8Nmn3R6Y3Lf,38d3ecc2-9723-495e-8091-58f2f44143db,True,0e52f2934d8ce165,2a339e8954684016
12-05-2026 14:42:38,pBXwgdSgqsZSOjIvtcgw,b4d35d83-bf11-47c3-8347-fb86ebd030a4,False,06bf6a628379e030,153c202e3cfef4ba
08-05-2026 22:32:08,hy55FtphKxz5iYaCa5XO,3a346c74-23f3-4fc1-8cfe-25b6f5587dd0,False,d0825fdf3da3660c,d57d393b16ba030e
26-05-2026 09:13:29,HhgvCmxGGwJC0fiUVDXW,5ec4e79f-4d76-49e9-9c7b-3175a092234f,True,1bd749deaf799034,5a7b6516c51a4d4e
08-05-2026 12:35:15,12K0AQCqKu3Dl6MLSnqY,88c3d6c0-7dd4-44ef-b526-c43d53365023,True,5afe6ceac06784f5,1bd749deaf799034
17-05-2026 17:18:52,c72z0k58ZrnQ7irByyE9,73f1718f-9751-4fec-98f0-1be14da938da,False,8e7f2987241c2818,ec75a53f04901eec
16-05-2026 15:24:43,FdtzWSIKIeK0wFZbf1bp,7fedc3bf-851d-495f-889b-30e5337d7ca2,True,d5eb4d757b335d0e,e84878f982129128
23-05-2026 21:14:31,lllDdFq6lEFg7KlFKNuz,613a8886-fa83-4918-bd4d-8322d086f309,True,556be8558ce56421,3811390588367f0e
11-05-2026 07:50:13,7hiPATMu32mAOQNQj4oS,7241d298-675b-4a93-9a62-11683841ce3f,True,42d576864f9952c7,7d176c63414fcd05
26-05-2026 16:46:54,TAja2oNMAYPBEipyZUSw,38bb7b92-3f70-4b99-ae76-094a57ec9225,True,e9da39984fb29dc6,9cbee3c1d7168837
14-05-2026 13:49:42,xyxd3C5vDRM8IZXfMZaP,d59a4727-8954-4f98-b1b7-665ceb99032a,True,13db178cd9a1e37a,5e1de20fecf98844
05-05-2026 21:04:46,KjEgIitmZ4GHtFZHDUuS,4f46bcec-46d5-46b1-9228-38fb68c9dd66,False,57e7d972b508815d,1bd749deaf799034
28-05-2026 15:37:53,IW8AVyzq8FchAc3i3xqI,259205f5-d7bc-43be-96d7-46338b19c2e5,True,bb4bb9fbcfcc16d1,91d55d217a2af234
20-05-2026 08:17:12,INSaaulrCOx4XTCNRLdT,83b0d8f7-8803-4c2a-9d1d-e1dedcac910b,True,5e1de20fecf98844,b30b0b43692b035b
15-05-2026 10:04:47,pMnSTKqxZdFNPwcbFx58,c398b707-4e07-4786-a1e9-5a265587ca30,True,3b1338c1207d1e2e,3811390588367f0e
01-05-2026 11:39:11,BdJCYSc8wV6XLkZntX9Z,cadb74d4-2725-4d4c-b1ec-350433ba0a1f,True,18d281edb3671f44,1bd749deaf799034
22-05-2026 21:35:12,95ZZ7zKhww96SkSVAmls,4c4be411-115a-429e-be6e-93869f4d3510,True,b8e78b83a62a0cb7,867d47425e9cccc7
29-05-2026 13:09:32,zX0I7Ywjvs78fW4dGcMu,359f45e6-3ce7-48a7-905d-ca75bebf7613,False,b572bc65fae8bec1,234da97fe615c6b7
19-05-2026 20:02:57,M8rm6hRelV7SIByvlzwI,25f0c2a9-5548-493b-8c4b-9c6cc00f2dc4,True,131c7dd8f3ab4b35,0e52f2934d8ce165
22-05-2026 04:22:37,j0Y7eLCPYlhabHMrc6FK,d553b88b-84c0-432d-9829-bf5cfea5b8d6,True,42d576864f9952c7,3bd002cf1fcfa789
08-05-2026 06:41:54,bWSYs4UbnQMaWSf2QX7r,e373c38e-c093-4e12-9a23-c3394b5c844a,False,18d281edb3671f44,4c885efe7bde3ff4
12-05-2026 21:38:11,q0xFhp9z7G0zLyPxo9t8,ebb99125-d0c1-4038-827f-163b31c8c671,True,bbbe498ee44f6349,c31244cee16e0c77
12-05-2026 14:25:46,eF9AinmXuq2ZHhjd0cet,23bef17a-6521-4129-ad67-56749cb21023,True,6214b1b462c04096,a2fd30e5fa49ad53
05-05-2026 20:25:31,OCo96K5LdyJeWMiqQDa4,64cf395c-8402-4a9f-86da-cdaf89de0cea,False,7d176c63414fcd05,1791998ac3161359
07-05-2026 07:50:39,ZXRTT4mQMMb0774LGb05,4a6068cb-82d1-4640-8ccc-80b6eb13bcb6,True,5a7b6516c51a4d4e,487b076a69a53671
02-05-2026 14:43:48,IPPrKBfn3duClulCpNLa,297b41c3-fbfb-4682-b1ff-3eddd33485fe,True,57e17fffc619e182,1d6285f5502cf1f8
18-05-2026 20:05:12,21Vy8X2sm9w7vFsdXTwZ,15f4760b-8174-4571-834a-6cfbee0f091a,False,9cbee3c1d7168837,e1bd0a847e7079be
30-05-2026 02:56:50,6xEQYxpHjvK9iDpsFvVU,1beace01-5736-4300-8b00-5377f27e061c,True,06bf6a628379e030,57e7d972b508815d
19-05-2026 14:14:51,WTeqf68rLhPSMw5YSKtt,c9b185d4-34ce-4595-9492-1f251bfabb7e,True,72bd2672c948d2cb,8e2e127651e9cbde
26-05-2026 12:57:40,oBYH7JpozzqRHrLsEzGG,c20adad1-8d93-4882-a247-b051a26330ca,True,1b1cc9cee9f27003,131c7dd8f3ab4b35
11-05-2026 17:01:02,IRgeMSNVExkwhLYfk13k,a40fc738-3332-44d6-bc7f-ed12768eab8d,True,e7eb35b501d57e1f,c837debb39dd1e68
17-05-2026 18:14:31,NfwhWRszit9KLZXPEtMO,cdc24792-7676-4c7c-a022-440e42728de9,True,3cc68b8049eb8d4c,c837debb39dd1e68
01-05-2026 11:49:49,GNwpB1qZmzFgg5KTosh2,61ac7bf9-c4a3-49fe-ae79-ce020c1ef40d,True,e9da39984fb29dc6,6588d11c4a11acb1
20-05-2026 15:44:12,SnGL9SN70zru4Eux5ume,c59ffc6c-7375-4e8f-8297-a6f07fe487e6,False,923d0315f3ae2bb3,7182af742e04dc6d
29-05-2026 20:42:00,i8p6EVpl6TM4hUdAqgSB,1a063845-1e16-4022-803c-33a834569e5d,True,c85cdb0ef48d09c8,102edb38b5ec347f
21-05-2026 14:00:38,Lurjqgw0sN6YT5wDG0Ws,0f5d0ece-b6a1-45aa-a9db-fc1998c7bb15,True,556be8558ce56421,72ba4e2f87adceb5
07-05-2026 14:54:10,CIEAqIuFqIWu67zE8Vms,b8c6adca-13ce-4c61-951e-262c9afdd55d,False,42ac1a2bf982f79c,42ac1a2bf982f79c
25-05-2026 10:13:33,QtzJbYUva1VJsMDWqii1,4a41acbd-b3db-4ba2-a161-fad7346d2281,True,2618243a251bd83f,3c58290022ed11b1
11-05-2026 02:56:08,0r20FTXwZOBuaNAcBLi4,f488ab2f-345e-4518-9c94-09de59105e56,True,5311a0642c2564ad,18d281edb3671f44
17-05-2026 14:05:31,lxqh00DeX17totwUEC8j,c9e9cbf7-6b56-470e-8117-2dd71ebd61f8,True,6588d11c4a11acb1,cb207a93391638cb
26-05-2026 23:31:22,UOifIdDBmSpHBhGOeP2H,82c9324c-d225-4ea2-80cb-9802e706ce8e,False,552b8d6c350cb13c,1b1cc9cee9f27003
04-05-2026 07:48:18,jFj4Tl2lYNj8DW3ocHLz,27d3cbdc-fec3-4a03-bf32-37d1f1e3d700,False,3bc1bf7fb69f3ba3,a2fd30e5fa49ad53
01-05-2026 07:42:58,cOEhx1B3eT5pjbJNorjt,510f67fa-474e-4c01-8947-2d28526bd1ac,True,fb188f553674b4c4,d57d393b16ba030e
21-05-2026 20:59:05,MatoOsJoBaJ2gFUu9UKZ,62e152e3-34a9-42d9-a9b6-1dd7361f409c,True,ae7ec9246c4649bc,17b4966e9be4d8d8
08-05-2026 04:22:29,TVmVROKCnOVYremuQt1q,5292f134-7309-4122-b1d0-4ab7386a2faa,True,514af2be7dc985d8,8e2e127651e9cbde
15-05-2026 18:44:53,lnn5KzjxFEl4r5RFPiFL,c5a36960-c604-4b76-84ad-ae827f335e0f,True,8f8c45c33ff51d0e,330949523d665e3b
30-05-2026 03:34:07,rRsVALtvxQV46kvtK5Pl,c63896cd-00e3-44cb-98e1-22b63b8b52f2,True,1b38ab967d98cc4e,5e1de20fecf98844
29-05-2026 21:41:49,ACtp7vEJPLBpXrophR3c,9ec7ddd7-984b-4c87-b227-4cfcc65d7ed6,True,c0014ea2ee2fdaea,c34c1310eab19c87
01-05-2026 07:55:16,Ewg8Uur34DXpltEwKoGu,c4ddd0d9-f8a6-480e-bf11-beade24768a0,True,487b076a69a53671,8e7f2987241c2818
10-05-2026 17:35:47,1jgddLgi1Rss0b7HKUuK,1c0c6b98-1c28-46b2-b9a8-3ac3ac624d1a,True,75778bdb64d1008e,6f36a3307488809f
21-05-2026 12:47:41,sAbkPStZPp2AYkyOg8Pa,a5b790ef-3282-4e42-9529-22554eba5960,True,487b076a69a53671,ec75a53f04901eec
02-05-2026 11:08:42,S8RDeAZTUsmKXIHVs7SJ,608f8800-7372-43e7-a118-015738914b59,True,1d6285f5502cf1f8,d632e4ce536ec364
01-05-2026 17:09:12,Vw8RCvGTysyGNbzhD9Mq,b79e1b0e-b7e9-4807-b179-9599baf01ac8,True,daf96d2280390dec,2b95dd3cf28e7c18
05-05-2026 06:47:34,fRoCSaKXSFwH7Vxj9M1n,ac107e12-f122-43cd-9deb-8e6e38c6a723,True,057c44d337463e07,430f674c6dfe941a
27-05-2026 01:09:26,cwPRjPHST9fVRXyT1Onk,81669c9e-96a7-4bc8-b777-e259f6cce1bb,True,9d789fd91804129f,102edb38b5ec347f
06-05-2026 00:21:18,v49nknL7BB5ptPpCrfeh,540cc132-a79e-465a-84ef-e94c3477fe3b,True,5afe6ceac06784f5,42d576864f9952c7
14-05-2026 08:33:10,bdv5ORp0qCOZYmRktwep,610988f3-b33d-46ce-be53-5b069aab4598,True,923d0315f3ae2bb3,2b95dd3cf28e7c18
06-05-2026 03:13:33,IL9UmOFKgKjhtHrcCO8Q,24d71ee5-00d1-4060-882c-967abf4deb8c,True,6f36a3307488809f,1d6285f5502cf1f8
27-05-2026 01:10:53,t3vg2wQeThxLC4YaQL24,8ebf4665-6ab1-45a0-a33e-07f86794618f,True,b8e78b83a62a0cb7,5e1de20fecf98844
07-05-2026 18:16:31,vXFuK8niu28OOzaJUBeP,f1fd4bee-0fa8-45c6-9839-a24a13b5729c,True,a8c47673d6a4f85c,c837debb39dd1e68
08-05-2026 13:06:30,whgP5wUxl8rjAaNJCaPB,a3a97be9-4f9a-4db4-9179-d654df765e25,False,9d16533a62ab9315,55b620d8c0ab41e0
08-05-2026 02:36:20,2eO6QuinCDI9f4lKArcI,480b9c87-ffe2-45e1-a703-6f03f6ec4b29,False,a2fd30e5fa49ad53,72bd2672c948d2cb
20-05-2026 05:32:10,kUUwash7TYdhtWza1umJ,fd18956c-2fa4-4359-8cbe-5447505789c7,False,24d6a87b0598b02e,93279918e60ec274
12-05-2026 14:17:43,QaFl5yxhnrqk7jZvf0xH,0a723ed1-f244-4a5e-bc4f-6f2675ee197d,True,7e8fb26408446272,53c682ded6545e06
12-05-2026 23:32:18,w6EC2oqnddADgWZzvVKR,7b37c7dc-cd57-46cd-9af9-e1c4a439b277,True,7e8fb26408446272,389da1f3a7c1d8de
11-05-2026 15:57:04,HT6p6tr2OJPFA4A6rYqo,a95daa5c-92a2-4a75-bb3f-b0ace4aa441d,False,c7f34dc43387f858,6588d11c4a11acb1
12-05-2026 14:51:01,xJ265EgmJz3mtjpw5oYB,fcd0a257-ff09-4438-9486-7f2a5b013743,False,3bd002cf1fcfa789,42ac1a2bf982f79c
29-05-2026 12:29:18,QRH1MoJ8sWXScOvxeXAo,7c2880fd-fd3c-48ba-a807-93a90e448bdb,True,517fc5ca69b652a5,c51d4eb54f89fec8
15-05-2026 17:26:54,z347jnPEuYz0LVz0T8I4,4a613109-04d4-4b2e-965e-5c708b7a4c74,False,a2fd30e5fa49ad53,5311a0642c2564ad
01-05-2026 05:37:40,h0JPYGkmmDWVSsX9kQZ5,38524d65-3ba5-4a35-bc66-5118481add38,False,eb39e98aca20e7d3,bb80f878cef35322
10-05-2026 01:25:24,FE7Tiqp8oeYCQr4pCjRP,a26d2f9c-1c1e-42c5-a5f5-e56ed6cc81e3,True,5afe6ceac06784f5,c31244cee16e0c77
23-05-2026 01:08:57,N7ekUYHX4z3bpTyL8qz5,103f2e78-c4af-42d7-9172-73f697bfad52,True,bc74204126e384ca,057c44d337463e07
02-05-2026 17:34:23,sXOk5qny3HCnF0YRfKES,6fe22c11-c5ca-4cf1-96f6-3e9f9da7dad5,True,1d3db575c4a79d75,75778bdb64d1008e
16-05-2026 02:48:24,oCDWV4fsZ2wFkFkWxarP,dc45017b-6ed6-4319-a31a-41c4a102391d,True,e1bd0a847e7079be,06bf6a628379e030
10-05-2026 08:17:42,SSZHgar6u16AGYtONeK9,05fbfa59-c687-4db7-ab03-f63cf17d121d,False,6214b1b462c04096,0e52f2934d8ce165
28-05-2026 16:23:54,8KbdfuUoPpiLtCIfGmyn,d6453934-5e3f-4d97-844b-81a62109e2cb,True,3bd002cf1fcfa789,91d55d217a2af234
28-05-2026 12:48:16,wMPiHs8Rb1gMjF0OJFOt,21ca8254-7192-428b-aa2b-db00b8081f80,True,6588d11c4a11acb1,0f98939ac68105bb
04-05-2026 15:23:47,PTRwBHDjz95pFIU0RZa1,9658edcb-9778-47f7-b901-78b75cb0a9f1,True,2618243a251bd83f,8e7f2987241c2818
21-05-2026 22:20:59,cuwiZXgJaSCuZwg9djmw,eced7e55-62f0-4eb4-9beb-73b774dbde07,True,3993ad7e2565b6b0,da211edc7bac01a0
19-05-2026 09:35:41,Vqs98kcdLURHCLt59N4v,697b72a0-c7ce-4584-8a21-a6f942860376,True,bb4bb9fbcfcc16d1,bc74204126e384ca
19-05-2026 05:25:06,BsAZGjSVZkus9whai08h,5af97afd-ec56-46af-9901-dc8fdf31780d,True,574582321d04df00,b8e78b83a62a0cb7
17-05-2026 07:59:27,9tBNiiYy9nnr1TAF5cp3,955a2889-fd1d-4f07-b91e-6591d220215e,True,93279918e60ec274,34cbefbc28798720
03-05-2026 00:37:45,p5oFMDjdbNaGS6mZnrAj,8a2a164e-f7b2-41cf-a551-127e7f0978d3,False,556be8558ce56421,c6a2d85265d19a41
27-05-2026 15:03:41,ZWqJC07kQ1oUsAhE6jS7,9c32589f-82ae-4803-82e3-518ce1e7a685,False,17b4966e9be4d8d8,2618243a251bd83f
13-05-2026 18:03:17,o3Dm3m0rRZTXlX6vHmCL,5a151198-92a9-4dd3-a4c4-51fd15a75065,True,8e7f2987241c2818,556be8558ce56421
24-05-2026 23:29:08,S0q1dDDjoRxTY941KInT,0d7ce8d7-ea76-4085-b0d4-06f4dc50a37b,True,057c44d337463e07,3cc68b8049eb8d4c
10-05-2026 01:12:50,nGB9pJxleM7IlsGtyKfg,f1b0cec9-c24f-462b-ab20-bd857b4d7225,False,4c885efe7bde3ff4,102edb38b5ec347f
03-05-2026 03:45:55,qp8n7TbtO1HpuUgRf1a1,061393ef-8dcd-49e5-a5e2-0c129b8598d5,False,39a54d73a921b9f6,64a94f9052422a0c
04-05-2026 04:28:55,bM50C72hsCp5bJU1qLNO,ec45ba04-dba2-46ce-9553-c7d3fedfad41,True,e1bd0a847e7079be,13db178cd9a1e37a
16-05-2026 05:24:49,6d5YEclKSouyNTJ9hxaH,11afd3ad-bc55-42ba-8bca-16a32ce81e97,True,e7eb35b501d57e1f,1b38ab967d98cc4e
06-05-2026 11:26:47,hHeUthr9nqaUEqlW85tM,576b8ae2-857d-4ac3-b960-54f8cddc2f08,False,552b8d6c350cb13c,06bf6a628379e030
21-05-2026 04:30:14,4uVQTfMcmsqHXj3R4BeV,5ebd6e4f-1508-4a33-855d-760bd7ef2f09,True,556be8558ce56421,c31244cee16e0c77
11-05-2026 03:52:22,ZBpievBArW2BAzifagVj,81234141-5447-48fa-8f60-920775beddd5,False,d5eb4d757b335d0e,d4389e820d4f82fa
07-05-2026 00:14:12,yQbcnikWKrGWIn29OuGd,5fda0f60-6579-4d73-9265-82b2fb728ae1,True,75778bdb64d1008e,39a54d73a921b9f6
23-05-2026 17:42:09,BCsAxuDpS8pcVmQDcCTA,61093b50-b1b8-4404-a891-f5581dabe907,True,42ac1a2bf982f79c,e7eb35b501d57e1f
19-05-2026 21:50:00,QrTuooMtZK75DXUeKGvQ,360c0c17-f936-4942-bdcf-6e1bba3fb9c7,True,2b95dd3cf28e7c18,57e7d972b508815d
29-05-2026 19:42:09,zvz7Wj1sFSqsqBq52LyG,75ee80bb-b451-434d-ba6b-ab942177bc83,True,39a54d73a921b9f6,daf96d2280390dec
28-05-2026 04:37:52,TAa0NuzNdAI4qSjkPcn1,c7cefcf7-af58-4a02-9034-2d5084ca28c9,True,a8c47673d6a4f85c,5a7b6516c51a4d4e
02-05-2026 13:40:01,vQjHRb4whNJIIPbllszC,b1e4359b-7433-4065-8233-e9d80371baf6,True,b30b0b43692b035b,c51d4eb54f89fec8
15-05-2026 05:52:24,saOVtwuEuAetBdfQpBug,5e64dade-347e-417e-be74-ce1608916310,True,3bd002cf1fcfa789,131c7dd8f3ab4b35
11-05-2026 18:19:17,1JYVNGf4D72a9mfunRsw,7f3e4712-5be1-4c04-b810-309a3c96096d,True,2b95dd3cf28e7c18,95744df47936b8c4
06-05-2026 00:42:24,774ALOnIko2BqL8F0COK,7c75c364-5824-477b-a67a-2fa738bb2165,True,ce246387dd078174,f7af4712fd6b9108
28-05-2026 18:41:13,IE6uc4eSl38YPhV6exwl,0c81d3f7-6c26-4cc8-b20a-89c49e2d9e3d,False,17b4966e9be4d8d8,923d0315f3ae2bb3
16-05-2026 08:58:06,qhwokbo4ITO9RWAfVCAX,ae63af0c-275e-48a7-a031-185cf47e76db,False,75778bdb64d1008e,c34c1310eab19c87
07-05-2026 10:29:38,EDVhPizTRlXnMtJIi11Q,a2a129d3-90b3-4eb2-8db7-90147b86df1e,True,cb4c1290e91970dd,514af2be7dc985d8
06-05-2026 14:20:02,cZzxkhbUtjMeL9BNB9Wf,7ddd8948-9fbc-425d-b9aa-eaac1285fe57,True,72bd2672c948d2cb,430f674c6dfe941a
22-05-2026 06:34:39,HWsts7NxMvrgkT67IBY6,1d998374-ce43-4e00-be47-9c5aa22f020c,True,c0014ea2ee2fdaea,19a558ecc36977ce
28-05-2026 22:21:47,mTyLgU4QMJbZKDUhRvCl,532c2cd1-fe7c-4ea3-b941-0e9f4f22d695,False,7d176c63414fcd05,3bc1bf7fb69f3ba3
22-05-2026 11:33:47,rHQYs9Gupx2CLpcBsJxx,d5a35383-dd22-4761-8ff6-147dde59f96d,False,1b38ab967d98cc4e,d0825fdf3da3660c
09-05-2026 22:16:18,cg4aTr66qDfmS4oZk90x,8c3e5bf8-85a2-4afc-8871-d617de07b90c,True,3993ad7e2565b6b0,f7c6682ad24d37f8
25-05-2026 10:43:36,hqmlXdM3ZVGQE90stl9w,4ac4c257-c8c3-4290-a0c5-48bdeeb8b64d,True,6588d11c4a11acb1,bbbe498ee44f6349
16-05-2026 14:05:37,zrztGJBgcuAQZh9Lqsu2,fefdafde-25d5-409c-b5d5-0b09866d3f80,True,93279918e60ec274,234da97fe615c6b7
21-05-2026 05:36:10,Imd6dViJUYvWMw8wJLYS,10f72310-02f0-4550-a68f-b2378a6615d2,True,5afe6ceac06784f5,17b4966e9be4d8d8
01-05-2026 06:54:12,k7bfP7qS91KpWghBvWJj,dbaeba73-cd70-40c2-8d42-c6eef603013a,True,64a94f9052422a0c,d632e4ce536ec364
12-05-2026 13:53:10,rlX2uWKVbDic9v0lyl5l,7ed1559b-b077-4003-9297-bb83e6e99a58,True,de2dde23040292bc,389da1f3a7c1d8de
21-05-2026 02:04:19,ytkng8SOJViUc8t26xpS,8128fd55-327b-426a-be83-93376243813b,True,57e7d972b508815d,72bd2672c948d2cb
03-05-2026 17:07:21,uBaFPgCBNIhJXsPXhsJS,e83187ee-bfeb-4760-bf3a-3e3de4ad46cf,True,e9da39984fb29dc6,d632e4ce536ec364
07-05-2026 02:59:30,YeX8XarWQdkMMFFhc5Xx,dd934efe-0ba9-4421-a986-8add808b9148,False,c31244cee16e0c77,82a83fc853728306
22-05-2026 01:00:46,ZEC63S0jw337z5ursltD,60b80115-853d-45a5-9c7c-fa22474d5105,False,2f2bd7547d602b7a,95744df47936b8c4
09-05-2026 20:20:26,e556htdepxXcPhEcSQNC,587b6d35-d176-4b1f-8bcd-992e68d1e776,False,6f36a3307488809f,eb39e98aca20e7d3
13-05-2026 10:33:18,whQarvM2EAuyyaEIuw5t,d268b6c5-7f8d-4f29-8781-2fbe450b2fc3,True,cb4c1290e91970dd,d632e4ce536ec364
11-05-2026 18:45:25,RpyyI1wRIH9zy9sZdPup,c3b0b048-d306-4c47-b22b-1949385efc7a,True,64a94f9052422a0c,18d281edb3671f44
14-05-2026 14:00:57,bIxt0s5nytMYnEqAdcAl,e6eae719-4b20-4990-9fdd-428756bb4199,False,57e7d972b508815d,556be8558ce56421
16-05-2026 18:41:10,h24t93HF0nibhZsjQNty,f9e78405-9052-42ef-ae5f-719b73c710ea,False,b8e78b83a62a0cb7,389da1f3a7c1d8de
12-05-2026 11:24:00,039yrmQlZk6kuOadj3AZ,f43a0091-ea68-4502-95ba-04be29827105,False,d5eb4d757b335d0e,d0825fdf3da3660c
28-05-2026 08:11:03,hYdjjI1uZmGXzE0QvgDF,e25dfe5b-54ed-41f1-a448-699a13a2f4f0,False,3cc68b8049eb8d4c,8f8c45c33ff51d0e
30-05-2026 01:17:13,HqYDXW5ooWVtSZEAMDLn,eb9ee2ed-ad8d-4c5c-9eb7-1e3d74d6d61e,True,bc74204126e384ca,1791998ac3161359
09-05-2026 13:32:49,YHsig9KL1vGBOObVGCzX,94c815d8-9995-42e0-9c84-bdb98d0975c7,True,91d55d217a2af234,867d47425e9cccc7
10-05-2026 22:36:11,LbzRnJDXuReAMBuhsFhV,66702244-29c4-46bc-a3c7-b91e716a1992,False,8e7f2987241c2818,64a94f9052422a0c
17-05-2026 17:22:54,b6pljjvjZeWnaO1VgUYs,4e3b9081-7e53-4213-b4f8-399fe25aeb5c,True,d0825fdf3da3660c,c9ab51cba10ae1e9
02-05-2026 02:28:14,77i5DWbXhFmTty2sVDKL,2a752007-bc35-42c9-863c-0d746e53e5b6,False,34cbefbc28798720,57e7d972b508815d
05-05-2026 07:35:41,RmM4MlRjO3JM6IDPQefO,adc3a90b-4e09-4cc8-9f55-c526dc4501e8,False,18d281edb3671f44,f7c6682ad24d37f8
20-05-2026 05:49:33,RTCcdUkT4Vsfkcnq2EEz,cb72493e-9ce5-4c24-9c3f-bc15cfadabf1,True,bb4bb9fbcfcc16d1,a2fd30e5fa49ad53
04-05-2026 15:31:20,CjHPOeDQvRRS4Og6KLvj,2b2c11f7-852e-4b03-84e6-33e8b1524511,True,cb207a93391638cb,2618243a251bd83f
19-05-2026 17:07:45,H8Mu4953lxgc2shGHrop,7766e625-01de-42ac-a70c-82831aefa257,True,2f2bd7547d602b7a,91d55d217a2af234
12-05-2026 19:14:35,ofCYYmHgQLUA5ByjUFlJ,03a09388-c982-4766-9859-94dd5de10eb0,True,2a339e8954684016,552b8d6c350cb13c
22-05-2026 12:32:26,cjJBzsGgqsI1MLh2paqC,cbdcdb87-fa82-4d21-ac13-dd3c34da9ab1,False,de2dde23040292bc,556be8558ce56421
28-05-2026 23:44:29,6VU6ZR7Gi5bVGp5KQcXW,b6c793b4-f428-4d70-b881-df6a06027f0a,True,6f36a3307488809f,82a83fc853728306
16-05-2026 18:33:02,LrwWBl1KBQSCO88Pk537,b01b379e-f02c-45a3-93a2-13c2d04b6dc4,True,4c885efe7bde3ff4,a8c47673d6a4f85c
23-05-2026 22:48:53,bSvzUlQRUbGwYpw4LuhP,3794e608-5796-4c1d-ba64-26eb6d1948fd,True,2a339e8954684016,9d789fd91804129f
25-05-2026 18:04:22,so93gfJ4GBdNSewYnP9q,1f72af74-312b-4f9d-9da4-3f759d2339d9,True,923d0315f3ae2bb3,19a558ecc36977ce
20-05-2026 06:03:00,XCIdtPTSeQTNaYJhFE6E,4c44b3bc-1806-4b6d-ac90-f19edfa5d947,True,5a7b6516c51a4d4e,5afe6ceac06784f5
23-05-2026 02:10:21,2RtfTBBngNQdx2X3wKti,97c0196c-adca-476a-bd98-b11ea1655551,True,75778bdb64d1008e,3bc1bf7fb69f3ba3
21-05-2026 21:31:33,xjkvnJKc3DZVsMLDJwmf,b7328e2c-3b62-4fdd-8de4-0cb9b1e7c0aa,True,3db4e6efff8b7518,057c44d337463e07
10-05-2026 15:58:03,Am7yLwJgoy42sT72otDp,8d2aa0d5-5e11-4c73-8005-c4fa31bff512,True,131c7dd8f3ab4b35,8e2e127651e9cbde
22-05-2026 12:05:24,f3z7WsIVWce9J6WOYuPB,2a6b869c-cdd7-4d24-84b0-1e7908f1577f,False,556be8558ce56421,3c58290022ed11b1
22-05-2026 20:33:16,runhU2JQNtqxUyoetRn0,f2d09b84-6def-4800-a7ed-26ea8893f4fa,True,e7eb35b501d57e1f,82a83fc853728306
04-05-2026 06:29:31,NGiQsK1Bfy1D61tO8vir,4118a254-6eea-4783-83a6-60618392fe26,False,53c682ded6545e06,13db178cd9a1e37a
25-05-2026 21:26:07,6kHmssncCcXqotAJJENO,e720bc53-4dde-452f-ac0a-38b607955631,False,57e7d972b508815d,8f8c45c33ff51d0e
06-05-2026 01:13:33,RJfSuFNfAexHCoiPlwfw,9dd32ce7-bf72-4841-915a-c80ca9ac78ed,False,06961ead71f8b1d8,6214b1b462c04096
25-05-2026 17:24:28,D2XhIkEPk9PHscujIZJw,3dfbd5c0-25e0-40ec-ad05-df6f31973cb5,False,3db4e6efff8b7518,bc74204126e384ca
07-05-2026 02:47:45,p0dHft27RGNN2FERjD8j,4e6dfe0a-4978-4bae-a885-1cd5caf1d9aa,True,d57d393b16ba030e,d5eb4d757b335d0e
07-05-2026 01:38:04,VAVtlLURuerrIz4CPIMJ,baf92846-4f11-4678-8b4d-667fc0ba76e7,True,d0825fdf3da3660c,e7eb35b501d57e1f
11-05-2026 17:30:41,N2LXkJuUNZm9jNL98Jhs,692b2447-2ab7-4ae9-9922-d9f7e23a546c,True,c9ab51cba10ae1e9,bbbe498ee44f6349
16-05-2026 04:38:17,d0cD3A19ckaoH0m9rmSw,fd3e4738-897f-4ccc-9939-8aa7f861be99,False,1bd749deaf799034,b8e78b83a62a0cb7
12-05-2026 11:23:28,vKLKMmTuSM2qSFyqMhj0,08f81ab5-0fa7-4275-94cc-c709a02ac0a7,True,556be8558ce56421,91279a646f8ea6ac
17-05-2026 09:47:13,PtzAyiGON1sPTDKSekPj,f20af78c-875a-47c0-90f7-e67c9c0f9b10,False,d0825fdf3da3660c,f879804e4456e5d4
06-05-2026 16:17:57,lviZ7lYe4KitGsszEVBf,2730d980-81fc-477d-8244-2a3399f86e2f,False,72ba4e2f87adceb5,c31244cee16e0c77
13-05-2026 11:38:41,XJcP2pfEVp7dFtKXzUFe,39c9123a-d065-4d54-a039-fd1b2be41334,False,c6a2d85265d19a41,b8e78b83a62a0cb7
23-05-2026 04:51:40,qKvaAiiR4CD4bjg4qtrR,4b75d551-1cf7-4b11-afa5-f91e005190ac,True,ec75a53f04901eec,8e7f2987241c2818
19-05-2026 10:23:27,DYELRAwu9a7fWQZVHBFZ,7af05581-f26a-438b-a368-179400fb5d48,True,1b1cc9cee9f27003,6214b1b462c04096
28-05-2026 14:33:59,5mgvcsWlOrQDfjrZNvyc,ec9e881f-9e8a-44d2-9f94-b0d13dfa30f7,False,cbf338d836298cb7,3db4e6efff8b7518
14-05-2026 22:34:21,hXN6NNl6whsA0g5fNK2a,2550bde4-907a-43dd-8137-fa9bd54db9a5,True,d0825fdf3da3660c,3bc1bf7fb69f3ba3
03-05-2026 21:11:43,farkzduaKa7f7JpqOtCy,55e541cf-5f00-4364-ae34-44c5180a46ae,False,63d3511e9e857901,a8c47673d6a4f85c
12-05-2026 10:55:38,C3PBI2KHLnVzwZbX948k,b6a8250d-027b-435c-b9c7-36a25e78a05a,False,556be8558ce56421,f879804e4456e5d4
14-05-2026 14:51:29,JTNT4PZAP9gnl1t2Iq6E,398a9f28-663a-4907-b11d-34369f239b04,False,1d3db575c4a79d75,5afe6ceac06784f5
27-05-2026 19:06:01,lX1qroIx9gbiBte36eXu,0c006794-bd21-4694-8a6d-46ce54daf248,False,c85cdb0ef48d09c8,2f2bd7547d602b7a
19-05-2026 10:51:49,WkMk4uJ4Tgi2vvDrLdwj,9e8b0d1b-e9b8-4cd7-8447-7ecbfbd53e6a,True,552b8d6c350cb13c,8f8c45c33ff51d0e
20-05-2026 08:07:23,CNTj7YvDAEOKut270uE2,e3d6a6f8-fac8-42f3-989a-af7d63a36456,True,ae7ec9246c4649bc,3993ad7e2565b6b0
29-05-2026 21:45:05,V4JZ5n3wRyVpzDmqb7DW,8b70655b-ecd5-4e6e-aa24-c1a0dd4b740f,True,c837debb39dd1e68,514af2be7dc985d8
17-05-2026 01:40:19,idQzCMMTScbLNzVjIJbG,915ff612-82f9-4028-ab0b-6a53b2f30d86,False,9d16533a62ab9315,91279a646f8ea6ac
29-05-2026 18:10:48,N996jWUnUUq3oxDWHU71,24c75701-f5c6-42be-94e6-d44de0d89344,True,a8c47673d6a4f85c,da211edc7bac01a0
20-05-2026 01:07:45,WpYXVPkfmDS9P28z6pkk,ccc6a6eb-2bfe-42c0-b21e-d127330e0730,True,57e17fffc619e182,b572bc65fae8bec1
20-05-2026 07:30:05,cuJoA1JFRiWAh4rF98SV,f58dea24-dd15-4ef3-bdb3-0a5c1edfc0b8,False,c51d4eb54f89fec8,6f36a3307488809f
10-05-2026 00:04:41,7NdlgQYPQonoAHclaTwL,042d253b-57a7-4484-adc0-f9f7e1100902,False,102edb38b5ec347f,bc74204126e384ca
11-05-2026 21:12:55,REqvZKshpCSLprTjhNNC,5bc8e002-7be8-47b8-9756-b5c73d637209,True,5afe6ceac06784f5,102edb38b5ec347f
03-05-2026 00:26:04,aOxRDQeAiAs02KyUmtJn,42c0af5c-24e1-4e93-9f79-41e2701ad98c,True,3db4e6efff8b7518,c85cdb0ef48d09c8
26-05-2026 17:04:08,Q5qn6C7JkRTp95cHJ1aU,732e6de3-7ddd-4d54-8d84-cb1d8c0822e2,True,057c44d337463e07,b572bc65fae8bec1
08-05-2026 17:46:57,6HraItIpduqhYmHr4yiP,2d790ecb-8fec-44b1-aa3e-c6128ef2064c,True,c0014ea2ee2fdaea,3db4e6efff8b7518
14-05-2026 07:08:06,xKssrqa42Tf0gJtvwAnR,4cee726a-9bce-4eed-845c-8cadc814edc2,True,18d281edb3671f44,c0014ea2ee2fdaea
14-05-2026 10:45:44,5jAu9DhGOoNZUEIIT6Je,10a98c92-2936-4ba2-b018-8a42168b862a,True,867d47425e9cccc7,153c202e3cfef4ba
10-05-2026 03:42:51,icHanX2i5W0HTK2EOBeu,8493f466-eee5-4909-a96f-7be82db8d878,False,3db4e6efff8b7518,552b8d6c350cb13c
16-05-2026 18:02:25,vmflHWulNLQ8I1t4VGsk,e4204628-57a9-48ff-87bd-94c52b62888b,False,57e17fffc619e182,18d281edb3671f44
19-05-2026 18:45:56,uymIpH8Kk6OPWsaurvt1,74d84108-eb82-45ea-a78d-1bdfde9fa721,True,c7f34dc43387f858,24d6a87b0598b02e
01-05-2026 02:03:20,VYKA8gwOrrWoZKtTnRKV,9a182d65-0e80-4dfe-b4a0-0a6a727fd0b4,True,c51d4eb54f89fec8,5311a0642c2564ad
14-05-2026 14:10:57,BoQIAe7mwVaLJ3aRTUV2,26aac23a-0afa-4f93-9f2e-7888f5f5a384,False,55b620d8c0ab41e0,102edb38b5ec347f
28-05-2026 09:35:25,nsXdWtCp0sy75b5Qn2Qm,5685151b-eb2a-425a-980c-a5469c45402e,True,556be8558ce56421,389da1f3a7c1d8de
24-05-2026 02:22:48,aVIxv6MQYI2f5xfHJeG8,4251bbbe-efdf-4843-868a-74c4c7243dd6,True,3c58290022ed11b1,2f2bd7547d602b7a
14-05-2026 11:46:18,aQejG8jlSruGxjj3Wmb4,e7b02f72-d301-43dc-b2a3-585deafdd27c,False,93279918e60ec274,7d176c63414fcd05
12-05-2026 02:02:02,uDAeQzzTcforJ4tylbMj,59853af7-ee24-4bfb-929a-415cee2c572f,True,63d3511e9e857901,2618243a251bd83f
23-05-2026 01:11:02,vT59q3YhySIxhR5mEdLn,199adda3-43d1-413e-94b4-36c20bad3f4e,True,82a83fc853728306,8e7f2987241c2818
30-05-2026 15:37:47,MAqILwmQbg025ZREBC4H,a7a0cced-22b4-405d-9579-ea17d69ac555,True,1d3db575c4a79d75,3c58290022ed11b1
15-05-2026 21:46:31,vpC8f88os8oKz27eqvjj,8f941576-1c40-417a-a23d-3fd10fd8d102,False,f7c6682ad24d37f8,18d281edb3671f44
13-05-2026 05:32:57,N2HuU6DN5f8lK2hZEefv,d9e3a863-f357-4169-ba92-5fbd9aca7d43,True,72bd2672c948d2cb,17b4966e9be4d8d8
08-05-2026 20:49:36,vBqcLRKiDYWJwNnqwDmL,d46f52f9-e247-457f-868d-0069bab1fa5c,True,bbbe498ee44f6349,57e7d972b508815d
10-05-2026 23:17:55,G6y4I48NO8ktiOIiQAkw,2896b79b-ffb6-4983-b9ca-4f774663fb6c,True,c34c1310eab19c87,91d55d217a2af234
13-05-2026 01:08:44,3PSbfbCLl9LZMKOi2Qcs,d078d9c2-8a23-46ff-8331-d670bbcd018c,False,bb4bb9fbcfcc16d1,ae7ec9246c4649bc
02-05-2026 00:32:54,SLSh0PaMhUiu2t8W3Hi8,7d8e20f3-9598-4f42-a23b-1a327ac92292,False,42d576864f9952c7,517fc5ca69b652a5
04-05-2026 03:18:22,vsVuHTeHABxwqN1y5COh,e9ff73fc-b962-4646-84d4-3e6366364a48,True,3cc68b8049eb8d4c,93279918e60ec274
21-05-2026 09:07:33,47IrD4y5xLX2lQX4ne35,ca825e6b-2a17-45fe-b03d-e8fc6124cb97,False,3b1338c1207d1e2e,2f2bd7547d602b7a
22-05-2026 16:14:41,d3iXghGRFAr5ax9xZo9y,d11e4973-22a1-4cf3-9bca-a39241e0f2ed,False,bc74204126e384ca,24d6a87b0598b02e
06-05-2026 19:40:25,9tnX4hGcoQQHo4e8y3pz,a61aaa12-c7bb-4154-ae01-95dcf7e35d78,True,b8e78b83a62a0cb7,2a339e8954684016
22-05-2026 08:35:11,3Sq9owoqHvKDDPjBkqWO,edac756f-7934-454b-bec3-7055da3bb3e5,True,53c682ded6545e06,55b620d8c0ab41e0
11-05-2026 07:49:45,beoQvHMPhBXNYzIhjvcT,78053ca4-af53-471d-b9a2-4b1ea7d60813,True,c837debb39dd1e68,eb39e98aca20e7d3
04-05-2026 21:37:26,UAy4dLtowDs3ADcVlCyk,9b13447f-9947-48bd-8e80-6f4d80fb7d00,False,3bc1bf7fb69f3ba3,a2fd30e5fa49ad53
17-05-2026 18:49:15,45twG3gtKBvMoeHbxxHw,45d2169e-9d93-4199-8471-cb8c9fa090f7,False,9d789fd91804129f,17b4966e9be4d8d8
28-05-2026 02:21:20,PfGioJWGjyVHS5U9JbyP,b55fedd8-440c-4060-a894-03005e140d13,True,7182af742e04dc6d,234da97fe615c6b7
05-05-2026 19:40:11,4vljDW6fzXn1xM3Jo0w9,f28a6844-050d-45f2-8d8c-b619ef4966f3,False,574582321d04df00,1d6285f5502cf1f8
23-05-2026 09:42:29,jZ7JE6I4e8330jIKnCm0,17d55651-0757-40f8-b215-d1c87e3aeffb,False,d57d393b16ba030e,7182af742e04dc6d
05-05-2026 12:15:46,qcWXWuJqQSbD2dXD9BJp,16a15fd8-b267-4741-94aa-ac0c4285145b,False,bc74204126e384ca,574582321d04df00
22-05-2026 02:32:04,gK4Yt6qlpp3eFeeaobkM,19212a53-a457-45e1-b9f6-52bc7badc3c2,True,389da1f3a7c1d8de,06961ead71f8b1d8
08-05-2026 06:54:08,X8P8GFTqsLEFgUgqxG8z,9bc6c2ae-1c18-4abf-877f-45766dc22f35,False,bb80f878cef35322,d5eb4d757b335d0e
10-05-2026 02:01:04,Q5HgB84OtVzBAXwOksgP,05cfe6af-e68d-403d-acdc-fc8d60779b21,False,c7f34dc43387f858,6f36a3307488809f
21-05-2026 20:28:11,k4eBenR3kuY27f6pb4UY,810c8c73-14a5-4654-b9bb-6108f841799a,False,3bd002cf1fcfa789,6214b1b462c04096
27-05-2026 19:03:17,ZG28OpK4a1Yz49z6tqdU,74a41346-52eb-4892-a832-5219cc37a1cb,True,9d789fd91804129f,3db4e6efff8b7518
28-05-2026 01:41:30,4AKegG9vSu8MARzjYfq5,bafbedf1-2992-4444-90cc-9496cd9152c2,True,2f2bd7547d602b7a,3bc1bf7fb69f3ba3
29-05-2026 14:06:17,9pYuQ6bu28bHb8TXOqK5,84cdde7d-7861-453e-bd97-92515f2db169,True,1b1cc9cee9f27003,75778bdb64d1008e
18-05-2026 04:45:16,BSO3dN2RD3eA9edpXflW,ff86b336-6b4a-43a0-b5f3-caa7b8057375,True,1b38ab967d98cc4e,c85cdb0ef48d09c8
23-05-2026 19:43:46,zhorbR0vGn88dFkgqeJQ,0e9fc638-c006-41e5-8ba3-224099a310b9,True,9d789fd91804129f,e9da39984fb29dc6
19-05-2026 19:56:46,8HrTR7FxFdEEHydT6lZ0,8786b123-42ea-4bbf-b7fa-a542c26e5ad1,False,b572bc65fae8bec1,c7f34dc43387f858
17-05-2026 07:34:56,atDwTgV7oG3Lr0mg5Juz,ed9ec5af-a754-4970-8ac3-df6b4e5ee25e,False,53c682ded6545e06,72ba4e2f87adceb5
15-05-2026 07:29:00,oYnXSsfi5zWHn7SuiMxY,423af232-0421-4379-b0f5-8538dcffe604,False,e8c9832b5c388bb5,b30b0b43692b035b
14-05-2026 11:42:06,UyZUwwfX82y3eiEUsoVH,e3aeb281-4496-4362-9909-69a7b874f2f7,False,91279a646f8ea6ac,0f98939ac68105bb
12-05-2026 23:03:05,ZVohxrsBWM1qkkVX1vb1,f4c05945-da4a-488f-9636-424ecc2eb59c,True,7e8fb26408446272,9d789fd91804129f
03-05-2026 20:58:04,T5uFdK8H0vsbTJWUJHuJ,6670e10d-e158-4587-ba04-7f5746de4d93,True,389da1f3a7c1d8de,7e8fb26408446272
06-05-2026 18:24:19,kSqb8iwKHuoQBRv9Jwsy,b5b8c9eb-af56-4355-9233-075c5468cca5,False,18d281edb3671f44,057c44d337463e07
24-05-2026 11:28:07,2oQTMlrUShBVtFPo85WD,3b809183-1c25-47aa-aef5-39c34d8f2d2e,True,574582321d04df00,c6a2d85265d19a41
12-05-2026 02:10:23,sTwk4u0EEZlvsGIHd9ch,cae2cb8c-486f-47da-9f08-849e2a433353,False,3db4e6efff8b7518,2a339e8954684016
21-05-2026 13:22:03,Fw94w5e21exYmLf28o6z,020c90e1-8c27-4698-a33b-23aa79a967dd,True,6588d11c4a11acb1,c34c1310eab19c87
26-05-2026 16:08:27,RTzKxCjlTdJ1vv29n9Rg,9ad67205-a56f-4d4e-90b7-0898910e1cd3,False,ec75a53f04901eec,c85cdb0ef48d09c8
14-05-2026 20:03:04,TRPHrpkDJXQASvdXVxgy,4833f0d2-b9e0-4bdd-a247-0e75fdb5b9a7,True,24d6a87b0598b02e,42d576864f9952c7
27-05-2026 14:08:11,96DsMUH9cKPXL6XnsNgB,8ed27bca-c181-47c7-ba65-5d7b27237597,True,3811390588367f0e,3bc1bf7fb69f3ba3
24-05-2026 17:52:06,NKHyMALH2X8iZwgSOAPh,61bc4bf3-6ca7-428e-a6ed-62dc8bf4e43a,True,d4389e820d4f82fa,c9ab51cba10ae1e9
19-05-2026 21:20:59,cd7FBrQZapIWlJiDanPL,ddffb097-f979-4430-8f18-f200f79e3f55,False,bb80f878cef35322,c85cdb0ef48d09c8
25-05-2026 07:59:06,n92J1byy118mtOcGMz7N,dfabb691-ee72-48ec-bf0c-7c16993177e1,True,556be8558ce56421,93279918e60ec274
26-05-2026 11:09:46,xlgv7YcNatEnXzQXMyXF,c971283f-10b6-4b9c-b273-99161403df54,True,6214b1b462c04096,f7c6682ad24d37f8
12-05-2026 07:40:16,gMPTsVjfO2dT5h1y8ZkS,9432c3d3-61a0-437c-9aed-b35a533fced5,True,42d576864f9952c7,53c682ded6545e06
14-05-2026 14:48:29,reUTyF8xJYyLbCM7uHFE,b752dde5-ce6c-45b7-8ad0-5b09aa4e7931,False,75778bdb64d1008e,923d0315f3ae2bb3
02-05-2026 13:20:07,u4qI9HtXpBrHj0uok07Z,a748a16c-59dd-4b4a-8fc0-76e95078fbf7,False,daf96d2280390dec,0e52f2934d8ce165
03-05-2026 19:51:36,BH1R0FjebOoqUlCx77yO,c9522844-c48a-4568-b9ad-95ddb920a5c2,True,f879804e4456e5d4,e8c9832b5c388bb5
29-05-2026 20:37:28,CeAbq60Jh6PiokupA4MF,6caad737-46b6-4c3d-8e34-ef0a8d50704c,True,f7af4712fd6b9108,72bd2672c948d2cb
04-05-2026 01:32:25,KrWErwsgx6Vo9sttq53T,1510b956-8ebd-4a6d-8797-1eb202ac823c,False,57e7d972b508815d,a2fd30e5fa49ad53
15-05-2026 18:07:07,yCJkZdxicT6bgWS7s9U2,53db9c1e-8c08-44ef-925e-28ab7e021878,True,574582321d04df00,24d6a87b0598b02e
20-05-2026 02:19:39,9CNoWzplerOugY0GJq6I,61a7b9d0-062f-4326-a959-ed0ca2a71393,True,42d576864f9952c7,3b1338c1207d1e2e
22-05-2026 06:11:09,H3ybkQ2iUcpgY7FgvbN1,5df59cf4-534f-4025-8d68-c080ccd6f225,True,153c202e3cfef4ba,3cc68b8049eb8d4c
15-05-2026 16:08:38,pE5jYXi46VXcGus17s8Z,7ecaa7ac-b3fe-4db2-b83e-46c76db4dcce,True,fb188f553674b4c4,d5eb4d757b335d0e
26-05-2026 11:31:13,MdBT7iF0dS3v88FxZH5x,db7401ba-b2d5-4e0f-a466-3619931510d0,False,04964f8452901231,9cbee3c1d7168837
13-05-2026 05:41:35,DhSCaQ8s1YNJRevmSxZV,3dee39c3-177c-4de6-ae63-131c0638b9a3,True,3cc68b8049eb8d4c,93279918e60ec274
27-05-2026 20:31:43,8F2CGO3XLzwwRqrKmwlN,42a3d238-c57e-4448-957a-232c2a4d4e85,True,514af2be7dc985d8,c837debb39dd1e68
21-05-2026 19:34:21,qn9Wkgm3mNgu6FGmCLMt,e4d962f5-4dc5-49e4-a87e-d98420635877,False,7d176c63414fcd05,91279a646f8ea6ac
19-05-2026 14:27:58,4pfI80XtH94YViMcrOqr,ba56e4c5-57e7-441c-8ac7-5e5e0c371a0f,True,0e52f2934d8ce165,72ba4e2f87adceb5
21-05-2026 00:26:23,SkB3HhcSMTvbkqtV7sIN,04fedf6d-01e1-4da6-b37e-231b92a73fef,True,63d3511e9e857901,e8c9832b5c388bb5
04-05-2026 23:40:06,twysK6QP657BdqINuV6b,8333267e-aa58-4317-8839-35fcd93e8d2e,False,c7f34dc43387f858,7e8fb26408446272
12-05-2026 09:50:15,HoqZJxJM7NfMWaadMmo6,69a2f2c6-77ad-49b9-87b5-c3005129219d,True,9d16533a62ab9315,3bd002cf1fcfa789
09-05-2026 00:24:48,k0pDaahN3f28MCU9aOJw,35c0df53-8a7c-4e1f-8af9-a87f5cf469a8,True,6214b1b462c04096,06bf6a628379e030
28-05-2026 00:19:42,aybVOcjblvaSW58YCnXQ,b8db11e8-880b-4281-96b9-0e706b4674ca,True,c9ab51cba10ae1e9,53c682ded6545e06
20-05-2026 22:08:06,S80sTWQkdqXq8H23RsU6,42c157f8-2857-4757-9d42-29ae2974a97b,True,9cbee3c1d7168837,fb188f553674b4c4
08-05-2026 05:27:14,SNZmc3uLMZA5Zjjh9xTK,7a5ae09e-66bf-4261-821b-60bf6d077bba,False,8e7f2987241c2818,7182af742e04dc6d
18-05-2026 10:39:31,KF6NtBavbdf9hL2MIghw,79db13cd-a0a6-417c-bc8a-1a3404ff759b,True,64a94f9052422a0c,923d0315f3ae2bb3
05-05-2026 12:21:55,NqpFdQri0gUWT7fxI3pT,7263f992-f88e-4d15-9e83-34a071199ba9,True,f879804e4456e5d4,234da97fe615c6b7
03-05-2026 11:30:22,qS13PXcAe5ppzzjjCgAe,23cfa342-b059-4d63-b9e9-3adb9d93d13e,False,e7eb35b501d57e1f,f7c6682ad24d37f8
15-05-2026 22:03:12,8F2EuqdESxjVK8xLlAo7,bf47cd58-0b40-4325-b879-fb3fe392953f,True,e1bd0a847e7079be,cbf338d836298cb7
08-05-2026 18:43:38,vLbDo2BNDSUKPyb3yjmU,45cf8b68-4a73-4481-9779-a245bb8faaa1,True,b30b0b43692b035b,1bd749deaf799034
09-05-2026 12:46:05,5kwHL5ebu0HCuzmcPpds,c9a13603-4cf1-42c9-9263-a0e67ae52c77,True,34cbefbc28798720,c9ab51cba10ae1e9
22-05-2026 17:53:03,Uax6lRZI2I6qAiBUeD0n,6dedb5ed-26f5-464d-9bf3-0d66eea97ef9,False,34cbefbc28798720,34cbefbc28798720
19-05-2026 08:02:08,U7q2PJ72R3TCWKymKxnh,2ded7798-9e8a-48e9-bdf4-37b4b1c4dd60,True,c31244cee16e0c77,3993ad7e2565b6b0
17-05-2026 11:53:30,koASXUrpD6bKU4Ise0mc,ea774077-3cf7-4bbb-936b-b8b83bc19b23,True,5311a0642c2564ad,1d3db575c4a79d75
10-05-2026 03:51:51,aRmQAVtwPKV3FmHnNs0E,f401a08b-575d-4557-9554-243c8ffc5aa3,True,3bc1bf7fb69f3ba3,867d47425e9cccc7
13-05-2026 05:51:28,De7jQhgAzw0Y8UJvejyW,b2680091-4de6-4b10-b6ab-d13fb250a676,True,102edb38b5ec347f,cbf338d836298cb7
21-05-2026 00:51:21,1vtoLEfeZnrRZvW8LAEp,2542eb58-1ca1-4a90-b49f-763c42d66da0,True,5a7b6516c51a4d4e,3c58290022ed11b1
19-05-2026 19:15:00,MuNDUi64mjJw7lfUa3d8,c8a24379-7f2d-4c2a-b54d-18b4baa14d03,True,1b38ab967d98cc4e,cb4c1290e91970dd
08-05-2026 10:07:59,I8JFcecNbzPRApiSb9Jq,353072eb-ddba-4b19-b6cc-826d6ea713db,True,1d6285f5502cf1f8,91279a646f8ea6ac
01-05-2026 09:03:50,S2pzIby8G6EM9yQ4M8Kf,cd06df3e-a0f2-4875-83fe-a41274986e56,True,6588d11c4a11acb1,72ba4e2f87adceb5
15-05-2026 09:00:36,ptNSPQTxjQ0KNbIrEWEE,b3a67c5b-b7a3-4946-99ff-070a67531edf,True,e8c9832b5c388bb5,3bd002cf1fcfa789
05-05-2026 19:06:21,KnCJ93KXzHWQe5GWG7mL,dc306c19-0d26-4d16-bd05-101ebacb6254,True,5e1de20fecf98844,ce246387dd078174
01-05-2026 20:56:13,mfHw3crPErZTGzM1k1tn,ab20c974-d551-4fd0-a7d2-e8095ad09ce4,True,04964f8452901231,c6a2d85265d19a41
26-05-2026 03:15:50,FBGAogBxKqH75GHQpvyB,f4569a20-3826-428d-add2-615de36602c4,True,c34c1310eab19c87,5e1de20fecf98844
08-05-2026 01:52:02,0PTuCOJXtVIeGeufDFzQ,d19441d9-822c-4a51-af36-e10a316f7035,False,3993ad7e2565b6b0,b30b0b43692b035b
03-05-2026 23:26:57,0HqO45XBnQa2wJx1nhgx,591b70e6-0aa9-42b9-bd73-491163819ff7,False,0f98939ac68105bb,5311a0642c2564ad
22-05-2026 15:08:44,KqK7OPOZFrr18dlUvExp,11f361bc-2292-485f-b4b0-069a53c206c3,True,e9da39984fb29dc6,517fc5ca69b652a5
10-05-2026 07:40:13,HQaunveCJUurQvOesgNy,a4de1928-6128-4ecf-a481-527eb901bdd3,True,6588d11c4a11acb1,f7af4712fd6b9108
30-05-2026 04:26:38,9bd4SXiv40zOwl37Yccs,27a2ebca-9099-4d52-bfbd-8b279f068472,True,556be8558ce56421,e84878f982129128
12-05-2026 12:36:42,4Cf6otkZIsrwpJhQvsSX,9eded26d-7ec2-42f9-9cef-e9c7f43a70cb,False,19a558ecc36977ce,c6a2d85265d19a41
17-05-2026 20:45:18,zyEiTPU1OfIOwwxdTnHo,91a96bdb-1c01-402a-a35c-be3d45e7d7a1,True,de2dde23040292bc,5e1de20fecf98844
07-05-2026 15:05:39,BBIhCoihUk7rzhrOLIAq,7741ebb7-c4e0-4991-aabc-da42040673ea,True,2b95dd3cf28e7c18,ec75a53f04901eec
08-05-2026 05:04:34,7XQWNbyv0GfBNuXE1uVY,3991f10a-4d6e-4b19-afad-515cd5e5d447,False,6f36a3307488809f,057c44d337463e07
12-05-2026 17:56:20,qh8DsYLGzRiuJA0IJNl6,ec7cc198-0207-4b23-9f2e-dbfa1dd2c0c2,True,f7af4712fd6b9108,552b8d6c350cb13c
02-05-2026 22:11:23,SUDJ7TAQMFXigKeTWtLN,b26739a2-7888-423d-a443-b9c99a7d86c0,True,91279a646f8ea6ac,c7f34dc43387f858
27-05-2026 12:55:29,hfZwgE0Xc4IjthsXYdaC,565b78b5-f3fe-4b98-aea5-ff225050c306,True,3b1338c1207d1e2e,a8c47673d6a4f85c
26-05-2026 17:39:48,N98Ytz0wepj1ZJUoH7P7,32fb20c9-a4cf-4136-895c-58d054503e64,True,8f8c45c33ff51d0e,bc74204126e384ca
06-05-2026 06:08:43,K7TJVkKU5RbIL0g84KqB,8a4f7cdb-5096-4321-a0a1-0bb84f2587fd,False,82a83fc853728306,8e2e127651e9cbde
22-05-2026 18:19:07,VNWWODqTlutLbVzq90Uc,294fd510-75e9-4432-b5d4-030ad9978545,True,3bc1bf7fb69f3ba3,bbbe498ee44f6349
16-05-2026 13:17:53,sq4q2Ik6TLkGltF3UaF7,9f842ed2-000a-450c-87dc-c2143f73fe78,True,487b076a69a53671,c9ab51cba10ae1e9
05-05-2026 03:30:07,rIcGzrnGmU1eZNCUVslj,493d9d37-974d-404e-bb60-e8b44edf25fe,True,4c885efe7bde3ff4,cb207a93391638cb
06-05-2026 14:25:51,2zERWxQW7wood3rtl7II,0a98ef12-ce7c-4c2f-9081-e23064204c50,False,34cbefbc28798720,6588d11c4a11acb1
17-05-2026 21:32:21,J4Z3bQzJBLIwJ5STV5gW,4d2549c3-6fac-4933-b9df-6e0a264d689b,False,53c682ded6545e06,102edb38b5ec347f
27-05-2026 07:04:22,fcE8z6GwvGojZJHfNJiZ,f49c71aa-abc7-4ddc-b2a8-ca0e57992931,False,3bc1bf7fb69f3ba3,72ba4e2f87adceb5
12-05-2026 08:46:46,3vcxU0tlsuGi400zQhag,c948e9ff-c542-4539-aa41-819ccd4c3a00,True,0e52f2934d8ce165,e7eb35b501d57e1f
22-05-2026 13:53:10,hgkim49dMtM0UsL0nkPJ,dbbd417c-4c53-4bcd-84ba-5cd2997df7a8,False,5a7b6516c51a4d4e,e84878f982129128
01-05-2026 04:06:28,P7m6Gpe1Os1UQtJjO6BL,52d5b299-f3ff-4615-ab0a-9fba94c02e4a,True,6214b1b462c04096,55b620d8c0ab41e0
09-05-2026 09:51:46,BvuoJuWvMClHU4jhQdTN,449cb6bb-3c47-4c26-adf0-9647dedfe4dd,False,06961ead71f8b1d8,75778bdb64d1008e
24-05-2026 14:14:52,CMDQ7gJcIg9jPP4NcJNU,7dca467f-ef7d-4775-94a8-433648b5c627,True,3cc68b8049eb8d4c,7f281c8dbac1f799
18-05-2026 05:39:48,e5XQhQTyyuoRwntMBAK0,6a9198fe-4a5a-4179-a5f3-4202260d1bb3,True,ce246387dd078174,430f674c6dfe941a
11-05-2026 01:50:15,im08frSUPcbj6Sctg2Uz,beb22c66-9cde-4a64-baca-368033463601,False,d632e4ce536ec364,2b95dd3cf28e7c18
29-05-2026 14:40:32,r9VT5As9o9yftDB6Yxfq,a978796b-edb2-4c1f-9272-b54364643ff5,False,9d789fd91804129f,2f2bd7547d602b7a
13-05-2026 03:43:40,VQrquP2aw2Si6SA3E2r7,3bcbec47-48d5-4711-a3bc-3d90f9d371bf,True,234da97fe615c6b7,24d6a87b0598b02e
27-05-2026 10:08:55,P87AeuNUKLEOWffMUKci,687891d7-04fe-4f0b-8496-6b83aec30154,True,63d3511e9e857901,82a83fc853728306
12-05-2026 21:10:35,hzCsMwhGGzIOQ9sAbATy,d14740f6-c429-4ec4-ab3d-866a73878fa8,True,8f8c45c33ff51d0e,6214b1b462c04096
18-05-2026 04:54:09,3Rk7I35Y7w3toRfIpimj,196ff921-e313-4cc2-afda-9876016b0e73,True,1bd749deaf799034,3b1338c1207d1e2e
24-05-2026 18:37:17,4jX1k67kyMUxQW3kl8Gj,e948a868-2c8a-4da5-b43d-d1f5c3a5db25,False,39a54d73a921b9f6,552b8d6c350cb13c
11-05-2026 03:18:37,sejfHEz1UONxggfatsiB,b817b133-04e5-4dc7-8112-4853f31fce7d,False,ce246387dd078174,f7c6682ad24d37f8
17-05-2026 20:46:15,rxTRaOhIpftaBk69gmVU,de8329ea-9a67-4204-8a59-95ee5a68fc01,False,6f36a3307488809f,8dc02e5c153f83a3
18-05-2026 11:32:27,bknKYh293itUBU1G8gt6,f5524abd-280b-41d0-bcad-043c8981472b,True,5a7b6516c51a4d4e,42d576864f9952c7
15-05-2026 00:15:22,fXzMHWXswfV0tazaO0gY,c8174794-dd50-4b3b-8df3-aa3eeaccccc4,True,daf96d2280390dec,63d3511e9e857901
26-05-2026 22:41:23,qYXzFsFsO6XeATol2399,065cdd7e-7133-44b8-a7f2-dbd195ec4055,True,867d47425e9cccc7,d57d393b16ba030e
20-05-2026 03:31:36,Z21OfIxeX0nO7QnCJjci,99870ad9-6b5d-4ff5-85e0-d4972562a87d,False,1d6285f5502cf1f8,e84878f982129128
14-05-2026 22:42:16,A9gwwSKocvOxDeiyZjjh,f7728c45-e037-40db-b23e-aca0d9e235d0,True,06bf6a628379e030,552b8d6c350cb13c
04-05-2026 11:41:55,waXkCCcnBqa3omlCq89M,8a74711d-007b-4308-acac-72ddcce17267,False,e1bd0a847e7079be,517fc5ca69b652a5
24-05-2026 17:05:09,rq69XsYiAvvKAoKOfmna,b113173a-cccd-47b0-b6b4-85173ffaa87f,True,574582321d04df00,2a339e8954684016
23-05-2026 02:00:53,2qo1diEG2g3wuLV46duw,bee36469-c708-4a28-bd80-ae99c6d5b3a6,True,2f2bd7547d602b7a,e7eb35b501d57e1f
09-05-2026 21:04:57,SORVvnhaVMUzzZcA9DrX,ca43b70d-da7e-4303-b3b4-b149ed17df68,True,5a7b6516c51a4d4e,3b1338c1207d1e2e
13-05-2026 11:11:18,aGnvoMeVqoWXeAmDMgA7,5b29ebe5-3a78-4ef5-83e6-c4ef83590831,False,c7f34dc43387f858,ec75a53f04901eec
19-05-2026 09:08:24,k5zXzKiTrkt5RCmGbSWV,31f25922-df8e-4854-a7c7-d0ee6cf5a203,True,1d6285f5502cf1f8,2b95dd3cf28e7c18
27-05-2026 23:31:40,FcLjqKG02yUjXslDIssh,474c1611-6f89-4842-976e-2615b8487f83,False,39a54d73a921b9f6,1d3db575c4a79d75
25-05-2026 20:46:10,BE1YhR6yks6W76OMpELO,cb7ce473-e03e-424e-8565-5a9f30b9e4a2,True,234da97fe615c6b7,bbbe498ee44f6349
18-05-2026 02:23:31,sDQi8PFu8oKgKDMbhOCw,6b6627f3-ee8b-41bf-ad90-0291db58df85,True,3bd002cf1fcfa789,d0825fdf3da3660c
22-05-2026 22:58:41,y6TSq3n0PPmyMwcfrQkj,c050fb4a-4415-48cf-851b-8c151ab9f8d4,True,42d576864f9952c7,552b8d6c350cb13c
01-05-2026 18:39:58,CrfnJ7kbwkqH7TrvxAHb,7c9963ff-be82-4d92-ba12-2f18ca3b84c0,True,5311a0642c2564ad,42d576864f9952c7
13-05-2026 02:29:15,DhyVIR1N8OYYbJqqYn8P,449947ca-2c11-435d-b126-d26796126184,True,c6a2d85265d19a41,42d576864f9952c7
21-05-2026 17:49:01,sILEzWAUwugeMOOu1Oym,974b13cf-cfa5-4066-bddb-7da6ace8d4e4,True,17b4966e9be4d8d8,3bc1bf7fb69f3ba3
02-05-2026 19:12:03,1qxcyx7wyRHZpxhD9mnL,a2f44e69-ed2f-4150-877f-c91b95ded6e7,False,e8c9832b5c388bb5,057c44d337463e07
10-05-2026 05:17:05,uM5tOYYDpZeturRHRnBc,fc88834c-3662-455c-aace-7814409db581,True,64a94f9052422a0c,42ac1a2bf982f79c
29-05-2026 07:51:09,PTeQLCT9HS6OEGTsMsuH,c8e1b1fa-9bd1-4fd6-a1cb-60ae5b127e6c,True,d632e4ce536ec364,b572bc65fae8bec1
25-05-2026 18:07:47,IFbVNq1E3DRCSYLsiMQX,636ee2cd-f36b-4b33-ab91-c996dadbf344,True,06961ead71f8b1d8,ae7ec9246c4649bc
10-05-2026 07:38:55,NHzi9nhRq7jjtH82rnRQ,3fd16798-bed1-4fa6-a8a9-910a5f167fed,False,7f281c8dbac1f799,95744df47936b8c4
07-05-2026 18:01:14,jwxyIwshKIOMwrBolWhM,b1837557-1ddf-41e6-a96a-cd4766f09de2,False,13db178cd9a1e37a,17b4966e9be4d8d8
22-05-2026 04:49:08,bB2pnZA5ozymZ6cF1zzw,d05a385a-3863-44d9-8340-26abf31641d3,False,d4389e820d4f82fa,131c7dd8f3ab4b35
01-05-2026 23:59:56,9gla2GdhNYMho9A6Dat2,82aecc22-114a-4db7-9ad5-56495ff2e25a,False,bb80f878cef35322,57e7d972b508815d
30-05-2026 02:55:31,CkwKH1ZqHBZPy3HoZ2vc,678c592c-0ca5-4776-a6ce-38eb1a7db77c,True,234da97fe615c6b7,c6a2d85265d19a41
07-05-2026 11:14:26,FSF5U8j9wgMeRVUGJAAV,6e2bb06c-7325-446c-9a4c-ab64073fdb48,True,f879804e4456e5d4,19a558ecc36977ce
22-05-2026 06:00:46,KHgAKuJUzDBPlNl7PWVo,415f10ae-020b-4e70-beb9-ddddab9f191f,True,a2fd30e5fa49ad53,f879804e4456e5d4
25-05-2026 17:40:31,ml1Bd2WxCl1G2PFFUBdy,d8b8ee0f-2cac-4ee9-a693-aba1a64b8414,False,42d576864f9952c7,de2dde23040292bc
22-05-2026 06:45:54,nqaopnzxFqRQ0io4Ig68,d4a52273-38d0-4df8-a793-5e5bc03bec99,False,4c885efe7bde3ff4,64a94f9052422a0c
13-05-2026 12:36:16,xMDZUEy7GGcqBqjeUNHj,9b12133c-8164-45f7-ac4b-fcf04e31786c,True,72bd2672c948d2cb,8e2e127651e9cbde
06-05-2026 21:02:00,rwAs0KL60BHoIBbkbOiG,31741d9c-0102-4f42-9eae-048e9cfd8a13,True,1b38ab967d98cc4e,1b38ab967d98cc4e
09-05-2026 14:58:11,9LIdeP85a6aA7FKy1eKp,1da48b35-fb8c-4bf6-8815-30b917c36a39,False,2b95dd3cf28e7c18,eb39e98aca20e7d3
18-05-2026 05:34:46,Alnrf4Uft1KLabmJoTb1,30fa82bb-b4ad-4234-94f0-4314d622474b,False,7f281c8dbac1f799,234da97fe615c6b7
03-05-2026 04:01:14,uJGNcqThnHauSnDKWkCp,a6015739-0b3f-4644-83e3-eed9393f1ce1,True,131c7dd8f3ab4b35,6588d11c4a11acb1
09-05-2026 13:54:12,1slrVczSzPNbCsed8TSr,5db426a3-0aab-4650-afd3-3453fae2da71,True,ec75a53f04901eec,a8c47673d6a4f85c
22-05-2026 03:44:23,hfauTLsMf5dVXsv4eHOF,e107a214-9ff9-4094-a101-9a15d2933e6f,False,9cbee3c1d7168837,b30b0b43692b035b
30-05-2026 20:38:47,93O9MRdECLR17AhPPLSk,6072f5bf-83e5-479b-838a-8492cd7d2059,False,2618243a251bd83f,e8c9832b5c388bb5
06-05-2026 13:48:16,jnj4EXLuufdkuTXo9etG,1f094d69-b587-43dc-abfd-21f92780f8c6,True,8f8c45c33ff51d0e,53c682ded6545e06
05-05-2026 02:02:39,pjRunG6lTDSxCE2IH8bZ,e90d0be8-ee49-4cdb-8b21-cdd2968fe747,True,e9da39984fb29dc6,1791998ac3161359
11-05-2026 20:24:13,x9OIuOjof2MoFjxS7nHR,3c05742c-6c67-4b08-af32-b8fed7f5af14,True,cb4c1290e91970dd,bc74204126e384ca
18-05-2026 02:13:43,YI69AVcUr4FGWI1KMEGI,c596c42c-da2c-4cc7-a7a7-e67aecf14b63,False,c0014ea2ee2fdaea,3b1338c1207d1e2e
23-05-2026 20:50:35,AXUD3S69GrPS6uZBSytf,cc43a9d8-69db-44f7-9cbe-ed0a0ddbd8e4,True,a8c47673d6a4f85c,06961ead71f8b1d8
16-05-2026 14:43:14,5vRDzwPIcd09ftP69Pon,8b3ccc4d-1832-4d9d-b771-15938ea971f9,True,6f36a3307488809f,0e52f2934d8ce165
14-05-2026 23:11:26,kKuJaJUaMl7RjDmc9lyM,896058ee-8c8c-439e-b6d7-ca1824d68b41,False,867d47425e9cccc7,fb188f553674b4c4
04-05-2026 15:18:22,AhIZHlxvK8O6COQIroPf,bd5cd21a-c9cb-48b9-a2f1-e27d8256806f,True,f7c6682ad24d37f8,72ba4e2f87adceb5
19-05-2026 11:33:36,9BuIiIwMOLAVafmq2dbb,34354f41-92b1-4acc-8046-6603cc7b16fe,True,e1bd0a847e7079be,8e2e127651e9cbde
29-05-2026 12:04:56,6Z2PjY71k98lFfOpWYF5,6519d662-e015-48d7-a75c-ef7fb01a08ce,True,b572bc65fae8bec1,5afe6ceac06784f5
01-05-2026 22:03:22,oJ35lIBWSsEj6bpyri8d,307c92e2-ff91-4ace-b1ec-497aa7034619,True,c6a2d85265d19a41,ec75a53f04901eec
30-05-2026 02:09:41,FSUataW0fkT3NHfXODxp,e5729a58-bbc4-4fc1-bfde-08c4c7b437a3,True,ec75a53f04901eec,153c202e3cfef4ba
07-05-2026 12:06:59,QuCN4RUDd6tu77sM2oRa,5c1480f3-6ff6-4d92-970f-07ac3aa83cba,True,55b620d8c0ab41e0,bb80f878cef35322
03-05-2026 12:42:22,dQKBmFss1nCxTt4SchPo,54b4000d-5303-4449-b3bb-e7c8cc738541,True,f7c6682ad24d37f8,1d6285f5502cf1f8
27-05-2026 16:13:45,q4y0Il0w7oABAhuQK4sN,368de3ad-1658-4619-90f6-3ce2db393b4d,True,95744df47936b8c4,24d6a87b0598b02e
18-05-2026 19:19:42,VvYe3jDEyaqaEyXu96O1,9803cb0e-7ebe-4617-9bf2-7d87c0f41480,False,9d16533a62ab9315,9d16533a62ab9315
02-05-2026 10:22:06,DhBK4oeE4ljHyC7kcSdz,ca8d96dd-c8c8-42a6-ba31-8b4b7ecfba76,True,3cc68b8049eb8d4c,fb188f553674b4c4
29-05-2026 18:58:44,Ju54x5mSbfggKc1aFoJD,e6aec90a-12c3-40c6-9073-e84321323204,True,5311a0642c2564ad,19a558ecc36977ce
30-05-2026 09:34:39,11ReaW3LdGgIDxo1g1sg,6c934321-2a53-403e-9e30-c3a8173d6849,False,4c885efe7bde3ff4,b8e78b83a62a0cb7
23-05-2026 06:57:49,EhyxZ3BSHwKBiLAsXTAb,c64f8702-ffb3-4948-a62a-18f945d2489b,False,2f2bd7547d602b7a,7182af742e04dc6d
09-05-2026 15:36:22,3mTBFk9waxgv45raFbya,8dad29d4-e92b-4c38-bd45-cac02cfbca4b,False,ec75a53f04901eec,cb207a93391638cb
22-05-2026 05:18:36,9UpHm1hfiyO7utsHIy3v,bd961a11-bbbf-4eb3-8624-35061b4915d4,True,514af2be7dc985d8,5311a0642c2564ad
24-05-2026 11:30:14,PsUVuhNeXpVpJUbBBgwS,1c10b7d0-8461-40a5-999f-092c98f26af5,True,e7eb35b501d57e1f,c837debb39dd1e68
27-05-2026 18:17:05,kJQgW17mAkbonM9kKKjw,5b0e4013-72e8-4863-afa0-df8af5fe138e,True,f7af4712fd6b9108,923d0315f3ae2bb3
07-05-2026 23:31:35,Y6N6531GiN43F1r2jqPA,e7134eaf-b618-4d6e-8bdd-fa450b4831a3,True,a2fd30e5fa49ad53,d632e4ce536ec364
15-05-2026 10:51:58,Mk9u7PqXxU6IhAkvvQmK,0014a773-be9b-4564-898b-b89588dcc0b9,True,2f2bd7547d602b7a,72ba4e2f87adceb5
14-05-2026 20:46:17,oTjHZYfi7G8OYudaOEMs,025a9610-d49e-45dd-b211-bc2627ffe9ad,False,5311a0642c2564ad,ae7ec9246c4649bc
10-05-2026 22:30:53,x6InVCGSXGWeWrke5MkE,0235ce43-7dc8-4ff5-ab2e-e09dc869b7c8,True,53c682ded6545e06,2a339e8954684016
03-05-2026 19:30:58,DSIWr1CvFcoI0wF9Abyx,bc8fe3c6-29f1-48b7-a6e9-841d7934af4b,True,e7eb35b501d57e1f,9d16533a62ab9315
10-05-2026 08:58:46,JescBguCKoExmqFp6Qr7,fa613505-904e-4e3b-a9c6-b1deb048fa81,True,06961ead71f8b1d8,91279a646f8ea6ac
07-05-2026 06:12:01,fdWMpnhBaD4ImHOLAP6z,2bde77b9-f8f5-46b2-9879-fa8d865f5f49,False,d5eb4d757b335d0e,42d576864f9952c7
02-05-2026 13:45:33,iSxYbdrcQXSLjBEuBaOo,41abe321-6cd5-4163-8482-69ffb1d2a662,True,5e1de20fecf98844,389da1f3a7c1d8de
05-05-2026 23:18:17,PGr7yJvc612RCaiymb3P,d758bf5e-eaf7-4d20-bf44-eca78535b873,True,a2fd30e5fa49ad53,c0014ea2ee2fdaea
17-05-2026 01:45:17,fqPKLkgpb9VsQYq1It5B,36591334-6e7b-4086-a5b2-76484da89301,True,c34c1310eab19c87,72bd2672c948d2cb
20-05-2026 21:26:08,2MBH6kREfqMa8nm60bEd,278cb5fe-b76c-491c-aa3e-c8769667f7d8,True,0f98939ac68105bb,389da1f3a7c1d8de
12-05-2026 04:47:32,t1XXAIQnADIAMuj3RVur,025cc1e3-90b2-4072-b956-888824626e24,True,1d6285f5502cf1f8,5afe6ceac06784f5
25-05-2026 17:49:39,6I867jddRzKzEuJurbFV,0c48e6ea-247b-49a4-8ec8-44adc5ee1c1c,True,bb80f878cef35322,39a54d73a921b9f6
06-05-2026 01:28:24,3nKow3nhI8TVBQbMJQAn,eba4776a-8990-433e-8d8e-861881e7ce47,False,1791998ac3161359,430f674c6dfe941a
11-05-2026 16:58:28,QMj9DPr87MzDndIgVbVQ,5ae6fc75-3a00-49f0-931b-1a225e528f6d,True,3bd002cf1fcfa789,04964f8452901231
03-05-2026 04:08:52,Jf9zpEJJe728xSAEsHf5,cf1b5dcc-6839-4510-add4-7a9c0bca2268,True,bc74204126e384ca,c0014ea2ee2fdaea
15-05-2026 06:57:17,COSsqSUiJ2ElpzDaJcNV,7c13c0e5-da5c-4630-af7a-9c7e98792178,False,19a558ecc36977ce,1b1cc9cee9f27003
15-05-2026 09:20:33,TldNIVoCyhoyfIy0cnkR,042723e8-55a8-458b-a22c-86c5bf57d422,True,d0825fdf3da3660c,1bd749deaf799034
25-05-2026 10:37:54,GtwX81vXTFWXJzUMtWd1,4da675e5-aedc-449b-948e-0b39ba382359,True,82a83fc853728306,d5eb4d757b335d0e
03-05-2026 07:15:45,KnVQrQIodJMKBXrEPyXf,c30fbb7f-8eb5-41f3-9fde-4888fd4a6ad5,True,f7af4712fd6b9108,552b8d6c350cb13c
21-05-2026 12:23:49,uZvIzGfQa99os4CRXSCF,ae65e88d-a7a6-43cf-9b32-31e0e0ea32e6,True,13db178cd9a1e37a,d0825fdf3da3660c
26-05-2026 11:00:05,kBUOxfGbAlTZVPFoGXDw,720c8552-2ee0-464f-89b8-60b37cccb2b5,False,53c682ded6545e06,1b1cc9cee9f27003
23-05-2026 11:47:46,6x7NL4o12lk7pYrVeCwq,88e00fbe-a9c2-4117-8038-852902bb235a,True,3993ad7e2565b6b0,8dc02e5c153f83a3
07-05-2026 07:09:34,5Jdfn5502jPgojIujUxq,883ac09f-78f9-4b8d-8903-5f340a6003d3,False,2618243a251bd83f,95744df47936b8c4
06-05-2026 09:59:44,NcqTpY90DtIziX1GdGQI,1770fd4c-92f1-4946-94ee-5e03975ba18d,False,e1bd0a847e7079be,cb4c1290e91970dd
18-05-2026 21:02:01,1661qz1uN7NkADBeLhxT,0f232aa2-2ef2-47f2-8e5b-44b6567cff43,False,3811390588367f0e,24d6a87b0598b02e
14-05-2026 05:02:28,6wmjdYqdo8nZscoE7AXp,e1f9ee75-1c82-48bc-9aea-450165f0f621,True,574582321d04df00,389da1f3a7c1d8de
06-05-2026 18:33:16,Zian4rfJMM2KM8AEJxiu,5a1f7bc3-1cb2-493c-996c-b79dae72ec59,True,5311a0642c2564ad,63d3511e9e857901
12-05-2026 13:31:01,FZJDEASaswqom2ISTvYH,d3ba7c87-0d39-4154-a740-3e4facb0f7aa,True,5311a0642c2564ad,ce246387dd078174
28-05-2026 12:36:33,OMXpQCrxXPqJHP5yxiyq,e78e691f-11c8-4206-a279-48c5ea29f018,True,cbf338d836298cb7,d0825fdf3da3660c
13-05-2026 01:02:22,jc6DX0cwRafKtVWa6KMY,b86a5187-8b8a-465b-a2ee-594b58099d6a,True,b30b0b43692b035b,57e7d972b508815d
07-05-2026 21:59:25,SFEHgFFKpbucvXfn5ctm,e6d743a9-6b3b-4ce5-886a-67789e9feed2,True,f7af4712fd6b9108,e9da39984fb29dc6
03-05-2026 21:18:17,wP2Y9eR29B5FLiLZlPri,ec069f3b-c9ce-4c36-b9e4-82e49a740d54,True,cb4c1290e91970dd,42ac1a2bf982f79c
04-05-2026 19:38:50,bJHNRvWjdwXGzvTJNOyz,81ad144b-d904-4169-bec0-f80e847371e0,False,8dc02e5c153f83a3,1b38ab967d98cc4e
06-05-2026 17:56:41,yoPT4HmzNQBuv6vOPGFS,ee9da2ab-649f-43fd-83ec-fd9e64ef44db,True,93279918e60ec274,3c58290022ed11b1
22-05-2026 07:00:55,hJDILLl3L2S6sWPi2Rc0,d35e6c02-a15b-4ba3-b21b-04ffcc062c3f,True,d632e4ce536ec364,1bd749deaf799034
20-05-2026 08:09:36,KPSB1HH56ueESvlXjCIA,6f102e43-a53e-4c7b-90d1-2b569aea9299,True,487b076a69a53671,1b38ab967d98cc4e
03-05-2026 18:08:40,xZ6X7mP7r1OevaeH0TKL,94d4197e-2ac8-459e-8fd0-b4977e3ed832,False,e9da39984fb29dc6,bb80f878cef35322
27-05-2026 16:45:49,RMXCastnDUhbF162ox5O,3896b7ef-ce8b-47cf-9eef-3effabe09ba8,True,bb4bb9fbcfcc16d1,3993ad7e2565b6b0
28-05-2026 21:30:46,ZdF9IbPbxoRqECcmYHJv,835eb822-2409-4a55-ba70-feec738dc462,True,d57d393b16ba030e,57e17fffc619e182
17-05-2026 13:35:39,1uwI7hduZpXR51QCX4Wx,53376a40-b74c-444d-85ba-609a238e21ca,False,b8e78b83a62a0cb7,24d6a87b0598b02e
13-05-2026 16:43:57,scD8ouwLNxk2tiUBVQ1C,43cd97a5-aceb-445e-9061-2b8b5d11da5e,True,5a7b6516c51a4d4e,d57d393b16ba030e
18-05-2026 06:48:39,3qOgV1rqWUKi4NE6snN5,0bd4f13a-575f-4df5-b91e-38c6f6aead9b,True,6588d11c4a11acb1,2f2bd7547d602b7a
14-05-2026 16:38:02,zx4oAbIwW3Hs8MfkgTnp,adc296be-ba27-42a0-b10c-ed21eb66f840,False,3b1338c1207d1e2e,5e1de20fecf98844
06-05-2026 10:59:06,kEGiD6t9HXMViXH22Bz1,c80c74d3-9209-40d3-b1ed-fb0605951407,False,53c682ded6545e06,c9ab51cba10ae1e9
14-05-2026 16:52:26,8YlW13LDyDedUUtsyozb,bf9f9a7b-640e-4309-9ae3-148377953666,True,fb188f553674b4c4,1791998ac3161359
08-05-2026 04:49:09,vOoz7JmRt6WgMrd90LPI,df862532-65de-4937-8dfb-b0f04aba63b3,True,5311a0642c2564ad,131c7dd8f3ab4b35
24-05-2026 08:24:33,qNTikOjMizzscl7tjFZk,771ab92e-9cb5-40d6-a520-4e13531465e8,True,91d55d217a2af234,72bd2672c948d2cb
28-05-2026 16:24:41,8rPpeLvb4IJOw2kRqn9w,7ea42355-0b05-4f4f-8259-3c9d7b805ffd,True,bbbe498ee44f6349,cbf338d836298cb7
01-05-2026 20:28:02,UDQZh1hG6wMEzbe6jCtB,5a88ccfe-5b92-4895-ac2e-36a99433cff1,True,7182af742e04dc6d,487b076a69a53671
05-05-2026 10:50:37,1T3VPbltY2eT86rBXYXA,f7009606-c4bb-4cd6-bd8d-508b631d31d4,False,514af2be7dc985d8,6f36a3307488809f
15-05-2026 07:22:28,nkf8Otfpbtvzxm4onj1D,02449380-6b3c-4914-ae4c-14b713835064,False,91279a646f8ea6ac,f7c6682ad24d37f8
27-05-2026 08:28:43,v2AygsBgPNOuV7ANnS9X,200452ed-cd2c-4bf6-8301-86d9688c2f11,True,63d3511e9e857901,f7af4712fd6b9108
11-05-2026 08:03:14,Y9j1W3MI5TLGVReH5eKe,db4e867e-0e5a-4543-b283-4ac38f94a782,True,13db178cd9a1e37a,8f8c45c33ff51d0e
07-05-2026 03:40:49,KXNGTrPBnr2RhBfakbr9,04361ca3-bcd7-4dd1-988f-b1ee195d208a,False,5afe6ceac06784f5,cbf338d836298cb7
06-05-2026 23:33:29,17d4yzgmEESx9NCTrrzS,ab9d9b0e-e064-498c-8bd1-4f33f2ec4701,True,3b1338c1207d1e2e,72ba4e2f87adceb5
18-05-2026 01:14:16,sLgRWoitvVw0YYgImvj1,5fa856fd-d529-481f-bd4a-8d0b7b57874a,True,2a339e8954684016,19a558ecc36977ce
29-05-2026 07:29:35,wwkyScDhB9g9IxeBbA0D,79eaeb68-254a-4fca-bdc3-e2b7d9ddac65,False,8dc02e5c153f83a3,06961ead71f8b1d8
28-05-2026 17:22:40,qKRRVeW09PmB2u7SxHAk,5bfaaf24-dd31-4f34-84e4-3bddd196ba7e,False,3cc68b8049eb8d4c,1d6285f5502cf1f8
22-05-2026 14:03:38,C08QYNKwqcTn98K9psit,f4368ea7-4f3b-4c8f-ab98-214753a05570,True,fb188f553674b4c4,f7af4712fd6b9108
13-05-2026 20:05:55,AhTyeLLmvNPZglqn2fTN,330b5952-fc94-4085-aa84-d36535e06bba,True,b572bc65fae8bec1,7e8fb26408446272
13-05-2026 20:31:21,WszeDdJKbmVbvFCIQIZi,1539eefe-5700-49c6-a319-bcdf269386be,False,c7f34dc43387f858,fb188f553674b4c4
03-05-2026 16:03:43,uC1RfEJyAAf4u0fnSRg1,4f482843-9261-4d53-b451-90312fcfaa93,False,57e7d972b508815d,91d55d217a2af234
15-05-2026 17:13:15,PpWnjQhVGUIcVj3YrFAy,07efec5a-00f6-4eda-a93a-8940515626b3,True,c837debb39dd1e68,c85cdb0ef48d09c8
15-05-2026 07:12:04,nzgQxkuHHFc5oO2GO38D,d5de2b41-73cd-4a83-8903-6fbd4611680c,False,923d0315f3ae2bb3,3bc1bf7fb69f3ba3
17-05-2026 13:38:16,BglkX0w8WWppnhaTbS7j,2a83fe59-babe-47b9-8b9d-8f958beb286b,True,923d0315f3ae2bb3,39a54d73a921b9f6
11-05-2026 07:43:40,Wd5eqX0bQrWugafbAa4d,6e1f1c6b-c99a-4d0d-811d-119142fdeed3,True,430f674c6dfe941a,2b95dd3cf28e7c18
21-05-2026 04:30:04,ztDNMuOe9aD4gsTBIONA,7a29fcf6-468d-4e02-97cd-d173640ab60e,True,1b1cc9cee9f27003,7e8fb26408446272
24-05-2026 18:12:12,5rArHIvrb9L0qBHfrXAQ,188f461f-4c90-454b-b449-4401d0a13ccc,False,2618243a251bd83f,c7f34dc43387f858
10-05-2026 14:57:42,27fzgwUJPn57IsmixAE0,554028c9-07c9-4b1b-8ea8-741750cdd500,True,7f281c8dbac1f799,234da97fe615c6b7
23-05-2026 16:41:28,bJjCXwWIRQGP4zWbRSIX,5c789095-317e-4a11-a6c6-976c06ec0a24,True,cb4c1290e91970dd,3cc68b8049eb8d4c
22-05-2026 14:55:48,F2KRuw5cK3FpGQAQUgeN,d9888c00-0473-4249-aa2b-f757c002c8e0,True,5e1de20fecf98844,487b076a69a53671
01-05-2026 12:32:45,d3wgJn1fAJBzujSApDu3,60b8fa0d-ade4-4aaa-bb7a-715a6e05efca,True,131c7dd8f3ab4b35,e8c9832b5c388bb5
16-05-2026 03:13:19,XAGP2fIOzJZLEhLliVdr,da0dccbd-c8a7-46c8-9f1a-cf454b4edce0,False,75778bdb64d1008e,6f36a3307488809f
08-05-2026 08:20:28,xFfbNEr4079jSj1hsz0g,fc6390b2-b348-4cd0-9a6d-73c8105c9623,True,cb4c1290e91970dd,19a558ecc36977ce
02-05-2026 07:36:22,3xG7THsIAm9uVa8XmnBR,24e1fa1b-b689-4d2f-9a78-5c776ca6a7ae,True,18d281edb3671f44,7182af742e04dc6d
20-05-2026 04:54:25,dRn4F8hfllxAN6jYGC44,d91f7069-622b-4527-a59f-995ef20f6209,True,c85cdb0ef48d09c8,cb207a93391638cb
01-05-2026 02:49:06,RJeRgyIfzIGiLGJ1eyLW,375d8a1d-2d46-4459-85ec-08886a7f5e42,True,867d47425e9cccc7,17b4966e9be4d8d8
02-05-2026 16:38:45,gEJmCelSSpdJY1Zt1DD3,6974725f-ca28-42f2-8a3c-e27f34603f32,True,3c58290022ed11b1,06bf6a628379e030
09-05-2026 20:13:59,GVgVHUvqsq9Fs78KMlyH,2a5c9aa1-4ad3-440c-8bc2-6d9ba204c5f4,False,487b076a69a53671,57e17fffc619e182
05-05-2026 04:52:09,dix44ygXXAglqQosAnVZ,4b0d5be2-58e1-4f2e-a735-2aeba2e5ab7e,False,514af2be7dc985d8,556be8558ce56421
06-05-2026 06:41:12,OtQDt1PNA8OOq40mUDI1,8ddf3926-f363-4db2-bdaf-229f6309d4e5,True,487b076a69a53671,a2fd30e5fa49ad53
18-05-2026 04:59:19,Ay6bU78sRmC13kVdFMTD,b06544a1-d74f-46fb-af4a-9f81ca45e3bc,True,487b076a69a53671,24d6a87b0598b02e
16-05-2026 02:34:14,Z8rzdftgp7xFjbga3sGV,7d690151-0080-45d0-856d-5125a56d24ff,True,9d789fd91804129f,53c682ded6545e06
14-05-2026 15:32:03,QurLSvFvZkeMUDBvWSzb,73ad86a1-c42e-453b-8d20-324a7c769143,True,13db178cd9a1e37a,5a7b6516c51a4d4e
14-05-2026 17:13:29,IyKY67UxIyApjBv6K4cU,75717166-85a1-425d-b4ab-1731c0386034,False,4c885efe7bde3ff4,ec75a53f04901eec
05-05-2026 10:50:27,5hWEEX6hPktaqerPwJ4X,3ef932b2-b386-4991-880b-eff3daf041cb,True,7f281c8dbac1f799,057c44d337463e07
05-05-2026 08:18:27,DC4bWFXfOqXJQKt4ehe0,83e3dc6f-c336-43d7-b4b1-e98199a64a32,True,517fc5ca69b652a5,9d16533a62ab9315
11-05-2026 23:32:10,ehBy7XnoYgnfgXPRrHiL,5a20e555-8e05-4785-859f-bf377e9ac7fb,False,3bc1bf7fb69f3ba3,574582321d04df00
28-05-2026 04:10:48,BTGFESw1ZmwQmlW8WehP,b91cf6c8-0865-4709-ad50-95cff7c0a9df,False,3b1338c1207d1e2e,fb188f553674b4c4
21-05-2026 11:00:43,1K56240be3C72VmPh5Mc,42c6bbac-83c4-4eab-b8e8-2fefd5aec390,False,e7eb35b501d57e1f,8e7f2987241c2818
12-05-2026 15:45:33,E7j7sss86R9g2FG2opDy,dfe0e203-275a-4414-bd1a-3724a88fe9b1,False,c34c1310eab19c87,de2dde23040292bc
27-05-2026 20:14:29,ItDVzn2AESifh52fqHiH,b731a09e-e69c-40c4-9d11-eb33f347722f,True,9d789fd91804129f,e1bd0a847e7079be
26-05-2026 20:57:56,ErMnA8C7tIHet3g3H38z,25edb9fe-8002-4ae9-b615-222ec7c8abab,True,1bd749deaf799034,64a94f9052422a0c
23-05-2026 14:42:30,Z0uzNobbRjkjk3o3YSPg,6c6208c1-0095-4a42-92e0-f342e8f3fa44,True,c85cdb0ef48d09c8,eb39e98aca20e7d3
12-05-2026 22:31:35,eBlxy2fwLNOOx1JUDae4,512305a7-3634-4a31-a463-7e0c68e0a313,True,2b95dd3cf28e7c18,18d281edb3671f44
02-05-2026 16:12:15,TTuu1uZkLmrBmgMaqfZg,13fecbad-84a2-4d9a-b29b-bafc84f72edf,True,fb188f553674b4c4,39a54d73a921b9f6
03-05-2026 09:22:55,SabyQ1DDhBkhxPNJlHhX,275f24ec-b555-4121-b18f-173e4b76d182,True,cbf338d836298cb7,cbf338d836298cb7
09-05-2026 16:54:49,mdd1wWwLkM02ttX8DcKj,2d19114d-2b34-480d-b840-880f25434180,True,3cc68b8049eb8d4c,1b1cc9cee9f27003
18-05-2026 03:14:16,mHNSDRbQIa1Evf3SldaP,8a3e765f-f91f-4616-b83e-9f1b10eb58f8,True,389da1f3a7c1d8de,4c885efe7bde3ff4
08-05-2026 01:18:49,hO7dk6DBcrQesyEjBoZC,5345ac1f-1239-4753-b599-7b7f882d9abc,True,bc74204126e384ca,c0014ea2ee2fdaea
03-05-2026 11:06:31,gOk1H9TqLV0BjrMeN3dK,51c4b6b1-6f6d-46ff-8467-6ace551b7252,True,c7f34dc43387f858,9cbee3c1d7168837
25-05-2026 19:04:17,FhND4Pln6Ka3vAocW1Ud,7c62b530-66f0-48a1-bc6e-51756a23bc66,True,d0825fdf3da3660c,867d47425e9cccc7
30-05-2026 17:35:20,s5sdADc5xMRMqPgvZMa3,dbef1852-40c0-4a69-ab9d-16de57981c5e,True,2b95dd3cf28e7c18,42d576864f9952c7
28-05-2026 07:01:54,zYJGesnl0UBbM5e0V9Bc,dc7488bb-01b6-48cc-9746-f79916ab8f6a,True,5afe6ceac06784f5,55b620d8c0ab41e0
15-05-2026 13:57:44,OXYbpTiQVXCCt36vptYx,b6a64320-fc0d-4346-b13e-6fc5187a8c14,True,8e7f2987241c2818,d4389e820d4f82fa
18-05-2026 03:54:04,Kby7lYRl70k5O6J75ONy,5c6056bd-c059-4743-b2d0-deea7db9e1e6,True,c9ab51cba10ae1e9,3993ad7e2565b6b0
29-05-2026 10:45:33,Q39gkPrBw8Rq0pCXi1g6,cfb069e3-9556-4df6-9315-badf607b58c6,False,a2fd30e5fa49ad53,d57d393b16ba030e
12-05-2026 14:33:05,sxus1rhjGI7RX5p2ZlUV,425f3893-5d73-48d7-ab4a-cda324d2560f,False,6588d11c4a11acb1,daf96d2280390dec
22-05-2026 16:43:22,a62hyIXCuCedGvQZI5S8,ee58dd0c-3f26-4b7a-b408-da05cfcc8a8d,True,153c202e3cfef4ba,06bf6a628379e030
03-05-2026 11:46:16,pUefE7VR7hLU5jFEyMSl,915cf177-86aa-4d6e-9803-448c8c97c60d,True,bb80f878cef35322,487b076a69a53671
17-05-2026 05:49:56,Gv0r88kHHw283kBzSNoU,686e1ff0-7341-4e26-9855-33f9bb72d9df,True,17b4966e9be4d8d8,d0825fdf3da3660c
07-05-2026 17:42:10,tVanHD7c3rngV8MbafN9,73ede765-d249-4a8f-8a4b-f1dda627e577,False,ec75a53f04901eec,eb39e98aca20e7d3
04-05-2026 18:19:32,NsaJ9i7GUiyErQr17xvD,7de2b39a-017f-4f9e-aac0-51475413147e,True,9cbee3c1d7168837,fb188f553674b4c4
01-05-2026 23:35:37,tWhqvHLyB5exeOJiqseJ,4c66668c-0ddc-42ce-950e-bb44c5513332,True,e1bd0a847e7079be,34cbefbc28798720
01-05-2026 13:19:47,laywmrZwu3MBCcMA3uFx,28927fa6-e97a-4658-831f-9f02d0870cb0,True,e9da39984fb29dc6,b8e78b83a62a0cb7
07-05-2026 18:04:46,eM1wYGsKKdOxiFxns5Zb,6c322090-09b8-470e-ac42-3584144967f4,True,de2dde23040292bc,cb4c1290e91970dd
30-05-2026 21:25:52,uJz5ryEAysRvttsy0y8A,343713fa-fe47-4102-ae38-d56c05f6513f,True,57e17fffc619e182,e8c9832b5c388bb5
30-05-2026 23:55:01,LoPJjIEaK6FrXxdN7BC6,d7909901-18f1-4e92-af8b-5dda5ef62f50,False,91279a646f8ea6ac,0e52f2934d8ce165
18-05-2026 07:02:29,EtZjjtnEqBkjpFzoVAze,d433c2f0-9a0f-4f3f-8c68-03ce637302cf,False,cbf338d836298cb7,1b38ab967d98cc4e
23-05-2026 01:55:15,45oz4aL1pNE5nR1izW5t,32325909-374a-46be-a1f6-ec8798b2d038,True,06961ead71f8b1d8,cb4c1290e91970dd
25-05-2026 23:01:19,6WOZnVsZBgdLCj28ABRQ,be9324d9-78f8-4ed0-b0d7-341e5b878161,False,bb80f878cef35322,3bc1bf7fb69f3ba3
15-05-2026 17:05:39,U1nzmrbE5NB7UbxLpxlt,49e6ceca-b9a0-4df1-bbc7-483bd3a95d62,True,91d55d217a2af234,8e2e127651e9cbde
10-05-2026 04:03:15,qa6BOyzkQsdsbGlIjOPl,7682ef21-fd51-42e2-9ccf-cd6425c453ad,False,a2fd30e5fa49ad53,7e8fb26408446272
06-05-2026 03:25:40,TBlPYNKCjKVF7alWXdca,292676cc-9760-4761-8443-ceb6f65a162f,True,1b38ab967d98cc4e,b572bc65fae8bec1
11-05-2026 13:40:00,VqyZ4YYGfKgvzcZhOkhr,57d39202-f3ff-4e4d-95f4-36773ad7eca1,True,64a94f9052422a0c,9d16533a62ab9315
28-05-2026 23:51:50,el6FAet7psxZOyVFPhGl,926f0944-4d6e-4fd1-9382-1d21e6b71fe6,True,7182af742e04dc6d,556be8558ce56421
28-05-2026 05:16:53,RPsSzGEUT79y8jHQKVKT,c233365a-3112-4faf-8346-3f490a600619,False,7e8fb26408446272,daf96d2280390dec
12-05-2026 17:48:32,ICgi15H6aVXIHknkOf78,033f71e5-28ae-4742-948d-6e7fbdae0ace,True,fb188f553674b4c4,8dc02e5c153f83a3
13-05-2026 23:42:14,CQcVXEtNgi8o7YpvXFMS,a00af6b4-9441-4806-a7c4-600162e2023f,True,4c885efe7bde3ff4,06bf6a628379e030
25-05-2026 04:36:50,yWCQvXld7WciFpZZ3voz,c4231046-abf5-436f-80e5-5342eb6dd6fa,False,9cbee3c1d7168837,514af2be7dc985d8
18-05-2026 05:09:43,HDKXJWSWskwa8ID6fjrw,401bc6bf-2a16-4ee7-90a0-8e5525e3c300,False,2618243a251bd83f,64a94f9052422a0c
25-05-2026 10:40:41,cToaH6bzGlsRP3RxfeK5,93b41334-79db-4b90-95dd-4768e67d1a9f,True,13db178cd9a1e37a,06961ead71f8b1d8
11-05-2026 17:55:14,e3E0bwYe50FRDxO2rZT6,667547fe-c154-4ef7-a532-b6f1163671eb,True,cb207a93391638cb,93279918e60ec274
13-05-2026 19:56:33,eLdkvzzf2OHWyptG8Xw4,fb4f9825-e3a3-4592-bbcd-ed66ae6b979e,False,c51d4eb54f89fec8,13db178cd9a1e37a
21-05-2026 17:55:25,XGnCI6vfSWAK1uuf23ka,5dbece3a-2fdc-42df-a2f3-fc69a1b7609d,False,c31244cee16e0c77,53c682ded6545e06
09-05-2026 06:44:45,8iMRM8ZiM4MCNOXDm4ZG,245aa18b-b182-433e-b058-3e27eff63916,True,487b076a69a53671,ce246387dd078174
27-05-2026 08:12:29,Zy7RGst7FnFA9NxbvoIq,3a9b4bb7-3b5e-48c0-b5fe-a3965e56f6bb,True,8dc02e5c153f83a3,63d3511e9e857901
07-05-2026 03:23:15,mdyFbE1FgVyhoSPe0pU2,5cbc86e9-429f-46fa-b40a-0ccdf87acaac,True,057c44d337463e07,3993ad7e2565b6b0
30-05-2026 07:14:41,IZMBfE6ejghOHHmbrwWx,dc32bec7-5450-4d98-948e-9f48a928c427,True,923d0315f3ae2bb3,ce246387dd078174
09-05-2026 01:26:02,Ctq1lwvnfdQqqCwj97u7,d2e7ac61-9da5-4190-ba7b-38219994c1e8,True,517fc5ca69b652a5,574582321d04df00
06-05-2026 01:37:33,vArltOTwAzuPDXkQvz67,830b4369-3acc-4131-9f41-c1ade5043df4,True,53c682ded6545e06,72bd2672c948d2cb
08-05-2026 04:33:19,ZwAxmbiNtXJF8StgTYqK,530ee345-1a67-42a4-bd40-972c1627a4f8,True,75778bdb64d1008e,c34c1310eab19c87
26-05-2026 01:10:26,OOEsPrAYBWphq30t99Lg,54c728f6-4ff0-4ae1-becf-948b0120a6aa,True,2a339e8954684016,cb4c1290e91970dd
28-05-2026 09:18:51,YOanPix7kubcjbLdbvqZ,fbbc06a5-1ff5-4a72-925f-d5c18e7d3aeb,True,daf96d2280390dec,0e52f2934d8ce165
14-05-2026 08:51:42,9nX386bzbmCyEuyLkDEn,64af8071-1c13-442a-b008-df0a7bfc1339,True,5e1de20fecf98844,8dc02e5c153f83a3
14-05-2026 03:06:59,1L7ovlNDP7VaEWGTkRoD,7d162bc0-0ca6-4aae-9d62-1477642275ec,True,42ac1a2bf982f79c,131c7dd8f3ab4b35
27-05-2026 23:42:59,uT3tSOv0x0kgOKrbAtjs,e4d3e3d5-84b1-4b66-9ee0-0f60ff29da1e,False,9d789fd91804129f,3bd002cf1fcfa789
04-05-2026 02:08:28,Ft4BqqhVopZcwoPbcHGK,a8be908f-aa97-40d7-aef8-376774e34662,False,487b076a69a53671,c85cdb0ef48d09c8
27-05-2026 15:08:57,X1nqpObP7z0uUZlse1SF,fb9ca8b8-92be-4119-b8a6-81370794e7c4,False,72bd2672c948d2cb,3811390588367f0e
16-05-2026 17:48:21,2BfUGVFQSxJat6GKMqk4,17cd4ff5-2eff-4c77-a33c-4511bff7baa8,True,9d789fd91804129f,f7af4712fd6b9108
25-05-2026 07:09:17,7SwnhptxzSYkPP45db80,96c289cc-6e23-4554-bc63-47189ff92be4,True,c7f34dc43387f858,b572bc65fae8bec1
09-05-2026 12:25:54,kwrNQX8wkiEGc27ntnXm,90ad3cfb-dba5-4d53-ab56-cd9462eb5d3a,False,c9ab51cba10ae1e9,1b38ab967d98cc4e
08-05-2026 02:32:31,tesSPDkCjpQp4G8OZB2o,b402986f-5c9f-4703-be21-5826e6f955f8,False,3bc1bf7fb69f3ba3,5e1de20fecf98844
09-05-2026 03:42:13,vf175Sun6YyHCRQ1Pwrg,4e9896fb-e36a-4ac9-8965-01b405cae51e,True,24d6a87b0598b02e,5afe6ceac06784f5
22-05-2026 17:55:40,JTxdkZqUAavaphVJATGb,eea161e8-d021-468e-857e-1b6a3c9b8fab,False,17b4966e9be4d8d8,8f8c45c33ff51d0e
12-05-2026 15:47:10,PwNk6VIh0KkoBl9cSugM,8863fcf4-6160-41fa-8852-7d7859eb8c31,True,057c44d337463e07,3993ad7e2565b6b0
04-05-2026 23:21:55,VyVDf1IePH3bD3RyXOBN,19694aea-ab81-4438-831c-f82ee3129ee0,True,d57d393b16ba030e,7182af742e04dc6d
23-05-2026 14:57:59,88I7ClYZwEuJLOXFD1XR,f8b81f36-644b-4d03-aed6-8c5756d04551,True,3bd002cf1fcfa789,cbf338d836298cb7
04-05-2026 04:01:42,Ogn6g1y8sx6u4gKcNzwC,95133218-2fc8-4930-96fa-50b5a05cb3a2,True,057c44d337463e07,e9da39984fb29dc6
09-05-2026 05:51:34,9RUU579Ey3StQO9wQgYb,4c1340a9-eacf-4317-b1c6-9f339212cfb3,True,1b1cc9cee9f27003,39a54d73a921b9f6
03-05-2026 05:17:36,jhSQ42lRXi01EL3bz52w,7d96295a-44d9-44e2-9e63-3660035cad35,True,c6a2d85265d19a41,da211edc7bac01a0
30-05-2026 22:21:18,ToZ3d1zo4M9PS8qDPBFt,88d79f44-ef93-4a8d-8795-477c5df50e78,False,867d47425e9cccc7,7e8fb26408446272
15-05-2026 04:37:32,7zwMSXPxcb4xVZdqb9CQ,0b70a732-e57b-4542-8f3e-e4f9170a8077,True,d4389e820d4f82fa,8e7f2987241c2818
06-05-2026 11:34:55,ZCUqQCPnRey97kvIYrQj,e023d37b-c4b2-4db4-8261-55b0882e3205,True,3cc68b8049eb8d4c,c34c1310eab19c87
13-05-2026 05:42:41,By9muequvVhQNfzKyLSt,df67d14c-f190-474e-bf4f-b403355e6d75,True,57e7d972b508815d,7f281c8dbac1f799
23-05-2026 21:06:41,qDCZiJMoUSQpCInxYa88,ab180705-cbea-49af-a5b6-f3552fa5a315,True,d0825fdf3da3660c,04964f8452901231
11-05-2026 04:28:55,J8LvtJf62jfo7a3k7v9w,c8909912-2329-4bbc-b793-857082ce2573,True,d632e4ce536ec364,64a94f9052422a0c
30-05-2026 11:09:45,xM5iWhR0FA9wbcBK4hrX,0abbf346-566c-47b4-a4c7-0f18fb271a87,True,24d6a87b0598b02e,c0014ea2ee2fdaea
01-05-2026 03:49:24,O11jq9OCdBnbMnjXtkz3,c4f35e34-e305-44d6-9309-a764bccdd13d,False,72ba4e2f87adceb5,bc74204126e384ca
27-05-2026 07:01:58,idJvCGoP2NuSOvt4fO6o,f7406553-6c37-4fb0-aad7-32533f36c3b6,True,64a94f9052422a0c,6588d11c4a11acb1
18-05-2026 04:37:23,mSa0lrHbZQetozbDj9qt,352cc39b-3b31-4829-bfaa-6d84d88e4b74,False,1b1cc9cee9f27003,06961ead71f8b1d8
24-05-2026 23:30:07,RviNSwwkQHnwOAYjQGjs,58af4524-164c-4b15-ad39-025ff5db2b01,True,c837debb39dd1e68,c9ab51cba10ae1e9
04-05-2026 10:59:23,pSMOI59zUIEfRM4Wm5Uc,f1f4431c-81fc-46b6-9a48-6e299727f73c,True,3cc68b8049eb8d4c,c7f34dc43387f858
04-05-2026 16:54:04,XWyoph5eqOLQwxSc138X,5e27bf6d-382a-4c11-bc57-11dd116f5157,True,bbbe498ee44f6349,daf96d2280390dec
08-05-2026 09:04:30,MjevCeCNOY7Q27X4Su55,a7083920-1e68-4f1a-bd77-326dd0ac1ec1,False,3c58290022ed11b1,9cbee3c1d7168837
06-05-2026 15:42:52,kzPzuT7ooTjGJjJKSPgF,c4ec11a3-ae1a-45f4-8d55-c165a805e0b7,False,e1bd0a847e7079be,234da97fe615c6b7
21-05-2026 18:14:59,tbg2fNB9QvXYrQrJsVeV,60123d05-6a18-4c3e-8ce6-bf2869f136fb,False,330949523d665e3b,eb39e98aca20e7d3
22-05-2026 12:34:28,sRCeASuA9fQKAOczrXrD,cb5f5a17-55bc-4cb2-a862-297b626a0245,True,d0825fdf3da3660c,514af2be7dc985d8
21-05-2026 00:53:22,sYlKxTzUwwMfAn0q7ly1,046a40bc-0cf5-493e-a6ee-66324468e5a3,False,d4389e820d4f82fa,c7f34dc43387f858
06-05-2026 12:41:02,A3hcWxMuE8EQlxc9tDlm,277df332-5e9c-4194-b0cc-c2a5415ba0fd,True,3db4e6efff8b7518,34cbefbc28798720
02-05-2026 15:19:29,ICs6aA8GPvyoHYFf5Cvi,f3c7bf9c-55f4-4cd3-8043-e245af9b23d6,True,3993ad7e2565b6b0,e1bd0a847e7079be
08-05-2026 12:47:32,BbyDajGkfkXVwAD5togm,4c656bab-eedc-4099-9648-7ee1bf8bd48c,True,3cc68b8049eb8d4c,3993ad7e2565b6b0
14-05-2026 06:33:27,eEmQ0UJ89CmLO8dMagIT,bdaea07f-26af-4bef-9ffb-4edc671399ec,True,f7af4712fd6b9108,eb39e98aca20e7d3
21-05-2026 13:29:51,biOD2veuienlrbyq4Xx9,e453f441-3ddf-4c6a-b23c-bf9875343a0c,True,2f2bd7547d602b7a,6588d11c4a11acb1
12-05-2026 23:10:01,s295NLHXXmlfoYXAoNZo,1bc5fa67-3ce3-4839-80ff-d227467111ef,True,556be8558ce56421,34cbefbc28798720
03-05-2026 13:20:41,zBsvXTnJaxgfFQCyJ34u,fec909f7-5679-49fc-866f-61620e56d16a,True,e8c9832b5c388bb5,5311a0642c2564ad
03-05-2026 14:14:20,bJmgw6yBgp21TdttVDuI,9a0217a8-2efd-4283-a71e-4a1d76dfe859,True,c0014ea2ee2fdaea,3811390588367f0e
25-05-2026 13:52:19,wmPby9NMbnUb03DPjcYi,734b6390-e37d-4fdb-ab76-af7de0bb7e20,True,de2dde23040292bc,2a339e8954684016
28-05-2026 11:10:13,hVrd5Kbyg4vmEsLa7uQK,a8b2b935-9640-430a-a39e-6fa8b9086659,True,18d281edb3671f44,eb39e98aca20e7d3
06-05-2026 15:39:32,xovCjvLhO2vWEAVBwWXz,0e15157c-5526-48f2-aa2b-403189673818,True,06961ead71f8b1d8,430f674c6dfe941a
09-05-2026 23:01:54,Xjg4Knk3YQwMUk3aVQAJ,9085802b-ea87-4894-bcd2-9861ef8c2f0b,False,517fc5ca69b652a5,487b076a69a53671
25-05-2026 03:31:14,2TCzKwaX33BV68HLvNv1,d8dbf3bf-fd8e-49ed-995f-fc285f6ff6e6,True,daf96d2280390dec,d632e4ce536ec364
21-05-2026 07:45:17,1qA5Kj52XusY2YNq2k4o,150ba555-b474-45ff-a93d-2ba3f1b53eca,True,514af2be7dc985d8,8dc02e5c153f83a3
17-05-2026 01:09:50,Nfnh2OZdK5RwPEA3jL1g,7b4fc9f3-ff4c-49ce-a557-85f09f6bfcf4,True,75778bdb64d1008e,a8c47673d6a4f85c
12-05-2026 05:33:46,hfHvgyhAvkOPe4mubq2K,e3d014c1-23d2-4501-9c51-458cbd87f6af,True,430f674c6dfe941a,1d6285f5502cf1f8
14-05-2026 09:42:03,pEpJC0OEHNEXBXPGv66D,53e92f3d-ce43-41f1-aae4-da9a35e0b3b8,False,514af2be7dc985d8,06bf6a628379e030
07-05-2026 11:21:22,ZrdzOsNAkUj1nvb3kIhx,e5f9e6cd-b97e-4878-ad77-7464bece5a22,False,389da1f3a7c1d8de,5afe6ceac06784f5
09-05-2026 18:42:25,vwBNi3sXA4dYsi26GR8X,748b1114-5274-42ba-92d6-f57bc05cd665,True,102edb38b5ec347f,06961ead71f8b1d8
21-05-2026 08:08:00,vE6Q6AuStG2NKzoahiG7,fde8cd59-6a44-474b-be1a-2db7829fcf76,True,2f2bd7547d602b7a,d4389e820d4f82fa
25-05-2026 14:13:48,0i1AtizZS2Uy1bN6fEmj,9c5e85b2-c6b9-41c9-b921-744b386a1331,False,b572bc65fae8bec1,c7f34dc43387f858
04-05-2026 04:06:02,rdujiB56Qkr5loaXjvia,4ebb3fd4-750f-4b29-b1f9-2306e3bfd31e,True,517fc5ca69b652a5,3811390588367f0e
10-05-2026 23:52:08,u6jC4kaFKLsmkR4gbRSt,4f0520a9-e896-4faa-871f-a3225bf486be,False,b30b0b43692b035b,c837debb39dd1e68
07-05-2026 06:46:30,1J2woKXYjWIoe8d4TwNC,4cc9e2d8-2dd9-408b-9969-b5d9d306c8c2,False,3bc1bf7fb69f3ba3,4c885efe7bde3ff4
23-05-2026 16:58:32,hFmO4LdykKh6r79lEAux,9d43eb93-5152-4d2f-994a-cefe4b267715,True,057c44d337463e07,ae7ec9246c4649bc
14-05-2026 15:54:21,9lxQeLd0QgtdTXdbZLsQ,fa4d1c69-b2aa-42a3-9fcd-a049ce2f21ae,True,ae7ec9246c4649bc,53c682ded6545e06
10-05-2026 01:09:26,NYbHkRnOJQtWiSxBTSIf,efe35016-9938-4ea9-8578-e471bc900f72,True,bbbe498ee44f6349,2f2bd7547d602b7a
16-05-2026 15:03:37,YimXeMm33dJLJXzRvWiv,86658e75-381f-411c-bc85-3fccf31cf47f,False,cb207a93391638cb,f7af4712fd6b9108
02-05-2026 22:49:51,uvTBN2KPqkINK8qHvx33,f73d6151-8ebd-4599-a5f4-ad1dea476395,True,3c58290022ed11b1,95744df47936b8c4
23-05-2026 09:58:50,a911srg6lHARF58zfx5V,63d95d56-029c-4509-812d-6d4dbfa8f218,True,2618243a251bd83f,e8c9832b5c388bb5
15-05-2026 14:54:50,S8YJeizJvOXqMYOlNUEV,397d9550-c5ed-4e9d-9c51-51a196847322,True,2b95dd3cf28e7c18,c0014ea2ee2fdaea
29-05-2026 09:01:02,lEFNiwb9dmfoxjGMxlmU,040f44b7-497a-4d71-915e-60e738895374,True,c837debb39dd1e68,64a94f9052422a0c
23-05-2026 03:02:51,Kkc1AfOmYvdwDj8tm5ql,8ee6de1b-63a0-49c2-854d-3ac82f51bf85,True,7e8fb26408446272,8dc02e5c153f83a3
23-05-2026 20:57:54,GtC9iy51Nb0HPiEJuPMD,ea2aa520-e325-45a7-ad15-86b487fc41b1,True,7e8fb26408446272,cbf338d836298cb7
19-05-2026 13:12:16,ykESQZC461xwp5POaPEu,85f2ef90-6882-403d-902b-4b692ee96731,True,13db178cd9a1e37a,1d3db575c4a79d75
05-05-2026 07:41:12,vJZylfa2kRgDJBivSPQ0,b2a948f9-3715-4342-9dcc-359799fe9c88,True,f7c6682ad24d37f8,04964f8452901231
19-05-2026 03:04:19,ApUB9nzRRrlaOzKA3gKk,ab2bb62e-8857-4e46-a501-01cec7b50563,True,5afe6ceac06784f5,cb207a93391638cb
19-05-2026 03:35:32,BiYR0scCWZw7cvp7dxGv,5f46ced4-483c-45bf-8ab6-bd4ab13a4e61,True,bb4bb9fbcfcc16d1,3cc68b8049eb8d4c
22-05-2026 10:00:32,oTkhFkAMemRe5QmdcJtu,532c63bc-20df-4e91-9b5c-78a1bdde1b5e,True,552b8d6c350cb13c,42d576864f9952c7
06-05-2026 14:40:51,dPrgkYCgtk0Ar8OJ7zTS,172ccfda-e01e-475a-8759-fd8d01dad976,True,c51d4eb54f89fec8,95744df47936b8c4
21-05-2026 09:25:42,kB4Nb1bhX4lxJZ0UjSLa,da6f3d41-c237-4046-a68d-9aab86657d3f,True,102edb38b5ec347f,a8c47673d6a4f85c
21-05-2026 19:00:15,sZiBxHzwBP3EvbProjIJ,365b34ea-a6e9-40b0-a922-2d7c4a439f0f,True,6588d11c4a11acb1,517fc5ca69b652a5
14-05-2026 23:50:44,qDojQBdPcqy6qCCX5OfG,7c499d83-0ac5-4e21-810b-5fc60c8f4c59,False,c837debb39dd1e68,18d281edb3671f44
18-05-2026 03:00:14,Ts85h82XMnR6Uqnz2m9y,574bb14e-b5bf-43f7-994b-d92f6626bf75,True,64a94f9052422a0c,3993ad7e2565b6b0
29-05-2026 13:42:31,v5yHVB7JnooqXhouPJ2h,1e5e6e2f-dd80-40a2-99e9-0678fed25f30,False,1b38ab967d98cc4e,923d0315f3ae2bb3
15-05-2026 03:46:10,C8LSgy0PiRnwUF6nhKW8,797d8490-743f-4587-89a5-b7317a492d6c,True,d0825fdf3da3660c,d4389e820d4f82fa
28-05-2026 22:38:20,RsW2p56Ydmr7ynF6Rpvk,9b1f6a76-6cbe-4e4a-a6ed-6fb5f2017755,True,e9da39984fb29dc6,6214b1b462c04096
04-05-2026 08:56:13,3W67iL8CryJTz6OPU5Rb,d7d3d885-b933-402b-80de-75073733973a,True,fb188f553674b4c4,0f98939ac68105bb
13-05-2026 23:56:11,ASqs50pNxz6sN6KtrfRg,9bd60516-fc2e-459c-9fef-097adc648035,True,06bf6a628379e030,57e7d972b508815d
01-05-2026 13:36:26,SMu8ZpxnIlQzJFzPDXrh,a4bb921b-19e1-423e-a498-462e58ed2ad0,True,430f674c6dfe941a,fb188f553674b4c4
04-05-2026 21:42:46,j5YIwERhpOH22fQqqjaE,e11979da-8944-4e09-9bb1-3133c2044a10,False,75778bdb64d1008e,a2fd30e5fa49ad53
22-05-2026 05:33:29,YZaQuLYuse3OKsuuzg15,bd066425-655b-42c8-a4ef-685c6e4c69d0,True,2f2bd7547d602b7a,c34c1310eab19c87
13-05-2026 01:43:31,qyjtcMPD2PbIE0DuV4Lf,256f58d6-1a77-4b13-9db2-5b794f81cf58,False,8e2e127651e9cbde,c51d4eb54f89fec8
29-05-2026 12:56:52,UxK5foLGvcPKs5FHQGY4,5e0812be-27f8-4f51-9246-0a119ff4061a,True,72ba4e2f87adceb5,5a7b6516c51a4d4e
04-05-2026 10:54:23,5Wf0tRqrgUfI4WcXArmg,7a2eef21-53aa-404d-946a-4d6331f2a406,True,c31244cee16e0c77,57e17fffc619e182
21-05-2026 14:40:58,Shiz1Jm3iB7gnvF2KiHd,707dc873-ec4f-4b18-ba64-a3409ba8ddd7,True,d5eb4d757b335d0e,19a558ecc36977ce
09-05-2026 11:58:38,eqtzoJVDnXKAwrOo7oGN,6c3a2665-6fde-4893-97d3-73c19b31fd29,True,de2dde23040292bc,1d3db575c4a79d75
29-05-2026 16:41:49,2F10MicJNxSw6B7mN5cM,2d659f13-16b7-4fa6-ba0d-4512816632f3,False,2b95dd3cf28e7c18,cb4c1290e91970dd
30-05-2026 15:22:07,FLSE4nDEYEDjjAdOJHEl,4ee37012-58fc-48d4-9a5f-74c99b36a083,True,c837debb39dd1e68,8e7f2987241c2818
14-05-2026 22:11:13,wdDQuQv5OpVIUlOikjCE,5e078a3d-5679-46c4-bdd0-7a1792f7e86f,True,552b8d6c350cb13c,2618243a251bd83f
01-05-2026 04:07:20,2Az8m31YolKxT5NDhDXM,67b65233-1930-4710-be80-c7466120f327,False,13db178cd9a1e37a,daf96d2280390dec
18-05-2026 16:25:15,AtsOJcyiX1XHKZEcWQZx,0ac6f373-3e4c-4176-85ad-5d6b9177442d,True,0e52f2934d8ce165,4c885efe7bde3ff4
06-05-2026 00:17:43,5Lf4NVwCRCsIfeiZScJ0,90abdbc4-d561-4589-9398-fdc75341f86c,False,82a83fc853728306,91279a646f8ea6ac
26-05-2026 13:57:48,rIxsaZdOsZUIYQpKlKER,ee3ee0e0-e984-41a2-b33b-c172d95e1fb7,True,6588d11c4a11acb1,1791998ac3161359
26-05-2026 20:53:50,eNYd5ZwbViSo8iRbN7vG,9d6586d0-fd20-47a3-833d-b2d24a31f54d,False,18d281edb3671f44,3811390588367f0e
18-05-2026 09:55:58,yTEedW64T8A8FX5QdAZP,6b0cdad2-5c19-4b8f-a010-d0fcaed41d84,True,f7af4712fd6b9108,d5eb4d757b335d0e
02-05-2026 00:33:08,kla7NIbekd5FBVQtLDCs,0d6989b7-d7a2-4d0c-bde0-d4260111834c,True,8dc02e5c153f83a3,057c44d337463e07
23-05-2026 07:22:12,5M52m21bFUm7vGvyvI8q,005b90f5-c971-45d4-bb0f-ba20280cc3b0,True,55b620d8c0ab41e0,91d55d217a2af234
12-05-2026 20:20:22,x8oH6S6qrHmmMht4J2BR,de2b017c-bc43-4233-8d0e-125474190e22,True,8dc02e5c153f83a3,eb39e98aca20e7d3
15-05-2026 12:08:08,w9jLG4rZUa929hOFUIVz,886d7cb7-d2fb-4947-b4f7-67118a558251,True,d0825fdf3da3660c,3c58290022ed11b1
07-05-2026 14:56:27,t9O0nBHarSSJUg3CeP47,36c9ea20-d9ef-43ee-8006-36af2e03a8aa,True,c34c1310eab19c87,c837debb39dd1e68
04-05-2026 01:59:34,WDif2rQf7n13TabqpVrN,209cf88d-1680-4167-bad5-b2bdcf1f9f63,True,234da97fe615c6b7,39a54d73a921b9f6
01-05-2026 06:46:10,po88vt9KOcyX36zjWKyp,56f4a094-4999-4a02-a9d7-239847e79148,True,57e7d972b508815d,d57d393b16ba030e
01-05-2026 01:48:48,3KT4tfcOps0aIZiW9z4q,af9ce55c-2358-4be6-a8d3-c186a685042a,True,e9da39984fb29dc6,4c885efe7bde3ff4
20-05-2026 01:32:29,Nr3qmeib7poBRyNTpg1A,22a36157-d10e-4f58-8aa7-7716c5617935,False,91d55d217a2af234,057c44d337463e07
29-05-2026 12:50:58,U7NK5igxHxBtyTV0cVmS,22103b3c-0a66-4990-a5d5-1f45261c9f49,True,a2fd30e5fa49ad53,5e1de20fecf98844
05-05-2026 23:49:37,LrBCnyBNoUUdGxb73idQ,b1c02496-7cd7-4c9a-920b-fd5053741a96,False,3bc1bf7fb69f3ba3,3bd002cf1fcfa789
11-05-2026 20:26:43,ODX8P5QtX3j2cHpJY8cM,be694379-47c6-4a2c-a1a0-ce010b6d878c,True,430f674c6dfe941a,514af2be7dc985d8
21-05-2026 22:40:06,3MdZbMwVIn1LIdD0fB9Q,4072c9c9-8a1e-4c97-8565-0d814860c74d,False,7182af742e04dc6d,da211edc7bac01a0
16-05-2026 22:43:11,oLGUmHgRlOEFGBfbRnAf,35b5f0fc-6574-4886-a0af-e497f215abf2,True,ce246387dd078174,a2fd30e5fa49ad53
10-05-2026 15:06:54,zstFoNGiycifWido5ed8,5419896e-0a69-44ed-a07a-d155ddd23be5,True,cbf338d836298cb7,91d55d217a2af234
06-05-2026 18:25:55,GSZLgadUtBasVtQVgLEh,8262ae47-63c7-465a-9b01-36902fa224af,True,330949523d665e3b,1b1cc9cee9f27003
05-05-2026 23:30:25,TLj4mKtAh6q979VBQxBD,011940db-f65a-4981-a0c4-c5e582d22675,True,bb80f878cef35322,8e2e127651e9cbde
25-05-2026 04:54:11,HqG5A6eiWo9w3sVDoWUN,bf567f92-1ea7-4fcb-bc4a-67eeaa693788,False,57e17fffc619e182,d4389e820d4f82fa
04-05-2026 16:33:50,VN9pKlmBTvaWA6R92ZRJ,77a3957a-5dab-4b3e-9167-0df7bf535b6d,False,1bd749deaf799034,a8c47673d6a4f85c
16-05-2026 02:59:06,xQF3Nopq5JQPJuOQukd3,be1b4de5-e36d-4d03-91f3-9d06300d502a,True,fb188f553674b4c4,9d16533a62ab9315
10-05-2026 02:57:40,Z0iE1iT5ZBClwfzlPqNZ,7acbab45-3692-4258-8c5b-47f9e34292bb,True,f7c6682ad24d37f8,0f98939ac68105bb
19-05-2026 20:59:43,2tc2bc9rvoucUNzNqa3s,17bbf088-b97c-4168-bc1f-26ab0f6dd78b,True,102edb38b5ec347f,b8e78b83a62a0cb7
14-05-2026 14:32:17,b5J4JnwYChWMEbj7hX8A,2001a19b-e630-4ba0-9667-8984044c0835,True,0f98939ac68105bb,1791998ac3161359
21-05-2026 01:11:30,Bxm1mkbgkS0gSknajzlX,afeaa89b-d4e6-46f0-83d9-b98d20e5390e,False,8e2e127651e9cbde,1d6285f5502cf1f8
07-05-2026 03:50:40,OF2XVieFGqmAYTBsEHdH,51018548-7c91-4abf-a452-a6607cdc7571,True,d4389e820d4f82fa,514af2be7dc985d8
23-05-2026 07:00:57,rwj3dXxM6UqqpltQsmIN,c6d0ef2a-6d87-4c7e-afd5-7713094fe414,True,de2dde23040292bc,d632e4ce536ec364
16-05-2026 04:59:38,B0Oo0ZL9AbRVuqrRrZwQ,cae083e5-a864-4c50-bfbf-85a864c41f3e,False,fb188f553674b4c4,de2dde23040292bc
07-05-2026 23:50:05,tpAeo8wIK46Nc7P0Wt5q,307c25b4-8a34-47d0-afd0-9acad3861c88,True,153c202e3cfef4ba,53c682ded6545e06
02-05-2026 12:36:47,QGtjBTkUwn37xhPel2dW,5986e23c-43d6-465b-a01f-57165e0d6fa6,True,3bd002cf1fcfa789,cbf338d836298cb7
29-05-2026 13:40:21,wIS8ZLOcdRMIN2JymPLx,0afc459f-d361-40d0-92dd-3c693252086b,False,867d47425e9cccc7,1d3db575c4a79d75
24-05-2026 12:18:36,aiueW98RonEeULgqB4GS,079d8ef0-8824-4514-baf0-cef29aba0a10,False,923d0315f3ae2bb3,ae7ec9246c4649bc
14-05-2026 04:30:10,ymEdbpJOphkiJdNEyI8K,d6a2a9f6-9ec9-4c1f-8535-3806bc5dbb2b,False,8f8c45c33ff51d0e,5e1de20fecf98844
03-05-2026 07:34:41,bBBopbKeDNFNcQXVefiM,a0ade0a9-c217-43bc-9160-0a0112ef38ff,True,daf96d2280390dec,cb4c1290e91970dd
06-05-2026 20:17:40,bQAnMF9OBcVGVIr3Uay5,70f7c2f2-7982-41c3-9306-c773a316f474,False,e8c9832b5c388bb5,c9ab51cba10ae1e9
17-05-2026 20:02:21,jYq06Gn4uPNnJdqvQGDb,e8576478-98cd-40b5-8741-f3a058422ed1,True,5e1de20fecf98844,3811390588367f0e
16-05-2026 23:19:21,tI2f6T8MBJymy3ZdoxNY,d45d1778-be10-4891-ab09-b583a3821e96,False,18d281edb3671f44,552b8d6c350cb13c
06-05-2026 04:16:48,5cSw0LzmRUzyB7uoRcXS,9280dc38-a0ed-4be4-bb7b-7d772701845d,True,bb80f878cef35322,b8e78b83a62a0cb7
03-05-2026 03:20:50,rQpE97Ud3rFIxcVNtHKG,78e75f4d-e991-4bed-b01f-cf834c2b831c,False,5afe6ceac06784f5,3db4e6efff8b7518
20-05-2026 22:35:58,BNVjIbX3WFsjmMCRbpn8,005c646d-a19e-4153-bfc8-9c2629ea2fc3,True,3db4e6efff8b7518,19a558ecc36977ce
14-05-2026 04:24:09,l0WsNXVi5Zq20VXk5Wh0,02d7c45d-2478-427b-8742-785e0c859c22,True,d5eb4d757b335d0e,102edb38b5ec347f
04-05-2026 12:13:45,4bnfUXL4XuuCo5CTN5WT,ed0cd0aa-5773-4320-90aa-ae13b413f7b2,False,64a94f9052422a0c,131c7dd8f3ab4b35
30-05-2026 15:42:23,iH1uOrK7i4fytLl3S2ph,95449d68-0955-47d1-a287-0b662626ed9d,True,bb4bb9fbcfcc16d1,91279a646f8ea6ac
21-05-2026 19:35:02,BCwDZlXVb5RiL4Y1bUQc,b83bbe41-b070-4f6d-a143-d63ede608ac7,True,b30b0b43692b035b,cb207a93391638cb
20-05-2026 17:10:46,AcKlZz4HbOtcqiGtU31s,57a8efb7-220a-4c43-9bb2-8ea65d6360f4,False,06961ead71f8b1d8,82a83fc853728306
15-05-2026 09:43:29,K6klc2zwe3MnkqqCg1Lz,18f3a0c2-4dd5-433a-9462-eb67b5ce17ab,True,8dc02e5c153f83a3,e84878f982129128
01-05-2026 23:49:59,NCIZDmKt5i8nJACaYqLj,c16a5a7f-c363-4a66-abd6-b0e3b3141a67,False,42d576864f9952c7,18d281edb3671f44
26-05-2026 02:59:36,VTl2Pg3kdQUADcE1xeyD,6d583cb9-7456-418b-95d5-c75499018e64,True,f879804e4456e5d4,57e7d972b508815d
05-05-2026 23:10:03,pg4ea84xCj94K9UY2gk7,b2b18b37-2842-4efe-8c28-3733e238add9,True,cb4c1290e91970dd,3cc68b8049eb8d4c
07-05-2026 14:26:00,xM5fdFUaaHFmug1XqXOo,b708575d-8d12-497b-b2c2-6f8b31516d2c,True,39a54d73a921b9f6,8f8c45c33ff51d0e
02-05-2026 17:23:18,fbnBMY12zAd9f7QPxtiW,149bd7b6-a013-4080-ad4e-6cd1dc2a498b,True,57e7d972b508815d,5a7b6516c51a4d4e
18-05-2026 21:18:54,5JiXfUR7GYnJ9new4UDe,e887e818-4102-4d50-9762-66fcd00f1dc9,True,95744df47936b8c4,3bc1bf7fb69f3ba3
04-05-2026 11:43:11,RIPbwsBbxj40N2NalQwM,30467b83-0637-480a-9327-827a93b078dd,True,24d6a87b0598b02e,3993ad7e2565b6b0
10-05-2026 06:19:37,XY95HI2K33KB3XBbY7Uq,9f646ead-52c5-4332-b02f-45f52d8dd78e,True,eb39e98aca20e7d3,7f281c8dbac1f799
20-05-2026 22:51:40,j0bqRFyGxYET182gRJuq,dcf432ca-dcc0-4f03-8702-54760eb8d649,False,3bc1bf7fb69f3ba3,9cbee3c1d7168837
15-05-2026 09:44:03,JhaAlD87YHmaGuf3SJjx,3b7255b7-5787-4473-ace5-56ece65ebb17,False,c6a2d85265d19a41,63d3511e9e857901
08-05-2026 04:03:30,r2axsqNP1xHDTGYHWQwI,a942df40-d80f-4dcd-9ac5-97106aff0af6,False,0e52f2934d8ce165,53c682ded6545e06
02-05-2026 04:55:33,vxqMPCJvUIdcnt9PeTc6,24e459f9-8e77-4542-abbc-1b2c75502e8f,True,63d3511e9e857901,93279918e60ec274
08-05-2026 10:45:09,L5auPqs8nIqwAQsi9ON6,1e2b2ee0-c1a3-4d42-bde0-9572cd448c36,True,d5eb4d757b335d0e,430f674c6dfe941a
25-05-2026 16:38:23,UuqaJ25UL9l9OfmhgC5d,8d855437-f649-4f19-be28-7546d3f49539,False,e7eb35b501d57e1f,9cbee3c1d7168837
30-05-2026 02:11:46,nmObmokqxl26VuwZgTTo,3fd0893b-5d89-4201-b40c-f3643faa2644,False,f7c6682ad24d37f8,8e7f2987241c2818
23-05-2026 04:43:36,W4ApuOVymDyVLCYMaMSQ,6d887587-4fb3-417c-adde-0dcfbda23dd9,True,552b8d6c350cb13c,102edb38b5ec347f
10-05-2026 02:01:28,iycT5qT5cigc1sx9awTQ,f81ce880-3b53-4283-a3b7-0135c4204cc7,False,e84878f982129128,5a7b6516c51a4d4e
21-05-2026 06:15:15,TrBTJ7xTlmH1lHqJf3XU,6fa90b1d-8440-41a9-b760-593b96f7385e,True,3bc1bf7fb69f3ba3,a8c47673d6a4f85c
08-05-2026 20:28:12,ApCtlCFEzJpxdVDCwqVJ,a3c79ab1-e8ed-4ea4-8ec5-ea48ac5418c2,False,ce246387dd078174,24d6a87b0598b02e
29-05-2026 11:09:55,sBJ9RQLz4iqx9DyYWxRO,7d4fdf63-17ab-4342-acac-1890cb5831cb,True,e8c9832b5c388bb5,c85cdb0ef48d09c8
13-05-2026 20:10:02,YF3HSO3EW7DE79N2MVx2,560c4fba-dfb6-464f-9754-090ea6e6316e,True,bb80f878cef35322,55b620d8c0ab41e0
13-05-2026 16:11:44,3ovnEAl1iMHfFWfJ1x49,c42167e9-26a8-4eed-a20c-a3a60b21b4e3,False,72bd2672c948d2cb,a2fd30e5fa49ad53
02-05-2026 09:56:35,Q7OqdUvmdELyWC5pJ3vR,9f58d967-50c1-42be-bbc5-951829b8bd8d,True,5afe6ceac06784f5,06961ead71f8b1d8
25-05-2026 06:06:47,CHYKcrON1AbppIcSG7r5,7e0e01a4-e34f-4a6d-a773-a0f37773e79e,True,d4389e820d4f82fa,06961ead71f8b1d8
15-05-2026 11:08:46,mFEcYHkBPivMUAYcTrCP,228fb767-0a00-427d-8285-f0f8d36accd3,True,93279918e60ec274,eb39e98aca20e7d3
05-05-2026 09:35:33,EBdZihlovEh8eZp0XKkG,3ff0e0a2-1290-472d-b35c-734a2dfb91f4,False,389da1f3a7c1d8de,82a83fc853728306
10-05-2026 17:34:43,ipvvwPbCqrYUGLWWOWXv,90330afe-09c5-4518-8f60-c47c5ee1f3af,False,c34c1310eab19c87,55b620d8c0ab41e0
19-05-2026 13:22:45,E8RoSQiymU8lwG6r0cA0,d6030e1f-b7d5-4908-be83-b770a1e586cb,True,e84878f982129128,8e7f2987241c2818
22-05-2026 19:58:09,4TOhVg1hULDC16cuBEaI,ccffc31e-67a3-4ee8-b38c-fec33315d127,False,234da97fe615c6b7,cbf338d836298cb7
17-05-2026 14:23:05,UqbMQGJoj8Kv5XErZkUF,f0dfe805-cb05-448f-bb0b-e23930969722,True,daf96d2280390dec,64a94f9052422a0c
09-05-2026 22:25:52,F1Kf1PPJ2zyAazfjAt4e,0f4acb03-1cd1-4f69-bc28-eec9559ea484,True,102edb38b5ec347f,1bd749deaf799034
20-05-2026 01:17:38,CWZ92brXPYkcu64aNLMa,9d0ba160-dc97-48ae-99a1-095e9784d53c,False,d4389e820d4f82fa,8f8c45c33ff51d0e
17-05-2026 18:26:19,kh742jgHH3UiWts5m3sb,6b269356-1691-4db4-a8b7-eb30189ebcec,False,c6a2d85265d19a41,6214b1b462c04096
05-05-2026 06:53:08,m1p0ieYJcGQtbU3GulSL,effbf56d-d345-404d-9c4e-6d285bd3167c,True,102edb38b5ec347f,72bd2672c948d2cb
20-05-2026 16:09:26,uiRzsmKe5smccnpQeXiG,5c4de965-5c74-45c4-a4c8-a44f54389c6b,True,42ac1a2bf982f79c,63d3511e9e857901
11-05-2026 09:28:43,V18aAdhnvwwUyrIxf22e,dee6b50a-8de9-4448-ab2f-578bc5993c60,True,04964f8452901231,6588d11c4a11acb1
19-05-2026 17:29:08,hx7cnlgmtKrxfKHIc7Ho,d02d594c-a7d3-4003-85d9-f76c260bbe64,True,1d3db575c4a79d75,3c58290022ed11b1
16-05-2026 17:53:32,U6ESYVe04V6wYxTxjCjD,d2ce3eaa-b148-4c0f-b983-ec73d1494ccf,True,c9ab51cba10ae1e9,6f36a3307488809f
19-05-2026 12:19:23,GXJ8XVH3IhzfkbB8qEKY,26815344-69cc-4ceb-90d7-0413b74dbd54,True,6588d11c4a11acb1,55b620d8c0ab41e0
15-05-2026 20:48:44,Jh8lJt43mMmyCUbOads5,8788755d-d697-4491-a683-59b5f6aa118a,True,d57d393b16ba030e,4c885efe7bde3ff4
18-05-2026 13:15:00,UjqqMGTsYQTKVORxBxMr,f61943d7-1d23-438b-8d19-1ca504992a19,True,6f36a3307488809f,6f36a3307488809f
18-05-2026 16:43:19,K0IUKhTi2dGl27mzH3bQ,68c631a2-05b6-427f-8335-f0a0df380819,False,3b1338c1207d1e2e,7f281c8dbac1f799
15-05-2026 11:40:35,dDDcoYXkYfFNvujoXLpS,b244a695-6a6d-4a02-b8a7-b79b842fcfea,False,e7eb35b501d57e1f,daf96d2280390dec
22-05-2026 03:26:21,gkf9UOrbafGTHdsoaW5E,d14fead1-3a5a-419a-9c10-b0b7298ccee9,True,556be8558ce56421,3bc1bf7fb69f3ba3
25-05-2026 17:49:26,ApZn3L2giGDY3FRsNysP,e2eb3c52-182f-4402-b06e-7b663858c5f3,True,6588d11c4a11acb1,19a558ecc36977ce
21-05-2026 23:24:42,nSoTulWpMPAUYmfdpxvm,30308dae-b914-4024-ab67-2e0a0493bc30,True,eb39e98aca20e7d3,c6a2d85265d19a41
18-05-2026 02:19:19,Scnpr5Kw7NmoZUNsPZoF,e620d0f6-4206-4f13-8b91-58cf141a0cc3,True,bb80f878cef35322,57e17fffc619e182
21-05-2026 18:38:40,oBU2a79POGfyWfKb3jG7,5b79ede6-a58d-42b3-b788-0eb1188647e4,True,389da1f3a7c1d8de,17b4966e9be4d8d8
22-05-2026 11:19:04,mO05a459atABW6InbM6E,44ac71b8-3756-4b05-930a-d55b5c869b04,True,18d281edb3671f44,6f36a3307488809f
14-05-2026 04:26:23,M04cI7KrBN2rHMtFSPJ2,9cc1d187-be1e-48a5-abef-2da1153833d7,True,cb207a93391638cb,e8c9832b5c388bb5
02-05-2026 00:20:06,D8zEWvAeGqsPpSSLK1Yk,c4804e53-8cb5-4967-aa5c-6362d193fc24,False,2a339e8954684016,d57d393b16ba030e
25-05-2026 20:53:49,gezwjslSI6rZTiWoYoDb,3242de03-60d5-41bc-b403-ab162ce655ce,True,2f2bd7547d602b7a,75778bdb64d1008e
14-05-2026 15:43:32,DTixKKNakP19rtgdUnfy,3951141e-cf89-4745-8fe5-a8899f626eab,True,f7c6682ad24d37f8,8dc02e5c153f83a3
02-05-2026 10:20:56,wfL6U6lYSstsBpi5UFac,992b1a95-6e22-42cf-86b5-6fa9f3b6264b,True,06bf6a628379e030,6214b1b462c04096
09-05-2026 15:11:09,o48LpAbjdLnI7IwbtrHo,16d508cb-0d77-4339-a4a3-063483677b9c,True,b572bc65fae8bec1,13db178cd9a1e37a
07-05-2026 20:30:33,dEBD9A2unNnKwnn939HA,834e1abc-2e9a-4751-9a0c-674ac90fcf17,False,f879804e4456e5d4,b30b0b43692b035b
26-05-2026 07:28:36,Fr02BUf09gRfQMQY2KfT,0c9c2736-c6b5-41da-b3a3-ef43adf6836d,True,e9da39984fb29dc6,bb80f878cef35322
02-05-2026 14:50:33,lVyYWON3mUOqPKBramuy,05eda860-4b3d-426f-97bf-741e7149e364,True,e1bd0a847e7079be,64a94f9052422a0c
05-05-2026 02:14:45,PJmNELEpH5Fh37uxPXjl,c7927f91-03a1-4a8b-b999-23ce9c52b71f,True,5311a0642c2564ad,c51d4eb54f89fec8
20-05-2026 03:43:03,CLumW7rzqgjafF51eRde,8b659d4b-1978-4cf6-8bf5-96441c8ffde1,True,64a94f9052422a0c,e1bd0a847e7079be
27-05-2026 16:55:39,RMCO3d76YwfnHfOZ6wij,acde5d92-a0ab-4cb1-9787-7b435d5896ae,True,cb207a93391638cb,389da1f3a7c1d8de
21-05-2026 22:27:42,Za5wr5Qn0iJWHdbd6mTJ,5382de80-fb4d-4b40-93d0-dda34766f8bb,False,e9da39984fb29dc6,b8e78b83a62a0cb7
13-05-2026 06:58:44,SgCNi8XYjiLCv1rEH7F2,95407ca7-7305-4d4c-9033-c240dadfa2aa,False,19a558ecc36977ce,1791998ac3161359
03-05-2026 14:29:59,xfKm7eByoZfL6OkGPL5v,1fe95314-1ab0-4958-ba66-db8df358a216,True,7f281c8dbac1f799,b572bc65fae8bec1
13-05-2026 18:30:34,EdwJzsA6HHz52FQDkoMN,1d5b5d6e-eb5a-4eee-be61-839bb73ddeae,True,d632e4ce536ec364,72bd2672c948d2cb
29-05-2026 12:54:02,R9LCxrEf1NdNHcyYKbw0,3a34277d-72b0-47c3-a4cb-b8cbf665a903,False,c837debb39dd1e68,ae7ec9246c4649bc
09-05-2026 03:56:01,2bdnjDWWraXn1OhISJg7,880764fd-4743-4a80-bace-d4d28d6fffe7,False,e1bd0a847e7079be,1791998ac3161359
06-05-2026 02:01:40,RnkTBxvSUg87nIS0rsfD,cbe1f94c-c18a-437a-893a-747d3e55a9dc,False,57e7d972b508815d,517fc5ca69b652a5
25-05-2026 06:10:59,YFCWaINblzOYK5RwesVJ,33d7b1d2-8b1e-49b5-b9b3-4a7095fb965a,True,e1bd0a847e7079be,bb4bb9fbcfcc16d1
20-05-2026 01:27:52,0LNfL8tJEriMQBNqdv5u,16d3d62b-ca74-46d4-a465-e35ca0f7045e,True,3c58290022ed11b1,d632e4ce536ec364
03-05-2026 01:20:00,df9m81NqWYwuk9Ci3ht1,1c38f84b-b1f7-4f6c-9301-3aaf4be397f3,True,6214b1b462c04096,d4389e820d4f82fa
22-05-2026 21:42:29,fj7f5x6bPC5CshancKGK,f3087bae-36ba-47c9-8f5a-2113c8af0408,True,3993ad7e2565b6b0,f879804e4456e5d4
26-05-2026 22:48:57,5Iod5TFw4Q8moaFrzB0d,25f37144-8d60-4a0c-bcdf-2ad9df2663aa,False,24d6a87b0598b02e,2618243a251bd83f
17-05-2026 17:15:50,VLAUcwYUNj5kWO9VMUvL,b37ac8bf-9639-460d-a900-2d7c8a982356,True,0e52f2934d8ce165,0f98939ac68105bb
10-05-2026 18:26:51,ocHpS89yR83pDEnOyulW,5a7d5f4c-0534-4f12-b8ce-d26d627d0e08,True,bb80f878cef35322,ae7ec9246c4649bc
19-05-2026 09:16:25,dsfPjnaIujlGSIoHgk41,6f3ad9c6-e283-4b9f-87b9-2e2205200c14,True,9d789fd91804129f,9d789fd91804129f
11-05-2026 00:32:57,seHicuHfgw0fS86Y5t1E,f60ba744-4fcb-462e-a612-be9def3cbccb,True,4c885efe7bde3ff4,7e8fb26408446272
10-05-2026 13:03:34,hTfQGk21usms0YER2q92,5cd336c3-7d72-433b-a3c1-758de8993017,True,57e7d972b508815d,4c885efe7bde3ff4
13-05-2026 12:16:24,t3Qc6mmLwxUiEpEEhitK,f2952ef1-64a2-4c7a-ac22-c19fc62813bc,True,517fc5ca69b652a5,f879804e4456e5d4
11-05-2026 13:07:01,hh8RSA3HJ9eIbsLyTPFD,dcbfac79-9358-4ad3-9bf0-40eb1425166d,True,3cc68b8049eb8d4c,a2fd30e5fa49ad53
06-05-2026 02:57:18,ATrn7lGw9RpbmL1ttFNn,a6079b36-35e7-4e90-87ee-6894e5aac1ca,True,867d47425e9cccc7,c6a2d85265d19a41
05-05-2026 00:43:24,Nc3JaXXro4rk9WLCv7SY,6175b30b-1e2e-4f68-8444-84f7feb52a88,True,9d16533a62ab9315,7182af742e04dc6d
11-05-2026 15:05:49,wJSbhEPPvZdmYLA4w4KH,e67d3a93-1667-4b2b-9bca-e31646cadd88,True,552b8d6c350cb13c,c31244cee16e0c77
06-05-2026 17:21:07,dNYXMwG3BA93Xwq42VTf,06f982ad-50eb-474b-a0f1-10737a7e8d5d,True,1bd749deaf799034,2a339e8954684016
24-05-2026 18:39:10,xyEsQEw3TRMQZnWVgNZn,3e2ad279-c1f9-4c5f-9c0b-412c17610602,True,7d176c63414fcd05,6588d11c4a11acb1
13-05-2026 10:18:09,62zh8yQnMP8shqbageXt,4d46b255-385e-4fcf-96bb-f72743ec36db,True,f7af4712fd6b9108,a8c47673d6a4f85c
01-05-2026 03:35:50,d1m3CpvehZYQtxThBhbm,3e63ce02-b6de-488e-ac34-4428f9507ffa,True,2b95dd3cf28e7c18,1b38ab967d98cc4e
01-05-2026 08:25:20,paS1DL8lK3DNhM9QxS1h,ac0e3150-4420-4488-8e85-621b009cd5a9,False,18d281edb3671f44,514af2be7dc985d8
27-05-2026 13:43:18,QTSm4DjFcu0nGjIkLgLV,9d305493-de25-4207-a03d-92712c2ba2a9,False,1791998ac3161359,3db4e6efff8b7518
19-05-2026 08:18:18,YcRHPySY7zzGsEqpjPTk,b87a0700-087e-4fb6-9837-8292bc74dda9,False,574582321d04df00,e7eb35b501d57e1f
30-05-2026 13:26:30,bq1dDtavvDE96Ip4k2B7,94bdfb38-23a9-4fca-80c6-cedb3259e1a3,True,fb188f553674b4c4,c6a2d85265d19a41
21-05-2026 20:59:56,sz6o8Sbbcvu25T6Ehy4x,19e90104-f8cc-4265-9a8a-088317f6a52b,True,c0014ea2ee2fdaea,5e1de20fecf98844
01-05-2026 04:35:37,F30vuJfqjOrf0oClsCKc,ed416a59-e6d0-4df1-a8b4-d825c7844df8,True,e84878f982129128,3db4e6efff8b7518
28-05-2026 12:22:50,Jp8u7aWYzDd0of1AHzFd,f5c910e1-f4da-488f-b8e8-6996e5a8f72e,True,1b38ab967d98cc4e,5a7b6516c51a4d4e
13-05-2026 02:45:36,yGMwqebcfcZiCGZ268ZX,28f39728-1c0b-4928-ab08-0684f32b8a89,True,9cbee3c1d7168837,cbf338d836298cb7
17-05-2026 09:06:04,JJ75N84FaeU4R1oL0rno,a01e50af-7bc3-4fd6-bf3c-0c71d872b22c,True,2f2bd7547d602b7a,3bd002cf1fcfa789
25-05-2026 21:49:30,G4TcTwcZJ5stO9aQlKhw,57e7f124-995d-4368-8f0c-e442c28f9675,True,82a83fc853728306,4c885efe7bde3ff4
23-05-2026 00:46:56,5ak2KHZrSukwZxn0tWWg,41b2d91d-ca77-41ec-96b8-84c825f2262d,True,e1bd0a847e7079be,7f281c8dbac1f799
10-05-2026 17:40:07,fISE6n7zVzG0P79rFKFC,a91f8ffe-5ed6-4cfb-a263-0c53f2d2b0d4,True,574582321d04df00,3db4e6efff8b7518
12-05-2026 08:59:25,wLR3cURDTqfheQAgUUOV,e007178b-cb79-49c7-8304-332473d3a121,False,389da1f3a7c1d8de,430f674c6dfe941a
11-05-2026 15:49:06,1LK4KxHXCvfFB2ZtVWm2,ec1cdbe9-db71-494d-a4db-5df116d9fabd,True,da211edc7bac01a0,153c202e3cfef4ba
26-05-2026 16:56:49,sGAvKzyOqFc1Kn927qJy,dfaf12b1-99ae-4e70-a3a9-7b9ef543980e,True,923d0315f3ae2bb3,5a7b6516c51a4d4e
05-05-2026 10:29:31,YlaUN7kqjovfvrSCTcew,931d80eb-7029-4cad-b499-143a0e2822bf,True,bb80f878cef35322,55b620d8c0ab41e0
08-05-2026 09:31:20,P2YWVwoUGiqTnIud5s9G,6edfcb36-0eb7-4a11-93ab-4aa51d669aa1,False,91279a646f8ea6ac,8e7f2987241c2818
29-05-2026 18:26:25,RxledBne90SRIzgxmpdA,e524767d-302c-4bc5-a047-1e8a06728688,False,7d176c63414fcd05,a8c47673d6a4f85c
16-05-2026 21:08:19,rERETVORyKfphqMS3bC0,a10eaa36-ece7-45cd-a30d-7fe6e659d5b6,False,7182af742e04dc6d,3b1338c1207d1e2e
04-05-2026 11:34:49,3Srzn7RgIUjvllezHnZE,f6ff1d1e-d21c-4ab1-9531-0524a2aa1a3b,True,bc74204126e384ca,2b95dd3cf28e7c18
05-05-2026 20:04:59,tivuDJPvpCnqGExe3uhE,19c83c79-c52e-41a2-b3ea-4f9a889e0c31,True,574582321d04df00,7182af742e04dc6d
26-05-2026 03:52:30,vqsL3qkvH5YuCB0z5jTR,4d57c173-3d31-4a67-bbbe-ed79230a0db7,True,ce246387dd078174,06bf6a628379e030
22-05-2026 08:21:40,tVxMz31KYdtUy3KeWVF5,6ff3055c-4c39-4c64-9a24-242a525ee2f8,True,c0014ea2ee2fdaea,06bf6a628379e030
06-05-2026 10:46:21,G1lCPudSH9JP0VnHPtg9,10fdfb40-048f-4ecf-8c2b-f75c7a7d7d2b,True,8dc02e5c153f83a3,389da1f3a7c1d8de
07-05-2026 14:50:24,384YuY4qlttGvWpix9Co,7a34fa41-73d8-4331-8680-2da15f37dcc9,True,d57d393b16ba030e,6588d11c4a11acb1
19-05-2026 12:14:55,q65K7VRC2mTP2CmlOKk9,4c570681-7854-4d8e-a5f0-c2303e112805,True,91279a646f8ea6ac,63d3511e9e857901
26-05-2026 12:24:57,qGTmVJeWnM646Bqbff0V,0b9e75c9-c409-4559-8648-ac5a97de1c1d,True,63d3511e9e857901,2618243a251bd83f
04-05-2026 01:51:15,AVT7f44CgArJb96DADUb,885828a7-e204-4220-a550-55054f979a7b,True,1b1cc9cee9f27003,cbf338d836298cb7
15-05-2026 19:34:15,xW6am9Gzco9qlOUN4I12,815b5867-5ee0-4210-99ec-2705535a7e95,True,13db178cd9a1e37a,53c682ded6545e06
15-05-2026 15:08:55,uw1hz6Ss2MxaRGrt5hzI,eb93e28f-fd5e-4e7d-a521-392e9e664c34,False,8dc02e5c153f83a3,4c885efe7bde3ff4
08-05-2026 14:59:11,U384f0Gl6U5PH7gtzEVC,22f78080-54c6-412d-8010-dff7c4de8380,False,131c7dd8f3ab4b35,f879804e4456e5d4
28-05-2026 13:20:22,ABf0NxgI1H8hPX6ZNDwh,e74df118-095f-484a-aa2e-33250086a47a,True,7f281c8dbac1f799,1d6285f5502cf1f8
09-05-2026 01:09:12,LYvaEYbWMRdMNHoERqRy,37212e9d-bb37-4bbb-a59a-d52ebe51a27d,True,bc74204126e384ca,c34c1310eab19c87
12-05-2026 04:22:28,9tcS1B0FMQbBfelJSpnQ,22c5acaf-8629-4064-8d07-af290cbddca8,True,b30b0b43692b035b,06bf6a628379e030
14-05-2026 11:03:12,XxDNDkTTDO1on78BXuqU,f52ef740-7f51-4cb4-8067-a5282442bd5a,False,7182af742e04dc6d,3811390588367f0e
18-05-2026 10:09:55,p6JHDMtnLxIH0FcngoVW,703b1495-67a8-4175-8eb0-e840ff3048ac,True,3bd002cf1fcfa789,f7c6682ad24d37f8
07-05-2026 22:21:05,D0JfgNJxV5uOQjyqPaHW,ccf14fb9-3051-4442-99c3-aa8841ea88c3,False,8e2e127651e9cbde,517fc5ca69b652a5
17-05-2026 06:53:10,c3wGh0dMm9asdrKLyaHF,a7810636-cf86-44da-98fc-978210b27244,True,53c682ded6545e06,867d47425e9cccc7
11-05-2026 03:04:04,jFBtlKxnRTKqYXVTAi1J,236ddaed-b8d1-4200-8b12-f36eca3051c3,False,1791998ac3161359,5e1de20fecf98844
13-05-2026 16:00:04,Ct7iRV4gzirKNHsATk6l,9c3ecf41-dff5-420a-9657-6222e9f7a3b2,True,c31244cee16e0c77,cbf338d836298cb7
29-05-2026 10:39:40,stuUOAKNmDM5glxLgLwI,1117b2a7-0887-45ee-b3fb-8dea809b6e7c,True,c6a2d85265d19a41,57e17fffc619e182
06-05-2026 04:59:01,CQD6WzuKU9BF9TrOGPq3,62ea203b-0d08-4cab-b375-885516a52756,True,3c58290022ed11b1,552b8d6c350cb13c
25-05-2026 14:20:31,8qhz87bRhzRdtnA3LKt7,7ba398db-0658-4391-a25f-fa1143d4e7c9,True,8f8c45c33ff51d0e,8e2e127651e9cbde
18-05-2026 02:42:59,d4mjNvBQb1oDntS54BUv,18030af3-c82c-48c4-ae3a-8cdd5603b1a1,True,fb188f553674b4c4,102edb38b5ec347f
01-05-2026 22:46:16,ST0X7P9PIAKprZLpMR8w,481ddaa4-7ac2-490e-94f6-6eaaa065ff14,True,517fc5ca69b652a5,ec75a53f04901eec
23-05-2026 20:08:08,XUTyOKtfhhuBY53Orak5,0f31f00a-2573-4d4d-a5e1-3b850f4c6f68,False,1d6285f5502cf1f8,c51d4eb54f89fec8
16-05-2026 12:23:06,XKNSlZuZEZKinXN9qb2X,d9295646-c9df-4f67-acb9-e81d5df2c3d4,True,d5eb4d757b335d0e,cb4c1290e91970dd
13-05-2026 02:12:11,cL5bLvOvOjeScr9XoUDY,498f8ad5-0b3d-43df-8e9c-074996bd9acd,True,d632e4ce536ec364,5a7b6516c51a4d4e
03-05-2026 10:26:42,enOvy7WiZi9OBrNprMsz,4c13a41d-dde9-4c2d-b310-94f34390ae29,True,eb39e98aca20e7d3,4c885efe7bde3ff4
04-05-2026 03:03:14,uwJAHMU8whVqTVwYlX1i,44fea147-36cf-461e-982a-b4e1e4e352c0,True,c34c1310eab19c87,3db4e6efff8b7518
26-05-2026 23:09:33,dPsauP9Zv49EnewyMlIh,9975ee85-cfb8-4a95-878b-d2b8bf08f673,True,1b38ab967d98cc4e,e7eb35b501d57e1f
05-05-2026 07:46:27,YnxR7VS8DLhwplRmGzjU,a03f8625-fd16-4fcf-986e-ae71a773cbf2,True,d5eb4d757b335d0e,552b8d6c350cb13c
03-05-2026 00:11:10,EJi8vgvsMKXFipwTfDmm,81ae182e-1b04-47e8-88a1-544b02bc0609,True,24d6a87b0598b02e,867d47425e9cccc7
29-05-2026 00:50:00,WSliwUbVSF4P4D2ZC7KH,628afcfd-f28f-409b-9d73-350ca5238490,True,bb4bb9fbcfcc16d1,18d281edb3671f44
27-05-2026 20:21:23,WLBIUVCUKHxEGzpwJkWN,b00b2254-a560-437a-ac27-0a6a4f113e1d,False,e7eb35b501d57e1f,75778bdb64d1008e
14-05-2026 09:25:06,pFxZyUeZRMPYIGfBuMca,2116c944-a940-45c2-bc70-d95a778ec260,True,1bd749deaf799034,c7f34dc43387f858
29-05-2026 22:49:36,BY4rmkyJvsR8y7sU020R,659eedce-5ade-4c11-9082-9e77c67ccc36,False,5a7b6516c51a4d4e,b572bc65fae8bec1
04-05-2026 08:48:25,7m4jkkdWxlsaIWsOh7Wy,5ea5d4d7-1d67-41e6-8d8a-3c0e21665d5c,False,487b076a69a53671,389da1f3a7c1d8de
21-05-2026 23:28:38,mBE3IcZnKbc064peqXoL,3423efbb-16b7-41a1-9152-275325db3fab,True,42d576864f9952c7,19a558ecc36977ce
16-05-2026 16:00:39,w9C37M9hFtVBOu8GKDYZ,86d3a759-6d78-4b15-bcb4-6ef6a66424b1,True,6f36a3307488809f,5afe6ceac06784f5
28-05-2026 18:06:38,NQVj3vt9E6UXH79FDSD8,e6398f63-40ff-4150-812c-82cb48acc005,False,3811390588367f0e,2b95dd3cf28e7c18
10-05-2026 10:13:34,DE5cK2F4wkEA35AmTWmu,fd48bff5-00fd-48a1-8be3-4f0cc964084a,False,e84878f982129128,487b076a69a53671
20-05-2026 14:57:53,y4KV5Cr3uB5igiYPabN7,3f8f368b-cb66-43fb-b062-1ffeaf3758bb,True,514af2be7dc985d8,e8c9832b5c388bb5
04-05-2026 19:44:44,qAoYxRu8kzs6jqAYnd8n,a68abc98-d9db-4cb3-8e6f-0051ce7596ea,True,cb4c1290e91970dd,5afe6ceac06784f5
30-05-2026 12:50:53,2tNCEISbL9RMcnxTqKSs,e410983c-1454-4f51-abc6-1ba975bcfbe5,True,556be8558ce56421,53c682ded6545e06
20-05-2026 16:29:20,WrtbNqlvfHhwd5aKk4gs,84fca5b0-3098-48df-8a6a-127dc87f60b0,False,e7eb35b501d57e1f,3bd002cf1fcfa789
13-05-2026 10:04:30,gT60suMVp2F9tIrXs0Oj,42aeb89b-c576-4cd1-8e98-889d1189f944,True,18d281edb3671f44,b8e78b83a62a0cb7
03-05-2026 21:35:12,3gyFosqZdwRVVhg9NVO5,06f01c7e-c36f-49f7-a2c9-cedeb80a1c20,True,5a7b6516c51a4d4e,1bd749deaf799034
29-05-2026 13:56:23,rgEIiLMVU3NqiYjWuxcH,338ca3d3-d078-4ed0-8855-8e36ff93329c,False,6f36a3307488809f,9cbee3c1d7168837
07-05-2026 03:13:12,HazhA41Gpeqf2Yp3NMqA,56f3d9c3-68fc-4f0c-86bf-8c2c1ca28fc6,True,eb39e98aca20e7d3,06bf6a628379e030
30-05-2026 22:09:31,745Zvpy728MVuNJQCwKI,3a9d957a-bbe6-4295-a1bf-4d974b1da0d6,True,18d281edb3671f44,ec75a53f04901eec
07-05-2026 16:45:03,xzdC0MEijiyHPhl2ADsy,c0339247-2439-4670-b04a-81bd2ae99277,True,131c7dd8f3ab4b35,d632e4ce536ec364
05-05-2026 22:12:57,kjl4zT6IISLzaRDtJv0e,7e18a6f0-fa2d-42cc-b487-8bb9573a3b33,True,923d0315f3ae2bb3,131c7dd8f3ab4b35
05-05-2026 08:13:33,zSQDyHeyd5MxIaNj454P,7a32ec9c-5667-4230-8aa6-468cd1edbb3d,True,0e52f2934d8ce165,1d3db575c4a79d75
28-05-2026 23:17:03,wpu77ehmaUhoIEZG3HAv,62b51df3-3a36-4b8e-bc92-51c1df585a10,False,153c202e3cfef4ba,bc74204126e384ca
27-05-2026 16:16:15,caBKurDM7vV5QYk6GS6G,fd2d46ca-ed57-4a85-bff5-7091825c68bf,True,cb4c1290e91970dd,131c7dd8f3ab4b35
24-05-2026 02:40:46,VoAhrya1azGpNYBWDfoe,5d89290c-4d1f-4342-b01e-8cc32e454c0b,True,f7af4712fd6b9108,42ac1a2bf982f79c
16-05-2026 02:35:29,X4zn2kkbAPFp5m7aNlPk,a2d7c19b-142f-474b-b14c-abb159f27cb2,True,e9da39984fb29dc6,f7c6682ad24d37f8
21-05-2026 17:00:40,uM09UnATSzYHqwGyIwrn,f9d1bfc6-7799-4c16-ab10-1e7f42a31220,False,06961ead71f8b1d8,34cbefbc28798720
25-05-2026 20:22:50,P8pXR84y3RzTWevC0jkH,39cf441c-8637-4fb3-a0da-dee6dcf801e1,True,c51d4eb54f89fec8,3c58290022ed11b1
13-05-2026 17:41:02,5FDSb6PzhCPc70aIMTzq,f5c0d1bb-5e19-485f-b2fd-181cb4ee4aa6,True,57e17fffc619e182,3cc68b8049eb8d4c
08-05-2026 16:45:34,uUhncC4HqUR8h5TV8BHp,217e5b3b-9186-499d-abb2-94d19bd721bc,True,d5eb4d757b335d0e,13db178cd9a1e37a
12-05-2026 20:49:35,gVWLciMSFKOxI8CVkxR6,b903ec94-aadf-4dc9-8c66-5ce9af6c39bd,False,389da1f3a7c1d8de,e8c9832b5c388bb5
26-05-2026 13:47:38,jP2Ii5pmuJl0Kv4H0Dw7,95a2c7c9-1c94-4c44-91b8-7305a63d1127,True,82a83fc853728306,75778bdb64d1008e
09-05-2026 23:24:07,SHFoN6aXXBi4pCOV35G2,3c513363-45d1-42e7-aa9e-5e646811aa19,True,42d576864f9952c7,cbf338d836298cb7
30-05-2026 15:56:32,aO4fWpu7idW06empCJ1z,4b95039e-56cc-4920-84df-a2b9a731adee,False,1bd749deaf799034,24d6a87b0598b02e
03-05-2026 22:43:33,rTxJsqHVif72t4qT6fPD,a5d38200-7462-4624-a9c7-ddd2be2cddac,True,517fc5ca69b652a5,1b1cc9cee9f27003
15-05-2026 13:25:56,ZV6wWMGdOsfkU71oqnUe,398b15e0-fb42-449a-9cb1-2db37340f1b3,True,b8e78b83a62a0cb7,923d0315f3ae2bb3
17-05-2026 22:15:10,3Os5e03nEa3NdSBFfjXT,1499c272-7cd6-4239-80c6-8ffbf4db2371,True,389da1f3a7c1d8de,13db178cd9a1e37a
13-05-2026 15:44:46,71YBaBUqVttgWLXP4i5t,7c5818e4-b4a2-4695-8a43-55cdb3c53e63,True,e9da39984fb29dc6,514af2be7dc985d8
08-05-2026 08:31:03,O9QgVPOgg89fjmy8Xwfh,1f7bddd5-3839-4707-a14c-d1243c5c44e2,False,430f674c6dfe941a,c9ab51cba10ae1e9
03-05-2026 09:25:26,axE3JUrYuPbVyu3kKG12,c228083a-d6fa-40b8-aeaa-0f66d3ee18c9,False,57e7d972b508815d,eb39e98aca20e7d3
17-05-2026 04:47:19,Js3iZQWbCHsues0EVwtv,63334127-da56-48fa-a8ed-58f36a8f1287,True,c837debb39dd1e68,24d6a87b0598b02e
27-05-2026 06:12:01,EbqMg8KS5FhU8JDICyd1,70f0fb0c-222b-4abb-93b0-059213fbb717,True,95744df47936b8c4,91279a646f8ea6ac
10-05-2026 23:31:43,diql1LbkLWZhU55MrHSL,74208626-86d6-4053-8360-3178a5631f0d,True,c837debb39dd1e68,a8c47673d6a4f85c
25-05-2026 16:24:28,ymdYTAGxjcXHuMcYF2lt,a8705577-08ec-4639-b958-484d66162dd8,False,c85cdb0ef48d09c8,93279918e60ec274
26-05-2026 18:48:53,r7HVUFGKcvZCl9JOs61e,85e6c4f3-53bf-450e-9d13-36d4f8c45853,True,4c885efe7bde3ff4,153c202e3cfef4ba
10-05-2026 18:20:55,XjFIwALLO5evrokMCB2K,9aeba93b-6b02-4949-8883-911ca8adf21d,False,93279918e60ec274,5a7b6516c51a4d4e
15-05-2026 18:32:47,xV4gdhQ2az4wzJhntHh0,cf09995d-634d-4ece-863f-78ea07e1682a,False,7d176c63414fcd05,9d16533a62ab9315
05-05-2026 11:09:21,mtb9djSfeJ8gqCNl9R7n,700e6c38-e773-492f-a77f-1e3ecdae51aa,False,de2dde23040292bc,ae7ec9246c4649bc
05-05-2026 20:57:42,UaSadsT2g8hgXrVSz5DA,4946411c-3337-4a1d-b6ae-71cf6c31da3b,True,57e7d972b508815d,daf96d2280390dec
03-05-2026 20:49:46,MipRNajVVbtOctvnd4g3,ececd6d9-29d4-468c-90cb-32d5cd90cbbe,True,102edb38b5ec347f,f7c6682ad24d37f8
19-05-2026 09:25:50,m0FzKCcEoUkntyqoRin5,70eeca4a-3d9f-4266-b339-983d9c48b265,False,fb188f553674b4c4,e84878f982129128
01-05-2026 08:29:17,GquDziHuw6ea8L6MwmqS,08b4d326-ef77-4cf5-b782-55ca1ec94b53,False,e84878f982129128,1d3db575c4a79d75
22-05-2026 00:18:59,3DELb2vw6GlermNxIaVk,77930e5f-e4c6-4b8a-ae3e-5d4b037b936b,True,3cc68b8049eb8d4c,1b1cc9cee9f27003
24-05-2026 15:07:17,YCtxawZqN5SieMtyx0J1,11681b75-bdd6-477d-b42c-d4b27a53a3bd,True,1b1cc9cee9f27003,430f674c6dfe941a
06-05-2026 15:47:14,WpSCJNPs3218ScxwHIJg,df7293aa-fd14-4f74-b867-90e9382e4e68,True,1b1cc9cee9f27003,131c7dd8f3ab4b35
21-05-2026 10:05:26,HAIiaQeR9pBV9jJKWLDu,2d7f2545-9e9d-4bdd-bed6-1cffde2a66b3,True,867d47425e9cccc7,42ac1a2bf982f79c
23-05-2026 05:45:32,iFMaX5cdmfgQTUtGuadc,8ec95fa5-87b2-4af0-b8fa-5b3dc6a978c0,False,d5eb4d757b335d0e,bb4bb9fbcfcc16d1
30-05-2026 19:28:14,SZU9Dk4QPsFxbN65gccE,3dfc7048-50af-4656-b1c6-35bbac5c76d4,True,bb4bb9fbcfcc16d1,57e17fffc619e182
06-05-2026 22:51:53,TAYPyWSncFEcSFJ1oqVX,3d78c2d4-1e84-48f9-bc2c-d835a542b78d,False,5e1de20fecf98844,0f98939ac68105bb
18-05-2026 12:13:57,os2jxrsGEUM0JUcWAbok,5c92ad34-1c4f-4c41-a263-7b69bbba0651,False,34cbefbc28798720,552b8d6c350cb13c
15-05-2026 17:26:09,R0eeUBe2SYSS9BMqUkqc,8650ce19-8be5-41c1-bfdd-148a8e0a8c4c,False,c0014ea2ee2fdaea,c31244cee16e0c77
04-05-2026 23:03:57,FglIOyGINmilSjDy3Ll6,6fc21631-43dd-48fc-a654-61f86d21e972,True,9cbee3c1d7168837,8f8c45c33ff51d0e
05-05-2026 09:21:13,VhQNl7giECVyDhPo3OX1,868eebbb-2bca-444e-9812-2a497ba0c908,False,514af2be7dc985d8,cb207a93391638cb
29-05-2026 00:15:05,MQsSBTXOfZir6mV1f1xI,32a4f8a6-681d-469d-aabc-33a5f2bdd3c5,True,330949523d665e3b,c34c1310eab19c87
20-05-2026 02:23:06,H3mdOwu6KVJUn6I2XOVN,e46b6b45-cf81-4765-99b2-d7d342696a55,True,1791998ac3161359,7e8fb26408446272
28-05-2026 08:29:23,qhMMaORF3OP3k3U4b997,f5261ae8-80bd-4aec-8ba3-adea4ef3ffda,False,1791998ac3161359,82a83fc853728306
28-05-2026 05:21:51,iPe15YPvymL4ofQsVR9Z,bd6a5048-e510-4855-9b1c-55803651ecb3,True,8dc02e5c153f83a3,2b95dd3cf28e7c18
25-05-2026 17:20:38,SwrP7KLJeB0fyPMDJKLg,3630fcc7-c3d0-49f8-a38e-9f966aee196c,False,389da1f3a7c1d8de,63d3511e9e857901
11-05-2026 16:13:39,ECl5n2U3Ku0CGOkHSVkE,b45b4e88-ffea-417e-b711-cc2a57834508,False,1d6285f5502cf1f8,867d47425e9cccc7
01-05-2026 11:47:28,oG4tfe6OB2xJxVnMUPNC,40f968c6-408e-447a-80de-a052d0edbc1a,True,e1bd0a847e7079be,d632e4ce536ec364
03-05-2026 12:01:03,LylLKeM2Pm1kd68DQ4qi,b34622ee-7845-468f-bbe5-e06ba2bc08a3,True,5a7b6516c51a4d4e,91d55d217a2af234
24-05-2026 21:26:26,uQb3OggP4BcQZYAXzMRh,32307b54-cfbe-494a-906f-d7064a687bcb,False,8f8c45c33ff51d0e,517fc5ca69b652a5
06-05-2026 12:06:02,xIRSgStL8gKjdSeU4yhG,d974dc97-5cf0-422d-8399-cd58a7bc5b95,True,95744df47936b8c4,75778bdb64d1008e
27-05-2026 10:31:36,TE1te8HAHZC5CAVeecIF,fb0d94a4-a1d4-4483-9b7b-cc776d078680,False,c9ab51cba10ae1e9,bbbe498ee44f6349
16-05-2026 04:53:04,F0xijNummcbYGLsuUnXM,6868d012-9000-4730-a414-7b784ce562a2,True,39a54d73a921b9f6,517fc5ca69b652a5
07-05-2026 19:08:22,yp5HSnDwbIqxI5L2Bi1k,80f6c0c7-73dc-4d15-a4ff-c7d2f26db445,False,234da97fe615c6b7,d4389e820d4f82fa
12-05-2026 21:08:53,Av042SgHmwwQ9TbBIdSJ,b4426d0a-0a72-4664-a922-2af42c140c53,True,c51d4eb54f89fec8,7d176c63414fcd05
16-05-2026 19:40:04,0tklTqPKNziIaNVOvVhP,1f60de0c-f6b2-451b-9ead-6ea0ff64220f,False,c7f34dc43387f858,fb188f553674b4c4
20-05-2026 07:32:51,VamHXWjMnqLd5z2Y1mwz,1f34c8bb-7c24-4e89-96e1-5ea34292cb6e,True,234da97fe615c6b7,3b1338c1207d1e2e
10-05-2026 07:35:11,maoBqSFcaoSEQKkfuZcB,02fc54d7-68f1-4005-92bb-6b9b498352b0,True,4c885efe7bde3ff4,d0825fdf3da3660c
08-05-2026 05:00:55,TKmuTbB9uAPQVfHV4m9K,14fd7319-e407-4cb0-a3f1-3266ed207d2c,True,8f8c45c33ff51d0e,514af2be7dc985d8
02-05-2026 02:41:25,kwMcO8nlhipIsGQo8ZSn,584b5788-3fd5-4f08-98dd-c85c70d69a7a,True,c31244cee16e0c77,daf96d2280390dec
21-05-2026 14:56:40,vYtjdZxaJZsTNIaNDHW5,8aec6b00-70ba-4bde-9ea9-fa905a2d9a4f,True,ce246387dd078174,8dc02e5c153f83a3
25-05-2026 22:53:16,veRmtW4xPRvnZvtvpiWX,bdd256bd-3ccb-4751-ad7f-38eb4f4c016b,False,330949523d665e3b,91279a646f8ea6ac
02-05-2026 04:24:40,GqhQMNerq8cxabNdXQnh,4a5827b8-a9ed-4910-a0e9-f7f44da0dfd3,True,556be8558ce56421,867d47425e9cccc7
29-05-2026 01:41:35,a4dn567j3JPzQiHIqz0H,b2b0bc75-0680-4842-a8c9-686c8c40908e,True,234da97fe615c6b7,2b95dd3cf28e7c18
15-05-2026 07:08:01,i0vuHShoiwNstuI2Vgy8,0b9e395f-5412-459c-b168-294241de65b5,True,102edb38b5ec347f,55b620d8c0ab41e0
07-05-2026 10:55:56,hbOWN8n7pjDe7JeTUiJo,46cb0521-e690-4dbc-9535-910467f85474,True,95744df47936b8c4,53c682ded6545e06
19-05-2026 08:40:58,BM0DnMMN8yytGM1KR7I3,00a22af5-75a9-421d-85a4-aae9966dfdf9,True,b30b0b43692b035b,42ac1a2bf982f79c
09-05-2026 21:58:48,LSd6Vvi0LaC4wwpI7mZE,6b752444-b286-45d3-b9e9-fd9b39c6b0c1,False,1bd749deaf799034,330949523d665e3b
25-05-2026 13:24:05,2TvDPWIBgLG7BNmyn2gM,7986a443-595d-4ad9-89a2-d9e380169cce,True,574582321d04df00,6588d11c4a11acb1
17-05-2026 02:24:28,MgniQDH97r6nWHvt19g5,58ac724f-ef20-4a79-8a96-af023ce17020,True,91279a646f8ea6ac,e8c9832b5c388bb5
16-05-2026 04:48:12,Smc5CDUHcXCLiBWjVk8D,9530aee5-2f6d-4804-87cf-c128efb46c40,False,b572bc65fae8bec1,f879804e4456e5d4
17-05-2026 14:46:03,y2rL3AHOlakWcvnxDDSg,e01c0d86-da9f-4139-9e27-79febe2a9555,True,487b076a69a53671,de2dde23040292bc
05-05-2026 23:33:06,KtvHVEeldxhOPslnCpDI,d2a4e381-ce1a-4b76-9e38-36cb43d0ac01,False,430f674c6dfe941a,b572bc65fae8bec1
01-05-2026 19:25:56,cVqu9YQLGUkoO98BTYc1,10953e50-d246-4060-9a0a-5768cce7a1a0,True,7d176c63414fcd05,c34c1310eab19c87
20-05-2026 00:13:35,nGnXq0UrkAdtjHWaPgpb,6f16f228-2811-4c20-bdb4-f4d0845e7ebd,True,3db4e6efff8b7518,fb188f553674b4c4
08-05-2026 22:56:06,JZwzg2Sx3wXF7EGhTmFE,02d2e9ed-beec-42e6-b6b1-a48b808c3a36,True,eb39e98aca20e7d3,e1bd0a847e7079be
23-05-2026 10:26:19,M5JcdlAq3Eo8at0HuKLT,4b0f957a-5160-4762-a18f-421bcdb2064f,False,06961ead71f8b1d8,72ba4e2f87adceb5
06-05-2026 08:23:35,sjBxiIoBmCQvxVjG0jv9,24deea22-cc1b-48e1-8080-67338dbc943d,True,389da1f3a7c1d8de,3c58290022ed11b1
16-05-2026 10:21:56,4tUvszMBBcJe4DBSBdxn,1127ec85-203b-4401-9f30-b0681f2a8c07,True,131c7dd8f3ab4b35,c51d4eb54f89fec8
16-05-2026 01:04:32,bNKKp0WheQ83XXIawWrg,53012d01-554b-4644-a54a-86255ddd982f,False,556be8558ce56421,eb39e98aca20e7d3
07-05-2026 18:58:47,VayqBLQLb0gLcWZ0vhK8,b50d57fd-0dec-47a6-8989-ebc732656896,True,17b4966e9be4d8d8,330949523d665e3b
24-05-2026 02:14:58,qiA4KFIj8XqUB1zmeiD5,64925fb0-835a-491d-8845-36798bfa9fb7,False,6214b1b462c04096,06961ead71f8b1d8
16-05-2026 22:36:44,NmxvYAhEPwmFvtre4WnN,54d1cc70-22bc-437f-b90e-677f5f95e74f,True,64a94f9052422a0c,4c885efe7bde3ff4
16-05-2026 13:45:42,kUvDrm3Asj0k1Xmxwysa,224abac9-70d3-46b0-9b58-162cebd831c6,True,7d176c63414fcd05,63d3511e9e857901
13-05-2026 12:04:56,16bCEM0TIHD0w1RcnyYF,87627008-bab3-46f7-bda1-d54cfd20234c,False,8e2e127651e9cbde,e8c9832b5c388bb5
01-05-2026 19:28:56,tpV3mNCWlBGBQMNjLlQF,492388e2-8c29-4380-9fb2-aba5d75e58a7,True,d57d393b16ba030e,517fc5ca69b652a5
01-05-2026 12:46:23,HRKw7inAaH8hrNRMB6j3,cf8bacd9-2f26-42d7-bfdf-9c795d9dbb4f,True,13db178cd9a1e37a,7e8fb26408446272
23-05-2026 02:29:45,a1xYaQOfjkgyeOf6oR9f,4ce7ee59-85ab-47b4-98e5-b3c1d3d0b2ed,True,057c44d337463e07,517fc5ca69b652a5
12-05-2026 22:39:33,IYLCvHm7glHN7UzUPy6X,8948fd4f-2594-40c4-8a01-7e2c23865c7b,True,5311a0642c2564ad,f7af4712fd6b9108
20-05-2026 09:13:20,TPORfRfk2ujK9eJJOVPQ,b2e3b803-abb8-4f51-9377-9fcf0cb9d3d0,True,8dc02e5c153f83a3,42d576864f9952c7
07-05-2026 06:52:12,ZqYcqtWWuXLfsxouS7JT,2ed0e6b0-472a-44e7-8d2b-b90869f3c369,True,517fc5ca69b652a5,bbbe498ee44f6349
15-05-2026 13:35:38,bZHsYkCuR1fkc2yfMne2,58ed9c5d-ba22-49a3-802f-7e51de354009,True,b8e78b83a62a0cb7,c6a2d85265d19a41
01-05-2026 04:46:51,CYLxTH9ZfkbipIkhEFGW,30cb4e72-855b-4f44-90e9-188404e4c4f4,True,4c885efe7bde3ff4,1bd749deaf799034
25-05-2026 05:45:56,Nb1bln9yWvkFKOGpq5nw,f0bd76e5-37e1-4ba6-b172-d94ff5f35472,False,5311a0642c2564ad,f7c6682ad24d37f8
28-05-2026 17:11:36,WOoEwGQQ6pyvAZM37X00,f5c0ddd2-9fd1-48ae-8a82-ffe0d2b00a91,True,e8c9832b5c388bb5,eb39e98aca20e7d3
03-05-2026 19:38:11,rIQmbPSs9E0Q9ZVU3sNA,fc76b8de-28e2-4864-8dfb-d85740f2e7c9,True,c51d4eb54f89fec8,c31244cee16e0c77
25-05-2026 20:21:27,y49ANPh6pMyfoAoce3Mv,52aba035-5204-448a-ba7f-8d73126253f4,True,64a94f9052422a0c,9d789fd91804129f
13-05-2026 11:00:31,JBUzZhw6Y3qzVBffHnDC,d90dee58-9e6e-42d6-94ed-7160c1233b0f,True,cbf338d836298cb7,057c44d337463e07
24-05-2026 05:16:18,wiExvQ5MZR9aPEcAZ9VA,4f06c294-2fa7-4e5f-a6e9-1ec06e0bb8d0,False,b8e78b83a62a0cb7,2f2bd7547d602b7a
23-05-2026 16:50:31,REMUz1L1sbnrmAyOHIqx,6e6cb2e8-fc37-4563-a235-327f9c465714,False,7182af742e04dc6d,7f281c8dbac1f799
11-05-2026 02:54:19,ESMtyK8dpGgvyv2b98Nn,3bdc1a79-32bc-42d6-ada9-880af5060f48,True,de2dde23040292bc,1b1cc9cee9f27003
04-05-2026 23:35:25,fqaZcvQRM6b6oj9JbtOe,6374fd22-22ab-458f-9b21-68250aee06dc,False,f7af4712fd6b9108,e9da39984fb29dc6
16-05-2026 04:02:48,CBBtnG8cVaZXVdsqgQEo,16a80ba4-d8da-40cf-b7d7-4432aa27776f,True,7e8fb26408446272,b30b0b43692b035b
16-05-2026 21:06:34,vVU0gENidpuYuzQSDvln,ecfc026b-8d1a-4e21-b7d2-a7bac1bef156,True,2f2bd7547d602b7a,e1bd0a847e7079be
28-05-2026 21:21:34,7vnk4pFr0k8H7Nx5aTWy,6e14b0ee-d692-4811-9de3-854d1dbaff50,True,d57d393b16ba030e,e8c9832b5c388bb5
21-05-2026 05:26:10,0kN5Tb6fC0xCK6AqrSWY,4c1e89fa-12ba-4a05-8c3e-521eac9e18b4,False,63d3511e9e857901,17b4966e9be4d8d8
12-05-2026 10:02:40,4NDuzCSHC9Lv5Eji2v36,16050a72-316b-4e5e-ae21-5313ea4fc82f,True,514af2be7dc985d8,d5eb4d757b335d0e
08-05-2026 00:02:49,hINHeu2FKO6sWhfapWIB,cf1b7bd2-31f2-4dfe-bde1-1739bde04430,False,3b1338c1207d1e2e,55b620d8c0ab41e0
19-05-2026 04:06:17,pOHbbtlhNROYEtE7qOvV,545b98ea-c773-4582-932c-40b21ef81609,False,7d176c63414fcd05,82a83fc853728306
25-05-2026 08:54:47,lvTUXYdwBi8mW5fFwGY8,6c0625a8-c198-4958-bbfc-082439afa873,True,57e17fffc619e182,e7eb35b501d57e1f
09-05-2026 15:21:09,6Q4CMja6FIJbMtiX3NiD,2803fa82-d458-4dba-9758-965354b1c81c,True,95744df47936b8c4,7e8fb26408446272
16-05-2026 16:52:56,CU7i0mi5zihcyAuDi1GH,99b2cace-0c3a-4541-bf85-232014a0514a,True,0e52f2934d8ce165,e1bd0a847e7079be
13-05-2026 12:09:01,0NE3KLheeQxGOboMCu5X,1b784826-5d12-4921-97e5-e8ec1d98ea6c,False,e1bd0a847e7079be,9d789fd91804129f
14-05-2026 23:31:11,oO2cAOp8BSvTWcCAnoX1,d79a3cbf-aba1-4105-8436-1872b8bc468a,True,de2dde23040292bc,3811390588367f0e
08-05-2026 22:02:36,kdpcEI4dSDhZ5Jntll3E,4e890948-11f0-4d1c-97c0-75dadc080c9b,True,b572bc65fae8bec1,bb80f878cef35322
07-05-2026 15:33:59,XoPeVEG5bsZ8qCDnkpuz,042c6609-d16e-4f4b-8d02-660e951ce0c9,True,3993ad7e2565b6b0,552b8d6c350cb13c
08-05-2026 17:37:59,2kQObWBjsTRvFWJc3gbR,53dff543-ee46-442a-9aa6-33675db27d75,False,867d47425e9cccc7,64a94f9052422a0c
18-05-2026 06:34:07,10Wa8iQWEkioGupMWXyH,5ca47329-8a2d-4ac4-b112-867d7a568d79,True,517fc5ca69b652a5,430f674c6dfe941a
06-05-2026 03:32:56,VHpeNyodzxbKAD5BcNdC,0c2a4619-4fa7-4e04-97b5-f854c5fd79bc,False,bb80f878cef35322,fb188f553674b4c4
11-05-2026 11:08:17,Hkb7kjm7qfaPF1OhVB7u,b8002b5c-3b6c-4bba-a17b-55980431c9d2,True,c9ab51cba10ae1e9,91279a646f8ea6ac
02-05-2026 06:04:29,FZd6JXAtRef3j2jFJN19,df1c5c9e-9189-4e34-9065-d95cfb0831dc,True,8e2e127651e9cbde,3993ad7e2565b6b0
15-05-2026 18:26:55,702j67xtkhnZRrlv3LS0,9ed13e8f-b667-429b-8c2b-352d427fc549,True,ec75a53f04901eec,d632e4ce536ec364
15-05-2026 04:13:26,h8kD1zz7nHbZ5Mgs4vq6,75f6be5a-82df-42e7-a4e3-7880ed326f95,False,e8c9832b5c388bb5,17b4966e9be4d8d8
02-05-2026 12:54:15,JXuInsAgrrLpjvT4GVdA,f1850d04-8c30-44fe-ae5e-4f41a65d6d37,True,e8c9832b5c388bb5,574582321d04df00
14-05-2026 02:57:17,sMUiIc7SRx3TUicrZf58,98152c8d-f1af-4a3b-aa7f-d6beba8fa4e2,True,bc74204126e384ca,153c202e3cfef4ba
14-05-2026 13:22:11,BidTNn58jcSmDRng1fhw,26b646b8-5da2-4026-8c64-463d8046317c,True,ec75a53f04901eec,6588d11c4a11acb1
11-05-2026 23:21:23,74rBgpik2YT1Zy0KNn7m,b3d409d3-75bc-492b-aca9-258f3da05ae3,True,6f36a3307488809f,102edb38b5ec347f
15-05-2026 09:08:06,suNSvyFOg6IdHxqoHMj4,4e482f0d-ba64-481d-be74-cc8f4a1330fc,False,c0014ea2ee2fdaea,3cc68b8049eb8d4c
03-05-2026 00:24:27,wvc2bpFYjV7DHSpnxrrL,b36e1b78-5ccf-4a20-99a2-8797c67c1f01,True,9d16533a62ab9315,3cc68b8049eb8d4c
14-05-2026 09:35:40,mKw6OGTGRxSnN3z18Jfh,3e370cce-c3e0-4ed1-976d-bf612d85ed89,True,55b620d8c0ab41e0,9d16533a62ab9315
27-05-2026 12:56:33,OO8UjlYlmV0xoVxTk1eG,19d46248-d28b-4d36-8d25-95adb7da98e1,True,1d6285f5502cf1f8,cb207a93391638cb
07-05-2026 10:37:29,dTNi6uJjis7i5vaWXHXo,a28468cd-94ed-4c9f-8258-1e813c41af7b,True,514af2be7dc985d8,430f674c6dfe941a
21-05-2026 11:32:19,HpstS1UM4TtOAggOdKEV,f5a86899-7249-46d2-9be6-9a8983ce6b04,True,8f8c45c33ff51d0e,93279918e60ec274
10-05-2026 23:56:28,YNr2j8SDNJpj18w0fkOF,8ac53160-0be8-48ff-a0f1-50b88db664db,False,8f8c45c33ff51d0e,64a94f9052422a0c
25-05-2026 11:25:50,Ir3bpTnrnipKvK5kzW7d,36345f42-f2c5-4cc4-879e-38ba7ddb684e,True,e84878f982129128,da211edc7bac01a0
04-05-2026 21:57:44,HDI9vIxHw5uFqPUpqAij,6abc8977-64b9-4baf-8317-ca7955f2fb97,True,f7c6682ad24d37f8,bb80f878cef35322
17-05-2026 02:43:02,M01lFBshXrIRF8D0vQ5o,c976d7f1-25d3-4ef7-8fb7-55c6a3abbd83,False,9cbee3c1d7168837,389da1f3a7c1d8de
04-05-2026 01:15:32,n7OqfhFajGHsV9doM9CE,9163d2c2-f932-42b0-ab23-18ebdbcac364,True,18d281edb3671f44,4c885efe7bde3ff4
19-05-2026 15:48:28,BujOIwPEngGGQU47SBln,ffd89692-b01c-40f1-9dd0-1145e2e1810e,False,d57d393b16ba030e,9cbee3c1d7168837
29-05-2026 10:53:00,xKV0MWhUBjaPywAuySx4,d61ebf43-b416-4f53-8d74-a46c94a2f1cd,True,b8e78b83a62a0cb7,bb80f878cef35322
21-05-2026 17:53:53,wbfN79hVPEK5znoEmd9V,3f5ade51-047d-4212-b40d-7f98432cb458,False,552b8d6c350cb13c,c9ab51cba10ae1e9
29-05-2026 10:07:25,0aJtN0wHPPa8A8xu04a6,603bc08c-4ec3-48c0-822e-03e81507c86b,False,430f674c6dfe941a,daf96d2280390dec
08-05-2026 17:28:44,Wdp4LxYutQ6AQaxbTsYR,bed90f9d-eed2-4d42-9bda-9b7a6eb416a3,True,e7eb35b501d57e1f,5e1de20fecf98844
20-05-2026 08:49:54,1ErFDMupvxNMjIwHsZJn,8531b5c5-a7d4-4ef5-b12e-0e3d9e50b1b2,True,867d47425e9cccc7,102edb38b5ec347f
05-05-2026 07:16:50,rWKFsHVKYBUqEfgqDh7S,cf372f5a-2df1-412a-889c-6f342fe072d4,True,c6a2d85265d19a41,ce246387dd078174
25-05-2026 07:23:34,CnEpPq4tgnvK8NrUHF46,8f0e4cc4-2946-4af6-84fa-10f1cbfc7d9a,False,5e1de20fecf98844,bbbe498ee44f6349
23-05-2026 17:23:00,SINiT86LoQJq0KDdUzfw,28b91210-e74e-488a-ad25-ff3d13631e7f,True,bb80f878cef35322,8e2e127651e9cbde
27-05-2026 14:38:52,JZAjZOdg1RTzwiIK46QK,0b53c315-87ac-4dad-8de4-2b04ca710384,False,7e8fb26408446272,3993ad7e2565b6b0
05-05-2026 22:41:16,5oaIvw5YVDI1AEuyRvIm,ccd926d9-84c0-4d0a-bb8f-5ffc5760fd50,True,8e2e127651e9cbde,de2dde23040292bc
26-05-2026 18:17:51,W7rw90xGSonDqKnfvHxT,539f57a1-d30d-4a9d-8b0f-6bccd416b42b,False,64a94f9052422a0c,eb39e98aca20e7d3
25-05-2026 13:52:59,G6Ix9rcP679rnghotbdo,d67fb201-5781-401a-8249-39ec98bd3d32,True,d632e4ce536ec364,1b38ab967d98cc4e
25-05-2026 21:25:15,NZhdusFYqEJW0yTWNOfD,31b39eba-b015-430a-85e0-118791ea4b63,True,d0825fdf3da3660c,b572bc65fae8bec1
19-05-2026 02:29:02,Mq0NBm5LszVbl6Hwj7Bm,1763079c-9bdc-458e-8106-b1f0f3307887,True,13db178cd9a1e37a,82a83fc853728306
26-05-2026 22:28:18,FufOTWaMfVc8kLBy6arF,bf0203b1-6189-4bdc-a44c-07b227e3aea1,True,39a54d73a921b9f6,574582321d04df00
25-05-2026 19:20:47,n2yk0P5HBHoG5SbXmlxm,5b3838ac-ec24-4c10-892c-b227dba0246d,True,1b38ab967d98cc4e,bb4bb9fbcfcc16d1
19-05-2026 21:32:37,1SqZdNFtBk3xe71JdC0o,44fd743e-828a-46f0-ad20-604d0f44a48c,True,6214b1b462c04096,6588d11c4a11acb1
21-05-2026 19:36:53,BVq5TD8GiKFyuxQu8RG9,d4ba9639-ae3c-4740-8942-a02fe7f0a2bc,True,517fc5ca69b652a5,867d47425e9cccc7
08-05-2026 07:32:03,HAuJqcIo0sbgS7rx025h,238647a9-36cd-4558-ae4d-11c0226ed222,True,63d3511e9e857901,2618243a251bd83f
30-05-2026 01:45:39,RqjTURd6CpCsWkABvwid,64d7e036-74ac-4afc-9ab2-122038a0c90f,True,8dc02e5c153f83a3,6214b1b462c04096
01-05-2026 17:05:37,yUhQH2zfgGwu0sysie0x,515af13c-3240-4982-80b0-e65c60372af8,True,2618243a251bd83f,7d176c63414fcd05
22-05-2026 00:09:57,aszwzaOe5WPehMNuRp78,6145b290-9bea-4750-a5c4-5c6691d917ea,True,63d3511e9e857901,552b8d6c350cb13c
22-05-2026 07:54:16,eB4o3tvJ9DLjTmx1FuBr,305d61d8-36ad-4428-adb6-d4dc9a9e9e5a,True,06bf6a628379e030,ae7ec9246c4649bc
01-05-2026 20:20:22,BrXEuL58jPj4hpN4O3xF,5c26aa31-ffee-44bc-b011-b393f417f832,False,bc74204126e384ca,2618243a251bd83f
14-05-2026 02:02:45,BvzbTu0R18qr6P48wsXp,4f686019-0224-4f5c-971b-99534427c3ed,False,19a558ecc36977ce,867d47425e9cccc7
16-05-2026 02:56:28,BKiCW3RmcSsd7RFW48wL,44326b95-9a2e-40ed-968b-7be3835b16b2,True,91d55d217a2af234,57e17fffc619e182
22-05-2026 17:08:55,uuLnTmtAggIrh4ollSGX,0c83bcff-3d33-4579-b383-c8cadd47ab11,False,d5eb4d757b335d0e,1791998ac3161359
08-05-2026 11:05:01,aDYcL6hIrjNfcwR9GeRy,325a4e03-c6b8-40e3-9ff8-dce2d4068fb1,True,9cbee3c1d7168837,f879804e4456e5d4
17-05-2026 11:34:27,GyKwnkALP2Tgyg2ENwHc,b6ba19f5-5bd1-40c5-b654-0cc220765a79,True,5afe6ceac06784f5,7e8fb26408446272
23-05-2026 06:51:27,RbsRuQs6mUqsklJsb4bR,bc866b63-b4f3-479c-bcc7-609f05abc629,True,63d3511e9e857901,3db4e6efff8b7518
17-05-2026 08:29:27,zS9QCHBA7dBXaaoCXqta,d1418746-a588-403a-add8-aea663b3a018,False,24d6a87b0598b02e,cb207a93391638cb
20-05-2026 03:20:22,5XcuhFxukTAT9vpX1gPl,e2bf074f-06d8-488f-be01-14f0cc7df45c,True,153c202e3cfef4ba,a2fd30e5fa49ad53
06-05-2026 17:14:39,Bk1bchX3uIxumHP8BPsa,8ddc0cc3-9f41-42fe-aa4b-1de90db24982,True,55b620d8c0ab41e0,24d6a87b0598b02e
27-05-2026 06:51:25,0Ja8MoqY3WmulvoqYAfq,579ba828-b149-42c0-af09-c6237b88b887,False,1791998ac3161359,b30b0b43692b035b
09-05-2026 18:56:59,V7GRvG9f37gcioec3Ahf,e6e97709-bb0c-472b-beb3-a66bb0160ae1,True,b30b0b43692b035b,057c44d337463e07
03-05-2026 23:53:55,V4gmJG5d0XauzM7UM6vr,258b6142-2b3e-4f9c-9937-9fe3b441ec6f,True,d57d393b16ba030e,2f2bd7547d602b7a
09-05-2026 14:41:39,ZTy58JiU2u3skXu4TzzX,62530531-3d01-4f4e-9b74-d34fd96eee23,True,389da1f3a7c1d8de,5a7b6516c51a4d4e
23-05-2026 08:01:55,8eDFrz3SajQ5m5hvkUiK,f2f24fe6-8340-495a-b758-7204dfbc4a0d,True,5e1de20fecf98844,57e7d972b508815d
08-05-2026 03:00:46,WksL6kQmhnmIEhrpC60J,41306c54-4e6f-471e-82b8-bb412fe16749,True,b572bc65fae8bec1,c7f34dc43387f858
25-05-2026 17:11:18,aZ73RHtorNvmWV1oTCFn,9ea7f245-8184-4a89-9664-baa00d6b4a69,True,102edb38b5ec347f,517fc5ca69b652a5
07-05-2026 10:10:19,5uP6jFiHv6hGpaZpm2rx,4f79e5ab-f137-4ea4-8321-0c4a90eb3538,True,0e52f2934d8ce165,64a94f9052422a0c
12-05-2026 13:24:38,xXGjOeQQai0AcaZnMG65,4eafdcbf-c92d-4f3c-9c35-357e50e66fb1,False,e7eb35b501d57e1f,c31244cee16e0c77
09-05-2026 21:16:19,hQDHgX6rvrdSp0VhkkmQ,ad96a885-3577-400b-b892-780024340860,True,2618243a251bd83f,72bd2672c948d2cb
07-05-2026 04:37:58,lXJJhdMT93BuvRLveVhJ,90959cdd-b30c-4254-b593-729f1a6523ca,True,42d576864f9952c7,923d0315f3ae2bb3
19-05-2026 11:12:02,cwMeTWkx2IRsDBN8uucR,a54290d6-995a-4f39-9665-5e5930f21f1e,True,102edb38b5ec347f,5a7b6516c51a4d4e
23-05-2026 10:48:36,mAknsEXiuYahGt8KwGCT,247cda7e-dba2-4355-acf6-af6c47fcc796,True,574582321d04df00,e84878f982129128
30-05-2026 07:11:57,SLQMZoyY58u3h6mkUTbM,84198479-b2f7-4b32-8a89-c7c758c7ab25,True,517fc5ca69b652a5,d632e4ce536ec364
06-05-2026 09:47:34,6pkGSCPxIFp0TlH0il3S,5a80f7b7-1046-4b2f-9bea-d3748133c9e0,False,cb4c1290e91970dd,bbbe498ee44f6349
25-05-2026 03:32:33,PduKAK6ghRixRMx3dhdy,0d203e1c-52b5-4776-8e8a-a8904ca10325,True,eb39e98aca20e7d3,234da97fe615c6b7
19-05-2026 11:17:26,V9ef4epVG3z6c6WRQjBW,246b51b7-d146-4f47-9835-b707bcae37a7,True,1b1cc9cee9f27003,430f674c6dfe941a
12-05-2026 19:44:15,EzNfm7KwonMZv9HjsCjE,25b704ca-1d26-47ac-9771-7e4e9d3e559a,True,f879804e4456e5d4,55b620d8c0ab41e0
26-05-2026 09:27:10,Aowu5gTitGM8PkZTyzlR,4a17f5be-bd63-4595-a9a2-46d4f434c2b1,False,3b1338c1207d1e2e,3811390588367f0e
15-05-2026 20:36:28,RjZKkRWyXUr2XdDcteyc,8ad2c542-2888-4a5b-8b8f-84542572166c,True,53c682ded6545e06,7f281c8dbac1f799
19-05-2026 06:52:32,rIEB28QlPBCmEhvAhtVh,3ea4889f-2dc3-436a-9b2e-cfb414ed871e,True,42d576864f9952c7,517fc5ca69b652a5
04-05-2026 14:17:17,GK6epez5dWKeG01cFSqn,532d7d09-edf2-4152-b6ad-0a308ba645e3,False,3811390588367f0e,f7c6682ad24d37f8
24-05-2026 18:55:36,W8b3Hc46rkkpC98MINCD,335a6af9-b5bb-4295-abcb-a73369d9ce8d,True,517fc5ca69b652a5,3b1338c1207d1e2e
29-05-2026 18:35:28,Gc038scXY7eM1wpFLn3E,5ea47663-63d2-40f0-9be0-24bdec87a3af,False,102edb38b5ec347f,a8c47673d6a4f85c
02-05-2026 19:46:36,wo06Njpm2jzyRjDenpmo,c2cfcde6-7073-4abc-84c5-8db61a2ee832,True,75778bdb64d1008e,057c44d337463e07
12-05-2026 04:51:23,CNTURT1y7Hmc5tnxUWwJ,7402022f-0d6c-4d7b-a516-dabd71ecdb21,False,de2dde23040292bc,5311a0642c2564ad
05-05-2026 21:57:42,kov0DBa3Q67NH8462ONP,902ea4ab-a0a3-4305-be22-190aa48934ff,False,53c682ded6545e06,d632e4ce536ec364
04-05-2026 15:59:04,A98K9r46f7JwPxZ9uXCc,a1714d71-4805-4f32-95fe-4eb06d556be6,True,63d3511e9e857901,8dc02e5c153f83a3
03-05-2026 23:36:42,Q9Vw3Ip3w348z8Ae0uc4,ca7a7d45-ebea-483e-bb5b-5b77972d1f8e,True,bb4bb9fbcfcc16d1,cbf338d836298cb7
30-05-2026 19:11:06,04QmuNTrFAsXdCcGHENI,6bd5d800-b51d-4863-b4b1-fe980e0a6edf,False,923d0315f3ae2bb3,2f2bd7547d602b7a
14-05-2026 03:13:31,tWfWLKPLxhkN5Yjsvi8E,fca71069-4b9c-42f5-a2e9-16e5400733e9,True,3b1338c1207d1e2e,1d6285f5502cf1f8
17-05-2026 14:31:49,tdj5v1OhZ2OAT4juZzp4,994e55a3-35e5-43bd-b009-f9c61b0e1db7,False,cb4c1290e91970dd,ce246387dd078174
03-05-2026 10:34:24,P5sCvudqA21wJSEOy6Ij,fb3cdd42-a471-4729-ac84-7819144c86c5,True,91d55d217a2af234,cbf338d836298cb7
28-05-2026 10:41:59,8jCcgGJmdVxQ4FbDJns2,9240ec21-78bb-4c47-bb96-af02df8a274b,True,7e8fb26408446272,bbbe498ee44f6349
28-05-2026 21:19:58,b0tzimEXYJJhqUoLMscc,e5bea395-170a-4477-975f-37fb444281e0,False,57e17fffc619e182,3b1338c1207d1e2e
02-05-2026 21:17:05,neRyNL8b84i6jjjSJ5bI,89bd5665-1d15-4cde-b067-7402419b8971,False,e8c9832b5c388bb5,153c202e3cfef4ba
25-05-2026 10:12:51,QohxSHbuTtTM6cLVd4th,3fd4bde7-a440-4a0c-87ea-c0276d23bd90,False,34cbefbc28798720,53c682ded6545e06
18-05-2026 16:56:45,kMWQ1nBhAxjzBO1wgFZY,926b4cf7-0de7-4a5c-bf32-92bd88a50ca3,True,7d176c63414fcd05,7182af742e04dc6d
25-05-2026 08:00:23,7jYTWhVWDbXotnDL8bkI,b4426794-cef5-4783-ad0c-767cc7b0002a,False,8e2e127651e9cbde,d5eb4d757b335d0e
11-05-2026 10:43:36,ewRANIduZmAZirLADl7z,94356be1-9fd3-4c93-98d3-044065531578,True,6f36a3307488809f,8e7f2987241c2818
29-05-2026 18:37:54,KqRFQJUiUo58eEIWaLGH,e6c42855-0140-4854-a4fa-f03bd1495087,False,95744df47936b8c4,430f674c6dfe941a
26-05-2026 16:47:06,VyAbzZ3wVoQSUPqP3Jkl,a1d0f8cb-cab1-4389-8db2-6f0645020728,False,a2fd30e5fa49ad53,06961ead71f8b1d8
02-05-2026 07:17:20,OjBdn87rxfmdFHOUeVYJ,996c24da-3537-48dd-a1b7-4cd80014417f,True,7f281c8dbac1f799,552b8d6c350cb13c
21-05-2026 13:20:48,sevFtObOmyGnGJTYTAVA,41e4b290-527a-489f-a57d-7a6059ef05b6,True,330949523d665e3b,234da97fe615c6b7
29-05-2026 08:44:41,0RvSNGxTRBMoXCE0kOcx,6c7b8b70-c14a-4491-8c0e-760711b62af2,True,f7c6682ad24d37f8,1b38ab967d98cc4e
24-05-2026 16:54:26,a3btD2o9PvIJl5jkZV3I,431b8d1e-fedb-43ac-be43-6b72e7301978,False,c85cdb0ef48d09c8,ce246387dd078174
23-05-2026 08:13:00,CoLFhCtcJfDM7rq9ktzu,9b4cb379-10dc-42e7-a27e-cb694009c8b0,True,2f2bd7547d602b7a,3811390588367f0e
05-05-2026 04:49:02,kkcXlnajk5RhicaMit0h,5a2b5ab3-1b81-4fe9-9436-8d278a8d7956,True,7f281c8dbac1f799,ec75a53f04901eec
26-05-2026 17:51:13,rqIGZXvg0GsH1Tb9lFwI,47746afe-bdfc-4d3c-bd92-655ef6aaa268,True,517fc5ca69b652a5,53c682ded6545e06
02-05-2026 13:45:11,JMs8MFKgYHOTAIt4wvYv,0f20a594-5e5c-49aa-95a8-8e65f0dc9e82,True,d5eb4d757b335d0e,72ba4e2f87adceb5
23-05-2026 02:11:29,6waNFemGuF2d08hD69fq,5263ea58-9757-4fe7-a539-46af35593bd9,False,57e17fffc619e182,f879804e4456e5d4
23-05-2026 00:32:55,34Y6Nqha6sjg4D2GVWKy,484c61f6-e320-4a26-96a1-e4fcfde2f437,True,8e7f2987241c2818,389da1f3a7c1d8de
09-05-2026 06:37:37,bsux5EO69QefVgdCoJGL,10b9187c-b0ec-4cd3-92c3-1cc92482c5fb,True,c9ab51cba10ae1e9,3cc68b8049eb8d4c
19-05-2026 20:05:23,2ncp5aCQNQjOXrUUFBbc,679510cc-4a0a-4205-92ef-ad2bcbb7b86c,False,2f2bd7547d602b7a,3993ad7e2565b6b0
22-05-2026 10:52:38,a9WSuPxWpwoCy3huRnvv,14aa96e2-696e-4d2a-9a22-ed5d52e997d5,False,3811390588367f0e,cb207a93391638cb
11-05-2026 08:25:09,MyLgepqxaIHSJ8HVOJ0g,fc64094b-ac3d-4abe-9111-f96156b42867,True,3c58290022ed11b1,2a339e8954684016
11-05-2026 20:48:14,V38Mp0y2f55bcLjbw7wX,5a285ec2-406e-43d5-8d7a-069f4e023b04,True,19a558ecc36977ce,9d16533a62ab9315
06-05-2026 18:21:21,V0nGp7QAHzrHHUa9RWEQ,4018284e-223e-4875-8600-bba47d3e2379,True,e84878f982129128,153c202e3cfef4ba
25-05-2026 16:20:52,CEFlus4Y5N6TJxzkN5qR,b9c63c34-ba20-4b9d-8c5b-795b153bb868,False,82a83fc853728306,7182af742e04dc6d
14-05-2026 23:22:08,gr0S41BZgeKFmhoqMUl4,abd9631c-e76a-4bfe-ac4b-03b6987852be,False,2f2bd7547d602b7a,c837debb39dd1e68
22-05-2026 15:05:31,AHPFp1aUEIa6vnvamwWY,2d845b8d-038d-4441-9b82-c48f0b1515cb,True,487b076a69a53671,131c7dd8f3ab4b35
11-05-2026 16:22:14,f7GME0yGuWnvGUwctNWy,c87a5730-f8a1-466c-bfa6-e27598151235,False,6588d11c4a11acb1,867d47425e9cccc7
20-05-2026 10:45:30,52w8cqosviOWsu0W2yBA,756c0e04-e1a5-4be4-85af-d4b117adf8b0,True,1bd749deaf799034,487b076a69a53671
10-05-2026 09:28:46,0jpYAzixVHG7Z1AbIfFz,9b378f1e-b073-4980-836a-c9f020503657,True,8e2e127651e9cbde,eb39e98aca20e7d3
27-05-2026 19:44:54,sPRxBovTtMJcTHfazUAo,e36d7034-8e48-4f88-954f-df350e30bd82,False,53c682ded6545e06,55b620d8c0ab41e0
09-05-2026 07:46:44,cHE9Nfylg7iR7ht3YacT,6127a4bb-6c59-4f48-aeae-921cca81b83a,True,3993ad7e2565b6b0,91d55d217a2af234
14-05-2026 09:15:39,TDL3ACM9FHZIfEYMyVzo,d877969e-80b5-47d5-961c-b8d02884a5c8,True,13db178cd9a1e37a,de2dde23040292bc
21-05-2026 07:51:06,1nUfIhIxotKVB5IhBpFZ,c99e0854-e016-4414-a10f-33be5a2930c1,True,389da1f3a7c1d8de,7f281c8dbac1f799
23-05-2026 21:44:10,414ztj8oSK4hmWejYBAy,45e9ad60-2b20-410b-889f-788b4dd80988,True,574582321d04df00,72bd2672c948d2cb
15-05-2026 08:13:52,9OrKxjTuNBjOx1l3nkNb,72aa2935-1e70-464e-ae33-3aa6d89180cb,False,a8c47673d6a4f85c,53c682ded6545e06
02-05-2026 14:47:09,pyIfOW0CKms6QBNzMtZM,4fc145aa-0a0d-4fda-9c78-468cc035b1e8,True,552b8d6c350cb13c,c7f34dc43387f858
19-05-2026 11:12:49,wV5C03GwoCfpVEkrnCPR,3afaf146-e00b-4b69-8678-4bca63e86743,False,5e1de20fecf98844,cbf338d836298cb7
25-05-2026 02:11:20,n0HYLw0tNMjZSKL0wnZK,7544cc4b-50d6-4c27-b98d-abd773e9da48,False,91d55d217a2af234,d5eb4d757b335d0e
16-05-2026 21:02:29,Qmx0e8X27Z6mzhdRW9WD,f3b0c6e9-4a19-48f2-81b3-0c93a1d36a41,False,91279a646f8ea6ac,e8c9832b5c388bb5
04-05-2026 13:48:35,m2jWLBRE8QNP0YukslVv,8f305d99-d6a7-42b9-8145-f9d4aa48a85e,True,8dc02e5c153f83a3,234da97fe615c6b7
02-05-2026 12:09:11,bBLvVfAhIcCLyIJ3u2WW,0a39c368-6129-4092-882f-7ade665469a8,True,c6a2d85265d19a41,330949523d665e3b
06-05-2026 17:38:55,SYCG0D3Fv8c8tEybEfJz,a6003a74-43ac-41ff-9469-a24752830a80,True,5afe6ceac06784f5,daf96d2280390dec
23-05-2026 16:33:16,U04UoXlIpgrQkJZelwwR,8293c564-a2c6-4fe0-b2b1-5bcc656cc8bc,True,3db4e6efff8b7518,3811390588367f0e
30-05-2026 23:47:53,pDeOzoGQl1O2O2l7AP4g,0087a2b7-8120-4bbc-a96e-412d9ab667be,True,91279a646f8ea6ac,e1bd0a847e7079be
26-05-2026 22:09:44,iAZCRNDxSCGe5Vic3ZBc,2a68f7e3-842e-449a-a35a-f68594a52d39,True,867d47425e9cccc7,c7f34dc43387f858
25-05-2026 06:31:06,tn5lJT7oL6OlzT8qQLWJ,8034b5b4-4a53-4843-b7c9-e1a908d12540,True,867d47425e9cccc7,8e7f2987241c2818
21-05-2026 04:08:26,ExOiaxzxZTbEpDDzZP22,7d2207ea-512c-42ed-906b-966268092ce3,True,3993ad7e2565b6b0,53c682ded6545e06
12-05-2026 04:38:08,g1Vlfh1IxTorVFdY2klV,524a2379-611c-47d1-a915-20b76ec0c9dc,True,057c44d337463e07,19a558ecc36977ce
17-05-2026 04:34:36,k0A0bIXElX5XrJIGXOYd,391c2b5c-96fe-4c0e-96da-0aaa04f012c3,False,d632e4ce536ec364,0f98939ac68105bb
23-05-2026 17:19:44,uakg33oPJJilajBbv1e4,6556294f-f185-4244-b934-ec5cf9214205,True,d4389e820d4f82fa,9d16533a62ab9315
28-05-2026 02:33:21,6d04S9SyQKBygg1ACFs0,3a1f3fb9-a7b3-4467-8304-75fb73c9aa60,True,f7af4712fd6b9108,42d576864f9952c7
29-05-2026 03:56:34,TvlzC7nwddWnW2mcVq2v,ca0e2f91-7db0-4892-87f7-9aa3b792b5c4,True,17b4966e9be4d8d8,d5eb4d757b335d0e
28-05-2026 10:59:04,bmGZT2qKDNtS5P2tBDjj,b6fe6b44-3380-490b-8aef-24377eb45411,True,91279a646f8ea6ac,5e1de20fecf98844
05-05-2026 12:16:57,1yb8nRfpTSdcOKnmVsU0,704def42-e7a1-4cd7-972a-a88a4610fb1e,False,f7c6682ad24d37f8,574582321d04df00
30-05-2026 23:12:00,jGQ1pUJMx9byYrfRLQsw,d22e3977-673a-427b-81a2-09a0596ffd71,True,8e7f2987241c2818,c7f34dc43387f858
06-05-2026 03:07:46,VNKngjp2pk2jSRgFepxr,d6f85764-8f5d-4cd9-892b-fe333d1e47d9,True,9d16533a62ab9315,93279918e60ec274
04-05-2026 09:30:04,Br9sGuLDlYh2JdVha77Y,bd425a11-d321-4987-b597-5b02cbab1777,True,487b076a69a53671,c837debb39dd1e68
19-05-2026 03:14:25,SYw7FYHPNRFWH3g8a7p3,40fd809d-3aac-426d-bce3-1e46929e96b6,False,bb4bb9fbcfcc16d1,330949523d665e3b
04-05-2026 14:21:30,mLiH1cDa7ZlQG18Biqed,5904200c-4af8-46ed-b6e7-b10b64348eed,False,c7f34dc43387f858,06961ead71f8b1d8
05-05-2026 03:23:53,Av7hKzFxDyfy7uX0spmp,3da6f5e3-5990-4bec-88e1-4c23d5d64f13,True,5311a0642c2564ad,1d6285f5502cf1f8
21-05-2026 08:31:43,RfbpxWRx0dY9k02uAtzz,a2c3a084-736d-483a-ace3-4856eb79ef53,False,3bc1bf7fb69f3ba3,34cbefbc28798720
28-05-2026 12:42:16,WVf3MjD7A96HSXgSVYzB,de116939-f6e4-47d9-b325-a1f497770f9d,True,19a558ecc36977ce,91279a646f8ea6ac
04-05-2026 01:14:34,myCk7GNQH7QOcNAEC9Fh,e2a97e64-63a5-4947-98d3-b57741b01420,True,5a7b6516c51a4d4e,7182af742e04dc6d
23-05-2026 22:59:26,Yrb3ZDSKdBDfc56yp6ie,31e9efe2-5dc1-4d0d-97f3-dca20df1dd60,True,d57d393b16ba030e,1d3db575c4a79d75
24-05-2026 11:03:41,sx1rQLHLQ5IQmlue1W90,eb445bc0-c43f-4eb1-9fe8-b34c103c9917,False,82a83fc853728306,06bf6a628379e030
28-05-2026 03:58:34,zPjLXpePs8YNxmDF9Lf7,f5a02cab-3e67-4954-ad11-1b9fe6791079,False,55b620d8c0ab41e0,057c44d337463e07
20-05-2026 15:33:15,ae4RPva4bqrJ6U4NUs9R,f2f8fa11-4639-4df2-9e72-09d44ceb6270,True,d0825fdf3da3660c,3b1338c1207d1e2e
08-05-2026 09:18:27,IBHw9GR9vMBrP5XqBEoG,c6b9a0e4-d03d-4441-a881-01ca824a78d5,True,d5eb4d757b335d0e,24d6a87b0598b02e
25-05-2026 14:45:01,H4QTMWEfismNJNU91bqd,a16a7dcb-b5e1-4835-8975-9cbac61d384d,True,7f281c8dbac1f799,0f98939ac68105bb
28-05-2026 00:58:27,trcrx6TtxOHUVDqvlWWD,c5cd141f-7efc-4f17-91c5-cdced94ae9b4,True,3cc68b8049eb8d4c,04964f8452901231
22-05-2026 03:04:28,YtJIyHpfeX9Nadj4FQyE,02934f31-1d86-4be8-9ba7-9f8d10fcd874,False,d5eb4d757b335d0e,c837debb39dd1e68
06-05-2026 22:26:19,e6f6ERWvUR4B1SX4MOn5,441ee85a-1594-47ee-9287-f6f6ec1e7391,True,f7c6682ad24d37f8,24d6a87b0598b02e
10-05-2026 06:28:12,PysAw88TJjsomY0CtK8X,bc22887d-22b1-4e4c-989f-5dd70afa2014,True,430f674c6dfe941a,3b1338c1207d1e2e
11-05-2026 19:29:51,jy2m8af0YGwz1rWI21Fh,bcbe03f9-ece3-4fce-86d0-12a259a6b79c,True,153c202e3cfef4ba,24d6a87b0598b02e
06-05-2026 03:24:53,9VNqPfivaU55tJTB8Hob,a2b839ac-0d06-44ad-a15d-4ba251e46265,True,6214b1b462c04096,8dc02e5c153f83a3
16-05-2026 19:53:38,n1a3LcTNYLh2fes7uyPJ,412c9508-1045-4801-953d-6a23e1f816ba,True,3c58290022ed11b1,8e2e127651e9cbde
20-05-2026 01:32:18,d8OgDkcj924pApYpbNdM,57fe0746-4b6e-4bd3-8454-8da25fb71d39,False,93279918e60ec274,91d55d217a2af234
04-05-2026 01:22:43,Hlvzs5uRlB8BgL0dvVfZ,c84cc35a-a91c-4640-98d7-77d207835a3c,True,42d576864f9952c7,5a7b6516c51a4d4e
06-05-2026 11:39:28,49DTDEs6bEhexLg0mWYK,324936b0-9519-4702-943b-d6188e1603f6,True,b572bc65fae8bec1,f7af4712fd6b9108
17-05-2026 09:27:10,HcwY4gy8H0Sk7g8fOE0C,3fc7d829-a457-49bf-ad9d-8c84091fbe17,True,c85cdb0ef48d09c8,91d55d217a2af234
22-05-2026 00:17:08,S0VAY0mjC5BGjJFdJdCv,c1ad1505-863b-4bb3-950c-44bbf1cd0062,True,d4389e820d4f82fa,1d6285f5502cf1f8
26-05-2026 03:14:25,4ugbjw2hYTfkTHhxgpwF,667c85af-fa51-4c3e-96b3-399129ba17fb,False,e7eb35b501d57e1f,c7f34dc43387f858
14-05-2026 17:08:53,qRfsy0PFtHGPXLm7J34D,fd98e4b4-bc0e-465d-8129-d2e66823f1f6,True,4c885efe7bde3ff4,39a54d73a921b9f6
03-05-2026 13:01:07,A6mxxSiqsu7enh1aJNHg,db19c93a-3bfc-4bca-a7c7-8316cebce65a,True,93279918e60ec274,3db4e6efff8b7518
09-05-2026 03:30:18,TEjfARkBoB0agpCP9IHi,5a961916-ebcb-4a98-9a66-d5f076f6363c,False,34cbefbc28798720,5311a0642c2564ad
30-05-2026 21:58:21,VCJSC7YPBgnpOS7SZ3E2,77f70c86-e222-4eca-8069-241642eee0a5,True,1b38ab967d98cc4e,6214b1b462c04096
20-05-2026 21:53:38,bzdjta5VaJVsAMfsxcU8,8c27f39a-a6b6-4863-ab74-61a582f3c3ea,True,19a558ecc36977ce,18d281edb3671f44
13-05-2026 01:24:50,RypWBQXBsLwSEQ82Wr5u,249d1849-9b55-4964-bcc4-df3c809dc051,False,6214b1b462c04096,cb207a93391638cb
13-05-2026 11:09:44,LkqeF2Vku6I6HUtlqWCt,6a5fb261-d3f6-498e-90aa-b8858838f724,True,f879804e4456e5d4,72ba4e2f87adceb5
03-05-2026 16:27:32,R2GQrinDHUyn96mixLl8,e373a238-3d50-4e14-9bbe-b18f410717e0,True,91279a646f8ea6ac,7182af742e04dc6d
30-05-2026 18:57:40,tunwTAX2oCFc5kBytXAv,d415909f-39c6-45a6-86d5-2385b81df5c2,True,a8c47673d6a4f85c,34cbefbc28798720
10-05-2026 20:43:07,PQW6Q02AylNws8pzsbzj,d3302bdc-7a63-4e42-92c2-8b989d0c2f44,True,64a94f9052422a0c,e9da39984fb29dc6
22-05-2026 17:38:10,4MvTs3ZLjxXBxSnYvT8d,0ea3c94d-9312-40f0-814c-53a321687367,False,e7eb35b501d57e1f,5afe6ceac06784f5
27-05-2026 15:16:48,kY7XVtnodr99D7RKkmgq,c71b4fea-a06d-4eec-b1c6-1f19ef4ecaa3,True,f7c6682ad24d37f8,04964f8452901231
10-05-2026 07:46:06,zQW7m7HtRp39llApCsoB,473f6927-9152-4f64-a309-5160ea5acb3f,True,057c44d337463e07,64a94f9052422a0c
18-05-2026 05:35:39,WYgkyIpZ6QtfvGPezyQl,6ddc67f3-2f3e-4ac7-a50e-8d718362908a,True,c85cdb0ef48d09c8,c51d4eb54f89fec8
30-05-2026 11:42:06,Iq9cdQwn6A0jH9IfhuLL,c965ff7d-eb19-4d2c-ac5b-6307786847c9,False,5311a0642c2564ad,5a7b6516c51a4d4e
14-05-2026 22:20:16,ZL54DXdcbk9cAtUiitHo,47e84c2e-1c7a-4913-8fdf-ea25332ce7c7,True,330949523d665e3b,a2fd30e5fa49ad53
29-05-2026 01:47:03,hmdt9sNVlu3Fy1CzWoe9,564865db-d9d8-4475-af9c-f1ea45bcd58d,True,ae7ec9246c4649bc,06961ead71f8b1d8
18-05-2026 14:53:37,Zm2sZpNl4CRd61qE6hQV,dbb19ba2-1466-4ab4-bae7-013e8a8aee10,True,72bd2672c948d2cb,3bd002cf1fcfa789
18-05-2026 05:40:00,vsIUgc0T2QEwKjlZTv8D,6ecb8515-c186-4ee1-b624-f0e5126f9395,True,131c7dd8f3ab4b35,bb4bb9fbcfcc16d1
17-05-2026 07:22:56,SDSNggQS3vswdC2rVJTa,43007998-5e8d-40c0-9b2b-9996f9697644,False,d57d393b16ba030e,6f36a3307488809f
03-05-2026 08:06:23,6St1UEAYAxTaFVsfCSlg,fd18182d-6105-4618-ae79-901b068f3392,False,389da1f3a7c1d8de,5a7b6516c51a4d4e
11-05-2026 02:05:16,P7Wlvq8VcCejcGFlByUc,9d644301-0a52-4464-8ec6-fe63fded3fa6,False,d5eb4d757b335d0e,bc74204126e384ca
10-05-2026 05:18:53,Uzlx68zjcQyHHLB4wAsC,d3b9896c-2ca2-4a54-8df1-1ec8a4118f58,True,6214b1b462c04096,c6a2d85265d19a41
07-05-2026 08:09:11,8NOruVC1wjVegKmzEH8d,21ddb340-4697-4cb1-9735-a9a5debb1964,True,057c44d337463e07,923d0315f3ae2bb3
24-05-2026 11:03:03,qDEwqQQZQQx0GfP2umcT,871be4fc-2a4e-4c66-8143-318fa9287abb,False,3db4e6efff8b7518,9d789fd91804129f
20-05-2026 13:43:22,Y3SiY6pwRpyCiyHNQK0y,471aa23a-977f-40ee-bda4-3c7b9031d2e2,False,06bf6a628379e030,d0825fdf3da3660c
29-05-2026 18:49:22,2k2oDWNtFv8gOmcQN7yd,e4c99276-8141-484c-b8a4-398a60196c5e,False,8f8c45c33ff51d0e,82a83fc853728306
17-05-2026 20:17:40,YN3Rv1NfqL0F2JVfRtNi,7d3cbdf0-fc5d-47db-b751-98c6039538ef,False,42ac1a2bf982f79c,82a83fc853728306
14-05-2026 09:42:03,S7su7zSLKpjg0ZeNmXY4,bfab5754-a376-4be3-a8e3-0421fa360e59,True,5e1de20fecf98844,eb39e98aca20e7d3
20-05-2026 07:35:59,X3ZVWZdqBlESgvcGVAPU,9547b7c0-2c85-4f04-bd47-0d5defa2d964,True,6588d11c4a11acb1,ce246387dd078174
11-05-2026 05:12:16,BWfXdGZB2Q1aaiuH951s,3fba2dcf-2c19-4136-8548-8394ff733950,True,64a94f9052422a0c,17b4966e9be4d8d8
17-05-2026 00:00:56,7RMjJYRywTl5aSWB8Y2Q,2e58188e-d8a4-4ad2-8a67-4b43a312fb90,False,3cc68b8049eb8d4c,9cbee3c1d7168837
14-05-2026 01:58:30,56iXQ2udqpTzTc5e9reQ,72d6c5dd-2395-4ce8-825f-6fc163e29b77,False,75778bdb64d1008e,e7eb35b501d57e1f
09-05-2026 06:18:57,YzcPaa6AsDczTwwr3mzv,6a6f8ce8-873f-4113-a034-4cfc99b81632,True,bbbe498ee44f6349,7f281c8dbac1f799
20-05-2026 16:48:48,8tCKR7hUcT5bGcOimOQo,150fe8ab-3f54-4618-9f67-684e35f45569,True,2f2bd7547d602b7a,75778bdb64d1008e
30-05-2026 19:05:37,XdWGcqq5VkC05nMSEMBt,a97b11cd-e940-4ec1-a3f4-b87b8b472cc9,True,9cbee3c1d7168837,057c44d337463e07
03-05-2026 19:12:57,bp8zZ5KFcwKbyrkPOu94,536e1149-0e19-436f-b5a8-f474eaaafef5,True,330949523d665e3b,923d0315f3ae2bb3
24-05-2026 04:12:05,Xeypy9MXsghTySdT70yA,babc3d88-0690-4250-abca-6c042f29e0aa,True,6f36a3307488809f,7d176c63414fcd05
22-05-2026 21:22:52,iy7n344TZhWCAJjWfbFf,236ec872-29fc-4d87-be9a-a0bb2f561b89,False,7f281c8dbac1f799,eb39e98aca20e7d3
01-05-2026 06:16:50,SyfI078jN3qzDQ0b7aCu,e6a89671-df07-4adb-9c47-2b2a55bb93ac,True,7e8fb26408446272,b572bc65fae8bec1
25-05-2026 18:53:40,HCkUAuSgPTN2PGG1O2OQ,cc8f7259-21ca-42b7-b8be-03ad9382c62a,True,53c682ded6545e06,389da1f3a7c1d8de
20-05-2026 09:37:48,GLxq0O3awUXlRQyJ2yai,b229ca79-7e28-4acd-afd9-2332688fa1e7,True,1d3db575c4a79d75,39a54d73a921b9f6
11-05-2026 17:34:19,rwi70O1ivrGPnsNve0pp,f628f03c-139e-49b8-86b5-8721dd8259da,False,93279918e60ec274,131c7dd8f3ab4b35
24-05-2026 07:23:29,r4ovbXpQkCLdfzkXBlY0,ac3c6189-dac9-4daa-862f-e3cbe169330b,False,4c885efe7bde3ff4,4c885efe7bde3ff4
28-05-2026 19:49:50,YzxRAzC0MkIjmUQQBf7M,b767af75-974a-4473-ac26-d59c58fd1b21,False,c9ab51cba10ae1e9,2b95dd3cf28e7c18
21-05-2026 02:43:04,1UZwTNG7ZO31jvsVsZPR,af9a328d-07d7-4e69-b232-20699a41fa94,True,fb188f553674b4c4,153c202e3cfef4ba
30-05-2026 15:02:17,xU6FY68VfJ2xyUMclnkO,b74c45ca-d1c6-4b27-b113-c6f2b69b7074,False,53c682ded6545e06,fb188f553674b4c4
21-05-2026 10:01:04,7CBF80uqeGGiL46BMFAj,4989c2aa-f7b3-401d-a452-f241c7f79366,False,34cbefbc28798720,91279a646f8ea6ac
10-05-2026 14:20:00,5eHpgci0ey1nusasMOdk,8ded018b-c63f-4d58-8fc3-1a7f27329998,False,c6a2d85265d19a41,5a7b6516c51a4d4e
27-05-2026 13:16:17,yIfzhFdf7sUCHzmSt4V2,59958a3a-f684-42ca-809a-c6e4a8fe97e0,True,153c202e3cfef4ba,06bf6a628379e030
12-05-2026 11:51:52,XdN5C5MfE7QHUJDdJY4c,b99e893f-7287-4748-a8da-76b52cfc6b58,True,72ba4e2f87adceb5,d5eb4d757b335d0e
30-05-2026 08:07:28,S8rLxdOI2lvYrd8l9pPr,0c5f8766-f43c-48a8-9501-a9bb00fd74a6,True,430f674c6dfe941a,9d789fd91804129f
30-05-2026 10:59:49,PzIhXxTWCIHRP9MI8F5l,39503bbf-85fd-442e-a545-96b01787d28b,False,06961ead71f8b1d8,24d6a87b0598b02e
27-05-2026 08:36:43,PrRgH0SqbFM2z5GPNTGu,d7aa0ee9-5427-4f31-9ab4-5117f4e4bd79,True,82a83fc853728306,234da97fe615c6b7
21-05-2026 04:03:49,E4Imzq2UwxuOEfgCu46k,57af0380-5792-4309-a0c0-12fbf894798e,False,1791998ac3161359,c9ab51cba10ae1e9
07-05-2026 05:44:30,c4eNcL8BYhPSusZOlmzs,c2652d10-e130-46ed-8fca-7ae999f6cf68,False,bbbe498ee44f6349,5a7b6516c51a4d4e
24-05-2026 09:37:33,SV8G8MXPJMxwPt2mdfGo,943733fe-4e2b-4b1e-9598-6e1db2608182,True,75778bdb64d1008e,13db178cd9a1e37a
11-05-2026 10:09:44,YT5BTsyooyNUT3LIzQHD,845161bc-1a2e-4c29-9057-352304f9a4e1,True,d57d393b16ba030e,8e2e127651e9cbde
06-05-2026 07:36:29,FzFoTnWlSyvExws2IjQs,094da320-3b69-4928-8fd5-5ede9f5d6758,True,487b076a69a53671,cb207a93391638cb
09-05-2026 20:15:33,ZyEcMOByWuvyc9kfGOmm,4affd48d-c8b4-45a8-9dc4-21133050b214,False,102edb38b5ec347f,57e7d972b508815d
26-05-2026 22:01:58,qF4hZbQGxGKGr3rk8vHm,f8777167-e0b1-4f93-b852-f465ba906e0b,True,57e7d972b508815d,867d47425e9cccc7
13-05-2026 13:19:26,HjykTdsv3HLJSe5t3Hq7,cecf9755-7f64-45fa-81a4-a1f3e3003642,True,ae7ec9246c4649bc,6588d11c4a11acb1
03-05-2026 07:18:23,3ZRYoHHldFgwom9BeaCS,ad5d015d-b48f-4bc9-9888-efe03584ebd7,False,63d3511e9e857901,9d16533a62ab9315
14-05-2026 22:50:28,R1HAJalVG0OF94KvKNkk,6cdd538a-bf64-4f7b-a066-da97f937bc49,True,d632e4ce536ec364,24d6a87b0598b02e
10-05-2026 08:09:13,vFAHS2Fv4YRlCHBWq0lj,7fb0a8ba-6330-44a2-821e-70389912965a,True,1791998ac3161359,f879804e4456e5d4
19-05-2026 04:50:11,V6GCYTWQeLaLtyPRrHWW,608f820d-9e4a-446f-8351-0f7d79a0020e,True,64a94f9052422a0c,24d6a87b0598b02e
13-05-2026 08:22:59,YTAUBXxhyPbLU02g23sQ,b44e593d-cbd6-47b6-aaa7-387032403097,False,9d789fd91804129f,8dc02e5c153f83a3
28-05-2026 16:52:44,3M4lOZOg5Cs3Pzlsn8sK,24041528-d037-4f9e-8de2-d08d365e8566,False,57e7d972b508815d,e7eb35b501d57e1f
15-05-2026 09:00:18,0MNiLi01ohkrHc1oED8q,0218d11b-ea31-460c-a168-54401fe339bc,True,cb4c1290e91970dd,bb80f878cef35322
16-05-2026 10:51:52,8yCKDPBnDaOe1MHui4W2,bc7fa3c9-d436-421f-ac06-5f242571ee38,False,24d6a87b0598b02e,06bf6a628379e030
02-05-2026 03:14:10,6txn7s2P4cvgAPAVvfIz,e5eee681-adf0-412e-bdb2-9701b4f37430,True,552b8d6c350cb13c,18d281edb3671f44
02-05-2026 21:43:14,6m2ZRQ7GIbsu6TzJhkZJ,5336b0c8-06f5-4870-a51c-2c675346dbc0,True,487b076a69a53671,153c202e3cfef4ba
23-05-2026 08:01:42,51ugybPjNZQVnio0WFZs,68d22e0b-c29a-469e-abbd-154325b8cdf1,False,7182af742e04dc6d,ce246387dd078174
15-05-2026 12:40:29,d5YVeUYedTiTbjMQYCFk,a3d8edc3-4964-4011-9563-fbccda1c6429,True,b8e78b83a62a0cb7,5311a0642c2564ad
06-05-2026 06:06:09,pNgoWwvuoGasOUs8cctE,a7e18d6f-8ff3-4a4d-80d9-98a35050b746,False,430f674c6dfe941a,057c44d337463e07
08-05-2026 18:25:28,2dQW5aQ8KkTmb4qJ2ikU,3839e71a-6151-4dcd-a4ae-85e9a1ea5ef6,True,39a54d73a921b9f6,39a54d73a921b9f6
03-05-2026 14:19:24,bjX5FAkbVr4odvwWE7K9,401db87d-8f4f-45de-8798-60c3a88f7e01,True,c9ab51cba10ae1e9,f7af4712fd6b9108
29-05-2026 15:22:11,G6NDzAWqXJH5W33StVvn,7f140881-9488-4f78-a971-43d4213c4bc0,True,c0014ea2ee2fdaea,5afe6ceac06784f5
06-05-2026 05:41:08,dQIVk6a1dwpk4Nb1cofN,acba5623-d9f5-4cc9-bea7-5478e2350c92,True,d632e4ce536ec364,c6a2d85265d19a41
11-05-2026 07:20:32,qA2YOhyVeb59fYfTopn3,90a52016-641c-482b-8477-c2abe7d35a4e,True,c0014ea2ee2fdaea,82a83fc853728306
01-05-2026 22:46:23,MnPbhT6V6UsWVA3nCJju,963d2d25-dfd9-4be0-a996-21bd86d37bdb,True,6214b1b462c04096,1b38ab967d98cc4e
22-05-2026 04:11:09,vjs67g47tV42yCEn5Tvv,787d36ca-c0b0-494b-a4ed-2f91ef881251,True,ae7ec9246c4649bc,91279a646f8ea6ac
07-05-2026 20:27:30,8RC3mZSkmmwzqE3ylTFN,ab32b6dd-5689-41ce-8b0c-0c151105066e,False,131c7dd8f3ab4b35,b572bc65fae8bec1
08-05-2026 07:25:35,1Ih5cSKxcEg3aUaCKzjd,d04b0490-59c8-4635-8232-a8e1003e80ef,False,17b4966e9be4d8d8,102edb38b5ec347f
04-05-2026 21:18:20,fgSzJy2N61EJxIa6DZaq,fc2dd49c-8888-44cd-9266-b27c62dd827c,True,d5eb4d757b335d0e,0e52f2934d8ce165
16-05-2026 00:56:14,YeKmD03JI4GUSnOlDv0P,1ac23d84-9ef6-4236-b032-850534333d56,True,cb207a93391638cb,06961ead71f8b1d8
24-05-2026 04:19:18,AUvnv0V8sArjAIPWpCqW,90f911d7-6f3a-4586-9021-64ec7f7bc7f6,False,2f2bd7547d602b7a,3b1338c1207d1e2e
14-05-2026 19:47:27,QInx40NXScmY3hzwv0gm,b0eea9e5-0b22-4754-a819-6178baaf2223,False,18d281edb3671f44,1d6285f5502cf1f8
23-05-2026 00:22:23,6snBXT8eiYjx1xQXRuqi,fd43ab6d-574d-4460-8c2d-931ab4567017,False,ce246387dd078174,82a83fc853728306
02-05-2026 03:18:07,bx352uAMc3SF6NI009eN,70d8b67e-8df7-456c-8c3c-54cb1857f4ac,True,6f36a3307488809f,a2fd30e5fa49ad53
24-05-2026 15:33:17,qGve7fjqEBQ9jFlmyF7C,f5a7f56a-461f-4778-a977-a19cbd78b627,False,867d47425e9cccc7,42d576864f9952c7
12-05-2026 05:27:25,14IJvFH0EqE8B6BjtzCd,6e34e9c1-ed98-48cc-b5b5-cf64a8ff0a0d,True,f7c6682ad24d37f8,42ac1a2bf982f79c
12-05-2026 19:38:59,h64K8qZ1qx91jqNJ5QTP,8661e4ff-0794-4032-9dc0-2339f3ff2899,True,552b8d6c350cb13c,b572bc65fae8bec1
21-05-2026 06:58:26,ErQF51Kio8cOzP9Oxc1m,75d1ecb3-1334-430f-8460-ff8dab58411f,True,1791998ac3161359,3b1338c1207d1e2e
23-05-2026 17:05:17,5JilcVELtDmCxgrl1Ukz,9167f5a7-1b25-4018-a763-9f973420b236,True,1b38ab967d98cc4e,7182af742e04dc6d
07-05-2026 13:03:20,mRnU0qJgkIQAWSEP9vOV,c0a0edf7-5386-4dd2-b74c-5f86881777ef,True,867d47425e9cccc7,3b1338c1207d1e2e
08-05-2026 10:02:01,8mAiXvmlUsIcl04pD2qy,e4a3dee3-760e-4719-bf90-037bad8db1f5,False,fb188f553674b4c4,bbbe498ee44f6349
21-05-2026 04:18:09,HeVCoXH9jvrbFZYwd9DC,42167829-bcb8-4eb3-922c-6883a9e467dd,False,9cbee3c1d7168837,e1bd0a847e7079be
25-05-2026 15:12:41,SY7zOXXIFD3h9SUFUrCz,32c897ae-629c-4f9f-9b76-8774bec77b8e,True,3b1338c1207d1e2e,c34c1310eab19c87
21-05-2026 19:30:19,kCmDwZXAzPzI04uIYip4,903cb35c-f359-40c0-b184-11168a6f8ed2,True,514af2be7dc985d8,72ba4e2f87adceb5
17-05-2026 08:48:00,Srey6WlvCPcX3A2tx4MW,151b89b0-d588-437f-a79e-405a467b6922,True,6588d11c4a11acb1,330949523d665e3b
11-05-2026 17:06:02,pbahIBOxiEUowVFmg7Eb,07b93984-3c3a-465f-bec1-8bea785840ca,False,234da97fe615c6b7,7f281c8dbac1f799
27-05-2026 15:36:56,tRD7MQKmZ3nRpsn0AoFP,3a78f942-b647-4321-b977-d979dd2b7699,True,2618243a251bd83f,bc74204126e384ca
14-05-2026 06:41:05,3lGlnspjE9GnJKvXfE2j,f770d722-aa2a-4934-9a25-c13a5c33f77a,True,9d789fd91804129f,d4389e820d4f82fa
10-05-2026 02:27:36,Ti2JuGZdWoCd8TWg8qRG,7b5517be-d9c4-4fc6-b573-6f3b6331d4c7,False,131c7dd8f3ab4b35,f7c6682ad24d37f8
20-05-2026 06:52:36,zVUhq1BvacvNCvdK7MOf,8253d55f-c231-4b31-bf77-b1e0f02308b2,True,fb188f553674b4c4,c0014ea2ee2fdaea
08-05-2026 00:37:45,qb2R78vfnG0WS1wnkqug,41a0c1df-8789-452d-b334-011d44ef3677,False,b30b0b43692b035b,c837debb39dd1e68
20-05-2026 05:24:54,sMDPcPIowb4kK6gqstHC,d85e87a6-6156-4168-8392-e225ea4b93be,True,102edb38b5ec347f,5311a0642c2564ad
04-05-2026 11:21:55,51sSxqGvy0b4aM0Tw9oU,d945e114-590c-44aa-8bad-a783cdd693e0,True,3cc68b8049eb8d4c,487b076a69a53671
05-05-2026 15:18:01,cw9qzBPNoLEX4tj9p2BB,a0f8e8c1-6b2c-4c0b-8273-c5a3f42a4bd9,False,923d0315f3ae2bb3,2618243a251bd83f
07-05-2026 06:31:19,bGdD7pP534ox1tjdh5aj,36bdd461-cf13-4768-b5ef-05edc2c6b8f0,True,c34c1310eab19c87,c837debb39dd1e68
10-05-2026 17:57:39,I1KCO51i19ByZGBKd7lV,46bbc66a-f237-418c-bdf2-df962ea06de4,True,cb4c1290e91970dd,c34c1310eab19c87
21-05-2026 03:10:11,yM69FruGHy1MpsxgZKMb,5b51851c-98e6-4b85-b46a-b765eff5430d,True,2618243a251bd83f,430f674c6dfe941a
07-05-2026 22:36:23,NeaVr5LlA3FkqdBwheBQ,1611b734-8b8b-4f5e-917b-c6f7b0350df1,True,c51d4eb54f89fec8,8e2e127651e9cbde
04-05-2026 06:41:36,zLwYMPYLaLxgTB8EoU5m,8bcb4bf4-341a-472c-9f07-89652f5f5018,True,57e17fffc619e182,057c44d337463e07
02-05-2026 20:41:23,UJVfoW8Bj7Z4C8UHlK5p,5c9fbbe9-b588-499d-a51f-c2e199ebaa1d,True,6f36a3307488809f,bbbe498ee44f6349
06-05-2026 04:47:30,bSJGMUgPXXtTm2IvGY3v,a9468dc0-aaae-40cc-a238-4b7279cab761,True,e7eb35b501d57e1f,ec75a53f04901eec
29-05-2026 02:02:18,DzeJtvT22pofNxSoWoZY,076d7ea4-2bf9-4a62-894c-8fc95a400af9,True,c7f34dc43387f858,d4389e820d4f82fa
10-05-2026 00:31:07,tus2fPXx41lD2HUbMudN,448e588d-9578-4cf3-9c97-bf9e97f75e1b,True,1b1cc9cee9f27003,82a83fc853728306
08-05-2026 20:37:57,aiQGJTnL1Uv7J2EsDJ9V,89a7d5e7-f93b-4173-ae55-a9fe8628144f,True,de2dde23040292bc,95744df47936b8c4
24-05-2026 00:27:24,0rMjAPPZLUXbYZ1ElPPW,f084c965-605e-41e1-ac0c-cc74046644e3,True,ce246387dd078174,3b1338c1207d1e2e
12-05-2026 20:35:44,IC1FNN33yHMT1RnNTunQ,1c28ebc1-dd34-42dc-8a7e-ce2e59db4357,True,3b1338c1207d1e2e,3db4e6efff8b7518
12-05-2026 19:46:06,bWf4bWnACp3IMS9Jq2gc,67707087-7672-4073-b330-215c5849e05a,False,6f36a3307488809f,72bd2672c948d2cb
05-05-2026 21:20:43,lqV56ln55uy85b11hlOV,46c7b897-1ba3-4c82-b329-be9e8cbd9e54,True,c51d4eb54f89fec8,18d281edb3671f44
18-05-2026 22:45:39,pxj6PCMsdtO0URETr3zb,de40d461-6e32-40b2-8e91-10449cea2c2d,False,75778bdb64d1008e,e8c9832b5c388bb5
18-05-2026 18:22:25,hSDxK7AsdQESFe1n3Gfd,4eb82090-bbd4-45eb-9a67-159fa9efa02e,False,4c885efe7bde3ff4,556be8558ce56421
19-05-2026 19:03:50,U0X1rOY3TjNHcjQASqkd,1f64e63b-06cc-4693-af72-d0b47994937c,False,556be8558ce56421,42ac1a2bf982f79c
27-05-2026 16:29:48,IhUk7imGmRtBr0JR0NSH,04642cdf-d016-464c-b91b-4c5d34a6cfc1,True,389da1f3a7c1d8de,c6a2d85265d19a41
19-05-2026 21:32:07,KW6yjY9wmLLwRQQmTxdQ,27f807f4-953b-4bb4-9c8e-d0aaaf18fb5d,False,430f674c6dfe941a,2b95dd3cf28e7c18
11-05-2026 06:56:54,V6BtKmeZSMWg1tDbDmL5,f2b90644-fcd9-4673-831f-8348e1a7ca49,True,330949523d665e3b,eb39e98aca20e7d3
23-05-2026 15:37:30,aYezfpIZpvZwvnhObPFf,4b5aacf7-f68b-42d2-b920-3de8e85e1916,True,574582321d04df00,c837debb39dd1e68
18-05-2026 06:02:36,WZhMaPIFUZ7rHJIsisE2,13aff9d7-286d-4f92-a7ad-7fa66e8f756a,True,131c7dd8f3ab4b35,72bd2672c948d2cb
17-05-2026 11:29:05,9QNX5ohcZSFmI2jEtIg5,fb3fbda7-b370-45c0-95ce-4d0bedfcd88b,True,cb207a93391638cb,42ac1a2bf982f79c
04-05-2026 02:34:25,Xceog6dSXTPSJf7FY4xb,cd8a22b5-ecb9-4934-8a61-c880809c81a5,False,c31244cee16e0c77,7d176c63414fcd05
10-05-2026 16:17:37,NOMub7tV6WFjzEL49Z4X,60f7ddf7-6243-4da8-8bf8-388ffeee24e2,True,e7eb35b501d57e1f,b8e78b83a62a0cb7
05-05-2026 11:57:31,1vul8jICEbcmFuaHcSdi,ff66125d-e983-4d5c-8fce-1f68c46472f1,True,bb80f878cef35322,82a83fc853728306
16-05-2026 03:53:58,9NuBXqUrQ6vFRO1qZ4GH,0bb6f9bd-5559-4fab-b1f1-1e03b88b7c1d,False,9d16533a62ab9315,e84878f982129128
01-05-2026 09:52:18,kHXcLayKwibd4Jl2xhnD,1382508e-2a7f-4b95-9a06-e797a5b9891e,True,c7f34dc43387f858,d5eb4d757b335d0e
14-05-2026 18:47:10,15sHocMI0FwC7fHq58xA,f3eae013-31b4-436a-9f44-d1e3b2319d70,True,e7eb35b501d57e1f,7e8fb26408446272
13-05-2026 03:44:13,68geWQ88FrxMJReGXaqC,5871e567-7915-464b-8e50-25b3e87871b0,False,552b8d6c350cb13c,d632e4ce536ec364
08-05-2026 01:06:00,FnaKFOUPKCxIMhxvkZZ4,2860f2c9-ce8f-4161-9238-3d4f75311143,True,6588d11c4a11acb1,93279918e60ec274
09-05-2026 09:42:48,QNCFi32oqvPRGPaklH04,e06b065c-90c1-4e8b-a193-dfbb30c83c6f,True,64a94f9052422a0c,ce246387dd078174
15-05-2026 20:19:28,MWH2evuYuLmbfnBxijCL,c3f0e5ed-2596-440c-9172-852bae96b93b,False,7e8fb26408446272,72ba4e2f87adceb5
11-05-2026 20:14:21,jI5zlB22Bm3uYcvVVeSi,4b665fdb-e68e-4ff6-90f7-e3a972149560,False,b30b0b43692b035b,f879804e4456e5d4
04-05-2026 07:21:07,h0XFDuk4QeI3fr7eo1cE,415177b7-a3b3-45ad-a7a6-d4cc18d24aa7,True,7182af742e04dc6d,f7af4712fd6b9108
27-05-2026 11:44:44,H1vGEyuUxwZejmhTEniy,2789bbef-b1c6-4b8e-a3a1-f5fb0c052604,True,c31244cee16e0c77,c34c1310eab19c87
15-05-2026 22:52:38,izgtOZStASOrOmrPgJNQ,f95b95d6-84c8-421f-ad60-a5ef53531f94,False,17b4966e9be4d8d8,6214b1b462c04096
09-05-2026 12:42:19,6Fylbt8X6tsOXzbPrgTh,d3ad3fe4-42f6-47fb-82ee-e082a28f6b18,True,c6a2d85265d19a41,d5eb4d757b335d0e
12-05-2026 11:53:44,D3JNE6U8x9B2dLE5Pcx2,da6db78c-3453-4f3b-9c29-f7afa4d0fb49,True,0f98939ac68105bb,e1bd0a847e7079be
25-05-2026 13:50:13,L8vjqFTMdYeXPNewMkTp,37e98201-4783-442f-9058-25f76d93e598,True,3993ad7e2565b6b0,514af2be7dc985d8
18-05-2026 06:56:37,IDDstOKsQZxR9FPASWEP,fbca123d-ffff-4ea6-9aa2-89c50060ffec,False,552b8d6c350cb13c,d5eb4d757b335d0e
23-05-2026 16:15:26,NILcDNUO6xVe8kpSsNHx,750995bf-140c-4562-8c2e-432c109eb759,False,8dc02e5c153f83a3,1bd749deaf799034
06-05-2026 19:34:34,vuBeH5QTfSN8uY0ciOcP,92e955fb-0447-4ee9-8ae2-df7744774b39,True,131c7dd8f3ab4b35,923d0315f3ae2bb3
07-05-2026 17:07:37,oxhIQfWuSEMEPVgqEfad,3e48298f-d9dc-48f8-80c6-569447da6f61,False,e7eb35b501d57e1f,cb4c1290e91970dd
13-05-2026 12:54:09,oGzaMUSjGl5aY4RquMQf,5a073e7b-c996-4823-808c-c4a62e18a1dc,True,f7af4712fd6b9108,b8e78b83a62a0cb7
29-05-2026 21:22:33,5JYArbbUjG2PFKw4v6DX,c1c838f6-829c-44c6-85b6-acf149c94de8,True,8dc02e5c153f83a3,95744df47936b8c4
07-05-2026 12:27:42,uViw8uvxHGAza3K9meQO,d920255e-4bbb-4261-9760-ff2a224df673,True,06bf6a628379e030,c51d4eb54f89fec8
15-05-2026 15:20:48,hyjHVQm3jUlLouHYty1M,f0a80077-1b03-4877-b9c5-017dd1087a29,True,c31244cee16e0c77,06bf6a628379e030
15-05-2026 21:55:03,PMFIymTCJ1PHoQrPKeSk,34e4f533-bc1e-4846-8aea-ab8d01411c80,True,91d55d217a2af234,72bd2672c948d2cb
10-05-2026 03:49:43,5bTs9NVYnTj2T8BxlSSt,9884dceb-ed15-48b3-b541-38fadede68bd,False,131c7dd8f3ab4b35,7182af742e04dc6d
09-05-2026 05:49:59,qpRiGlXrtm7rxmwMlFFZ,a72a8c3a-d257-4895-a189-3dbc90fbe1f3,True,bbbe498ee44f6349,c85cdb0ef48d09c8
08-05-2026 16:14:45,Ex2j8aTmcd1JEjW0o46g,19e5d462-665e-4730-9ed2-6a5b2bd84405,True,b30b0b43692b035b,2b95dd3cf28e7c18
22-05-2026 21:24:54,qZbzlMFTikHE7mJTq8v6,0e294ab5-82ff-436a-9610-aa19bfc22cbc,True,cb4c1290e91970dd,42ac1a2bf982f79c
05-05-2026 00:43:15,qgn57Z609TvMQEBx4yHH,f766ed10-c0aa-4bf2-a8fc-1d662e2c4a15,True,6f36a3307488809f,3993ad7e2565b6b0
08-05-2026 01:58:52,COtf3felvZs40jE4W3l7,3da5755f-f1de-4e74-b0d0-feda08db56d5,True,057c44d337463e07,04964f8452901231
19-05-2026 15:51:56,DEDi6voPF1hxA3ipLfRU,bffef67c-c265-4ab3-9478-aa62b4292009,True,3db4e6efff8b7518,64a94f9052422a0c
05-05-2026 12:30:13,koNnzGc0ODifmHpS4gwp,050b6298-7ac0-4169-96b3-fa16a4e204b4,True,5e1de20fecf98844,c85cdb0ef48d09c8
29-05-2026 23:49:33,4k4YbbQ4Qr4UYg5cuzvZ,ca155836-1df0-4a99-8525-a6240330240f,True,cbf338d836298cb7,fb188f553674b4c4
04-05-2026 02:56:54,KPsw7jozYRI7GqtBscVg,139f9239-076c-4519-8720-acd0ad59fbca,True,1d3db575c4a79d75,153c202e3cfef4ba
02-05-2026 22:34:48,N6bmky4jLp4NZbOSpt3q,791d0907-ddfc-4337-8892-2678b0cb8bf5,False,13db178cd9a1e37a,cb4c1290e91970dd
12-05-2026 04:28:40,IMvb16TLWq24p8aHd6NV,2868f76b-e0b7-43ea-8387-f7d089a50474,True,1b1cc9cee9f27003,e1bd0a847e7079be
08-05-2026 15:19:33,Yr5mF1IDdLfDbqbRRlDa,3e81751c-6e79-4d79-8379-935405ed4bfb,True,514af2be7dc985d8,cbf338d836298cb7
26-05-2026 09:46:28,gHteUGnfI5UZle9LYHpY,67da59ab-7b96-4085-88e9-c6ff0782b993,True,cb4c1290e91970dd,c34c1310eab19c87
07-05-2026 16:48:34,ZS2HRlmJxcVG7M9a1CNq,05e668ac-28ca-4126-b02c-896051b80369,True,3db4e6efff8b7518,8e7f2987241c2818
28-05-2026 03:15:42,BJuazSB16Qx8McFBQKE7,ba4aaed6-8bd5-4376-a92d-e8a481bfa1c5,False,5311a0642c2564ad,4c885efe7bde3ff4
23-05-2026 05:46:38,5u7Gak3r7ZAlHNriPuAh,62157537-8aac-452e-90f5-e60abbe7829d,True,430f674c6dfe941a,9d789fd91804129f
18-05-2026 00:52:48,udbCGuk3JvSA8xq07QV0,52d211ab-bae8-40f6-a65e-c11f5c706284,True,bb4bb9fbcfcc16d1,e1bd0a847e7079be
12-05-2026 14:29:05,ZX6hKxugVin8ccd5uCjo,92329e8b-91de-44e0-ad3f-1116862d163f,True,7182af742e04dc6d,53c682ded6545e06
27-05-2026 03:53:37,s6SJm1PirfmiN5ATB53C,9d828c63-fc7d-4e48-9222-66c1e9769bcd,False,c6a2d85265d19a41,d0825fdf3da3660c
09-05-2026 06:20:12,Y9Da6oikcBJwulXsQC9I,ee627e79-84d9-433e-960d-347c1991a2cf,True,6214b1b462c04096,cb4c1290e91970dd
11-05-2026 14:16:17,vLWPDogkacNQqDJX3wzt,d6f4adf5-7713-4f19-897c-c495f37bfa72,False,c85cdb0ef48d09c8,57e7d972b508815d
15-05-2026 07:29:50,LIHbgzq9hqEHH2f6921H,4e0b79e2-3781-4689-8ae5-0aa605c82747,False,19a558ecc36977ce,8e7f2987241c2818
16-05-2026 07:21:47,dXOCZbdmT4KTtE8PgSxT,8e7d0f0f-783a-48bc-ac89-e70dc0a043db,True,39a54d73a921b9f6,f7c6682ad24d37f8
04-05-2026 17:13:01,YMWS5J7j6ZqKpxuvhrY3,94b1922e-fa7c-43be-90cb-5ecd1075a17f,False,39a54d73a921b9f6,3c58290022ed11b1
06-05-2026 16:09:28,2ImNlq8qv4BUVM5nxIWA,a0ca1a56-2d59-4a41-858f-4ff70b28a42e,True,517fc5ca69b652a5,da211edc7bac01a0
27-05-2026 05:39:54,5j5TorVHRuoLZg0K60sf,27fe0101-7472-49ca-98de-f917aea6a828,True,153c202e3cfef4ba,06bf6a628379e030
27-05-2026 14:09:20,Jbk21xXFjJyuQEVSBhbo,59ec14e8-8a60-4355-8a92-7feb5152cb8c,True,d632e4ce536ec364,c9ab51cba10ae1e9
25-05-2026 02:07:04,H6V0vYFiDCXgmzjrgEdz,673e5e8d-d5a2-4e6c-bebd-d4fb629b06e2,False,7f281c8dbac1f799,d5eb4d757b335d0e
18-05-2026 13:48:54,LqiQi3DmzfACbOhwYsTo,e9d03d70-e3de-4543-827f-49353388c9e4,False,487b076a69a53671,1b1cc9cee9f27003
17-05-2026 21:49:20,ds8v8v3h6SfPj3gcC5hW,2d0c35ee-b9c3-46c7-b022-7cae6b93f976,True,1d3db575c4a79d75,5afe6ceac06784f5
10-05-2026 15:52:28,mociTnuCu6YCFuzuucH9,53b59721-43b3-44a7-8c37-31f8aa814c9c,True,ae7ec9246c4649bc,131c7dd8f3ab4b35
27-05-2026 07:37:53,tXBvUigK1IA8zimwpgzm,5906ef6e-4f87-49ab-abdc-38a075639b10,True,ce246387dd078174,552b8d6c350cb13c
08-05-2026 20:46:23,YzMPmHOR64GwGOuN5NOW,dea4ca62-8bf7-4c34-acb7-d597a30be2bc,True,1bd749deaf799034,57e17fffc619e182
19-05-2026 06:09:44,1zpiQCNl9BaQ4yZPhWK3,bfd2ee3b-a03a-455f-a7cd-1764cbc2efad,True,daf96d2280390dec,3c58290022ed11b1
05-05-2026 09:45:15,a7PeU6DXjIkLl32iJOT4,b289e774-e398-4962-9ac8-3632b7ab4488,True,c837debb39dd1e68,13db178cd9a1e37a
26-05-2026 15:54:37,U45XeBFRhqQTCJDTOx9x,c2bc4540-b7f4-475e-9e63-3bab0f5d7fd8,True,1d3db575c4a79d75,8e2e127651e9cbde
25-05-2026 17:58:37,P3ibJTxwsNdi786rAIDe,e99b0e1a-6a37-4d8a-8813-249a158bc02c,True,7182af742e04dc6d,1b38ab967d98cc4e
02-05-2026 23:09:55,hwFtgvec9blpuWmGCeMs,019d0d1e-aaa6-4e67-ac94-d8e4db4b32d7,True,514af2be7dc985d8,7f281c8dbac1f799
01-05-2026 18:51:32,BLMrcRDopOoFJVxuIdFI,851c72ab-d60f-410c-9db2-e43cd9b98424,True,d632e4ce536ec364,57e7d972b508815d
19-05-2026 20:50:05,s4jpwIH7nwLDtaIqtjfv,a11ed784-601d-4889-93af-1afd04fb8304,False,de2dde23040292bc,82a83fc853728306
20-05-2026 02:40:04,WP1ihHnh1M1i41GJLccp,4e656c3b-6ca1-427c-ae19-32b89b28831c,True,e9da39984fb29dc6,556be8558ce56421
20-05-2026 21:23:00,NCBnH3rdX4RdavQXFUvh,a2c717e1-4761-44c9-bbb5-e1ffacb529be,True,b30b0b43692b035b,9d16533a62ab9315
14-05-2026 17:12:07,uYWBk1NSbduK8OKLprH3,d0e47de3-adc6-4daf-b83d-05a5df65f28d,False,cbf338d836298cb7,c31244cee16e0c77
13-05-2026 01:57:24,iywdASq1nBAwHX63fLFz,6128d64e-f59f-4bcc-a941-2b318475a204,True,3811390588367f0e,e9da39984fb29dc6
15-05-2026 08:22:41,EODQjZm1AHJfKh4INvsK,78d86065-ab8a-44b9-9778-4a33ed5dcce5,True,e7eb35b501d57e1f,2b95dd3cf28e7c18
17-05-2026 03:25:47,HVBfBQJ8JM93l0Jbu1fV,f2e633f4-b2fb-4f78-b51e-2073af86adf1,True,34cbefbc28798720,42d576864f9952c7
29-05-2026 04:34:39,cNEevIVoeKRFk7oTYUdK,4c2ff805-2a45-4768-9928-3b8a1165bee9,True,63d3511e9e857901,2a339e8954684016
18-05-2026 00:00:40,A7drAkCMyrCZ8dG3hFV9,b6b7ce44-3ddd-466e-a22e-191d3170ba6b,False,17b4966e9be4d8d8,cb207a93391638cb
24-05-2026 20:00:08,XRcTO67HjWLEugxepvh0,b062adb4-bbbf-4523-801d-fdcd3e88827c,True,3b1338c1207d1e2e,95744df47936b8c4
18-05-2026 02:36:24,QK5YnTR3ZtBrEY7fhcGt,90b8f98d-232f-4dd2-8617-a51014e9cd1f,True,9d16533a62ab9315,a2fd30e5fa49ad53
22-05-2026 05:16:22,fpUn4wyCinEYVUPVBzAb,58ad0b5b-4e81-4c7c-afab-f45bc1e394b2,True,f879804e4456e5d4,3db4e6efff8b7518
16-05-2026 20:58:12,59rDXnecoPlv33vO8HUK,dbb817c3-0af3-413b-8910-fc70b13c46c9,True,72ba4e2f87adceb5,f7af4712fd6b9108
23-05-2026 04:11:51,GxbFEV2ylGHbVIfyeA9P,506dba8d-b541-41f9-ac60-19b313cc5f96,True,5311a0642c2564ad,c837debb39dd1e68
10-05-2026 00:38:09,i5UccRuAe3YzvYCowUcT,142becf1-ff43-4f2c-9390-ab7b3cc9ab6d,True,5afe6ceac06784f5,517fc5ca69b652a5
28-05-2026 12:11:20,QH7I6wQbrnmjixdegVef,65089d7f-ecba-474b-8d30-4e63353cb9e7,True,5afe6ceac06784f5,ec75a53f04901eec
25-05-2026 05:28:46,HoI2yc1upQZq3Tsrxh6o,8c46c630-695a-4338-842f-9cbd601719fe,True,7f281c8dbac1f799,cbf338d836298cb7
04-05-2026 18:21:20,5t9kRj73HGxi9WGViwuB,c0e9c28b-501d-4e27-9612-e58ea24d8134,True,c6a2d85265d19a41,c31244cee16e0c77
11-05-2026 19:32:58,8PHyx4b9QUFm3s31XFbn,64a4f26e-49f2-4132-bf04-0da6135c0c9e,True,867d47425e9cccc7,c0014ea2ee2fdaea
15-05-2026 23:38:40,Rf9iNqK9NvWCyjZcWoTi,df67fb7b-31a9-4e07-bd1a-66d0fd648114,False,d5eb4d757b335d0e,19a558ecc36977ce
12-05-2026 10:11:44,s6X88Ka3IWZjqbTF0m1d,f24ae32b-02e6-430f-9281-4fbd38b0d7f6,False,06bf6a628379e030,93279918e60ec274
16-05-2026 20:54:35,j9dhMKm389oD3r5jOH2N,91e0f006-2c89-4533-9da8-f175ff6d18be,False,c51d4eb54f89fec8,e7eb35b501d57e1f
01-05-2026 04:45:15,ri1VsrSLvvkhWLLuqDr1,500292df-f589-4932-b89d-16f280e32926,False,55b620d8c0ab41e0,153c202e3cfef4ba
13-05-2026 10:13:30,AgJZqdmvksiixme3MR8n,79e24887-a03d-4975-87dd-6f1427c47526,True,3bd002cf1fcfa789,517fc5ca69b652a5
25-05-2026 21:37:20,kx6Y4owAgyD5CVq64kQ3,0cecb97b-2e77-4ef4-a2fc-2fda132d50bc,True,3bc1bf7fb69f3ba3,3c58290022ed11b1
07-05-2026 21:14:04,ScWJld1Z1iotAzH1qVWz,87fdab9b-5c6e-4559-b057-0db92dd7d69e,False,cb207a93391638cb,91279a646f8ea6ac
27-05-2026 01:21:59,XrntZbAo6btNH4lcQO4h,3d003219-9f04-41bc-8193-3490874ee352,True,1bd749deaf799034,1b1cc9cee9f27003
23-05-2026 12:12:06,HxeHzIncTBtqbdUchT59,23a55652-069e-428e-8dfc-a076b36bae11,True,b8e78b83a62a0cb7,42d576864f9952c7
17-05-2026 03:29:46,FDVOxP7tD99auFtLjA2i,07d562db-b97c-43c4-9727-bde26fbb671b,False,5e1de20fecf98844,574582321d04df00
25-05-2026 23:06:53,mbC3acRsr0sLbKcvC4KK,10ab03dc-6e0b-41b6-9d47-738cadb53161,False,e9da39984fb29dc6,cb207a93391638cb
25-05-2026 07:09:49,kIh5ji8LhRwhbIXz5Wfi,4f53dae8-0ca7-467c-9a8d-c537ba250cf6,True,1d3db575c4a79d75,517fc5ca69b652a5
14-05-2026 05:20:45,BubhxmhSXAzDS1IVC8mb,064f651e-a466-4d52-853c-3d954f0e1314,True,234da97fe615c6b7,5afe6ceac06784f5
29-05-2026 07:30:50,TyKbup4eff63UoN8JzPf,2bfad469-cffa-4b1d-9f8b-d2bfc7a4d062,True,4c885efe7bde3ff4,f7c6682ad24d37f8
28-05-2026 21:44:21,Fv226P5qd8IlkafO5VGP,81387287-03f8-4a0e-a1fb-0a5e54e37910,True,234da97fe615c6b7,5e1de20fecf98844
17-05-2026 16:27:12,qZyiErzENiaXEXocHRCq,d75be1ef-2b76-4cc3-baac-f331d2822bc5,False,5e1de20fecf98844,06bf6a628379e030
30-05-2026 16:25:10,gkY8KSeVwrqyluCBvVMw,4115a77f-e0c4-46ce-9538-92a0c670a968,False,3993ad7e2565b6b0,3bd002cf1fcfa789
11-05-2026 21:43:53,ZovbJeOqQaq0vhtBbTmf,f2605f3a-456e-469a-8614-b0767b810e5d,False,5311a0642c2564ad,cb4c1290e91970dd
07-05-2026 23:21:51,M2G8X5tu7eJNefHhjfoL,9388d0da-f556-4dc3-9033-7cbbe33232f4,True,da211edc7bac01a0,19a558ecc36977ce
16-05-2026 22:04:08,oabQcRHoGgECxm28N3wv,2267bd0a-ea48-4ec7-b358-2d6dabf0f3e8,True,d0825fdf3da3660c,b8e78b83a62a0cb7
09-05-2026 04:13:29,vFiGhl3EoCgzVoDy9ouH,11fbeaf9-2446-4a63-b5b9-5877daa89149,True,102edb38b5ec347f,57e7d972b508815d
01-05-2026 00:22:44,Wfa8K2QtoGsP02EvvTaB,6d954c00-441d-413c-850d-d3b8c9020b70,False,8e2e127651e9cbde,13db178cd9a1e37a
29-05-2026 17:10:44,IaSQD4aNk4aGRhjYO8Yz,e670544a-25a0-4079-8259-c511a69b957a,True,8e2e127651e9cbde,3c58290022ed11b1
12-05-2026 01:58:56,dpfxUqewduDLekUAS0MH,d45bb0f3-70a9-46e6-942d-419f0ec8638a,True,b8e78b83a62a0cb7,3cc68b8049eb8d4c
28-05-2026 17:33:25,vY6f2aKBK4lfQ3skj9lj,0c5a6f85-0545-495c-b965-11a522be5cda,True,ce246387dd078174,6214b1b462c04096
26-05-2026 12:47:42,nUaJcxqtd41aqGF2I8gS,1c33f20a-8e78-453d-b3d6-564ab8b551ba,True,1d3db575c4a79d75,1d6285f5502cf1f8
10-05-2026 09:33:02,BbGeucXYl5OsZZaXMOal,3d9235c6-f46e-48d9-bae0-efc311381760,True,17b4966e9be4d8d8,6588d11c4a11acb1
07-05-2026 05:15:20,1GLlw29xbREDuRpX5Rdb,a435588a-bb52-4140-806b-d255db3d67f0,False,c34c1310eab19c87,2a339e8954684016
09-05-2026 04:56:15,Qx1xOZtZ7vKxgCuPlwDw,0a0c2a93-e4bc-447c-a4b0-b1fdefd2194e,False,9d789fd91804129f,bb4bb9fbcfcc16d1
09-05-2026 12:30:29,KPQACR6TFQ6u4hdNOSfv,0f625328-4516-4448-b0d9-469567125dc7,True,f7c6682ad24d37f8,72bd2672c948d2cb
05-05-2026 13:59:00,BdhfStP1KMEuSxLcp8Vt,6c45dc90-8428-4299-bd94-e59972a4a611,True,8e7f2987241c2818,8e2e127651e9cbde
03-05-2026 05:47:07,srdsyy4wBt2WqPYTcgxn,949d5d73-d602-43f8-b8aa-765a8be2a77d,False,cb207a93391638cb,6588d11c4a11acb1
16-05-2026 07:17:11,DHG5vYzrKOHHFrXRT6PC,9c911a54-9540-4f50-98e1-16cdc53534f5,True,c31244cee16e0c77,430f674c6dfe941a
22-05-2026 20:30:20,N8jK3QwhPnBSw7jjbeRJ,9f6c5ca8-10cf-4cb1-9be1-15b58848d302,True,c9ab51cba10ae1e9,517fc5ca69b652a5
08-05-2026 14:01:05,eCMbByypHI4W6VTznVYC,e758e728-3b0c-4c53-a5d7-510ce86b2b67,True,c34c1310eab19c87,a8c47673d6a4f85c
17-05-2026 00:49:16,6oIgBGITR5Ye79MfCqqy,58f9342a-b42d-48f1-b511-92a013fb3f4d,True,ec75a53f04901eec,3bd002cf1fcfa789
22-05-2026 01:20:35,e8dwV7o6Kds61E2SbZbk,9e41e00b-97c1-41e8-90b0-c7fb593df666,False,3bc1bf7fb69f3ba3,1b38ab967d98cc4e
06-05-2026 16:14:20,TBFgBErvoXp1Q7IplK1E,bfebdbd1-eedc-46a6-a541-e2092cf4a59d,False,5e1de20fecf98844,e7eb35b501d57e1f
09-05-2026 00:22:55,8b0MwigJKQ6cMWtVvrV4,f449556d-aacf-491d-8440-7391305e31e7,False,04964f8452901231,8e7f2987241c2818
28-05-2026 20:31:33,jV4v5fMlXb0cTnzlTvmV,17b82a5a-f657-4a20-96d3-8cf1ad18004f,True,6588d11c4a11acb1,d4389e820d4f82fa
17-05-2026 22:13:47,rMflpvCVsBTeSwrR7cDI,e9637941-7e04-410f-871b-577f6fc5b900,True,b8e78b83a62a0cb7,e8c9832b5c388bb5
21-05-2026 02:49:33,6hjnP4xDEIF2aFFMARZX,560f6a12-66ba-4aed-900c-3758ded7c82e,True,04964f8452901231,131c7dd8f3ab4b35
09-05-2026 21:49:53,3BLYefCnFo6ugDu1ayNg,e75615ca-69e1-4d45-a78a-d46a00b82930,True,487b076a69a53671,42d576864f9952c7
16-05-2026 03:26:48,xObsc6sOAygywJ9sqWAK,f5e6fe51-ac54-4e71-a91c-c068c5bd1ffa,True,7d176c63414fcd05,574582321d04df00
26-05-2026 15:10:26,l3vckSnVrBBro2BQ45Uy,7615d8ff-ce6d-4d40-9899-8dca008975e6,True,c7f34dc43387f858,6588d11c4a11acb1
26-05-2026 12:00:03,WnORUnTNhOBznONdoNLQ,6fb65811-ec0b-46b2-bb5c-c3faf2b43a08,False,75778bdb64d1008e,d4389e820d4f82fa
30-05-2026 09:19:24,jCx7E1IcmylAJfm8cV7E,45b7f9e9-6fd1-40b6-aa13-4f6584ba5e4a,True,8f8c45c33ff51d0e,bc74204126e384ca
09-05-2026 08:57:46,EqE10JEV5G448ZAzH8Y7,945b498e-62a4-40d3-a225-2ea0fe8b4b46,False,ae7ec9246c4649bc,91279a646f8ea6ac
10-05-2026 19:13:39,JKaBEYl7CR4YNQGNI5jN,00c7f214-514b-4caa-9d06-03517293b2c0,True,91d55d217a2af234,da211edc7bac01a0
01-05-2026 13:55:22,wp6ZYTFLPdtSFsDui0OB,098b2c5f-4c61-41ed-b3e7-57d831d53a36,True,057c44d337463e07,e84878f982129128
14-05-2026 18:42:27,uVuT9KFEONO5ljnVwfeS,f1cf7dd2-7353-4dc8-bc90-b3137f409053,True,42d576864f9952c7,f7c6682ad24d37f8
27-05-2026 16:14:09,s6cmdOd7pBHHCfdqUdVw,7279230e-60c0-43e8-a9aa-4ae536de6820,True,153c202e3cfef4ba,63d3511e9e857901
11-05-2026 02:53:44,XhJC4fSnG9BpXqkUMadU,fc26e1df-fd16-4a66-8918-ae6d28793d6f,True,eb39e98aca20e7d3,552b8d6c350cb13c
24-05-2026 13:04:30,UXXCd6EECLdpoDPRknNk,85b6711a-2dee-4526-8aae-d7db98213f2f,False,63d3511e9e857901,514af2be7dc985d8
22-05-2026 15:42:17,mfkEA5y82NqvDuAZg64X,d602c773-cddd-423b-9a9a-646551b1e07c,False,1b38ab967d98cc4e,c31244cee16e0c77
14-05-2026 18:41:55,Qhcjv8CUOhZffZv5OAs9,394025ef-6297-4933-847c-f4db0ec8929b,False,c0014ea2ee2fdaea,574582321d04df00
14-05-2026 11:02:15,EXR3SAlhqz4kfTWxpHo8,3c2d70a2-35ef-43a7-8e00-7a33f2d90835,True,1b38ab967d98cc4e,04964f8452901231
01-05-2026 22:21:10,WemZhmoNldPbmFRGyMsS,d7c4a1ee-fd24-4078-bbb4-3e63571bab8b,True,517fc5ca69b652a5,430f674c6dfe941a
02-05-2026 09:32:10,IJkpMFcgAuS327VX2wwS,79aafeaa-dda3-4987-9402-e7f4843cc745,True,34cbefbc28798720,7182af742e04dc6d
30-05-2026 21:26:37,b70I4q3BUvHarJGKeEAU,806b0276-8206-41b7-ad3e-4748b7ca2b09,True,c0014ea2ee2fdaea,430f674c6dfe941a
24-05-2026 11:55:01,Z4R6nJ36U1UWUSAPT95W,5aa276b2-2b13-4937-a8eb-9da0a854b2f7,False,131c7dd8f3ab4b35,5e1de20fecf98844
23-05-2026 00:34:56,XCfTBnG6YD4KZZyu2HQG,75b58704-ffc6-49f6-950a-39e7081299a6,True,19a558ecc36977ce,8dc02e5c153f83a3
14-05-2026 10:42:14,Wj3I2UdKhANmoLdXid38,373fb3bf-49c6-4941-97e0-7b072e993037,True,d5eb4d757b335d0e,f7af4712fd6b9108
10-05-2026 08:04:40,72dZExVHG3YUqo5WQc1p,a82ed4d4-939d-4a4b-b522-52e5d13d72fd,False,cb207a93391638cb,3b1338c1207d1e2e
28-05-2026 15:24:19,opuAsGUMAfy4oIkQMAK9,41e9953c-2e21-4d04-b931-d7a201329ad2,True,39a54d73a921b9f6,2a339e8954684016
19-05-2026 21:35:06,FNV6n3jTyv0ceMyKyk9B,86e51075-70b8-443f-acc6-d114f634c6cb,True,7f281c8dbac1f799,430f674c6dfe941a
09-05-2026 10:22:18,wqbFBRCDMs3WP8farQP8,cb506df4-ac0f-494f-bb18-3e9d4005d1aa,True,b8e78b83a62a0cb7,131c7dd8f3ab4b35
27-05-2026 01:16:22,1bFm9MsjVs51IqXRR2r2,b3b62038-a31e-4f7a-b9b5-057231e34d5f,True,6214b1b462c04096,06961ead71f8b1d8
24-05-2026 07:31:49,pZ10aCjC7UxYLsftSGGa,1980d7e6-d516-40ce-882d-5884ffd946e9,True,f879804e4456e5d4,6f36a3307488809f
01-05-2026 00:58:08,D9SQIcU15lbSDUOeMfS6,f4d74e9e-9970-42b4-9ef8-dab7cbcde986,True,7d176c63414fcd05,63d3511e9e857901
27-05-2026 19:03:37,wke2w4gLO9QQ246SSshR,b373bdf7-a90d-44de-85ff-a2a1d5905a37,True,234da97fe615c6b7,64a94f9052422a0c
05-05-2026 00:20:31,oNFlgHGb7rGSwo9HBPGb,335bee94-7822-48ee-a030-f90655fd7638,False,2618243a251bd83f,c7f34dc43387f858
21-05-2026 14:47:02,rwZnraUWJRL6WIbHlNhf,2cf6785e-b172-4707-9c56-263bd48d24cd,True,19a558ecc36977ce,c0014ea2ee2fdaea
26-05-2026 13:01:48,WnMg5VM0Z9Ho9UVDvmn7,fcc84faf-05e1-4aa9-8556-ab3a59aa0296,True,3bd002cf1fcfa789,923d0315f3ae2bb3
05-05-2026 12:13:59,cV8ANgDe4hNZezw84uDA,6da1d2bd-8d8d-471d-84f2-2426ecda9621,True,131c7dd8f3ab4b35,1bd749deaf799034
14-05-2026 22:45:41,JN0wO1cBnSW9xYNB3DY3,34d60a31-522a-412f-974b-d4bfa6a9e280,True,17b4966e9be4d8d8,da211edc7bac01a0
10-05-2026 19:22:33,jirVbVqpPb2AeZiBBhwg,0ac75e79-002e-48b9-b380-f435981501b6,False,b8e78b83a62a0cb7,8dc02e5c153f83a3
28-05-2026 03:46:48,UbcBJNJW6Eobtm27Ygik,04ba6593-ba97-4f66-a4a3-660562bdcb71,True,3811390588367f0e,a8c47673d6a4f85c
05-05-2026 18:56:59,6ffDbA0oyYdvFH1zJw3O,ee2f82b2-d3cc-4e8d-aa24-3fa7a167ec78,False,9d789fd91804129f,517fc5ca69b652a5
20-05-2026 21:34:01,VqHux3KRfvr2nWI1fy8p,009780cf-96c7-4013-ad47-7cab1b8a540c,True,53c682ded6545e06,330949523d665e3b
15-05-2026 22:20:44,CugYVw3tdrRkAthgU8yf,5b1c109f-71e9-4c27-8496-addc130b0058,True,2f2bd7547d602b7a,514af2be7dc985d8
13-05-2026 04:46:44,RpHj1dTQV9xlHYF1G82h,fb0d4f16-e46f-462e-bd8b-61181b0de272,False,34cbefbc28798720,a2fd30e5fa49ad53
25-05-2026 20:53:36,QipvKnMoYhiewPQmWsMi,768e740d-56e4-4f05-81ec-289dab373fec,False,e1bd0a847e7079be,d4389e820d4f82fa
11-05-2026 10:35:41,5pdHZzHoV6GAzgjcjDrR,6115a790-1bc9-4f7b-989f-d3768306a2b6,False,53c682ded6545e06,d0825fdf3da3660c
18-05-2026 07:02:27,WgBKlHycZ36QttvrkIWc,c8562409-8954-44e2-a3fd-1ee1c18e3e96,True,06961ead71f8b1d8,552b8d6c350cb13c
28-05-2026 20:07:10,TBF4RpW6FExZtEUYaKpC,122b3d96-ffdd-4907-b05d-c5d774f77b63,False,91279a646f8ea6ac,3811390588367f0e
27-05-2026 05:05:35,j1iRbaGlkElwEpOpz0xY,00fde688-9738-422e-81db-15b76682c52d,False,72ba4e2f87adceb5,923d0315f3ae2bb3
16-05-2026 11:23:11,2dznMMcoJJ390DWFdVsS,9a1f1155-5560-4e36-82b6-e9018a6eed28,True,514af2be7dc985d8,13db178cd9a1e37a
18-05-2026 09:05:35,jA9WEzc3NSROO1IIHPm0,7eebf552-afaa-4795-a24e-eabf5973e2d3,False,234da97fe615c6b7,cb4c1290e91970dd
22-05-2026 17:32:20,zeCqLTvpU2OUEQQ7IblI,6c0eaa3b-d454-4f28-9423-9c6cebea5899,True,3bd002cf1fcfa789,d57d393b16ba030e
09-05-2026 15:39:22,hgvIHwqP6rSAd0ZY3EsJ,d0d1e13b-e955-4a90-8514-e153c6c2945f,False,3db4e6efff8b7518,8e2e127651e9cbde
14-05-2026 06:21:52,OmUc0Q90gbmMHB6dOXBr,b4a8d533-0682-49fe-aa28-6b830b42e8c1,True,fb188f553674b4c4,5a7b6516c51a4d4e
30-05-2026 06:44:54,1bihffCJTYZ4NUkz5EKM,662a16f1-4c1b-42d7-bbaf-e56a415a9da4,False,a8c47673d6a4f85c,d0825fdf3da3660c
16-05-2026 07:44:20,GomINbPBwSv2Bqr9vi1h,f1df7a91-f6e8-4b01-84d5-728a40a906a2,True,d0825fdf3da3660c,2618243a251bd83f
15-05-2026 08:19:49,4AuH3ty65M3YJSvBsjee,25dd40c8-361a-4722-80d1-81bc668ea772,True,b572bc65fae8bec1,574582321d04df00
12-05-2026 13:37:54,hxTodjtudzALujkz5V7Y,8692354b-ec83-43ba-a8fe-f9c9f4542f52,True,1d3db575c4a79d75,72bd2672c948d2cb
29-05-2026 08:41:00,VRuR23aA5QulnRxD0Y25,b502b5e5-d281-4ad2-a05b-01738d7bbd25,True,75778bdb64d1008e,eb39e98aca20e7d3
25-05-2026 08:43:37,K1cW8eRhqqsCW1RZfkUi,5585f225-c1d6-4f8e-a135-d400c2278e3d,True,131c7dd8f3ab4b35,5afe6ceac06784f5
16-05-2026 08:01:44,2tu59EGZmorSMjuDuqEa,028ab7a9-1361-47f0-9bb9-1d2cc88cf95c,True,57e17fffc619e182,18d281edb3671f44
07-05-2026 19:05:25,uO1I5FE5zacfg76PwHyS,07c2d963-506e-4da7-99ec-03535a959404,False,5e1de20fecf98844,5e1de20fecf98844
19-05-2026 05:15:13,hGg3OyQFccna8XN7Qccy,000f0625-6846-427e-bf98-545c71e5d3ca,True,cb207a93391638cb,9d789fd91804129f
30-05-2026 19:19:30,TS8o17rvRXtg1X5SgbF2,49730dfb-b3ad-4e01-b079-0058d0da15ae,False,5e1de20fecf98844,2a339e8954684016
24-05-2026 23:03:26,HYs2P8sxnf03kmyavuqE,e5d97231-deca-4982-96d0-086af6c78a4f,True,72bd2672c948d2cb,e9da39984fb29dc6
23-05-2026 20:54:21,aJ0K3rbCnSIlQ1SLro6G,1f121521-aca1-4266-93c6-e2b0fdd10eb8,True,bbbe498ee44f6349,3811390588367f0e
17-05-2026 06:12:33,BxLC9aHedLgqJdHZ4lBN,1850b86c-a106-4fec-a21a-a068f94862b0,True,24d6a87b0598b02e,d5eb4d757b335d0e
15-05-2026 10:54:15,ytd4oYqTsDPIkrzsFIag,988557c6-c1da-4c1e-819b-6b17e4408b3f,False,c9ab51cba10ae1e9,5e1de20fecf98844
25-05-2026 06:57:11,w2OyT2XyYkbNceYcnoas,b309fb6a-8421-46ab-a096-d06e9aaae14e,True,bbbe498ee44f6349,3bc1bf7fb69f3ba3
28-05-2026 02:02:01,axmwt1o7quPURPms92hH,4dd51f23-4173-44b9-8c00-4d0eef4cd1d1,True,556be8558ce56421,13db178cd9a1e37a
09-05-2026 09:41:12,WHB61YwNuHgpKUMcJsJv,90502977-f6e2-48f0-9a76-1fc8b108e5ee,True,131c7dd8f3ab4b35,3993ad7e2565b6b0
29-05-2026 11:46:41,ujGKnpwjENBwAJXR15WY,22320c17-c066-4003-a440-0cd5380b91a0,True,1d6285f5502cf1f8,42d576864f9952c7
06-05-2026 19:56:38,kVh8iey0PKHRYuy8JTvZ,26094c6e-2354-4811-bf9c-dd8051eae25c,False,574582321d04df00,6588d11c4a11acb1
18-05-2026 10:47:47,EQM3P46lXdIRRkUnsj7E,f384dfd1-7706-4aa5-8a57-196951399886,True,b572bc65fae8bec1,64a94f9052422a0c
04-05-2026 06:14:30,yNkSZw3SLJ7tV2skkbUk,5aa71122-47c5-44d1-a2b7-1cb6e2e6bf3d,False,c31244cee16e0c77,4c885efe7bde3ff4
09-05-2026 04:48:19,Ugn3m2x3iRH3dTW8zoca,7e591f29-f1b0-44b5-80e3-9dc0592850a8,True,5a7b6516c51a4d4e,fb188f553674b4c4
09-05-2026 09:38:36,nEMOfhgH7vWicos11VGn,42706c95-d604-48e0-9896-d229d5d8baf2,False,06bf6a628379e030,b8e78b83a62a0cb7
24-05-2026 00:02:52,zsvKv8DNIyX3EKfFval3,a868d167-7a3f-426a-98b7-ae57885ec1ec,True,c51d4eb54f89fec8,389da1f3a7c1d8de
13-05-2026 17:45:47,nBiEghgnzp44b9M38IeQ,13f8a967-a39d-453f-9206-cda52e294e65,True,6f36a3307488809f,102edb38b5ec347f
10-05-2026 03:33:02,XrHehxZW1OVAQ4lfPXTd,7ae1ef95-c77e-4e5f-bccd-8479a3640f31,True,514af2be7dc985d8,1d6285f5502cf1f8
11-05-2026 14:30:32,JiaXgVxHv8NnOTdguc6P,d7b1e86f-dca9-42e9-b761-e937945400d4,True,cb4c1290e91970dd,75778bdb64d1008e
18-05-2026 01:29:14,yjXzdYlI1oPfx0VAmQvY,19bbd365-17a0-48e8-aaa9-95fedf2e6e2f,False,1d3db575c4a79d75,3993ad7e2565b6b0
26-05-2026 11:02:09,uaqTj5OKAAHfRmwJJLn3,a8c9cc8c-9a09-4b3a-b9b5-47b868616cf2,True,3bc1bf7fb69f3ba3,a8c47673d6a4f85c
16-05-2026 18:07:26,TjTphUEzXhnTBXsYhHQm,b40efeb4-6362-4b33-8760-faeebbaafb5c,False,82a83fc853728306,06bf6a628379e030
29-05-2026 11:54:15,HqfbzSYFqtKgUUyHol1s,e73977de-0e10-47e7-966e-d527fb03b234,True,8e7f2987241c2818,6f36a3307488809f
27-05-2026 16:06:12,P1PJnh8XEGIdpXqyBZ3Y,c60a423c-ea6c-4956-9836-655cb09b2ab7,False,fb188f553674b4c4,8e2e127651e9cbde
27-05-2026 03:19:34,REngx0kai77CRXJyYvcN,5e56153c-55b6-4731-a4c7-aa94f62dc0ed,True,c0014ea2ee2fdaea,102edb38b5ec347f
21-05-2026 01:56:42,ShUl64VR1tRTRtYv7RbD,6e4caf51-97b1-4327-9bb5-6e1dabd4fa57,True,552b8d6c350cb13c,d0825fdf3da3660c
12-05-2026 05:50:16,IyK2DESPW6Ym1lRQdiht,7d80a395-f8b0-4a54-82cc-30d405327daf,False,b30b0b43692b035b,4c885efe7bde3ff4
22-05-2026 10:42:52,rvCw0dGzvEknN0NAibq9,d675a9fd-6fea-48f1-9461-21a942fff1b1,True,a2fd30e5fa49ad53,3cc68b8049eb8d4c
21-05-2026 01:39:59,1HHdE92pbGplOFCmmHHe,c8c776e0-3fc5-4906-920e-d3aab63f9872,False,93279918e60ec274,3c58290022ed11b1
11-05-2026 00:32:16,FhqlmRaelcXVICfrB00y,0de76de9-9830-48ba-b451-f201fb834780,False,91d55d217a2af234,2f2bd7547d602b7a
14-05-2026 01:06:34,RawX006T6qkXT4G58Rd6,08316d50-9b26-4ce8-845a-faa983b1e4d6,True,ec75a53f04901eec,7182af742e04dc6d
13-05-2026 01:11:44,EmJsspeQ3nyqGzLqvN1J,866fdb8b-ef13-4af6-90cc-cd5e1a73291a,True,c51d4eb54f89fec8,7f281c8dbac1f799
08-05-2026 01:25:13,f4OuWAH9MiqF8CEyq0Wt,acfd6365-af72-4286-b4eb-971ec46f0d56,False,d0825fdf3da3660c,19a558ecc36977ce
20-05-2026 20:25:43,TlpyVGheWPI3qSYGZskm,c8ee48e8-3b9b-4fb3-a005-056101e30efc,True,389da1f3a7c1d8de,06bf6a628379e030
16-05-2026 01:55:20,Gc2DMxBp92QTii5nYEq9,103179ee-46c7-4974-96b2-34c7e1a8bda1,True,8dc02e5c153f83a3,6f36a3307488809f
08-05-2026 14:40:43,Ik8soUnhMzXPRUgVNxTs,13fd457e-dbd7-4a90-a4d7-1da3720335e4,True,7f281c8dbac1f799,72ba4e2f87adceb5
05-05-2026 22:04:41,PbUGHPGlJZcqkjPApAXd,36a84be4-b737-4810-9fd8-3f92dc8a1af5,False,e84878f982129128,b8e78b83a62a0cb7
07-05-2026 20:42:04,dyLIaMhar4JA4zN2X0AY,cbaa70af-9cdb-4726-9eba-4e4a643dfdc5,True,c85cdb0ef48d09c8,c6a2d85265d19a41
05-05-2026 11:55:57,eUPtow5OZxyp3mc1M2On,44659f4f-0506-47f2-9c88-93a410647224,False,57e7d972b508815d,82a83fc853728306
07-05-2026 13:29:20,vDvBApaMTrP4SdATviwp,70207dda-a34d-4b76-9bd4-072b1a36747f,True,1bd749deaf799034,c7f34dc43387f858
16-05-2026 23:16:19,eZV014bBLbfGWUQ6SgHP,a21e0b34-5b97-446c-9bf5-fc307ef3ebf3,False,487b076a69a53671,c0014ea2ee2fdaea
03-05-2026 09:06:32,HZ3JS4lYbAkFw8hT9b0k,567cca6a-66bf-4273-bbb5-f65da0cbd1c6,False,6214b1b462c04096,f7c6682ad24d37f8
13-05-2026 20:02:03,1sPjaXc6knw5IOu8oWaI,b69645aa-5b7e-495f-90ff-b9d179bd0680,True,8f8c45c33ff51d0e,c34c1310eab19c87
28-05-2026 07:41:33,aAnrcEkdqEMy8ycRarVr,f8495300-60c5-42a1-8c35-477b33d9b19f,False,a2fd30e5fa49ad53,ce246387dd078174
08-05-2026 08:15:50,OrmQTXurtQfu4QzzGKUA,6ad07f7a-d836-48a8-b3cc-aa2e12412656,True,c9ab51cba10ae1e9,3811390588367f0e
17-05-2026 13:58:07,01kvr1yZ3xpVSqNAlwrT,daeb8300-6ec8-4f2d-8004-643721332234,True,19a558ecc36977ce,c51d4eb54f89fec8
25-05-2026 12:10:40,NhOfYfuVn4KrqlOoyJtj,6669b22a-bb33-4ffb-bb37-5d73d186e7b6,True,3cc68b8049eb8d4c,cb207a93391638cb
13-05-2026 22:14:38,H44eWZiOVcDtLqN5K6mz,f3bbd4b2-f414-4224-81c1-6f9e2502cca3,True,bb80f878cef35322,c837debb39dd1e68
08-05-2026 01:24:11,3hS44nIKoJ5qHhiaz0Cb,f8325668-dd10-4539-8a31-2cf1ad8ab3f3,False,cb207a93391638cb,42ac1a2bf982f79c
30-05-2026 04:48:29,rkuBboPbJcOpcMsbHCnn,99c13391-dc77-4dd4-9d92-1d513f8cf1fa,False,18d281edb3671f44,cb4c1290e91970dd
27-05-2026 17:42:36,mIEbcgekv5aKd4nEybl9,22ef3e2d-716b-41b4-9a2a-5cac42794c49,True,514af2be7dc985d8,6f36a3307488809f
06-05-2026 18:46:53,qbIPElMn6sDJbo4laLon,860741a2-57d3-4091-84eb-873919950c2c,True,91279a646f8ea6ac,63d3511e9e857901
03-05-2026 13:00:54,sbuNcqgG02Pj316ZcJxW,22b8523b-b8a5-449a-860b-21781490193a,True,82a83fc853728306,82a83fc853728306
30-05-2026 01:02:15,quaTbxQa2shUlJJh9uRh,15963407-e20f-453f-ad80-304da9e515b2,True,f7c6682ad24d37f8,c6a2d85265d19a41
06-05-2026 14:32:03,ttrS0KEh1oMlndJNC9Vf,e7682b8e-aa98-4b0a-ab19-7ce5ab540d38,False,ec75a53f04901eec,daf96d2280390dec
17-05-2026 19:50:42,ryhA9hAEHGMJ5qkA2YEb,6b20cebc-41f7-4b6e-bb66-5d714feabb92,False,389da1f3a7c1d8de,72bd2672c948d2cb
26-05-2026 22:17:55,0POG68CMebLdNUaqfxmK,39fd45bb-f9e5-4ff1-87a6-68d0efd7446b,False,c85cdb0ef48d09c8,487b076a69a53671
28-05-2026 21:09:56,6Mf6mcxbxqAS28Y1b1Bp,cd698c99-ca7e-4387-9cf0-5998f67e7d46,True,57e7d972b508815d,1d3db575c4a79d75
15-05-2026 06:28:08,NtFGGMilMJyojEcIY0X8,5448ec85-0729-4cd6-a78b-ce0365832b1a,False,f7c6682ad24d37f8,de2dde23040292bc
24-05-2026 04:28:34,bLKOi4ncU3sYWPkAVClM,78bc4c06-bcc0-4803-8d2f-e1d1f4e4e0c2,False,330949523d665e3b,1b38ab967d98cc4e
13-05-2026 01:51:19,xc54jCfSYwov2IN5UrzG,7dc2024a-fd23-4bdb-9f43-43ec691f6973,False,93279918e60ec274,d5eb4d757b335d0e
21-05-2026 06:42:12,xVaYoveWXOLldcet9nUg,d81444b5-3b08-4872-80e1-ea1b8c601292,True,75778bdb64d1008e,06961ead71f8b1d8
27-05-2026 17:30:40,tA7OvAYB59l4ozMXYwDg,f59b20f2-8bcc-4441-a47c-aa3b93188bb9,True,e1bd0a847e7079be,b8e78b83a62a0cb7
24-05-2026 02:15:24,wwZHdMxEj9iMSffTJl9N,9c677815-8122-4aa7-991c-940ff946c332,True,e7eb35b501d57e1f,9d789fd91804129f
25-05-2026 12:47:23,O2S0eaOjnaH07aAHhukm,d96b9648-8420-4b0d-8abd-5e3c8ff3c84c,True,91d55d217a2af234,2f2bd7547d602b7a
11-05-2026 20:28:10,1JpAdOnLOOdA73lhrhcA,6f32e984-a4f3-47e5-bed3-937ad44b0abe,True,13db178cd9a1e37a,c85cdb0ef48d09c8
15-05-2026 13:51:59,WEMYnr6gfsHJzU0K74De,119b5b5f-af7c-494a-b706-61b453ddc5ab,False,1bd749deaf799034,18d281edb3671f44
06-05-2026 18:06:09,ZEzETZX64UHnncgfrIVD,98dd2404-f48a-47d6-8cb6-858393efb533,False,2f2bd7547d602b7a,b30b0b43692b035b
02-05-2026 23:43:51,PksQVyN6jajHhuQFciZ9,a5786012-9cd2-446b-b7ee-cf692ea22798,False,39a54d73a921b9f6,5a7b6516c51a4d4e
12-05-2026 21:40:07,eCC7F1nGs4oABHjreLj3,eb63ca82-2164-4fa9-ba86-937c55f05ba3,True,c837debb39dd1e68,1bd749deaf799034
15-05-2026 13:28:45,4LgTAtV70ILt0CXZNpMV,050782c4-721f-4333-bcef-04ed3f2c2955,True,3bc1bf7fb69f3ba3,bbbe498ee44f6349
05-05-2026 02:03:49,ttGfwAv8biifsvNfwZOM,cff32825-698a-490f-a831-fa7c3f3315fa,False,55b620d8c0ab41e0,42ac1a2bf982f79c
13-05-2026 00:07:04,TWTyO2kH223HCHZxOYta,4f81a4fc-be34-441d-9863-9932097db7a5,False,cb207a93391638cb,867d47425e9cccc7
07-05-2026 14:11:33,k64h1c5IILuNfRzmYYOS,147d66d8-3c21-457a-800c-f5f9435d71b3,True,552b8d6c350cb13c,517fc5ca69b652a5
24-05-2026 19:58:36,teBA6WIklz6gCVQUQV8V,2a5cbc32-012d-49ee-a4ae-54c4f16967b7,True,e7eb35b501d57e1f,3b1338c1207d1e2e
30-05-2026 19:50:42,F3Jb8UxkybxfjXEXECGX,12d000f7-7ac2-4a74-bd00-dfe2b511b236,True,867d47425e9cccc7,f7af4712fd6b9108
01-05-2026 17:21:57,cHYPqISTlhnyQvb0skf5,3e1f321d-c704-4a1b-9262-601b385f0d07,False,91d55d217a2af234,f7c6682ad24d37f8
14-05-2026 12:02:36,X8ga4H82VHbEk7OWxNqj,5f21eff0-f9e2-49a1-9fba-6303db32e3df,True,8dc02e5c153f83a3,fb188f553674b4c4
24-05-2026 19:37:56,OBejfF0ir4YqawNlzuO9,ebc13564-236a-4fa0-83ac-fe063f922785,True,8e7f2987241c2818,7e8fb26408446272
16-05-2026 22:17:06,OnNdqbpDgmCPPmUcCB0t,b2fb8df1-ad38-4caa-84f9-5adc71fac374,True,6214b1b462c04096,057c44d337463e07
22-05-2026 17:42:05,BfzMDSI18JDUiS6TpFOG,453f9afb-454e-41bb-a99f-25e9036e2f8f,False,13db178cd9a1e37a,867d47425e9cccc7
29-05-2026 08:17:02,Kfq0svIK0UauTCpY4x4b,ffacd7a7-5994-49ed-8d08-8b2b8c2e9b9c,True,c51d4eb54f89fec8,1791998ac3161359
12-05-2026 20:32:36,QdFoaRcD95n0LfGbGTHA,62e8854d-de9d-4918-84f8-0eeda686be25,True,8dc02e5c153f83a3,c837debb39dd1e68
10-05-2026 19:40:26,SOkeNYGhrTwd01CNo3GW,b5e38e68-fc92-471a-9def-3b99bff71eaa,True,923d0315f3ae2bb3,8dc02e5c153f83a3
07-05-2026 10:38:33,HhPTpleqz0NAf3gDqCPQ,6da39b2e-b53b-4687-9894-f6f8198905ee,True,1d3db575c4a79d75,d0825fdf3da3660c
22-05-2026 04:06:37,jtJyGq0YGK7BIReYLgKj,f582c132-163f-437d-8bfd-bed50bdda0db,True,b8e78b83a62a0cb7,556be8558ce56421
24-05-2026 13:41:37,QCtiDWo3lJ3wkWgy2NmJ,0fedcad4-ed95-4e10-b29a-bac75975846e,True,93279918e60ec274,1791998ac3161359
29-05-2026 15:54:20,eOiKVTuXATXZympn9beQ,26dd9a80-8ccc-4326-9ea2-b84faa6a4794,False,3bc1bf7fb69f3ba3,153c202e3cfef4ba
19-05-2026 00:55:29,46WSkqScAClyhjn2vPj3,589dbbeb-74a1-4a81-a159-ea6907465e98,False,e1bd0a847e7079be,3bd002cf1fcfa789
20-05-2026 23:14:19,pwEEpBwT0tNEjxKDKoD2,75d26bd1-04e3-41b7-8a8b-9ce74ed1fa5f,True,13db178cd9a1e37a,487b076a69a53671
21-05-2026 23:38:53,KlOANXRvv4U22j9VtYqs,683561b9-c513-4bf3-97b2-0e527cc3cdc5,False,a8c47673d6a4f85c,574582321d04df00
14-05-2026 21:03:44,owdw0iEyr5wMwcIQzkUE,4f871f23-946c-4689-932f-8ed1d7e0d772,False,a2fd30e5fa49ad53,5311a0642c2564ad
21-05-2026 23:18:45,2BCob0TTa9CwDaBeTO8S,810ba6c0-a27a-488c-88b1-aa280d703c0f,False,1791998ac3161359,13db178cd9a1e37a
25-05-2026 12:38:16,v4eAR9afn15k0UWa6L3t,3d80dee4-aef1-4814-aa00-47a2f382211e,True,a2fd30e5fa49ad53,bbbe498ee44f6349
22-05-2026 15:46:37,Yp8gcpzpIaUssh1v4XHN,b54b9237-2325-43f3-b088-c1f3400a7054,False,34cbefbc28798720,daf96d2280390dec
11-05-2026 01:37:33,VacCOgpaU4BZvbJW6gvy,2945f6e3-61e4-4881-9b16-8b8794ebe0cd,False,2f2bd7547d602b7a,42ac1a2bf982f79c
14-05-2026 20:06:14,Uurj6WmirN2HE9wkdrVe,84a4507e-5469-42d1-81fe-ce4cfa23db77,True,102edb38b5ec347f,1b38ab967d98cc4e
11-05-2026 05:29:21,IY0v6ObC5eos19aCs6M8,bcfff038-58cb-4f12-8fe9-4c0962c3f7d9,True,1b38ab967d98cc4e,8f8c45c33ff51d0e
19-05-2026 13:34:25,4lF90rk6Vu44YBf890IO,19e2af7c-c31f-43e3-8e7d-df82f78e1d8d,True,e1bd0a847e7079be,867d47425e9cccc7
26-05-2026 22:42:12,Z2CPWAoekp1CQ41VLYFb,0188aa49-0547-45a4-bbcd-369c0f298819,True,63d3511e9e857901,3c58290022ed11b1
02-05-2026 20:09:07,YkQEe9yiQFiUl19oXMaj,9a373954-1f4b-4a7a-bd8b-3cb33edb3372,True,3bc1bf7fb69f3ba3,f7af4712fd6b9108
25-05-2026 05:16:09,uw6SnWBDR4Q8iOwG20q0,b485713b-8216-4b37-bb54-bf8118a66dc8,False,17b4966e9be4d8d8,91279a646f8ea6ac
22-05-2026 02:25:15,erOnc5NV93lpSf0dcZt1,012ef75f-5965-432a-a60a-f4930888e9f7,True,bbbe498ee44f6349,389da1f3a7c1d8de
26-05-2026 16:52:06,v203mFSntvekRPYkX0tj,4b1fef52-7eeb-4d4f-8969-b4676ca2085c,True,e7eb35b501d57e1f,487b076a69a53671
26-05-2026 23:03:22,MQGs0q19QWYtGIpcmygh,942fe882-fc25-42db-9aae-8f0a73bdff56,True,9d789fd91804129f,cbf338d836298cb7
20-05-2026 00:00:11,s0dYiYWL38VF4fA0ZirV,45743c05-1e7f-4d2c-8d4f-cb8bb818b46b,True,6588d11c4a11acb1,9d16533a62ab9315
13-05-2026 12:15:05,mORcocQtbwGoZgO4gcbl,f6c24de9-6e65-4b2a-b476-eacd85d4eeb5,True,b572bc65fae8bec1,06961ead71f8b1d8
20-05-2026 15:57:34,9aoaJervjk7J2mw0gftT,cff97d8b-3219-4021-96fa-f02d4ba88845,True,9d789fd91804129f,574582321d04df00
18-05-2026 04:04:41,ZJIrAkq0N9PIrfzgfuZP,ac8c2521-3dec-4a43-8bbd-69a2ce5037f7,False,1d3db575c4a79d75,18d281edb3671f44
28-05-2026 19:15:04,5oRv6hLhdOhsQiDkyuOE,1b7998f2-11f3-4161-be0f-fbcc4b45ab58,True,c7f34dc43387f858,13db178cd9a1e37a
14-05-2026 17:45:11,z1CpgbO7ARE4I3IpzEex,10679486-68f8-4a18-8472-feb210941f90,False,82a83fc853728306,d0825fdf3da3660c
08-05-2026 23:22:05,KsGRBJKVpvVWaC5uCg2J,3de93c89-0539-49c8-b654-b3774483ffbf,False,d632e4ce536ec364,c34c1310eab19c87
26-05-2026 03:02:40,0LFVbzhFnltRCOuOMiJt,2c3ab57c-2052-418b-9696-bbbf75c716e0,False,93279918e60ec274,34cbefbc28798720
09-05-2026 13:13:03,8kqy1oS4V86gQLobfxnw,70a94c12-2f8b-46fd-8317-3087a2b07b6c,True,de2dde23040292bc,f7af4712fd6b9108
28-05-2026 16:30:04,2TNcI6fTop1kZ7j3alqN,689a9dc2-317b-4d34-b3ac-dda726451adc,False,95744df47936b8c4,cbf338d836298cb7
16-05-2026 02:48:48,as5W2jcrJq7hedCjTmje,b65327b2-0df2-4abe-97ec-a0e2a127993e,True,19a558ecc36977ce,bb4bb9fbcfcc16d1
21-05-2026 21:30:17,zFDfxxt7KNENWnne8LJd,e7530eb6-f5df-4963-aafd-c66f1f86d33f,False,3bc1bf7fb69f3ba3,06bf6a628379e030
18-05-2026 10:23:12,B6toivuFkhsyYDkQxJDV,bacd46b6-1393-4493-8fc4-84bb65c590af,True,430f674c6dfe941a,39a54d73a921b9f6
08-05-2026 08:49:25,G9eCC6xU5Mzt6JRkhqTo,30d6e447-d10f-4729-8ebc-91f083e6fafd,True,3c58290022ed11b1,2b95dd3cf28e7c18
22-05-2026 07:20:17,eRsdKuwkOYvwYb4TZmet,f87dc3fe-47b8-4e1a-8bfa-e6b42e6f4832,True,c0014ea2ee2fdaea,d632e4ce536ec364
06-05-2026 06:50:04,1aI4qUiteFnCDc0K54uC,870d9b1a-a996-48f8-8086-f8030d414941,False,91d55d217a2af234,13db178cd9a1e37a
19-05-2026 19:47:42,Km71q1gsC7cm4rNw1j4w,15402bfa-737a-469b-ba65-b4eff337eb79,True,131c7dd8f3ab4b35,c6a2d85265d19a41
12-05-2026 14:18:42,Rw2yMWbxNIQvVp8aplW4,34d5490b-78dd-4957-9f8c-8532bd0d2487,True,bc74204126e384ca,17b4966e9be4d8d8
18-05-2026 04:44:14,TmbfL12Ol2vNMYAa8aaj,e405d667-a95c-4bfe-a1a2-329eb4c7e080,True,d0825fdf3da3660c,330949523d665e3b
27-05-2026 00:19:55,Vs6gHsBxf69urgBhkNJ2,44c4b47e-695c-43fd-ad4f-47b5fbbc56b9,True,574582321d04df00,6f36a3307488809f
10-05-2026 19:44:22,zfCC869zcjzBePzUadXh,7fc6d6d2-0043-445b-954f-d8bc0c776cd3,True,91d55d217a2af234,556be8558ce56421
29-05-2026 11:17:47,sG3dz3bQ4h8ysScyTlz2,a57be2f8-9c5f-4e2c-aacf-8d15b5bf890a,False,5e1de20fecf98844,3c58290022ed11b1
17-05-2026 07:32:05,Qo9gXAz80m9NrL7ugofD,c1a2193f-66e5-4950-8f10-f88938a10c6f,True,53c682ded6545e06,a2fd30e5fa49ad53
21-05-2026 21:17:01,Vee2huJqWUDEEmnXweja,23cb9516-ec5a-4d8c-8a85-cd0f6a37adf4,True,3b1338c1207d1e2e,867d47425e9cccc7
12-05-2026 13:14:21,uunOVTtd80zhlHMLQoNn,d63eae84-78b0-4d13-98ac-31029fb9f61d,True,c51d4eb54f89fec8,1bd749deaf799034
03-05-2026 08:03:23,5BPAy9aF1AqBbA0P78Qc,10bb5638-65b5-452e-8476-c1ed037ebb69,False,430f674c6dfe941a,1bd749deaf799034
27-05-2026 12:17:02,m2UyKS6mSkMCi341ol8w,5056570f-5932-4cf8-94fe-cd7e3bd02393,False,39a54d73a921b9f6,e1bd0a847e7079be
08-05-2026 16:34:35,bxCRmwxvzSpx8B7RrmdR,fa4e35a2-9e70-4ac6-9123-de664557a181,False,64a94f9052422a0c,0e52f2934d8ce165
25-05-2026 21:28:04,ZDwHOO7BDdriuidx2IsK,c971c7dd-8e1b-478f-824b-da53ffd76416,True,5e1de20fecf98844,1bd749deaf799034
18-05-2026 16:56:20,oVFsGEaIcpuPxHnWTUbY,48b9d188-e4d5-495e-a688-6f7934f45128,True,3993ad7e2565b6b0,574582321d04df00
30-05-2026 23:52:38,OcBnMGtx3RWgLXjpyZSU,3d875201-e0db-470f-8515-6b423259c1d0,False,8e7f2987241c2818,13db178cd9a1e37a
16-05-2026 17:26:42,RkIM5X51wQsKNH6biekD,04036547-a6a3-4c20-b0f8-063978edced5,True,c51d4eb54f89fec8,5a7b6516c51a4d4e
17-05-2026 11:27:28,6DUxjP84tpTWAYgGWDEh,638e15fe-51e4-4cd0-bbd9-3c108f9c5bd4,True,d0825fdf3da3660c,91d55d217a2af234
22-05-2026 20:37:08,IpQ0yQc5DiUQSK6JHlku,6dbcf1b7-f206-4984-8fcd-628a1c162ef4,True,42ac1a2bf982f79c,f7c6682ad24d37f8
09-05-2026 12:52:01,sL0NpZjep0xus6X1x3D6,a68b6090-c5c4-42a4-8af3-43230eebca12,False,c31244cee16e0c77,153c202e3cfef4ba
20-05-2026 11:00:23,YtoXjyF0ptz5sh2KrnNM,e2c2b2f3-aae6-4167-924c-0004f8218ebb,True,91279a646f8ea6ac,574582321d04df00
09-05-2026 16:52:37,QA4IZyle9JnQNBnEPX74,9e0eb707-16f4-41cf-9fc4-9c82c03a8829,True,3cc68b8049eb8d4c,5e1de20fecf98844
11-05-2026 09:21:22,TzFxSSpBIdxbs83vPj1V,710e3015-fbaf-4384-b10d-cfc2994bf9f2,False,3cc68b8049eb8d4c,c31244cee16e0c77
06-05-2026 12:38:09,Y5lQCnFYblJp0OYz3ZJC,7262ecca-e327-4213-a11e-4fa98aba868a,True,1d6285f5502cf1f8,867d47425e9cccc7
24-05-2026 19:24:00,M9zGuESxW8j5v96Iq8cR,d5e0a5a9-7228-4639-8742-77e8d251edfc,False,b30b0b43692b035b,ce246387dd078174
01-05-2026 11:12:25,k95Y4pUPlHBUFFIiihia,b1979b35-ecb7-4317-9be8-d13e64bd441f,True,e7eb35b501d57e1f,c837debb39dd1e68
04-05-2026 11:25:21,c1kM5zoc0iA3Jpfd3KQ1,d6dbaec6-7f54-4625-8ac0-2aebd696b234,True,131c7dd8f3ab4b35,da211edc7bac01a0
29-05-2026 01:13:38,Rgifu34NUIm6ofe5HV6N,3f9ae8da-b466-4a45-be59-0e1898da74c1,True,3b1338c1207d1e2e,75778bdb64d1008e
11-05-2026 16:51:36,ln2CGJXeGO83CuOmvNAH,7995db7d-a46d-48b5-acd9-d2a7445205b9,False,91d55d217a2af234,102edb38b5ec347f
09-05-2026 03:12:55,szskPg2vL7QuUDIq62MF,6eec0f9d-9ffb-4c86-983c-a088b05d0753,False,0e52f2934d8ce165,da211edc7bac01a0
15-05-2026 23:35:48,9wGQQ2B0oJGocZ9hrtiR,d3996b8d-faf5-4555-b0a3-829f72b1956c,True,5e1de20fecf98844,f7c6682ad24d37f8
02-05-2026 23:49:01,rappDQZArPHTkY1Dr7MM,887f6d84-df37-4ae2-9428-2b4335c78a58,True,8dc02e5c153f83a3,c7f34dc43387f858
25-05-2026 06:16:50,9c9U3bnFzAoL295WO3tk,9c4de7d1-ed7b-4771-8376-b41cd305fcb8,False,5311a0642c2564ad,5afe6ceac06784f5
03-05-2026 21:52:56,ZJy37Duv5PF3OX4C34Ss,b19a3283-b2d4-4787-8d85-1de538daa3b4,False,42ac1a2bf982f79c,5afe6ceac06784f5
23-05-2026 01:28:20,NQzgBhSzbVNtUMp5ILoO,6899789b-5203-4ff4-8145-89ba61c2960b,True,1b1cc9cee9f27003,3b1338c1207d1e2e
24-05-2026 02:24:13,PHCpigeacJuKGN251au9,84fd1ec1-7975-4847-a87e-6fe03e5707b7,True,91279a646f8ea6ac,57e7d972b508815d
16-05-2026 13:39:01,92xtgqzOpZQBC5VQBn5R,10d1fadf-ad71-4bf3-9dce-18406dfca7f0,False,da211edc7bac01a0,330949523d665e3b
05-05-2026 19:37:52,MCzLCm0b3JWZIsCMNJtg,f82afac1-b2b6-41c2-9f8d-bba2b7388d61,True,95744df47936b8c4,bbbe498ee44f6349
13-05-2026 02:36:53,Kyml9pB04CtMXKWC0hz9,7de1786c-ee52-4367-97bf-2825cd4d4845,True,bb4bb9fbcfcc16d1,55b620d8c0ab41e0
24-05-2026 08:38:08,EeLcWQcMFz5LYTcjruGi,d2ad53d9-93da-42cf-b5c0-cdf35683535c,True,ae7ec9246c4649bc,eb39e98aca20e7d3
13-05-2026 11:10:18,5SUHAQiva0H1Bmwq4YR4,d95ce7c7-1a63-4998-9a0f-67a2a294ce32,True,18d281edb3671f44,867d47425e9cccc7
25-05-2026 04:01:44,ZayA6Ukhs4pNzx84Cnf9,f7dad86d-5b3b-4550-8b72-b9c3a35a9e69,True,06bf6a628379e030,7f281c8dbac1f799
13-05-2026 04:54:48,eFhkafqYb7dCroYHBqmY,aff81c75-5118-45e6-b20f-02bd84efc2ec,True,57e17fffc619e182,3bd002cf1fcfa789
28-05-2026 19:27:32,uFbUwgH0KIAlLUC31WL5,19f2d9fe-cb99-41c1-b2df-38fe5413eba8,True,bb4bb9fbcfcc16d1,19a558ecc36977ce
01-05-2026 13:47:03,QKv78RMMuniPUjhVGhkf,c51d162b-8d58-4a64-a580-ba4b86133760,True,556be8558ce56421,3bc1bf7fb69f3ba3
17-05-2026 02:23:59,00yHiPUZwXdq3xvaj2yO,602a2abb-273d-4cb7-ac3f-1abbeeaf4fc5,False,7d176c63414fcd05,42d576864f9952c7
17-05-2026 12:19:59,k6dOYz6oXS63LEn5D9tr,249a642f-6f84-4dc4-ad57-7eafac1c99c3,True,1d3db575c4a79d75,d57d393b16ba030e
12-05-2026 19:52:25,GdWMl1h44fywcJctfyoy,fe78c6ee-a4fe-40af-8795-afd2c5708d9d,True,bb80f878cef35322,1d6285f5502cf1f8
02-05-2026 10:08:14,GXVoZrUapuHE1nyoUgoj,1f09e740-ab5a-4907-85a9-75f1b037363d,False,3cc68b8049eb8d4c,1791998ac3161359
10-05-2026 14:28:33,sr2lZvbgmSXPZib42qrG,d8961fec-85f3-4307-b5ab-ed670aa914b5,True,2a339e8954684016,ec75a53f04901eec
27-05-2026 17:46:39,xmcH8V9nn0begpJM9OoS,b84117bc-6f90-4bd5-a732-e8b0602951bf,False,3993ad7e2565b6b0,3db4e6efff8b7518
10-05-2026 13:19:41,3TrNGEgsNHtQetYHzMMn,f961af1a-5285-46a9-acbf-b2424e9f6031,False,d5eb4d757b335d0e,8dc02e5c153f83a3
16-05-2026 06:14:53,tOcjpfNFvARDpj3I249E,34ccf9e4-bbdd-4e4f-9b53-3ccf056e0ccb,True,c6a2d85265d19a41,b572bc65fae8bec1
14-05-2026 09:47:17,naUamzYtNICRVFkD22TA,7d264be8-3531-45a4-9289-7cdae230c323,True,cb207a93391638cb,153c202e3cfef4ba
03-05-2026 15:33:54,gZm1elJzGSW132HGxAqA,3876ebb2-1bc8-48a1-b229-7d90c00dc229,True,19a558ecc36977ce,330949523d665e3b
18-05-2026 21:34:56,0tA8n2qDHcYbVGefIsn1,ba4a9894-8898-421f-bc3b-0f2989c223db,True,ce246387dd078174,c31244cee16e0c77
25-05-2026 23:09:45,iec7ySSSeZYC0g5I0ecl,3ac27829-de8d-473f-af2d-af00d8753f7c,True,c9ab51cba10ae1e9,131c7dd8f3ab4b35
15-05-2026 00:57:29,ZFqAFNYmJayPaSktIMec,ba771967-6b64-48f5-9adc-c62a8da0adb7,True,7182af742e04dc6d,57e17fffc619e182
02-05-2026 07:47:50,bZVXxuu4ZYMd8yqYVwiS,1f59fc5e-24dd-4754-9e56-f576fcfcc978,False,d5eb4d757b335d0e,c6a2d85265d19a41
27-05-2026 09:43:31,FkG7utC73W7eTTrk3ofA,dc744cd6-17e2-43a1-b36f-4a1a05632e45,True,131c7dd8f3ab4b35,c0014ea2ee2fdaea
26-05-2026 04:07:26,EtsFVVhGEZRrG9btjnRD,f851c77c-4219-46fc-b589-1b2cbb9380c9,False,e9da39984fb29dc6,34cbefbc28798720
10-05-2026 11:58:13,u3czenDWwdlh07Eb4vZq,1b366ef3-715e-4679-80ad-e90e96f2d783,False,e8c9832b5c388bb5,4c885efe7bde3ff4
17-05-2026 03:24:56,a2NAs9UoXn6zvGM91THd,3c530fdf-71ff-47c2-99bd-d91b3f8f24ac,True,7182af742e04dc6d,18d281edb3671f44
01-05-2026 03:01:02,LRNnE7KztB6D7V6pxJWU,9c62bfa8-9f0d-4e85-90e8-0322b5f43393,True,4c885efe7bde3ff4,e9da39984fb29dc6
22-05-2026 08:02:05,C6u9uO0x7D31AwnsfOA6,2798836a-6c69-4694-bad9-e967ac369331,True,2f2bd7547d602b7a,234da97fe615c6b7
16-05-2026 23:55:21,TlReDySAvDMH5cvPCBnL,7620f5f9-cd1a-4d6a-81bc-978eb675293e,True,6214b1b462c04096,e8c9832b5c388bb5
02-05-2026 01:56:26,8YeafWuBmL3AjLHVwYoh,1dc822e0-1cae-452a-8b7a-7394e840c9d5,True,b30b0b43692b035b,06961ead71f8b1d8
11-05-2026 09:09:53,tk6XlbavCt0CPNEafQCD,802f7551-f291-4dd0-ad9d-92540e459594,True,75778bdb64d1008e,c7f34dc43387f858
13-05-2026 10:56:54,fKJWJnbZx4UI4ESuz6pC,66cb3778-6969-4965-9b42-0c978347dc2b,False,42d576864f9952c7,6214b1b462c04096
01-05-2026 16:14:38,WmjE7TLpQcc0UIOvKU2k,a2dc56bf-5d36-4b36-b851-96027b663f60,True,bb4bb9fbcfcc16d1,f7af4712fd6b9108
26-05-2026 07:35:17,yWI5N2g07w36G76qjXH8,a5300dc8-8461-445c-a6f6-7b531dd5d772,True,131c7dd8f3ab4b35,c34c1310eab19c87
13-05-2026 17:07:35,f2Q2hwVZYVrCRMkL228v,c04dba56-a619-4b0b-a6e3-a2b2a1f2cb71,False,867d47425e9cccc7,8f8c45c33ff51d0e
26-05-2026 06:25:08,89v2jyq2Gn7yp2RDmxPG,89dcde9f-a2d9-4059-b062-3737b2c3832e,False,55b620d8c0ab41e0,91d55d217a2af234
07-05-2026 15:11:21,XfYJ2H0KcomqaDI3i3eB,5d713627-e3b6-42e8-90a0-aa5732a15512,True,fb188f553674b4c4,6f36a3307488809f
26-05-2026 14:42:00,nZOKjSwXgDQvx4O9wBKc,b410c657-2c72-432d-ae88-ed7fd64eb89b,True,5e1de20fecf98844,bc74204126e384ca
25-05-2026 14:46:14,ooL5nTSuE68LQBCLbfW9,306ac314-1d69-40ea-8ece-54526a2b25d4,True,63d3511e9e857901,867d47425e9cccc7
09-05-2026 17:58:54,KKdYyFnFfxYVBc7NqF7v,8f550d11-7a49-4f5d-b8ad-b0cf628d9122,False,923d0315f3ae2bb3,a2fd30e5fa49ad53
11-05-2026 18:11:29,w331iZkXVA2NW2b4EywJ,26cf3c36-e062-4ec1-a3a5-374491607c5d,True,514af2be7dc985d8,bc74204126e384ca
18-05-2026 05:51:42,Lm0vd6d3DXHwhtEhgRd1,c62fe405-82fa-44d1-b013-51ee20df1adf,False,1d6285f5502cf1f8,3bc1bf7fb69f3ba3
02-05-2026 14:13:51,2Jpj4xv3Z7MJJd6IQv6A,fb70363c-127e-4537-9158-b9e1de1109f6,True,d0825fdf3da3660c,0f98939ac68105bb
13-05-2026 18:21:01,ccw1gTpPZZ5sI4P2u6rm,5180a85f-e18d-4a26-a164-26d0f8c41be5,True,5afe6ceac06784f5,d57d393b16ba030e
23-05-2026 08:15:44,Ov5rp2BYH44S0cX1BjVA,dbf4c9af-3a18-472d-8acc-d3b19c2aec2f,False,e9da39984fb29dc6,923d0315f3ae2bb3
28-05-2026 04:56:59,qWlTsvFqmi9yLyO0Qx5D,cd6e9f90-606e-4350-8844-978a7c7d3260,False,9d16533a62ab9315,b572bc65fae8bec1
16-05-2026 16:28:21,R3rAvso37jG8rBwgOFWS,8a2e54e9-3638-4d6b-b101-f020510894dd,True,64a94f9052422a0c,c31244cee16e0c77
28-05-2026 03:38:49,srmSAWTw0hKSAZhxF3v6,111d93aa-5733-4cd4-8f56-1dfdd3b0315f,False,de2dde23040292bc,75778bdb64d1008e
11-05-2026 15:21:59,3Ue1YITJe6BDAjRH9TqV,29e60be1-a3d3-4470-9ead-d71a687f87ce,False,c7f34dc43387f858,0f98939ac68105bb
07-05-2026 12:27:42,Jqy9nlQ8lO96dYNFTHsE,4266cb49-a7ff-4ce4-b463-4caa1457f8af,True,6588d11c4a11acb1,b572bc65fae8bec1
19-05-2026 00:19:11,LVYDfap2aAlCvhhZStdw,57070f64-7b52-4823-93bb-6b64313cd3aa,True,430f674c6dfe941a,f7af4712fd6b9108
03-05-2026 22:42:29,XiGs1OA2smWOMWQG7Dgb,3ac1963d-384e-47b2-ada0-32924a641055,False,574582321d04df00,f879804e4456e5d4
01-05-2026 11:03:18,hUKyylFgnNe1n1NgXQfw,88959fb1-f38c-4f6b-8a8e-087af75911d4,True,f7af4712fd6b9108,1b1cc9cee9f27003
11-05-2026 22:57:54,84kbTnaq0w2ocUbQECy9,ff393115-e235-4d05-b818-357f04d0a264,True,72bd2672c948d2cb,8e2e127651e9cbde
23-05-2026 13:00:36,EhZDnFEyA9N3pCFqyUDr,fdd34874-843b-4870-9754-871881b46207,True,42d576864f9952c7,d632e4ce536ec364
06-05-2026 07:42:29,Pygk1R1VkibUK4xWhUW7,ed18b16e-5ee4-4e75-8686-1b714e120107,True,e8c9832b5c388bb5,3bd002cf1fcfa789
03-05-2026 07:09:46,c2E6ROxye7OZ2scsyrU0,5328b213-6e6b-4a53-951c-29fb66e19103,True,b572bc65fae8bec1,19a558ecc36977ce
13-05-2026 22:32:36,hr2vnKPBBol6aJr3tYU0,71118a95-8211-4f80-b0a9-f58845c31e08,True,19a558ecc36977ce,8dc02e5c153f83a3
23-05-2026 12:39:02,5KZRgqJKfLgqAkcGM0xt,73ff6b22-858e-4efc-bd78-72dba0d5bc7a,True,cbf338d836298cb7,c6a2d85265d19a41
03-05-2026 08:34:25,bslSU3eWXrEepOIaLTNv,4cfe77c8-0121-4110-b294-9c044a23ee5d,True,55b620d8c0ab41e0,bc74204126e384ca
15-05-2026 19:12:48,KeKiMtyNmhIgNbe0kgbD,c7852b8c-6885-445e-9e6d-1fc8431f6ce7,True,f7c6682ad24d37f8,72bd2672c948d2cb
11-05-2026 04:00:47,I9bHJeIWICxsPw6MUc99,5489a7f6-a40e-498a-9fed-9cd4d0016488,True,72bd2672c948d2cb,64a94f9052422a0c
27-05-2026 22:36:32,kVGFpwLfA5BH4eWTVwiz,726279fd-6d85-463f-9d96-7569cb53fbf9,False,923d0315f3ae2bb3,53c682ded6545e06
01-05-2026 10:22:57,jPEFxCEG9kuhvYSmxkWt,e267681e-e42c-4fc4-8b26-0950c650a4eb,True,91d55d217a2af234,13db178cd9a1e37a
02-05-2026 00:08:54,HaIREw6rKFPxDKhEmfuM,12fdb2f0-c6ae-43b4-9ca2-f42e5847b101,False,2a339e8954684016,d5eb4d757b335d0e
12-05-2026 16:10:44,YU32wyEZjVWdtmp0n9sJ,2f928721-e2f7-45c5-b22f-fa0997c0c5b0,True,b8e78b83a62a0cb7,72ba4e2f87adceb5
12-05-2026 10:00:43,TCXsXu03U0F0u5xFnuHb,3b4f3252-900d-4514-a7c7-8d047463f091,True,f879804e4456e5d4,b572bc65fae8bec1
18-05-2026 02:49:24,XcViuxGoA11Q8hVMK92J,d50eec5c-6a3f-4d69-b8be-f4e8fd2697ed,True,57e17fffc619e182,42ac1a2bf982f79c
15-05-2026 03:52:44,fsG3YCFzjcijkuQiwhxo,c91ac20d-e832-4f3f-891a-6b4ac865cacc,True,63d3511e9e857901,fb188f553674b4c4
03-05-2026 02:50:36,2kWJXRn1PAeLdgtfV52j,7d0d0164-b21e-46b5-be33-eabbb230752b,True,bb80f878cef35322,42d576864f9952c7
02-05-2026 19:45:24,sTgyoKh4HKSZIYzZDCZR,88b6da54-4f6b-4ed5-ae43-1878e88e8216,True,d0825fdf3da3660c,5afe6ceac06784f5
26-05-2026 09:47:59,kEfOUGI9RmDsSxw7kVcg,3317f039-1b37-4261-8ffa-fce7a64a3955,True,a2fd30e5fa49ad53,72bd2672c948d2cb
18-05-2026 14:58:29,trM6VTYSEixdpuBh5FSY,91b3aa95-633c-4111-8b17-71c2b9c6a744,True,5a7b6516c51a4d4e,923d0315f3ae2bb3
11-05-2026 10:17:29,HDIuUV2WUPX28wgkVzIq,9119ca75-b13d-4cc5-ab41-5a585f99a0b7,True,8f8c45c33ff51d0e,cb207a93391638cb
16-05-2026 08:07:22,IVWSmmc8U33u5SW5SFAU,53b89bbc-616d-4dc0-b0a3-cf843b67b49a,True,13db178cd9a1e37a,75778bdb64d1008e
03-05-2026 13:59:15,2N3xvw9BtcdvPfVvvvJZ,fff06dd6-8790-483b-a324-4c33028c6832,True,91d55d217a2af234,552b8d6c350cb13c
07-05-2026 11:58:53,WkzHbdJeQMrxcxfsNOeh,b58b05a5-5a32-48e7-8314-55edea20f3fb,True,3bc1bf7fb69f3ba3,6214b1b462c04096
05-05-2026 07:54:53,8Eu39VmsLyqE9TrjEYzp,9248a547-31a0-4fc1-b418-ccb34fb96e98,True,57e17fffc619e182,102edb38b5ec347f
08-05-2026 12:07:30,kZsX7NFGhMprfjwIvdRu,8a5fbb57-61b4-4e83-b84b-a24554d5be05,True,6588d11c4a11acb1,cbf338d836298cb7
12-05-2026 08:22:25,qCJ5cr1txYUuHOip2zBC,2ea80903-191f-4ace-89f0-0c1cf51739ff,True,5311a0642c2564ad,75778bdb64d1008e
08-05-2026 13:26:22,ZsSkwQ58oVR3CXxLewcs,0b159c5c-92d0-4958-b76a-ba8c00c65f9f,True,3b1338c1207d1e2e,2f2bd7547d602b7a
07-05-2026 10:06:13,HvypDYUsZbNiJ9OBrP4O,8de07101-36d1-4e6c-b23f-d91fa3414ffd,True,a8c47673d6a4f85c,b572bc65fae8bec1
03-05-2026 09:14:25,0czjokBhooxOO24VaqWD,462285b5-387f-42fe-9b7d-40a15b825600,True,c31244cee16e0c77,e7eb35b501d57e1f
22-05-2026 12:16:10,oTxSxml1fZV4ZkxFf27B,d01e97e7-bb7a-4ebd-920c-27aa6dd1f68f,True,55b620d8c0ab41e0,cbf338d836298cb7
30-05-2026 11:24:02,bHhJzTxNKfnQZP3pFgNP,179f28b5-e484-4d99-b316-7be40071e036,True,06961ead71f8b1d8,da211edc7bac01a0
12-05-2026 16:34:14,d0Cz9uYRJaNWnaCyepVO,e00d5fdb-1cc1-4bf7-a059-ec82ea7228fb,True,5afe6ceac06784f5,517fc5ca69b652a5
09-05-2026 15:53:58,eReo0DKminF411faDGKI,de2be150-1f79-4439-ba60-830de5c955fc,True,7182af742e04dc6d,cbf338d836298cb7
01-05-2026 17:02:41,vPALf6jPuerGREpakZP3,97ddfef6-1d38-4566-b0db-e1b43e322e1d,True,5e1de20fecf98844,fb188f553674b4c4
22-05-2026 21:07:52,8WE5ypEwFicbOgOvmsfz,1760c518-ebd1-425e-adc8-e7bc3c728444,True,b8e78b83a62a0cb7,556be8558ce56421
16-05-2026 10:39:01,2CkOeeH9aq1juv5J5f3a,8abadb82-b184-4d05-a0e9-4038d0b663e3,True,e7eb35b501d57e1f,102edb38b5ec347f
24-05-2026 23:04:54,nbuWggGOa1EHw3zPpRpv,92a488f7-e40f-4728-8a11-afaf7d7a264c,False,1bd749deaf799034,c9ab51cba10ae1e9
08-05-2026 17:54:24,63r4QPiUbonDZJ5GlpCV,3b9df9df-a5d7-4c12-9192-842f8d02de44,False,2f2bd7547d602b7a,5311a0642c2564ad
24-05-2026 23:26:55,0MyD1jokt0QFoZbM7hur,6dc634d6-ef5b-4522-b650-b9357acac2b1,True,19a558ecc36977ce,57e7d972b508815d
24-05-2026 05:22:11,7eoQFeeFfrNH2GwDummU,b92c7522-7c0f-4a39-b822-f86ac345a069,True,cb207a93391638cb,131c7dd8f3ab4b35
07-05-2026 09:56:06,Ck4GPMiuVRxihoL6h3iv,7b7b91b6-8cf9-4f4b-a954-5fd4575258cd,False,06961ead71f8b1d8,39a54d73a921b9f6
08-05-2026 04:43:54,d98MfDl0oKWumz17QsJO,e398f38d-8237-4e13-b10a-376b85347f1a,True,72ba4e2f87adceb5,72ba4e2f87adceb5
11-05-2026 11:32:46,Vrke0gUr5O2D6Yurgq0n,d461692f-8a8f-4cea-86ee-a561522ffc4d,True,7f281c8dbac1f799,234da97fe615c6b7
26-05-2026 16:34:18,qe54P4VnJt41rVKhVGjL,3c42f511-87c6-477a-8f06-442a7c650ad0,True,bbbe498ee44f6349,1791998ac3161359
10-05-2026 06:35:11,5qK5lHt6mrzCTsn6EeYU,283dc9a2-6224-4f43-af92-cf1ce3a708c9,True,ce246387dd078174,c51d4eb54f89fec8
25-05-2026 05:53:11,ukwgcDwTmMWzSrjmXimm,ba2829ba-2d1b-4f9c-997b-e77afd674d03,False,de2dde23040292bc,9d16533a62ab9315
30-05-2026 11:32:35,TSwhCOaLXtwAbVon7yxs,0ceccfa1-4b3f-47d3-8abe-790f8f4ecb68,True,a8c47673d6a4f85c,95744df47936b8c4
16-05-2026 04:09:27,RISe1ApdPBoJzqyilWrl,af46a001-f148-4d34-b396-06444ae67f58,True,057c44d337463e07,330949523d665e3b
07-05-2026 05:00:27,IXpKff0IK4Z1fxxVQzzE,0831b6ec-e2f1-40ac-a33b-099b1be57611,False,867d47425e9cccc7,da211edc7bac01a0
26-05-2026 18:53:58,hRaFRyGUr4QbT4H9X3Q9,25e3043d-119f-4651-9920-70c42534ff8e,True,72bd2672c948d2cb,6214b1b462c04096
07-05-2026 21:19:33,02c1nzLSdHZxVBR3SbCA,cedc6425-0e45-43a5-ac2a-1e90915c16aa,True,91279a646f8ea6ac,bb4bb9fbcfcc16d1
13-05-2026 03:55:16,ndghtalwGoPeRUfN7rM9,ae2dd95b-c428-40c0-a077-2f2c7995b9ed,True,057c44d337463e07,daf96d2280390dec
29-05-2026 12:29:22,whMvrapguJctdEvg5ovZ,a61ccaf2-df0c-4494-85ec-3a54bafe5bf2,False,da211edc7bac01a0,9d789fd91804129f
11-05-2026 19:50:13,Lolc9rnkAMLnbFzX8SlZ,d6639f9e-24d7-4ed7-aec0-0b5747464253,False,91d55d217a2af234,18d281edb3671f44
14-05-2026 23:01:25,XHUyDpQdpm0LCOMroiDe,59b91d5c-ebc3-48a3-bf5d-34639227da2e,True,91d55d217a2af234,b30b0b43692b035b
06-05-2026 00:15:51,iSt6R83SxwJYa0yy2XuE,e6b286d1-0811-4ef7-88b3-fcf46591c9ca,True,bb4bb9fbcfcc16d1,c51d4eb54f89fec8
24-05-2026 04:50:46,iGDivH3Bo4z0LsgYMZJp,3a23bc16-a930-4122-abab-ada7b34a810d,True,867d47425e9cccc7,bbbe498ee44f6349
20-05-2026 16:05:36,uXQdplUM7pUAVvLCZCUg,4ef9cc43-34be-4721-bb54-e6e200b99c66,True,53c682ded6545e06,93279918e60ec274
06-05-2026 12:48:48,5cdLcr8ON7T9nEUnnDnw,89b05c4d-4a49-4b03-a1b3-fffce921b66a,True,2b95dd3cf28e7c18,93279918e60ec274
11-05-2026 10:03:08,AyL1rl6b2wjTjcBdUD2b,1de0f3cd-23a9-4b57-8d50-03e5e729988c,True,de2dde23040292bc,1bd749deaf799034
22-05-2026 02:54:33,VpL1Dmh46kAGX8xIC6sz,9e28f897-e444-4bdf-b969-2eb566a53b97,False,b572bc65fae8bec1,53c682ded6545e06
29-05-2026 07:41:36,kuBX85GJ1eN4EubqFjx8,98a039aa-1126-4a29-82bd-7ac50e336ed4,True,2618243a251bd83f,6f36a3307488809f
03-05-2026 08:53:36,Y7GsJvqUtWui5FLYP99c,caf48865-568f-47c3-a2c5-f66749a360c7,True,487b076a69a53671,06bf6a628379e030
11-05-2026 21:37:14,wfXGKGebA8jbsPp2FLUT,d29bb5a2-b139-4298-aaf4-6078e502f57d,True,7e8fb26408446272,330949523d665e3b
07-05-2026 14:11:36,9VsJvrs8XPTVtMxzRyin,efe3e79b-5b4b-4676-b072-a68b35e76d55,True,e9da39984fb29dc6,18d281edb3671f44
04-05-2026 13:05:56,w6EbZohwx16rAIPRmqxG,46ace114-1109-4e96-bc70-61545b639c23,True,5e1de20fecf98844,64a94f9052422a0c
19-05-2026 19:13:50,R9XaE91jVw0P1PyekyQl,79bfc829-50ba-43fc-8da7-c2d9ed6a599c,True,f7c6682ad24d37f8,a8c47673d6a4f85c
10-05-2026 06:24:33,5cwKasO7GTHgoLvDiVgd,0715d115-2149-41e7-af45-e4ae8fdfe474,False,f7c6682ad24d37f8,a8c47673d6a4f85c
08-05-2026 06:50:22,0w4tiujH9qPV6MdP5T4z,e80d700e-eda5-4323-b0db-d93715059571,True,487b076a69a53671,13db178cd9a1e37a
20-05-2026 21:13:40,ywTVZXqmU9Sst0KBg9DT,36ea5d22-2917-4660-a109-966d84be9e73,False,c51d4eb54f89fec8,06961ead71f8b1d8
16-05-2026 08:09:26,CDzPZ6ir9K3RP6FdYZSh,811b8e1c-2f79-4307-9a6e-dd8efefa7045,True,bc74204126e384ca,d632e4ce536ec364
26-05-2026 02:28:34,fvjpVN7QLzSfYF14puW2,fab066e5-0680-42c1-b6ef-d117b1efa972,False,91d55d217a2af234,72ba4e2f87adceb5
18-05-2026 02:57:28,NzZeidTYU3zPzyGSGJeu,07934415-8f51-4079-8df5-4639e6d9eaeb,True,42d576864f9952c7,153c202e3cfef4ba
17-05-2026 08:26:20,4LxiNs3BjAHUTXXWlPol,7cc0e507-84fe-471f-8f44-9bbf7165cf9e,True,2f2bd7547d602b7a,91279a646f8ea6ac
16-05-2026 18:51:36,ZORQPcBCozN6xf6fsD7w,0ca2ed6d-ad11-44f2-80ff-1d1e32aaeb09,False,ae7ec9246c4649bc,9d789fd91804129f
04-05-2026 11:32:57,U5ga3Ruh7P9dJe7REPnM,8a4147c7-5263-4b42-8c88-d2d14e8bd162,True,fb188f553674b4c4,1791998ac3161359
21-05-2026 08:31:42,ZPVtBVNbcHw67Weh38i9,f901ecb3-dcfd-451d-a121-6fc41e53315a,True,e7eb35b501d57e1f,bc74204126e384ca
17-05-2026 06:52:29,m676xyB1TstM2BkoU2vw,fac18aa3-09da-42e2-ae4d-b74f4251f21f,True,7e8fb26408446272,13db178cd9a1e37a
20-05-2026 01:08:15,6MI2edQuY4ry4GWnFFjd,625e1c72-6b09-4a01-afbf-2cc5454b68e7,True,19a558ecc36977ce,cbf338d836298cb7
29-05-2026 09:42:37,JT9AK9NdXQkf7j6pdLs5,fac8369a-3285-40e7-9f06-ffc5de7448e0,True,42d576864f9952c7,9d16533a62ab9315
27-05-2026 15:51:50,sf1a44R4nOVgrNf1tdvT,ebf11629-a529-4b6e-a28d-054c895ce2f9,False,42d576864f9952c7,330949523d665e3b
28-05-2026 10:10:15,q06n3mMf1VOjxYle9j8h,98b25f60-00a1-4c71-b1cb-8d85d3450a4c,True,cbf338d836298cb7,c0014ea2ee2fdaea
17-05-2026 09:57:36,DeIwcRVhsSbeV1OmWSer,df9b4094-5698-4350-a1f7-86d2d34c45c5,True,3bc1bf7fb69f3ba3,2b95dd3cf28e7c18
15-05-2026 08:44:12,JgYykluw9F16YtpGhOLl,a9eaab82-994d-4f9d-b190-fff0ab06f6e7,True,517fc5ca69b652a5,95744df47936b8c4
23-05-2026 00:53:25,P9lIn8DEyx5ahlc6OscH,82ae662c-8a97-446e-8a75-8a902dafc428,True,06bf6a628379e030,517fc5ca69b652a5
21-05-2026 23:30:55,Xc331UqMNHomRjQA99aa,90a5aed6-f45a-46c3-9a72-a18eae78320e,True,574582321d04df00,de2dde23040292bc
12-05-2026 12:03:42,tx9z99XHar5BCeSqU0pn,ffaf948f-442a-4898-9bf9-830f3e632082,False,574582321d04df00,1bd749deaf799034
08-05-2026 04:22:43,pIzLXQHbegA9E4lQKy83,5b572a90-694c-4c7e-88b5-44a610245bb2,True,3bd002cf1fcfa789,131c7dd8f3ab4b35
06-05-2026 08:44:35,E5wy42hVDnZsTPmunoMA,d75ba986-a0b1-474a-94ad-3fdf9e258bff,True,2b95dd3cf28e7c18,e8c9832b5c388bb5
27-05-2026 11:06:29,MYWRgDgu7WpUijER3tE1,e2513e8d-8b16-4ced-803a-2c9c26d852ca,True,8e2e127651e9cbde,3bc1bf7fb69f3ba3
07-05-2026 16:42:39,6fKzxyZmzVFBqqHy8INq,6c2658d5-50cc-4c9b-8a57-ae5b74cca04c,True,a8c47673d6a4f85c,487b076a69a53671
02-05-2026 23:59:01,VOakXoeYro332BeVqwVm,bae2af40-c583-4c7b-a9c9-5646c3cc7b47,False,cb207a93391638cb,bbbe498ee44f6349
10-05-2026 20:34:37,XjTYgB6U3dlkHqavm2Wb,38347b8c-ca77-42a7-90fb-d7702c0dbffb,True,c51d4eb54f89fec8,8e2e127651e9cbde
03-05-2026 11:58:20,ljDT4JSwJLBeadHPQ0U9,c4491435-cd5e-4140-af7c-307940c13e3b,False,3811390588367f0e,552b8d6c350cb13c
11-05-2026 10:31:25,6nUWcjykS6Fqe6qfimd9,2936ebe4-1d3f-4d3c-868d-d934675f4111,True,1b38ab967d98cc4e,153c202e3cfef4ba
23-05-2026 06:12:09,HlBJMk3dtk41cGtPbofX,cb2009d7-e9ad-45cc-b6fe-51097a808709,True,bbbe498ee44f6349,75778bdb64d1008e
30-05-2026 14:06:34,PRpRn4jDsuYpnTXIoP41,031398f8-17f0-4857-9133-eafd347a4590,True,53c682ded6545e06,75778bdb64d1008e
26-05-2026 08:55:36,4xjjOe0aenDjNbDlqybG,e8b2a919-ac7c-4be2-80f9-52b9df809386,False,c51d4eb54f89fec8,c837debb39dd1e68
04-05-2026 23:48:15,4ycjK01WYu105YdTiRCm,b98f4f66-b74c-4050-b1f2-2008a19e8668,True,9d789fd91804129f,e84878f982129128
21-05-2026 02:06:00,PMnHv295mCWLAqfGhUdd,6170f322-db80-4f7f-80c0-fc9e3b1b6803,False,a8c47673d6a4f85c,42ac1a2bf982f79c
27-05-2026 12:08:18,HckQxLdGiJbAnN0CS7QO,d2ea7c88-3f72-43fd-8030-9b513afa8f71,False,430f674c6dfe941a,8e2e127651e9cbde
29-05-2026 23:53:33,6hY67WKqr0QWZTOwmFtm,fab53e6d-cf35-496f-b43b-d4bad26121d4,True,330949523d665e3b,eb39e98aca20e7d3
08-05-2026 18:37:50,XY2OkNcfo3Tx8Cc6w4PJ,21d9d176-a6c2-4acc-a1d2-c3d21645213b,False,91279a646f8ea6ac,91279a646f8ea6ac
26-05-2026 02:04:13,jseoZHchDA1fxqgcuPzY,ee7e33bc-8c27-4d83-980d-e90825f83018,True,867d47425e9cccc7,95744df47936b8c4
08-05-2026 01:05:03,Su7sQva0LRlEpAQcPDD2,e2857a1e-4d61-437f-bd20-7cb30f8531e9,True,234da97fe615c6b7,55b620d8c0ab41e0
30-05-2026 05:23:34,h15a5SbYY9ApPyZElC1E,4d886136-682b-48bd-bc23-8546a88afc4a,False,55b620d8c0ab41e0,f879804e4456e5d4
23-05-2026 05:43:48,lYG3z0KslvGSFJrS5Rqy,6160ae53-1a64-4c31-9b18-522da58c403a,False,53c682ded6545e06,1791998ac3161359
02-05-2026 12:29:33,vkWS2GnZm11g6iNBDgcD,4741524f-9fd2-43c2-bdf4-a0dcebee32cd,False,63d3511e9e857901,8dc02e5c153f83a3
25-05-2026 00:37:02,hAf7mi5NUUozkiUJyXE3,b7d6d69d-4f31-4085-ba7a-4ffaa8e17cc6,True,42d576864f9952c7,42d576864f9952c7
29-05-2026 17:41:12,Hj9IUOmz9tjHnSrwVGeg,4bcdfb0a-0b1d-45c8-a829-50143840c787,True,91279a646f8ea6ac,fb188f553674b4c4
25-05-2026 17:09:31,bHtOB1t95kIwNfJRWvwm,ecab31f4-75d6-4fdb-8256-386049cc574d,True,514af2be7dc985d8,0f98939ac68105bb
24-05-2026 08:04:05,DmKsZ9MowDLtFEAB3dQ2,d0ef0d11-4354-4f7b-be64-0834d7db732b,True,8f8c45c33ff51d0e,55b620d8c0ab41e0
05-05-2026 09:06:03,0hRUkvaPPL4XNNvp0uO9,e98de193-08a6-41be-b2e6-10ba59394148,True,514af2be7dc985d8,1791998ac3161359
01-05-2026 06:33:25,Eiojy1Arg5YCDi3RCJl6,a68f0271-d5c3-4ada-a651-906b39248ebc,False,d0825fdf3da3660c,cbf338d836298cb7
26-05-2026 12:45:06,v34ho96i0JsIflMoObRP,732c4277-778e-4492-b96c-c9f2e171ede3,True,63d3511e9e857901,04964f8452901231
29-05-2026 18:15:23,WMy1ZStNmYUoON2sVKWh,8b5b7043-1708-4887-b4a0-429337edf52c,False,d5eb4d757b335d0e,c31244cee16e0c77
24-05-2026 08:04:16,9WeJSHWOF6u3DKrRrK4J,9708a325-adad-4ab9-abc3-2cbe85451190,False,389da1f3a7c1d8de,1791998ac3161359
22-05-2026 23:32:40,2MWCgOu4wXKLRntnzCdn,da0827c8-cb49-4de2-b3c8-a5c593169ba1,True,2b95dd3cf28e7c18,153c202e3cfef4ba
13-05-2026 20:30:36,FKHE9HtK7HRyl5ky3PgS,2b05e3e6-af24-4b1a-8742-32bfbd722e5b,True,bb4bb9fbcfcc16d1,72ba4e2f87adceb5
07-05-2026 18:43:35,uVQRHjERzWhBNZKoHNH8,26a2840d-43b4-49e1-9083-c8cced2103a1,True,2b95dd3cf28e7c18,bc74204126e384ca
24-05-2026 09:35:32,DkrZ2G6obubEBihlICEt,3ff730e7-7275-4407-879f-b0931fb8dad4,True,556be8558ce56421,17b4966e9be4d8d8
06-05-2026 01:44:06,RThmRvXODVwSLvacSB0v,7e2d658b-7c3e-45db-88df-5f7ca378b458,True,b30b0b43692b035b,bc74204126e384ca
23-05-2026 21:31:16,XZEVclB8yVlf74zlkduN,8ea68fb3-2cf9-49f3-9980-73a5d5635185,True,0f98939ac68105bb,42d576864f9952c7
20-05-2026 23:59:18,vSR2IEKjRSmvlGXOYvWH,5fdd329c-f64d-42e0-a39f-f56a54ec5584,True,24d6a87b0598b02e,17b4966e9be4d8d8
15-05-2026 13:04:14,zUvbuDSWhY350urKmxC9,41b21c0f-5d25-4822-8c78-e1d44205f576,False,1d3db575c4a79d75,9cbee3c1d7168837
11-05-2026 10:39:04,JHXSVAhf08PzUprbrXaf,f0a109e2-498e-4efd-b655-20846465241c,True,42d576864f9952c7,4c885efe7bde3ff4
07-05-2026 09:14:54,s1j5RUbMLV2tZq3hfQ3p,d5f8d906-ba82-4fd1-b494-b429d0fbe195,False,5a7b6516c51a4d4e,ae7ec9246c4649bc
23-05-2026 18:36:29,obUZn5Js4oHV3wpIulMb,8163b52b-23f7-4cf9-abb9-91937e1f3508,False,a2fd30e5fa49ad53,7d176c63414fcd05
03-05-2026 15:27:02,8wf9cWkYKZbgUtC8sBxi,ef6e99be-16a1-4632-8bbd-907d6f06f2b8,False,fb188f553674b4c4,cb207a93391638cb
15-05-2026 22:33:41,K39YFOjgxdA2w1j6Nth6,5d683e12-6133-4626-9326-97e5e6c3dc2f,True,e8c9832b5c388bb5,389da1f3a7c1d8de
01-05-2026 21:52:36,uFVUktzVdp7fyq4GrCWo,6fd2b041-0f8e-4608-bc7d-0b5cf29d1b88,True,d57d393b16ba030e,75778bdb64d1008e
09-05-2026 06:46:13,cJIbFUwwNzGMteO0txww,0131ba00-1bcc-483a-b851-1f1a5562bd26,True,6588d11c4a11acb1,e8c9832b5c388bb5
04-05-2026 10:31:06,V1hndrWmcRiNShSWp1OR,e4383222-5f57-45aa-830d-ddcb978b128a,True,d4389e820d4f82fa,1b38ab967d98cc4e
28-05-2026 17:27:57,TUqzI8VVSYsX5dgYKqa2,390ec1ba-03b4-464a-8cc7-12090801232a,False,7e8fb26408446272,9cbee3c1d7168837
12-05-2026 19:03:36,BhMgUTc6xB8gjqX5ygl9,c104516b-4b1d-452f-b9fd-c07ebbe9a3d1,True,d5eb4d757b335d0e,93279918e60ec274
19-05-2026 01:21:32,bvDZ5tGSURta7Chm511c,797fa97c-f4bd-45ec-b767-afb682c4171b,False,d5eb4d757b335d0e,5a7b6516c51a4d4e
17-05-2026 08:15:42,FORkmcaqbd3hvlbRlbxu,8c279c07-04db-427c-9dfd-cafe0d694d27,True,55b620d8c0ab41e0,91d55d217a2af234
10-05-2026 09:40:24,kSYvpkNFinqANCzvi4u9,d3bd2719-164b-4501-8380-a9c95327be3f,False,556be8558ce56421,e9da39984fb29dc6
17-05-2026 01:13:57,ERnuLId8BO6ibEg3dkdu,13c4b7b0-f6fd-44dd-936c-6c7a577cd682,True,574582321d04df00,8e2e127651e9cbde
13-05-2026 06:54:21,He2Vkr34xZ6AkSvEODZZ,89516bc3-63fc-4108-9603-973a0c24259a,False,6214b1b462c04096,72bd2672c948d2cb
02-05-2026 07:45:03,gQKo5Rhew18zpH0u1qD0,18bc278d-3e21-4fca-96f4-aa6b8adb7695,True,da211edc7bac01a0,5afe6ceac06784f5
18-05-2026 07:18:40,S0FlAVUuaamzuE4uiA5F,a01b69e1-9fc6-493b-b187-f69829297ba6,False,d0825fdf3da3660c,24d6a87b0598b02e
25-05-2026 01:09:54,yVjmwHIYI9dNGsA6ciCs,148fd5c2-b327-40f7-8807-4ceda7e26546,True,2a339e8954684016,72ba4e2f87adceb5
20-05-2026 09:00:03,kpu3lVd1oo7bGDjQZ1wo,1b586187-a000-43b0-8bb8-86ed96bf19ec,False,0e52f2934d8ce165,eb39e98aca20e7d3
04-05-2026 16:31:57,4io8YaAecUy9NiTXA7om,8f04c2d4-72b4-458f-bde9-4b41f666316d,True,1b38ab967d98cc4e,3bd002cf1fcfa789
08-05-2026 07:16:34,2QseVRHqCc5EbTvW6pwb,e3e100f2-f3aa-42f8-85ff-f46b818f1f52,False,c34c1310eab19c87,517fc5ca69b652a5
06-05-2026 06:25:59,O6YwVoctwRuTHC0tbg9n,540b0f09-fe2d-466d-a04f-9b8f1665b668,True,cb4c1290e91970dd,389da1f3a7c1d8de
25-05-2026 12:54:13,TtSJE0Idc5aKiTgGqys5,16b6cd14-3a44-4708-bd4a-36e9b146d34b,False,de2dde23040292bc,330949523d665e3b
26-05-2026 01:46:48,pApCdcwoC182axe1sNl7,297ff5d1-1afd-4f71-8a54-6bdf0fa1fb3b,True,bc74204126e384ca,18d281edb3671f44
27-05-2026 05:59:04,Zs1CEuxLHn1DG0OrifX0,88ff2651-4b64-496d-930b-0797aff34856,False,c34c1310eab19c87,9d16533a62ab9315
24-05-2026 10:52:51,9ZmqRPeFeM8yj4KQXRUT,2a49b41e-6ecf-4d2d-904c-fcda44d2f58b,True,1b1cc9cee9f27003,63d3511e9e857901
02-05-2026 07:54:03,iXSjwjMbNhOwzZmGuilK,b43b435c-7178-4650-9359-28709f6f5270,True,3c58290022ed11b1,7e8fb26408446272
20-05-2026 15:53:53,kH13SBfhvXdfqzvydmeh,5b7ccdb8-bd94-4cbd-a7ef-bd7007a21f06,False,389da1f3a7c1d8de,3811390588367f0e
11-05-2026 16:09:12,y1RGJssy7rGogZ2Lx4pe,0c53b9d8-dc61-4156-87b1-a394cca36d39,True,82a83fc853728306,c34c1310eab19c87
26-05-2026 02:34:36,Dfn9eSlYzc2E4F7vFYUi,6bba41e2-56d9-473d-8df6-d97d15f9b7ff,True,7182af742e04dc6d,42d576864f9952c7
19-05-2026 05:01:07,ssGRe3OqnCQnhJFngYc9,db3444c6-adaa-4055-8194-917cbf260ec7,True,d0825fdf3da3660c,8f8c45c33ff51d0e
04-05-2026 14:13:07,Pm2Y1ldVOBMFwDwaMmmH,b55b122f-9225-4bd3-a373-08fc2b43f49a,True,c85cdb0ef48d09c8,389da1f3a7c1d8de
11-05-2026 12:12:56,FvTqxpOzBgYPE6V7SSXs,61eb4a2b-4376-458e-be80-26b96a856daa,True,f879804e4456e5d4,3bc1bf7fb69f3ba3
09-05-2026 23:13:00,ZELO3Uivc6JVFfqlunPM,70f29f68-5b6b-4755-8a3d-4f3c9fbdd1e1,True,514af2be7dc985d8,72bd2672c948d2cb
07-05-2026 20:51:55,zHvI9f8gRnCaiNJPCSgX,20d8a3c3-9cba-4d0d-a0ea-75be2020011d,True,d5eb4d757b335d0e,1b38ab967d98cc4e
23-05-2026 16:56:27,BGEatWYqkBkVPPzewKdN,bc02aa1b-b3cd-4e48-89ac-08d615830f23,False,057c44d337463e07,bb4bb9fbcfcc16d1
06-05-2026 22:15:31,cC4N6QlpMmjRKnApwOry,ccb5b784-a3c1-48d4-ac8a-3ee34c979915,False,5afe6ceac06784f5,c34c1310eab19c87
12-05-2026 18:52:08,0xcaRRO2vD7haiUQsX3Z,429bbaae-b556-4f4a-8cd3-a1f5f31a691a,True,06bf6a628379e030,55b620d8c0ab41e0
04-05-2026 00:18:46,pNi7ym7T2IV2zyn0bKEf,0e5a2f10-df61-4370-88af-45021c3209ce,True,e7eb35b501d57e1f,552b8d6c350cb13c
12-05-2026 06:34:20,OoEMTu59HyMQ4B9dsUuU,00a6c0ba-4e96-49b4-801d-bcb2b8fffa11,True,1b38ab967d98cc4e,330949523d665e3b
20-05-2026 18:27:23,UDxJZ4enbyZlfYUUiOsy,b61c79d8-0e23-4fca-8d1f-182c9565e779,True,1bd749deaf799034,2b95dd3cf28e7c18
20-05-2026 11:15:32,ni8xKrNYB1DRqtjggiNn,a1ae90fa-ac13-4d74-a961-4166c6dcb942,True,cb4c1290e91970dd,2618243a251bd83f
01-05-2026 11:59:55,yOWx6TuH1VwfGtiTpsdO,e83f615a-f217-4533-9c19-12660f4dc8fa,True,0e52f2934d8ce165,6f36a3307488809f
18-05-2026 11:45:06,bdSirm57TPelhPOTOUqz,bb0a57f5-29a7-405a-a96d-c9acd8b8befb,True,3cc68b8049eb8d4c,d57d393b16ba030e
13-05-2026 02:25:35,t2sQ4X1kwGQOzC7IluYd,20f300b1-4658-404c-81e5-9114a7d39b9c,True,c34c1310eab19c87,91d55d217a2af234
03-05-2026 10:49:18,GLmjBSPRAeoI87bLhrmu,83717dc1-2f08-4f49-83cd-d933e18474af,True,9d789fd91804129f,19a558ecc36977ce
12-05-2026 07:36:31,a9o2kgdttKeVmAW3kOEo,3cdd1b40-e203-4a5c-bd93-4a8bb53c9c9a,True,514af2be7dc985d8,75778bdb64d1008e
24-05-2026 05:33:36,E9Q4x6sKQTYXlkBqwIpy,fe6fc029-0437-415c-979e-7d7836fcac07,False,c31244cee16e0c77,6f36a3307488809f
13-05-2026 04:28:24,pxC8Cjcw15tL4fZXALtj,22a92652-8f97-4c9e-bcf4-db53647cf8f3,False,c34c1310eab19c87,c837debb39dd1e68
02-05-2026 14:44:23,lhrEYcOnd6WQHZ6MQHa5,42bff4b6-26d8-4768-b7c5-3806babc80b2,False,552b8d6c350cb13c,95744df47936b8c4
04-05-2026 15:53:31,NVJ02wLNdEvuTzgQBTTF,3556601a-08b6-4848-87f4-ddd75271dd70,False,8e2e127651e9cbde,34cbefbc28798720
30-05-2026 17:15:16,BZeccysvyvoJdpGXCvDV,4c0e94df-8a99-4224-aac4-03301dce8dfe,False,2f2bd7547d602b7a,0e52f2934d8ce165
04-05-2026 10:26:38,qkewXgs3FocCyaRLsq9c,2ede419e-9936-40d4-a5d5-4916d22af09e,True,8e7f2987241c2818,1bd749deaf799034
20-05-2026 23:21:41,8fTlV6eRd1X7jTbbTysB,08a50168-3b51-4e4d-aa7d-de65b5d2adb2,True,7182af742e04dc6d,5e1de20fecf98844
17-05-2026 19:43:23,O30gBWNBQIzFLhh42eVm,d9bbc93c-b054-4e44-9fe7-9adca4e19d24,False,d4389e820d4f82fa,24d6a87b0598b02e
18-05-2026 00:08:17,3w7zaQLQu7aACxPvXrK1,36f5bdd4-e8c7-4abd-9be4-0d80f4ca45fe,True,c51d4eb54f89fec8,2f2bd7547d602b7a
08-05-2026 09:55:02,Uu1aIFa72RmObvQQWtmI,2e09ae87-6ad1-41f2-a245-bd26979d4bbd,True,42ac1a2bf982f79c,5afe6ceac06784f5
10-05-2026 02:53:54,o4uxXLgf7yzKNpTpTURq,d09578a1-c674-47a6-bdf3-5ad8060635e3,True,4c885efe7bde3ff4,e1bd0a847e7079be
14-05-2026 21:47:47,N3q5vUhEkVZ5BkJG7K44,47405640-3add-42ef-9d64-fe69480ce3bd,True,bb4bb9fbcfcc16d1,5afe6ceac06784f5
23-05-2026 02:49:56,q8xZIkIO3CgltkR8KeKz,7d41ded5-bde1-42b2-a9be-649f4416deb3,True,556be8558ce56421,1b38ab967d98cc4e
20-05-2026 06:29:29,ZfYLQj2lF51ZDACMCmY1,d88b0a70-2dfc-44ba-91b4-0d7a86ecf0e1,True,517fc5ca69b652a5,3811390588367f0e
27-05-2026 04:59:18,POO5TIoisEleJ2dbmY24,4a94760d-9123-48be-90d9-e2bf74dffb53,False,d632e4ce536ec364,7182af742e04dc6d
13-05-2026 04:09:02,fbj37FSdhGfoBjSVXune,9fb39d99-e7c3-4813-9137-abab15fab5f1,False,5311a0642c2564ad,7182af742e04dc6d
23-05-2026 09:15:25,yv8g29mwtsRqTzBO7vjU,514e5967-769e-4fa5-9af2-8310b29953df,True,de2dde23040292bc,82a83fc853728306
17-05-2026 11:26:29,JO4rcECx8Fa5IMrVzR0q,f3125cec-87e9-4147-9e77-562951fccff2,True,da211edc7bac01a0,2a339e8954684016
05-05-2026 20:16:24,BMC937lUtv4zODY8Lq1K,1b15ba02-4519-4c88-a4b7-5a540b10c0fd,False,6588d11c4a11acb1,57e7d972b508815d
26-05-2026 16:52:25,8n69DXGkbkepckZzvVns,6cbac6ad-c99c-41de-a26a-30a1d6b83526,False,eb39e98aca20e7d3,517fc5ca69b652a5
10-05-2026 20:04:33,MdGN4EcP9lwP77Rk16Z8,ff40e638-c810-40af-b991-2519eb10203b,True,72ba4e2f87adceb5,cb4c1290e91970dd
21-05-2026 06:56:45,TCijBAK4QjDZ198xGrE4,06e9148d-08e8-4665-ab1d-cbe4b8803705,True,6588d11c4a11acb1,3cc68b8049eb8d4c
06-05-2026 14:20:55,hDCJpdIgS5EiJqN5xXrQ,0d063c73-f0ac-41a6-85a2-386e1a0058d5,False,7e8fb26408446272,1d3db575c4a79d75
01-05-2026 19:44:22,ks9M3l4wI3qEi0IlNZ8r,59e183dd-05f4-408f-84a2-e34909ec30a3,True,91279a646f8ea6ac,57e17fffc619e182
11-05-2026 03:44:17,ZYoLD3dYQdIYNUDtDpRc,740ce084-f21d-4241-9d57-baea35943044,True,1d6285f5502cf1f8,de2dde23040292bc
01-05-2026 23:49:20,Civ32JrNHwR1FS584nkl,b441815e-239e-4902-b91a-2f5214eee9a5,True,8f8c45c33ff51d0e,c6a2d85265d19a41
29-05-2026 05:37:41,PFz3UysEt161yW5Ihfx8,47a38973-8549-46f7-9b78-12564e714b28,False,4c885efe7bde3ff4,72ba4e2f87adceb5
14-05-2026 19:03:37,y7IckMCDdZeQIRuvQkgO,cb8559e5-3445-479a-a8c8-023ee6968296,True,5e1de20fecf98844,bbbe498ee44f6349
24-05-2026 01:00:13,Z4Zgl6LJxVtfWuIv3UMP,c153fd7e-02b0-436b-a71d-0a43cec838a1,True,3811390588367f0e,3c58290022ed11b1
28-05-2026 09:35:27,3Q0tJNW8sW5dBQ8c8Via,caba40b9-b44d-4600-bfe3-d29fa53bec9e,True,42ac1a2bf982f79c,c837debb39dd1e68
13-05-2026 04:48:41,4Jmln33g48bEuK01edmP,08969766-d852-4e5c-9aa4-9fcb3db0c305,False,ae7ec9246c4649bc,2a339e8954684016
08-05-2026 13:10:07,XJd6y04eCsUzEqkyVExl,82d27719-1923-4a8c-8069-8ecdcaf107c2,True,1b1cc9cee9f27003,eb39e98aca20e7d3
24-05-2026 23:10:27,IDaRaNADLlsTO68Wy8wo,53e9367a-819d-4601-930d-c4f7cb5d8a9c,True,bb80f878cef35322,3c58290022ed11b1
23-05-2026 02:35:31,s5RDF9F6hEJgeWdZXVyu,d175cf98-ac62-488a-937d-3850d808b614,False,c837debb39dd1e68,487b076a69a53671
28-05-2026 20:02:14,6xmpZlkoODBNJ23S3XL0,f40c69c2-57f9-449b-8897-e70832d83743,True,517fc5ca69b652a5,556be8558ce56421
29-05-2026 11:39:28,YyIzwLF0jBgxou2irMfd,37f209b7-41bf-4734-a490-53130bec2ded,False,d632e4ce536ec364,c0014ea2ee2fdaea
15-05-2026 15:51:14,xZangzmX4EpLq3oYcU3K,b16cd058-2e84-4192-9d61-918eca48dabf,True,42ac1a2bf982f79c,c34c1310eab19c87
07-05-2026 18:38:00,eO7mQSsfjIzf68Xenkol,9036529c-4162-4ab4-9011-374a7e6e9498,True,3db4e6efff8b7518,b572bc65fae8bec1
19-05-2026 15:41:38,RXkB8L2yN71Fpx45hhfe,abfb0abf-80dc-4d7b-963e-01161f61a89b,True,574582321d04df00,f7c6682ad24d37f8
14-05-2026 14:57:00,6KkvSQUSKvkwnP5RmwGo,7d524422-6a39-48fd-baa6-124cb7bb6afe,True,a2fd30e5fa49ad53,3993ad7e2565b6b0
01-05-2026 05:05:38,Isw2hAPWwhvcurA8Gd28,95f0cd9d-73e7-4355-97e8-987ab203ed22,True,517fc5ca69b652a5,64a94f9052422a0c
09-05-2026 06:34:52,v2ldj2303ZM8NzeypYNw,da2d3457-91e2-40f9-9a11-1dd161b7c71d,False,c34c1310eab19c87,34cbefbc28798720
11-05-2026 01:21:58,DUloOhCO4HFzbEdNdHVH,5ef0a40d-cf85-48d4-b86a-5969be2aceed,True,5afe6ceac06784f5,3bd002cf1fcfa789
28-05-2026 14:19:33,KR0lnFZKgErmGOgazAtv,2aba7bda-a712-4b43-9640-415b1f236fdf,True,8f8c45c33ff51d0e,7f281c8dbac1f799
23-05-2026 20:29:57,rwCUDNdVcTHB1x6kfmnw,4ef78b88-e3ff-4d21-a407-68b4af3254a8,True,d5eb4d757b335d0e,389da1f3a7c1d8de
21-05-2026 13:05:59,Rht2BlCKloDIejYmEfuq,348a9c3d-3724-4e80-88ff-7fbae73df664,True,fb188f553674b4c4,7d176c63414fcd05
17-05-2026 12:25:14,9LYwGgIqFD3IKDR7qMsD,3d2b354d-e7cc-4693-be7a-3a12b8786cc3,True,42ac1a2bf982f79c,d632e4ce536ec364
26-05-2026 22:19:01,665XiEd4mCwUiOOivTlw,6b946d38-79e9-4ea4-bc11-40d3e5361bd5,True,cbf338d836298cb7,c9ab51cba10ae1e9
29-05-2026 01:19:54,PMsomsjd0cb6VQYSr5dh,bce4e545-cf53-48e5-8031-f4549b63cd63,False,2f2bd7547d602b7a,8e7f2987241c2818
13-05-2026 01:02:32,knUCxexzuew0bNpz41pH,a0ae18f5-2870-49c6-bd9d-f9eb20f336a0,True,ae7ec9246c4649bc,9cbee3c1d7168837
23-05-2026 16:03:21,v1LJQ6zEXbokOHF7tbub,0c3082cd-0b35-4cca-b9a2-8b026c023a64,True,c837debb39dd1e68,5311a0642c2564ad
08-05-2026 01:44:24,X1D4pDljmupDQEI2WkdH,a57a705f-013d-4bd3-9f58-0d9a1204e513,True,eb39e98aca20e7d3,72ba4e2f87adceb5
23-05-2026 23:45:17,s1ssO5u2UikHWu9JCBMV,e4cecc49-49d1-4f05-89cb-0ef4e607ef68,True,7e8fb26408446272,102edb38b5ec347f
10-05-2026 06:50:05,F4QVnomIBftwuV177Wgs,62b6d62f-a222-4bb5-8813-64568b59b881,True,24d6a87b0598b02e,8e7f2987241c2818
11-05-2026 02:31:38,yGCySPounkmMtGOsMTiP,fbd88f3b-4e91-4e03-a8aa-d6f139a9a771,False,552b8d6c350cb13c,3b1338c1207d1e2e
26-05-2026 20:06:23,8AtL9zpLz492WxChMJYL,3162b6b3-8edd-413f-8459-c86180dbd99f,True,487b076a69a53671,82a83fc853728306
05-05-2026 18:53:14,22LIjAwH8gkKyyMj7Shf,88332246-24f2-4892-aacf-3c7c7d266e8c,False,2f2bd7547d602b7a,06bf6a628379e030
13-05-2026 10:04:16,bnvlN3RutfJnOSGlGdYH,3bdb0e84-c9ad-47fd-b201-afbee6c03af7,True,867d47425e9cccc7,e8c9832b5c388bb5
06-05-2026 20:09:22,6Q4UDIRnb2SOs9cHgg5e,cd7cddad-5f71-454a-9667-98b9bf01311d,True,7182af742e04dc6d,39a54d73a921b9f6
09-05-2026 17:11:43,xBS4anrPk8jJazKGPNDt,5252396e-4598-488a-b60c-6cf4d8dc7ad7,False,de2dde23040292bc,42d576864f9952c7
08-05-2026 08:40:05,wa0mpMC5YMvujg0Zet8s,11be1b6a-898f-4855-be37-13370e1dc657,False,9d16533a62ab9315,b8e78b83a62a0cb7
24-05-2026 21:20:38,xyY1LHUFyqKElH61wmLB,7f46203a-f97d-41c8-9aa8-be63dc55743a,True,556be8558ce56421,b8e78b83a62a0cb7
03-05-2026 22:24:11,pAoR7yAOvis7rMM6tKQK,68374907-4b7b-4c02-bbac-0d3cfc5fb846,True,a2fd30e5fa49ad53,53c682ded6545e06
30-05-2026 00:54:50,VYBMo8LeSKaI9rs0OAks,57ed9e1e-1fd3-48f1-b759-193999ab55e9,True,e8c9832b5c388bb5,3cc68b8049eb8d4c
11-05-2026 00:47:45,9G2cNmPyrncJ8z6lpDNb,8626f514-41a0-42a1-ba20-d497ee3fc38a,True,131c7dd8f3ab4b35,57e7d972b508815d
11-05-2026 17:31:13,6GEm1Ouz6MrHLXUxuhfU,60da920d-7fce-43f3-924c-41004f6948bd,True,4c885efe7bde3ff4,5e1de20fecf98844
29-05-2026 05:46:55,GOhlSzoGaGSRuyP0VzLc,db2be600-d23c-4d5b-9f4d-d405ba3fde47,True,24d6a87b0598b02e,0e52f2934d8ce165
22-05-2026 01:48:30,M5EhdyF0FurWEv1WdpOX,c52faef7-3eec-48d4-8e0a-655c041f13ca,True,a2fd30e5fa49ad53,a8c47673d6a4f85c
08-05-2026 21:16:15,vccHkMfjoc4LpppoMlon,df35b952-bb99-4fdf-94ec-4aba04db6823,False,ae7ec9246c4649bc,f879804e4456e5d4
21-05-2026 08:07:15,vvD4LjjXuQi4crSrCmlg,a942bc3c-9b32-4a4e-822d-b941b48dd9cf,False,514af2be7dc985d8,b8e78b83a62a0cb7
17-05-2026 01:10:45,wpBismgMPccoGf0CXZNG,2dd6f6e5-2d5f-4187-ba2d-365513c6584a,False,f7af4712fd6b9108,234da97fe615c6b7
29-05-2026 22:13:09,efBbZg6S51TrqB0VBLib,e91f99e2-107f-411a-b3b6-cdd0ea0c2cbf,True,42d576864f9952c7,53c682ded6545e06
08-05-2026 04:48:27,mCM35UWk3HTYokDKpnef,6fc4f4f8-b41d-4e59-bb62-17df203f81d5,True,1b38ab967d98cc4e,d632e4ce536ec364
11-05-2026 14:13:36,CfMt8bZoZBVscVH01HR4,96cf7033-a361-477d-bdb4-8eec519e9357,True,63d3511e9e857901,bb4bb9fbcfcc16d1
24-05-2026 21:32:15,QFcABkhvLClMjccoZ5Xz,fcb8220b-c842-4138-8175-ba455c83a7a5,False,7e8fb26408446272,923d0315f3ae2bb3
15-05-2026 05:02:22,ozvsG81IzdyoCKdx5vqP,0876adbb-7072-40ae-af7f-f8a10d5dca23,False,04964f8452901231,04964f8452901231
11-05-2026 18:02:31,qZp1Jflrp2lwjT3XYNWE,7a8f77f7-5d62-4ac5-a017-9c5b755e1c2e,True,d5eb4d757b335d0e,514af2be7dc985d8
04-05-2026 19:22:08,E4fONTg47wMJukj4x7HJ,61372ba1-53b3-4cc7-bff8-ce02e645132e,False,39a54d73a921b9f6,b8e78b83a62a0cb7
21-05-2026 20:22:32,4HaPGqHRkOxAJl5NQKvn,908426d6-ef04-4ae7-a0fa-0103339d8444,True,e8c9832b5c388bb5,91279a646f8ea6ac
04-05-2026 21:12:39,IncUmpqb86bvYWwhHZIV,fc963c48-ea27-43e8-b780-d6c7dd4d21a9,True,55b620d8c0ab41e0,8e2e127651e9cbde
27-05-2026 04:50:13,fnfFgw3YHd8lUpRQ3Kt0,10235684-bbac-4e28-b07b-c9791fd26378,True,75778bdb64d1008e,24d6a87b0598b02e
27-05-2026 10:07:06,MLAifqUxoaC8sd2rZkoF,f9224fab-8364-43e4-9962-7859c1c81440,True,95744df47936b8c4,9cbee3c1d7168837
18-05-2026 23:02:50,yGb0MHl2gKKpFvuCVjmY,7eb39397-7bac-46c3-9562-e97711d070b2,False,fb188f553674b4c4,6214b1b462c04096
11-05-2026 11:30:23,E7UsyOJx6B8GGXtRV1cN,5b63b2b1-417c-421a-a455-acc19f1961c1,True,f7c6682ad24d37f8,9d16533a62ab9315
29-05-2026 01:04:02,6M0a1d7TywrIchVeCOaI,b6b3b2e3-f27c-4280-996a-63301f6e970a,False,13db178cd9a1e37a,bb4bb9fbcfcc16d1
20-05-2026 14:32:53,lyMzX4ZDoF5ep0WcGrms,5fac3585-25b8-475e-b5fc-b38629c9ee5d,True,b572bc65fae8bec1,6f36a3307488809f
12-05-2026 16:51:54,MDxELb3AGNWqjM2sCfNZ,4d7cfa4c-a9e9-4d34-adbf-d5ac5851f2c9,True,53c682ded6545e06,bb80f878cef35322
06-05-2026 20:16:26,H6glNQaQezffmqPf4xZx,279a0a68-f647-46fe-b273-00a771e4bf09,False,1d3db575c4a79d75,8e2e127651e9cbde
13-05-2026 07:48:06,MyPekXexfoeo2ykzuNmJ,40a54367-c51a-47cc-b0b5-0ec3a5c958ad,True,da211edc7bac01a0,3bc1bf7fb69f3ba3
06-05-2026 21:14:59,U9M2muifhZ8hdHVAvZYO,f899c784-2596-476d-98a0-9d8ac71c4acc,True,ae7ec9246c4649bc,2a339e8954684016
06-05-2026 12:47:02,UNOxb8TxlFfCP3M1Ii1N,bea6dd86-9648-4107-b94d-8487686171a3,True,57e7d972b508815d,64a94f9052422a0c
26-05-2026 15:15:25,ss5SWcYnurlB1BEN3H3F,edffc64b-ff81-469c-8792-9edb4d2fb512,False,102edb38b5ec347f,e1bd0a847e7079be
21-05-2026 18:44:30,2VUN7xkzGfVPFwTxkRZ2,4ab9a0d6-4cd1-4b32-9e99-a0a006e90cda,True,487b076a69a53671,93279918e60ec274
28-05-2026 16:54:17,uMfLxkig1CS4PPeNFePq,4e5c8998-acfc-445f-aeb6-59a7ec7b9096,True,d632e4ce536ec364,c9ab51cba10ae1e9
10-05-2026 03:24:30,A9DtXYPjJAHbDWJaZ3gx,efab6299-c454-45e7-b686-fc8b2eab7fe5,True,55b620d8c0ab41e0,42d576864f9952c7
05-05-2026 20:01:26,l9k4z1cF3KF9lLGwlkcM,b7bdbc03-ffef-4026-aaa8-bfb4a18066e3,False,057c44d337463e07,57e7d972b508815d
09-05-2026 21:02:37,388ps54GQml4j4v3DpXP,5459585a-42c1-4a70-8604-e698846ddd13,True,82a83fc853728306,c34c1310eab19c87
17-05-2026 07:44:18,eCJ1PaPlhJ29yMb9zLCv,843d992d-d962-4724-9c25-2ced58515dbc,False,f7af4712fd6b9108,f7af4712fd6b9108
01-05-2026 06:17:53,Ey92xeVEYUiOIhvLe754,f0843298-ebc9-47ff-b01c-ef970a2c48b2,True,f7c6682ad24d37f8,c6a2d85265d19a41
18-05-2026 17:20:15,0iXlMuRMj4VzU2WEDFda,4ecd5f2d-e331-4427-a1e5-e3a99df82702,True,63d3511e9e857901,1d6285f5502cf1f8
21-05-2026 23:22:10,Xi1kc8TStm4ABSYgyy6j,3d90e817-d739-4349-981a-e0f897755a63,True,153c202e3cfef4ba,b572bc65fae8bec1
21-05-2026 17:12:44,MFYV5uHpyTYjhDDCqRtW,6e94123e-0b68-4405-aaa6-a236b3f8f1e1,True,5a7b6516c51a4d4e,13db178cd9a1e37a
14-05-2026 01:30:00,HLeRFAQN7ZPAz4u8uQJG,a1ceb94e-d053-4bba-9512-c8cda8482418,False,1d6285f5502cf1f8,d632e4ce536ec364
05-05-2026 05:21:55,SkkSDp8PQrToaxP5ZBtI,6f24174c-757a-4490-a5eb-2114df584e9b,True,b8e78b83a62a0cb7,34cbefbc28798720
27-05-2026 01:53:17,5UMmCtbrGRwf7f7aQ4M9,33cb54eb-0b5b-48cd-a834-6a9c70e4237a,True,daf96d2280390dec,17b4966e9be4d8d8
14-05-2026 07:14:15,pUEl0mFNUNupwU2JfAAC,6e228cf4-73eb-408c-8b48-adcfe0c014d6,True,d57d393b16ba030e,42ac1a2bf982f79c
28-05-2026 09:13:03,XStd5Qq8lSKWTnUJXBur,3dc38484-4fd5-4ff7-bc23-d2405436b827,False,d632e4ce536ec364,1d3db575c4a79d75
23-05-2026 20:01:36,BxZhceoFFppQorfoJhwR,8ed78974-c3d9-4b8f-a910-81673e283910,True,04964f8452901231,552b8d6c350cb13c
17-05-2026 05:05:43,hAZ2qX5yoewPrrpwiTRi,1fc92589-3868-41a7-9005-aaf586fe196c,False,552b8d6c350cb13c,3db4e6efff8b7518
09-05-2026 15:40:54,6pSWyoXbYeegLkNw4BSY,f27d60f1-342c-44c6-b262-594d1045f99c,True,d4389e820d4f82fa,8f8c45c33ff51d0e
24-05-2026 13:24:54,reVsCcH1HA6Yjo6in3Co,e02fea97-0151-4ebf-ab51-ae3a55a0ac1e,True,2618243a251bd83f,c7f34dc43387f858
24-05-2026 16:13:17,ACVyyQZnoBV3B8CZVfR3,f6bcd267-bc54-4d0a-bd7e-35ab401c3095,True,1bd749deaf799034,57e17fffc619e182
22-05-2026 11:56:51,pdUc2gTpJ7C9OWZ25Pci,042746e3-c6f0-4712-9158-aee9ef496b94,True,3c58290022ed11b1,91279a646f8ea6ac
15-05-2026 13:06:19,o88Bo6SrwxSvN3BqHUJe,ba58f21a-932c-41b9-99e4-6bce130bf7d1,False,17b4966e9be4d8d8,64a94f9052422a0c
11-05-2026 08:10:47,qzMQmm4oEGFvS7qqofv7,db9d7010-ed2f-43b5-805e-5f36ef1a73f6,True,b30b0b43692b035b,574582321d04df00
20-05-2026 20:18:18,v6jkzuM1iTZAVacEDb69,5f386d73-8133-4267-b1cb-2b58a5b91930,True,d4389e820d4f82fa,c51d4eb54f89fec8
28-05-2026 05:26:42,1cHJAa5mswsdLWXzwQfj,3e6ae823-82a0-4b10-b18c-48cbda8e68a3,False,d632e4ce536ec364,552b8d6c350cb13c
19-05-2026 06:15:24,Zi1Waat73HinI9rDSqeP,a7b7b649-d90f-4285-9907-b74a9eb1e588,True,0f98939ac68105bb,91d55d217a2af234
25-05-2026 14:02:09,iuDIp5V4WTgP9ADWU0dw,b67e8279-69d2-453e-a81c-2dc0deec65b3,False,556be8558ce56421,13db178cd9a1e37a
25-05-2026 04:16:59,d7hfAlXQP3n4jRCeRGQ7,ce0ac99d-8fdd-4ece-8e93-de1aec78634c,False,e84878f982129128,06961ead71f8b1d8
05-05-2026 14:26:47,oEa8kwDoemrgc898PHBF,a09cd3a6-2557-41dd-a986-8aa4cb3db804,True,c0014ea2ee2fdaea,430f674c6dfe941a
12-05-2026 03:20:15,bA1VkrXcI0caLfvoAXby,3c97f9ea-617a-4193-8c65-8ea33a040469,False,2f2bd7547d602b7a,7e8fb26408446272
24-05-2026 03:57:41,0DUKWoZfbaJrz07UGCVQ,6d1e7a11-ca35-4937-a0a9-69170c9f159b,True,ec75a53f04901eec,5e1de20fecf98844
12-05-2026 13:38:26,QKEPWgPLl1B5qIAeeBBA,5bc8d226-c452-4076-abd1-bb6c28a2aa47,True,8dc02e5c153f83a3,389da1f3a7c1d8de
26-05-2026 01:20:32,JHe2zAdGJj83S5Yo9i5g,4d8c1eec-ac77-4908-811d-4c6e1d5e9565,True,e1bd0a847e7079be,2618243a251bd83f
04-05-2026 15:11:53,HQsHCK0WLsOBmaCCkRjt,dc583440-ad7c-4523-b0a8-6aed9902fd81,False,72bd2672c948d2cb,8f8c45c33ff51d0e
21-05-2026 02:07:25,M7gbpAkKMsJ7BVpajISp,901705d8-b003-4b30-b48f-da23c378b2ac,False,91279a646f8ea6ac,c85cdb0ef48d09c8
21-05-2026 08:14:13,0yuEpxtsv7QmXD0fWy1B,12842475-9286-401b-ad4a-dc394aad0a3c,False,487b076a69a53671,5afe6ceac06784f5
07-05-2026 12:51:08,uc7WaEDcMoUwxiF340T5,cdeea2a8-3812-44cf-9bfb-7d7fecb5ca8f,True,55b620d8c0ab41e0,552b8d6c350cb13c
01-05-2026 13:11:18,LA7xhenwhV5HlEV3jvP4,984c471c-2f9d-4d34-b6a7-4ada671aa4c6,True,2a339e8954684016,d57d393b16ba030e
10-05-2026 08:14:42,E9FpjB6lYD12KzdLnnyY,8da9b21c-b89e-42df-96f3-a50537244792,False,c7f34dc43387f858,19a558ecc36977ce
05-05-2026 05:21:52,wpnGbxiBC6QsJhvv4xqj,b0ee1cc8-5773-4429-bf7f-7a95ad2a1e3c,False,330949523d665e3b,d5eb4d757b335d0e
05-05-2026 07:17:37,pH0fhBLBdn0zx1yjGDT5,6055006b-2e3c-467f-8061-da5226ee9f21,False,c9ab51cba10ae1e9,19a558ecc36977ce
22-05-2026 17:04:15,YAZwd2hkvGSXu6sETiUj,37d3825c-0f22-47c2-9a24-0da74bc3605b,True,d632e4ce536ec364,3811390588367f0e
17-05-2026 05:36:51,uBfUxKHGIfi7gzC98Vwz,4eb49a94-07d6-4a9b-9e30-a064bad054f9,True,1d3db575c4a79d75,057c44d337463e07
15-05-2026 20:24:41,MOoESePauciNxcK7QeV6,62f77d85-78d4-4005-9c32-e6498a2387a9,True,3bc1bf7fb69f3ba3,e1bd0a847e7079be
23-05-2026 10:47:02,Ond0QVtxOYp66kwsFzoR,a17eaba3-5339-4205-8939-4b785a6c21d4,True,c837debb39dd1e68,514af2be7dc985d8
03-05-2026 14:26:37,NK67PijWCTeGdu96oy8Y,33574273-dc00-425d-b789-bd14a3523f68,True,b8e78b83a62a0cb7,5a7b6516c51a4d4e
12-05-2026 02:50:38,qatuCZtTpxC5kGEndweA,bf9dcb10-1249-48d5-8109-011b16be55d8,True,de2dde23040292bc,574582321d04df00
22-05-2026 22:25:21,vfyQgDIP2k76XibDc2vO,2167594c-4a0b-4116-b879-9aa3c1831de2,True,bbbe498ee44f6349,8dc02e5c153f83a3
10-05-2026 16:19:00,7ouXW3JrGvWytLBOLMgQ,3211e4c6-9d84-446f-917b-b018a658c9c4,True,1b1cc9cee9f27003,e84878f982129128
12-05-2026 13:11:22,wnZuchJEonRZMdlA3mKR,c710c6c6-2a24-4638-99de-9a4a810f183b,False,bbbe498ee44f6349,3b1338c1207d1e2e
04-05-2026 20:11:32,IWe4vwPr66hWzcuVpHq0,e3f7919a-6e86-4a86-925c-d7112f482477,True,389da1f3a7c1d8de,75778bdb64d1008e
14-05-2026 05:02:47,3S37Euq5zmc4gJ7g8A2n,f379c6f7-e85f-4e84-8469-856279228ff4,False,c51d4eb54f89fec8,8e7f2987241c2818
19-05-2026 12:55:57,SLPOrNibDNziedBRUMf0,16665ede-5e6e-4bcd-872b-7f8a1c42f938,True,c7f34dc43387f858,9d789fd91804129f
24-05-2026 08:21:03,jdTZsY0V0AOAZOkEUDvk,b3c0c510-61a3-4a38-bd2f-4726087de3ba,False,2b95dd3cf28e7c18,3993ad7e2565b6b0
30-05-2026 02:40:11,6p0r2XLSxJp7dFjqV7sb,40317962-2c15-4c36-b4d8-ecaf0ee32be8,True,3c58290022ed11b1,556be8558ce56421
13-05-2026 19:19:37,2zhOlrkdIbDAB0p6beiR,bcf6f02e-27b1-4d3c-8664-80232ccb63d9,True,d57d393b16ba030e,3993ad7e2565b6b0
06-05-2026 01:36:03,5iHNyDSvb4JRBr4NBX32,1858620d-7932-4860-a084-1cbcbf2e2ae0,True,3cc68b8049eb8d4c,f7c6682ad24d37f8
25-05-2026 21:53:32,Kux7zTdjT0jopFFgGtvm,4aec5b24-21d4-469a-b7b8-b8d0d9369c89,True,bb4bb9fbcfcc16d1,f7c6682ad24d37f8
19-05-2026 07:41:44,qPW6F4wHSBRE9g2qP1fG,5d5abd15-b111-428b-8277-50f1a5bcd95a,False,cb207a93391638cb,42d576864f9952c7
16-05-2026 21:25:46,ESn71II8foNe09qOgPKV,8166f5b7-b456-478c-8f28-f23eca7cf6fe,False,17b4966e9be4d8d8,6588d11c4a11acb1
29-05-2026 13:30:47,jdx7DQEy79DkdWus79LU,5b499bc9-1448-49d4-8c84-10bba1d17270,True,57e17fffc619e182,de2dde23040292bc
11-05-2026 10:40:17,9Uy9eIM8tfnPBL2pde7f,02655805-61d5-424d-a444-9ce4ba4fb073,True,3811390588367f0e,53c682ded6545e06
26-05-2026 17:50:18,aMBYpRq43pyVaoyYc6pn,40cf098d-a6f5-498e-b8bb-1b2afc8c2cb3,False,24d6a87b0598b02e,daf96d2280390dec
28-05-2026 06:55:53,rZiWk3xsR5HSX8TOcmhk,00720b5a-e242-4d8a-9bbf-cc29e1005dcb,True,e1bd0a847e7079be,6214b1b462c04096
13-05-2026 18:20:22,ykHkQnxgXJxdqTYuJjlT,d6934bc8-715d-4327-aabc-8be538324a86,True,82a83fc853728306,0e52f2934d8ce165
19-05-2026 10:34:45,5k5Lm8IDQ6APoKvzIA4f,4ea22285-ff52-4148-8a65-51f968d2ffe2,True,57e7d972b508815d,e1bd0a847e7079be
08-05-2026 07:33:40,ioYlM4M3WedZz3CHYfOH,481748d4-4191-4ac3-8104-bdcb602ed466,False,2a339e8954684016,13db178cd9a1e37a
10-05-2026 19:45:10,quFUKpKudqzEq7uUQk6w,2a328174-497c-48d2-86d2-98de853ec347,True,24d6a87b0598b02e,514af2be7dc985d8
22-05-2026 14:45:24,bTiYa8XSmQfOn9YSAuHu,d6c80db3-29d9-41e4-b015-fea93d1abc10,True,d57d393b16ba030e,3b1338c1207d1e2e
21-05-2026 18:46:59,zp2ZxosR2rheF5DZGqaz,5804b9c8-c0b3-40ed-ab66-c1fe31d8fc79,False,1bd749deaf799034,1791998ac3161359
18-05-2026 02:51:20,Ic8S1BtB7ZSk91LpL7mm,ab4a59a6-0051-487c-bd7a-7a5608aad4c6,False,2b95dd3cf28e7c18,72ba4e2f87adceb5
04-05-2026 21:16:23,IfoaKpMnYnWuBsubhyys,b0bd09c8-2c62-4d68-9118-ba16b9495e70,True,c85cdb0ef48d09c8,5afe6ceac06784f5
30-05-2026 05:58:51,UTJTIw8UOcH0zfW21rX8,cea4c9af-df7c-451a-bf2a-645429b89745,False,1bd749deaf799034,b8e78b83a62a0cb7
02-05-2026 18:36:13,HRcuWTDure0MJ26C0CKy,d8649932-3d7f-4c84-bea3-112b18becc91,True,3bd002cf1fcfa789,ce246387dd078174
01-05-2026 08:18:56,TY6n8Ee9mM8hgS1q56FD,2f07eeb7-4bf6-46c0-859b-3f1b920d1ad7,False,8e2e127651e9cbde,6588d11c4a11acb1
17-05-2026 14:55:55,s8JMdxBAN4fUHZv5Zsxd,bbec6df7-2c06-46d2-82eb-bccbe0d037c7,False,06bf6a628379e030,bbbe498ee44f6349
27-05-2026 18:40:25,LGMV3mxhQQzDpM7rlR3R,b996dd31-7151-423f-8219-a7c089fd0829,True,7e8fb26408446272,55b620d8c0ab41e0
10-05-2026 09:09:44,IVyjXHrxuhmW2we6xTbs,c5c7d212-15e8-4d37-a213-a8079e7c98a2,False,4c885efe7bde3ff4,487b076a69a53671
25-05-2026 04:25:43,N9aQwcQjsLQVHhjH6ZCW,8587d381-6138-489f-a9b6-cd663bcdca12,False,93279918e60ec274,13db178cd9a1e37a
29-05-2026 06:09:42,GwFILEC77dxb9MITdrG7,78ec40bf-ea66-43a3-b1d6-4649d05535b0,True,1bd749deaf799034,c34c1310eab19c87
12-05-2026 16:37:13,3igJ6rMMtb83Kk1yYWBM,27c04192-e49d-4983-96d2-31eea655b19a,True,82a83fc853728306,f7c6682ad24d37f8
08-05-2026 04:35:01,Hj00ICNQ9WgojWWH2ic4,e3c06257-5c43-4b80-accd-6a1c42b27840,True,f7af4712fd6b9108,8e7f2987241c2818
03-05-2026 22:17:03,mD1PhRYPZFIAdKtdjBAU,7e301807-30be-40ce-a329-1624c22a6424,False,3811390588367f0e,e9da39984fb29dc6
26-05-2026 11:02:05,TXPwPTqskneRsLYvxDsT,bab1ab64-2660-4003-8e3d-7ab09c033285,True,867d47425e9cccc7,2618243a251bd83f
13-05-2026 15:35:19,8oL9YXKzJKBBNvoaZFfQ,0c1feb38-63e8-4704-a793-52dae79bd2e8,True,d632e4ce536ec364,e9da39984fb29dc6
19-05-2026 08:46:05,aMnoxTNTdMogvVWXSfny,e98b8e9e-8033-4aef-b758-87d70cdca07a,True,3bc1bf7fb69f3ba3,b8e78b83a62a0cb7
01-05-2026 15:06:11,kbPBFFg5YxwnX2hnoY09,841cfa48-99db-400c-bf25-d0b54be438b0,True,c0014ea2ee2fdaea,57e7d972b508815d
24-05-2026 13:00:55,F11dOzEWxjp3t26chapT,a47b6636-9103-4619-adb8-23fbf9fb1ffc,True,c7f34dc43387f858,7d176c63414fcd05
01-05-2026 09:01:47,3DhqI5JSOROBhzQfhMoc,0e1f141e-d02f-454c-93aa-cda0d95839fc,True,3811390588367f0e,7d176c63414fcd05
22-05-2026 17:15:13,fRVePRJ61cEiu0s4Y4uB,4c82aba6-ce12-45de-affe-90ce6e42bf25,False,0f98939ac68105bb,cbf338d836298cb7
06-05-2026 09:28:58,DA1SAN5usEYn6tRwjP86,ab5b2d51-f507-4ea0-b7e5-83ec81fdd5b8,False,64a94f9052422a0c,3b1338c1207d1e2e
30-05-2026 01:58:17,5AetjZmQQQovANqI8tEG,08fb0ec2-bbfb-42fa-a347-b6bd59e6f61b,True,39a54d73a921b9f6,1d3db575c4a79d75
30-05-2026 06:47:52,5iMT3TVLQnQrXQkQKN8J,df688c60-a356-4ef5-b16c-c79ea4b862f6,False,c6a2d85265d19a41,34cbefbc28798720
20-05-2026 15:48:18,NMg4MU8JPPYaNTIFdYLI,65eb11ba-04fe-4845-93fd-e8e4fa398f67,False,d0825fdf3da3660c,bb80f878cef35322
21-05-2026 15:36:07,l3pzdj0BjPXJ1Bn3UYMl,4f9bcb74-e31e-46a3-b0d1-7b979c51f720,False,430f674c6dfe941a,57e7d972b508815d
11-05-2026 09:55:15,OMP1KsHdFrQi7wmkkiKw,cff34c7b-26bc-4f33-9cd4-15cdaeea3bf9,False,bb80f878cef35322,d5eb4d757b335d0e
18-05-2026 21:38:07,jyBk5LWx2FPH4PwLnrJp,ac982fce-3f93-419f-8ab5-2eb7c4d61d0c,True,19a558ecc36977ce,a2fd30e5fa49ad53
17-05-2026 21:20:17,Rtmd5GCzhQEFNsSKiV9K,edca35fa-f424-45a6-9c4e-8d1d8d43b275,False,e84878f982129128,91d55d217a2af234
29-05-2026 19:39:36,83xYr80fwGPP1V7PKU8P,40d31da0-2b8e-4856-9b5b-593bd9671299,False,19a558ecc36977ce,574582321d04df00
01-05-2026 15:23:33,fBt5as31R1ljW3e2yMr4,228f57ac-22a7-4ced-b20f-6a714b6d2c88,True,8e7f2987241c2818,5a7b6516c51a4d4e
12-05-2026 05:15:45,91e2XM5lyRQIPlHpNACa,789f1bee-8edc-446f-a3b9-e5d763135dc2,False,2b95dd3cf28e7c18,e84878f982129128
30-05-2026 23:09:57,LvWCuLHtlz5t4cpfLrkE,208d2a01-2f54-4aec-8dd4-04234ee27fff,False,057c44d337463e07,3811390588367f0e
12-05-2026 02:12:22,cq1VAstFcj6DehGBothT,4914da36-9986-44cd-ad03-9cfb2d06b8f4,True,7182af742e04dc6d,ae7ec9246c4649bc
11-05-2026 20:15:32,rFNI8oHrFz5KrzNqty1l,ab1ec4fa-37b2-4b8f-98ba-bc79ab76eb88,True,430f674c6dfe941a,3bd002cf1fcfa789
03-05-2026 03:28:10,YxQYohxTXApDgeyNJeo6,099128a2-92f7-451a-a312-fde1dff15eb3,False,c34c1310eab19c87,7d176c63414fcd05
06-05-2026 08:33:32,7QFkRmKg8TJZK3HMu8qh,f4ab9083-2801-46bb-aedd-6babd65d11c3,True,c34c1310eab19c87,7182af742e04dc6d
17-05-2026 20:32:28,nz1S1hgmQTuFPsr2oeDG,cf6f0303-f489-4d50-bb26-f0eb64725574,True,153c202e3cfef4ba,bbbe498ee44f6349
25-05-2026 14:46:34,s0prPrfCzRH6bEXkZZRB,f8d94075-91ef-46b5-9d16-28b62efaac75,True,57e7d972b508815d,d4389e820d4f82fa
11-05-2026 12:44:14,4efbeBBrPVm4EnpgIg2g,0ddbc9d3-e73e-4796-aa1a-e50f0f2b6356,True,eb39e98aca20e7d3,9d16533a62ab9315
14-05-2026 22:55:58,fZYA80LTcSV6r7ta8HGb,043e7bd8-dd6a-488b-9cc8-7c0e0680a22f,True,eb39e98aca20e7d3,2b95dd3cf28e7c18
02-05-2026 17:45:25,BKtOsxDBvHJzWGu5hjNs,f553c680-0dd2-4d50-b5d5-a39121ab1189,True,8f8c45c33ff51d0e,1b38ab967d98cc4e
07-05-2026 13:09:49,Ryw8YNzJgGjIFz7JOyfH,92235ee8-cd0e-47e8-ae46-cd005b059a59,True,517fc5ca69b652a5,3811390588367f0e
11-05-2026 16:40:31,W0fSpmdjJIKWOmkV3Ha8,8df97e8a-8c2d-4257-94eb-a207ac86f543,True,95744df47936b8c4,bc74204126e384ca
26-05-2026 22:30:05,x9iqsrO9IT4l7OyrRhQ3,d7ce26c1-e1d4-4904-b0a2-593b87834e0f,False,3cc68b8049eb8d4c,234da97fe615c6b7
10-05-2026 21:07:21,a2MeaYcstz3uRJPxPKYF,cc4f9ac6-9965-4cc2-b88c-aa8ba4ac9e7d,True,e9da39984fb29dc6,517fc5ca69b652a5
07-05-2026 14:35:59,b8UYLq4xRfCcUbZY35Vc,cadc01f8-9cd9-427c-b5c2-bd9c8b5fbd63,True,c51d4eb54f89fec8,b8e78b83a62a0cb7
19-05-2026 22:24:54,rbgFKEQZU0GorHBPTUPd,14f76cfe-fe13-4309-ba4f-e31f2d71017d,True,ce246387dd078174,57e7d972b508815d
29-05-2026 11:01:07,PM8t3fljybdx0HyTtwHH,4616119f-b2ee-47b5-a2e8-12e2916e4402,True,18d281edb3671f44,ae7ec9246c4649bc
04-05-2026 14:47:54,gzWPv2mobjKZw0fdwrHR,312e1815-3ad1-4903-9dfe-104da9781033,False,57e17fffc619e182,5311a0642c2564ad
07-05-2026 21:33:29,dOohLZBAcel90l6QGaPK,488c797d-1649-4953-8cc4-820ee73f533d,True,9d16533a62ab9315,8f8c45c33ff51d0e
20-05-2026 04:38:31,5SJyQh7hwCPa5EV0AE6D,086cbe9e-53c8-4e21-9393-e9324e86129c,True,3c58290022ed11b1,cbf338d836298cb7
04-05-2026 18:20:29,nJ6P4rZAvYsgVmUv8s9c,ffcbd647-f7aa-4e9c-9c15-dfce39b3581e,True,91d55d217a2af234,574582321d04df00
25-05-2026 22:42:14,88fv9kelWeAFrtwcradi,1228389f-84ca-4d3f-ab38-ac674c385aae,True,2a339e8954684016,330949523d665e3b
02-05-2026 23:56:18,XE9CPbfSeu84i6OLSwVF,ad21dd34-d228-4d73-9a17-1badb36e3f80,False,5afe6ceac06784f5,b8e78b83a62a0cb7
06-05-2026 21:28:49,P7PK3SWKSzyiiB68EuKO,6277aa3e-2663-4262-9d33-51892a9c4b29,True,867d47425e9cccc7,82a83fc853728306
15-05-2026 05:42:05,Pc8QYGxfBFRCUi6YIwOI,e1dfc0ae-7509-4a5f-93ab-760f0da83c77,False,42d576864f9952c7,95744df47936b8c4
19-05-2026 00:16:56,oulrnqsiIex4GAbB1nft,ecf548c1-ca9f-4a7e-b96a-ad22fe40f2a1,True,0f98939ac68105bb,3811390588367f0e
19-05-2026 09:12:31,oLKRiJVhAsjL3w7TVRdC,c7d7cce7-8f8d-42d6-8c64-612d9684aa8e,True,0f98939ac68105bb,13db178cd9a1e37a
25-05-2026 04:00:05,ACsALw5vjguJlpcbN3Hw,45b586a0-97db-4cba-b4d3-f61583ef23ad,True,3993ad7e2565b6b0,ce246387dd078174
14-05-2026 17:01:38,NC3Lf3seHc3uHdxT8pha,ff951040-c023-4d7a-88e7-0140f453fe3d,True,574582321d04df00,1d3db575c4a79d75
02-05-2026 21:17:37,xceodPOL3CMgHqxAwK0w,7ec005ec-d017-42da-9f37-2679fe11cf70,False,517fc5ca69b652a5,102edb38b5ec347f
19-05-2026 02:41:23,CECKtEsKnbgN6ytHCurc,7e5a8c53-2b50-4b62-bae2-09a2831df301,True,57e17fffc619e182,1bd749deaf799034
14-05-2026 05:23:07,bDmjqvA41i5tT8m8hJG5,b80124cf-7a21-44a0-a539-24f0301cb529,True,e1bd0a847e7079be,8e7f2987241c2818
09-05-2026 05:07:34,exaCPeTiqpoiHMPMSYnB,110cadf2-54ca-4b1e-a3e6-e191f9b8e1ce,True,2618243a251bd83f,1b38ab967d98cc4e
13-05-2026 17:44:07,trUuxiyAQUHtXGM1hElx,4d1a56a5-fa5a-4364-a5e9-7e53bd8fca3c,True,153c202e3cfef4ba,2f2bd7547d602b7a
05-05-2026 19:48:28,7uMUpBirQYNHdmXuer3m,c914bf25-fde2-4803-9256-f9e30adc3501,True,93279918e60ec274,7182af742e04dc6d
11-05-2026 16:13:35,KjJFd9eMJdTF4WbFB5Bo,b796d5b5-7990-4d56-9e2d-d2583d79375e,False,3b1338c1207d1e2e,daf96d2280390dec
10-05-2026 06:03:18,1VGqdX7sVfo01bJjHxNj,6e8864be-7447-4474-80b2-7d89f54d0cd8,False,574582321d04df00,2b95dd3cf28e7c18
03-05-2026 22:42:11,OKPtoKdNgDfBjq1Tm5rW,de61f649-d486-4139-ac4e-b7849a1f2e07,True,2b95dd3cf28e7c18,57e17fffc619e182
14-05-2026 10:51:24,B5kOhDUE8nQayvaSPFqF,16d893d8-6c94-4dde-941a-ec78738a1aa9,True,72ba4e2f87adceb5,8e7f2987241c2818
15-05-2026 01:44:45,R7WIWf4rNSde00dx2Kx8,f7101fa8-1f44-40fd-abda-2a4c1fd0cca6,True,72bd2672c948d2cb,7d176c63414fcd05
14-05-2026 00:26:54,Ti6T5gJn96kQ2IAbejID,8a90f4e1-afe1-4e35-b8fa-7320897c00a2,False,91d55d217a2af234,6214b1b462c04096
03-05-2026 09:55:43,KGCLHIHptBQzV7vRWAn4,2b8de110-ce55-4031-bd3f-bc8625785e94,False,0e52f2934d8ce165,5e1de20fecf98844
13-05-2026 05:06:16,szWdzHw01HbRqKPyCFkt,c48afeea-fc89-44de-8ac4-fee2d55e0394,True,e84878f982129128,430f674c6dfe941a
20-05-2026 23:25:10,Ry3dIG6VAcS6Ks500CNG,647fc782-789c-4f57-a6d7-1054c677aa77,False,95744df47936b8c4,2a339e8954684016
30-05-2026 17:51:32,TBfPshz9L5YE8xQzCClB,29a44285-1baf-47a5-acb1-409a094c5646,True,fb188f553674b4c4,1d3db575c4a79d75
23-05-2026 03:29:22,kVzTbK562MqZIyHQ7XNQ,c4ee06d2-c267-4380-82ad-553cd29328b0,True,bbbe498ee44f6349,d57d393b16ba030e
18-05-2026 14:58:59,wlcGKacZ263Xi5qBwIO9,de5eacf6-fc28-43f0-93e7-8c3175f6c131,True,c837debb39dd1e68,e8c9832b5c388bb5
14-05-2026 00:57:37,qN0MJbFT66gwLmz1o8H2,dc1bb61f-8d89-4464-b9ff-0155b147ed08,True,cb207a93391638cb,d4389e820d4f82fa
22-05-2026 07:19:15,BoMQure7UVX56V9v0eWn,2b8811bf-4c4a-44c4-9dfb-70dee5f97d2b,True,57e17fffc619e182,4c885efe7bde3ff4
24-05-2026 22:52:53,vPL4qBFh68ECIWUjqf1Z,4ec4d37a-3c5f-4162-9137-1e83181a1b7d,True,19a558ecc36977ce,430f674c6dfe941a
30-05-2026 04:01:08,MqtiBueSLlrvsl3HQkAi,13c5ef7e-0d51-447c-9f35-77232e6cb5cd,True,18d281edb3671f44,bb4bb9fbcfcc16d1
02-05-2026 04:00:40,MSdXdtMgbmZnAYcGdweh,2a68081f-1db2-4e09-aebe-efc8e6877175,True,bc74204126e384ca,c31244cee16e0c77
13-05-2026 00:50:28,mbYnSPjX16ttjwZGRaX5,337a0674-42bc-4d2d-a6e6-56d47e91e862,False,d4389e820d4f82fa,daf96d2280390dec
05-05-2026 04:06:23,Ejd9ONq81rbB0MMFNJr4,134b21c5-0472-4806-b5cb-adc99e556f7e,True,63d3511e9e857901,eb39e98aca20e7d3
23-05-2026 01:34:50,zJZXrdVThxUXMFZf4cKb,f0fe8338-77ae-4487-8a1a-daf6c8fd2be1,True,82a83fc853728306,1b38ab967d98cc4e
07-05-2026 04:02:33,YLhLdakdTwUFRetPg44p,be4cfff3-2064-402c-b11f-3c7592517472,False,a8c47673d6a4f85c,d5eb4d757b335d0e
02-05-2026 17:15:00,X7qYC11ptChCMTxgp15C,02de1db1-edb6-401f-9ace-f7f14f8a4131,True,b30b0b43692b035b,d632e4ce536ec364
21-05-2026 23:06:22,KptR5dUHNqL1qafYhxhy,f0db1eac-5fdd-4461-beb6-3146a232c85d,False,2b95dd3cf28e7c18,18d281edb3671f44
27-05-2026 13:11:42,1LkXtVk5AEo1hEh290cG,84fbdfc4-7a70-4089-98c7-b3cade671fcc,False,18d281edb3671f44,53c682ded6545e06
10-05-2026 22:15:01,lH48pDL73LxXJAcIDejv,e6517c60-b072-4a7f-a6f9-5e9013bfdaaf,False,552b8d6c350cb13c,cb207a93391638cb
28-05-2026 23:05:14,ml5uF3aPNxrto9o02QR4,8310f24c-8d07-4f19-9635-6ed641be4e3d,False,a2fd30e5fa49ad53,91279a646f8ea6ac
23-05-2026 00:51:58,0IWubpXC8DGRyxKgyijj,bcc7ba09-3ddf-484f-8c03-a994e8d0b546,True,9d789fd91804129f,cb4c1290e91970dd
16-05-2026 05:21:56,xBDl5D5KzQO9Igniod2g,7d829e60-8b00-40be-b148-10bbb4d273fb,True,cbf338d836298cb7,2a339e8954684016
23-05-2026 04:32:16,vGGTcEWVFYVxKBLVcEzv,6cc8c151-d01a-4a79-855f-1fd391ae6d0e,False,d632e4ce536ec364,eb39e98aca20e7d3
05-05-2026 22:04:33,z4Oe4OnvBqAhTPaQfdoa,9a9ab9b6-0a45-4db2-8c5d-da0d194f0b4a,True,3bd002cf1fcfa789,c0014ea2ee2fdaea
20-05-2026 16:52:49,2OngkvP9bDxHu9cQlqB4,7c0a124b-de51-4cdb-9c50-0865fb545a72,False,d632e4ce536ec364,5e1de20fecf98844
02-05-2026 12:07:18,4tkdpDSrbAtIL79SxCDD,08a3a695-73f8-47ae-adf9-40efa8cd57ba,False,5e1de20fecf98844,1b38ab967d98cc4e
22-05-2026 06:39:53,YcdBVT7R8xKtIqc05hmd,c5d6b3d0-94f8-4af1-b5c7-a39db65b1172,True,517fc5ca69b652a5,95744df47936b8c4
25-05-2026 00:14:09,bYNS5HCqindhPUvlXgbQ,56f188cf-b6be-42fc-8737-0c0868409254,True,eb39e98aca20e7d3,556be8558ce56421
21-05-2026 00:36:57,nHcMHJD9xKPfQPb98ax9,b88c4292-8a09-4bec-a85f-298699542457,True,e9da39984fb29dc6,c51d4eb54f89fec8
12-05-2026 10:40:51,xLzw79AKo0vbo5zWE9u3,2bbfb5f3-0b8f-4ef8-b79d-e53ee6e823dd,False,131c7dd8f3ab4b35,42d576864f9952c7
10-05-2026 18:54:33,VDRhTpwUJwKBfBKY3sTa,7e3a7c17-184d-41d5-93f1-c64a1ccc8745,False,0f98939ac68105bb,3993ad7e2565b6b0
04-05-2026 05:51:10,RU4HmX0PMb0ReH7PtrYd,04b87e81-f05d-4348-820d-69490792a5cd,True,c6a2d85265d19a41,bb80f878cef35322
23-05-2026 16:20:32,WAb8E4TUqDJpnDco4m7P,681e295c-2f93-4bc0-a524-2c97255fd440,False,55b620d8c0ab41e0,bb80f878cef35322
25-05-2026 13:19:31,rxA83t4IMpPh5QoSTbh1,760e10ae-475d-4988-aa57-72949e221371,False,64a94f9052422a0c,2f2bd7547d602b7a
06-05-2026 13:45:00,c0xbacxrBhK0N0b3D9nH,73417aab-4266-47b2-b393-835cd52cb6e3,False,923d0315f3ae2bb3,d4389e820d4f82fa
02-05-2026 12:09:45,WsupSSEtajikaxnPf2iA,2f7a55c9-a891-4342-8b57-8035974a3cab,True,9d16533a62ab9315,b8e78b83a62a0cb7
02-05-2026 01:58:33,maaEBUQmTGT7WQgljC31,5fd9b6fd-82b7-484a-a20d-8db0f1d521ca,False,5311a0642c2564ad,6588d11c4a11acb1
17-05-2026 10:28:31,7K9br1YoYDzgft26xE46,0864dd79-0180-4c56-9179-7820fee29a0d,True,cbf338d836298cb7,6214b1b462c04096
17-05-2026 15:58:24,EW0BXhkW4ldQrFbgAVFr,7988b0c6-812a-4b20-80fa-89258b50f18c,True,574582321d04df00,bc74204126e384ca
01-05-2026 01:18:03,AnypaxwFzpBR5tzDMhBQ,0e268b41-9abc-4ce1-9401-b04a03e4618f,True,3993ad7e2565b6b0,552b8d6c350cb13c
30-05-2026 14:22:46,5wZVOugOmFMKzzU9TfY5,aaaa403a-a64f-4564-9a5e-7c97d4ad52e7,True,0e52f2934d8ce165,f7af4712fd6b9108
28-05-2026 02:57:39,OIgJteoxvJ57rU4nbtXZ,b206af59-78ee-43fb-8a21-b185f915bef0,False,cbf338d836298cb7,53c682ded6545e06
15-05-2026 05:29:04,eUq5l65YoyhEKsAgrhON,78ea09ae-4083-4ecc-9630-6345da3a4bc3,True,c85cdb0ef48d09c8,7d176c63414fcd05
02-05-2026 09:21:51,yX8GaucHn9GGhzpJwHwA,db1df228-0571-4eb3-8e32-2524f146fcf9,False,3c58290022ed11b1,330949523d665e3b
10-05-2026 13:34:38,BkYDRc7eI3ZrNqBUYFyl,4a6a66f6-44d0-488e-96b4-17ee826133bf,True,131c7dd8f3ab4b35,bbbe498ee44f6349
29-05-2026 16:35:39,cfu4t3q0jlrl3UJPEOa8,40b2f0f6-f2b0-4a9e-a416-fec558b34ea3,False,d4389e820d4f82fa,f7c6682ad24d37f8
12-05-2026 17:27:51,9yK3eTFkEUfFZAfedxIj,540c041c-87d6-4a8a-a5e4-a4edfbf2100b,True,3cc68b8049eb8d4c,1b38ab967d98cc4e
01-05-2026 11:27:18,ewtLsrYlqZT0sJYM3hPS,4edbe188-7804-44a7-a127-a681282e6af0,True,ec75a53f04901eec,ce246387dd078174
24-05-2026 13:04:05,htFkASSawlgcmO3z5y1P,144f9772-2432-48da-84cc-3dfa1e824b36,True,8f8c45c33ff51d0e,da211edc7bac01a0
23-05-2026 01:05:07,Dmrf2IJKI2F8M4vZM9Om,71f349f1-57d3-4b59-88ea-087dbf49996a,True,04964f8452901231,93279918e60ec274
05-05-2026 16:04:32,PjP0vh31YwmLuA5a1Neh,98b64337-b419-4f76-8154-895687451595,True,8e2e127651e9cbde,3b1338c1207d1e2e
11-05-2026 16:36:15,45kf2axkDnMWxz0Gkk3v,d71f9a6f-7e74-48dd-974f-f56fa1d27f19,False,3811390588367f0e,4c885efe7bde3ff4
02-05-2026 15:39:07,VhOoj1vJycIKJWNnd5Bj,4167f3ef-3f99-4cf7-90b2-184c1ee62aea,False,8e2e127651e9cbde,57e17fffc619e182
09-05-2026 03:10:12,3tfQWNVjoxQz8FsK2NVm,d344bbfb-9de3-4d68-a124-3edb5839447f,True,3bc1bf7fb69f3ba3,3c58290022ed11b1
01-05-2026 18:45:44,LHeEIT5JWYR3gMCMe3WE,1555cabb-d5d0-4228-804b-aa0270a7e53e,False,153c202e3cfef4ba,153c202e3cfef4ba
24-05-2026 09:14:11,SQfJiMVnsbpa4Cyuluf4,5fe502f6-46d9-4f65-a54e-03dbd87708af,True,7d176c63414fcd05,5e1de20fecf98844
26-05-2026 05:52:58,g50qmZW2mgHan4n55eBb,ccf45b76-1752-47c5-ad8b-6f2f9ab14447,True,b572bc65fae8bec1,cbf338d836298cb7
18-05-2026 06:34:49,kZZhpkRiPte7bnr4dJYE,690e1ca6-c1f0-4d61-a906-0a7a9eec8fd8,True,389da1f3a7c1d8de,f879804e4456e5d4
29-05-2026 21:05:50,H4FpRIZcdjHyTyWqkb9V,7bf7c89d-59af-408e-ad72-e1b11d56e33d,True,3bc1bf7fb69f3ba3,0e52f2934d8ce165
20-05-2026 13:13:22,frFuZGOrImh29QHI57od,2b8ddcee-c26d-4832-8f88-99c48860f0ae,True,3bc1bf7fb69f3ba3,d5eb4d757b335d0e
26-05-2026 15:30:43,I39iLETgshyye84OvlPk,f1df3461-b1df-4ae8-87fa-53cd94dcdb9e,True,c6a2d85265d19a41,6588d11c4a11acb1
16-05-2026 20:57:06,Qj0qkrfGSLYw6L8AKAu9,5dba0e37-e431-468f-9f96-44287e6fbe4e,False,39a54d73a921b9f6,c7f34dc43387f858
10-05-2026 05:35:48,M6wZyMLquGQt4RQwDGvI,52029a1c-dc60-418c-b335-ecec47fcf5b0,True,34cbefbc28798720,3bd002cf1fcfa789
30-05-2026 00:13:55,WHLtlr8QZXOhUJVdnmeV,2d22043f-559f-456b-a7de-a1098f1cb583,True,57e17fffc619e182,5e1de20fecf98844
18-05-2026 08:35:50,7Ubv1Ca1Y71V3UGSJZ55,dd9956f7-70d8-43de-98b2-dbf852aee68e,True,ae7ec9246c4649bc,3c58290022ed11b1
11-05-2026 11:21:56,vkEoizvLmooN4MNATNxu,bf87212f-5206-4748-97b8-e7abb10c6671,True,7d176c63414fcd05,4c885efe7bde3ff4
24-05-2026 14:20:44,DN5hj60KCEMu9PWV7fau,71f5ab9d-b960-4e02-9999-2b8a40105c64,True,39a54d73a921b9f6,867d47425e9cccc7
27-05-2026 17:43:06,lXX06MfXb8L4zLPR3QbK,868a7ed3-47a8-4962-99e0-4710bbdc28bc,True,ce246387dd078174,18d281edb3671f44
12-05-2026 11:58:25,gKlqdsWNkb8vY5mSEbpW,a72fde60-bc1c-4086-9a67-716905c7f97b,True,ce246387dd078174,8e2e127651e9cbde
06-05-2026 19:04:08,AK08GS8n8UlZ6oAE4JEo,4d079f3d-79fd-4761-ae91-927d1236a930,True,1b1cc9cee9f27003,da211edc7bac01a0
28-05-2026 03:35:36,5kB2CpINUWSKgOeaH7lY,3aefafef-409b-442e-b747-2fa0d5d31a94,True,8e2e127651e9cbde,e7eb35b501d57e1f
01-05-2026 02:12:57,GDmElXPaPmfqrUFHQpXj,ebedea17-1017-475a-9e0d-a5e6b5ca5b85,False,c51d4eb54f89fec8,1d6285f5502cf1f8
09-05-2026 08:30:15,PoupHzjCT6XmA4KXFIgl,1c8128bc-36a5-4ce2-ac47-d93de2240d32,True,1791998ac3161359,e9da39984fb29dc6
28-05-2026 04:22:15,sE7jsa8ZXMWXsTJcheI9,dd3e6dbd-5aa9-4fc1-8c62-b710f8cc0bf8,True,c31244cee16e0c77,7d176c63414fcd05
26-05-2026 07:08:30,UFIZCW0aOdcR3GULXFxs,7a7f9307-abbd-4409-b873-8a2516aff16a,True,64a94f9052422a0c,234da97fe615c6b7
14-05-2026 16:46:13,CnPFy5LHMu6N0UxBR2Sp,7bd2d43c-bf6b-4964-b876-da3785e34c37,True,867d47425e9cccc7,b30b0b43692b035b
04-05-2026 15:38:45,C7VLEgbldeczg2V2zkip,9426bc28-c683-4ce1-bb2d-088508a742e8,True,923d0315f3ae2bb3,2b95dd3cf28e7c18
30-05-2026 22:59:45,75VUm3LvsQLasFSSI22o,8b98f06e-b68f-48d8-b6e0-a3b482b81693,True,8e2e127651e9cbde,552b8d6c350cb13c
27-05-2026 01:12:07,ZwKY9i18IAQrRtFMkvdQ,f864d52b-c514-456c-9fc8-6be39dc2690a,True,57e7d972b508815d,42ac1a2bf982f79c
15-05-2026 18:47:17,LaecuztYahv62qbJoXZW,cc5fcc7a-89a9-4465-be4a-644db406b0ae,False,1d6285f5502cf1f8,8e2e127651e9cbde
29-05-2026 10:57:58,dpst0QSbhiwSwhDlaPks,b7791a7c-b478-479f-b0aa-86a69ec80348,True,de2dde23040292bc,5afe6ceac06784f5
08-05-2026 19:18:04,DOX75QDlGQ8AWEhgFbCI,ad8a4a86-e36e-442e-bebf-2b36b7313b09,True,04964f8452901231,b572bc65fae8bec1
06-05-2026 02:26:50,vvEffOJNbz0sLlGpFit8,41a98f1d-dfda-4888-9dd5-c01827de5567,True,f7c6682ad24d37f8,e84878f982129128
24-05-2026 04:31:16,8uKm92C1X3690Y46drBP,5f3fc98a-c3a1-435d-9a03-53a042c227c2,False,18d281edb3671f44,f7c6682ad24d37f8
14-05-2026 21:24:50,nvsfVoAwvQiyzTgjpgoZ,22325720-f0b9-4a8e-9744-c5f757e8c886,True,7f281c8dbac1f799,2b95dd3cf28e7c18
19-05-2026 16:50:23,RiufqmgbB6dxtVWrYyKs,cba5b85e-1175-42ef-89ab-20cebaccf9d7,True,6588d11c4a11acb1,ce246387dd078174
10-05-2026 11:06:41,BrC2g0Sk4WsvX7vDvplJ,6b990c02-401a-4444-a0d5-f1ab12b0aadb,True,7d176c63414fcd05,e7eb35b501d57e1f
20-05-2026 03:07:36,dr0atFlwIdFh8Qh2b5uq,9828e60c-8c8c-495b-ab17-379817809bce,True,57e7d972b508815d,72bd2672c948d2cb
04-05-2026 20:38:18,lMaB8mLfVvyZGLur2V4K,4c9bb778-3d35-48ec-ab33-e0a426372b82,True,3bd002cf1fcfa789,e8c9832b5c388bb5
15-05-2026 05:14:45,mvM6EV3FWRyslvD8oHkH,2afee323-8d79-4e4e-9d44-89a386310d79,False,b8e78b83a62a0cb7,82a83fc853728306
01-05-2026 06:14:23,RRxJPsQVtKsDcqhnQhCb,beb8d623-8bdf-4506-8fe6-bc9f83a44f6c,False,330949523d665e3b,57e17fffc619e182
12-05-2026 13:07:00,3ETvDiP41mHjqcwBuGLe,a38f6514-2b2a-49fe-851e-3ff5b2e5baf0,False,7182af742e04dc6d,42ac1a2bf982f79c
30-05-2026 07:18:57,ENVKwlR7Gb0taFAxidhR,ab228ba8-5534-458f-a664-ef99340e4d79,False,e84878f982129128,75778bdb64d1008e
24-05-2026 03:48:56,GmwEYM4bWrW0ITbKhs9h,8fffe299-eb96-446c-830d-b903513c9cb6,False,389da1f3a7c1d8de,1791998ac3161359
17-05-2026 15:05:57,o1pQTlQ1BI5XuGGEO4Db,5900a2f2-af3b-48c4-a451-849029574a8a,False,517fc5ca69b652a5,c6a2d85265d19a41
12-05-2026 13:02:50,kkNNtbQy9O2PrAXMPtNV,b4e92a94-f05b-4a16-93d8-b7f9b611e22e,True,d5eb4d757b335d0e,389da1f3a7c1d8de
01-05-2026 12:21:20,TPxAdFN6mDssFNFxgStO,a471c0b9-85ab-4ca5-b2bc-f0a4bcdfee17,False,c6a2d85265d19a41,ec75a53f04901eec
23-05-2026 12:30:03,Nw3PIuiLzWIRQ3eOxgvt,c9889655-3251-4b30-bd3e-f00279ef3840,True,8dc02e5c153f83a3,1b38ab967d98cc4e
16-05-2026 22:32:32,J3sTJfRHJlX4qpwhRqnO,b30ed24b-38f5-41dd-bb1d-c705bf8d404f,False,3bc1bf7fb69f3ba3,057c44d337463e07
11-05-2026 19:12:12,x4Y9A4cE36Bjz2EGIVVf,6d3257f1-e56d-42b4-af6f-2ce3e6bf52c3,True,cb207a93391638cb,c0014ea2ee2fdaea
13-05-2026 22:16:02,LbW5nSjdT9htwce1SCKI,dcd576b1-91d1-4d77-b552-1993f3811a26,False,153c202e3cfef4ba,a8c47673d6a4f85c
24-05-2026 10:35:57,ylCfSqhuanVWhC3FR37e,fcfda865-ff60-4874-8e7e-6ec5c7f12b12,True,e8c9832b5c388bb5,ae7ec9246c4649bc
16-05-2026 09:29:28,5qOfpxrPKSMvTTPyvOlO,241c6fe6-892a-41bb-b4b9-fd5562b7cb2e,True,3811390588367f0e,13db178cd9a1e37a
10-05-2026 18:16:14,yUEVvlnx5DMxzLFqcE78,5f637d8c-19db-4093-9230-c6ea461ff962,False,2618243a251bd83f,cbf338d836298cb7
03-05-2026 17:04:53,Y7ZB6iaCbritRF5GBAvK,f02c4917-86de-4dbf-99ea-6e241ebd901b,True,06bf6a628379e030,c837debb39dd1e68
09-05-2026 03:45:42,Qv6QK9f66gS9iErPQxI8,18afae55-fd50-453e-b8b1-9cf1e3fa5eaf,True,923d0315f3ae2bb3,34cbefbc28798720
10-05-2026 00:46:38,7uTijRIgD1J97zIBQ5SP,cb3cd242-75cb-49cd-85b1-020b5a15b0d9,True,556be8558ce56421,1d3db575c4a79d75
03-05-2026 21:01:21,YK3hal0U0LgfBIL5jmpg,c8941d8e-bcd3-46e2-89e0-180613dcd2f6,True,330949523d665e3b,1b1cc9cee9f27003
08-05-2026 09:04:25,oiYHfBiXR26CvU65qiPP,e320629e-e29a-4da8-b5a8-f14ce97a9aaf,False,c0014ea2ee2fdaea,1d6285f5502cf1f8
14-05-2026 05:35:09,2DHeUpOpbDN7bqiWIyQn,5544dc10-75ff-4229-a5e4-389651be663f,True,cb207a93391638cb,eb39e98aca20e7d3
26-05-2026 16:17:16,dbKTXHxrlF2RQb2MKRTy,f3b929b8-dbf4-41b2-9d1e-d8055525cdb0,False,3993ad7e2565b6b0,24d6a87b0598b02e
14-05-2026 15:42:21,9DEA2SFk1YXy3UDyahL0,fdb4a2f8-a717-48a3-892b-bd6f9e43d996,True,234da97fe615c6b7,c31244cee16e0c77
01-05-2026 05:10:27,9wP2GTpPFhR5Ki3mklb7,db3d07fb-eded-4c7b-94c3-43d789a1f1b8,False,3db4e6efff8b7518,057c44d337463e07
10-05-2026 03:53:24,pxA38yimv24ryvCGJQ9m,96b2350d-c037-4d19-973c-b0d78ace5345,True,6f36a3307488809f,d5eb4d757b335d0e
29-05-2026 20:29:31,fCN8auwRzfy157shcqWm,64197db9-f1b5-4cb8-878e-3966f9843dbc,True,fb188f553674b4c4,d4389e820d4f82fa
27-05-2026 01:19:13,6MOl8bL3Npr9yVErXN4P,33aed6af-76ef-485a-9c26-ac3bfd83c779,False,d57d393b16ba030e,da211edc7bac01a0
04-05-2026 09:01:14,8YQuZHqiBA4LLiAMsWlq,3d6ce666-d67c-4b80-94c9-b2c85a374898,True,5e1de20fecf98844,d57d393b16ba030e
18-05-2026 22:45:02,LLovkJngQz5ZvEU178S4,41cde9c5-e27e-4aa8-984b-8ce636282034,True,8e2e127651e9cbde,d0825fdf3da3660c
16-05-2026 23:23:18,KGdsaUO1UJElkWZvDm5n,6da6c460-a1f9-42b9-9cb7-03212d236548,False,6214b1b462c04096,330949523d665e3b
13-05-2026 05:24:20,yZ0KCFqscpqmxBwGOsTm,8c06033e-edd1-437f-a44d-afb765d7b65b,False,a2fd30e5fa49ad53,f879804e4456e5d4
23-05-2026 16:30:11,WhrAXC8PMFTtQJdKilqM,9210d28f-5c94-4021-ae14-ff59f0b5382b,True,cb4c1290e91970dd,e7eb35b501d57e1f
22-05-2026 19:34:37,EgmvxPkTnPNiVAoTa8WJ,bbcd8145-644f-4db6-83ff-1a191c42ed4e,True,bb80f878cef35322,5afe6ceac06784f5
26-05-2026 16:44:17,iaQtGSRjRl5INojd3rIH,fbbc8f51-595a-4df2-ad45-1b5b60407146,True,b572bc65fae8bec1,0e52f2934d8ce165
26-05-2026 05:26:05,BHEvjYyOYdtV6G8oJIcq,def7f991-e777-4605-94c9-b1d37b716a72,True,ce246387dd078174,7d176c63414fcd05
11-05-2026 11:07:18,zG5Z9nOUwXGJWZbb1kl7,5d6ca051-aa27-4b81-aff2-48a3a010d48c,True,95744df47936b8c4,1b1cc9cee9f27003
25-05-2026 03:18:06,Y2P9yPaUBft1Cvxy5TeK,af52535f-3216-4bd8-ac6f-8b914d4cb0bd,True,13db178cd9a1e37a,8f8c45c33ff51d0e
24-05-2026 07:58:09,rqOvG8yJQTPldsIre92D,8c55aada-04b2-402e-95ff-59dd48798218,False,d5eb4d757b335d0e,5afe6ceac06784f5
25-05-2026 21:27:26,QnCLD8hCnoDWxRGiMYME,0d5d865e-e046-4bc3-8839-fdd2d3a8f154,False,514af2be7dc985d8,91d55d217a2af234
21-05-2026 09:23:15,2WU5nosZg48bhlBNQDvL,57287568-d9c1-4b74-8ee2-81873fd1ca50,True,3993ad7e2565b6b0,91d55d217a2af234
08-05-2026 08:12:22,7BUiZIJkSdD2nEE9WoId,5a92ef5e-e25c-4d97-81aa-4972ce4d5f70,True,8e2e127651e9cbde,102edb38b5ec347f
30-05-2026 11:52:14,tQhr20wYFkVwhhzBVN5W,5cff54c6-4c33-4552-9ca5-75f35c49582c,True,75778bdb64d1008e,430f674c6dfe941a
20-05-2026 02:52:19,zXsnNj1swNafhy5fnTEL,606206d3-9d9f-4978-a93d-4df5c27b67fc,False,3bd002cf1fcfa789,91279a646f8ea6ac
27-05-2026 22:44:54,bV17LcFvqbeYd39tLyRX,c2606c4b-b0df-47a8-9a19-6bef2fb1a528,True,5a7b6516c51a4d4e,3b1338c1207d1e2e
06-05-2026 04:39:14,TUX3phFJlLTtXNHOTvuo,0ef1c22c-32df-4341-a200-7b48f651351d,True,04964f8452901231,574582321d04df00
25-05-2026 21:29:29,B2Iy5aSQNVsg8N0MO0tB,9515dd1d-10b6-45c6-8e84-8c065469a239,True,de2dde23040292bc,63d3511e9e857901
29-05-2026 08:02:43,meVzuag9WfAZu3cBchOB,444b7c7f-feae-4a1d-8b5c-da6d6577fdba,False,131c7dd8f3ab4b35,ce246387dd078174
01-05-2026 18:21:41,vfsN4mR5Zx6tRnXHki7u,9746a623-a28d-44b3-a0b5-139febf777de,True,42ac1a2bf982f79c,1d6285f5502cf1f8
04-05-2026 21:36:17,g9Nho1nGHzTMFmMjtKLx,5c94415e-4ffb-423d-a2b6-6eed5e064917,True,95744df47936b8c4,91279a646f8ea6ac
19-05-2026 20:08:23,wAckjEfbLxHgynmfjADm,f56e9ca4-f104-4e5c-97fc-9a22389a7529,True,330949523d665e3b,514af2be7dc985d8
01-05-2026 00:20:12,JmmrUMInxYOckzRdPUo8,16595203-ef9f-4e8b-bf48-4ca4192d74c1,False,17b4966e9be4d8d8,f879804e4456e5d4
13-05-2026 09:52:27,UhGwR3RNWoQXbEu40lR5,ffe1f06a-1da3-494b-bb3a-81e2463bd1c3,True,b8e78b83a62a0cb7,95744df47936b8c4
13-05-2026 23:51:21,GV0C66C4eYBVdvTnaWzo,b23b4180-217c-4837-b2f0-b6e4955d71fa,True,3bc1bf7fb69f3ba3,57e17fffc619e182
01-05-2026 11:12:47,LxF6a2hQEeoJEXPPhViA,96374320-ee33-4e71-9b02-4a910fa9e6b8,True,f7c6682ad24d37f8,e7eb35b501d57e1f
24-05-2026 15:16:18,RxA4OeCY5caXwdPT1P3F,a126cf82-b032-46d4-8b2b-1f7cb70a23eb,False,556be8558ce56421,c6a2d85265d19a41
05-05-2026 19:18:25,8x96fuKPu8Lk3lVSwwTJ,cb6a125c-1792-4b47-9db9-cf8e2fc6f653,True,9d789fd91804129f,d632e4ce536ec364
17-05-2026 04:16:37,Hm8gFn2kzEPGYdRqGZHC,ab13b306-6cd4-460f-b0ac-01b5f661096a,True,5e1de20fecf98844,330949523d665e3b
01-05-2026 00:59:40,U3txY2w2EqJak2rYSVyY,7aab099d-c6ac-4d5a-a08f-8545d5318840,False,e1bd0a847e7079be,91d55d217a2af234
23-05-2026 04:27:30,maja3VAiASCzq7TsPpS6,cb50c5ce-3b64-463a-b192-42cbf5c2b29f,True,fb188f553674b4c4,5afe6ceac06784f5
21-05-2026 09:46:26,kWIsu2TwqLcwFMiptc6s,bb0c18b8-093b-44bd-8220-d1df46efab3b,True,9cbee3c1d7168837,e84878f982129128
12-05-2026 13:55:37,lEaxR5UoAiNgGdvbjUKT,a2cfbd71-9259-4928-b753-35cd9d7777a0,True,ae7ec9246c4649bc,1791998ac3161359
25-05-2026 02:25:53,3DGxOIAVVhsMcbVCspsU,5205c89e-29ad-4576-8300-4a393e6cc72b,True,0f98939ac68105bb,e9da39984fb29dc6
03-05-2026 19:13:37,xgPIIss40QDWjX0YPjYp,074bfd41-8c80-437c-8ea1-af3371f98f30,False,82a83fc853728306,cb207a93391638cb
22-05-2026 07:35:03,9HsqPe8SSFHjzvak9Q9t,5d8ff773-4a41-48a0-9526-ad3a4334225b,False,867d47425e9cccc7,bb4bb9fbcfcc16d1
09-05-2026 23:32:36,TZHUABQ2TsJs4vbU6sXH,35acb982-de32-407d-97ea-713d94d9fbf2,True,39a54d73a921b9f6,7d176c63414fcd05
22-05-2026 08:37:33,lSEd9YBmnzBJ6qLNuCTZ,4d6161c5-0ff8-456a-a5c3-66ebcb65d0e3,True,72bd2672c948d2cb,4c885efe7bde3ff4
01-05-2026 11:23:56,YwdmRwdo4uybP2V9cyh1,4eab1fdb-d756-426e-b090-bd4c62118727,False,fb188f553674b4c4,3db4e6efff8b7518
17-05-2026 05:44:12,bDAx9ZZAqXDC7RYCfY6b,5b4b8aba-9180-4c79-9b14-b9aaceefe5ea,False,3b1338c1207d1e2e,1bd749deaf799034
21-05-2026 22:28:30,aa6iG19g6rspEAufDamk,177c24c3-12be-4ab0-9f1c-a560808edb30,False,da211edc7bac01a0,5311a0642c2564ad
29-05-2026 22:06:04,qy9Nfy0AT0qjDNZm206h,6a9fc3ff-2150-4b59-8769-356b50d74082,True,c31244cee16e0c77,8dc02e5c153f83a3
08-05-2026 10:02:29,W0d6SXNBGrpxPNphxKdw,4ab30914-1617-4255-852e-fdb54fbf720c,True,c9ab51cba10ae1e9,91279a646f8ea6ac
06-05-2026 16:51:47,FIMJpQzP6NDIHcxWggGe,57f3b365-8741-4e84-a95a-c79409354328,False,f7af4712fd6b9108,1791998ac3161359
03-05-2026 22:04:21,4xDPe9bqDWoTs95pSbZq,c9283dd9-7a75-4259-b1b1-b8867ef06da8,True,3db4e6efff8b7518,1b38ab967d98cc4e
26-05-2026 04:58:37,SB3UVlAnSx3kCo9XC1YO,073e85dc-a6cd-4072-a144-b2cdfeaafda7,False,7f281c8dbac1f799,9d789fd91804129f
23-05-2026 15:08:50,7OKKTPHjCuV95h2S8gm0,ca4b8f16-e8b7-4d74-85b2-45a6bd26f375,True,102edb38b5ec347f,0e52f2934d8ce165
08-05-2026 23:26:37,tMTKS4RMfIBvPpfLGJGu,acd45aba-504c-48ea-a2b4-b8eb34b475cb,False,0f98939ac68105bb,e8c9832b5c388bb5
20-05-2026 19:41:56,wiizl6DDzRD8tQmWDk90,9b7ea8d4-fe78-4281-87ec-6e51dc5dc225,False,3c58290022ed11b1,91d55d217a2af234
28-05-2026 22:04:38,K10Fx1mS6I7rZ7qHYVsM,18510a07-f640-4f4f-8a06-cf603f6cd765,True,3db4e6efff8b7518,8f8c45c33ff51d0e
03-05-2026 17:24:22,f1Gw9XotKqe0rn35oKUi,a67f04d5-7117-4ae7-aa89-7270d5ae4f80,False,57e7d972b508815d,c9ab51cba10ae1e9
01-05-2026 21:49:42,As07WX7Xc1y8DrGCFwBP,991093d9-e41b-4c6f-89d8-0fd97c880339,True,556be8558ce56421,131c7dd8f3ab4b35
05-05-2026 11:08:48,oEyMFcE1pOUdWyiXFeqy,bd0eeef1-146a-45d3-a4ce-2fdf6ff5c5a8,True,06961ead71f8b1d8,39a54d73a921b9f6
11-05-2026 04:19:16,lMpP3H665Ojo8SYZLeuT,d75d07fe-2a3c-433b-8f9b-2f8f0c4ec656,True,7f281c8dbac1f799,e9da39984fb29dc6
04-05-2026 05:58:19,BQ8MKlu7PTfpMDeuI0nI,ffa67f74-964e-4dd4-9ed0-4d3657a4232e,False,389da1f3a7c1d8de,c51d4eb54f89fec8
30-05-2026 22:19:07,HbyfqPj1RWNORO2Tb8Tv,7a64307b-bf0e-4b92-b937-cecac227d128,True,1d6285f5502cf1f8,a8c47673d6a4f85c
17-05-2026 15:55:16,fO8P6Oh5rNroAwl0A5y4,b26460c9-a848-495e-b13f-0abc174ae3e7,True,e8c9832b5c388bb5,923d0315f3ae2bb3
22-05-2026 15:54:48,X3XE2sw1TgRyQLL9XvSd,0f7d9c77-de40-419a-93c9-8bf18612148b,False,91279a646f8ea6ac,e84878f982129128
21-05-2026 02:01:23,ltKSEFKyESayWO9WKcgE,25090d2d-b6ff-43ad-8a9f-a2ed0e3d99a7,True,06bf6a628379e030,9cbee3c1d7168837
10-05-2026 10:17:43,c6fBkOWZtq2icafcqjEW,bc1d1cad-b623-46f4-aeaf-b8323314e08c,False,389da1f3a7c1d8de,f7c6682ad24d37f8
26-05-2026 05:12:17,hXR6MeIuoc9mjVGp7nMg,d085d33f-9988-4b9b-87ea-2066f8bf4ad5,True,eb39e98aca20e7d3,91d55d217a2af234
19-05-2026 15:00:30,kxKpFdkWlWvlB7wOoCyR,9d0a7a1f-09ee-4fba-9051-dde7d61a85c5,True,d0825fdf3da3660c,6214b1b462c04096
01-05-2026 22:20:53,5judpgSfJTJUtdMsTmZ1,4db1db31-0ac3-465d-b08f-f8ae127eff64,True,5a7b6516c51a4d4e,cbf338d836298cb7
22-05-2026 10:38:20,xXF9YLSZuw7CrT0ryyot,d21483de-b356-486d-8558-c4166be616fb,False,5afe6ceac06784f5,514af2be7dc985d8
11-05-2026 18:36:10,COsLn2FZVRT4FfYgffDr,db483ceb-fd03-4836-b14b-9350febf001c,False,c7f34dc43387f858,574582321d04df00
30-05-2026 09:46:56,S3T0Y3BNHHmLgg3MyhFB,2f52906c-c88e-4e6a-a905-1b0fab7644ee,True,fb188f553674b4c4,63d3511e9e857901
06-05-2026 14:25:22,F5Xeq2DEzAsGJETfvuZZ,0d275664-98c6-40e5-b1c0-56937408888c,False,c31244cee16e0c77,f879804e4456e5d4
28-05-2026 14:44:45,1WG20TMUaJm9BZ2IkWDq,633124eb-e168-4564-aa7b-55df51f0e34f,False,06bf6a628379e030,8e2e127651e9cbde
29-05-2026 18:58:22,mAvNudJpATxscqs5ccEU,26f3f749-3d54-4b2e-b06d-e4b97e77856f,True,923d0315f3ae2bb3,a8c47673d6a4f85c
12-05-2026 08:09:45,wYcU3gSASF47yO3PhyLi,b2dc3679-4b23-4eb2-b589-89e5bda01372,False,bb80f878cef35322,e8c9832b5c388bb5
15-05-2026 08:59:26,zvOhwbGPq4BquGEIwi0s,b4b7ba05-ffb0-4413-b52b-01a390caf2da,True,1bd749deaf799034,234da97fe615c6b7
28-05-2026 07:57:28,MBFsZqbMHIwwZZaUZSBx,3f7a0dee-6873-424b-a65e-57fb59c1186f,True,d5eb4d757b335d0e,556be8558ce56421
24-05-2026 06:15:33,HfnUGUjmCFNxQmWd96kb,b300627f-cc8b-40aa-88cd-f5713b4da8c8,True,6588d11c4a11acb1,57e7d972b508815d
05-05-2026 00:08:13,yyGJVy4Q8aWhLaOV0yA5,e0953a9c-6549-487b-a375-c746e812faad,False,5311a0642c2564ad,bc74204126e384ca
17-05-2026 09:18:03,w5MlU6lej1uN2sLEHlWk,db91dbd9-0cfe-4dee-9ce8-e02153da63b2,False,c85cdb0ef48d09c8,e1bd0a847e7079be
28-05-2026 17:29:15,99qB7htmIEPagFgoCvcx,c1fe2a09-224a-40bd-9e22-2c17a55fe16f,True,e9da39984fb29dc6,55b620d8c0ab41e0
30-05-2026 16:42:49,1O2m4SP0J45cd7ycLwbr,f1c45bd7-9614-4884-84f0-09d1697c048c,False,f7c6682ad24d37f8,c9ab51cba10ae1e9
25-05-2026 21:30:56,M9b6mjSg1P2UjEMCeLJZ,9412df37-b221-454d-bb6a-6e8e51e33876,True,42ac1a2bf982f79c,55b620d8c0ab41e0
04-05-2026 07:02:28,2pG2S43nafrDgkN165h7,41f5d256-da6c-47a2-b8c4-cb146692b364,False,8e7f2987241c2818,64a94f9052422a0c
10-05-2026 14:41:52,stcAD53bTgayRfzbb5YP,c91d95bf-83de-436f-ac67-f78b10203cbb,True,8e7f2987241c2818,e84878f982129128
01-05-2026 22:50:10,v7m0OyB9x31xvCu5kbih,7c761591-f205-4a15-b7e2-fb4b68afbf0f,False,06bf6a628379e030,e7eb35b501d57e1f
28-05-2026 13:28:07,R6xih43pgWPuUHqiFG0b,d8ab3ff8-93c9-4613-b637-a5b9525e6440,False,1d3db575c4a79d75,d57d393b16ba030e
09-05-2026 20:13:05,0QyekvdBuM9sZ9O7dHVU,4fd4a02f-832e-4fde-a6f1-ae51799ea991,True,8f8c45c33ff51d0e,0e52f2934d8ce165
29-05-2026 23:41:44,m6rxg8q1gcBRiVU18L2z,d45d42f6-45cd-4e7b-9b5b-a8b418ebadef,False,53c682ded6545e06,0f98939ac68105bb
05-05-2026 06:08:15,hgHq0cEwV1nzEcDyCwrT,45029212-6e54-48c3-aae6-b1e0bdbd0135,True,1d3db575c4a79d75,06961ead71f8b1d8
23-05-2026 07:57:59,mrjBAjfA2z6VwbfJWOJ2,bf16ab6b-9cb8-48ba-8a23-6ed042b5409b,False,55b620d8c0ab41e0,93279918e60ec274
28-05-2026 11:34:59,n8A9na74dIuHRdfbePL6,53c5d934-72e2-4159-9490-4abd8b67a554,True,d632e4ce536ec364,d0825fdf3da3660c
13-05-2026 13:40:08,CSkmp4kd8Pe2MleDxcNk,f42c4a58-0db7-40e5-8e05-9e7fad1bc07c,True,574582321d04df00,95744df47936b8c4
05-05-2026 01:29:24,UaIepKfSOGiteYwOdeEo,1847ae40-72b9-40be-9003-8fd8057928e5,False,13db178cd9a1e37a,de2dde23040292bc
18-05-2026 02:09:03,O4qh4mPzlu6nvON1zK26,30ac0b2f-ef02-43b7-bcd7-ab33a3fcf3d9,True,2f2bd7547d602b7a,2f2bd7547d602b7a
22-05-2026 21:39:13,zYadEIrxMgUrEcH68gsT,e39c3870-16d9-4a5a-a44a-9456b0031f7c,False,7e8fb26408446272,c31244cee16e0c77
22-05-2026 07:28:52,DCSSPZ6TQV1PAC3gCTOh,b743658c-f670-4cc1-aaff-ba69a96eb93c,True,3993ad7e2565b6b0,8e2e127651e9cbde
01-05-2026 20:45:09,z6Hw8koq1LrSZ6ClD5YO,6cf3fa21-8577-4d66-9fae-b4e9c4808484,True,8f8c45c33ff51d0e,1d6285f5502cf1f8
25-05-2026 09:46:18,EJwYS3vi9WUJ2o9JXPPk,83569f96-1dd8-42b6-9826-9f3c774cb58a,True,7d176c63414fcd05,57e17fffc619e182
06-05-2026 19:24:27,TWigrrX6MjUG8hZkKqJx,de727dc9-7dc1-4461-bd4b-b4fbc3da3026,True,17b4966e9be4d8d8,c7f34dc43387f858
20-05-2026 06:01:11,qlYWNPaNB40RXF8wGVF2,8f8f6829-f304-47bc-937c-48311f4b6b78,False,13db178cd9a1e37a,c837debb39dd1e68
24-05-2026 04:35:47,rGfGAISOl6N2cASjUTZ7,bc81d6d8-5924-4f89-a855-27951431d818,True,d57d393b16ba030e,0e52f2934d8ce165
19-05-2026 14:55:22,KMmNLyrsbpQUypXPwbRS,110cedef-fa2a-4437-a7e1-a4ea1b645b2a,True,d4389e820d4f82fa,06bf6a628379e030
25-05-2026 06:18:21,QqFjqmIOagePC6dT1qlJ,9c95157d-5e53-4c68-a727-b1f89e164e66,True,63d3511e9e857901,131c7dd8f3ab4b35
21-05-2026 14:21:59,QZ71iBmahByvkcxp918H,6305146d-5875-405a-b96f-ba8cbd066cbd,True,42ac1a2bf982f79c,f7c6682ad24d37f8
01-05-2026 06:11:24,7xC4G9HpOXgYxiN5k2jv,54628cd0-6295-4262-9b0a-6e2d79700656,False,6214b1b462c04096,c9ab51cba10ae1e9
11-05-2026 21:34:08,QQFsEmqxm3Q1viDcgcPw,f6601367-ed9d-4242-b98c-64a635e41104,True,2a339e8954684016,b8e78b83a62a0cb7
