acc,city,date,gyro,hr,id,latitude,longitude,ritmo,timestamp,userId,weather,weather_temperature
9.819934,Lisboa,03-05-2026 22:12:10,0.19,78.6,5e7EcsAlXiXPUP9Ax5yC,38.733120794238,-9.13645089914681,19.532964,1777846330000,2618243a251bd83f,,17.06
9.805317,Coimbra,27-05-2026 04:19:49,0.23,95.8,P3whlIzHiUo1aWbtDRUI,40.1965848521102,-8.39738041292443,17.565843,1779855589000,bb4bb9fbcfcc16d1,,20.17
9.800732,Coimbra,13-05-2026 00:22:20,0.07,75.3,wjrm74UWhcZQANX744bp,40.2050244165832,-8.38743744195369,15.957452,1778631740000,82a83fc853728306,,11.1
9.798754,Braga,22-05-2026 16:08:29,0.09,69.9,RT3dpVczCoInW3XdiGso,41.5220336853897,-8.41972182961673,16.98073,1779466109000,234da97fe615c6b7,,12.35
9.839313,Lisboa,16-05-2026 13:36:06,0.02,77.7,t4jQHoAtrdJ8L4V6lORB,38.7264836441741,-9.12043647341094,16.434565,1778938566000,e84878f982129128,,15.82
9.812218,Coimbra,19-05-2026 12:04:38,0.11,68.5,HuSAAjtylWIEp2ot2TjZ,40.1788317167672,-8.42130034071681,17.321579,1779192278000,19a558ecc36977ce,,16.83
9.797966,Coimbra,21-05-2026 05:16:00,0,98.5,HiypqnvPf7C2xfIU1mdr,40.2256960457821,-8.4058891252335,16.740255,1779340560000,d5eb4d757b335d0e,,21.29
9.785583,Coimbra,04-05-2026 12:47:59,0.59,82.1,ZWLUQJnEn36vt96an7m9,40.2126782930926,-8.40302310104816,17.047397,1777898879000,5311a0642c2564ad,,18.79
9.824769,Porto,12-05-2026 18:38:29,0.03,81.7,MTnz6pJuXsyDIPwtqxG4,41.1712314916141,-8.61085866972039,17.553665,1778611109000,eb39e98aca20e7d3,,12.09
9.795603,Coimbra,23-05-2026 18:59:45,0.32,75.4,1u6nxuAcK3oVjbqJ7LLU,40.201464217777,-8.38888995166529,18.459221,1779562785000,556be8558ce56421,,10.95
9.816482,Coimbra,12-05-2026 03:59:28,0.2,76.1,K1pFJP8RvqW0F9UPVFDk,40.1922403724658,-8.43178015712349,18.628158,1778558368000,42ac1a2bf982f79c,,22.12
9.828626,Lisboa,24-05-2026 16:55:47,0.09,71.6,64IP9dHc12e80QdWaAi1,38.7044403305268,-9.12405116532243,18.249889,1779641747000,f7af4712fd6b9108,,21.9
9.800417,Braga,11-05-2026 14:49:36,0.33,78.1,DxdNOQ7N6EQFbaIJAabH,41.5220702455202,-8.45167858300318,16.93421,1778510976000,57e7d972b508815d,,21.25
9.837125,Lisboa,25-05-2026 09:07:26,0.3,79.3,SRBZ86lg6gHjpmNHq0wr,38.7242298594878,-9.15406419187683,18.498761,1779700046000,f879804e4456e5d4,,15.42
9.817228,Coimbra,23-05-2026 06:46:16,0.01,95.4,pSotR02fP2PWcfzyyJEd,40.180567016433,-8.37782626089796,19.391872,1779518776000,91d55d217a2af234,,7.52
9.826438,Porto,22-05-2026 01:32:28,0.09,80.9,YvK2g5H6con53S4KErc7,41.1688536490547,-8.65903094810885,18.008199,1779413548000,fb188f553674b4c4,,10.05
9.805607,Porto,27-05-2026 08:40:35,0.44,83.6,Qcl72ub9nLjW0T0z7etk,41.1678591621062,-8.64485227732166,17.727337,1779871235000,91d55d217a2af234,,14.77
9.799965,Braga,27-05-2026 05:48:03,0.1,89.2,yWViYSUfGVwdgBo1evMX,41.5490015832757,-8.40128735651654,17.370205,1779860883000,923d0315f3ae2bb3,,20.05
9.811942,Coimbra,14-05-2026 06:26:56,0.21,89.7,CFowJ8yBlRLQyfXNsZpT,40.2286217337906,-8.42257569463623,17.69428,1778740016000,19a558ecc36977ce,,16.43
9.78073,Porto,08-05-2026 11:44:44,0.08,83,yuxgfa8tCxWrgiflBCJJ,41.1353300299524,-8.65390026413167,17.865843,1778240684000,42d576864f9952c7,,17.06
9.781693,Coimbra,27-05-2026 21:42:46,0.1,75.8,MMYu3yasAyXfU5J5pKHk,40.1818777966542,-8.43931518541642,17.079416,1779918166000,1b1cc9cee9f27003,,17.35
9.818081,Coimbra,14-05-2026 00:42:59,0.05,98.9,jekBrAtEYexq8pUOFMNm,40.1854530763963,-8.42663812612504,18.125631,1778719379000,c837debb39dd1e68,,17.7
9.771625,Coimbra,20-05-2026 05:00:52,0.02,79.7,1NyZ3vCvB003PMituM8S,40.1820764866259,-8.42411126877259,20.254867,1779253252000,923d0315f3ae2bb3,,17.23
9.816031,Braga,20-05-2026 07:58:57,0.35,79.7,sVSOF9KYpuyr0Yzxh7Km,41.5442665249559,-8.44975881450672,19.308854,1779263937000,1791998ac3161359,,21.01
9.825821,Braga,23-05-2026 09:49:43,0.42,70.9,TnCZs1Se02YYARFiOtpq,41.5552124920015,-8.42288529241791,16.84397,1779529783000,63d3511e9e857901,,20.35
9.853809,Braga,04-05-2026 14:10:32,0.17,70.1,MELzIG763SAIcY9xS5ZI,41.557022776753,-8.40564280338347,18.12346,1777903832000,57e17fffc619e182,,15.99
9.778987,Porto,18-05-2026 05:36:54,0.32,80.7,PNcKPRPz9Wv9YBgagqoG,41.1368059278691,-8.64715759696315,18.572579,1779082614000,72ba4e2f87adceb5,,14.32
9.814549,Braga,05-05-2026 17:44:20,0.48,93.1,USCuetcZThb2vPgRZk7V,41.5465402019494,-8.43744529530667,18.479183,1778003060000,131c7dd8f3ab4b35,,19.04
9.825636,Braga,17-05-2026 01:37:51,0.4,67.6,B9DoZzOllOQBzbVN4mCL,41.5462636715661,-8.42275461725377,18.747578,1778981871000,d5eb4d757b335d0e,,19.19
9.81501,Coimbra,10-05-2026 23:45:22,0.2,83.5,WTZYeKgZ3IlxumDhqQ3F,40.1972971261363,-8.39582457455212,18.247264,1778456722000,c9ab51cba10ae1e9,,19.17
9.790506,Lisboa,07-05-2026 20:41:40,0.35,87.9,yAMiKyBlFOIS6P7lJkFs,38.7016152201296,-9.14806902463428,17.319824,1778186500000,55b620d8c0ab41e0,,21.85
9.818256,Braga,03-05-2026 14:27:41,0.57,88.2,w8aFim0y9JGPFARFAT1C,41.5285033064213,-8.40182540225046,18.142868,1777818461000,39a54d73a921b9f6,,14.99
9.79221,Coimbra,11-05-2026 16:56:07,0.02,71.8,croIskXDKVXXFJGhKhrX,40.1853316703528,-8.40567617838016,18.153362,1778518567000,1d3db575c4a79d75,,19.11
9.826544,Lisboa,22-05-2026 10:13:45,0.44,80.1,nBgV1PWpt3cCqw30fC3h,38.7245703447427,-9.1215267341236,18.001887,1779444825000,ce246387dd078174,,28.88
9.822513,Braga,18-05-2026 00:30:52,0.32,71.4,TNOBkNiYn0nZdKwIrMIk,41.5297334053833,-8.40935597005757,18.624985,1779064252000,39a54d73a921b9f6,,17.11
9.82428,Lisboa,28-05-2026 19:17:07,0.02,84.7,82G5R0gi9WYA6dr3PiS3,38.7481660343118,-9.15365263280599,16.997486,1779995827000,7e8fb26408446272,,11.94
9.80107,Braga,13-05-2026 00:25:19,0.06,88.6,1RzFjKOrOAyCeOY4XfzG,41.5318825575472,-8.41124763631346,16.615331,1778631919000,556be8558ce56421,,18.69
9.817706,Lisboa,23-05-2026 01:45:31,0.05,71.2,FuLa3X2UfUDOQSw2eYIz,38.7328140057633,-9.11318426405124,17.925915,1779500731000,c85cdb0ef48d09c8,,13.43
9.817156,Braga,25-05-2026 00:23:04,0.32,85.6,u1svJKiK2FYv5RWdcgOY,41.5706789686031,-8.40306189594179,19.190958,1779668584000,7e8fb26408446272,,12.49
9.791243,Coimbra,08-05-2026 16:03:50,0.15,85.2,Da9BmS6i4Ptk374rfPxq,40.1771791669073,-8.37993780071767,18.456291,1778256230000,131c7dd8f3ab4b35,,33.41
9.821418,Porto,09-05-2026 00:51:02,0.29,91.4,zOtUSWoBPfTganEeiLoH,41.1509795565325,-8.60013828665984,18.762809,1778287862000,1d6285f5502cf1f8,,16.74
9.825179,Coimbra,06-05-2026 20:30:06,0.07,72.3,BSiEeoyfUZggux4tiyX0,40.1768014686723,-8.39647069467324,17.409815,1778099406000,39a54d73a921b9f6,,18.33
9.856293,Braga,04-05-2026 07:42:19,0.21,61.3,KaNPkCwUnOVj6ANRC3nf,41.553045119665,-8.41371937100346,16.453577,1777880539000,514af2be7dc985d8,,16.11
9.831779,Porto,19-05-2026 15:25:46,0.32,80.6,9BuYiprPfpJMMUMsX8Sb,41.1384606902058,-8.65612824475077,17.436475,1779204346000,9cbee3c1d7168837,,20.72
9.795393,Lisboa,10-05-2026 03:47:20,0.01,82.2,zsPdY5Y9pFyhpFOMeH4a,38.7063940528743,-9.13189913745389,17.153793,1778384840000,c7f34dc43387f858,,26.58
9.822678,Lisboa,28-05-2026 14:12:40,0.06,59.7,xIRlWE9XebLeaqnc7d8Y,38.7457319411223,-9.16477202702807,17.220892,1779977560000,2a339e8954684016,,21.41
9.79415,Coimbra,25-05-2026 07:45:51,0.15,78.9,ABSzfOIINjrftfG6nZjI,40.2036569729878,-8.40120966407148,18.809905,1779695151000,daf96d2280390dec,,13.2
9.80331,Lisboa,04-05-2026 05:01:46,0.2,75.3,SBU92pdpf7BhDNMdtQVQ,38.7163994952598,-9.13000492507222,19.768764,1777870906000,64a94f9052422a0c,,19.62
9.784782,Braga,01-05-2026 13:13:27,0.64,89.2,F8wHHY0UqkxiVX3rU4hX,41.5248499018229,-8.41149974957843,19.457247,1777641207000,de2dde23040292bc,,11.92
9.800315,Porto,26-05-2026 10:20:03,0.21,92.7,qTKOeFDGxdF2KkxkqXg5,41.1489905865117,-8.63416904457677,18.454134,1779790803000,8e2e127651e9cbde,,21.1
9.791461,Porto,03-05-2026 03:18:28,0.97,79.4,3apcExy6jl792cJZ6TVP,41.1432338241841,-8.62846705394531,17.737073,1777778308000,bbbe498ee44f6349,,16.99
9.785044,Coimbra,16-05-2026 12:45:05,0.43,96.3,0eKxhGR5dloZHc9ze4D3,40.18842381207,-8.42809855207271,17.775,1778935505000,7e8fb26408446272,,18.52
9.838825,Lisboa,05-05-2026 04:38:47,0.35,65.6,DaxmsKYtVNpDxLFXXmU5,38.7370704986638,-9.15240241063116,18.199058,1777955927000,867d47425e9cccc7,,14.07
9.819242,Braga,02-05-2026 03:51:26,0.18,82,IwO1S4a8vaWQy2VUtgnH,41.5265305654774,-8.39530205710003,18.069044,1777693886000,06961ead71f8b1d8,,16.46
9.81227,Braga,07-05-2026 21:52:37,0.48,86.6,rfc6o52HAS5xDVfLgGiO,41.5410700511382,-8.39322500624265,17.054455,1778190757000,517fc5ca69b652a5,,26.53
9.770958,Coimbra,22-05-2026 02:47:30,0.18,78.5,9ipsq2u7ZzS1VuuCroe8,40.1803408231946,-8.40550486999016,18.23195,1779418050000,ec75a53f04901eec,,15.51
9.805838,Braga,06-05-2026 06:57:45,0.18,75.1,gkCDuAhIw9XnCtDq2hfk,41.5257500200565,-8.40700863338444,18.83544,1778050665000,8dc02e5c153f83a3,,19.43
9.796142,Lisboa,02-05-2026 22:59:15,0.09,89,12ujfTp9wzGdRtq0lb8z,38.7399248987736,-9.12567323904869,18.699004,1777762755000,6f36a3307488809f,,20.52
9.79342,Coimbra,05-05-2026 14:21:46,0.22,74.4,gZYihad1Xoim0zxRO8Pf,40.2063215061451,-8.40675630179118,18.62379,1777990906000,9d16533a62ab9315,,17.92
9.812347,Lisboa,04-05-2026 03:06:55,0.18,92.8,5PCZif521Zvhc8Ddk7KB,38.7448411659428,-9.16871694137003,18.539444,1777864015000,2f2bd7547d602b7a,,17.19
9.805646,Coimbra,21-05-2026 17:05:58,0.25,91,wn6lrrC4jcNNNpPsFA4J,40.2030908249163,-8.41859138233371,18.869156,1779383158000,e7eb35b501d57e1f,,23.22
9.81042,Coimbra,07-05-2026 15:53:29,0.09,86.8,mP4ZHpOZIYbyYTwEIYFw,40.1795928460152,-8.42587050179431,18.224586,1778169209000,2a339e8954684016,,17.48
9.81194,Lisboa,16-05-2026 11:31:09,0.25,86,ob5ZXrdZEHwXLokgpQpr,38.7162725827993,-9.16146130253768,20.154327,1778931069000,234da97fe615c6b7,,13.98
9.785716,Porto,28-05-2026 22:43:47,0.24,91.6,Zyw712llpLuZVSw6LbTS,41.1721586993394,-8.59698232200883,18.649836,1780008227000,53c682ded6545e06,,20.51
9.809755,Lisboa,28-05-2026 08:04:09,0.02,71,m1Z4FItlFcfdoMobHEav,38.746468195862,-9.13489752504523,17.152593,1779955449000,c85cdb0ef48d09c8,,21.9
9.807059,Braga,09-05-2026 14:45:20,0.1,71.7,Z23udbjLT6jXh2H3x9ex,41.5619480688668,-8.43798940470392,18.31999,1778337920000,d4389e820d4f82fa,,15.75
9.793556,Coimbra,16-05-2026 15:51:35,0.07,82.4,kU8BYO9FPulT9JS47NYw,40.2079449044562,-8.42185562513582,17.356613,1778946695000,bb4bb9fbcfcc16d1,,16.12
9.814641,Braga,19-05-2026 08:50:57,0.42,65.5,USsilUa8S8Kz2X9KclMu,41.5543387190904,-8.40381179163854,17.516197,1779180657000,64a94f9052422a0c,,17.15
9.816218,Braga,25-05-2026 02:05:50,0.26,94.8,vVepwukO49f0TQOU4vCa,41.5529409332713,-8.45506386869884,17.916279,1779674750000,bc74204126e384ca,,17.92
9.789949,Lisboa,18-05-2026 00:20:24,0.09,79.8,YgUadyCUAk4AF4ywIyg1,38.7066229356806,-9.12592946374063,18.202668,1779063624000,487b076a69a53671,,14.69
9.820387,Coimbra,11-05-2026 22:49:22,0.03,95.3,CeZ2csbuq8gevk4ykUeJ,40.2188914352932,-8.40478124140735,18.252099,1778539762000,de2dde23040292bc,,20.76
9.801976,Porto,24-05-2026 10:25:44,0,82.2,bB8PkM4BkdgvnmASJU7U,41.1491493227987,-8.59429460637397,17.899652,1779618344000,13db178cd9a1e37a,,14.91
9.81049,Lisboa,05-05-2026 15:45:00,0.44,85,zKJ1FjdxaBfs0QOMEmgb,38.7309722948788,-9.1533227611922,19.209761,1777995900000,1d6285f5502cf1f8,,26.61
9.794653,Braga,04-05-2026 23:27:44,0.06,88.7,2htYzEF5QqfPIylx4yxl,41.5276249205763,-8.4415210246497,20.044456,1777937264000,102edb38b5ec347f,,14.77
9.793206,Coimbra,13-05-2026 18:53:03,0.64,74,1rKdjWSQgfQwZIAWLoJd,40.178709289343,-8.41456053382274,17.907451,1778698383000,c34c1310eab19c87,,14.96
9.813008,Coimbra,26-05-2026 23:55:10,0.56,83.4,37EK4pEtfz52TcGK5HZK,40.2204938987966,-8.41605295767477,19.323432,1779839710000,2b95dd3cf28e7c18,,15.69
9.792032,Braga,09-05-2026 09:25:06,0.4,84.9,knZmicBfRBm0Oj1Mqu6U,41.524895200732,-8.40794355712242,20.023491,1778318706000,c85cdb0ef48d09c8,,22.72
9.800616,Porto,27-05-2026 19:11:23,0.41,62.9,2rHD63aYSNLHYAhAjjKL,41.1355994595068,-8.62505739764432,18.096076,1779909083000,574582321d04df00,,22.95
9.778111,Porto,05-05-2026 21:39:44,0,74,s3I4w4AqyPFKMEclrzjN,41.1808461439511,-8.62460414099946,17.825092,1778017184000,19a558ecc36977ce,,16.2
9.822457,Coimbra,17-05-2026 02:13:06,0.04,69.3,pdVE6r5xbv0Yttr1F2SR,40.1783942318482,-8.38275592827854,17.982753,1778983986000,5a7b6516c51a4d4e,,20.06
9.824232,Porto,15-05-2026 14:05:06,0.46,68.8,CX0urUAMPfmCn60AVFWH,41.1834148442199,-8.64861167448774,19.561909,1778853906000,c7f34dc43387f858,,19.33
9.79503,Lisboa,08-05-2026 17:12:58,0.03,95.5,tTGziX2H4Kblm41m1dpc,38.7396349565245,-9.13824311906371,19.004327,1778260378000,8e2e127651e9cbde,,18.27
9.851215,Coimbra,10-05-2026 15:58:46,0.07,97.6,x0DGzO7hRbpxFMCl93EL,40.1790301769416,-8.42017190277008,18.892786,1778428726000,c9ab51cba10ae1e9,,20.58
9.837373,Lisboa,13-05-2026 13:21:38,0.21,70.4,1Sfsbydk2KX9n2oPoRnr,38.7138894377975,-9.11592954924697,19.105797,1778678498000,c7f34dc43387f858,,10.97
9.786335,Coimbra,01-05-2026 10:22:00,0.08,59.6,6iPlMZaoqMZ8tT9TPrB5,40.2040171873401,-8.38451956436527,18.583877,1777630920000,102edb38b5ec347f,,24.01
9.811482,Coimbra,11-05-2026 14:13:55,0.41,96.3,tRH0NzLgaGQ911xJPMMs,40.2222856723327,-8.41319896370977,16.5181,1778508835000,9d16533a62ab9315,,17.78
9.817681,Lisboa,17-05-2026 07:47:55,0.62,79.7,Ou3rqPT85PtmjHWp5dZ2,38.7322583192946,-9.14056396155269,18.348561,1779004075000,c9ab51cba10ae1e9,,12.78
9.823393,Coimbra,02-05-2026 05:39:27,0.28,83.7,Fsq6AzyVcLTK0mvUToRI,40.2119686461474,-8.39752002336163,17.589526,1777700367000,d632e4ce536ec364,,13.76
9.808746,Coimbra,25-05-2026 15:03:52,0.3,89.6,2k1Q4JlsgEiVqUZJW6l8,40.2252524532497,-8.39814838046389,18.612793,1779721432000,8e7f2987241c2818,,15.88
9.794143,Lisboa,11-05-2026 20:11:45,0.31,78.9,3tAY4vxqLsD2hEd3OLL8,38.7306394791344,-9.15852401348008,17.550494,1778530305000,c7f34dc43387f858,,13.21
9.849295,Porto,06-05-2026 19:35:44,0.21,80.4,RyHtAd32jimvAK56Dju3,41.1563998613498,-8.65100819432524,18.273275,1778096144000,e1bd0a847e7079be,,17.55
9.805581,Braga,09-05-2026 14:00:54,0.23,86.1,OdaCrnWXkKWkFYWXfiNB,41.5604628386443,-8.42739605521785,17.50508,1778335254000,1791998ac3161359,,15.7
9.804499,Coimbra,19-05-2026 14:35:45,0.45,57,cImUx8a5uW1HmbRaOUpo,40.1980832427247,-8.3773999184629,19.621373,1779201345000,72bd2672c948d2cb,,24.58
9.805019,Lisboa,25-05-2026 10:25:46,0.09,85.8,tke0ct8sDUHMHvB4Riv5,38.7121529719193,-9.16679825033486,20.9739,1779704746000,d57d393b16ba030e,,22.48
9.807442,Coimbra,20-05-2026 13:59:07,0.48,70.4,ooUinUbLGkhxTPYcy4Oq,40.1956995402633,-8.43232921898454,18.490906,1779285547000,bb80f878cef35322,,14.97
9.781555,Porto,06-05-2026 05:57:40,0.32,73.5,1bdShACyhJqESjnSROat,41.1629719047372,-8.66152157825897,19.788697,1778047060000,d632e4ce536ec364,,21.53
9.809841,Coimbra,14-05-2026 02:32:46,0.02,94.8,MSiA15gGUNhshYgFmMmX,40.2120298958388,-8.39881196432897,16.968557,1778725966000,5e1de20fecf98844,,24.09
9.820778,Lisboa,18-05-2026 09:00:32,0.06,69.6,AskcJF6nS7EvpaaQf6h1,38.7402009542083,-9.10655337566247,17.00516,1779094832000,13db178cd9a1e37a,,12.47
9.828524,Coimbra,25-05-2026 20:10:47,0.42,99.1,UUg5qPoDsqDdg0l3c2sx,40.1843537836578,-8.43928239112247,18.811493,1779739847000,f7c6682ad24d37f8,,15.4
9.800257,Lisboa,03-05-2026 05:27:52,0.26,74.1,2iQPkvw5C9Nr4Ufx0vlh,38.718303737148,-9.16588511854588,18.108779,1777786072000,9d789fd91804129f,,14.68
9.815409,Coimbra,19-05-2026 17:23:28,0.07,79.5,2EZAP4ZkhiSUd82kgA6L,40.1979135068163,-8.41337284591259,16.977845,1779211408000,5a7b6516c51a4d4e,,15.69
9.825108,Coimbra,09-05-2026 19:11:01,0.29,85,yXwNb3R41U5iE6Fh4ACc,40.2196223146608,-8.39768706730588,18.21444,1778353861000,7d176c63414fcd05,,21.01
9.776612,Porto,26-05-2026 11:27:25,0.2,85.4,VKUKo9Q3vHHSSNgBQUpE,41.1450270819574,-8.64242338734086,18.547211,1779794845000,daf96d2280390dec,,14.95
9.773902,Lisboa,08-05-2026 05:11:41,0.01,63.7,0J5NdaP7kG2E2F3keWFu,38.731140383612,-9.12951279757048,18.043625,1778217101000,3993ad7e2565b6b0,,14.38
9.822772,Braga,25-05-2026 14:36:55,0.02,63.4,JPyz0pfDCZKCf2FCuhFV,41.5362683123645,-8.44250619953201,16.631756,1779719815000,c34c1310eab19c87,,15.39
9.810948,Porto,28-05-2026 01:06:16,0.12,71.4,a0fYM9NOt4GJnPQD8vx0,41.1364427179026,-8.63538733076509,18.937241,1779930376000,867d47425e9cccc7,,15.69
9.826714,Porto,17-05-2026 02:46:34,0.16,68.7,XNMETQxTChgWQoavw1O9,41.174995806171,-8.60440456576319,19.428283,1778985994000,d5eb4d757b335d0e,,8.11
9.794062,Lisboa,06-05-2026 03:52:27,0.06,85.8,5kFi0TVUAgqNmmh72znD,38.7248752939868,-9.14802858347799,18.225208,1778039547000,552b8d6c350cb13c,,15.58
9.811732,Braga,21-05-2026 02:53:34,0.35,78.4,7O1RLhX5CDQL9Gi9FaHV,41.5571065590879,-8.45480011944729,18.416153,1779332014000,552b8d6c350cb13c,,19.35
9.815795,Coimbra,13-05-2026 01:13:08,0.26,100.8,z9vsCZiiAMS4VGt1SJ3u,40.1989078918829,-8.40259381718458,17.749771,1778634788000,c9ab51cba10ae1e9,,22.8
9.801838,Braga,15-05-2026 02:32:58,0.3,59.6,w6RiTP9lGISOuThWwJEL,41.5292479942936,-8.4175411760786,16.231046,1778812378000,2b95dd3cf28e7c18,,16.59
9.810368,Coimbra,26-05-2026 22:02:30,0.1,96.8,42BZaHgbyjdQdmrWYksR,40.2127091576283,-8.38245248596257,17.691267,1779832950000,d0825fdf3da3660c,,21.32
9.765777,Lisboa,15-05-2026 07:51:49,0.23,82.4,WIcw0CgN3RVJ3oVPJypG,38.7032071139747,-9.16961356739119,16.517191,1778831509000,057c44d337463e07,,22.58
9.81677,Lisboa,19-05-2026 12:34:33,0.19,75.8,A9YRu9JdaVqmN3X33C1o,38.7327185584801,-9.17065544545153,20.277463,1779194073000,95744df47936b8c4,,18.73
9.811431,Lisboa,13-05-2026 09:06:55,0.14,75.2,vDT7jcj7uMdX7ON1QtFY,38.7023235726498,-9.13348696843352,18.285093,1778663215000,72bd2672c948d2cb,,22.15
9.7998,Lisboa,26-05-2026 12:07:46,0.29,77.3,9lHeYGkAIIzfwo4nQvvx,38.6992355398914,-9.12492547754408,17.645507,1779797266000,c34c1310eab19c87,,19.51
9.82514,Lisboa,26-05-2026 18:04:33,0.26,70.8,J0WPahQwCp5PN6Np9cR4,38.7070960302284,-9.1218126272225,19.440778,1779818673000,102edb38b5ec347f,,19.65
9.847536,Lisboa,06-05-2026 12:05:25,0.37,72.3,qIUsb6H0XxGZGCFcs5Pm,38.7158941144055,-9.11879828483341,16.438816,1778069125000,95744df47936b8c4,,23.98
9.823087,Lisboa,09-05-2026 03:01:44,0.08,79.4,XIIaOenQOXn3RB1gnI1S,38.7230503145572,-9.10827735733839,16.777598,1778295704000,b8e78b83a62a0cb7,,27.78
9.812584,Coimbra,08-05-2026 11:08:13,0.22,81.1,DTvcfedlYqJeK0o6qAyC,40.2112143105175,-8.37920827030549,18.513593,1778238493000,da211edc7bac01a0,,18.9
9.794191,Coimbra,06-05-2026 17:50:10,0.56,84.7,aPUNeWVLcS2ew7GgsYRt,40.1996833482539,-8.44445726540166,19.699611,1778089810000,1b38ab967d98cc4e,,24.37
9.799776,Porto,19-05-2026 12:22:44,0.04,70.1,0QbEkIoiVzYZ2Is9OjtR,41.1461019301937,-8.59849650639742,17.895501,1779193364000,24d6a87b0598b02e,,22.38
9.776151,Lisboa,27-05-2026 22:42:11,0.05,95.3,hcaKMzIJ8ftnVV5UwnA5,38.746999173751,-9.17313536924901,17.39927,1779921731000,bc74204126e384ca,,13.95
9.776903,Braga,13-05-2026 06:27:55,0.02,88.2,hlQZK2d2W7JDPJesQeqg,41.527091517,-8.44664544564546,16.506942,1778653675000,5311a0642c2564ad,,12.82
9.803284,Braga,17-05-2026 01:28:09,0.08,96.7,iQPpgsNe5muFCvNQtSLj,41.5575818320779,-8.42742422556363,16.380141,1778981289000,3bd002cf1fcfa789,,17.02
9.804546,Lisboa,09-05-2026 04:28:45,0.02,53,upYoTVPBr1xiRUv4EDCw,38.7389158039065,-9.10755426904239,17.593611,1778300925000,72bd2672c948d2cb,,20.78
9.798527,Braga,20-05-2026 06:17:17,0.01,74.5,GaQp29ZNRkWGiCklK8KQ,41.5434938597711,-8.42574876358126,17.265102,1779257837000,3b1338c1207d1e2e,,15.15
9.812129,Braga,18-05-2026 10:01:37,0.45,77.5,oWFoeqxocQnH6YxyE6D4,41.5581396824168,-8.42769024614031,15.611159,1779098497000,552b8d6c350cb13c,,22.37
9.834922,Porto,06-05-2026 00:15:57,0.1,59.3,9HO1r1VqLIKlyPyxLP51,41.1330548288784,-8.61844737906798,17.563481,1778026557000,13db178cd9a1e37a,,12.37
9.794444,Porto,11-05-2026 19:41:47,0.53,68.9,zw03wFYE4MaG4iCkoeGP,41.1587997973677,-8.63797005450039,19.260122,1778528507000,c0014ea2ee2fdaea,,23.09
9.824433,Lisboa,18-05-2026 14:01:13,0.16,68.7,T0hQoAZvUhEREEnLkP1A,38.7067219080452,-9.16097058723793,18.473808,1779112873000,a8c47673d6a4f85c,,13.11
9.803809,Lisboa,04-05-2026 08:12:28,0.38,83.3,yyigbmH36GRA0jMglE5N,38.7451070278287,-9.13261851620506,19.107836,1777882348000,06961ead71f8b1d8,,17.26
9.799546,Porto,06-05-2026 16:54:59,0.21,90.5,EQi5MI0a58XRPBHAx3cS,41.1782986628368,-8.62684575383562,16.601085,1778086499000,1b1cc9cee9f27003,,11.77
9.82212,Coimbra,19-05-2026 12:10:21,0.53,67.2,LZV6W1SKgBiqEXo62fsM,40.1886922432367,-8.38892646452755,16.270191,1779192621000,9cbee3c1d7168837,,24.79
9.81422,Coimbra,01-05-2026 08:17:18,0.16,79,HhHayPnSZuAxgjBPLqq2,40.1902214556428,-8.44526480089515,18.373356,1777623438000,5afe6ceac06784f5,,17.85
9.832066,Coimbra,20-05-2026 07:04:03,0.05,81.1,nAJYJElxJJEqtKwXTzVi,40.2067921963249,-8.40238969874859,17.518454,1779260643000,b572bc65fae8bec1,,17.77
9.816156,Porto,08-05-2026 20:30:17,0.4,62.9,nGzYvZJNSRTdky9OaZf0,41.1712819799163,-8.63293036855239,18.95942,1778272217000,6588d11c4a11acb1,,18.68
9.80632,Braga,05-05-2026 06:41:28,0.1,80.2,qoxfMcUy7zNPHsT9Md8X,41.5438701061149,-8.41926718451733,17.36656,1777963288000,8e2e127651e9cbde,,14.89
9.813917,Braga,10-05-2026 19:00:21,0.12,70.2,Q7ZHsmcYMGHSoNkRcxpP,41.5529757385604,-8.43090323175236,16.231333,1778439621000,53c682ded6545e06,,22.12
9.819452,Porto,14-05-2026 09:29:23,0.29,82.6,zwQzzLmHaVTe6fJsU1J6,41.183584904336,-8.65873281837618,19.774926,1778750963000,8f8c45c33ff51d0e,,22.06
9.773183,Lisboa,11-05-2026 23:39:12,0.19,67.2,9mD7zKaqlAGgJeGsv8hZ,38.714063646562,-9.11746187585417,17.989274,1778542752000,a8c47673d6a4f85c,,20.07
9.795485,Lisboa,28-05-2026 21:47:59,0.23,81.9,SC9yKEXpWv9XDRD5L3bE,38.7426101248073,-9.117625742648,17.413967,1780004879000,487b076a69a53671,,12.37
9.791535,Porto,11-05-2026 16:45:50,0.29,66.5,SoZuA9wHIaS1qpsfzRV0,41.1448222542225,-8.63751501128421,19.135177,1778517950000,3811390588367f0e,,14.2
9.862648,Lisboa,24-05-2026 03:13:38,0.06,84.9,wn5Krl8VR76mFVmpVp3q,38.6994055334144,-9.10944123499804,17.06429,1779592418000,1791998ac3161359,,20.8
9.798487,Braga,18-05-2026 06:48:07,0.77,81.2,Xgh6fR9QFNaW2I9c2ExN,41.5307771921121,-8.4023336873232,18.472427,1779086887000,8dc02e5c153f83a3,,22.6
9.795936,Lisboa,28-05-2026 21:21:48,0.53,79.7,rFlW6GrzoWKidHZBE8Ic,38.7218863799824,-9.10570608207698,17.698969,1780003308000,e1bd0a847e7079be,,25.25
9.824155,Lisboa,09-05-2026 11:39:25,0.19,74.4,hSHDuSaaRnyLguxN3qlJ,38.7165607080947,-9.12640271128081,18.986709,1778326765000,82a83fc853728306,,20.49
9.813554,Porto,27-05-2026 23:01:04,0.11,66.6,2ymjZ9VjEZalAFi52OHI,41.1698240467325,-8.60728996659703,18.53414,1779922864000,ae7ec9246c4649bc,,20.24
9.831616,Lisboa,28-05-2026 06:56:19,0.14,88.3,KdzgSkdn0qE1OgCVvqxx,38.7377079939895,-9.15314048309225,17.90145,1779951379000,bbbe498ee44f6349,,11.36
9.818592,Lisboa,18-05-2026 01:03:00,0.08,82.1,R9MmKKPPIlXswuRGFXVC,38.7138835665124,-9.1454074023469,16.621843,1779066180000,e1bd0a847e7079be,,13.68
9.831063,Porto,08-05-2026 00:45:37,0.2,79.6,kOZ7vAONKz26efkvouuP,41.1514778274921,-8.64441114131871,18.059381,1778201137000,e1bd0a847e7079be,,18.12
9.828766,Lisboa,20-05-2026 04:44:19,0.03,74.8,4CX38xVLH9CAkl2biUpQ,38.7336634195597,-9.13200585866612,17.396491,1779252259000,7e8fb26408446272,,16.26
9.803817,Lisboa,04-05-2026 21:16:55,0.14,82.2,kzgge74EJdbXzHWfgqNj,38.7460836399999,-9.12540891364113,19.199573,1777929415000,057c44d337463e07,,14.42
9.806263,Porto,16-05-2026 00:26:34,0.43,75.6,pVsCOiiH1kbcQw36u3ED,41.1662609728403,-8.6014528916442,18.432818,1778891194000,06961ead71f8b1d8,,22.13
9.780289,Lisboa,27-05-2026 04:18:56,0.27,82.7,LMDOVO4KBHOOIt6wEIoZ,38.724921447443,-9.16455524612628,18.132573,1779855536000,e7eb35b501d57e1f,,22.26
9.799654,Porto,13-05-2026 14:41:49,0.69,94.1,taaH0W2iwsEIaS7F8WEt,41.1547604533616,-8.63872640507003,18.126815,1778683309000,8dc02e5c153f83a3,,16.22
9.814684,Coimbra,10-05-2026 02:47:26,0.3,95.5,bjdIblgsriTCUaofjaFn,40.1909952307396,-8.40162093755894,19.099006,1778381246000,574582321d04df00,,17.14
9.809011,Lisboa,25-05-2026 04:40:23,0.34,86.7,DSYcvf1W8jdrXzeIElm5,38.7179931191591,-9.11952373642343,18.531421,1779684023000,cbf338d836298cb7,,18.67
9.819849,Lisboa,06-05-2026 22:05:43,0.74,82.9,TpyXCpVcmDVXgHQnEyR9,38.7394315562275,-9.11658028239585,17.922109,1778105143000,daf96d2280390dec,,15.88
9.797537,Lisboa,03-05-2026 01:09:00,0.19,74.4,7JHhqEOtmx4d3QnhpOBu,38.7458556468742,-9.16292895165384,19.176554,1777770540000,c7f34dc43387f858,,23.68
9.798585,Porto,06-05-2026 19:24:06,0.14,71.7,YpacLYSESMjxXfpkFfRN,41.1399374412835,-8.64515874697886,17.386362,1778095446000,24d6a87b0598b02e,,20.53
9.814058,Lisboa,03-05-2026 21:57:57,0.46,64.8,wPjSIYgiFouJYPWwZ5CU,38.7455658576299,-9.10490238193097,20.069936,1777845477000,6214b1b462c04096,,15.55
9.802246,Braga,07-05-2026 12:58:27,0.1,82.9,5cFTCJsISFmKlIwuUDr3,41.519553027118,-8.43531910153168,18.56079,1778158707000,487b076a69a53671,,26.04
9.806461,Braga,15-05-2026 08:29:01,0.41,72,qIxDaXOGyUl4bN2xXNpu,41.5221193122208,-8.451390279493,17.485531,1778833741000,f879804e4456e5d4,,17.87
9.845891,Porto,19-05-2026 19:27:34,0.07,74.8,HRFXJjNsuAPuhgHQec18,41.1664476370861,-8.62630592654787,17.899468,1779218854000,5311a0642c2564ad,,22.75
9.860539,Braga,06-05-2026 04:43:41,0.15,74.7,mgcKP1yQFHNSLqdxoMTe,41.5280464778484,-8.4603190983051,19.0547,1778042621000,c6a2d85265d19a41,,20.73
9.846934,Porto,24-05-2026 20:31:44,0.11,85.8,41fDZOdxJV84A0xYTd0N,41.1811314192191,-8.64999013924501,18.547589,1779654704000,430f674c6dfe941a,,22.43
9.82641,Lisboa,15-05-2026 18:04:28,0.32,85.1,8n9HggUoIymmHQpKO8lJ,38.7238671264569,-9.12308307900287,19.315706,1778868268000,f7c6682ad24d37f8,,23.53
9.822974,Coimbra,28-05-2026 23:44:43,0.04,78.3,RDSQB4gkYlJzGvQkIMC7,40.2165898656088,-8.39147295920214,19.069483,1780011883000,3bd002cf1fcfa789,,14.73
9.817373,Lisboa,16-05-2026 18:14:58,0.01,76.1,xAWOB0UuMpKInyXJ7Vqx,38.7440342101495,-9.1358336577015,19.105825,1778955298000,53c682ded6545e06,,18.76
9.810929,Coimbra,02-05-2026 16:23:06,0.22,66.4,MbHi4taton2ubX08S0r6,40.2004649857709,-8.41757600762166,18.676413,1777738986000,d0825fdf3da3660c,,26.65
9.803844,Braga,08-05-2026 13:52:40,0.07,82.2,qx4LpoqZtfKzK6nUeUuY,41.5234914829785,-8.42935936076656,19.451297,1778248360000,bb4bb9fbcfcc16d1,,17.62
9.81558,Coimbra,28-05-2026 23:21:34,0.06,86.1,6gMPtcUZKyfXd6Xvw40B,40.185636716843,-8.38727165702716,17.429146,1780010494000,f879804e4456e5d4,,18.78
9.831473,Coimbra,12-05-2026 00:08:42,0.04,69.7,P2M7aOXOydtHcuIKjuGS,40.2265333117663,-8.43712892892944,17.171352,1778544522000,c7f34dc43387f858,,22.78
9.779536,Braga,20-05-2026 01:44:29,0.11,74.4,WMKGfoBsYzjivfEKVdJz,41.5266726453333,-8.41397203217124,19.45506,1779241469000,57e17fffc619e182,,17.74
9.798896,Lisboa,07-05-2026 07:53:53,0.43,98.8,iEJmFzPKmJNVHpperXBu,38.6998942429175,-9.13917381442994,16.03009,1778140433000,556be8558ce56421,,19.76
9.799959,Porto,18-05-2026 17:34:03,0.21,69.8,muwMPbXtkwN0ZCNjCc70,41.1369765921323,-8.63529814303528,18.25376,1779125643000,9cbee3c1d7168837,,15.74
9.784394,Braga,05-05-2026 03:58:51,0.2,88.7,Vdp8N7j310savSZhtCEb,41.5291829853177,-8.43560396448295,17.885218,1777953531000,75778bdb64d1008e,,25.39
9.788598,Lisboa,10-05-2026 21:26:44,0.21,64.7,HWqJENUjSSQbyL5QHcqk,38.7065864995072,-9.13666948092809,17.953012,1778448404000,ce246387dd078174,,18.97
9.832346,Coimbra,05-05-2026 20:02:48,0.14,83.4,uF3MIflmG9DJ7Tbcp7Ht,40.1887830909705,-8.41873478470728,18.542113,1778011368000,1bd749deaf799034,,19.79
9.822854,Lisboa,01-05-2026 21:24:18,0.06,93.3,RwwOtpGrZdOq4y40b8J8,38.7217563731125,-9.12238468086276,18.591858,1777670658000,9cbee3c1d7168837,,17.64
9.838802,Lisboa,20-05-2026 01:41:58,0.54,73.2,ifUyH9RN3ORoApKjBt6M,38.7074814508533,-9.15025065196664,18.338644,1779241318000,ec75a53f04901eec,,12.28
9.812562,Lisboa,07-05-2026 17:27:12,0.25,73.2,IRZm3itST5H6iB6XjP7K,38.7195551332628,-9.16478661382391,17.409938,1778174832000,34cbefbc28798720,,16.22
9.772209,Braga,06-05-2026 17:55:52,0.73,75.5,u14jUbWu4A9AtCV705O7,41.5355447855303,-8.42236283636891,16.918306,1778090152000,f7af4712fd6b9108,,21.04
9.825716,Lisboa,07-05-2026 09:15:43,0.29,84.3,bWNNrMKNoMooRbwfSXEi,38.7035056622173,-9.16089944008654,18.068005,1778145343000,f7af4712fd6b9108,,17.99
9.786833,Coimbra,19-05-2026 19:25:26,0.26,95,EikmocAWa7r8AoVQmWne,40.2147490443598,-8.41921145042737,17.825869,1779218726000,c6a2d85265d19a41,,18.11
9.804378,Porto,03-05-2026 01:25:05,0.19,98,pHIzVcJyHWO9dmsCz4tX,41.1590150520411,-8.63257069880024,17.423199,1777771505000,04964f8452901231,,20.29
9.81787,Braga,02-05-2026 05:01:28,0.19,89,DL5T5m4DfquSP6TYkTUh,41.5396255968251,-8.43923748191058,19.057423,1777698088000,e7eb35b501d57e1f,,15.86
9.836348,Porto,18-05-2026 14:51:34,0.62,82,HTyUYGN8kyJycXk6vK3Q,41.1370648858614,-8.6327292905796,17.76716,1779115894000,a2fd30e5fa49ad53,,24.94
9.813958,Braga,03-05-2026 11:46:51,0.15,73.5,ttUX9CsOlh5i9maNWqaD,41.5271546829587,-8.45214195681369,17.643611,1777808811000,2a339e8954684016,,19.7
9.820457,Coimbra,01-05-2026 06:41:59,0.01,74.3,4FpnLQEDACfMMap4JrNO,40.2224922162388,-8.40722433683413,19.972727,1777617719000,a8c47673d6a4f85c,,24.91
9.818726,Braga,17-05-2026 22:38:15,0.04,80.4,j2cQK1Mtv6fdgAlkRsNQ,41.5210415908385,-8.45187869241792,18.472244,1779057495000,7182af742e04dc6d,,13.91
9.804852,Braga,18-05-2026 11:39:00,0.12,63.3,cfXtux5y0eWB1JesEihS,41.5705798614276,-8.40851022774262,18.572048,1779104340000,2618243a251bd83f,,16.07
9.84148,Lisboa,11-05-2026 04:29:15,0.44,67.7,nNdgKUOHfEUSM7YTsBM2,38.7130772512332,-9.14526918119008,18.505932,1778473755000,eb39e98aca20e7d3,,22.19
9.843679,Lisboa,18-05-2026 04:16:08,0.32,75.4,iNKFHUOFFZl4NoTsmahb,38.7093216291431,-9.13409905551869,18.125171,1779077768000,430f674c6dfe941a,,17.31
9.827673,Coimbra,11-05-2026 01:33:28,0.47,86.5,NAAcvwJZOnaOmSsqYett,40.2100748868639,-8.43731380349971,19.774213,1778463208000,153c202e3cfef4ba,,23.52
9.797489,Lisboa,17-05-2026 04:18:09,0.15,84,zUKN9b1lmv1v7RE6EZcP,38.736719774873,-9.16602799686874,18.208163,1778991489000,e9da39984fb29dc6,,15.8
9.796568,Braga,27-05-2026 01:36:45,0.35,79.7,vDY0A7Vd1HtKURuJIbnK,41.5444007572493,-8.41732234921865,18.690168,1779845805000,3c58290022ed11b1,,16.52
9.825434,Lisboa,18-05-2026 03:58:07,0.34,51.5,jr1bvyOI1kKMylMh3YWt,38.7384749241832,-9.11244283326022,16.42572,1779076687000,8e2e127651e9cbde,,16.55
9.787607,Lisboa,05-05-2026 05:07:36,0.35,67.1,4pxC18tnHtlhxYcXm6fC,38.7336313721313,-9.15511563377254,17.669906,1777957656000,c837debb39dd1e68,,19.39
9.809062,Porto,08-05-2026 11:30:49,0.02,84.8,v7EU3HtXujX3g08HRinU,41.1740473811815,-8.60005540860609,16.54607,1778239849000,5311a0642c2564ad,,21.99
9.800125,Porto,26-05-2026 08:34:33,0.13,64.4,at7cR2M3fvD4cgHXQVtb,41.155705891979,-8.61377444475468,19.430885,1779784473000,75778bdb64d1008e,,21.4
9.803027,Lisboa,10-05-2026 17:39:50,0.1,76.5,srIuXCQhrjkrha9NJGgn,38.7297979535083,-9.15938281169458,19.979775,1778434790000,5311a0642c2564ad,,19.53
9.818601,Lisboa,14-05-2026 18:01:50,0.07,90.3,pketN5vICdibE5Rdgydf,38.7249657481416,-9.15514645596805,17.629559,1778781710000,5afe6ceac06784f5,,17.21
9.808386,Braga,23-05-2026 17:34:51,0.6,80.8,DtRPTXDEo8oj35Nq6xzl,41.5234174514312,-8.40468508925963,19.324714,1779557691000,6588d11c4a11acb1,,19.39
9.82996,Lisboa,23-05-2026 00:06:46,0.63,51,beEhwED2ksXwMKiGgz0T,38.7378940657368,-9.11283220348304,18.32037,1779494806000,c6a2d85265d19a41,,22.43
9.789202,Porto,15-05-2026 15:59:35,0.32,86.1,DzLApNpJkEyevn0SLBYB,41.1484969559251,-8.61838091606289,17.485433,1778860775000,1b38ab967d98cc4e,,25.66
9.806186,Lisboa,04-05-2026 18:45:12,0.26,82.2,7TK1FhLMDuJg0Clt9zeM,38.7247044539348,-9.157561879576,18.561868,1777920312000,42d576864f9952c7,,18.6
9.817299,Porto,19-05-2026 09:27:47,0.02,104,FPQdfn0i4L5WOZaWjQjC,41.1679174788422,-8.62218552715332,18.038398,1779182867000,574582321d04df00,,22.2
9.832111,Lisboa,10-05-2026 11:58:05,0.19,91.9,R4utKY6Rt687BT6wfLaN,38.7163590577115,-9.13390603596236,16.879106,1778414285000,057c44d337463e07,,24.53
9.787073,Coimbra,04-05-2026 00:42:48,0.23,83,5J9daTJ0wh3s3bpBSLzO,40.2220724030202,-8.38537682080024,17.952935,1777855368000,cbf338d836298cb7,,19.32
9.816427,Lisboa,22-05-2026 03:01:59,0.48,84.2,nQlEimJy17x1Ajs3Qiia,38.7337357886281,-9.14580387886561,18.749961,1779418919000,ce246387dd078174,,17.02
9.829282,Porto,24-05-2026 15:02:53,0.37,91.9,BifiPZA3D5YSM7BNlDGB,41.1659130271192,-8.65463363600806,18.796682,1779634973000,ec75a53f04901eec,,20.8
9.804049,Coimbra,21-05-2026 14:53:42,0.05,93.8,aKF2UpTGrA7IKxccKETx,40.1970745885374,-8.4296909441224,17.979625,1779375222000,a8c47673d6a4f85c,,17.31
9.810312,Porto,04-05-2026 21:16:49,0.43,69,UUH2WXrDHfH4NfpEOVQ9,41.1622345185352,-8.59598284437652,19.834817,1777929409000,bc74204126e384ca,,14.61
9.760012,Porto,14-05-2026 11:43:02,0.42,102.9,iNrr2qaVhMl6LVjQCxZl,41.1377483319625,-8.65944865225926,16.534613,1778758982000,487b076a69a53671,,22.09
9.858795,Lisboa,09-05-2026 18:39:28,0.17,93.8,H3cvf9jM70j1FWAXypQC,38.7375565113421,-9.15755900291696,18.623549,1778351968000,153c202e3cfef4ba,,21.41
9.825179,Braga,17-05-2026 18:02:32,0.03,82.8,PqW0hdkDzEtEV8W7IoyR,41.5297862487492,-8.40959059602134,17.792586,1779040952000,1d6285f5502cf1f8,,14.98
9.804386,Coimbra,22-05-2026 02:30:07,0.03,63.1,s7ZCyRu9HR9cg6IOw92B,40.2019278359891,-8.43538897703553,16.845795,1779417007000,9d789fd91804129f,,13.59
9.813598,Lisboa,05-05-2026 18:30:02,0.28,93.9,PLzDXRVpURLXmHvRSluJ,38.7133882310456,-9.15542084096788,16.523097,1778005802000,487b076a69a53671,,14.04
9.828815,Porto,01-05-2026 13:56:09,0.07,70.2,gHgRCwoUsqmcbNfd8MQ5,41.1672313097573,-8.60531027781985,18.448867,1777643769000,93279918e60ec274,,14.13
9.812108,Braga,06-05-2026 19:47:00,0.18,66.7,2MiyQW5PKZ9l5hSlqsDQ,41.5697264281258,-8.41653717264208,18.31189,1778096820000,1b1cc9cee9f27003,,11.63
9.818809,Porto,14-05-2026 10:00:36,0.17,79.8,BS5QXXuqkXerXdyyvdq9,41.1653941549177,-8.59878307432001,18.212723,1778752836000,daf96d2280390dec,,23.46
9.812504,Lisboa,10-05-2026 17:47:47,0.04,75.7,zlPFgjIXBnNPg6CTqgce,38.7049081748866,-9.16910375897607,18.395802,1778435267000,7d176c63414fcd05,,18.2
9.810812,Porto,22-05-2026 15:29:24,0.2,73,5FjPOa7cQyrjSv5zKaGT,41.1617526100842,-8.64698794502424,16.608207,1779463764000,bb80f878cef35322,,25
9.785123,Coimbra,04-05-2026 09:40:19,0.22,73.1,oay9S0XEhKI7wvRtzdO9,40.202119527828,-8.41709365821461,18.900047,1777887619000,ce246387dd078174,,16.82
9.834955,Porto,17-05-2026 12:12:06,0.08,73.3,1DWXsPmlJc9yQmtSy5gO,41.1506291822508,-8.60375729279165,17.079608,1779019926000,a2fd30e5fa49ad53,,26.58
9.786248,Lisboa,22-05-2026 06:17:16,0.19,83.1,micmbULpFyeYIPtFI91Z,38.7215711905447,-9.11263769315189,18.390047,1779430636000,42d576864f9952c7,,17.26
9.807404,Coimbra,17-05-2026 11:17:44,0.04,80.4,vYUczhnZPQHD8R33IjVL,40.2284950287476,-8.44449068546995,18.811283,1779016664000,6214b1b462c04096,,26.84
9.79885,Braga,07-05-2026 20:57:53,0.03,66.3,PbE66NcpSPialOd5t0Yg,41.5683400767748,-8.45991476997483,20.408559,1778187473000,c6a2d85265d19a41,,14.79
9.842782,Coimbra,04-05-2026 02:30:57,0.17,96.8,0ghFMZNoeZmBvZ1VRzuh,40.2093062040341,-8.38658959121483,18.581765,1777861857000,f879804e4456e5d4,,24.51
9.802417,Braga,11-05-2026 08:25:59,0.17,78,cLlvehrjWAkSxJkCp7Lc,41.5357658442057,-8.39297194871468,16.95766,1778487959000,556be8558ce56421,,15.4
9.816618,Coimbra,14-05-2026 03:40:45,0.6,88.3,CAp8lNScMlTFN8fO0Ytw,40.2136873602526,-8.43107535864723,18.790675,1778730045000,c0014ea2ee2fdaea,,22.91
9.785807,Coimbra,06-05-2026 16:54:23,0.13,96.7,gNx3WIGoDXOQnrdmhYjR,40.176546755476,-8.42899111938729,17.210795,1778086463000,514af2be7dc985d8,,17.78
9.821167,Coimbra,03-05-2026 02:13:59,0.16,80.8,PxsnBqvNZ4WDcgVd7Ilk,40.2031658011072,-8.43435602276423,17.060493,1777774439000,1d6285f5502cf1f8,,18.68
9.781726,Porto,12-05-2026 10:08:39,0.27,78.9,CLLuAmVR5uoXhuogpVA3,41.1570933145786,-8.65663691315805,17.316196,1778580519000,c51d4eb54f89fec8,,22.94
9.831826,Braga,23-05-2026 20:44:36,0.33,86.1,Fd4Bjn7NDlyxiDUmOwrm,41.5386787422241,-8.44665447975657,17.845418,1779569076000,34cbefbc28798720,,22.85
9.812834,Lisboa,03-05-2026 21:29:57,0.12,103.2,ih2DDAkWvo4sMkYYO8N5,38.7021694151629,-9.12599629333403,18.124883,1777843797000,c9ab51cba10ae1e9,,16.76
9.812671,Braga,12-05-2026 03:37:21,0.21,78.5,A2HF3nLE1DraUBV3ppuB,41.5496185622945,-8.42269362449071,18.979373,1778557041000,1b1cc9cee9f27003,,14.86
9.783375,Braga,08-05-2026 05:33:44,0.15,61.6,K5aAccEUXGcBHzEZZS0g,41.5665584430778,-8.41987857892208,16.830008,1778218424000,3bc1bf7fb69f3ba3,,9.39
9.817772,Coimbra,01-05-2026 14:28:25,0,104.9,UA8niwspPfbEQtkTD2KV,40.2030453920902,-8.43977668648462,18.656263,1777645705000,5a7b6516c51a4d4e,,18.33
9.808022,Porto,07-05-2026 17:30:30,0.09,89.2,TzlY3xODTOa3Oey5SvHc,41.1836267477628,-8.63169919065098,18.165414,1778175030000,e1bd0a847e7079be,,19.29
9.792031,Coimbra,18-05-2026 17:55:16,0,80.3,lPJTeJTXnivpIhPEV8WL,40.196041899125,-8.40187690579891,18.877927,1779126916000,3b1338c1207d1e2e,,19.9
9.809499,Braga,16-05-2026 13:22:02,0.42,88.2,5rGRBrdexwCFGH1hETIR,41.559071382585,-8.40767680396832,18.787309,1778937722000,3bd002cf1fcfa789,,18.04
9.783763,Lisboa,04-05-2026 04:27:42,0.09,69.3,54Dffz5ls99egkrhSjFj,38.7197068300685,-9.14842618530804,17.264251,1777868862000,5311a0642c2564ad,,17.25
9.811133,Braga,15-05-2026 05:34:01,0.02,85.3,RI7iEwACVPbsmeb3Zo18,41.5465171336424,-8.41731688669483,18.317635,1778823241000,2a339e8954684016,,18.26
9.770491,Lisboa,16-05-2026 20:10:28,0.04,70.6,LQSH1JCDtKi5YtkYqoEx,38.7175313486279,-9.15018099988826,16.600796,1778962228000,c6a2d85265d19a41,,20.4
9.840615,Lisboa,18-05-2026 03:24:56,0.06,92.2,D9kN7kTIsll1TS5QYjkp,38.7368665003713,-9.1706319780002,19.391341,1779074696000,d0825fdf3da3660c,,18.59
9.803258,Porto,07-05-2026 03:21:08,0.09,73.9,qxlnJTcQuwjxCIkIth6b,41.1331221538725,-8.64225212081254,17.505081,1778124068000,131c7dd8f3ab4b35,,18.68
9.813211,Coimbra,23-05-2026 05:39:22,0.13,80,ujaVIGvPTsE5s8WKQjZK,40.2265777447347,-8.39131495593351,19.133857,1779514762000,430f674c6dfe941a,,21.8
9.780302,Coimbra,24-05-2026 06:03:12,0.28,54.5,ciRJhtbzN1oCwfudMPmL,40.1945889505031,-8.43771045455597,16.693423,1779602592000,1bd749deaf799034,,17.1
9.786598,Braga,10-05-2026 12:01:31,0.16,62,fI2CRQ9fGzmFuMMG8d6Q,41.5605893164009,-8.40722880231378,18.705753,1778414491000,bb80f878cef35322,,15.69
9.758179,Lisboa,21-05-2026 18:14:14,0.12,74.5,yxaswwtC3JfnU4CVAZCs,38.7167681263232,-9.1243522305672,16.399267,1779387254000,cbf338d836298cb7,,18.73
9.809694,Braga,21-05-2026 13:48:01,0.04,85.8,5Ai1LMfjntE3Hve79LWy,41.5619063469019,-8.39256297603315,16.876625,1779371281000,b30b0b43692b035b,,22.79
9.806829,Porto,14-05-2026 06:27:04,0.28,79.7,lJDTKW6iml1ysJFc00t1,41.1312573922232,-8.61914443561861,17.643547,1778740024000,2a339e8954684016,,14.46
9.806541,Lisboa,11-05-2026 21:35:06,0.41,97.1,Yajqt9O1OEhPQ5sAlF6S,38.7219814258951,-9.12269854647353,16.60298,1778535306000,da211edc7bac01a0,,23.88
9.805814,Braga,24-05-2026 22:26:42,0.31,73.3,MVxLEKB3qORES0hxGUKb,41.5199358741187,-8.40740028844342,17.510198,1779661602000,8e2e127651e9cbde,,25.3
9.823559,Lisboa,16-05-2026 12:27:19,0.65,75.1,4SiwkdrxAO69wdssHO7e,38.7040937323586,-9.16985736972022,17.867844,1778934439000,9d16533a62ab9315,,20.97
9.815986,Braga,05-05-2026 14:06:38,0.47,93,WkIu3u02RZtrRSSxgILw,41.5597879060226,-8.44935403071354,18.31799,1777989998000,234da97fe615c6b7,,14.99
9.819199,Braga,19-05-2026 02:35:34,0.6,73.2,FAv66kgnjGo1mY5JNS18,41.5190964475438,-8.42518896128642,18.555734,1779158134000,8f8c45c33ff51d0e,,16.54
9.813694,Porto,06-05-2026 15:48:31,0.29,66.5,i7bEwtSxi0C4MHWvlTtb,41.1534366934375,-8.59926105206641,19.304108,1778082511000,f879804e4456e5d4,,15.37
9.789062,Porto,07-05-2026 21:51:38,0.36,85.4,otinifBSWYhebXEWBcmg,41.1429073087861,-8.60350818988564,18.868015,1778190698000,5a7b6516c51a4d4e,,21.98
9.794864,Porto,03-05-2026 21:02:56,0.45,65.8,h6qcetQaWgYh6MnL5mlQ,41.1737249956341,-8.62813323365661,17.922184,1777842176000,102edb38b5ec347f,,17
9.836564,Lisboa,14-05-2026 11:09:57,0.14,85.6,Lwwk2GXUNpGKeg0LWaHn,38.6968799668512,-9.16383250615372,20.141566,1778756997000,c85cdb0ef48d09c8,,15.43
9.828557,Braga,27-05-2026 01:47:51,0.08,80.6,Ug7n6G2TExSLlCR9gl1w,41.5704702702112,-8.45018189454534,19.437025,1779846471000,72bd2672c948d2cb,,20.03
9.820766,Coimbra,20-05-2026 18:51:45,0.11,90.7,WuhDhHiFWxTsJUcfuFhy,40.1992009556577,-8.40929241112152,17.091556,1779303105000,75778bdb64d1008e,,13.82
9.770673,Lisboa,22-05-2026 13:14:45,0.33,100.6,JAs2Bm2e51ZE8RxlaRFR,38.7199750690667,-9.12295336572223,17.879419,1779455685000,c34c1310eab19c87,,16.89
9.816148,Porto,05-05-2026 03:02:20,0.26,88.2,jzzSLgV75kexmvmM2zho,41.1523039613647,-8.62747458937805,17.493071,1777950140000,7f281c8dbac1f799,,17.33
9.823258,Porto,07-05-2026 12:49:48,0.05,91.7,gVd1eFRblyMRujtNNgWe,41.1444372389963,-8.6292955321645,16.576426,1778158188000,da211edc7bac01a0,,19.6
9.796973,Coimbra,25-05-2026 04:05:39,0.18,74.7,GqIvZ3IIb8WcB46hyCu2,40.2191075122298,-8.43137432381312,19.215256,1779681939000,c6a2d85265d19a41,,18.09
9.816177,Coimbra,09-05-2026 14:04:03,0.07,97,Q3Xt4TkFBitTyFWhKRFQ,40.2001980287945,-8.4431075341847,20.48786,1778335443000,d5eb4d757b335d0e,,20.26
9.774785,Coimbra,25-05-2026 14:19:51,0.11,87.5,zqFLyNRwXsudbLci1xwZ,40.2019991956813,-8.38524628252268,19.174538,1779718791000,6214b1b462c04096,,20.69
9.807231,Porto,19-05-2026 11:24:00,0.06,67.8,BwwAwdQpppPtLf6Se3th,41.1722204914197,-8.62012366789813,17.016711,1779189840000,6588d11c4a11acb1,,15.68
9.821772,Lisboa,02-05-2026 19:32:53,0.12,96.7,Q3BKG5ArbSELbuyKyuKg,38.7044680611946,-9.13664100931231,16.745889,1777750373000,82a83fc853728306,,19.78
9.833933,Coimbra,17-05-2026 07:25:49,0.04,73.9,GZWQvkNtxBmFO2Ye12In,40.1817030392961,-8.39791910335579,17.888621,1779002749000,c837debb39dd1e68,,14.86
9.822966,Lisboa,28-05-2026 20:12:00,0.13,78.8,ZoNV9fT2LgLvreKZHEBn,38.7096183627014,-9.15332832454056,17.065474,1779999120000,389da1f3a7c1d8de,,16.25
9.824448,Lisboa,15-05-2026 15:40:38,0.52,76.3,ZtBQIumAzqNGDQWJl4bO,38.73826521043,-9.12881149387205,17.944812,1778859638000,57e7d972b508815d,,18.9
9.828652,Braga,23-05-2026 16:26:18,0.53,65.8,7OIZN2X6B7KUOdHmxDjp,41.5495495420925,-8.44721076110465,16.832996,1779553578000,7e8fb26408446272,,23.05
9.798963,Braga,22-05-2026 03:15:52,0.17,105.6,u316eOn2Ar0sPkqRMpzp,41.5587074231975,-8.40734172154531,18.153514,1779419752000,93279918e60ec274,,24.17
9.850122,Porto,16-05-2026 01:48:21,0.36,100.6,FJBBP5cmkribqYZrQJlP,41.1389979424817,-8.66297441116242,19.234185,1778896101000,9d16533a62ab9315,,20.37
9.825567,Porto,01-05-2026 23:11:43,0.25,74.5,35fuMt3e59A5xQQ4fz81,41.1829445171329,-8.6301154548351,18.072193,1777677103000,6214b1b462c04096,,17.32
9.800935,Braga,25-05-2026 06:49:54,0.29,87,hHQ1L8X7HqF4fpMhXZuv,41.5311462079446,-8.42137919501847,18.179342,1779691794000,2618243a251bd83f,,23.91
9.787166,Coimbra,21-05-2026 12:40:41,0.22,78.1,jglnrCAq3LdFIxS8huIB,40.2198154633454,-8.39305136484617,16.140629,1779367241000,6f36a3307488809f,,17.67
9.807565,Coimbra,08-05-2026 00:50:03,0.19,95.1,ETx0tbP95Mc1VQZ8dS6Y,40.2131678860348,-8.3775422082934,16.973378,1778201403000,3b1338c1207d1e2e,,25.42
9.834421,Braga,18-05-2026 14:45:24,0.07,85.8,ZRhI3p2Cya69z76qtf70,41.5320610630566,-8.43481972408414,16.944982,1779115524000,1bd749deaf799034,,16.51
9.831775,Braga,08-05-2026 18:40:41,0.46,98.8,COu4ZXPAYcr3f0X8FEVA,41.5344608257885,-8.40056769927005,17.802926,1778265641000,d4389e820d4f82fa,,13.52
9.812818,Lisboa,05-05-2026 20:58:09,0.1,62.3,kSqGewAMU0JVuDSbWdPP,38.7340388567058,-9.11322275614115,17.765215,1778014689000,18d281edb3671f44,,16.14
9.778106,Braga,07-05-2026 14:33:32,0.16,85.1,zmOtuKfhkpHTX1PWi2MR,41.5524284494705,-8.40550264599879,16.768189,1778164412000,72bd2672c948d2cb,,6.51
9.80945,Coimbra,24-05-2026 05:20:10,0.5,97.7,ViqlRL0uZsmfAxlz4y81,40.2191026997278,-8.42306902618181,17.852354,1779600010000,e1bd0a847e7079be,,15.59
9.819375,Braga,28-05-2026 02:44:04,0.09,70,NOo6fDmqS2kdzNBMqjf9,41.5195196445495,-8.46091821617171,18.675455,1779936244000,fb188f553674b4c4,,22.91
9.807997,Lisboa,01-05-2026 16:26:42,0.26,78,HBX67D0RFhoTnm830Yrs,38.7044866179129,-9.13464583352487,17.241117,1777652802000,517fc5ca69b652a5,,17.09
9.817347,Coimbra,11-05-2026 00:42:48,0.24,89.1,n0sURmAlAYjbsqpNC6px,40.1969319634492,-8.41515668991688,19.550036,1778460168000,234da97fe615c6b7,,16.92
9.809573,Coimbra,16-05-2026 16:36:31,0.73,72.5,zRnTyTBVMqegJddv7pE6,40.1809298660196,-8.41250016415144,19.423618,1778949391000,5a7b6516c51a4d4e,,20.95
9.825885,Braga,23-05-2026 17:21:30,0.09,67.5,fuTHBjqhuciF31rVx7Bs,41.5456023231817,-8.39545145247543,16.559303,1779556890000,06bf6a628379e030,,19.87
9.809287,Lisboa,13-05-2026 19:18:00,0.35,63.8,uB5kuVFW8jJ27QOZCdmj,38.7283983109124,-9.1211960508521,17.424695,1778699880000,c0014ea2ee2fdaea,,14.76
9.814011,Porto,13-05-2026 15:10:58,0.3,91.5,TDBh57FcCwTJFDFh2U3j,41.1433124548732,-8.66238929066251,18.175691,1778685058000,de2dde23040292bc,,19.72
9.823862,Porto,14-05-2026 19:01:10,0.11,81.8,1kVG0rK5QLnLaHXKlA6e,41.1497786241786,-8.65034906787706,17.106272,1778785270000,f7af4712fd6b9108,,18.34
9.788557,Braga,16-05-2026 22:54:50,0.13,50.8,sRRhzxL78g1ujbfD1TQE,41.5598856995429,-8.41373586198261,18.822492,1778972090000,da211edc7bac01a0,,8.55
9.789805,Coimbra,01-05-2026 06:45:49,0.62,86.2,cPN8Cu8UU69ZKin3dZPs,40.2102312708667,-8.42660988221373,18.430599,1777617949000,923d0315f3ae2bb3,,15.09
9.806342,Lisboa,27-05-2026 13:28:59,0.19,93.7,Myfzqlp9X3zfb2nkyXzs,38.7383999525331,-9.12242556761204,17.19715,1779888539000,c85cdb0ef48d09c8,,16.07
9.790933,Braga,21-05-2026 23:44:02,0.49,81.2,Z6t5RMiwQg1xGmFC4yEr,41.524912486654,-8.42716053596642,18.604012,1779407042000,42d576864f9952c7,,16.99
9.804164,Coimbra,18-05-2026 21:01:33,0.26,64.4,lBOBfcGvDRoPRTj7FHOP,40.1811719847417,-8.41577691369787,17.986327,1779138093000,7d176c63414fcd05,,17.28
9.873862,Porto,24-05-2026 04:27:27,0.23,83,jiR5t1pHBsKdJe6cGgGB,41.1465979520198,-8.63359304184045,17.677504,1779596847000,8e7f2987241c2818,,22.59
9.812265,Coimbra,28-05-2026 14:19:30,0.28,65.6,qwqLfXGbhVQDlYl1zcfA,40.1814021336765,-8.39892704847248,17.424121,1779977970000,f879804e4456e5d4,,25.49
9.831601,Lisboa,22-05-2026 20:13:38,0.38,75.5,Zqv963ZlnlfVMq3RgBIb,38.7122530931654,-9.12378945559857,18.279457,1779480818000,5e1de20fecf98844,,21.41
9.819695,Porto,24-05-2026 03:53:05,0.19,71.5,Sz3Q9VMUFtN0NxSR9SRz,41.152226421848,-8.66400718988884,19.039656,1779594785000,82a83fc853728306,,16.66
9.801927,Lisboa,10-05-2026 06:18:01,0.13,70.4,0bSm2bnEPjPpB1O2YImf,38.7000322747859,-9.16455531262696,19.994452,1778393881000,75778bdb64d1008e,,13.73
9.810484,Lisboa,21-05-2026 11:31:29,0.02,94.1,hk5jVSC9FEb3CLpmsK11,38.7368649564706,-9.16365194909768,18.282856,1779363089000,bb80f878cef35322,,13.75
9.818566,Coimbra,21-05-2026 23:04:09,0.3,78.1,2FVLMUJscFzFGLUN7R50,40.1790497734816,-8.44509477238621,19.305952,1779404649000,2a339e8954684016,,28.36
9.821593,Coimbra,01-05-2026 22:09:34,0.06,83.3,KuJer5PA4EhFN8PwCSBb,40.1888228979698,-8.4413595037025,17.528427,1777673374000,17b4966e9be4d8d8,,19.35
9.804092,Braga,17-05-2026 16:36:40,0.4,81.7,oGoL6Rv6M21TQDi4sUTy,41.5339525707511,-8.44870800449273,17.197549,1779035800000,131c7dd8f3ab4b35,,22.56
9.836342,Coimbra,18-05-2026 11:43:41,0.64,78.8,EZ2kNnsSVfQEilmkMFgY,40.2212863782593,-8.39806079231836,17.86852,1779104621000,4c885efe7bde3ff4,,23.19
9.809543,Coimbra,12-05-2026 09:28:02,0.15,70,Jdbw4qwRkl035GcZevBh,40.2272249776365,-8.410743655867,18.800163,1778578082000,057c44d337463e07,,20.19
9.805221,Braga,13-05-2026 12:23:04,0.12,76.3,YwXcX4Jr5j2S3GMQgTd7,41.5249171332895,-8.44640679377361,17.002811,1778674984000,e9da39984fb29dc6,,24.46
9.803554,Coimbra,06-05-2026 09:14:37,0.46,92.2,YNNY28g0JcGgkOh3n6xk,40.2194453079557,-8.37758945423471,19.261865,1778058877000,cb4c1290e91970dd,,16.27
9.818075,Lisboa,25-05-2026 04:40:03,0.27,79.8,3gjPxv0ih2mCAXXap1ZE,38.7335408327651,-9.1211683117868,18.412434,1779684003000,b30b0b43692b035b,,13.28
9.833754,Lisboa,13-05-2026 21:55:50,0.06,75.4,TWAxOQpjWWHAYoiZBA6A,38.7107849366825,-9.16205336660113,18.177042,1778709350000,cbf338d836298cb7,,16.96
9.821734,Coimbra,18-05-2026 13:29:51,0.26,75.3,bCjXaTZH8efvuzXkBdzW,40.2276994136219,-8.40915777202865,16.735754,1779110991000,63d3511e9e857901,,18.51
9.848779,Porto,28-05-2026 21:24:27,0.2,70,OTZQ4HsAz4RSJ3tUVu6w,41.1665495219524,-8.61895367038165,18.562687,1780003467000,6214b1b462c04096,,18.72
9.805175,Braga,27-05-2026 02:09:19,0.57,86.7,yUUV4iHIsnfGJtHvWOkb,41.565972653424,-8.45649457453349,18.242541,1779847759000,923d0315f3ae2bb3,,14.1
9.832142,Porto,13-05-2026 13:23:45,0.65,78.8,1XtUBGhUd1xqOGwhdWP8,41.1789772653517,-8.62623591633399,19.329564,1778678625000,e84878f982129128,,15.86
9.808189,Porto,01-05-2026 06:04:26,0.06,83.3,vpZVLKT58OQI2MowtsQY,41.1551317890715,-8.6239047339661,18.577641,1777615466000,82a83fc853728306,,16.26
9.820262,Braga,13-05-2026 00:30:49,0.22,77.4,uHLm0XxDgjTB1AffdB4i,41.5569749644336,-8.42508103042255,18.655629,1778632249000,cb4c1290e91970dd,,14.26
9.83172,Coimbra,26-05-2026 13:07:55,0.24,74.6,LJHXz3qLFOBCS78FUA0k,40.1878983423063,-8.4401315330212,18.439007,1779800875000,389da1f3a7c1d8de,,25.35
9.805531,Braga,23-05-2026 05:16:26,0.01,76.5,9TG3HhSnDEcVk8Jx68hM,41.5457124384195,-8.4275992646046,17.512351,1779513386000,06bf6a628379e030,,21.2
9.777674,Coimbra,15-05-2026 01:23:50,0.32,69.5,HjhxtxtsFbYjjYLAd75t,40.1822581317629,-8.41952066552461,19.047982,1778808230000,552b8d6c350cb13c,,24.84
9.807911,Lisboa,24-05-2026 17:29:09,0.02,78.3,hJwe3cAEKtKC5vYyE1U1,38.7069413832492,-9.11721199929802,18.989789,1779643749000,72bd2672c948d2cb,,14.29
9.814767,Braga,23-05-2026 09:01:46,0.15,89.8,CQCj3UufZNQNAyo5zvIc,41.5595453806463,-8.42615628233103,18.154349,1779526906000,556be8558ce56421,,22
9.755935,Coimbra,09-05-2026 00:57:18,0.2,86.8,bKOYXTtJPhPJfm9NIKWd,40.2160393036397,-8.39998326132805,16.125302,1778288238000,13db178cd9a1e37a,,20.04
9.837473,Braga,01-05-2026 21:44:42,0.29,78.6,Q7Il9brYnp1T14LCfZIM,41.5589301765031,-8.42630960768311,19.739751,1777671882000,7f281c8dbac1f799,,23.26
9.842799,Lisboa,02-05-2026 03:06:13,0.02,87.4,BlAb3HuyqfhgIksjlqXf,38.7169970794205,-9.17079361350896,16.260833,1777691173000,e9da39984fb29dc6,,17.02
9.793135,Braga,09-05-2026 05:07:18,0.05,101.7,N9ulbTdtygujA5uqy805,41.5349668773585,-8.43319010410735,17.96634,1778303238000,6214b1b462c04096,,20.21
9.7836,Porto,05-05-2026 22:16:01,0.01,73.9,WJPYitKACf2OGnY9jxIk,41.145434613407,-8.59585826618916,17.364298,1778019361000,c31244cee16e0c77,,15.23
9.781874,Braga,27-05-2026 22:47:57,0.45,79.2,ca0D91NsPkad76ErMq1R,41.5474269260369,-8.43200134153359,18.99193,1779922077000,57e17fffc619e182,,18.33
9.780849,Coimbra,11-05-2026 07:52:35,0.23,76.9,1GsckVIKetfzSh1iUJr4,40.2302590878737,-8.38608855318243,18.330024,1778485955000,34cbefbc28798720,,23.36
9.772497,Coimbra,16-05-2026 10:51:03,0.05,81.2,R8vOqWTCrpQuvnD9Mvb6,40.1876858939057,-8.4099591938133,18.493837,1778928663000,330949523d665e3b,,18.85
9.794961,Braga,24-05-2026 03:11:47,0.24,76.8,5aRlAJ5STFWzIfY4PPeI,41.5533079456716,-8.46242780270931,19.110968,1779592307000,72bd2672c948d2cb,,18.09
9.848024,Porto,22-05-2026 14:40:06,0.21,79.4,hw0y0Mwyl1XZSahDx7mC,41.1790989196256,-8.60643151428223,16.54431,1779460806000,3811390588367f0e,,10.79
9.778317,Porto,14-05-2026 15:32:43,0.15,82.7,6Twmf0NOtZTooF9xcrF5,41.142862106256,-8.66354263587038,16.347126,1778772763000,2b95dd3cf28e7c18,,21.58
9.800339,Braga,20-05-2026 05:28:25,0.48,81.5,3rKGFkJmQVKRRMKleLiV,41.5187852849932,-8.39155986951912,19.177178,1779254905000,75778bdb64d1008e,,16.93
9.792176,Porto,12-05-2026 01:35:55,0.22,58.5,HUYrm2RbSRINqRJ4Da8B,41.1377812490383,-8.59800358949336,17.801046,1778549755000,04964f8452901231,,14.05
9.807375,Porto,20-05-2026 18:02:41,0.07,80.8,hRHDFxHWc4Uodr6AICua,41.177008448933,-8.64179500036764,17.227372,1779300161000,c9ab51cba10ae1e9,,18.67
9.818839,Coimbra,28-05-2026 18:13:05,0.42,69.1,bVoSB9e6pmkvteOOgbEB,40.1868088230421,-8.43986737176353,18.140251,1779991985000,cb207a93391638cb,,18.08
9.824164,Porto,17-05-2026 05:29:26,0.29,82.3,qpgEp9v1d0vHYp8eXMNC,41.1628966666079,-8.62004160918186,18.401288,1778995766000,3993ad7e2565b6b0,,15.55
9.81723,Porto,05-05-2026 03:39:18,0.03,68.6,6cyu42SeYid6ZCdtNOBe,41.1646688396767,-8.62343859348849,17.814,1777952358000,6214b1b462c04096,,17.17
9.807429,Porto,15-05-2026 07:36:10,0.16,61.2,yzgNWAo3MYQNaDyDYB4N,41.1674884902921,-8.62484984259261,18.060274,1778830570000,53c682ded6545e06,,18.64
9.789446,Porto,02-05-2026 06:15:34,0.26,92.7,HvLmggaMTeLY1m5KiOGq,41.1492392809833,-8.59771515944675,19.018903,1777702534000,82a83fc853728306,,19.71
9.797075,Lisboa,22-05-2026 14:01:29,0.36,97.8,piZcditLBG9PWwtL4IXj,38.7180343739232,-9.12375288613404,19.076229,1779458489000,f7af4712fd6b9108,,22
9.796588,Braga,15-05-2026 03:06:50,0.08,93.9,aHLQRjdpG01J2dBwmmO6,41.5437542813941,-8.41904466717094,18.165282,1778814410000,cbf338d836298cb7,,19.04
9.807314,Braga,24-05-2026 02:15:35,0.24,88.1,SDMSv2LK9vNtAvkgD4Y6,41.5608042609872,-8.4379321976096,16.298782,1779588935000,5a7b6516c51a4d4e,,23.22
9.77675,Porto,11-05-2026 19:50:35,0.34,90.3,oDNnpEVX80vZVynzl0ax,41.1576802561399,-8.59897972398566,17.025784,1778529035000,5a7b6516c51a4d4e,,16.36
9.787886,Porto,06-05-2026 14:12:18,0.09,77.9,sCmOL6Wxcbmmslo4qUlv,41.1348814594524,-8.6628084864019,18.657547,1778076738000,bc74204126e384ca,,23.24
9.837914,Braga,13-05-2026 17:00:20,0.06,74.4,gb1RiyPY4hv7ntDpxZxQ,41.5280412199045,-8.4610248602558,16.214476,1778691620000,3bc1bf7fb69f3ba3,,14.78
9.829297,Braga,22-05-2026 01:19:05,0.37,96.2,Tehj47iYmmIySxuMBOp6,41.5692227586291,-8.3920765932275,17.606833,1779412745000,04964f8452901231,,17.89
9.815603,Porto,26-05-2026 23:51:57,0.13,71.9,YjupdOYr3i2G9L4FnUfY,41.1721064624431,-8.62283673798952,17.471764,1779839517000,1d3db575c4a79d75,,17.94
9.820926,Coimbra,09-05-2026 03:04:27,0.13,80.1,yW4PWGxFHDluTxHSET9F,40.21901386557,-8.40217718165637,17.841316,1778295867000,55b620d8c0ab41e0,,17.65
9.823939,Porto,22-05-2026 13:53:10,0.35,76.7,woLcDGNvBCDBAxZFuryb,41.1381538172923,-8.65893469409412,18.543581,1779457990000,c0014ea2ee2fdaea,,17.57
9.818954,Braga,04-05-2026 16:24:59,0.34,64.3,5fs1GGIPfYr7oghexcIm,41.5422511755615,-8.44341041488092,16.965029,1777911899000,3bd002cf1fcfa789,,18.57
9.84465,Lisboa,15-05-2026 16:41:21,0.19,102.3,0XR2rmTMi2WTVI6qaXts,38.7059188850538,-9.15111893499974,18.535494,1778863281000,c7f34dc43387f858,,10.8
9.799147,Lisboa,20-05-2026 16:44:34,0.19,72.1,LWPaEPGW8j3zooUVnEoH,38.7375889410099,-9.1459576392147,17.821003,1779295474000,18d281edb3671f44,,16.11
9.770414,Coimbra,05-05-2026 04:03:09,0.32,87.5,2mBX8SAnCC2JbxiK3it8,40.2153155709884,-8.41302905599369,18.329661,1777953789000,1791998ac3161359,,26.3
9.791612,Porto,18-05-2026 05:12:42,0.09,54.7,oABRWzWXSItuLbKYc7ij,41.1578892113977,-8.61770695670066,18.982572,1779081162000,e9da39984fb29dc6,,25.83
9.779941,Braga,02-05-2026 13:21:05,0.14,82.5,SMFblme69ysnosQHeDdx,41.524032890214,-8.42268271976394,19.005727,1777728065000,18d281edb3671f44,,18.39
9.816161,Porto,20-05-2026 22:41:16,0.08,76.1,khiIAEVey953ni3ntB0T,41.1401785709882,-8.60330075744101,17.552969,1779316876000,24d6a87b0598b02e,,20.49
9.802608,Coimbra,16-05-2026 01:32:30,0.01,83.8,mGTRDrmajCe0zMZpHv6K,40.184874169066,-8.40499081271328,18.938658,1778895150000,d57d393b16ba030e,,17.79
9.774539,Coimbra,05-05-2026 10:08:32,0.27,92.6,P46DwS1TYtzN0Z2lApl5,40.2011510440928,-8.40491718482744,17.390773,1777975712000,d0825fdf3da3660c,,15.62
9.837489,Coimbra,09-05-2026 21:43:41,0.94,58.6,KgzS8cp43kr4OIsQ6eSU,40.2010227179343,-8.38125286124551,19.833546,1778363021000,eb39e98aca20e7d3,,18.89
9.808902,Braga,27-05-2026 20:05:11,0.16,82.9,xeWgGXXuACkqnGcDbeOS,41.5674717915079,-8.43290137544939,18.614118,1779912311000,7f281c8dbac1f799,,20.22
9.811792,Coimbra,10-05-2026 10:29:47,0.05,78,caqhT6iuQVDFDefJQpT8,40.1968823942512,-8.3929100674855,17.666884,1778408987000,24d6a87b0598b02e,,22.54
9.821871,Coimbra,08-05-2026 20:00:20,0.2,50.6,1bMglshIVzkeQWaRrjCw,40.1838737916237,-8.38764486676292,18.216607,1778270420000,72ba4e2f87adceb5,,17.93
9.80223,Braga,26-05-2026 20:10:23,0.28,91.2,CSd1OZHPQTQ5gyStCdMa,41.5301002960972,-8.46009030067617,17.309352,1779826223000,6f36a3307488809f,,19.63
9.790567,Porto,13-05-2026 02:55:16,0.19,66.2,6pmfbAbav0mRQeo94gZ1,41.1726101382519,-8.60994180076084,18.84296,1778640916000,cbf338d836298cb7,,21.81
9.820262,Braga,25-05-2026 21:06:21,0.15,87.3,0uuJOmNn7Iz8Bhongwul,41.5574966329322,-8.45939998330533,17.32878,1779743181000,cb4c1290e91970dd,,19.73
9.826008,Porto,19-05-2026 21:26:07,0.36,87.5,DoeQ0rPNxce4nAtXMFgT,41.1526155271623,-8.64227977832958,18.894312,1779225967000,6f36a3307488809f,,19.41
9.831403,Braga,16-05-2026 17:54:00,0.26,79.7,SyR7XSivlOW4Su2QEevb,41.5320047548794,-8.45573961144408,17.928336,1778954040000,e8c9832b5c388bb5,,15.02
9.796496,Coimbra,12-05-2026 06:47:43,0.24,78.6,LTaobNW5htpVBWpNfdix,40.1969480492283,-8.4003597248308,17.728534,1778568463000,57e7d972b508815d,,10.43
9.814266,Coimbra,10-05-2026 22:07:34,0.25,80,cp7UM8CV4viruPYWcHYA,40.1923171844573,-8.43492794003293,18.723512,1778450854000,fb188f553674b4c4,,21.75
9.777849,Lisboa,17-05-2026 01:57:28,0.23,72.4,pnId66QpZRSUoM3yHulC,38.7358297627241,-9.15805636670591,17.067946,1778983048000,e9da39984fb29dc6,,21.32
9.806123,Porto,10-05-2026 08:14:18,0.6,77.4,Oj8niflLJ1Y7npGfBUDt,41.1343892880277,-8.62969943897439,19.041541,1778400858000,1d6285f5502cf1f8,,13.04
9.811199,Braga,09-05-2026 13:33:44,0.41,82.8,ptsKC9Omr3YEf8xzykEC,41.5573703953215,-8.4449039361688,16.912379,1778333624000,a8c47673d6a4f85c,,5.92
9.813677,Coimbra,08-05-2026 13:36:41,0.37,98,9YEbWyB2fW66tMIjJUlq,40.2035857982164,-8.39368987456188,18.393336,1778247401000,f879804e4456e5d4,,16.03
9.826142,Coimbra,19-05-2026 05:04:40,0.14,70.3,MEeviTEmj6maa3GUUxFz,40.201337164711,-8.4135804003294,18.471612,1779167080000,d5eb4d757b335d0e,,22.24
9.865193,Coimbra,19-05-2026 02:44:43,0.15,83.9,FtPLeA4c6hy7KkmWB9qX,40.2270754129797,-8.37703475176858,17.989619,1779158683000,95744df47936b8c4,,10.92
9.796106,Lisboa,18-05-2026 20:57:41,0.16,75.9,dPy7BVppEc60xOTRbSQP,38.722818852144,-9.14008753053692,18.108461,1779137861000,eb39e98aca20e7d3,,14.71
9.832421,Braga,08-05-2026 03:41:43,0,80,pML8Q1kahXfPT6yzTL5f,41.5325118448293,-8.42971283139865,17.504526,1778211703000,487b076a69a53671,,18.62
9.826502,Braga,21-05-2026 17:20:28,0.2,71.3,StG9IQ4yLtUAW47U3fgO,41.565704353312,-8.45061118295391,17.722776,1779384028000,487b076a69a53671,,12.62
9.793615,Lisboa,11-05-2026 04:06:53,0.26,75.2,VzStak0FageXSAHAPsUB,38.7392683301386,-9.15528701369409,18.316176,1778472413000,2618243a251bd83f,,18.77
9.827018,Braga,07-05-2026 12:30:29,0.12,78.6,FlG8hCK0nlmdVlZWmq53,41.5279256525939,-8.44912657149355,17.843796,1778157029000,2f2bd7547d602b7a,,19.06
9.798345,Coimbra,06-05-2026 07:13:18,0.04,55.6,OkfsfyhrevbLpEFRWgad,40.2000994410863,-8.38110167635641,19.261093,1778051598000,e1bd0a847e7079be,,21.7
9.803679,Lisboa,16-05-2026 07:15:44,0.36,86.2,p8xQzyNdw3vZgaD3SzU1,38.7321204497706,-9.15016127574104,18.024233,1778915744000,f879804e4456e5d4,,16.2
9.810011,Braga,26-05-2026 18:13:40,0.43,86,8SW0pxCNRQ3EGAQmaO98,41.5197867174592,-8.45370856096555,15.94383,1779819220000,c9ab51cba10ae1e9,,15.8
9.785586,Lisboa,03-05-2026 05:18:27,0.04,74.9,VuRCoMFzVNYfwB8787EQ,38.69619801032,-9.14897576300035,17.372338,1777785507000,cb207a93391638cb,,23.81
9.816535,Porto,10-05-2026 11:16:52,0.19,83,j3H4KY2TGciFYft1RJ3D,41.1705510107724,-8.64388473874221,16.867702,1778411812000,517fc5ca69b652a5,,22.16
9.808485,Braga,24-05-2026 09:46:01,0.32,86.7,IppnkW8QSfgBTbk77u5y,41.5668060845165,-8.39366756927027,16.574726,1779615961000,ec75a53f04901eec,,21.27
9.817528,Lisboa,24-05-2026 02:55:56,0.26,71,5QhQi7IOUFfYSv3o7KX7,38.7072002907886,-9.15607555740907,19.202963,1779591356000,c85cdb0ef48d09c8,,13.24
9.842853,Porto,19-05-2026 12:39:18,0.19,71,PYJ92BZooqhsfhfvVL7m,41.1656752809682,-8.63792117239699,17.704235,1779194358000,d632e4ce536ec364,,20.41
9.799118,Porto,16-05-2026 05:06:18,0.01,78.4,yKVatdLIm2yBuXxZR7Yi,41.1618333104475,-8.65582268783669,16.806931,1778907978000,b8e78b83a62a0cb7,,20.96
9.799736,Braga,23-05-2026 08:38:28,0.3,77.7,j08s1oFRDjMsjVQ2Z0Sc,41.524155618587,-8.46191257133761,15.537402,1779525508000,1791998ac3161359,,17.24
9.858252,Lisboa,06-05-2026 23:50:45,0.01,87.8,2TKEO1nFsT9ydZvj0Tn2,38.7119801267268,-9.10536182546607,17.605361,1778111445000,c9ab51cba10ae1e9,,18.09
9.820942,Braga,09-05-2026 16:34:25,0.33,68.2,FUzt0Q62kbJzvBREwWzz,41.5562220111596,-8.4587828181054,18.866323,1778344465000,bbbe498ee44f6349,,20.87
9.81877,Porto,10-05-2026 11:17:55,0.2,80.2,2JzgiuWYL3Zd27TtDPkK,41.1594036009629,-8.64466100274512,18.610584,1778411875000,eb39e98aca20e7d3,,16.58
9.798528,Braga,08-05-2026 00:43:51,0.46,81,nZVmVPaxU2KgRY2jy8BR,41.5422617188511,-8.42776684875841,17.019421,1778201031000,057c44d337463e07,,12.13
9.813295,Braga,24-05-2026 00:06:18,0.05,80.5,8dhGPvLBjOUzpchpzFtS,41.5684032311863,-8.45564558674846,18.107248,1779581178000,e7eb35b501d57e1f,,17.11
9.839797,Braga,05-05-2026 08:24:16,0.25,64,D30PyrOPCxahhfhFPQ6G,41.5536510444647,-8.43549206897197,17.986542,1777969456000,8f8c45c33ff51d0e,,11.43
9.806483,Braga,28-05-2026 19:09:46,0.01,96.6,rSVgYLlyEPSBtKigueT6,41.5196434193544,-8.42123427748111,18.047184,1779995386000,0e52f2934d8ce165,,12.96
9.797673,Braga,20-05-2026 02:48:22,0.1,76.2,0IYZHFeH1LIT0YPhWWn9,41.540287842698,-8.41201625723601,19.179317,1779245302000,d5eb4d757b335d0e,,20.23
9.787771,Porto,09-05-2026 17:38:32,0.15,82.5,JCZuhciKnPkfJq2WcfhG,41.1406558481103,-8.62199207683897,19.07792,1778348312000,72bd2672c948d2cb,,24.32
9.789698,Lisboa,21-05-2026 12:53:25,0.38,71.9,Qaptc88H5YsQICiKFSuH,38.7149322132296,-9.13622500833963,17.935678,1779368005000,63d3511e9e857901,,19.87
9.829747,Lisboa,05-05-2026 19:21:14,0.1,79.2,0cpcmjt21n9iMJnLwriU,38.7280333009435,-9.13856699718218,18.081505,1778008874000,ec75a53f04901eec,,14.66
9.851791,Coimbra,19-05-2026 12:48:31,0.06,63.9,5kzDf8qRB8SjIneOUrOS,40.1803153986272,-8.42762454578351,19.935397,1779194911000,d632e4ce536ec364,,18.03
9.806199,Braga,25-05-2026 19:51:22,0.05,76.4,kA0juYByb9MperhIhRJA,41.5569800398465,-8.42190815056353,19.229047,1779738682000,a8c47673d6a4f85c,,9.15
9.840669,Porto,17-05-2026 04:34:33,0.08,65.8,rj3Zoragyoy8gY7hlHU4,41.1486852963045,-8.6585799521562,17.491425,1778992473000,8f8c45c33ff51d0e,,20.35
9.778038,Lisboa,05-05-2026 15:18:46,0.61,84.6,wSK3sJrMg5dku8WylwZV,38.7270966654908,-9.11806519675471,17.024864,1777994326000,514af2be7dc985d8,,18.76
9.79676,Coimbra,01-05-2026 11:03:55,0.01,84.3,GTjQijyKVrd6UOxTXpRM,40.2020505396626,-8.43663176833032,17.165273,1777633435000,2b95dd3cf28e7c18,,19.95
9.846087,Coimbra,18-05-2026 04:26:29,0.22,78.1,DGsr8BH8T470otO2f8tA,40.2144664963474,-8.4327054656543,16.772814,1779078389000,153c202e3cfef4ba,,14.17
9.819448,Lisboa,04-05-2026 17:21:14,0.11,94.8,p8fkKdfVsJ7FZ3a98BRG,38.7409432814682,-9.12997845524651,17.61639,1777915274000,b30b0b43692b035b,,18
9.784992,Braga,26-05-2026 20:18:06,0.26,86,hzaNm61VaTBSIVwpVQ86,41.5443014200675,-8.42541690520773,17.592902,1779826686000,eb39e98aca20e7d3,,16.12
9.815318,Porto,26-05-2026 09:56:26,0.02,75.6,olex1iGw8dBFykxhv6Rp,41.1636981773052,-8.59577415707442,19.93504,1779789386000,1bd749deaf799034,,17.01
9.802833,Porto,13-05-2026 20:27:25,0.22,73.5,aVOKzn7t779PG05c7D5N,41.1465634845927,-8.63031034613168,17.841609,1778704045000,6f36a3307488809f,,15.4
9.836426,Coimbra,23-05-2026 08:21:04,0.18,94.2,twgaw4UlzwagBFmfHG5j,40.1794047994796,-8.4452349889679,16.149886,1779524464000,923d0315f3ae2bb3,,22.03
9.796307,Coimbra,08-05-2026 13:19:21,0.59,87.9,QqoEzxtxB5lIZrgCQ1Ck,40.1829874827073,-8.4111899986207,19.278904,1778246361000,daf96d2280390dec,,13.16
9.824615,Braga,18-05-2026 10:32:28,0.29,80.1,3TmhmscizAVv5ckQm8E9,41.537501832064,-8.43126484523588,17.707579,1779100348000,330949523d665e3b,,20.75
9.812118,Lisboa,25-05-2026 01:22:41,0.59,85.8,RTiuWWX4zGU7V10yih9g,38.7017147639411,-9.14005666159815,16.837876,1779672161000,153c202e3cfef4ba,,24.47
9.812087,Porto,01-05-2026 15:54:07,0.4,71,RpdR1vBMVaBEssFfWBpN,41.1377106530505,-8.64028012113626,18.022967,1777650847000,daf96d2280390dec,,21.69
9.807449,Braga,14-05-2026 15:33:01,0.44,95.1,h3qSpQ0BmETYZgSUGNlm,41.5577794352796,-8.4490933678165,18.23536,1778772781000,daf96d2280390dec,,12.99
9.817273,Braga,02-05-2026 20:42:00,0.13,88.9,m7jBbNmf3dyAHtSOoovB,41.5307867317673,-8.45303024908094,15.343059,1777754520000,c9ab51cba10ae1e9,,18.8
9.818735,Coimbra,03-05-2026 12:10:58,0.37,84,hrxr8wTApu5dlcadQVun,40.1796128613852,-8.41545617099012,17.117681,1777810258000,8e7f2987241c2818,,20.72
9.83385,Lisboa,05-05-2026 21:23:45,0.1,62.2,lq8FxvthgQaRJX3ivxVZ,38.7207911393569,-9.11102722854013,17.42967,1778016225000,ae7ec9246c4649bc,,17.67
9.788283,Braga,05-05-2026 18:55:15,0.34,86.8,8INvtUEWmIUjcimAJTq5,41.5288180688147,-8.43041276665314,18.794596,1778007315000,f7c6682ad24d37f8,,19.85
9.775484,Lisboa,06-05-2026 16:48:52,0.36,73.2,BeEAH78GYbkMrS9isc9K,38.7436253248334,-9.14286576423597,17.154318,1778086132000,3bc1bf7fb69f3ba3,,16.14
9.819241,Porto,20-05-2026 07:06:49,0.08,87.8,RI3GekCWGyJXyzMrnlak,41.1737970964267,-8.61519986906501,17.301731,1779260809000,c837debb39dd1e68,,23.69
9.844778,Braga,25-05-2026 21:27:00,0.03,89.8,GTUHqt2osTrJhkocIpsc,41.5503740937444,-8.46193617896134,17.066512,1779744420000,82a83fc853728306,,14.68
9.82045,Braga,07-05-2026 10:55:22,0.42,84.2,3YdPp0nIhaPwOMxuf8T4,41.5692705079076,-8.4425351051312,18.8909,1778151322000,7e8fb26408446272,,11.99
9.872198,Porto,13-05-2026 11:49:43,0.05,86.1,OOMJn0CournLOZ2WzjCo,41.1699205305043,-8.61560782466106,18.456704,1778672983000,e1bd0a847e7079be,,21.55
9.803587,Coimbra,05-05-2026 13:09:28,0.07,98,lDl03lmKF8UlPsbtk4l0,40.196206553268,-8.38186549948684,18.37133,1777986568000,c837debb39dd1e68,,20.66
9.818432,Coimbra,07-05-2026 23:12:56,0.19,88.4,BpD6PzgUHiUWZaMgyybh,40.2134178186894,-8.43237008651209,17.45013,1778195576000,f7c6682ad24d37f8,,13.6
9.81879,Porto,03-05-2026 02:57:39,0.14,87.8,pXfrj8OMaY9a9YgIV0v2,41.1721260850537,-8.61873732849993,19.633282,1777777059000,06bf6a628379e030,,17.98
9.823375,Porto,28-05-2026 07:46:09,0.12,69.1,C0ktvEjpdISrOIhb0cgI,41.1418253526033,-8.63050394426005,18.638913,1779954369000,3c58290022ed11b1,,21.4
9.804121,Lisboa,21-05-2026 03:50:30,0.46,79.3,a6oboByjwPso64RyR4T0,38.7008385473752,-9.11255167966442,17.907092,1779335430000,bc74204126e384ca,,21.56
9.821504,Porto,11-05-2026 21:35:15,0.01,85,99sweNvhx776f5cMjlBH,41.1574583106121,-8.5939007077317,17.838567,1778535315000,cb4c1290e91970dd,,15.36
9.823977,Lisboa,08-05-2026 07:01:08,0.15,84.2,QRtN0sw4gr6FQx7qZ6TZ,38.7276790255618,-9.12688065881632,17.447942,1778223668000,3c58290022ed11b1,,9.39
9.831943,Porto,08-05-2026 05:10:53,0.26,75.2,PjujyCUYYE0ehKB9Urjf,41.173498246423,-8.60315683634091,18.785422,1778217053000,8f8c45c33ff51d0e,,16.43
9.831199,Lisboa,19-05-2026 16:34:40,0.21,86.2,uFBESAMYOviZ8P6pyAJF,38.7490176975822,-9.16131896602976,16.675243,1779208480000,3bd002cf1fcfa789,,22.85
9.815225,Coimbra,19-05-2026 16:07:23,0.04,76.3,LTAHKXSZVoSfpxan2bxJ,40.2050536211038,-8.38757575397421,16.07899,1779206843000,a2fd30e5fa49ad53,,19.63
9.789413,Coimbra,03-05-2026 21:24:45,0.46,66.5,wx223X0isDj12J76Apn0,40.2280112763666,-8.38054081080019,19.362101,1777843485000,3bc1bf7fb69f3ba3,,15.48
9.840675,Braga,07-05-2026 22:41:46,0.51,74.6,UbS9BxdSgQLeE1M3kbjx,41.521416721974,-8.45263302137942,17.234151,1778193706000,42ac1a2bf982f79c,,22.94
9.806882,Braga,28-05-2026 15:08:47,0.05,74.5,0AjWlEViVHS8tEAUvCYP,41.52266561506,-8.45701518969307,18.358665,1779980927000,0f98939ac68105bb,,22.47
9.83897,Porto,02-05-2026 13:25:17,0.4,76.4,WlGkaz1BR84DJT1q6KGt,41.1463855182958,-8.65378074714421,17.825505,1777728317000,a8c47673d6a4f85c,,19.04
9.790725,Braga,05-05-2026 11:06:49,0.1,70.4,y8iVnzNdozl0VJM1e0SD,41.5412781900039,-8.451262199871,17.842073,1777979209000,c0014ea2ee2fdaea,,18.13
9.79483,Coimbra,19-05-2026 11:16:47,0.28,77.7,dZxPBmrggexMX2vbpskI,40.1932122315741,-8.40026789012912,18.965028,1779189407000,72ba4e2f87adceb5,,22.14
9.773076,Porto,16-05-2026 00:09:03,0.45,70.7,JmO7cprfKKcKYEcduf8t,41.1344272115542,-8.62213493808829,17.573052,1778890143000,5311a0642c2564ad,,17.67
9.781007,Porto,20-05-2026 07:51:45,0.3,70.8,muWzUwiSRgvA5VGgGZXj,41.1838492737957,-8.61104882948681,18.288274,1779263505000,57e7d972b508815d,,18.28
9.826376,Braga,04-05-2026 15:22:45,0.34,95.4,jKOFgZajX3tJ3ZY5fFgD,41.5296762988913,-8.41853544347195,17.248873,1777908165000,b8e78b83a62a0cb7,,22.07
9.81543,Lisboa,04-05-2026 07:24:51,0.1,85.5,KxwfelTXDqEqW4CP7i8h,38.7044647346812,-9.15344682555963,18.306126,1777879491000,c9ab51cba10ae1e9,,12.69
9.830946,Coimbra,20-05-2026 11:07:40,0.07,91.7,2N6RiCxG2N8uxfRAGCq4,40.1784379777693,-8.38491738723393,17.857469,1779275260000,93279918e60ec274,,11.88
9.820285,Porto,12-05-2026 21:13:56,0.02,85.7,0Jaj2gsykKz2eoy3DQfw,41.1644131475997,-8.61878146156287,18.964638,1778620436000,eb39e98aca20e7d3,,16.66
9.821292,Coimbra,23-05-2026 13:35:34,0.01,69.8,flUg697zXBmzveuvMFnS,40.2015983879917,-8.40781721020186,17.656938,1779543334000,cb4c1290e91970dd,,18.9
9.802609,Coimbra,27-05-2026 11:03:56,0.25,78.7,8EjOnuKcMXyd7ZxYBEnd,40.1824736066324,-8.41351142671342,17.615845,1779879836000,8dc02e5c153f83a3,,11.57
9.844992,Braga,21-05-2026 12:44:16,0.39,93.8,qOlfjerzft3TC3AHnQ5q,41.5652731323672,-8.39384118005757,18.9247,1779367456000,7e8fb26408446272,,15.99
9.81527,Braga,21-05-2026 19:16:43,0.07,82.9,9Wtkmw8AEEISYk9SBw6S,41.5632496687907,-8.45590579753838,17.101504,1779391003000,e9da39984fb29dc6,,15.24
9.839745,Braga,20-05-2026 17:28:29,0.07,74.2,HUaC812iOCOLgcnVmASI,41.5453700660605,-8.43974637020695,18.40943,1779298109000,91279a646f8ea6ac,,19.89
9.811519,Braga,11-05-2026 04:23:30,0.14,87.4,mRK9ax0xbt5tG03hSFPD,41.5508509468675,-8.44698099746901,16.713857,1778473410000,c85cdb0ef48d09c8,,21.48
9.827746,Coimbra,27-05-2026 08:01:11,0.01,72.4,HWvh7lDBxlJMkIBys2QS,40.1984608829461,-8.42074911236236,18.521075,1779868871000,17b4966e9be4d8d8,,17.16
9.83146,Coimbra,05-05-2026 19:36:20,0.24,103.6,Z1gfPbN7AgFVWN7IgOCG,40.2105417978888,-8.39601144216895,16.690415,1778009780000,1b1cc9cee9f27003,,19.22
9.824431,Porto,11-05-2026 06:50:51,0.44,77.7,XDJyhm2E8hw9Y6DA60PT,41.1669563563494,-8.60387469036524,16.925825,1778482251000,c34c1310eab19c87,,20.77
9.797883,Coimbra,11-05-2026 20:54:18,0.6,97.2,sr4Qqt15Y6ARpa56Acab,40.1767106507002,-8.4191630612913,17.631226,1778532858000,57e7d972b508815d,,15.8
9.827192,Braga,26-05-2026 04:38:09,0.01,76.1,VMuvk9KBpJzmNPz1dZ7K,41.561087562613,-8.40191310831439,17.86258,1779770289000,f879804e4456e5d4,,10.32
9.809723,Coimbra,09-05-2026 10:23:43,0.15,73.1,5uHkBogTZiGhOKYz1WO6,40.1832589850371,-8.40066505321876,19.403355,1778322223000,389da1f3a7c1d8de,,12.97
9.826264,Lisboa,16-05-2026 15:37:43,0.08,77.2,ffbBaOXLjbNTI6fKybVU,38.740516263628,-9.1628983774791,18.696636,1778945863000,057c44d337463e07,,19.36
9.821412,Braga,18-05-2026 09:14:29,0.1,89.7,pP5otmI1pUXZYyXqQdrf,41.5715043924404,-8.4167983403178,17.309175,1779095669000,f7af4712fd6b9108,,13.66
9.819637,Coimbra,21-05-2026 02:02:52,0.16,85.5,F9OenRAy4uO6CZklta5l,40.1817362512997,-8.38941139810788,17.724681,1779328972000,f7c6682ad24d37f8,,17.5
9.816558,Porto,17-05-2026 20:01:56,0.67,80.9,NMIakHVq7hmMbIbHGWjn,41.1372291648649,-8.64037408519111,18.256758,1779048116000,0e52f2934d8ce165,,14.59
9.813504,Lisboa,16-05-2026 21:36:41,0.11,109.9,ofUS8irrEm9fwTJPsDVZ,38.7014985558763,-9.15889055316368,17.609974,1778967401000,bb4bb9fbcfcc16d1,,21.69
9.819654,Coimbra,10-05-2026 08:55:28,0.18,84.2,lmR24Tr9zgLYXLtkYn9U,40.1998473439863,-8.37874201478072,20.056198,1778403328000,487b076a69a53671,,13.48
9.804098,Lisboa,26-05-2026 18:04:30,0.28,89.8,zbhlZuBYlwpenQxxjXuh,38.7269909438054,-9.15359457255349,16.838381,1779818670000,3bd002cf1fcfa789,,18.22
9.795808,Porto,16-05-2026 23:09:38,0.07,67.4,DKYu5oJeysMnHngJrTM8,41.148103803825,-8.66417958122346,17.557325,1778972978000,6f36a3307488809f,,27.71
9.818659,Porto,22-05-2026 03:03:04,0.17,66.2,0ummdZFFcrAhhCkMuLyp,41.1618932174546,-8.61860908791091,19.010042,1779418984000,1791998ac3161359,,26.35
9.77828,Porto,28-05-2026 22:48:27,0.56,61.2,6Dsi19zc5I6HcvPbeEg1,41.1462919817579,-8.61879581881622,18.727894,1780008507000,72bd2672c948d2cb,,14.53
9.820693,Coimbra,17-05-2026 18:54:52,0,53.6,fJXuFNdztSDF2P96h1x8,40.215355710214,-8.42623125977441,18.148514,1779044092000,389da1f3a7c1d8de,,21.7
9.789722,Porto,01-05-2026 12:06:44,0.28,80.9,gu3SUBokfmU5Zx05Ia7S,41.132481536401,-8.66153062517435,18.325106,1777637204000,bb4bb9fbcfcc16d1,,14.42
9.801838,Porto,06-05-2026 09:05:43,0.2,70,8teqvSNYZyrSk7iLDhiu,41.1449231223402,-8.60866299658735,18.860289,1778058343000,1d6285f5502cf1f8,,17.06
9.810765,Braga,21-05-2026 01:31:20,0.09,65.5,CQhHHpKEQFruXUEofqXs,41.5590638943216,-8.39851993115127,17.85056,1779327080000,3cc68b8049eb8d4c,,28.48
9.787761,Porto,12-05-2026 18:23:19,0.3,94.6,PV2nSeeFdnaQnD0ymFgv,41.1499625157268,-8.60503395852019,18.368397,1778610199000,ec75a53f04901eec,,25.03
9.817442,Braga,25-05-2026 22:46:07,0.02,83.9,uW8tTDPj2Gg6io6xyC3N,41.5623557695214,-8.40762509842958,19.061011,1779749167000,bbbe498ee44f6349,,22.39
9.797486,Braga,14-05-2026 11:42:18,0.06,66.8,kRt83KPgjD4gVhpb5Dlr,41.5605211523349,-8.44901448958392,17.057447,1778758938000,17b4966e9be4d8d8,,17.75
9.834749,Porto,18-05-2026 02:03:33,0.01,75.4,h7JfwBnjzGBGvdCrxgdP,41.1566169816013,-8.62688480987509,17.902772,1779069813000,91279a646f8ea6ac,,21.39
9.765062,Coimbra,15-05-2026 06:32:30,0.06,73.9,zlMrHMFHBgRdPp9hohd5,40.2158280994446,-8.41577323552855,19.025141,1778826750000,5311a0642c2564ad,,16.03
9.772469,Porto,26-05-2026 19:58:42,0.19,86.2,ro4NSTzzzgoU04SrFnkY,41.1619624512555,-8.64783637043613,16.772802,1779825522000,6588d11c4a11acb1,,15.5
9.82303,Braga,01-05-2026 14:50:13,0.06,68.6,EBvblq4ekRW2aMwELaF3,41.5363363780178,-8.42973119029197,17.876509,1777647013000,3db4e6efff8b7518,,20.4
9.823367,Braga,01-05-2026 20:15:42,0.02,72.7,Rs1oHGkWjXggtZVvCFVw,41.5439186837248,-8.45931599894424,18.300647,1777666542000,91d55d217a2af234,,23.82
9.82409,Lisboa,23-05-2026 06:29:00,0.03,87.9,0wtTv5HXQ2351MEhrRHU,38.731124068983,-9.15635876114111,19.264549,1779517740000,9d789fd91804129f,,19.64
9.792778,Porto,11-05-2026 16:36:58,0.21,94,jwFbpKVSBxnVfm69yOg9,41.1388866019108,-8.63553218229908,17.559734,1778517418000,ec75a53f04901eec,,16.08
9.815932,Lisboa,22-05-2026 19:26:12,0.06,84.6,4Hlq6Rw4vzLA8rtmcLHS,38.7426657983043,-9.12692438740666,18.187241,1779477972000,b8e78b83a62a0cb7,,24.8
9.831431,Lisboa,23-05-2026 02:08:44,0.28,81.9,9YYwshaF7RjDRjH9sNJQ,38.7403452827146,-9.16539645144533,17.078907,1779502124000,91d55d217a2af234,,19.59
9.846186,Braga,15-05-2026 07:22:53,0.25,77.8,Dcns0LhdFtaBwQ1adqiw,41.5347968517718,-8.4417772700483,17.444097,1778829773000,9d789fd91804129f,,13.64
9.794305,Lisboa,28-05-2026 05:19:12,0.42,76.3,9fTrjUmBL6fsocE7wpZR,38.7377042335444,-9.13916203964538,18.229923,1779945552000,8dc02e5c153f83a3,,21.61
9.791845,Coimbra,05-05-2026 18:20:23,0.15,95.2,q6tMtlKBR4uZLiRXmqiA,40.1991184133493,-8.37728828017428,18.972426,1778005223000,3c58290022ed11b1,,15.37
9.827091,Braga,28-05-2026 12:12:45,0.27,69.1,ODIlyY41BgiHCSuG7RTw,41.5346573516117,-8.45639955130404,18.26893,1779970365000,430f674c6dfe941a,,20.21
9.786488,Coimbra,20-05-2026 21:59:09,0.18,71,b6Jb9XAfWiN6tYpLGxiN,40.1954264598692,-8.41266483496424,17.01814,1779314349000,9d16533a62ab9315,,19.85
9.782657,Lisboa,07-05-2026 02:43:33,0.37,88.5,QaDZW3HD1dfdr1PgvMg0,38.6981909212867,-9.11541365588962,18.704957,1778121813000,389da1f3a7c1d8de,,20.5
9.796065,Lisboa,03-05-2026 22:54:45,0.08,85.8,VLRGVTdSnHjJV9Fio5RO,38.7258339471423,-9.12610825617399,17.337223,1777848885000,7f281c8dbac1f799,,13.97
9.770747,Braga,01-05-2026 07:30:56,0.47,83.5,FNSmheajM4hHgpngEb1G,41.5346481685194,-8.44014442827718,18.336091,1777620656000,cb207a93391638cb,,16.95
9.823583,Coimbra,15-05-2026 13:26:11,0.1,77,El0p12Iq0NRC2QNhBjOb,40.1973985443363,-8.38017737312631,18.655454,1778851571000,389da1f3a7c1d8de,,19.34
9.816323,Braga,12-05-2026 16:24:53,0.46,84.7,GVSImEEssQg9LFxQrzyS,41.5260510346325,-8.40885195817839,19.033112,1778603093000,72ba4e2f87adceb5,,20.45
9.789666,Porto,08-05-2026 04:37:35,0.01,77.6,sDhKyaLtcPP5QNCc66w9,41.1559540377448,-8.60661533957046,17.665169,1778215055000,da211edc7bac01a0,,19.34
9.838627,Braga,14-05-2026 10:36:59,0.39,90.8,kwG23Gnw5THyGelPjwPU,41.5436669820715,-8.41040560313504,18.850697,1778755019000,9d789fd91804129f,,23.32
9.817736,Lisboa,07-05-2026 19:09:27,0.6,90.9,YWQt7ze61PEy9EMQlKT7,38.7201120119792,-9.11447534897435,19.441446,1778180967000,c9ab51cba10ae1e9,,19
9.793631,Braga,12-05-2026 11:40:44,0.15,95.3,54lU5yWA7edNqhc2VeCW,41.5713917593914,-8.40423739297286,16.544325,1778586044000,cb4c1290e91970dd,,19.47
9.767999,Lisboa,09-05-2026 10:48:10,0.27,86.3,gSCyiOKJmmqFCRsomVkB,38.7280528040127,-9.1157201356707,17.445643,1778323690000,574582321d04df00,,18.49
9.849083,Braga,05-05-2026 16:05:17,0.32,74.9,cZi5axXAKI3evlRU96UP,41.5230449657604,-8.46082637080077,19.650746,1777997117000,057c44d337463e07,,25.85
9.810074,Coimbra,23-05-2026 23:56:19,0.4,90.1,wwN5J2iZeCBOy3eKfiYH,40.1865673759098,-8.4309824152011,17.46759,1779580579000,57e7d972b508815d,,16.06
9.834617,Lisboa,03-05-2026 11:58:38,0.17,96.9,Ivbo08s71qyTwe33k9se,38.7007492806634,-9.13938913110296,17.124803,1777809518000,234da97fe615c6b7,,25.95
9.799381,Braga,25-05-2026 06:35:49,0.1,76.6,zNdIS5hLE76qPbcvAqmv,41.5644725607711,-8.39534451674761,19.453541,1779690949000,64a94f9052422a0c,,21.42
9.818297,Porto,17-05-2026 00:01:21,0.01,84.6,WQ64dpFeZ8K5NS1WZcwe,41.1384215664407,-8.62572276038595,18.386437,1778976081000,430f674c6dfe941a,,7.88
9.804068,Coimbra,04-05-2026 21:53:53,0.35,82.4,JE8irUcgcFGoPwBEtY24,40.2085999772524,-8.40235067254459,18.540391,1777931633000,330949523d665e3b,,17.18
9.84511,Braga,10-05-2026 12:33:34,0.14,95.7,M3yRRVbJEdyXySiBSBJi,41.5195579103159,-8.458581499084,17.834272,1778416414000,1b38ab967d98cc4e,,17.7
9.800967,Porto,18-05-2026 20:24:41,0.23,82,mvB6dpofLaoAVW4ZYIKc,41.1545494507988,-8.60061549763637,16.900352,1779135881000,3bd002cf1fcfa789,,20.49
9.822591,Porto,03-05-2026 18:16:27,0.27,72,diClscuwMP4psiMzEQhQ,41.1780558338712,-8.64703628261196,17.461013,1777832187000,f7c6682ad24d37f8,,19.01
9.826407,Porto,10-05-2026 23:50:43,0.14,79.7,TV0w562oCTt8xXJs3PpH,41.1350243821323,-8.59765883618072,17.449977,1778457043000,c837debb39dd1e68,,17.21
9.805883,Lisboa,06-05-2026 01:36:33,0.05,72.5,w5AT8NFrfn6i1HotVJnh,38.7125183734686,-9.13643320310843,16.307265,1778031393000,1d6285f5502cf1f8,,16.04
9.804302,Lisboa,02-05-2026 17:47:19,0.07,77.4,SCPWD8hbF1crrLyt09fd,38.7344451930268,-9.11937044642834,17.812538,1777744039000,e84878f982129128,,19.92
9.82749,Lisboa,01-05-2026 21:57:36,0.36,73.5,yyCconylQBIdQtcIWw7b,38.7414470279902,-9.14733326413642,17.145446,1777672656000,39a54d73a921b9f6,,16.05
9.821901,Lisboa,23-05-2026 12:01:10,0.12,74.4,KUKXHqk9yDV7pi6arZR8,38.7416597803707,-9.10898581676315,17.015203,1779537670000,17b4966e9be4d8d8,,17.87
9.793031,Lisboa,27-05-2026 08:24:47,0.54,85.7,vKzcNrxrQqYPZXMahtKQ,38.699918968457,-9.15660822521515,17.973401,1779870287000,1d3db575c4a79d75,,19.2
9.813677,Lisboa,22-05-2026 13:04:28,0.1,106.9,bCaDc9wEO2JnAdL8fr5N,38.7404440071429,-9.11524163593898,16.909622,1779455068000,9d16533a62ab9315,,17.62
9.774475,Lisboa,13-05-2026 12:35:59,0.25,79.2,Yrq3FioOlj3NPdohPclR,38.7467778619619,-9.14342243391643,18.939865,1778675759000,daf96d2280390dec,,15.8
9.807665,Coimbra,12-05-2026 01:35:01,0.52,73.6,8TqqbR222wITcMpwgeGC,40.2076141029489,-8.44268512128075,18.006422,1778549701000,6214b1b462c04096,,25.33
9.826283,Porto,16-05-2026 19:34:18,0.11,84.8,x10RAePB4sjbuMYxvA5P,41.1584959185374,-8.64796464115051,18.33008,1778960058000,5afe6ceac06784f5,,10.29
9.804422,Lisboa,02-05-2026 12:18:03,0.01,88.5,xcs7j6LbgMnZuGTXVGYL,38.7207169902833,-9.10652697196005,16.409232,1777724283000,de2dde23040292bc,,17.79
9.775923,Porto,03-05-2026 11:55:19,0.47,70.8,EQHHCurm1Ks6pvpZXxoD,41.1766701530809,-8.62710923146808,17.97193,1777809319000,a8c47673d6a4f85c,,17.03
9.804003,Lisboa,12-05-2026 16:50:22,0.49,99,U94AxfwJGe6xPEMoCYAo,38.7357021804878,-9.1659186275339,20.512783,1778604622000,131c7dd8f3ab4b35,,17.36
9.815912,Braga,20-05-2026 18:54:31,0.44,64.8,LQiMqYsvuhfAAGjKFO4X,41.5683887381831,-8.44490256733292,17.088132,1779303271000,3811390588367f0e,,18.87
9.788054,Braga,01-05-2026 18:04:23,0.25,74.1,hAqWJT7EVgi3c1BbSkei,41.5669931348793,-8.39934192772219,17.430179,1777658663000,72ba4e2f87adceb5,,15.84
9.799035,Coimbra,20-05-2026 12:44:01,0.33,88.3,JpTshv505vLMNgUceV6w,40.2251300830334,-8.42059663774356,18.349576,1779281041000,eb39e98aca20e7d3,,22.87
9.799736,Coimbra,22-05-2026 03:36:56,0.07,72.8,WESiUlUXL607Gfj5aLLx,40.2254764303189,-8.40104978324286,19.049461,1779421016000,1d3db575c4a79d75,,18.78
9.799376,Coimbra,25-05-2026 16:38:24,0.33,84.8,Lr8XgotFvdKH5HLG27Bs,40.1967862208593,-8.41464208139604,18.810736,1779727104000,c51d4eb54f89fec8,,19.63
9.803844,Lisboa,07-05-2026 22:50:09,0.27,71.6,08V4UnBHrK4Nugwskhsr,38.7160396520447,-9.12149115994863,18.608661,1778194209000,552b8d6c350cb13c,,22.92
9.797254,Coimbra,15-05-2026 00:06:07,0.63,84.6,6qMWg7oQrjgnJ1GWkbM5,40.2000015009028,-8.38305465210618,17.842636,1778803567000,63d3511e9e857901,,17.88
9.791806,Porto,10-05-2026 11:20:45,0.2,70.6,F10bxns88KBUCHi1Ds6h,41.1827322867977,-8.62624329610964,18.283999,1778412045000,72bd2672c948d2cb,,17.25
9.765235,Porto,13-05-2026 18:28:59,0.18,58.8,3irUQh9wZfVYoUeukGvr,41.1548978704085,-8.63395808043145,18.402922,1778696939000,1b1cc9cee9f27003,,7.01
9.800005,Coimbra,04-05-2026 14:19:09,0.42,74.7,Su57cBg7TYHum1JQ14Oc,40.2103536999289,-8.40939188247456,17.834983,1777904349000,13db178cd9a1e37a,,19.53
9.812825,Porto,11-05-2026 16:33:45,0.23,58.7,mqEjF0lUFsimO4f8H2UV,41.1441793277043,-8.6229072056512,18.258222,1778517225000,3811390588367f0e,,20.03
9.888525,Braga,28-05-2026 01:48:39,0.52,59.2,nTlcASqNyOLpOwEHQ9l4,41.5185726495381,-8.45772256084931,18.121077,1779932919000,7d176c63414fcd05,,19.15
9.80909,Lisboa,24-05-2026 13:08:08,0.17,75.8,YOzMwIEsgoh945WWsACu,38.7406973783685,-9.11334195374499,18.308599,1779628088000,c6a2d85265d19a41,,11.93
9.825012,Braga,23-05-2026 13:27:23,0.34,75.8,uQhwSzTiX4E1Z3FMARpb,41.5541705910214,-8.45421905570423,17.714999,1779542843000,b8e78b83a62a0cb7,,23.03
9.799293,Lisboa,20-05-2026 20:31:34,0.22,83.6,JXuqRuAzZCBzq6drFUov,38.7097678762061,-9.15901871108184,18.777215,1779309094000,6214b1b462c04096,,20.74
9.846972,Porto,28-05-2026 19:01:02,0.2,78.2,kInXOh89NNviMIb8UbZy,41.1475595647358,-8.63556857478138,18.14504,1779994862000,04964f8452901231,,23.18
9.795623,Porto,18-05-2026 02:55:33,0.06,87.5,XJePdHnxImk1Iz3TosZk,41.1730434255434,-8.64105705699159,17.791435,1779072933000,daf96d2280390dec,,18.37
9.815045,Lisboa,13-05-2026 01:45:39,0.06,78.8,ac2bW8HgGzYFckstboOX,38.7132011049948,-9.15898348627076,19.453163,1778636739000,63d3511e9e857901,,21.94
9.827383,Braga,19-05-2026 08:14:06,0.27,75.4,zi0V4r3feeGUTWUAbaV1,41.5202239875707,-8.40846833805302,19.052684,1779178446000,d632e4ce536ec364,,21.5
9.839453,Braga,19-05-2026 23:41:32,0.07,74,1M2tYuBGVbtrDmgqPKEy,41.5235600385787,-8.42013657960767,16.269969,1779234092000,5311a0642c2564ad,,16.43
9.829931,Lisboa,20-05-2026 17:24:34,0.19,75.3,rEs6SIGpybFUz8xWITgC,38.718494862979,-9.15852405184116,17.829428,1779297874000,d5eb4d757b335d0e,,19.3
9.787046,Braga,12-05-2026 06:26:03,0.9,80.9,xEKgPtvjZOfgJkn38FLp,41.5496054965728,-8.46077955794937,18.50015,1778567163000,57e17fffc619e182,,11.48
9.83412,Porto,23-05-2026 23:41:04,0.14,87.8,U1KWodXFqAtVv1jcuSKM,41.1385318311708,-8.620745112824,19.495126,1779579664000,c0014ea2ee2fdaea,,14.2
9.844947,Coimbra,11-05-2026 03:45:49,0.07,89.3,JYFIFu9PpuDTEGJ2VUf6,40.2233571275228,-8.42669285504714,19.050567,1778471149000,b572bc65fae8bec1,,13.57
9.79351,Porto,07-05-2026 04:17:41,0.16,73.9,akHVhkmC3hc4BFkOZHFi,41.1538879053776,-8.65940259295605,16.896952,1778127461000,b572bc65fae8bec1,,22.89
9.804823,Coimbra,22-05-2026 03:22:12,0.17,83.5,U74RrHuN4xKPkjsHRnZN,40.1978679001169,-8.42467031557513,16.15422,1779420132000,1d3db575c4a79d75,,19.08
9.771755,Lisboa,23-05-2026 11:17:40,0.41,79.3,7v7VU27ikHT1EauAljEe,38.7233465093933,-9.15651777966319,20.169031,1779535060000,057c44d337463e07,,21.65
9.812115,Porto,05-05-2026 13:20:26,0.25,92.6,DvgdNDMkewOJ4owOa7mr,41.1477393773596,-8.6515008858125,18.605594,1777987226000,1b38ab967d98cc4e,,18.8
9.790799,Lisboa,26-05-2026 08:32:39,0.03,78.8,PXyvKX2LMr9ZV3NQ6Enk,38.7257376307794,-9.16513739469291,16.690595,1779784359000,d57d393b16ba030e,,27.65
9.840328,Porto,05-05-2026 10:25:00,0.02,86,ZNjjkE3aue5diGZCBQEu,41.1732017207703,-8.59402126152475,17.648119,1777976700000,430f674c6dfe941a,,14.19
9.81155,Lisboa,28-05-2026 04:36:58,0.37,82.6,yXyTEwt1HuHf4M1n9k8O,38.722320255698,-9.16578853403461,18.515726,1779943018000,24d6a87b0598b02e,,17.38
9.771844,Lisboa,28-05-2026 05:00:48,0.12,71.4,FSYqRhJ5BPwlb3x2DXQw,38.7337127860182,-9.11577573211721,19.779532,1779944448000,131c7dd8f3ab4b35,,20.23
9.78329,Coimbra,10-05-2026 06:30:45,0.46,84.9,xl7VamCxHmaLtvg6x6qG,40.1878441024219,-8.4060723822798,19.325981,1778394645000,42ac1a2bf982f79c,,16.12
9.808127,Porto,14-05-2026 08:20:29,0.39,93.3,EzcSTqrOdK0b3T7EMODF,41.1636658241288,-8.66255669592197,16.801009,1778746829000,fb188f553674b4c4,,15.67
9.830768,Braga,27-05-2026 11:39:19,0.85,64.8,gcxbN5TjTVl32ifA12hd,41.543966213042,-8.3994479079426,18.229609,1779881959000,cb207a93391638cb,,20.21
9.834005,Coimbra,05-05-2026 17:34:01,0.12,75.4,Ir2mPNVbv1R25u5Tk5LU,40.2107238278328,-8.44124490894365,19.107906,1778002441000,bbbe498ee44f6349,,10.52
9.80223,Lisboa,20-05-2026 13:43:50,0.13,81.9,1QQdem0WGjUrflCcrMmS,38.7231823851585,-9.10880799928981,17.422423,1779284630000,2a339e8954684016,,18.14
9.760233,Coimbra,01-05-2026 03:45:24,0.14,73.4,rJwhvDK1SfK7Dfh6flUf,40.1856402658705,-8.39284848579015,16.917939,1777607124000,64a94f9052422a0c,,18.24
9.818937,Braga,01-05-2026 23:25:36,0.05,76.6,kYanOxDf4U8pt1RP853m,41.5355450597287,-8.41736387548594,16.906204,1777677936000,daf96d2280390dec,,17.17
9.822204,Braga,14-05-2026 22:28:06,0.18,81.6,riKuAo1mr4mlsqSCqfFw,41.5351662911217,-8.43520787920127,18.22642,1778797686000,e7eb35b501d57e1f,,20.86
9.769001,Lisboa,22-05-2026 19:54:25,0.1,91.6,OR1kc81LyjIKnSBwPZRY,38.7141383884599,-9.12948362667173,18.294491,1779479665000,0f98939ac68105bb,,22.79
9.782567,Lisboa,25-05-2026 10:55:44,0.09,72.9,1VYrfGXnqnDqc7hHQOlE,38.7065021199176,-9.12548111115882,17.088813,1779706544000,867d47425e9cccc7,,24.94
9.792865,Braga,28-05-2026 08:50:20,0.06,74.4,QL5cuSgOw35akAEvvP5g,41.5436313293241,-8.43927139116258,16.650715,1779958220000,42ac1a2bf982f79c,,16.42
9.816349,Braga,23-05-2026 15:54:34,0.03,76.7,lWbCZNDLKSBUzE1pqUxM,41.5677100587557,-8.44047741982214,17.317017,1779551674000,ce246387dd078174,,11.94
9.816432,Lisboa,02-05-2026 22:45:13,0.01,97.5,4oW757GgABXr9KzLbkGk,38.7213581090467,-9.14614161321726,18.051696,1777761913000,430f674c6dfe941a,,20.77
9.784613,Lisboa,26-05-2026 10:36:13,0.06,97,8KWiiQvY9dftYXjZwDzk,38.7431761641695,-9.10709906847197,19.47647,1779791773000,2f2bd7547d602b7a,,15.07
9.846361,Coimbra,09-05-2026 08:28:27,0.17,87.8,tflp2nBfUpjRJ2XxaEkw,40.1763455063566,-8.43522344864982,18.250385,1778315307000,8e7f2987241c2818,,17.01
9.834011,Porto,11-05-2026 07:34:15,0.59,81.4,EQy1DTpW6gyiuW7izXu5,41.1563232359235,-8.61570314094714,17.306825,1778484855000,3bc1bf7fb69f3ba3,,17.26
9.8162,Lisboa,21-05-2026 14:41:09,0.37,79.4,zIewFQVLbo4MlXpxxvG0,38.7395687353805,-9.12335496852366,16.235098,1779374469000,234da97fe615c6b7,,18.57
9.77364,Porto,04-05-2026 18:01:32,0.03,87.6,oiFmcntBfvyPlBjstyR0,41.1638705982485,-8.61104846872046,18.22325,1777917692000,fb188f553674b4c4,,14.54
9.835589,Coimbra,21-05-2026 11:21:32,0.18,90.4,kzRH1gDZfwRUgP3zZZak,40.1781806145536,-8.37788176620745,17.886072,1779362492000,e7eb35b501d57e1f,,20.32
9.795862,Lisboa,23-05-2026 01:45:16,0.49,88.6,FP9QzBXdtBqVOhMZZ6CG,38.7022519135075,-9.13881754689601,19.356473,1779500716000,9d789fd91804129f,,15.08
9.817228,Lisboa,26-05-2026 23:20:53,0.17,67.1,hYlBIWy3Rfjav87TLqmG,38.7374742058413,-9.12462495514968,18.437831,1779837653000,3b1338c1207d1e2e,,10.52
9.786764,Coimbra,02-05-2026 22:25:19,0.09,77.2,3FDxd4MRxqBvRsX0bIrl,40.199783950799,-8.41279134985323,16.667287,1777760719000,7f281c8dbac1f799,,19.56
9.815029,Lisboa,16-05-2026 18:13:27,0.23,78.1,OcMhwUcIVzplfIgiUjOF,38.7145718018089,-9.17269455858332,19.093736,1778955207000,8e7f2987241c2818,,24.62
9.800329,Coimbra,23-05-2026 05:38:40,0.15,73.9,Np60517U0HKDceuxcjMU,40.2245067218211,-8.42123165615726,17.5923,1779514720000,5a7b6516c51a4d4e,,17.44
9.824793,Porto,04-05-2026 19:46:03,0.4,60.9,7OVtBzbl8VqUPV4f16B9,41.1515232953654,-8.59465391019248,18.297474,1777923963000,e9da39984fb29dc6,,16.35
9.808215,Porto,15-05-2026 17:15:18,0.52,79.6,GI2YpSZdxKEnW7BrVSXl,41.1737568347739,-8.62401519849797,19.823153,1778865318000,7d176c63414fcd05,,18.17
9.81886,Lisboa,20-05-2026 08:29:05,0.31,89.5,lRsraAnbYAQirrDMYOug,38.7223844066559,-9.17074111194305,18.602332,1779265745000,3bc1bf7fb69f3ba3,,16.93
9.826935,Braga,11-05-2026 17:33:03,0.03,58.7,NsUTM0DLAOMvIyE7Javv,41.5305405227972,-8.41141981321538,17.254114,1778520783000,8e2e127651e9cbde,,19.73
9.819401,Lisboa,23-05-2026 10:12:28,0.21,72.9,VFnISkRyqzcQ2K9fOFJw,38.7140037727007,-9.14314948426099,17.918736,1779531148000,bbbe498ee44f6349,,14.41
9.82684,Porto,18-05-2026 22:08:21,0.87,76.3,sWuCRDbjNLkNwKBAWbWs,41.1421077491044,-8.59432383310059,18.322018,1779142101000,8e7f2987241c2818,,13.85
9.777374,Coimbra,27-05-2026 02:20:27,0.03,67.6,yM82hgznnhKsl3kXXVzJ,40.2297427593929,-8.41911777354228,19.136015,1779848427000,06bf6a628379e030,,19.25
9.774963,Coimbra,22-05-2026 19:39:14,0.05,76.1,73lzsaI1vWDPlR6gyLPA,40.2171687358534,-8.42541040635677,17.728339,1779478754000,de2dde23040292bc,,16.34
9.791085,Coimbra,11-05-2026 21:12:11,0.4,86.1,NNGfMKUA8buNpkKOERf8,40.1984558605733,-8.40065491555658,18.967113,1778533931000,bb4bb9fbcfcc16d1,,13.99
9.794951,Lisboa,19-05-2026 21:36:47,0.15,65.3,G3m26kDxU3plE7T6muis,38.6965268280603,-9.13228564930742,18.920263,1779226607000,867d47425e9cccc7,,20.06
9.829568,Porto,23-05-2026 09:18:47,0.33,85.2,pRMCpYlDGPhZM1v366kp,41.1792000868299,-8.65011427880636,17.828779,1779527927000,82a83fc853728306,,14.88
9.836611,Coimbra,02-05-2026 13:39:30,0.27,68,RA3HE3yeYA9q4TIhTXMP,40.2152905102053,-8.44071344858197,18.999565,1777729170000,2b95dd3cf28e7c18,,25.32
9.801806,Porto,03-05-2026 21:39:21,0.68,87.1,Zz10UXcxzT7GOPCBYhgj,41.1545801371901,-8.60559255517573,17.864164,1777844361000,1d3db575c4a79d75,,11.86
9.7724,Lisboa,06-05-2026 10:14:14,0.56,87.1,kxAQvj6pYEnqgvPSeD5T,38.7362287968878,-9.1337758740012,17.960081,1778062454000,c51d4eb54f89fec8,,19.75
9.813704,Coimbra,17-05-2026 14:58:29,0.07,84.3,SCvYCSqKrMcWijHsbo4x,40.2169351471789,-8.39213069821751,19.16257,1779029909000,1d3db575c4a79d75,,14.19
9.79646,Lisboa,08-05-2026 16:26:08,0.25,72.3,OtETCRsjVZSijMs2yqOo,38.7338453805426,-9.1526816931262,18.946859,1778257568000,91d55d217a2af234,,19.8
9.83367,Porto,08-05-2026 04:51:21,0.5,68.2,aqxUGV3HzEN5kwPjL2Gu,41.1768496531249,-8.6231304790918,19.856909,1778215881000,34cbefbc28798720,,20.94
9.845636,Lisboa,09-05-2026 05:02:24,0.16,63.4,HElE5yaQ8evotnojrMXU,38.7157108454313,-9.10980903520847,17.270333,1778302944000,e1bd0a847e7079be,,20.89
9.788997,Porto,23-05-2026 07:08:54,0.41,87.6,6O6a1V20YYH5oVmxQczO,41.1659998278542,-8.63939212655648,18.8942,1779520134000,91d55d217a2af234,,19.14
9.790243,Porto,14-05-2026 04:17:22,0.37,71.5,9I2VI3fZdCKHppqZVlS7,41.1823095509647,-8.62856806719658,18.939592,1778732242000,867d47425e9cccc7,,17.84
9.801642,Braga,09-05-2026 14:43:18,0.32,59.7,MrJrfVmU16e55iHtdnop,41.5307303415799,-8.41081577776211,20.033061,1778337798000,552b8d6c350cb13c,,12.88
9.81379,Coimbra,03-05-2026 11:30:56,0.38,90.1,YOemEhCfEmgILnMFtKaL,40.2013706478831,-8.40768867994112,18.3785,1777807856000,1791998ac3161359,,21.75
9.81025,Coimbra,22-05-2026 11:42:54,0.5,108.7,PmLZONWDaqWAMrFOlvGE,40.2228015310669,-8.43776643162757,19.368979,1779450174000,8f8c45c33ff51d0e,,17.31
9.825438,Lisboa,26-05-2026 20:02:46,0.22,84.4,vrRJGtOChW8lFau5GEFk,38.746677552038,-9.15316795524224,18.274434,1779825766000,c31244cee16e0c77,,10.57
9.822065,Braga,15-05-2026 18:55:56,0.19,83,73CvORI0lmXgWontGtuX,41.521940188181,-8.43140519618174,19.070183,1778871356000,6588d11c4a11acb1,,19.47
9.805238,Coimbra,13-05-2026 18:14:55,0.27,80.5,721txjtvUw1VuCtBKzWA,40.2184067803713,-8.42660530417418,19.247995,1778696095000,102edb38b5ec347f,,20.66
9.848824,Porto,20-05-2026 20:16:20,0.11,71.2,PZiDXrb0TmnQTqs1xbuB,41.1720600423402,-8.6359795781207,18.19027,1779308180000,3bd002cf1fcfa789,,20.59
9.805687,Coimbra,10-05-2026 16:22:42,0.26,71.3,nNGC2rgepkuUE8ULE88c,40.1938869877543,-8.40605978022968,18.786822,1778430162000,153c202e3cfef4ba,,14.33
9.837109,Coimbra,24-05-2026 15:26:39,0.04,91.7,rMLydgdOvrIxC7shEi4V,40.2134412623,-8.38139043153713,17.956707,1779636399000,c31244cee16e0c77,,20.22
9.792766,Porto,21-05-2026 02:05:08,0.65,80.3,j3jLtKmJfCpuKIWQqJH0,41.1484254484647,-8.60935878928343,19.319222,1779329108000,18d281edb3671f44,,11.75
9.840068,Lisboa,04-05-2026 07:13:49,0.06,76.7,YSTVu92x5XCV4nluDoDx,38.7325367972071,-9.16418476583773,17.272334,1777878829000,e1bd0a847e7079be,,16.85
9.838371,Lisboa,13-05-2026 13:47:13,0.38,55.1,MV7bihPABzZFZd1Hd6Gx,38.7060451834299,-9.1066697286742,18.556394,1778680033000,487b076a69a53671,,13.17
9.788494,Porto,25-05-2026 11:26:56,0.28,96.8,ZuYIFsKvOeVeKfJXhIkZ,41.1614485915981,-8.59355024035339,16.915143,1779708416000,e1bd0a847e7079be,,22.55
9.816771,Porto,10-05-2026 06:24:00,0.06,70.6,eXRB0rDC44VjPvelPKvD,41.1618919670195,-8.63136308630264,16.851018,1778394240000,b572bc65fae8bec1,,22.4
9.831227,Coimbra,15-05-2026 06:19:04,0.11,85.3,N1ybaouBjq2oLRXuIDPQ,40.224327457978,-8.41726664609984,19.702415,1778825944000,72bd2672c948d2cb,,18
9.786363,Braga,18-05-2026 05:11:30,0.63,84.5,4T3KjmXjntlgbIM82cXi,41.5599761172975,-8.42112918901423,17.401604,1779081090000,3c58290022ed11b1,,16.55
9.818329,Lisboa,16-05-2026 07:23:36,0.29,79.5,oQnmtkBro76nXwbi458C,38.7468516966806,-9.15124215328239,19.230187,1778916216000,430f674c6dfe941a,,27.28
9.813923,Porto,22-05-2026 13:14:31,0.46,71,V2VnydCCzmnXyL0hflG6,41.1759445091656,-8.63805718624648,18.531899,1779455671000,e1bd0a847e7079be,,22.42
9.819503,Porto,24-05-2026 17:51:09,0.18,80,MwVuAmnfZGxEqGh8Dbay,41.1396956636214,-8.6499255974761,16.907339,1779645069000,42d576864f9952c7,,21.34
9.828275,Coimbra,18-05-2026 05:14:00,0.48,64.5,8t1eB82PtoSfPPZy4Eb8,40.1979166454061,-8.38502416164997,18.882346,1779081240000,3b1338c1207d1e2e,,23.6
9.783157,Lisboa,03-05-2026 04:51:33,0.04,66.3,2plKaiHjiSEWcdMZn3VQ,38.7346999844287,-9.11179902132006,18.325941,1777783893000,bc74204126e384ca,,25.19
9.824122,Lisboa,08-05-2026 15:28:50,0.31,77.6,ll7H9jVZZQlx47hYkbFn,38.7153720111839,-9.14519176775426,19.364123,1778254130000,2a339e8954684016,,14.14
9.842569,Lisboa,13-05-2026 20:57:31,0.48,77.2,ubYbvb4EcV3j6AcIyWMU,38.7170973268291,-9.14807746527665,19.0015,1778705851000,5e1de20fecf98844,,17.45
9.799612,Braga,11-05-2026 19:27:50,0.13,76.6,Aeh9EDA25ICi2MZOatEE,41.526941300773,-8.4614977070763,18.006768,1778527670000,1b1cc9cee9f27003,,15.62
9.806687,Lisboa,18-05-2026 17:56:05,0.64,80.8,NQTgEFV12KmioGiZ8joQ,38.7022227049254,-9.12847667282067,18.904855,1779126965000,b8e78b83a62a0cb7,,14.08
9.786933,Porto,14-05-2026 16:54:11,0.54,63.1,NgpoqlUQtvTDQLHHK4rW,41.1710320159709,-8.61351691108645,16.971485,1778777651000,330949523d665e3b,,15.16
9.849065,Braga,08-05-2026 01:11:41,0.05,74.7,V72cV5ZyOdYmlajOc1Yp,41.5361089674456,-8.43553542760191,18.299546,1778202701000,34cbefbc28798720,,18.52
9.808451,Braga,24-05-2026 08:08:42,0.44,68,2wmO30KzCnDNqIChVrPX,41.5398252285748,-8.46173046285971,20.055648,1779610122000,0e52f2934d8ce165,,11.27
9.789519,Lisboa,13-05-2026 09:25:40,0.29,77.2,Z3FXJDQgQ2vWHqeYxBPb,38.7135117391399,-9.11213155087843,18.585485,1778664340000,e9da39984fb29dc6,,15.09
9.853301,Braga,06-05-2026 09:29:02,0.06,91.9,JTsi3wtCBJ8f93Glz084,41.5235074882142,-8.39222190269914,18.940287,1778059742000,7f281c8dbac1f799,,22.42
9.798721,Braga,01-05-2026 19:28:45,0.02,71.8,UVwHMXjK3HHdZIxIoS8H,41.5260522356015,-8.4134713669601,18.680357,1777663725000,2f2bd7547d602b7a,,18.56
9.77846,Braga,09-05-2026 00:58:45,0.02,72,O2No17WTjI89NB2mrd98,41.5386214877067,-8.45535046425871,17.722794,1778288325000,3cc68b8049eb8d4c,,25.89
9.78228,Coimbra,21-05-2026 10:48:29,0.45,85.1,EDuiU8taeqTJQtn7UNM9,40.1923107963093,-8.38195115786527,20.50373,1779360509000,3c58290022ed11b1,,16.38
9.819829,Porto,07-05-2026 23:31:45,0.06,85.7,0kWZ8pzYkPAzLmp1weo9,41.134097976456,-8.6355281240883,17.780984,1778196705000,0e52f2934d8ce165,,19.74
9.796501,Braga,07-05-2026 01:28:39,0.6,76,VNDje4W6Uv4r8cy15qhO,41.5540627661166,-8.44101519161301,17.56444,1778117319000,ce246387dd078174,,15.8
9.807059,Coimbra,24-05-2026 15:45:01,0.06,88.4,soHgfUM9M3xp32QF1S9B,40.1992991669998,-8.43374115992351,16.574434,1779637501000,556be8558ce56421,,15.87
9.797853,Coimbra,14-05-2026 14:27:38,0.13,79.2,UUr5qOGvAQ1qwfagTZFp,40.1793592121868,-8.43821425070866,18.346059,1778768858000,3993ad7e2565b6b0,,10.9
9.831279,Coimbra,13-05-2026 21:37:33,0.42,82.5,X0TFJM1KyMH37QycMgL1,40.1882549442873,-8.41498287049071,18.695477,1778708253000,cb4c1290e91970dd,,22.41
9.819331,Porto,12-05-2026 14:00:20,0.16,93.5,LRT5MA0zTVcwPYC2DK3H,41.1619837824139,-8.65653590740916,17.881416,1778594420000,3b1338c1207d1e2e,,27.09
9.827781,Porto,21-05-2026 23:04:49,0.38,85.7,6bnKlbO8vgs6AZbUD25q,41.1816706618456,-8.60663921853816,16.919473,1779404689000,3db4e6efff8b7518,,19.17
9.81291,Lisboa,13-05-2026 01:45:27,0.04,73.9,CYduDSOqXYknJX3JPuVz,38.7394919125493,-9.15009398055829,19.441537,1778636727000,c9ab51cba10ae1e9,,20.78
9.78718,Lisboa,25-05-2026 06:21:05,0.24,78.9,fvwNIVZ19ou1tg6UfOzu,38.7374722993286,-9.16199825687624,17.63948,1779690065000,bbbe498ee44f6349,,16.35
9.800447,Coimbra,10-05-2026 19:31:14,0.04,67.4,2TFwvZC5xWk9kubhmLt6,40.2108316577624,-8.39216011767944,17.279839,1778441474000,91279a646f8ea6ac,,6.28
9.851059,Lisboa,20-05-2026 07:40:12,0.11,90.9,SemffTM64Qz2qjTvIwzi,38.736165625063,-9.13665225341304,17.979878,1779262812000,5e1de20fecf98844,,13.31
9.843914,Coimbra,15-05-2026 06:25:57,0.05,99,KfuoC0cpJjQrbFo1Sop4,40.1818957840294,-8.37805412509248,18.917445,1778826357000,7d176c63414fcd05,,18.7
9.783265,Braga,08-05-2026 01:22:34,0.04,75.9,sp9b2NE1CAJJKmAl2HLz,41.5421792154752,-8.40402311578582,17.368717,1778203354000,9d789fd91804129f,,17.13
9.808172,Coimbra,18-05-2026 16:03:16,0.02,79.2,ZqBxx577puIwe9Siu30S,40.2166268234642,-8.39568243939309,16.767567,1779120196000,153c202e3cfef4ba,,15.13
9.784308,Braga,05-05-2026 16:34:19,0.63,89.8,YGTEIugZ0MoUwTSPJ0oD,41.5613600981861,-8.42080306239386,19.567898,1777998859000,d4389e820d4f82fa,,23.55
9.803956,Lisboa,22-05-2026 06:09:23,0.11,54,LBe9kbJCJPd5wE3TjeRw,38.7263099982872,-9.17022482390135,17.849772,1779430163000,c837debb39dd1e68,,13.96
9.799696,Porto,13-05-2026 05:36:55,0.2,95.3,5UbTMFBTW8iznQCtISRt,41.1824556739913,-8.64515944007382,17.075132,1778650615000,c85cdb0ef48d09c8,,11.61
9.80346,Lisboa,25-05-2026 15:48:37,0.15,77.9,AjXIRLu3aNdTWwLhXeNe,38.7078584604178,-9.11864533798194,17.418143,1779724117000,c85cdb0ef48d09c8,,20.05
9.848703,Coimbra,13-05-2026 01:52:20,0.01,88.2,XWl1lbP7FUhvfg8zKS8R,40.2157405509416,-8.39385756567305,17.675553,1778637140000,234da97fe615c6b7,,16.57
9.833613,Coimbra,24-05-2026 00:43:29,0.01,73.7,2vlgtwlTB4qFflqzmowP,40.2197653696861,-8.41869310483856,17.894811,1779583409000,bb4bb9fbcfcc16d1,,15.99
9.782551,Porto,26-05-2026 10:20:58,0.02,83.2,b4MdJdRxgka9HaauytbZ,41.1492448805565,-8.61103907827583,18.302791,1779790858000,487b076a69a53671,,15.87
9.834416,Lisboa,10-05-2026 03:35:51,0.51,71.2,NFlInwg3R6jMxKl5CT24,38.741705385109,-9.10775825869242,16.596779,1778384151000,3cc68b8049eb8d4c,,19.74
9.819509,Braga,22-05-2026 14:35:11,0.13,72,Nc7I49Y8hZ7t7sgwRlLH,41.5457957516786,-8.40381848454339,19.229028,1779460511000,da211edc7bac01a0,,9.13
9.786522,Braga,10-05-2026 03:25:55,0.62,78,zcwd66EZ16QTW1Lg2HfQ,41.531330359151,-8.40358586750869,16.57484,1778383555000,4c885efe7bde3ff4,,13.79
9.839949,Lisboa,26-05-2026 19:44:18,0.03,98.6,zWIPmsuiCWms8OBzByfF,38.7445408416688,-9.134939731168,16.630896,1779824658000,c0014ea2ee2fdaea,,26.38
9.841889,Porto,24-05-2026 12:01:21,0.24,86.8,ytFYXsXRSdH1cm8ft5LV,41.157426927502,-8.64190149201776,18.03286,1779624081000,7d176c63414fcd05,,17.36
9.816617,Braga,26-05-2026 22:29:43,0.26,94.5,d9tymw9Id00R3BVGH2lG,41.5530103587328,-8.40923734859004,16.999241,1779834583000,da211edc7bac01a0,,23.51
9.816263,Lisboa,11-05-2026 09:54:09,0.44,86.9,D8l5oTueTnFnKONac7yn,38.7320812126917,-9.17081181237836,17.144683,1778493249000,6588d11c4a11acb1,,17.86
9.799371,Porto,12-05-2026 16:04:17,0.1,64.3,061vly0ox61zcjjMpNQq,41.1808128836617,-8.6646215547277,20.410928,1778601857000,ec75a53f04901eec,,10.64
9.809354,Coimbra,16-05-2026 00:52:20,0.04,86.4,84PV6rASaA0Ayr15m0XF,40.2130413785776,-8.39544017549859,17.736226,1778892740000,057c44d337463e07,,12.8
9.814656,Lisboa,20-05-2026 04:45:15,0.66,72.4,SXCiQSoeOhhk5YFelIuk,38.7277070052525,-9.13054183036353,19.669248,1779252315000,552b8d6c350cb13c,,21.83
9.811033,Lisboa,20-05-2026 07:56:30,0.32,82.3,Iss2KqgWhz044m8fJ2Fm,38.7468871536195,-9.12441731942229,18.355373,1779263790000,d0825fdf3da3660c,,21.62
9.80405,Braga,24-05-2026 05:51:55,0.1,93.1,hoc1ylfWSZepBNxCVjCM,41.5463841811199,-8.46000008742939,18.098102,1779601915000,cb4c1290e91970dd,,12.92
9.815739,Porto,10-05-2026 04:09:55,0.19,71.7,nUucKa8jv38q6lwDm5Pd,41.1666953539409,-8.62884041420234,17.190363,1778386195000,daf96d2280390dec,,13.74
9.852495,Coimbra,25-05-2026 13:03:37,0.58,93.3,olOmvQUCb3Ce1pMHsJkj,40.1968218480735,-8.37870838740433,17.2096,1779714217000,8e2e127651e9cbde,,18.29
9.78413,Lisboa,20-05-2026 21:35:46,0.28,73,IbNUkU7uxcj5gRoayaKd,38.6983624849437,-9.12651178033333,19.303714,1779312946000,c0014ea2ee2fdaea,,16.42
9.831368,Coimbra,11-05-2026 21:34:57,0.69,86,OcKIebP06E7KPysRNyC6,40.2178095679019,-8.43719245105032,17.041924,1778535297000,556be8558ce56421,,23.04
9.832929,Braga,17-05-2026 18:07:28,0.3,70.3,DE65jDI4xojsOUl99yq4,41.5552755932001,-8.41837517656474,18.469074,1779041248000,3cc68b8049eb8d4c,,17.09
9.793521,Braga,15-05-2026 13:21:34,0.61,72.8,cDAT4I2ozi1Own8zA4AD,41.5382762100475,-8.46106489705813,18.404204,1778851294000,bc74204126e384ca,,21.13
9.794182,Coimbra,18-05-2026 15:34:42,0.32,72.2,uQziUHnpnTmKm83UQYNx,40.2002702129422,-8.41818742655858,16.764606,1779118482000,e9da39984fb29dc6,,16.34
9.810681,Coimbra,20-05-2026 19:35:48,0.05,81.1,PtnzjEgIPCt519X3NAdm,40.2059031004783,-8.39163605975869,18.256501,1779305748000,cbf338d836298cb7,,20.77
9.824693,Braga,19-05-2026 15:43:51,0.09,70.1,HBl8CbSnyKQlrVRKXjPz,41.5366348814857,-8.39836652055876,19.109456,1779205431000,2618243a251bd83f,,21.58
9.782543,Braga,12-05-2026 22:15:34,0.59,83.5,ViW7FuN7WNHVO4cRgYef,41.5265368770185,-8.4397403922674,18.419478,1778624134000,e1bd0a847e7079be,,25.59
9.791042,Porto,03-05-2026 13:27:40,0.23,71.7,2fu75wmVj9nt1exN6uL5,41.1313680823433,-8.6031184435244,16.47824,1777814860000,923d0315f3ae2bb3,,15.47
9.821929,Coimbra,15-05-2026 01:34:22,0.07,73.7,gZJk54jkAhI6NAkJJOES,40.2019547145972,-8.39590463858608,18.636115,1778808862000,8e7f2987241c2818,,19.69
9.815336,Lisboa,06-05-2026 12:04:28,0.11,76.6,8j6CgWci4yEyEkXbLS0x,38.7325580507145,-9.11136155847295,17.801603,1778069068000,ec75a53f04901eec,,19.83
9.800061,Coimbra,01-05-2026 23:08:04,0.3,78.2,8QKw4vf4xeliNtRz6jh7,40.2078841296178,-8.43279531931495,18.065053,1777676884000,c6a2d85265d19a41,,14.76
9.787719,Braga,05-05-2026 00:47:12,0.06,82.6,MZFbN5LAkx2qmGrH56bF,41.5703250808927,-8.43943678830964,18.630593,1777942032000,3bd002cf1fcfa789,,16.28
9.818161,Lisboa,12-05-2026 14:13:36,0.13,85.5,tqCBvcrVWQDQfvJci37N,38.7442141211828,-9.17030721552127,17.122507,1778595216000,eb39e98aca20e7d3,,18.6
9.817283,Porto,19-05-2026 11:30:50,0.63,80.1,5EyycSRrSyvxZG2YBATv,41.170570641017,-8.66358348282363,18.607773,1779190250000,2f2bd7547d602b7a,,26.85
9.802799,Braga,27-05-2026 19:34:20,0.11,72.7,Fsrf6C6QfZQ6u3G5hbZi,41.5693169617204,-8.41069046715854,18.225177,1779910460000,5311a0642c2564ad,,22.77
9.784843,Porto,04-05-2026 03:40:58,0.18,87.3,KZpXf3eaUaVZv36NejLO,41.1440198815931,-8.65225879637046,17.822696,1777866058000,8dc02e5c153f83a3,,19.35
9.830589,Coimbra,06-05-2026 03:18:14,0.34,88.7,hdTim6V7flfT8faBYRon,40.2103741645891,-8.42225583484951,18.990747,1778037494000,7d176c63414fcd05,,17.74
9.811457,Porto,26-05-2026 16:43:05,0.05,80.7,E0mTFMTlEsURL33dClGa,41.1696168872424,-8.63721178830286,19.053164,1779813785000,5311a0642c2564ad,,17.67
9.787609,Porto,07-05-2026 23:38:50,0.05,76.1,IKmShSWeml2uWokzO1Ls,41.1403959317837,-8.6507803526615,19.066824,1778197130000,04964f8452901231,,20.41
9.792989,Coimbra,21-05-2026 16:56:08,0.08,104.9,0wVpHaP49RqsWkedeFw5,40.2036593408527,-8.42547265398713,19.14838,1779382568000,487b076a69a53671,,17.39
9.820667,Porto,04-05-2026 21:09:01,0.37,88.4,W5TCaVRfuLX66xSRMR9e,41.1643716574506,-8.60631339304557,19.248035,1777928941000,3811390588367f0e,,21.49
9.803698,Lisboa,18-05-2026 09:13:52,0.1,74.3,ZExFtWFuIVmoLkcSwAD4,38.7345660543,-9.15182335001952,18.836826,1779095632000,c7f34dc43387f858,,17.11
9.831303,Coimbra,20-05-2026 13:48:38,0.27,94.5,35DCjjVWyA8b3iYuy3Oj,40.1938158504168,-8.38935411472413,17.264382,1779284918000,9d16533a62ab9315,,17.44
9.816152,Coimbra,09-05-2026 09:18:11,0.41,74.8,L8lngbzEjrvmbFzkt192,40.1960483354468,-8.41493944227682,18.650219,1778318291000,8dc02e5c153f83a3,,18.16
9.781282,Lisboa,25-05-2026 05:32:11,0.08,66.8,B82kFQdw9ge8uTEMsjpH,38.7075979070021,-9.14023198563203,15.728686,1779687131000,ae7ec9246c4649bc,,22.05
9.806837,Coimbra,01-05-2026 15:06:30,0.69,112.4,tOkvOtRNBNhMiHsvUxZS,40.2196956068923,-8.41621463151944,18.315388,1777647990000,b8e78b83a62a0cb7,,17.57
9.829912,Braga,04-05-2026 01:32:45,0.49,97,CxApn8uSo635uO65EYrJ,41.5383566401182,-8.39255792312826,16.533537,1777858365000,bb80f878cef35322,,15.51
9.821655,Lisboa,10-05-2026 10:27:59,0.32,85,i9uYOK6oTLNp00pFKE4b,38.7264698732416,-9.15099300468728,16.941957,1778408879000,1bd749deaf799034,,8.74
9.82716,Lisboa,08-05-2026 04:50:47,0.61,71.7,ufHFDM5589UreCyXmYXr,38.7228918657705,-9.16729144086088,18.582224,1778215847000,5e1de20fecf98844,,21.17
9.807559,Braga,23-05-2026 23:57:18,0.05,75.4,oOauw0NEJjYr9uFuM4Im,41.5380442453154,-8.40645937209504,17.486976,1779580638000,c31244cee16e0c77,,12.61
9.795706,Braga,06-05-2026 20:13:56,0.1,85.2,UdV4mHZGspYyBS02atqn,41.5701172122849,-8.41945898038674,18.063766,1778098436000,1d3db575c4a79d75,,14.02
9.80637,Braga,21-05-2026 10:59:37,0.05,58.2,xDX6jCOyJkMCWug7rDrm,41.5343895711509,-8.46049605017732,19.285228,1779361177000,a2fd30e5fa49ad53,,12.1
9.798281,Coimbra,16-05-2026 16:05:36,0.38,83.3,bhd3uJExju1UyJbOBPuz,40.1916771784217,-8.40418557950054,17.730056,1778947536000,b8e78b83a62a0cb7,,15.23
9.770622,Braga,02-05-2026 16:14:06,0.61,81,suKWKc4GdUTTiFe7eijg,41.536036955771,-8.40225195154842,18.65798,1777738446000,fb188f553674b4c4,,17.91
9.816442,Braga,18-05-2026 11:47:58,0.24,79.9,vfAvWeFzIdHAPYzSjJ0f,41.5691666543458,-8.44561905141809,18.879722,1779104878000,3bd002cf1fcfa789,,18.9
9.810352,Braga,13-05-2026 15:48:04,0.39,70.2,pdPRJbdP1SoEccoWo8j9,41.5426188970992,-8.45426018412793,18.865055,1778687284000,06961ead71f8b1d8,,15.79
9.830036,Braga,20-05-2026 05:09:02,0.23,75,GWsFbQTSAJecmLcnoLFa,41.5454315292588,-8.43927432788473,17.300333,1779253742000,bb80f878cef35322,,10.92
9.819431,Lisboa,18-05-2026 20:53:19,0.37,61.7,51kznjIa6OVNsrJxGyk1,38.7331985183025,-9.13365327931294,16.113843,1779137599000,55b620d8c0ab41e0,,17.66
9.806994,Braga,10-05-2026 12:05:29,0.31,76.7,5qzhPsCbCM9PQGXznlhc,41.5591252732589,-8.44408478574038,16.94476,1778414729000,574582321d04df00,,19.86
9.798989,Coimbra,10-05-2026 23:31:18,0.27,83.2,WKVVt1SRn4L0txDdPOoK,40.2197503505207,-8.39313235983646,18.250052,1778455878000,2f2bd7547d602b7a,,23.21
9.821723,Lisboa,01-05-2026 14:24:03,0.08,75.9,1l3vnF8UyUuDzMWk6FEJ,38.7070075118354,-9.17225895636491,17.661058,1777645443000,6f36a3307488809f,,18.03
9.803488,Lisboa,13-05-2026 01:32:41,0.06,78.4,Ng4a2bNd2a8r7atCyUK9,38.7382301874146,-9.12773953826868,16.870129,1778635961000,f7c6682ad24d37f8,,13.94
9.782229,Braga,10-05-2026 06:16:52,0.37,64,V4xerAPbtXc5htjqD774,41.5236505424301,-8.43602035012987,18.311692,1778393812000,17b4966e9be4d8d8,,14.43
9.820272,Braga,02-05-2026 11:22:50,0.59,80.3,77ElahfUpD34LSJrrbSK,41.5248975306232,-8.41663624327895,19.065248,1777720970000,04964f8452901231,,21.24
9.790123,Coimbra,11-05-2026 11:02:50,0.26,84.2,zRybcFB1DAlaK5cQe9X4,40.1797173039815,-8.39673905418684,18.147793,1778497370000,8e2e127651e9cbde,,12.94
9.774138,Lisboa,10-05-2026 20:09:39,0.04,76.2,rbQr93mpSCZaPc3K12BJ,38.7336347055504,-9.12415102027586,17.416458,1778443779000,153c202e3cfef4ba,,13.26
9.802002,Coimbra,03-05-2026 07:06:07,0.01,82.7,xfMxD0EIkxQ5xUJIjuVO,40.2190660594924,-8.39505859874748,17.994503,1777791967000,d0825fdf3da3660c,,15.32
9.833434,Lisboa,19-05-2026 01:32:22,0.15,68.2,wXsj0RW4FRIAx9BfMq4i,38.7172780838442,-9.13374820142384,19.165325,1779154342000,9d16533a62ab9315,,19.92
9.80595,Lisboa,22-05-2026 21:11:01,0.31,74.7,I3Rk4cvG63OjMvIO1Vk2,38.7452348530146,-9.12923180934027,16.692975,1779484261000,b572bc65fae8bec1,,14.12
9.802049,Braga,20-05-2026 05:46:53,0.11,92.4,0A4hGIcHgKaq7JQ8kVoR,41.5711705525826,-8.40541184519713,16.944003,1779256013000,a2fd30e5fa49ad53,,16.76
9.797714,Lisboa,19-05-2026 02:57:06,0.29,72.9,7zHQ0zoKwVASWgoOPDj1,38.7217157189868,-9.15137876484574,16.715971,1779159426000,867d47425e9cccc7,,24.44
9.826565,Braga,25-05-2026 11:47:52,0.14,90.9,gFj6eS8tpWzt0nIOg80m,41.557074913548,-8.39813138880285,17.816624,1779709672000,153c202e3cfef4ba,,12.27
9.799507,Porto,11-05-2026 01:16:27,0.39,84.9,0XReeqC8hB8wQzaSMtvy,41.1317758536678,-8.64374695202798,17.08235,1778462187000,f7af4712fd6b9108,,16.54
9.800961,Porto,18-05-2026 01:00:31,0,72.1,RFbyc9FW5fEqIffpU1TO,41.1537258859735,-8.62285116540397,17.585351,1779066031000,c85cdb0ef48d09c8,,16.51
9.795431,Porto,12-05-2026 17:13:35,0.5,83.2,EcutJXT2CnNAgaRiL3RX,41.1554530522174,-8.61123726040922,18.435318,1778606015000,a8c47673d6a4f85c,,21.98
9.782196,Porto,25-05-2026 08:57:25,0.33,81.6,DrSKyZ7IPUdqLhSHFl5C,41.1814190854521,-8.63308564179239,16.635271,1779699445000,f7af4712fd6b9108,,15.04
9.816034,Coimbra,17-05-2026 12:12:38,0.55,81.8,RL2FoTCZS86hgkiiV8MK,40.1786692078623,-8.43273563648058,17.475716,1779019958000,39a54d73a921b9f6,,17.74
9.820726,Porto,21-05-2026 20:57:19,0.05,58,TH5SxOIgAEcrBJSBeefq,41.1545572505544,-8.63866240520347,18.013775,1779397039000,bb80f878cef35322,,21.4
9.823857,Lisboa,12-05-2026 19:23:08,0.24,85.8,74ihbkfKlQmCQIxJqEeY,38.720929776491,-9.13880763977026,16.155855,1778613788000,3bc1bf7fb69f3ba3,,16.43
9.830033,Braga,02-05-2026 22:19:07,0.21,93.9,mjtiVSzaxdGYahHQrLHa,41.5498345120304,-8.45421684448365,18.469374,1777760347000,06961ead71f8b1d8,,19.52
9.798878,Lisboa,12-05-2026 19:54:11,0.5,78.7,EZnmQEEEnglyJOOI2Zej,38.7428407913682,-9.16442049401882,17.35632,1778615651000,39a54d73a921b9f6,,24.46
9.803559,Braga,04-05-2026 07:13:07,0.42,93.3,GeKkpOWA1Ox8o0qAdWBc,41.5647236833745,-8.45208457919769,18.809463,1777878787000,0e52f2934d8ce165,,15.05
9.781695,Lisboa,19-05-2026 03:22:16,0.3,82.2,CM13oV6iEN8YG4AP3WOk,38.7374541431342,-9.17199229400299,17.236754,1779160936000,24d6a87b0598b02e,,12
9.808163,Braga,04-05-2026 15:26:45,0.16,79.1,MbAeJfT5XjXPcxrzrDPZ,41.5507448633069,-8.44182288939231,18.917758,1777908405000,ae7ec9246c4649bc,,17.76
9.84711,Lisboa,16-05-2026 21:05:05,0.1,82.2,t28EGFyW31SLSJ7RMMQY,38.7116888213706,-9.13685736329705,16.335543,1778965505000,d4389e820d4f82fa,,16.95
9.803272,Braga,24-05-2026 18:30:48,0.14,89.6,IHNOeqOr7r3sMGou75u6,41.5437437157713,-8.45601067380891,16.763903,1779647448000,e9da39984fb29dc6,,18.69
9.823431,Braga,15-05-2026 20:55:15,0.27,95.3,0vHRArqMBQQmXN4YiZXS,41.5489648094922,-8.43742993297829,18.854278,1778878515000,5311a0642c2564ad,,18.24
9.817766,Lisboa,27-05-2026 08:22:47,0.4,92.5,unZDLHlhUU4sOpnMYO1v,38.7055581499819,-9.12642755829232,17.868327,1779870167000,867d47425e9cccc7,,14.91
9.817583,Braga,19-05-2026 04:54:18,0.18,92.3,zETr7KDIvjqMeqh9y0Jz,41.5663127771842,-8.40416365401271,15.607279,1779166458000,c31244cee16e0c77,,16.35
9.828269,Porto,13-05-2026 08:52:34,0.13,85.4,FD7JL0rGKAmrdBOFMgEB,41.1344934824246,-8.60672309749071,17.678276,1778662354000,430f674c6dfe941a,,12.88
9.820306,Coimbra,06-05-2026 23:12:29,0.66,71.7,WZdc2ergJIriYg7VRBnc,40.1932096568387,-8.43577236188259,19.050813,1778109149000,3b1338c1207d1e2e,,15.68
9.797772,Porto,14-05-2026 10:55:51,0.07,79.1,BpooNMKWr7Jw1pjbJLuW,41.1314322028366,-8.64074737105278,18.984606,1778756151000,d0825fdf3da3660c,,18.75
9.795367,Braga,19-05-2026 14:32:39,0.01,98.9,INb9kfKVNrZFhgp2AopD,41.5276794683807,-8.39284876353058,18.574207,1779201159000,057c44d337463e07,,15.57
9.817262,Braga,14-05-2026 13:36:25,0.57,83.1,apQtBL3M2yCnog2fATCC,41.5665618207519,-8.39636787259922,20.402537,1778765785000,cb4c1290e91970dd,,23.16
9.813832,Coimbra,04-05-2026 18:07:38,0.43,85.1,1SRykYznnuwzrpTs5oyM,40.2090539183004,-8.4192820366622,18.811935,1777918058000,234da97fe615c6b7,,13.8
9.837251,Coimbra,28-05-2026 08:18:09,0.95,96.4,PSeCTZbyKwxybFBUC6Bf,40.2281753991129,-8.39711444088652,17.663757,1779956289000,c31244cee16e0c77,,18.97
9.768358,Coimbra,18-05-2026 19:06:49,0.16,85.5,qEkko2LPHMHZm2cyxdWo,40.1900659762097,-8.42949185024545,19.851804,1779131209000,3bc1bf7fb69f3ba3,,14.9
9.810569,Braga,05-05-2026 11:30:12,0.1,59.2,dKPYY3938VlsJE8B5kpb,41.5465074314583,-8.44584978779943,19.553947,1777980612000,5e1de20fecf98844,,19.44
9.79273,Braga,05-05-2026 22:16:05,0.01,79.7,0YlIhXDJWxUljI7lpYau,41.5509422598149,-8.45701647606218,18.27536,1778019365000,7e8fb26408446272,,12.53
9.821851,Braga,02-05-2026 00:08:17,0.19,53,G5dzikdEj2ip3M1xKYrD,41.5597828944351,-8.42554429354468,17.523577,1777680497000,57e7d972b508815d,,20.53
9.810453,Braga,13-05-2026 01:11:28,0.3,65.9,OMWceyiasDHZFRWzJIUz,41.5429669820674,-8.41133318328009,18.309133,1778634688000,de2dde23040292bc,,17.68
9.798418,Coimbra,18-05-2026 04:21:53,0.21,75.2,MKT1VzWqH7AkG2FiZcne,40.2282536895021,-8.37895838951994,17.490725,1779078113000,19a558ecc36977ce,,17.65
9.853399,Lisboa,21-05-2026 00:29:45,0.56,65.8,ytxbuFmWbnBXOWjC3LYW,38.7407651033019,-9.16591037195749,19.196989,1779323385000,42ac1a2bf982f79c,,15.29
9.803635,Braga,12-05-2026 20:51:12,0.08,72.2,b5o5CqFzDTDx4nDiA9dp,41.553449859295,-8.44078792127549,19.482173,1778619072000,bc74204126e384ca,,21.21
9.827244,Braga,15-05-2026 08:11:13,0.35,65.8,dwD6y4P3BeMsw0GJEc73,41.5668401202515,-8.39599837306957,15.338165,1778832673000,cbf338d836298cb7,,14.76
9.829134,Coimbra,16-05-2026 01:34:27,0.07,85.2,GkagjVTJrdbGnOHxbCzv,40.1799587821411,-8.42221682563225,17.876834,1778895267000,430f674c6dfe941a,,15.24
9.814095,Coimbra,18-05-2026 20:42:47,0.48,87.7,ZHLh4CWFBWGcQXJUVKGe,40.195033982102,-8.42256381511943,18.593743,1779136967000,1d6285f5502cf1f8,,21.73
9.801698,Braga,22-05-2026 08:28:32,0.84,87,UOrjjW6mfNyrzoccta9i,41.5687791928175,-8.43530784219896,18.537355,1779438512000,b30b0b43692b035b,,19.57
9.795239,Braga,08-05-2026 08:40:51,0.14,81.8,JKq6naek2cqUEYeoD6k7,41.5409922929134,-8.44860245048698,18.130081,1778229651000,17b4966e9be4d8d8,,13.92
9.814127,Coimbra,17-05-2026 15:19:03,0.13,94.6,Ux2E99qKJJ450VvOQuHj,40.1824687781691,-8.39832169739055,18.906114,1779031143000,7d176c63414fcd05,,17.05
9.824998,Lisboa,12-05-2026 21:47:28,0.29,82.8,0bBErv8GtFUzd8LtZ3qg,38.7388342203919,-9.12003794472661,18.433519,1778622448000,c34c1310eab19c87,,14.03
9.797342,Braga,11-05-2026 15:05:53,0.09,81.9,9pD5j7gSIGxAVzAKvtfp,41.5483707634509,-8.40164480955187,16.69811,1778511953000,04964f8452901231,,22.22
9.82144,Braga,04-05-2026 05:16:08,0.46,73,u74dBz0BjAEbv8xhtpF4,41.5520451464137,-8.39414085117619,18.136535,1777871768000,8f8c45c33ff51d0e,,16.22
9.812263,Coimbra,11-05-2026 09:21:40,0.6,76.4,B2pspNZkvkMuLy2fgffY,40.2264031409845,-8.4176287441626,18.023916,1778491300000,389da1f3a7c1d8de,,16.78
9.822673,Porto,05-05-2026 11:33:17,0.5,73,YZSPjdaElcis1xRR60Sw,41.1390024785101,-8.63422512839459,16.411032,1777980797000,2618243a251bd83f,,23.24
9.805514,Porto,17-05-2026 00:38:34,0.02,88.6,cLfcNa07mYk5z0FgrLsN,41.1330831860994,-8.60092153925292,18.96507,1778978314000,6588d11c4a11acb1,,16.45
9.788028,Porto,04-05-2026 03:39:48,0.03,94.2,M2qkPXSGgFMoSscz2vQk,41.1758173375958,-8.64456023321204,18.039586,1777865988000,9d16533a62ab9315,,22.94
9.789361,Coimbra,25-05-2026 16:53:00,0.18,86,sPT0zAZ7pY2tQunpDjTj,40.2200546393961,-8.42028666502711,17.837192,1779727980000,64a94f9052422a0c,,18.29
9.779996,Porto,06-05-2026 17:09:05,0.41,72.2,gCijUesXvSuLpTEBAh7P,41.1351904460963,-8.62281111691727,19.076187,1778087345000,bc74204126e384ca,,17.75
9.814862,Lisboa,23-05-2026 23:21:03,0.41,77.1,cxkzmwedc12Zqyl0FDQ9,38.7459215783412,-9.15938792030248,18.024509,1779578463000,d632e4ce536ec364,,18.93
9.832921,Coimbra,22-05-2026 19:50:10,0.47,72.2,0uV9TBQu96WK3Sla3Yk9,40.2186211535861,-8.38466489647712,16.77246,1779479410000,bb4bb9fbcfcc16d1,,24.52
9.802546,Lisboa,17-05-2026 05:47:10,0.57,77.6,c4ipGMF9r6mUlAcXaOxT,38.7177532512931,-9.14020710775449,17.917751,1778996830000,bc74204126e384ca,,13.84
9.797847,Lisboa,01-05-2026 03:11:21,0.29,78.6,EX0GmnjvRQ2VVGrHz4HL,38.7385112819779,-9.14808855540562,18.29545,1777605081000,cb4c1290e91970dd,,19.23
9.78809,Braga,02-05-2026 21:56:01,0.54,71.2,9ULJsIWDcsvbALO9YeE1,41.5418866302163,-8.39404522826754,17.592889,1777758961000,82a83fc853728306,,24.62
9.802235,Lisboa,11-05-2026 18:25:00,0.1,79.4,0CpzaBd9eZZrI05I8AbG,38.6955313642639,-9.15804177474623,18.793539,1778523900000,c85cdb0ef48d09c8,,18.02
9.822378,Lisboa,25-05-2026 02:37:20,0.11,96.4,nIQJsXh2p7yJUvlIPmaR,38.7368206610064,-9.12799633138651,18.244031,1779676640000,34cbefbc28798720,,11.92
9.757385,Coimbra,24-05-2026 07:04:57,0.03,83.9,gi7VUqkQsQqAk5BnUkxg,40.1806025294345,-8.39991775844394,17.272602,1779606297000,bb80f878cef35322,,18.97
9.808792,Lisboa,27-05-2026 15:15:33,0.03,91.3,eej3h27a9peXXYW8r9lh,38.7120125806148,-9.13637088489926,17.091869,1779894933000,3cc68b8049eb8d4c,,21.96
9.805657,Coimbra,26-05-2026 22:50:40,0.14,85.3,GhEQNrYfwYfwlyZmI8qU,40.1945266025321,-8.41026725925815,17.29583,1779835840000,9d16533a62ab9315,,18.34
9.810257,Porto,05-05-2026 04:41:29,0.08,84.8,kjvkH0SImE7WOwbv2yYW,41.1800896986187,-8.62046872877848,16.053897,1777956089000,8e2e127651e9cbde,,16.27
9.825876,Coimbra,20-05-2026 12:53:57,0.07,77,kmNOEXLVSeVo1Q76XFJX,40.1818927254882,-8.40942188614383,18.882253,1779281637000,6f36a3307488809f,,15.15
9.779144,Coimbra,10-05-2026 15:59:00,0.15,78.4,ccCmaKwbQ7xPvAV1au3D,40.1972128763855,-8.4002228842989,16.962898,1778428740000,1bd749deaf799034,,17.3
9.81983,Porto,26-05-2026 06:26:34,0.09,79.9,XhLiEFJJUWvhNZcY1Oup,41.1381402796702,-8.65807766276057,19.723238,1779776794000,d5eb4d757b335d0e,,16.63
9.815567,Lisboa,02-05-2026 21:22:01,0.25,74.9,gd8tQ9iSq0yjrv2AeHxe,38.7243024050709,-9.14444672919938,17.480659,1777756921000,bbbe498ee44f6349,,16.08
9.81719,Coimbra,02-05-2026 02:29:05,0.21,103.5,sulTf3i7HMM2gxhgqXvu,40.1929527867698,-8.42445332007537,17.610565,1777688945000,da211edc7bac01a0,,17.75
9.817916,Porto,04-05-2026 19:51:14,0.39,82.6,drt1WJWI62fZTJ7K3SIt,41.1407614065708,-8.64973391833404,15.781524,1777924274000,06961ead71f8b1d8,,8.45
9.800082,Lisboa,02-05-2026 23:27:45,0.47,91,64AfQvrVdieg88Lag5Ec,38.7007235072017,-9.14596880753292,15.26245,1777764465000,64a94f9052422a0c,,20.28
9.814873,Coimbra,06-05-2026 04:32:13,0.3,69.1,kL8J5YpfvklP6KS3gOZb,40.2200130479119,-8.41694688312935,17.145129,1778041933000,91279a646f8ea6ac,,18.44
9.797474,Coimbra,09-05-2026 05:19:47,0.86,84.9,903RGpAaRH4rKYUX1mFJ,40.1880945503631,-8.39558235446193,17.800622,1778303987000,42d576864f9952c7,,13.5
9.804873,Braga,19-05-2026 20:34:00,0.24,74.6,0HswizLA6LsrpN24hTAq,41.5216060458931,-8.44735111566012,16.185536,1779222840000,5311a0642c2564ad,,18.18
9.762161,Porto,11-05-2026 14:08:47,0,88.4,9hKaPnTh1SaAgvnCjjUP,41.1678396910474,-8.65542501295762,18.940674,1778508527000,c9ab51cba10ae1e9,,12.51
9.820398,Porto,20-05-2026 22:59:50,0.13,98.7,QHRrCQm2Ojnywm3Q28Qp,41.1778152815856,-8.64164349671353,18.22698,1779317990000,42ac1a2bf982f79c,,18.03
9.778582,Coimbra,03-05-2026 09:00:41,0.18,93.6,aBDkdY41dVDHsnAh4sjs,40.2027013291218,-8.42628613212197,18.463065,1777798841000,487b076a69a53671,,11.75
9.786411,Lisboa,23-05-2026 23:21:27,0.1,94.4,WHeLDwtPoCmS3r1E9yrk,38.7048612267883,-9.12067766075364,19.339686,1779578487000,19a558ecc36977ce,,17.69
9.773162,Coimbra,01-05-2026 19:58:34,0.18,88.9,pPFyo8JGP7jhrUxHqSgr,40.188210530421,-8.38167895686072,18.651851,1777665514000,8f8c45c33ff51d0e,,18.1
9.779138,Lisboa,28-05-2026 12:47:04,0.66,81.6,4gp5sqZpW9Q7J2NKZ7H6,38.7356057715123,-9.1725021036189,18.932124,1779972424000,b8e78b83a62a0cb7,,17.77
9.831507,Braga,01-05-2026 03:55:38,0.06,82.1,9buXSXJAKvaEmlgUtUWB,41.5522860510071,-8.3920513475984,16.799882,1777607738000,8dc02e5c153f83a3,,18.94
9.830709,Lisboa,10-05-2026 16:23:44,0.43,71.6,zQ19MKKwgyENm4puc2vw,38.7328854650602,-9.15508489259135,18.169003,1778430224000,e8c9832b5c388bb5,,14.45
9.829953,Coimbra,24-05-2026 22:33:43,0.23,77.1,B9JbSegK5ioA3cnDAIVe,40.2172820464675,-8.40800314277222,17.768194,1779662023000,06961ead71f8b1d8,,17.76
9.819871,Porto,22-05-2026 10:07:47,0.6,82.9,ioVnnxgcqa6LAhrPL4C5,41.1676718903796,-8.59496513145639,17.298627,1779444467000,517fc5ca69b652a5,,21.72
9.807974,Porto,11-05-2026 12:04:33,0.29,74,A4vgfGLo7KraBSw7wWCJ,41.180916346713,-8.62984954347357,18.029851,1778501073000,4c885efe7bde3ff4,,19.46
9.851864,Braga,28-05-2026 18:05:01,0.35,64.9,Qrml0koVcUlm0nmisDdQ,41.5198525405987,-8.45553999743701,19.174966,1779991501000,bb80f878cef35322,,14.88
9.814065,Coimbra,06-05-2026 17:20:08,0.06,75.4,6UnxOW4Wt1RBjSe15kEy,40.1884837447346,-8.43614088883639,19.383196,1778088008000,c51d4eb54f89fec8,,20.42
9.820172,Porto,09-05-2026 12:00:04,0.45,75.7,15AgfWknejAgBoS0krTH,41.1401542403968,-8.66244184500456,18.061704,1778328004000,2b95dd3cf28e7c18,,22.83
9.801528,Porto,26-05-2026 23:50:30,0.29,66.3,7f3LhYSi5doVSI82hJEz,41.1414985446613,-8.64376487222497,18.794956,1779839430000,9d16533a62ab9315,,12.77
9.778043,Braga,12-05-2026 06:04:01,0.22,73.7,ip6dG2MI4epIJfvHIfqq,41.5212528875634,-8.44960330564491,17.801121,1778565841000,153c202e3cfef4ba,,16.14
9.810887,Lisboa,03-05-2026 03:17:07,0.15,62.5,F21niZYoSOfHjNCeBUOI,38.7249410038607,-9.1165901066503,18.344322,1777778227000,17b4966e9be4d8d8,,16.36
9.830118,Porto,08-05-2026 23:48:47,0.34,68.7,r2vbcWaXbXQSb3ZUbfuk,41.1707380328278,-8.64187797307051,18.324612,1778284127000,2b95dd3cf28e7c18,,16.65
9.809603,Porto,05-05-2026 18:28:54,0.37,78.9,Y5IPxdYOV9MbUjwuyRhY,41.135362138207,-8.65130382078097,17.102924,1778005734000,131c7dd8f3ab4b35,,14.95
9.830726,Lisboa,05-05-2026 03:04:45,0.27,74,0jMQKIEsFH6Xejl0WsGN,38.7359365976039,-9.15585576597668,19.800162,1777950285000,ce246387dd078174,,16.39
9.823627,Porto,25-05-2026 14:51:54,0.23,68.5,DbcMdaQq4pywOvfxUHrH,41.1478621262344,-8.63133241817618,18.253051,1779720714000,ae7ec9246c4649bc,,19.89
9.797089,Braga,12-05-2026 10:43:44,0.15,63.4,jZrGouxQdxt0kYKyUcJT,41.5402798956662,-8.42195437411543,15.883686,1778582624000,93279918e60ec274,,16.73
9.828824,Porto,11-05-2026 02:14:25,0.58,81.9,AM2NJDNwYbXNXO8827Hl,41.1646509198298,-8.66115748810229,19.433933,1778465665000,e84878f982129128,,15.38
9.810546,Braga,03-05-2026 06:44:36,0.47,79.5,h3zq1Hh4J6HVaqOUq92P,41.5218837604685,-8.44325270651818,17.340147,1777790676000,430f674c6dfe941a,,15.76
9.769276,Braga,13-05-2026 02:07:26,0.07,80.5,myTWmHPezrpjRejSzNRs,41.5479637967238,-8.42840177426115,16.166382,1778638046000,c0014ea2ee2fdaea,,19.62
9.824317,Braga,15-05-2026 22:15:34,0.1,82.3,tkbp4AWTixUU2HBngt9X,41.5465730688684,-8.41602466962984,18.515759,1778883334000,93279918e60ec274,,20.72
9.816148,Lisboa,19-05-2026 22:35:50,0.08,71.8,8Oykw8WxWs33clzYoURx,38.6997370643988,-9.11345234220186,19.091629,1779230150000,1d3db575c4a79d75,,15.61
9.851959,Lisboa,10-05-2026 07:18:50,0.01,74.7,36UbQfEytAYr3sGK90HG,38.7246473397191,-9.16096715166536,17.189473,1778397530000,b8e78b83a62a0cb7,,18.89
9.775156,Porto,18-05-2026 21:11:03,0.33,74.5,JSGHl1rvUiDN1SdRSvcs,41.1725900071193,-8.61254779128689,18.240494,1779138663000,e84878f982129128,,21.98
9.82292,Porto,10-05-2026 22:25:21,0.61,56.3,nnW0wm1HqLu4ThzUoZjZ,41.1845288320431,-8.64406309367798,18.7282,1778451921000,d4389e820d4f82fa,,14.89
9.813143,Porto,23-05-2026 01:48:54,0.2,81.8,DU4YhIdMmpLfORmFnizP,41.1357630897249,-8.61394456114486,18.21106,1779500934000,514af2be7dc985d8,,15.57
9.801913,Lisboa,20-05-2026 17:46:40,0.43,73.1,cUe9f6WNWGFW9uygD9G2,38.7492699801507,-9.17119315262133,18.377749,1779299200000,bbbe498ee44f6349,,20.34
9.820298,Coimbra,26-05-2026 11:03:23,0.1,88.2,aa6ln0bZbLgvXAhJi1MH,40.2183613357226,-8.3947251105373,17.387573,1779793403000,3c58290022ed11b1,,21.36
9.78285,Porto,23-05-2026 22:14:16,0.29,71,SFqUs0Mh9U6A6a4NRnzx,41.1440968213509,-8.63790103256991,19.152906,1779574456000,3cc68b8049eb8d4c,,21.77
9.819746,Lisboa,16-05-2026 02:36:24,0.26,90.7,eZh3HOXKsgIsoozHEv1b,38.7025320005046,-9.16989650003348,18.428341,1778898984000,a8c47673d6a4f85c,,17.5
9.826938,Braga,09-05-2026 06:45:51,0.12,78.8,Uk8nMMGjepCrvvAefq7c,41.559252157988,-8.43318991729405,18.487847,1778309151000,f879804e4456e5d4,,21.5
9.796633,Lisboa,03-05-2026 01:55:40,0.32,79.4,xObXYvpF7zBB9YVcHSgh,38.7023228123871,-9.13680101745018,15.618572,1777773340000,0f98939ac68105bb,,18.8
9.822178,Braga,03-05-2026 01:07:05,0.58,82.6,m3dH4nxyz4Mf03WbyjRD,41.5414318593498,-8.40149698808566,18.051329,1777770425000,63d3511e9e857901,,9.13
9.837394,Porto,05-05-2026 20:26:42,0.38,69.1,lXnq5vwd0BGJlBKgFO2F,41.1482004138389,-8.611516328715,19.163264,1778012802000,c85cdb0ef48d09c8,,14.4
9.787344,Coimbra,07-05-2026 22:08:10,0.25,83.5,nH1qsV9chpt5JaYHCXmv,40.2175048213098,-8.40010809423817,18.139829,1778191690000,5e1de20fecf98844,,16.07
9.774377,Lisboa,27-05-2026 17:07:56,0.07,57.7,5HiAcnoPxNUhdgQxCSSb,38.7081209721943,-9.11418674055132,17.282819,1779901676000,42d576864f9952c7,,15.79
9.782861,Coimbra,19-05-2026 05:55:04,0.17,82.2,XQs1JPMWMVURRW2Df4Hs,40.2176979530497,-8.40515881193314,18.633091,1779170104000,e1bd0a847e7079be,,10.25
9.794773,Braga,19-05-2026 15:30:27,0.03,71.2,8KpjvKgsbXG4tKNY2m9l,41.5473042904221,-8.4361552202022,18.305518,1779204627000,3cc68b8049eb8d4c,,23.99
9.800101,Braga,11-05-2026 19:50:46,0.34,75,XjXBzKJ98dANSbJEjzOh,41.5242511417168,-8.40202734139205,18.436678,1778529046000,1d3db575c4a79d75,,23.07
9.815775,Coimbra,02-05-2026 11:33:31,0.4,68.4,ClVntJ8UoHMouQQM6xPp,40.21754476153,-8.37690395679854,16.664263,1777721611000,fb188f553674b4c4,,20.65
9.833772,Braga,01-05-2026 20:23:17,0.25,98.5,0s0a5w9A4Qhj5SKNBvbJ,41.5538920042323,-8.42208772487728,19.246611,1777666997000,3993ad7e2565b6b0,,15.68
9.786872,Braga,27-05-2026 10:23:20,0.13,88.5,jBQrfYJyKywAOe71naJE,41.5403364652058,-8.40751667441487,18.024316,1779877400000,3811390588367f0e,,19.55
9.816464,Coimbra,08-05-2026 01:46:23,0.39,92.8,mZHuKv7Whq1mXrzIjpLY,40.1816056283334,-8.38692458015896,18.750684,1778204783000,daf96d2280390dec,,21.38
9.820281,Lisboa,02-05-2026 23:15:29,0.23,75.4,b19kEWoaaQ2GBMz64yed,38.7411872499801,-9.15508766851021,16.655786,1777763729000,bbbe498ee44f6349,,22.22
9.78611,Porto,25-05-2026 11:05:06,0.25,82.9,efQm0Nv002bd8eyHdNPr,41.1759203728941,-8.61021867100834,18.589499,1779707106000,2f2bd7547d602b7a,,17.86
9.778105,Porto,16-05-2026 14:26:59,0.17,84.2,DAXl3OHm3L8CPAOjdUxo,41.1467238561748,-8.62145909862807,18.829252,1778941619000,1d6285f5502cf1f8,,18.01
9.817908,Lisboa,22-05-2026 09:23:38,0.18,70.4,MszkdT8C4iUzW3AQiMiw,38.70988654899,-9.11191064462734,17.539269,1779441818000,131c7dd8f3ab4b35,,21.43
9.843548,Porto,24-05-2026 21:19:52,0.32,71.9,O0E7y7dkKS7MeXXqbz7H,41.1608950854415,-8.6583579439548,15.993871,1779657592000,c51d4eb54f89fec8,,13.22
9.790824,Lisboa,10-05-2026 20:07:24,0.48,66.5,of7i97uwT7kmw69zgDI7,38.6989265137736,-9.16039175872762,18.683823,1778443644000,82a83fc853728306,,17.14
9.817588,Porto,08-05-2026 23:23:30,0.08,86.9,gfMkayhoWBp0GQuiDFIK,41.1559697699599,-8.65026419599311,18.555351,1778282610000,3811390588367f0e,,17.72
9.78626,Lisboa,22-05-2026 17:21:46,0.18,90.6,5QIstqLdU9k3Ludj3zsG,38.7156029731489,-9.16072961627611,17.030664,1779470506000,f7c6682ad24d37f8,,17.29
9.791744,Porto,14-05-2026 08:51:16,0.1,75.8,dpCnRq1gzEIg7j5DVYFQ,41.1834462683209,-8.65818245791983,18.240086,1778748676000,d0825fdf3da3660c,,14.41
9.800246,Braga,08-05-2026 20:08:03,0.15,90.7,f4F50LI0lgOmqH7AkKIv,41.567819231006,-8.45715131948049,20.025311,1778270883000,3cc68b8049eb8d4c,,22.72
9.832886,Coimbra,22-05-2026 06:13:35,0.23,66.1,WB30o30Ip4h2GlIRuAbv,40.2186573208057,-8.39709414481026,18.009779,1779430415000,06961ead71f8b1d8,,15.8
9.81336,Braga,02-05-2026 02:42:07,0.15,89.5,YSLIUOBzR7hDESdz38Fp,41.5493109735447,-8.4301332918295,17.084886,1777689727000,c837debb39dd1e68,,20.97
9.797248,Coimbra,01-05-2026 18:00:51,0.09,82.2,WayIjfQ1kloOwuRkfzR3,40.2042869792505,-8.38855135204433,17.668382,1777658451000,3b1338c1207d1e2e,,21.06
9.789196,Lisboa,22-05-2026 17:07:18,0.55,99.5,gRqzKjUeHPX7leKiuKzD,38.6961009100228,-9.15071681916792,17.741528,1779469638000,2618243a251bd83f,,19.48
9.821686,Porto,14-05-2026 00:50:43,0.02,79,BNMIsYI3b8ki56c2vZc8,41.1610064294639,-8.62664281012918,18.252236,1778719843000,e84878f982129128,,17.08
9.803991,Lisboa,23-05-2026 05:28:30,0.11,69.9,W6cSPCfw7lp5IzCyEmIX,38.7197006349662,-9.13613743586425,17.376345,1779514110000,cb207a93391638cb,,20.62
9.788596,Braga,14-05-2026 08:16:54,0.27,97.2,Xe9NeUOQDFNIFyIj2NK6,41.5198157405985,-8.41816057258877,18.277898,1778746614000,42ac1a2bf982f79c,,21.17
9.798587,Coimbra,08-05-2026 11:19:27,0.37,88.5,1iuHKmFVcYPIuRHazPlR,40.2036134971032,-8.39484858110989,19.620705,1778239167000,3993ad7e2565b6b0,,18.06
9.798072,Braga,02-05-2026 10:50:00,0.24,77,53xWyyUNvRDKcbRhkr5I,41.5383087624329,-8.41239434917173,17.453617,1777719000000,ec75a53f04901eec,,15
9.805569,Braga,19-05-2026 04:21:29,0.55,68.2,ql7HzDLzmiw00NslOpO8,41.5604324853952,-8.43785430589695,17.789174,1779164489000,7e8fb26408446272,,21.33
9.814189,Braga,14-05-2026 01:42:06,0,70.2,z13o38mI957K7gvzkqfR,41.5553103916952,-8.40922988310861,18.598192,1778722926000,4c885efe7bde3ff4,,17.25
9.833862,Lisboa,24-05-2026 11:05:19,0.28,90.2,68vyk9Kkz8Lo3SovHMYR,38.7053764798324,-9.12120059899332,17.654205,1779620719000,e7eb35b501d57e1f,,13.68
9.797728,Lisboa,25-05-2026 11:45:47,0.16,82,JTzxxb8PFHq9y82JubNu,38.7008198975732,-9.11435171152884,15.786157,1779709547000,cb4c1290e91970dd,,17.97
9.813162,Coimbra,13-05-2026 16:54:38,0.39,77.2,amtONh4R5G0Ke71h6EME,40.2180421897306,-8.42533819555845,18.624942,1778691278000,c34c1310eab19c87,,23.24
9.805681,Braga,17-05-2026 04:41:23,0.49,89.4,prYcf1xnztfusDgu0umg,41.5209320266539,-8.42494567898045,19.607374,1778992883000,34cbefbc28798720,,13.63
9.804926,Braga,11-05-2026 09:52:22,0.15,76.5,AEU28HgpZBC2ucb9Nr82,41.5577623658167,-8.4361602975041,18.64128,1778493142000,f879804e4456e5d4,,14.64
9.811357,Braga,06-05-2026 07:06:58,0.43,59.8,8XYfcXwlDyNH8hSLHEJd,41.556044810225,-8.41615988333191,17.728983,1778051218000,d0825fdf3da3660c,,18.22
9.803807,Braga,18-05-2026 12:34:47,0.85,91.5,p2GHJ2Xwzk4i7vJZ6ZXB,41.5593193133863,-8.4620902068429,18.637197,1779107687000,06bf6a628379e030,,17.58
9.83523,Lisboa,18-05-2026 15:45:09,0.22,73.3,3uYT1NslGit9N6h9fZSB,38.7348759538538,-9.14470115971211,19.1513,1779119109000,4c885efe7bde3ff4,,19.7
9.779101,Lisboa,01-05-2026 07:17:26,0.12,74.6,ccjZtxOoLP4oe9piP404,38.6966713445778,-9.10935968092401,18.736865,1777619846000,04964f8452901231,,15.28
9.751715,Porto,04-05-2026 08:40:24,0.37,85.2,auvEcHnOOBJVlRgsts2H,41.174062869684,-8.60267119217323,16.104376,1777884024000,057c44d337463e07,,6.67
9.82628,Coimbra,24-05-2026 19:37:28,0.07,81.3,F92S7oBC5OYCU8sPAjVa,40.197134578709,-8.40181830592733,19.285304,1779651448000,bc74204126e384ca,,20.55
9.842326,Braga,09-05-2026 03:23:42,0.01,66.1,xsn89eHnZ0lTIZ0gVim1,41.5381798745678,-8.42539507712511,16.235613,1778297022000,d4389e820d4f82fa,,17.08
9.805028,Porto,01-05-2026 08:15:13,0.01,86.3,tNfdyVa4fHpAqFknTJDw,41.137719932448,-8.62145583140961,18.438435,1777623313000,e8c9832b5c388bb5,,20.81
9.853099,Porto,20-05-2026 14:43:25,0.28,76.8,TfQDlYl5wEDuqVxJOrEi,41.1596557098609,-8.60995465505553,18.379183,1779288205000,c0014ea2ee2fdaea,,14.79
9.839639,Coimbra,02-05-2026 14:05:27,0.17,77.2,jNfG0X2QVDy5QJpUgzdJ,40.1846567478831,-8.4052646148007,17.538323,1777730727000,574582321d04df00,,20.87
9.806845,Braga,23-05-2026 18:09:34,0.5,73.6,eDRnmCYTUn7KPL9l917b,41.55718762254,-8.39328521482618,17.450675,1779559774000,e7eb35b501d57e1f,,18.14
9.823046,Lisboa,28-05-2026 12:27:24,0.14,63.7,NnVA4k9gUBZuQ2LeOtpJ,38.7051166027442,-9.16316564963458,16.907938,1779971244000,3bc1bf7fb69f3ba3,,21.29
9.790747,Braga,18-05-2026 15:43:56,0.33,86.9,9pYK25InuJ8trAhFUPDV,41.5311685408913,-8.45055777537316,18.982184,1779119036000,eb39e98aca20e7d3,,19.01
9.805374,Coimbra,15-05-2026 01:41:28,0.44,74.2,8bKvq3qKZ8XFNTUhl5CM,40.1881187499876,-8.38850637293086,17.545879,1778809288000,c31244cee16e0c77,,13.85
9.823307,Coimbra,22-05-2026 08:48:08,0.29,72,kdvpQ5MDWH6FUhnFT50u,40.1764451295442,-8.40527703084801,16.669703,1779439688000,8e2e127651e9cbde,,16.07
9.808346,Braga,26-05-2026 04:36:52,0.29,82.4,ijbZRWgiYxzUYU3dJmlc,41.5496972463081,-8.42229270887578,18.625244,1779770212000,c31244cee16e0c77,,17.24
9.790143,Lisboa,20-05-2026 03:26:46,0.2,65.5,dZ17WY0Xcmbrtp7yPf0K,38.7052714180175,-9.12978808476901,18.568122,1779247606000,430f674c6dfe941a,,20.31
9.807427,Lisboa,08-05-2026 21:54:51,0.15,94.1,n3UK573fbXjPKkX7U8LV,38.701211944214,-9.16931071273372,18.912696,1778277291000,b8e78b83a62a0cb7,,17.85
9.797833,Lisboa,10-05-2026 15:39:53,0.12,85.9,rP3VGmdN0m6aKAEfnRLF,38.7311564605265,-9.1675065310844,18.274806,1778427593000,0e52f2934d8ce165,,18.33
9.809242,Porto,20-05-2026 07:29:35,0.36,103.9,OjUjhnkh3R7S9DADWQid,41.1637696549688,-8.65670110141577,18.892069,1779262175000,1d6285f5502cf1f8,,18.45
9.830143,Porto,05-05-2026 07:58:05,0.01,85.2,hyzgi6lchNUcCiUvQV7H,41.1636152206506,-8.61145466296529,17.536579,1777967885000,75778bdb64d1008e,,17.68
9.746591,Coimbra,11-05-2026 09:25:55,0.15,82.1,sKmByvnIaQlDP4QZtXHg,40.2266497535689,-8.43165575174181,19.489261,1778491555000,7182af742e04dc6d,,18.08
9.786221,Braga,05-05-2026 21:02:34,0.31,79.5,sbYJRzOHi7v3aKQuijMs,41.5596754583836,-8.44222568661664,18.569628,1778014954000,1b1cc9cee9f27003,,19.16
9.820377,Lisboa,25-05-2026 02:31:55,0,85,bXgoDhjrmB7wJuIxytW7,38.702222959785,-9.12583363606611,18.23515,1779676315000,18d281edb3671f44,,24.42
9.804298,Braga,04-05-2026 15:19:18,0.33,81.4,VXjbjE7dBhxNkEoJFrdk,41.5298486653986,-8.46062441286606,17.266037,1777907958000,330949523d665e3b,,18.39
9.832079,Porto,05-05-2026 03:28:02,0.07,77.4,B3LbAoii3sHP85gvuq83,41.1548281840662,-8.61320997799318,17.495194,1777951682000,ae7ec9246c4649bc,,15.86
9.815899,Braga,01-05-2026 08:49:42,0.38,65,ST3scpdhbNx65z9FK6XO,41.5630994702296,-8.41319183011429,17.530477,1777625382000,c34c1310eab19c87,,20.89
9.7846,Coimbra,15-05-2026 23:08:53,0.2,86.7,exCLRXwxsB1l8pqE1gi1,40.1962025622476,-8.38251070766003,18.368802,1778886533000,5e1de20fecf98844,,14.02
9.814991,Lisboa,03-05-2026 03:24:27,0.08,68.2,dXhZYGhcnbZ6VYAJogCz,38.720234275256,-9.17371802745311,18.924404,1777778667000,d5eb4d757b335d0e,,21.19
9.810304,Lisboa,08-05-2026 20:35:50,0.19,70.3,HcIaHgZUQxCgjLb3UgvT,38.7365260034257,-9.1676791770925,18.019685,1778272550000,17b4966e9be4d8d8,,8.72
9.825653,Porto,03-05-2026 01:27:30,0.36,79.8,CgpdDTovfd03sxH9rFtm,41.1559265861131,-8.65094063517342,17.090382,1777771650000,93279918e60ec274,,5.29
9.815582,Coimbra,02-05-2026 04:52:57,0.51,82.9,KBlwI3HRwCBTBMqFbnhJ,40.1857489362724,-8.39587200727966,17.347082,1777697577000,bb80f878cef35322,,29.02
9.803888,Porto,10-05-2026 17:26:34,0.2,87.3,zk0Z68C7q1B4zB0jfwLe,41.1489231771908,-8.59325587042146,15.913585,1778433994000,a8c47673d6a4f85c,,17.32
9.804688,Braga,24-05-2026 01:25:08,0.03,76,cdrzABgt9vOLbWeYhdCL,41.5632574418742,-8.41210750346665,18.098956,1779585908000,bb80f878cef35322,,17.4
9.78472,Coimbra,13-05-2026 05:58:12,0.58,84.9,bVPqLpIX8Je0TKWS2TOS,40.2122929815252,-8.43686146712341,16.314363,1778651892000,7182af742e04dc6d,,20.96
9.82014,Lisboa,04-05-2026 04:38:16,0.42,79.4,YlcqNMGcZLtP1M0F76zY,38.7263051220933,-9.15210138394465,17.532229,1777869496000,1791998ac3161359,,16.95
9.778082,Coimbra,10-05-2026 15:27:36,0.2,72.6,LCRh0AyMJVsgA6y9gjnF,40.2107996136625,-8.39983405079891,19.405387,1778426856000,9d16533a62ab9315,,16.32
9.82513,Lisboa,28-05-2026 17:17:02,0.2,60.9,po1lWuBlnVS9GQLMsLK6,38.7467375281975,-9.1403367329322,17.221182,1779988622000,7e8fb26408446272,,19.23
9.805045,Porto,01-05-2026 17:04:50,0.26,93.2,T06qk4B29QibnDdGD05I,41.1846662374934,-8.63296815914725,18.692651,1777655090000,8e2e127651e9cbde,,16.88
9.806834,Braga,08-05-2026 16:30:03,0.25,78.2,QQbOZQOqg2757I8ZfpxR,41.5241073028456,-8.43294006574938,18.042735,1778257803000,ec75a53f04901eec,,17.75
9.814825,Coimbra,05-05-2026 01:17:07,0.24,80.8,9bU1IGOL9s7QGb002eI7,40.2249449745078,-8.38219931027063,18.978334,1777943827000,131c7dd8f3ab4b35,,13.8
9.827375,Coimbra,07-05-2026 17:03:43,0.18,68.1,WhC844wHGV7oKCGxC7aI,40.2245848550442,-8.42414972543307,18.627114,1778173423000,de2dde23040292bc,,10.35
9.81186,Braga,27-05-2026 05:15:22,0.23,75.3,AEuEQf11l1myKftMzfWP,41.5217325584624,-8.46072175985904,19.392712,1779858922000,552b8d6c350cb13c,,15.39
9.793872,Porto,25-05-2026 06:10:28,0.21,80.8,0LrYkMQBJ5GjDUWzL8Q7,41.1813440516467,-8.62831834383053,17.862223,1779689428000,3811390588367f0e,,22.67
9.82062,Coimbra,03-05-2026 02:15:20,0.16,58.2,woThq5YfYLBhwBcF5JPp,40.2121875139443,-8.44211456287973,17.418778,1777774520000,d57d393b16ba030e,,19.92
9.757504,Braga,27-05-2026 20:32:16,0.16,105.5,ovUywgX7DLZ2ZQQPzlsO,41.5447253658026,-8.41393182849841,18.066381,1779913936000,d5eb4d757b335d0e,,22.73
9.856873,Porto,14-05-2026 17:45:55,0.28,88.7,NyyIpUq7NBbrCGtjeCaj,41.1786774641466,-8.59852977030598,18.267563,1778780755000,0f98939ac68105bb,,17.43
9.800484,Lisboa,18-05-2026 06:16:14,0.21,71.7,Wp0OArIIiaG9K9YXorIz,38.7008193009805,-9.16405518810725,16.659928,1779084974000,34cbefbc28798720,,17.7
9.776307,Braga,07-05-2026 16:09:06,0.01,81.9,zEjWHCMKeBbN1eften1h,41.5515603392888,-8.39905847654118,17.933242,1778170146000,91279a646f8ea6ac,,15.91
9.78971,Lisboa,20-05-2026 10:44:32,0.13,66.6,X1Sb6kx69rWtFjqhNgBu,38.7126457383682,-9.13853562804346,17.23833,1779273872000,923d0315f3ae2bb3,,21.87
9.829876,Porto,14-05-2026 06:46:01,0.26,93.7,YKAz2eEWVE567VeXHiSq,41.178044283117,-8.61496955145295,18.565242,1778741161000,da211edc7bac01a0,,20.53
9.800516,Porto,01-05-2026 03:19:20,0.48,72.3,zD1JjgrfCrAH2gYo1uNl,41.1604220389494,-8.5963638107139,18.508012,1777605560000,39a54d73a921b9f6,,20.54
9.793558,Coimbra,27-05-2026 12:02:13,0.17,67.8,NQINZ6pSLzSNJCt7GyKt,40.2101358721422,-8.3786826769394,17.839537,1779883333000,17b4966e9be4d8d8,,13.74
9.809803,Porto,16-05-2026 05:19:07,0.34,63.1,QdhhNiUMRld2RXExpS7y,41.1485756281918,-8.62276312751814,18.820714,1778908747000,153c202e3cfef4ba,,20.42
9.802162,Porto,04-05-2026 19:34:58,0.31,69.8,RUdo1MIWXJZznAupATPi,41.1498680882849,-8.65991331624731,17.738894,1777923298000,17b4966e9be4d8d8,,20.58
9.828565,Porto,19-05-2026 01:51:50,0.35,75,dyFadbMPPKtZitHLqlds,41.1586920611023,-8.64632027753071,18.446409,1779155510000,234da97fe615c6b7,,14.71
9.799635,Coimbra,14-05-2026 07:12:00,0.25,93.3,5V3JNBBFAduYBqka0Y7t,40.2302265875241,-8.39740317507625,18.207609,1778742720000,19a558ecc36977ce,,12.91
9.814228,Lisboa,22-05-2026 12:14:39,0.11,90.6,I5bKCY8tXu9omYGZMbBi,38.7181738926718,-9.14870015825937,19.275342,1779452079000,e9da39984fb29dc6,,23.17
9.843275,Braga,20-05-2026 15:12:09,0.18,83.1,yYi2OlXAvSsdgzOvMMwo,41.5646800349143,-8.43591357364524,19.437462,1779289929000,04964f8452901231,,19.79
9.799975,Porto,21-05-2026 15:44:18,0.07,75.5,2lhljsl9WZCB94ESQEtz,41.131394402796,-8.59812178775306,16.579414,1779378258000,de2dde23040292bc,,17.43
9.831931,Braga,19-05-2026 22:33:00,0.46,58.1,gflrTgfx62G09qIZHOyd,41.5596456953011,-8.41832722296909,19.414305,1779229980000,da211edc7bac01a0,,16.16
9.820868,Porto,01-05-2026 17:29:33,0.37,80,ELHzETFJim3flKM48wC7,41.1719666329625,-8.59471398762835,19.173551,1777656573000,cb4c1290e91970dd,,12.4
9.821745,Porto,07-05-2026 13:10:53,0.02,77.9,AYq2kOZBejUh6kdnHqoV,41.1811732331081,-8.64536695316025,17.113573,1778159453000,517fc5ca69b652a5,,24.99
9.814804,Braga,18-05-2026 13:47:40,0.24,92.5,W8rdcR8BqtPxsPDvVj3m,41.5455869854227,-8.39918000233591,19.024373,1779112060000,153c202e3cfef4ba,,19.31
9.782214,Porto,08-05-2026 11:36:49,0.32,78,TCsXINWVUFR8NU0fCC5X,41.1369157766573,-8.59722174322853,18.050691,1778240209000,2618243a251bd83f,,20.01
9.803625,Coimbra,15-05-2026 05:55:01,0.04,69.7,PRVkFkbm31JIyRk0e5Ew,40.2175645070828,-8.42847801368537,18.152672,1778824501000,fb188f553674b4c4,,15.38
9.805286,Porto,04-05-2026 06:22:37,0.34,70.6,Yy9p0cqvTOmcyMYouUIG,41.1662729674005,-8.66060224613328,17.85083,1777875757000,a8c47673d6a4f85c,,23.81
9.840575,Braga,17-05-2026 01:40:15,0.3,79.2,o4tac263SYOVgGeT3zCE,41.5328053152745,-8.3980873263246,16.054677,1778982015000,53c682ded6545e06,,12.11
9.782523,Lisboa,21-05-2026 15:08:34,0.03,93.8,lrqq6Q9xqqBd0In0I4xS,38.7230661844619,-9.16927247640095,18.202128,1779376114000,9cbee3c1d7168837,,9.12
9.786041,Porto,22-05-2026 20:40:47,0.09,88.9,YJgaPRPW6ZUQupPMhjID,41.1565560162467,-8.62052617087984,17.728836,1779482447000,13db178cd9a1e37a,,20.26
9.842716,Lisboa,28-05-2026 13:38:59,0.02,77.8,BLHGXj44WSMdtuELSi1E,38.7425032272721,-9.12301104055669,18.055313,1779975539000,34cbefbc28798720,,27.57
9.768013,Porto,07-05-2026 16:14:03,0.03,86.8,yocZf3UMIV9yTqlri5n1,41.1457089937202,-8.63272816301903,18.364785,1778170443000,487b076a69a53671,,15.37
9.809021,Braga,12-05-2026 10:20:15,0.93,87.1,KYgjhPQJFbz60k84KnlH,41.5503892213189,-8.45083409885313,19.547057,1778581215000,e84878f982129128,,14.61
9.801525,Porto,11-05-2026 07:06:14,0.54,75.5,jhc0halol4abeSHyDByh,41.1693313083403,-8.62500850827912,18.011435,1778483174000,72ba4e2f87adceb5,,20.93
9.841966,Porto,27-05-2026 20:19:46,0,87.3,7uPpP8fLGWdYErAYWX2J,41.1804325580194,-8.64808993455374,17.604283,1779913186000,1d3db575c4a79d75,,18.31
9.78531,Coimbra,05-05-2026 04:49:42,0.13,69.7,fT158osaZCIugzN076Lr,40.2257715756485,-8.4245048851281,19.203386,1777956582000,13db178cd9a1e37a,,18.06
9.785277,Coimbra,18-05-2026 19:55:01,0.22,92.5,JWmBAJmsJjyIUKKNzkyM,40.1785656891975,-8.40215674267619,18.543712,1779134101000,daf96d2280390dec,,20.86
9.857887,Coimbra,27-05-2026 05:04:14,0.21,101.9,JJH5OKhEHRQPFYNexbxZ,40.2186852439508,-8.40832353373229,19.691772,1779858254000,ae7ec9246c4649bc,,19.53
9.819982,Coimbra,04-05-2026 18:20:02,0.05,63.1,D5ybSMpib8fiB4SWwD29,40.1860529273833,-8.41358526536043,17.057158,1777918802000,91d55d217a2af234,,21.31
9.831422,Braga,04-05-2026 19:38:41,0.01,59.3,2aW85Kx7i8eYDxvGu9hD,41.5389275764173,-8.44073355301566,18.963284,1777923521000,867d47425e9cccc7,,17.25
9.824581,Coimbra,07-05-2026 16:44:47,0.1,83.5,syMlYegIRZ1PJjrfMTLz,40.2009735779006,-8.39573048828732,17.653266,1778172287000,c6a2d85265d19a41,,13.13
9.787569,Braga,07-05-2026 20:10:33,0.01,87.1,8EvGLeCdZT464qUUxr6i,41.5419300890852,-8.4498029072855,17.659057,1778184633000,a8c47673d6a4f85c,,16.3
9.803896,Porto,15-05-2026 06:07:30,0.1,90.5,F11cuBXGia2Kji23xF1a,41.1753586222406,-8.64010146704948,16.562831,1778825250000,cbf338d836298cb7,,20.97
9.805902,Porto,20-05-2026 09:12:59,0.48,80.3,7T5vAr8dDkn0ir23ElGk,41.1815572583383,-8.66139099500693,18.265341,1779268379000,c34c1310eab19c87,,19.16
9.786422,Lisboa,14-05-2026 14:13:19,0.18,77.8,dfFHP860HlkSqTCpfiAe,38.7432209256388,-9.11261937486297,16.411048,1778767999000,72bd2672c948d2cb,,18.8
9.812016,Coimbra,19-05-2026 02:44:29,0.31,80.4,EedYw8JPSW8dfhKxaNl2,40.2271462895679,-8.40731315584468,18.456455,1779158669000,72bd2672c948d2cb,,23.91
9.790128,Coimbra,05-05-2026 04:23:58,0.03,81.4,lBfV4cVxo803YCd0Kimc,40.2241390841526,-8.43793022220728,16.750874,1777955038000,1791998ac3161359,,21.83
9.773585,Lisboa,28-05-2026 13:10:12,0.42,72.9,DALJKn32AwiMqr9EXhA1,38.7075581657258,-9.12920442914359,19.897687,1779973812000,c0014ea2ee2fdaea,,17.54
9.803082,Porto,25-05-2026 23:38:04,0.34,88.9,jEmZtZIfn5XUXecqvcjw,41.1827041777825,-8.60808293799865,17.376218,1779752284000,430f674c6dfe941a,,18.27
9.830575,Coimbra,23-05-2026 17:34:35,0.07,85,sn4YYUxCqHW40pv36jAH,40.1882760530627,-8.43270042036471,17.978693,1779557675000,3c58290022ed11b1,,19.6
9.814033,Porto,27-05-2026 11:45:05,0.01,69.7,cVBCmLJoTq5t7IGmJt9l,41.152804099737,-8.64538048169819,16.750344,1779882305000,ae7ec9246c4649bc,,18.32
9.800387,Lisboa,15-05-2026 11:05:47,0.01,105.4,6iIdvvdC0C7rTdzxCNvw,38.7385109205283,-9.14742401645648,16.406147,1778843147000,389da1f3a7c1d8de,,17.46
9.820387,Porto,10-05-2026 23:59:44,0.18,96.7,lU0aMcI7v5XugcFOStUb,41.1505679849461,-8.6364827292869,16.417959,1778457584000,91d55d217a2af234,,21.27
9.782388,Porto,05-05-2026 01:05:30,0.08,75.6,DXG8ygMRbjvZsT8CRydR,41.178932114651,-8.65780852145256,17.792755,1777943130000,6588d11c4a11acb1,,20.76
9.796327,Braga,19-05-2026 00:11:13,0,77.3,ou067rS8fRla5fQilC5u,41.5274822468947,-8.46085884213778,17.945925,1779149473000,d4389e820d4f82fa,,18.39
9.81872,Lisboa,08-05-2026 15:58:36,0.12,88.4,AWZS6dfuhvn3U7l64w9Z,38.7423838588294,-9.16978741900488,18.392306,1778255916000,39a54d73a921b9f6,,11.67
9.811005,Lisboa,17-05-2026 11:52:38,0.22,84.8,Csc91FgWCTm2iDMJd7wT,38.7190683424538,-9.11226513919468,17.338654,1779018758000,7182af742e04dc6d,,15.36
9.798518,Lisboa,04-05-2026 04:37:09,0.31,85.4,azs9RNntXUanS5Lharwi,38.7300713259203,-9.1106830045121,17.701058,1777869429000,1d6285f5502cf1f8,,21.63
9.81247,Porto,25-05-2026 14:05:40,0.06,78.8,SWseeItON6g9oPv4NN5l,41.1783275118062,-8.63423476612282,18.619081,1779717940000,7d176c63414fcd05,,19.3
9.855517,Lisboa,19-05-2026 03:30:30,0.16,71.5,KvjcxyecdA9FK8KaPbzK,38.7139898330872,-9.12199347912039,17.486316,1779161430000,2b95dd3cf28e7c18,,14.52
9.809783,Coimbra,27-05-2026 13:52:53,0.88,81.4,eIyTCEqcXS5pEGrSRiT4,40.2272168718265,-8.38139425746746,18.505637,1779889973000,6214b1b462c04096,,13.48
9.81546,Braga,15-05-2026 00:40:53,0.03,59.3,LS9x3obazFDyW22kvuan,41.5541594761114,-8.42142951179716,17.861485,1778805653000,64a94f9052422a0c,,21.18
9.829472,Braga,04-05-2026 12:54:34,0.05,75,nyuqi5zlsgDIqlLdOlQ8,41.5525756948076,-8.40280254023948,17.113351,1777899274000,c837debb39dd1e68,,13.49
9.816198,Braga,17-05-2026 01:40:40,0.12,67.3,geaVYcKcP55A1RcwpaOW,41.5302170821727,-8.44660688879475,16.941024,1778982040000,bbbe498ee44f6349,,20.2
9.846029,Coimbra,08-05-2026 08:28:17,0.56,67,5hfyzCoYiN7as5Rv976D,40.2038635848144,-8.42847239172096,18.281142,1778228897000,330949523d665e3b,,18.06
9.814373,Lisboa,28-05-2026 00:21:01,0.06,75.5,ICu2K3lfkLVLXBtkzco9,38.7360288167028,-9.10496817741751,18.241883,1779927661000,4c885efe7bde3ff4,,22.16
9.770899,Braga,09-05-2026 16:45:39,0.06,76.3,a4SjDxwHleqDD4bSMia6,41.5410303302031,-8.40455836638222,16.912923,1778345139000,153c202e3cfef4ba,,24.92
9.797292,Coimbra,08-05-2026 20:51:47,0.17,79.6,TWJalmBS9kgPYMUQkew6,40.1824848388548,-8.38900756742052,17.376007,1778273507000,c34c1310eab19c87,,10.61
9.801427,Porto,01-05-2026 04:58:54,0.1,90.3,xKgBgXhGBnIxvJJfUL4u,41.1591017156946,-8.5997036063183,17.054993,1777611534000,2b95dd3cf28e7c18,,21.7
9.803385,Coimbra,05-05-2026 13:44:48,0.04,74.9,JHcTdWXv6pEIWZSM2neJ,40.2135744490023,-8.41238961492077,18.614135,1777988688000,42ac1a2bf982f79c,,27.53
9.820086,Braga,06-05-2026 07:49:01,0.15,82.9,A99xKMTmSaRiVOVaicOn,41.5683259801472,-8.40050726937236,17.456185,1778053741000,8e2e127651e9cbde,,13.2
9.845696,Porto,08-05-2026 05:54:34,0.07,80.1,2iiTCFw27iS4gpxTmc5X,41.1458578919138,-8.61372303884554,16.986904,1778219674000,c34c1310eab19c87,,29.74
9.788533,Braga,03-05-2026 06:47:58,0.12,75.7,qzmaR0dwTYMo71CDDwz5,41.5455802587453,-8.43242153245043,18.508746,1777790878000,93279918e60ec274,,21.83
9.846152,Porto,04-05-2026 10:45:53,0.32,85.1,bPkMfAR40RVeEty3Mc38,41.1638996892235,-8.64887794279576,17.909207,1777891553000,2b95dd3cf28e7c18,,19.23
9.851365,Braga,11-05-2026 14:11:10,0.36,66,8Ybqp19VI0reNyzkjKfZ,41.5498301806618,-8.39361450738841,18.391279,1778508670000,7f281c8dbac1f799,,21.35
9.80796,Braga,01-05-2026 16:18:07,0.23,71.6,dxzJ4x1A16zD9W45cyoS,41.5690998666327,-8.43228654706165,18.692391,1777652287000,57e7d972b508815d,,21.89
9.809734,Coimbra,25-05-2026 20:41:31,0.47,74,zxxdtLsXWYqtPcC9BzmR,40.2265125471368,-8.43970448832208,19.099107,1779741691000,153c202e3cfef4ba,,19.7
9.790684,Lisboa,11-05-2026 21:49:02,0.14,74.6,AwatPMykDmi2kyiB41hf,38.7279516003321,-9.16085577197064,16.4477,1778536142000,91d55d217a2af234,,14.73
9.787323,Lisboa,20-05-2026 22:46:29,0.22,75.9,i61Vv8PJSurRjgRG2GO4,38.7476075288135,-9.15620721132449,16.380318,1779317189000,3db4e6efff8b7518,,26.09
9.793628,Coimbra,17-05-2026 10:46:18,0.16,90.9,p4iU99s8D9l4xQdxIpop,40.1905381519008,-8.43143926861584,16.617766,1779014778000,cb207a93391638cb,,20.9
9.835815,Lisboa,02-05-2026 16:28:06,0.36,105.9,SpefT1x2QHFzbxUrx3DX,38.7465587247854,-9.10819762051881,18.894735,1777739286000,cb207a93391638cb,,16.36
9.825667,Coimbra,14-05-2026 00:53:54,0.38,65.3,vYDzLT5UZrUX856Ov8mx,40.2257714530656,-8.40579512304937,17.429792,1778720034000,c837debb39dd1e68,,18.32
9.797178,Braga,14-05-2026 03:34:06,0.31,86.6,y7UMXGy9ZeBn5riflvsx,41.5419756479681,-8.42185941158331,18.706756,1778729646000,24d6a87b0598b02e,,24.48
9.818317,Porto,28-05-2026 19:13:41,0.41,67.8,717N68tGf0vlWzMjuY8x,41.1598162690109,-8.59981851312893,17.623161,1779995621000,923d0315f3ae2bb3,,21.64
9.841475,Coimbra,09-05-2026 19:43:25,0.45,84.6,27paD3ripxXTLhrlyh70,40.1977420383896,-8.38596122933248,17.373263,1778355805000,75778bdb64d1008e,,23.29
9.806618,Lisboa,13-05-2026 20:28:53,0.23,80.8,ILmpY5k8A0htXu4tnTZd,38.6981424890899,-9.12769291966089,18.732941,1778704133000,d632e4ce536ec364,,19.12
9.805827,Coimbra,23-05-2026 05:29:22,0.26,76.9,g96R5bbIPRUhF8H0w6kj,40.2068948508887,-8.43009608659663,18.619397,1779514162000,c34c1310eab19c87,,16.97
9.831642,Porto,22-05-2026 16:21:59,0.26,78.7,67Jruknx0QrV5lB45GZD,41.1351876218519,-8.61261166834178,17.332671,1779466919000,1b1cc9cee9f27003,,14.09
9.804552,Lisboa,25-05-2026 04:16:35,0.24,92.3,hFmP9k3P70RbSHAYv4V0,38.7097211889601,-9.12682231137259,18.233028,1779682595000,1d6285f5502cf1f8,,15.37
9.804794,Braga,22-05-2026 23:44:38,0.07,64.9,KBzRuAmmDahr6dP0c7WO,41.5304184625393,-8.43048926327082,17.681089,1779493478000,06bf6a628379e030,,20.16
9.814466,Lisboa,27-05-2026 01:39:42,0.33,68,b77xuPHQccb6jE2RlUie,38.7393257360443,-9.11758947100258,18.354769,1779845982000,8e2e127651e9cbde,,18.79
9.809816,Lisboa,10-05-2026 11:02:13,0.07,74.8,BbMto9KSYhX6nWzHZOSf,38.7053606463828,-9.14185298827835,18.355404,1778410933000,7f281c8dbac1f799,,11.01
9.799225,Coimbra,10-05-2026 15:13:19,0.08,77.5,myNwwTjHXzl6UbMPlKUO,40.2299465749988,-8.38142254694305,19.072536,1778425999000,7f281c8dbac1f799,,14.91
9.800041,Coimbra,19-05-2026 03:11:33,0.24,74.9,w053QRn6pjkjOSX0CoSN,40.2186410390491,-8.42133183407229,17.692855,1779160293000,7d176c63414fcd05,,21.08
9.788923,Braga,09-05-2026 11:04:53,0.51,84.3,sx2ESS15Y1oYwoioBBfG,41.5666555806866,-8.41904031972145,17.737585,1778324693000,72bd2672c948d2cb,,16.68
9.843497,Lisboa,05-05-2026 10:45:57,0.66,77.3,dJDcGlyMFY9hWGZk12my,38.747787640625,-9.14140809758442,16.504608,1777977957000,3bc1bf7fb69f3ba3,,18.14
9.822275,Porto,08-05-2026 13:43:09,0.05,83.8,gwP280Jo59JRJO9lTf92,41.1362281739356,-8.62971737637819,19.034535,1778247789000,24d6a87b0598b02e,,15.84
9.827898,Coimbra,22-05-2026 02:30:39,0.27,63.7,TWqI3qXzEmuCWqijn9nS,40.2122759235948,-8.38613268300009,16.290857,1779417039000,430f674c6dfe941a,,16.9
9.809075,Braga,25-05-2026 16:16:49,0.02,81.1,OgWMsqjwJQ2VKjT0QRO3,41.5260482380783,-8.45093137413569,16.901522,1779725809000,bb80f878cef35322,,17.24
9.780051,Braga,20-05-2026 15:53:27,0.09,93.6,yl04NvnxPd5yp15OYUE3,41.5280464460082,-8.39342924780419,17.381165,1779292407000,6214b1b462c04096,,24.36
9.785155,Braga,26-05-2026 19:19:37,0.33,68.7,rzRYFrg0paFQuo2J8tXh,41.5220001078896,-8.41583937046863,18.047284,1779823177000,6214b1b462c04096,,19.73
9.824794,Lisboa,04-05-2026 11:34:47,0.67,105.7,XylzQdGYsQzoK1UEQxye,38.7033188270891,-9.11241174466535,19.10353,1777894487000,c34c1310eab19c87,,15.77
9.798272,Lisboa,03-05-2026 04:28:01,0.27,73.8,uqKeZl7OQexfBUreeKX6,38.7347468812759,-9.11917567050526,19.752797,1777782481000,3b1338c1207d1e2e,,21.37
9.810464,Lisboa,28-05-2026 15:36:12,0.45,93.5,QfKUyLnLuCJFwZldEZaZ,38.7131171999204,-9.1551072056002,16.929759,1779982572000,2618243a251bd83f,,9.29
9.796012,Braga,08-05-2026 16:25:40,0.03,81.6,aeN3PFgiUQfjte8mKpWT,41.5193806225556,-8.45040168027534,17.975354,1778257540000,3db4e6efff8b7518,,12.36
9.826063,Coimbra,23-05-2026 11:09:05,0.22,82.4,KPDzcK9HEnekBF5EofZM,40.2252206167404,-8.40179413026574,16.153301,1779534545000,1b38ab967d98cc4e,,19.25
9.786245,Braga,02-05-2026 08:59:35,0.16,76,9vSK9HINEPIAwp1O7n8O,41.525519967024,-8.41553056207914,18.037339,1777712375000,82a83fc853728306,,14.59
9.810125,Lisboa,19-05-2026 13:19:54,0.35,64.7,tmb9GRUYLOvlohjckhLe,38.7062628100824,-9.13219737917434,17.954841,1779196794000,923d0315f3ae2bb3,,22.47
9.799469,Lisboa,24-05-2026 14:34:07,0.23,74.8,yrsKODZ6sEaTdaiA9JDz,38.7407769232959,-9.12029406319335,18.905643,1779633247000,cb207a93391638cb,,15.16
9.822892,Lisboa,22-05-2026 03:06:46,0.59,76.2,ztKCLC7t48fA0my4wBSc,38.7119960783932,-9.12785325952547,17.842578,1779419206000,c837debb39dd1e68,,13.28
9.810678,Lisboa,20-05-2026 17:50:48,0.28,68.1,wuSoEmcLVyrKBNl9DCfh,38.7416266706156,-9.1716212356157,17.999602,1779299448000,c31244cee16e0c77,,17.29
9.823118,Lisboa,11-05-2026 19:30:39,0.01,89.6,ndSxLDUalxwhkHkDARnB,38.7027170524654,-9.1257377845251,17.061918,1778527839000,574582321d04df00,,10.9
9.796279,Lisboa,16-05-2026 05:51:08,0.03,73.8,s6HN2J1KWvNzw7sAQBpt,38.7079776055023,-9.16848327728582,17.481132,1778910668000,7d176c63414fcd05,,20.75
9.79774,Lisboa,15-05-2026 04:23:27,0.36,79.4,otTqYeY5tNhzK7MLpWMp,38.7360008531915,-9.11336826013668,18.499565,1778819007000,c7f34dc43387f858,,17.76
9.797961,Lisboa,11-05-2026 23:47:33,0.26,73.7,4r4AqbHWR1QSJkjodLvG,38.7101925369992,-9.14269908376888,17.516954,1778543253000,5afe6ceac06784f5,,21.02
9.805562,Coimbra,11-05-2026 14:36:05,0.53,66.5,Q0IPX4HL27rgpkg9a5WK,40.1832283799285,-8.39453676002916,18.655527,1778510165000,5afe6ceac06784f5,,12.37
9.801163,Coimbra,06-05-2026 14:09:06,0.51,81.1,EWcEut52HwmsOTYAxvEZ,40.1832707730042,-8.39677649653966,17.203051,1778076546000,39a54d73a921b9f6,,21.9
9.83799,Braga,12-05-2026 20:47:09,0.08,73.7,ctrKB2ty7ejUNoKd0bj5,41.5647937688692,-8.45350896212462,16.881681,1778618829000,9d789fd91804129f,,17.19
9.809268,Lisboa,10-05-2026 21:43:26,0.33,86.6,3Dv2z3wHTMzmvLvOR1E9,38.7010583273825,-9.12000409702743,17.391172,1778449406000,b30b0b43692b035b,,10.13
9.809575,Porto,04-05-2026 19:54:12,0.07,82.9,KNn8eqTxJtmqSuzyofeo,41.1608903737911,-8.63410309192737,17.552902,1777924452000,430f674c6dfe941a,,18.5
9.840309,Lisboa,09-05-2026 21:52:16,0.11,83.8,1Ak7QVic2pmtDslqAnPg,38.6978951036976,-9.15973871983371,17.450111,1778363536000,5311a0642c2564ad,,17.32
9.824903,Lisboa,18-05-2026 19:08:05,0.13,81.3,dkk0JN8rBzvlCWvU3W7W,38.6984560250826,-9.158099911418,17.243441,1779131285000,c85cdb0ef48d09c8,,16.46
9.80178,Braga,08-05-2026 10:37:42,0.11,90.2,YoaibivzKgnn4aobomqA,41.529144381391,-8.45294505642128,19.99444,1778236662000,5e1de20fecf98844,,19.72
9.784486,Coimbra,06-05-2026 23:08:14,0.2,78.7,5BYDx70aC2BjXENNwW0u,40.2001125500369,-8.39375102392924,15.790104,1778108894000,3db4e6efff8b7518,,24.4
9.824063,Braga,14-05-2026 11:53:11,0.05,85.3,xndf85l6oVLJXq0Fkpbn,41.5669268517561,-8.45848705433783,16.492045,1778759591000,fb188f553674b4c4,,16.07
9.826836,Lisboa,07-05-2026 09:34:11,0.76,69.5,iIsDe8ZLZVZ6XbfDTk9k,38.7340039107713,-9.10810089428074,18.35973,1778146451000,552b8d6c350cb13c,,17.43
9.812711,Braga,03-05-2026 20:08:43,0.19,87.3,04UA61qQ4IDUX9g16EPO,41.5342043891204,-8.39900466877271,18.261481,1777838923000,131c7dd8f3ab4b35,,22.78
9.779621,Coimbra,06-05-2026 03:20:54,0.19,85,Y1M73l7qdyxOIoI36CjY,40.1936401963564,-8.42723689992833,16.730059,1778037654000,5e1de20fecf98844,,11.99
9.795081,Coimbra,04-05-2026 02:40:08,0.23,73.4,juMcZ9LYSvyzWIsTq6GU,40.2102618115456,-8.42164936121291,17.410542,1777862408000,f7af4712fd6b9108,,14.57
9.797767,Braga,10-05-2026 02:36:02,0,91.2,KX8eYlgiffdhHD9GcpSw,41.5695463571655,-8.42754851473385,17.618516,1778380562000,57e17fffc619e182,,17.56
9.835841,Coimbra,03-05-2026 10:15:01,0.39,72.5,655eD2d30FsScZO7oMjw,40.2198965071107,-8.39313703516378,18.436337,1777803301000,3db4e6efff8b7518,,17.36
9.860018,Porto,13-05-2026 05:23:26,0.11,69.4,wlMuV45WhFgllj5F8yVq,41.1626388802507,-8.62053439900336,16.737587,1778649806000,5a7b6516c51a4d4e,,21.81
9.843784,Braga,08-05-2026 22:32:57,0.37,96.7,x2sjjhylyRuRZqL4Py29,41.5302968346938,-8.42978983564104,18.016164,1778279577000,bb80f878cef35322,,16.54
9.776577,Braga,01-05-2026 01:45:23,0.14,100.4,I0mmsstC451btG1HFGML,41.5674736899914,-8.40918100901351,17.42462,1777599923000,5a7b6516c51a4d4e,,23.31
9.790545,Lisboa,09-05-2026 01:38:55,0.05,84.1,3xNRyXGRweNX3umYRCFq,38.6959341264089,-9.14174845847852,18.479222,1778290735000,9d789fd91804129f,,17.75
9.780981,Braga,11-05-2026 03:44:21,0.31,80.8,84MVuAorlC6FEuYkk6wK,41.5398520858708,-8.41678407702956,18.061765,1778471061000,de2dde23040292bc,,21.1
9.789089,Braga,20-05-2026 09:17:48,0.19,79.7,IfjZMibPxKU7kjLsheu7,41.5193469647543,-8.45676351847592,18.72607,1779268668000,9cbee3c1d7168837,,18.13
9.823801,Coimbra,16-05-2026 10:12:03,0.21,90.9,WQSLzoBpDQUZjPAl0NUs,40.1880917651464,-8.43493047267042,18.306919,1778926323000,1791998ac3161359,,14.01
9.809944,Braga,17-05-2026 06:33:53,0.1,74.7,qNGbPQJvgmnUgoPIW2cc,41.5207082268926,-8.43537579245909,17.53541,1778999633000,ec75a53f04901eec,,14.08
9.770853,Lisboa,11-05-2026 21:30:09,0.06,73.3,2ke0Pfl2jg81lYexVsGQ,38.7262904219094,-9.11495958870024,16.482676,1778535009000,13db178cd9a1e37a,,18.06
9.848005,Porto,22-05-2026 03:19:28,0.49,90.2,AIFzt5agWLhHuqJIdytt,41.1693063665051,-8.62635112023575,18.729133,1779419968000,ce246387dd078174,,22.67
9.795521,Braga,03-05-2026 01:36:34,0.82,73.6,ylK7G67FCOHEp1uHuXV9,41.5636072885255,-8.41396596504152,19.801666,1777772194000,4c885efe7bde3ff4,,24.16
9.798936,Coimbra,20-05-2026 09:12:47,0.23,77.5,tXVhMBUinsQlhNjT7BZj,40.2107415250754,-8.42572959140549,18.41159,1779268367000,c7f34dc43387f858,,22.5
9.775145,Braga,15-05-2026 20:05:39,0.08,84.1,ecskNqInYhsUF8G64KX3,41.5224555777467,-8.44937031994315,17.968539,1778875539000,5a7b6516c51a4d4e,,19.84
9.806236,Porto,22-05-2026 16:13:33,0.06,79,0WALNMNrKSHgPkGSmhVJ,41.1357625483379,-8.60308605453555,18.836552,1779466413000,8dc02e5c153f83a3,,19.68
9.814412,Porto,21-05-2026 11:57:17,0.11,67.3,bVSVkTadaw7mVkIvmIzm,41.1339786812542,-8.60219077168491,18.823081,1779364637000,93279918e60ec274,,18.15
9.823191,Porto,16-05-2026 20:33:36,0.31,97.7,lrp4H5pJTa7wJSk7A1ZN,41.1311078108742,-8.61964633044958,18.226349,1778963616000,cb207a93391638cb,,15.96
9.803592,Coimbra,10-05-2026 21:29:54,0.28,62.2,0EA5VfGvOh4O9I6ZW0Xz,40.2126514564318,-8.38323743435289,18.560243,1778448594000,6f36a3307488809f,,24.86
9.808049,Braga,22-05-2026 01:42:32,0.29,83.3,t9XgaemjQGYkm5oTMjgR,41.5398730618503,-8.45501735874355,17.287155,1779414152000,867d47425e9cccc7,,19.47
9.824141,Porto,18-05-2026 23:21:14,0.3,100.8,LkaO57IHg2P0rpXeNiDM,41.1537145603615,-8.61983701557622,17.784382,1779146474000,18d281edb3671f44,,18.93
9.825728,Coimbra,25-05-2026 10:13:59,0.85,74.4,hwLAL2IPpIStwQFlVRbT,40.2279522391207,-8.43739488855541,20.034917,1779704039000,5a7b6516c51a4d4e,,21.04
9.775141,Braga,20-05-2026 09:09:51,0.47,73.9,yWkN3wK1giuCntNGLK58,41.5562807518593,-8.43538393268388,19.692937,1779268191000,1b38ab967d98cc4e,,21.75
9.806478,Braga,14-05-2026 05:52:06,0.04,80.8,BOOaWCVt4iL3MbCrOEjW,41.5369451355042,-8.44644863687727,18.974718,1778737926000,3db4e6efff8b7518,,14.5
9.793884,Coimbra,15-05-2026 18:46:59,0.01,90.1,WCKNzFbJaJYMDtRRFqJw,40.1991447693748,-8.37576420979028,19.182351,1778870819000,8e2e127651e9cbde,,15.31
9.808904,Lisboa,25-05-2026 17:05:47,0,70.8,ZMZG2thADps1DH8OvnzU,38.7172039124169,-9.16869750673522,16.330357,1779728747000,5311a0642c2564ad,,16.05
9.859948,Porto,23-05-2026 06:24:07,0.19,80.5,zzsJM5db1IlrI1qwHgXo,41.13975740732,-8.65495315378675,20.874279,1779517447000,552b8d6c350cb13c,,12.72
9.810402,Porto,27-05-2026 23:15:22,0.4,81.8,3QZcvEtQ0IJpNMVEq12V,41.1609392289109,-8.6262580550494,18.570141,1779923722000,5311a0642c2564ad,,16.01
9.790976,Porto,12-05-2026 11:36:54,0.3,76.6,j79CYx6adancRwUyWRzg,41.1607799423375,-8.6351251483325,18.138801,1778585814000,9d789fd91804129f,,15.74
9.780119,Lisboa,18-05-2026 08:26:36,0.15,92.6,sgJqXKm0CIQ25sBCKdGW,38.7301326707204,-9.1727105884528,16.661982,1779092796000,95744df47936b8c4,,17.33
9.811367,Coimbra,06-05-2026 17:50:49,0.1,62.5,EkA4PZcbhOWnBx4Shdor,40.2256549752188,-8.3811515367884,16.864209,1778089849000,514af2be7dc985d8,,24.84
9.820479,Lisboa,07-05-2026 09:14:22,0.22,76,M8czErQv9BJ57z06xkt8,38.7116628585457,-9.1068434373252,17.935511,1778145262000,234da97fe615c6b7,,20.45
9.80949,Porto,07-05-2026 02:51:15,0.02,77.8,u6wNMB3Eiu7BXll82lhM,41.1513028029307,-8.60848703172399,17.225631,1778122275000,75778bdb64d1008e,,16.63
9.768284,Porto,15-05-2026 07:34:40,0.09,89.7,YbqFtE5ytIsRYuxMoMBu,41.1488163927254,-8.64950839394979,17.084828,1778830480000,131c7dd8f3ab4b35,,25.59
9.81174,Braga,12-05-2026 06:01:12,0.26,69.6,ouaF1fisvUwngkS135Md,41.5236049790809,-8.40311659846779,18.469788,1778565672000,1b38ab967d98cc4e,,19.58
9.801485,Porto,09-05-2026 23:20:53,0.08,84.5,f73e7TXEp7XOjODFkBXr,41.1709152183199,-8.63667490677285,18.437426,1778368853000,c85cdb0ef48d09c8,,10.38
9.801323,Braga,16-05-2026 14:15:31,0.23,97.2,uklLQtkR1wiT2ugzhGuF,41.5517442235307,-8.42248226405409,17.427485,1778940931000,867d47425e9cccc7,,16.21
9.785704,Lisboa,03-05-2026 15:46:32,0.07,57.9,6dH2OdxtMfqCDtrEoWxO,38.7285071864132,-9.14285576588458,17.991563,1777823192000,e9da39984fb29dc6,,17.79
9.807102,Braga,22-05-2026 06:43:36,0.31,80.4,HUV2Ush1Y2DhwLtSZKDm,41.5376575807314,-8.45239169333029,17.926656,1779432216000,e1bd0a847e7079be,,15.7
9.804377,Lisboa,10-05-2026 20:42:55,0.42,85.8,voFGIbomhHnAf3YeSmp0,38.7109267764663,-9.11152418409401,17.596233,1778445775000,7182af742e04dc6d,,18.4
9.816767,Braga,24-05-2026 00:45:21,0.01,70.1,I4lZ6JewYlEIEmas0JBl,41.5414646929024,-8.45987458908661,16.361093,1779583521000,57e7d972b508815d,,10.92
9.817335,Lisboa,06-05-2026 22:24:17,0.06,76.2,StAu1Qn7uUoEZZYGdgGK,38.7322506552587,-9.15221116070288,17.85944,1778106257000,131c7dd8f3ab4b35,,14.09
9.809095,Porto,10-05-2026 03:01:33,0.42,67.7,r3yFfVECVy7kLZzL7eto,41.1501369763777,-8.61579117096411,16.873125,1778382093000,1d3db575c4a79d75,,17.22
9.810589,Lisboa,26-05-2026 18:59:58,0.29,85.2,o17RTvkgTfIMAQHs5skP,38.7212032891922,-9.13394008746695,16.695772,1779821998000,1bd749deaf799034,,18.43
9.803623,Lisboa,25-05-2026 23:33:07,0.02,86.3,HtNW851QNUDLxCkJ64x0,38.7163525659524,-9.12295695509187,18.028698,1779751987000,8f8c45c33ff51d0e,,11.51
9.847769,Coimbra,17-05-2026 22:03:58,0.21,78.4,Hi8HVh1LdljeCVLDUIMQ,40.1940440351693,-8.39545386873355,17.221677,1779055438000,b572bc65fae8bec1,,19.23
9.783943,Porto,27-05-2026 05:40:02,0.11,84.5,OM63C5fDa7vWLHt69q7v,41.1751801082785,-8.64349910241005,17.923134,1779860402000,5311a0642c2564ad,,20.79
9.785349,Porto,11-05-2026 00:08:10,0.14,73.2,FW3kHzHgflUnObnHGvWB,41.1735550239886,-8.60795573745801,20.02357,1778458090000,17b4966e9be4d8d8,,17.45
9.807876,Porto,01-05-2026 13:51:04,0.08,111,1QumiRzbVVhhKpYLfap9,41.1716453987439,-8.63163329117717,18.398,1777643464000,daf96d2280390dec,,15.4
9.815905,Braga,15-05-2026 22:06:59,0.12,77.6,P3uwhpUBcKdSHu0IZg2G,41.5644529080943,-8.39152413061661,19.754804,1778882819000,bb4bb9fbcfcc16d1,,22.71
9.812735,Porto,07-05-2026 14:01:09,0.11,57,nTDnze5v7SYYHFnyWzi6,41.1332066661881,-8.64145496151348,20.625763,1778162469000,8e7f2987241c2818,,17.08
9.832064,Coimbra,25-05-2026 17:47:36,0.07,94.4,MzKpnwpZNdTaOvIu3W1B,40.1805587355781,-8.39685178310604,17.060242,1779731256000,c51d4eb54f89fec8,,8.26
9.823683,Porto,22-05-2026 20:42:38,0.05,71.9,pfPv3y0ypLFKlwwY4hgy,41.1507027675612,-8.59642116946779,16.623863,1779482558000,3db4e6efff8b7518,,16.94
9.776511,Porto,09-05-2026 14:19:25,0.01,78.9,fyZqqe0TRAec5gNSD98u,41.1494282245301,-8.64707561517387,17.9471,1778336365000,c0014ea2ee2fdaea,,23.45
9.805271,Braga,15-05-2026 13:04:28,0.33,78.8,1qcx9hcmQJIaiFnaqjFA,41.5364771449008,-8.39964592239043,18.955825,1778850268000,93279918e60ec274,,18.74
9.801599,Braga,25-05-2026 17:09:22,0.43,61,gqOqRrDhHWLoLuYn7bKA,41.5411999124194,-8.39521335502442,17.003919,1779728962000,e1bd0a847e7079be,,15.63
9.799096,Lisboa,16-05-2026 22:54:23,0.3,109.3,V5Di2FhDr4mbP9BZJ9Jh,38.7013418138448,-9.12497875159136,17.177645,1778972063000,1b38ab967d98cc4e,,15.74
9.814863,Porto,14-05-2026 03:43:30,0.18,75.3,UX1cmt8nLGWH5eGFnJEC,41.1718081977267,-8.60477563962759,17.016275,1778730210000,8f8c45c33ff51d0e,,12.47
9.774036,Lisboa,12-05-2026 08:40:19,0.16,57.8,zsWECa1qgoTaMaN6h88w,38.7472372562071,-9.15851078077494,17.633056,1778575219000,6f36a3307488809f,,15.47
9.834868,Braga,21-05-2026 08:19:23,0.1,92.3,lIiziwqYkc7qeP2k33o5,41.5460831592492,-8.41662139398714,16.140947,1779351563000,bb80f878cef35322,,15.73
9.798004,Porto,18-05-2026 06:53:09,0.21,73.4,DiarWrebdTSFSL1TrgKn,41.1639055135781,-8.61302251763656,17.354541,1779087189000,57e17fffc619e182,,16.45
9.797289,Braga,12-05-2026 15:51:03,0.11,82.1,JPedNETNtg9O7jjWrI8D,41.5330190076493,-8.390580988995,16.996644,1778601063000,3993ad7e2565b6b0,,23.08
9.790399,Porto,24-05-2026 01:01:47,0.11,63.8,Vyq37KAnllxfF1tYjlsa,41.1626186171171,-8.61221796393884,17.082991,1779584507000,8dc02e5c153f83a3,,19.29
9.761927,Lisboa,11-05-2026 09:18:37,0.2,93.9,AggI1NdcmtyHBgSyndEa,38.7402486314735,-9.12587955068034,16.46145,1778491117000,e7eb35b501d57e1f,,12.08
9.843445,Braga,09-05-2026 05:52:20,0.25,72.6,77jXccMvXYpz5ZAUieKx,41.5478923910654,-8.43020489862861,15.827393,1778305940000,6214b1b462c04096,,16.6
9.805446,Braga,02-05-2026 12:19:26,0.42,87.2,vDEMubdgFpiv9ZK9abZD,41.5405005837185,-8.42334690011182,16.705159,1777724366000,9d789fd91804129f,,19.8
9.830135,Braga,02-05-2026 16:19:13,0.32,64.3,CkkfgnI0yKcVGE4ePyFj,41.5516281468425,-8.45611979917203,18.187677,1777738753000,d632e4ce536ec364,,22.37
9.808596,Braga,13-05-2026 07:47:54,0.05,54.8,37TXrVAYhFhKkJZ9eE1a,41.5248772953901,-8.40454695762228,18.91874,1778658474000,1791998ac3161359,,14.43
9.802241,Coimbra,03-05-2026 14:40:26,0.87,78.2,0oWts2Y75ilxjfPzajvl,40.1901690942239,-8.4283378659771,20.343589,1777819226000,bc74204126e384ca,,14.39
9.820115,Braga,04-05-2026 23:51:56,0.38,79.1,9U67QUbLrtV0CZ1E4lyN,41.5676139747832,-8.44310354020965,18.606171,1777938716000,bc74204126e384ca,,17.06
9.79213,Porto,18-05-2026 03:25:02,0.56,88,go7iEAfPDM0tUJbRir8w,41.142145167135,-8.65186257503138,18.99802,1779074702000,1791998ac3161359,,13.6
9.835046,Lisboa,19-05-2026 13:22:15,0.19,81.6,iggKQhu97IL71fkZBI4z,38.7268546950138,-9.14962984031287,18.107035,1779196935000,7182af742e04dc6d,,10.99
9.792785,Lisboa,21-05-2026 01:54:24,0.05,86.7,EJBY46GRAinDyd6aGHrt,38.7348553814315,-9.1183741980307,19.023775,1779328464000,487b076a69a53671,,19.61
9.790666,Coimbra,12-05-2026 04:48:35,0.03,72,0QJfKhKcFsN2KifBtcdz,40.1902761537853,-8.40951011681832,15.506622,1778561315000,131c7dd8f3ab4b35,,24.69
9.818835,Braga,07-05-2026 04:57:53,0.47,92.3,mYuorIrGBrC88cGkhoK9,41.539624052754,-8.39316997780226,19.5334,1778129873000,0f98939ac68105bb,,26.93
9.783582,Coimbra,08-05-2026 04:28:20,0,87.7,2akekmVUFR8Vj3aw5va4,40.1935022912933,-8.41512947847141,16.239148,1778214500000,517fc5ca69b652a5,,19.97
9.826672,Braga,02-05-2026 00:01:31,0.35,74,JHypYsVTzDpLhNaaHHKX,41.5595135888253,-8.46243279377891,16.509909,1777680091000,bb80f878cef35322,,12.02
9.812732,Porto,01-05-2026 03:05:15,0.21,80.3,L922fyKWVOj0piRFm7DV,41.1374511559473,-8.65641845484861,18.832326,1777604715000,bb80f878cef35322,,20.12
9.827163,Coimbra,19-05-2026 20:17:28,0.18,78.8,IYUvtI18f8236JBEqypc,40.2162606953132,-8.40197288747641,17.561513,1779221848000,9d789fd91804129f,,26.22
9.812518,Porto,18-05-2026 22:21:32,0.37,88.5,qvGjWK9ZtjbmOqZ2Qaex,41.1666562600364,-8.62513401488384,18.520474,1779142892000,5a7b6516c51a4d4e,,15.63
9.829514,Braga,21-05-2026 01:01:54,0.21,80,bCuy8KMMqsL4Tr3zBCjT,41.5358928550806,-8.44531890919929,15.885783,1779325314000,93279918e60ec274,,19.79
9.797228,Porto,13-05-2026 23:04:24,0.19,96.5,PUbZiTXI6fSGj6iPoGCM,41.1360564668072,-8.62547538106603,18.227086,1778713464000,04964f8452901231,,19.95
9.790031,Lisboa,19-05-2026 23:38:36,0.6,96.2,cHwG4eFqSu5iDoY6wOmA,38.7475799082776,-9.16357400234507,18.782945,1779233916000,bc74204126e384ca,,24.36
9.798617,Lisboa,17-05-2026 17:18:09,0.01,72,basfkNgXJ8iJSvgJhRA8,38.7039275308687,-9.10949966017166,18.243558,1779038289000,82a83fc853728306,,16.42
9.820755,Porto,16-05-2026 21:24:24,0.3,83.1,KbsQ35zh4cdDMlodqBAb,41.164830463476,-8.6085656151476,18.639548,1778966664000,9cbee3c1d7168837,,21.45
9.813429,Porto,26-05-2026 08:36:25,0.37,91.5,DfbfU4V6lm5iKV7OBewf,41.1355036420831,-8.6246849123713,18.651379,1779784585000,bc74204126e384ca,,13.32
9.787718,Braga,26-05-2026 20:14:04,0.28,73.7,xaFVBBWuo90X5U6WqtyU,41.5199856882357,-8.39731854266284,17.519722,1779826444000,517fc5ca69b652a5,,17.14
9.826743,Porto,09-05-2026 15:02:26,0.48,76.8,jCAo2Oty09bgNfvpaxFU,41.1833148579418,-8.64305285906579,19.446811,1778338946000,3c58290022ed11b1,,14.65
9.808826,Braga,08-05-2026 05:28:55,0.06,84.5,pwJ9AfFAIkk8uWgVRi0D,41.5704581243989,-8.44027164370856,18.963006,1778218135000,91279a646f8ea6ac,,19.92
9.792774,Braga,25-05-2026 17:28:47,0.06,101.8,2ATZy7w7SYz8j2ire97N,41.5396890131768,-8.39137212564284,17.705434,1779730127000,24d6a87b0598b02e,,21.86
9.814989,Coimbra,27-05-2026 11:52:37,0.75,84,G22rYNsED1fQkLdOnxac,40.2240292239227,-8.41675025234916,18.289868,1779882757000,131c7dd8f3ab4b35,,16.73
9.812332,Coimbra,25-05-2026 18:29:45,0.45,90.7,GKEtjipu3rZntdtUA4VW,40.228948255846,-8.43795526535001,16.296776,1779733785000,8e7f2987241c2818,,15.65
9.777322,Coimbra,08-05-2026 07:42:47,0.15,75.8,vYOB1qMVWwkwqKYlbzQS,40.2058749253022,-8.37866221905037,17.036573,1778226167000,1b1cc9cee9f27003,,12.29
9.811387,Lisboa,05-05-2026 06:27:33,0.51,88.6,hgQTNFXmIJfHjDpa2QBo,38.7385556280574,-9.12941495360487,19.141619,1777962453000,daf96d2280390dec,,21.27
9.829082,Lisboa,14-05-2026 22:57:43,0.66,92.2,33GZlUeHHrLZAIbzzq3X,38.7074687396586,-9.12703743562232,18.13299,1778799463000,57e7d972b508815d,,18.44
9.801671,Porto,05-05-2026 21:23:23,0.46,80,lfk04xtmQVrfZUlp3bhT,41.1496550933444,-8.65790823680848,16.916657,1778016203000,552b8d6c350cb13c,,14.56
9.837544,Coimbra,26-05-2026 15:02:21,0.11,90.2,a08pFjgTUP3GyddmkdSm,40.1790516917902,-8.40243069978086,18.801946,1779807741000,17b4966e9be4d8d8,,19.36
9.810987,Coimbra,23-05-2026 15:40:08,0.11,87.2,PJAcXVg4OWy47jW8wRTN,40.2166670943934,-8.40395836323076,20.308955,1779550808000,556be8558ce56421,,18.72
9.821529,Braga,09-05-2026 01:56:56,0.06,64.9,HR31CHVaEiXDMWdToDh8,41.5565331264132,-8.46094247897789,18.334285,1778291816000,d5eb4d757b335d0e,,24.83
9.794584,Coimbra,25-05-2026 20:30:23,0.27,67.2,XNE1ji5mRM4WLOyqEFXh,40.1820122943093,-8.44370785544894,16.728015,1779741023000,75778bdb64d1008e,,23.35
9.840973,Braga,02-05-2026 22:58:27,0.37,83.2,4AJ3g55alZsJaRUTJxYw,41.5445988908259,-8.40214892383077,18.344931,1777762707000,57e17fffc619e182,,17.62
9.803339,Coimbra,01-05-2026 17:09:44,0.46,76.9,PqQ3smZXin4z9lk0hzLc,40.2231251253164,-8.41026455674452,18.527594,1777655384000,72ba4e2f87adceb5,,17.84
9.824907,Coimbra,27-05-2026 18:31:40,0.05,80.9,2DqzQEbyZCRRweBNShpK,40.2088331059453,-8.39167552780125,17.003714,1779906700000,3bd002cf1fcfa789,,18.29
9.824765,Lisboa,07-05-2026 21:29:08,0.03,68.6,udVh1A5t0jyeaE7anmxc,38.7329370093681,-9.10887320719822,18.087808,1778189348000,1b1cc9cee9f27003,,15.13
9.798243,Lisboa,11-05-2026 06:51:34,0.34,82.3,VShNI3oKisI2sGeobat6,38.7435105751563,-9.16307227291923,18.488167,1778482294000,eb39e98aca20e7d3,,14.42
9.831257,Porto,04-05-2026 14:54:30,0.26,103.4,au2ocjgx6eyEUxWZTJyS,41.1707838840291,-8.62187843830097,18.625465,1777906470000,f879804e4456e5d4,,15.09
9.830819,Lisboa,12-05-2026 05:14:14,0.14,67.3,37N3votJffaub0h4Wr6F,38.7171311082478,-9.11893800524325,17.09783,1778562854000,3db4e6efff8b7518,,17.17
9.789379,Coimbra,24-05-2026 19:34:18,0.25,88.2,0ZLYB29huEpJvuVW63hi,40.190317127551,-8.37539921698889,18.591343,1779651258000,57e7d972b508815d,,16.62
9.807711,Porto,16-05-2026 23:54:49,0.23,81.5,gioLxWKFGgvxqjy28OcW,41.1798149951609,-8.59986523024543,18.248078,1778975689000,cb207a93391638cb,,24.12
9.794438,Coimbra,01-05-2026 21:58:27,0.45,91.7,sYsBWV1xXrBXDDjcweCg,40.1849818940464,-8.39373060721024,17.428283,1777672707000,8dc02e5c153f83a3,,12.18
9.816039,Porto,25-05-2026 06:35:20,0.56,74.5,hxyZqWPEIPWoEQUdngFu,41.1557773963161,-8.66057585804851,18.410847,1779690920000,9d16533a62ab9315,,14.79
9.787057,Lisboa,10-05-2026 00:22:14,0.17,90.9,Cs0e1tG2uTDQlydkKlvq,38.7481498330253,-9.13721829296519,18.000886,1778372534000,330949523d665e3b,,21.82
9.800315,Coimbra,08-05-2026 03:51:02,0,79.5,ClJH1tcCABqiaCP5yRnj,40.2133035741417,-8.41717044928052,18.48364,1778212262000,3c58290022ed11b1,,20.36
9.805598,Coimbra,11-05-2026 00:37:17,0.11,80.6,vnUJ96zEASiwMin5HBUG,40.2273621756108,-8.38487047310406,16.437986,1778459837000,63d3511e9e857901,,19.03
9.847844,Coimbra,02-05-2026 11:11:48,0.23,71.2,qH67HzLRoldSvXxXpqaw,40.2090986048243,-8.41691518825992,17.207116,1777720308000,153c202e3cfef4ba,,20.9
9.812869,Lisboa,23-05-2026 23:53:19,0.38,88.7,M4DFTvwqkB2eLT3bp1YH,38.7175206650588,-9.16990840740546,16.660351,1779580399000,57e7d972b508815d,,24.32
9.797765,Lisboa,11-05-2026 04:44:06,0.05,91.4,zV1iDUnldTll8PjEggWe,38.7032467601504,-9.16138435004694,17.68581,1778474646000,39a54d73a921b9f6,,19.75
9.79232,Coimbra,24-05-2026 19:00:10,0.11,81.3,Mh9FgBkdXskN4Ixhsr1J,40.2211271616754,-8.39960625184478,16.581827,1779649210000,17b4966e9be4d8d8,,19.35
9.804734,Coimbra,19-05-2026 04:40:12,0.36,78.4,8g1B9LanL2Zllb5lVA9K,40.2074647261148,-8.429199696898,19.756134,1779165612000,e7eb35b501d57e1f,,21.51
9.829283,Porto,13-05-2026 22:04:36,0.52,76.9,RzrF1edBIb3eCD44Wb6n,41.1360653675678,-8.59472334972456,20.3022,1778709876000,f7af4712fd6b9108,,17.76
9.795024,Porto,02-05-2026 21:49:54,0.35,84.2,vRa8csLmnlA1Dlq6ryKo,41.1525033487287,-8.65104589625558,18.121973,1777758594000,330949523d665e3b,,23.11
9.83166,Porto,28-05-2026 08:10:37,0.2,69.2,YCBp6JaIo9KcVzW7uqdk,41.1775033966003,-8.63336251957174,18.989197,1779955837000,c9ab51cba10ae1e9,,7.15
9.807011,Lisboa,27-05-2026 16:50:42,0.14,65.7,gSMoVMoiDSkWFlI3fk5K,38.728552246622,-9.13149622075141,17.648191,1779900642000,574582321d04df00,,16.57
9.798955,Porto,03-05-2026 07:38:31,0.69,69,XK0Bdi1BTACzPv0kD3kJ,41.1753013261087,-8.64902399058847,20.356417,1777793911000,8e7f2987241c2818,,13.35
9.841642,Lisboa,24-05-2026 18:01:11,0.04,76,NVOLxbCUaG2IBt0aAVFx,38.7145184689369,-9.15968989450354,17.818368,1779645671000,91279a646f8ea6ac,,15.36
9.829677,Coimbra,03-05-2026 03:57:24,0.14,81.3,aQT7gK912kMcklXe5xX0,40.2220103452556,-8.44411722419075,16.665088,1777780644000,ce246387dd078174,,14.43
9.777172,Lisboa,02-05-2026 13:57:07,0.36,80.1,qIK6cLol5kw9mpnla9kp,38.7429343230414,-9.15742052405551,17.871611,1777730227000,c9ab51cba10ae1e9,,23.48
9.833986,Lisboa,19-05-2026 04:01:14,0.03,79.7,PZvw2dhN4UovsvYTR5co,38.6989307020756,-9.16325060419289,19.743861,1779163274000,1bd749deaf799034,,20.08
9.803444,Coimbra,28-05-2026 04:45:09,0.12,65.7,SYnNmWXpm4ks2pz6kLBi,40.20766834861,-8.38815868743611,18.752768,1779943509000,d0825fdf3da3660c,,15.47
9.815824,Porto,28-05-2026 09:29:34,0.06,76.4,VIPohi19YrWrfk4LdCXv,41.1747396859259,-8.66304985498869,15.388002,1779960574000,c7f34dc43387f858,,17.11
9.80567,Porto,14-05-2026 00:28:39,0.4,70.6,fKn5CvNYgLilzCeSogEx,41.1516322559252,-8.62226498580625,19.134602,1778718519000,fb188f553674b4c4,,15.58
9.819956,Braga,21-05-2026 13:28:26,0.19,85.4,8rEujQ2GO6zqyg55jSb4,41.5574175567315,-8.45333234389011,16.3157,1779370106000,bbbe498ee44f6349,,22.03
9.798606,Coimbra,12-05-2026 02:18:06,0.79,76.4,aKLkQV4I5ru3irdmkTge,40.1828051180083,-8.38847740465679,18.890479,1778552286000,da211edc7bac01a0,,16.45
9.765894,Lisboa,18-05-2026 05:10:08,0.4,93.9,ugrnUXigLOgtpQ1dH2CF,38.7326185052377,-9.11437872970613,17.162455,1779081008000,9d789fd91804129f,,16.67
9.812793,Porto,01-05-2026 08:38:57,0.29,80.7,XIEFcBFOy1Km9n4pWkLL,41.1627978460365,-8.6121767189207,19.069971,1777624737000,8e7f2987241c2818,,19.98
9.811691,Braga,16-05-2026 13:34:17,0.06,89.1,BTYEizYlbVGrzEiQLXkx,41.5631953035857,-8.42350675027987,16.662492,1778938457000,eb39e98aca20e7d3,,18.23
9.812269,Lisboa,16-05-2026 11:31:28,0.28,81.9,xfYLzkJkll3waWgIlwUY,38.7451948225572,-9.11422620287224,19.111192,1778931088000,42d576864f9952c7,,15.62
9.797677,Coimbra,15-05-2026 13:22:49,0.21,69.6,lJAmLWq4lPaf28kYkp7r,40.185372125082,-8.38322619025012,19.456497,1778851369000,57e17fffc619e182,,16.74
9.805568,Braga,09-05-2026 14:57:41,0.29,65.6,kt1Dff8Loy2aScA9b7Hj,41.5384197121376,-8.44808816190536,19.223254,1778338661000,bb4bb9fbcfcc16d1,,10.21
9.829569,Coimbra,20-05-2026 10:00:13,0.26,71.9,zh7RVA11dEB3izsnTHT8,40.2025360901465,-8.44301627439634,18.021123,1779271213000,c9ab51cba10ae1e9,,18.12
9.806298,Lisboa,12-05-2026 01:57:10,0.37,92.1,lmrBfC0BQj2oRhn34mYA,38.6958574354361,-9.13428591892393,18.784138,1778551030000,9d16533a62ab9315,,22.41
9.834668,Braga,19-05-2026 20:28:26,0.12,79.9,xE8A56WcB2SnYqMslNc0,41.5432273993436,-8.42910306526574,19.26074,1779222506000,c0014ea2ee2fdaea,,16.03
9.781745,Lisboa,23-05-2026 23:31:45,0.19,74.8,2vgGJCbf12FNNKmltSlc,38.7428199938811,-9.11792304236741,19.363784,1779579105000,574582321d04df00,,18.44
9.836364,Braga,15-05-2026 22:26:27,0.13,66.4,XreXFkorwBXvYmG0yKqC,41.5338996696913,-8.44676054750461,17.677789,1778883987000,7e8fb26408446272,,17.54
9.811682,Porto,27-05-2026 00:33:44,0.13,86.9,Voy1WiAJKcrSDlmHBUTr,41.1398374029269,-8.60226514207591,18.080711,1779842024000,cbf338d836298cb7,,17.82
9.791482,Porto,01-05-2026 03:44:35,0.04,78.9,voG3vO4uEV8rlfzUrpuX,41.1661532038866,-8.59472661099174,17.666401,1777607075000,234da97fe615c6b7,,18.13
9.811513,Porto,11-05-2026 16:45:17,0.38,75.7,IeqRBdtF2POAVgsoDG96,41.1760023877469,-8.66263034165879,17.022032,1778517917000,0e52f2934d8ce165,,15.12
9.865599,Lisboa,20-05-2026 05:34:56,0.41,69.6,yfIWC1P92w4Aq5A2DiR4,38.7101935857308,-9.14227369115804,19.010076,1779255296000,b30b0b43692b035b,,9.69
9.805295,Coimbra,04-05-2026 06:13:40,0.46,101.5,Qt4SfHx0HVMKc8djCE7S,40.2170710053544,-8.41707814526717,16.283331,1777875220000,cbf338d836298cb7,,12
9.827967,Braga,26-05-2026 02:22:32,0.15,91.2,vcSDP11JybspxAW4Bcv5,41.5495506965207,-8.4546391652007,18.661179,1779762152000,64a94f9052422a0c,,23.56
9.845747,Porto,13-05-2026 23:05:17,0.69,77.5,BLGpnbzEPCQnb0zESY45,41.1432062407073,-8.64717569375455,17.714868,1778713517000,d4389e820d4f82fa,,16.29
9.804821,Porto,09-05-2026 21:41:17,0.34,78.1,A42E6KPrXfNbXGCGPGBv,41.1604916593986,-8.65523299301345,19.419249,1778362877000,2a339e8954684016,,17.31
9.851156,Coimbra,16-05-2026 06:53:59,0.15,65.6,Ou2b2QOtKii1hSDdqP2J,40.2296202430027,-8.44394965827722,17.874637,1778914439000,153c202e3cfef4ba,,19.76
9.835359,Coimbra,27-05-2026 11:02:48,0.43,79.8,zRUCbAznl1dWezWkK79R,40.2176097032191,-8.39157484847141,19.107873,1779879768000,39a54d73a921b9f6,,21.02
9.826185,Braga,05-05-2026 09:22:00,0.39,81.2,V67aIB01tNqkzLskbnTS,41.5601212254799,-8.44573688705259,19.096251,1777972920000,82a83fc853728306,,12.26
9.816602,Braga,12-05-2026 12:35:50,0.11,71.9,utROMSbhswXKNACbyMle,41.5709137374114,-8.45629131675701,18.430873,1778589350000,b8e78b83a62a0cb7,,20.09
9.836739,Lisboa,01-05-2026 02:19:14,0.09,79.2,qMHk9roJ6GVXrQYpZdSj,38.7395544227759,-9.14350897329371,17.489002,1777601954000,cbf338d836298cb7,,18.73
9.81879,Porto,21-05-2026 02:40:38,0.54,79,G37ayOy9PrQoRhv4PHL3,41.1560590524915,-8.62631878831171,18.690261,1779331238000,102edb38b5ec347f,,19.46
9.796397,Porto,13-05-2026 06:17:51,0.44,67.2,XL6UQj52PGfvam8CXchE,41.1364596105964,-8.61830632623456,18.727843,1778653071000,04964f8452901231,,17.08
9.787259,Porto,21-05-2026 00:19:30,0.39,71.8,tcC4dnbGOIcHO5392eDk,41.1814934742169,-8.59486477192341,18.314921,1779322770000,e8c9832b5c388bb5,,15.8
9.820194,Coimbra,21-05-2026 03:03:58,0.45,71.9,lP3Xs1t1HuW8bQ2bDjHG,40.1844120037097,-8.43394277717084,19.622995,1779332638000,867d47425e9cccc7,,16.13
9.797427,Lisboa,23-05-2026 16:00:32,0.44,53.8,rfeAIaB7LRhUM45y2hkZ,38.7466761357979,-9.16118203384601,16.897957,1779552032000,e8c9832b5c388bb5,,18.54
9.803475,Coimbra,28-05-2026 01:29:55,0.08,66.5,Hi1bpNhDdOWZl7AmR54q,40.1982317984799,-8.43628818718024,18.388812,1779931795000,7182af742e04dc6d,,20.11
9.792039,Braga,19-05-2026 03:39:57,0.14,72.3,AMbLf87j9oDxpalJ6rKC,41.5345058450831,-8.41512686756542,15.679246,1779161997000,6f36a3307488809f,,19.34
9.804543,Coimbra,03-05-2026 20:30:19,0.33,89.7,NyPWCai6Wspyui2W5Stc,40.2207375932702,-8.38012077889641,17.51542,1777840219000,c31244cee16e0c77,,11.97
9.789914,Lisboa,21-05-2026 15:03:39,0.3,68.2,GWfSI0CYxX8rRbp3z0Sr,38.7144624218081,-9.12556781050945,17.391652,1779375819000,487b076a69a53671,,18.5
9.802385,Braga,28-05-2026 16:02:46,0.05,67.3,FpHxr8TzAjm9ioBcyzZD,41.5248182271852,-8.39949542133158,18.451488,1779984166000,57e17fffc619e182,,13.17
9.826182,Coimbra,19-05-2026 02:22:55,0.14,71.5,tK0F9624Q5liVd8qlMHy,40.1916199939724,-8.44044139164569,18.496865,1779157375000,34cbefbc28798720,,15.35
9.810751,Braga,07-05-2026 06:04:31,0.04,76.9,yAze9D87KLAlm5wyNL64,41.5273524024993,-8.43294100030548,15.470012,1778133871000,9d789fd91804129f,,10.68
9.822319,Braga,27-05-2026 14:39:16,0.27,90.4,nuWJVE3zJGDTFCNlx6XB,41.5501513408446,-8.40938310107262,17.848291,1779892756000,c31244cee16e0c77,,19.18
9.823864,Porto,26-05-2026 11:53:34,0.27,59.7,dH83Zq5M0pgumMHVmWMf,41.1471598146128,-8.64724164987235,17.761285,1779796414000,e7eb35b501d57e1f,,20.81
9.859969,Braga,02-05-2026 10:10:22,0.42,77.7,5estdPQSD7zj1NUV8e9Y,41.5719163011682,-8.43353826908823,18.682237,1777716622000,72bd2672c948d2cb,,23.28
9.81216,Lisboa,02-05-2026 15:19:41,0.29,70.9,sU7KenthbnHZKFuj5O1I,38.7353243397453,-9.12813332130151,18.765706,1777735181000,e1bd0a847e7079be,,13.9
9.817629,Coimbra,27-05-2026 05:18:57,0.35,90,Pu1QytkVYQ8Sis6avNTP,40.1834493242046,-8.40383514773921,18.10118,1779859137000,ae7ec9246c4649bc,,16.57
9.834545,Braga,17-05-2026 08:26:22,0.13,67.9,obK7FBBM8ZgN8qJ5Nzi6,41.5214029810457,-8.44939703584808,16.594518,1779006382000,0f98939ac68105bb,,22.26
9.804839,Porto,20-05-2026 12:42:41,0.15,92.7,i4afEQxpO7aCNAAg7HBK,41.1659478980058,-8.60347295270462,16.731619,1779280961000,1b38ab967d98cc4e,,23.7
9.841025,Lisboa,15-05-2026 02:19:00,0.23,88.8,2atpY8tFqhTkuo9eQmEQ,38.7481212462485,-9.16332182823439,17.765011,1778811540000,53c682ded6545e06,,18.58
9.795926,Lisboa,03-05-2026 12:23:09,0.04,96.9,FFmPkeFwdoAfWKWQl9cj,38.7412227110566,-9.16719796878319,15.132578,1777810989000,c837debb39dd1e68,,19.36
9.815661,Coimbra,14-05-2026 03:39:37,0.01,76.6,BbCV9IA3iXoue794aS1E,40.1917769910507,-8.4025980577073,17.845261,1778729977000,c837debb39dd1e68,,14.79
9.826406,Lisboa,10-05-2026 08:22:42,0.21,70.5,cM0eJYwGawwIVfUVZgu5,38.6995366552295,-9.14956618540174,17.519792,1778401362000,487b076a69a53671,,13.91
9.815601,Coimbra,20-05-2026 01:10:47,0.53,53.3,xpMQh6zdPF0EadsaLp51,40.1903708768616,-8.39486459625391,18.168109,1779239447000,3db4e6efff8b7518,,18.33
9.802614,Porto,16-05-2026 03:13:28,0.25,64.2,IrbWpM7YTIjlfZIbRnLy,41.1696085341238,-8.6420866288925,18.443823,1778901208000,7f281c8dbac1f799,,20.33
9.809676,Coimbra,02-05-2026 22:29:36,0.12,91.6,Gx60IJzR8rOSVbQCIIaj,40.2178230683827,-8.3914095559813,17.18222,1777760976000,e84878f982129128,,16.88
9.781943,Coimbra,17-05-2026 09:44:08,0.33,78.9,5ysSBTMn3nUpvUAimd7m,40.1936715715274,-8.40265838296186,18.797233,1779011048000,1b1cc9cee9f27003,,23.61
9.803942,Coimbra,25-05-2026 10:11:51,0.06,93.5,G5dWX1BFcGU9MJEcMkcR,40.1924989660155,-8.38555364732273,19.335527,1779703911000,3bc1bf7fb69f3ba3,,17.91
9.824145,Porto,27-05-2026 06:08:15,0.06,94.8,U0SO4s3offmR26jZyygg,41.1632722062469,-8.62084228433746,18.102534,1779862095000,3993ad7e2565b6b0,,23.16
9.80734,Lisboa,28-05-2026 05:28:09,0.64,66.8,vkZzplQhhMPzcsDZRRkj,38.7243041505685,-9.13559393506867,17.977576,1779946089000,1d6285f5502cf1f8,,18.64
9.83312,Porto,23-05-2026 20:02:12,0.3,73.9,aEE8rxTrsEUS9Yd3IR5R,41.1478311200736,-8.62188326688052,18.386857,1779566532000,3811390588367f0e,,10.83
9.804242,Braga,04-05-2026 21:07:23,0.08,82.5,WesyVe0NKvUpKrA4YFZy,41.5680008517893,-8.39797146821806,16.340791,1777928843000,131c7dd8f3ab4b35,,24.38
9.812071,Coimbra,13-05-2026 01:10:14,0.08,94.3,SWKy7axoaiVyeVItbixF,40.1834425883018,-8.41684390496835,17.012059,1778634614000,574582321d04df00,,19.08
9.805684,Coimbra,26-05-2026 02:16:29,0.44,68.2,dv70dzpczzpB1axciUH4,40.1766206069531,-8.38153451195027,17.623414,1779761789000,389da1f3a7c1d8de,,10.64
9.836563,Porto,01-05-2026 09:20:14,0.18,75,ILha3nLcLhkdZVpObjxi,41.1658368929227,-8.63419699944439,16.251175,1777627214000,5e1de20fecf98844,,24.96
9.78421,Porto,10-05-2026 17:03:10,0.27,80.6,8DWxKDSMxo2hKP0lzcdN,41.1637487483201,-8.64064979050802,18.475927,1778432590000,daf96d2280390dec,,17.76
9.775967,Coimbra,23-05-2026 11:58:47,0.06,71.9,608F7sQuqZrOL8icusVJ,40.1786218630026,-8.38463196141857,17.048793,1779537527000,9cbee3c1d7168837,,18.81
9.823635,Lisboa,11-05-2026 22:17:39,0.37,89.6,fhJbOJhTJMywOwHns412,38.7327482431691,-9.10983349790034,20.390281,1778537859000,55b620d8c0ab41e0,,21.07
9.809966,Lisboa,20-05-2026 17:11:33,0.71,90.9,3kMYRxjhFNFduSAyapZA,38.7364528234585,-9.14635037660842,17.081246,1779297093000,de2dde23040292bc,,17.1
9.762431,Porto,16-05-2026 00:42:23,0.11,81.9,BbCasC3OjWA56zbimwZe,41.1746864606062,-8.60468865891772,17.833269,1778892143000,ce246387dd078174,,15.38
9.76901,Lisboa,19-05-2026 04:16:34,0.44,83.7,mRaeCoRUO8fBFZguBdwH,38.7225142655438,-9.17202635411512,17.617992,1779164194000,b8e78b83a62a0cb7,,19.76
9.778637,Coimbra,09-05-2026 16:49:58,0.12,84.6,tenpLutCKqdTy9qUVxng,40.2071924108876,-8.41924961029206,17.136219,1778345398000,487b076a69a53671,,14.96
9.802128,Lisboa,23-05-2026 16:43:17,0.39,83.8,duUDhK7VfWP7HOKIzB9V,38.7327974272821,-9.10555708842213,17.795013,1779554597000,34cbefbc28798720,,17.83
9.788019,Lisboa,11-05-2026 10:16:10,0.26,98,vy4hJpm4uTMFqOQJDzJ9,38.7410710884378,-9.14590194992264,17.378582,1778494570000,17b4966e9be4d8d8,,14.09
9.84597,Porto,10-05-2026 00:23:50,0.28,85.5,VSE2EZUfIqp2aZPgKlkb,41.1511097804674,-8.63134439356023,19.232202,1778372630000,c31244cee16e0c77,,18.8
9.815145,Lisboa,10-05-2026 04:57:45,0.22,76.6,0jSTMSEnYRinK3zsqcl3,38.7186542754283,-9.15716450766896,18.372911,1778389065000,53c682ded6545e06,,15.82
9.846335,Braga,20-05-2026 03:57:20,0.46,67.3,Z59DyN3LPlqkCE6pN7Tk,41.5357966311963,-8.40751802381362,18.195016,1779249440000,2618243a251bd83f,,19.2
9.826663,Braga,07-05-2026 19:55:02,0.26,73.7,ipRlbKgqSaeBNmoWZlHr,41.5573302347014,-8.39998692257243,15.379119,1778183702000,552b8d6c350cb13c,,15.12
9.791519,Lisboa,25-05-2026 00:18:07,0.06,67.5,eMLHj4MaZREv0u3fv1rS,38.7027681862738,-9.10735573245914,18.237269,1779668287000,ec75a53f04901eec,,20.81
9.814818,Lisboa,22-05-2026 11:37:34,0.11,73.3,BKSMNemJ9ohbaT1zYspn,38.7021492172497,-9.14698250278494,18.049104,1779449854000,574582321d04df00,,21.74
9.825539,Braga,08-05-2026 07:24:03,0.27,80.3,iFCDDnn8eA4UGS9c9zz7,41.5283524559355,-8.4078584688237,17.442589,1778225043000,3bc1bf7fb69f3ba3,,15.8
9.803695,Lisboa,22-05-2026 12:04:26,0.21,82.7,nJxdpyZcvNukNGYtiOsf,38.7347261282804,-9.17194994082407,17.962576,1779451466000,72bd2672c948d2cb,,18.06
9.812866,Porto,15-05-2026 10:37:32,0.28,74.8,di5FrbRP3BEYWxGkBDAi,41.1654769193954,-8.60822251995189,16.337428,1778841452000,b30b0b43692b035b,,15.22
9.819463,Lisboa,21-05-2026 20:38:12,0.07,73,ka1cpTzmZGQwO2YZ8z49,38.7260354350639,-9.17373959926572,18.355894,1779395892000,0f98939ac68105bb,,20.08
9.788409,Lisboa,14-05-2026 17:23:52,0.34,90,CruMFPLngH7nLSXKRFVK,38.7463766942929,-9.12345488625382,16.998559,1778779432000,5afe6ceac06784f5,,14.7
9.833822,Lisboa,04-05-2026 18:09:43,0.67,78.5,M6TGBcLVN4u0ua3sMSZQ,38.7407741500125,-9.13250614289858,17.10414,1777918183000,487b076a69a53671,,17
9.786739,Braga,22-05-2026 04:34:51,0.01,75.9,niiVoLq5ygigkTJLT74I,41.5261177931402,-8.4324924394955,19.258994,1779424491000,1d3db575c4a79d75,,16.84
9.831451,Porto,16-05-2026 23:56:48,0.43,94.3,sJ7voqbaSelRCBVS64ki,41.1665687847698,-8.59967716341191,18.546206,1778975808000,7d176c63414fcd05,,10.15
9.819216,Braga,15-05-2026 18:24:07,0.02,90.5,Ftl047OkvzTDVGSFe2GX,41.5624975202526,-8.39243249896251,19.5838,1778869447000,63d3511e9e857901,,21.44
9.821365,Braga,22-05-2026 20:34:50,0.1,90.9,PIPEdvQI2seyHdySeUmS,41.5674856673152,-8.45328479430663,15.428555,1779482090000,514af2be7dc985d8,,16
9.833943,Lisboa,15-05-2026 20:27:16,0.07,71.9,VKMI39rzbWRuGBRCNrKX,38.7263788697611,-9.14829246134968,16.859107,1778876836000,9d16533a62ab9315,,25.14
9.84363,Coimbra,12-05-2026 17:18:00,0.04,71.2,2N26CjmzZhd1IdK4jAfy,40.1867110618769,-8.39769572011531,17.203136,1778606280000,72bd2672c948d2cb,,20.46
9.820194,Coimbra,16-05-2026 15:54:58,0.1,88.1,5uUCRGA8rvFQ7H8zuuWW,40.1834500375284,-8.43865498809105,20.8556,1778946898000,3bd002cf1fcfa789,,13.89
9.775788,Lisboa,09-05-2026 08:34:00,0.47,76.1,EBraadyHCvHYZAZH2isR,38.7432772652698,-9.14953920484027,16.753326,1778315640000,487b076a69a53671,,13.99
9.791556,Porto,18-05-2026 03:09:30,0.16,70.5,ugjl5q3tqeXGLNE7sajZ,41.1502003113003,-8.63521629787462,17.445367,1779073770000,487b076a69a53671,,17.28
9.827885,Braga,26-05-2026 22:38:00,0.08,72.3,bGXo1u0E3cUeCb9pAmc4,41.5292858936711,-8.43324353494923,18.273645,1779835080000,17b4966e9be4d8d8,,10.23
9.762302,Lisboa,11-05-2026 07:11:06,0.15,83.5,PAdlcZSvUdINVIobMX3r,38.7390340933128,-9.15537285153424,19.976522,1778483466000,55b620d8c0ab41e0,,18.63
9.826395,Porto,01-05-2026 14:06:58,0.09,78,XBOe0MEMF32605K4Fi1r,41.1423799074341,-8.61705246416876,19.583652,1777644418000,34cbefbc28798720,,9.5
9.818272,Lisboa,06-05-2026 07:35:42,0.08,101.4,xyNrHatu6cDnwWXyWSFt,38.7487617888473,-9.13547669691613,19.548845,1778052942000,057c44d337463e07,,15.48
9.809359,Porto,11-05-2026 19:32:53,0.67,80.3,qRb4vL1OWJciQBakTNqr,41.1618439967627,-8.62922441331287,17.311181,1778527973000,5afe6ceac06784f5,,13.61
9.826441,Braga,03-05-2026 03:36:27,0.1,88.7,ofw6HMWivHrN13bDm2tj,41.5535363831843,-8.40422392156812,18.750544,1777779387000,153c202e3cfef4ba,,17.34
9.834039,Porto,22-05-2026 08:39:31,0.02,80.1,DEsIBDxNx98hQteG5BVr,41.143177299532,-8.62454406475203,17.588446,1779439171000,3db4e6efff8b7518,,20.74
9.801576,Braga,07-05-2026 06:27:17,0.34,89.8,MuYPH3zSGZ8rgKAkpPXo,41.5292791797496,-8.42643793165765,17.04266,1778135237000,3993ad7e2565b6b0,,20.75
9.808229,Braga,18-05-2026 12:07:22,0.27,75.5,JyTNWrkDA1Es7Hng2CmS,41.5708380238084,-8.43159654200599,17.470968,1779106042000,c51d4eb54f89fec8,,17.2
9.791021,Braga,17-05-2026 11:59:44,0.71,70.9,tANJL1b7A7jpiDUjoPEh,41.5662631361783,-8.4031714897132,20.173889,1779019184000,91d55d217a2af234,,14.54
9.807469,Coimbra,02-05-2026 07:25:40,0.21,70.9,4koER0KdcT0YWBu0r3ZT,40.2100323920633,-8.37877778031361,17.641835,1777706740000,8dc02e5c153f83a3,,12.78
9.818833,Coimbra,14-05-2026 14:53:07,0.25,65.7,DCLuTqeOYCAFuumLHe04,40.1793039322193,-8.38282678858955,15.961944,1778770387000,cb207a93391638cb,,12.3
9.813571,Porto,23-05-2026 11:09:53,0.44,60.4,ewLeuFMdJLtxGMWTOykz,41.1764216362056,-8.61124480962121,18.251202,1779534593000,55b620d8c0ab41e0,,15.83
9.849841,Braga,22-05-2026 12:28:29,0.26,98.3,nHb3j9bREzfjpLzRglh7,41.545698509749,-8.42285680162625,18.666979,1779452909000,93279918e60ec274,,21
9.79805,Porto,05-05-2026 06:46:43,0,65,4ZIgj7KPYIHPy2PYWgGX,41.1650298883322,-8.64102467009725,17.625204,1777963603000,867d47425e9cccc7,,16.26
9.818846,Braga,24-05-2026 17:05:25,0.35,72.5,6zyTW29Mc3hdDLioEXjL,41.5624359016223,-8.46065971309068,18.277929,1779642325000,72bd2672c948d2cb,,19.54
9.786467,Braga,12-05-2026 05:05:49,0.53,89.3,r5TGQ72BQtM5D6cpTucA,41.539331594561,-8.41880181438182,17.738354,1778562349000,c34c1310eab19c87,,16.97
9.797276,Coimbra,21-05-2026 02:04:19,0.56,74.3,HYU3omvwSCaZFCpVgXk1,40.1940067868228,-8.40951996975481,17.506392,1779329059000,39a54d73a921b9f6,,27.76
9.818743,Braga,03-05-2026 01:45:30,0.14,80.9,2XuCR5cwiPfHENMR4VoH,41.5238080807672,-8.43881838050108,20.488671,1777772730000,2b95dd3cf28e7c18,,14.03
9.787592,Lisboa,03-05-2026 04:05:37,0.01,72.5,xGIngetet4E8dP6SgWj7,38.7336890619949,-9.15451628878116,16.071821,1777781137000,64a94f9052422a0c,,18.09
9.843871,Braga,03-05-2026 09:20:41,0.09,81.5,zIChuOWz07XIMeVcLOC4,41.5711999778525,-8.40533962188807,17.315711,1777800041000,2f2bd7547d602b7a,,21.59
9.793483,Coimbra,07-05-2026 21:35:09,0.58,98.5,OtZXOrwBGsqAEKZsb6Wo,40.2096671556763,-8.40763259848301,18.630234,1778189709000,06961ead71f8b1d8,,17.95
9.830613,Coimbra,15-05-2026 11:23:06,0.24,90.9,beBn8iNuEnWFGQn3hwL8,40.2154839906986,-8.41544202102915,17.544058,1778844186000,f879804e4456e5d4,,12.71
9.818181,Coimbra,08-05-2026 18:36:28,0.4,86.7,6TQjQCogGz9JXVnTciK1,40.1960667728784,-8.39570559124556,17.762982,1778265388000,234da97fe615c6b7,,12.61
9.792024,Porto,15-05-2026 18:32:05,0.22,85.5,k0ooltfy2VxeJwOVqIpL,41.1487970342608,-8.63854670770377,17.711198,1778869925000,fb188f553674b4c4,,11.49
9.81374,Coimbra,23-05-2026 15:35:10,0.22,79.6,ntsYy2ETqylUhwVOKwIs,40.2193432524554,-8.44395703991666,17.844726,1779550510000,3bc1bf7fb69f3ba3,,18.72
9.830217,Lisboa,15-05-2026 13:21:09,0.37,115.3,rQEyS4dTLq0JnSFZCsbV,38.7434269992704,-9.16706308833934,18.650044,1778851269000,3993ad7e2565b6b0,,15.17
9.799224,Braga,07-05-2026 02:04:20,0.34,72.8,zsQOpmX7bZjB92Ow7VbK,41.5503405369078,-8.41070140149427,18.097933,1778119460000,1b38ab967d98cc4e,,12.1
9.828936,Coimbra,28-05-2026 01:55:09,0.13,80.6,mAyCDhMVyAAB8eaiuVz6,40.2144823407196,-8.432418406827,17.492747,1779933309000,3c58290022ed11b1,,16.53
9.815751,Braga,02-05-2026 13:21:58,0.11,68.4,Y21iiRSorNLIce5nUCBJ,41.5334057694879,-8.40403881558266,17.066137,1777728118000,bb4bb9fbcfcc16d1,,14.44
9.78428,Braga,04-05-2026 01:00:44,0.77,69.1,t2z6xB4ti3Zy0dhJypFW,41.531646900827,-8.40064489422913,20.305206,1777856444000,82a83fc853728306,,17.87
9.783569,Lisboa,03-05-2026 04:24:24,0.34,80.2,n729Y60JualVZvveUUn1,38.7391422284836,-9.15323763356788,18.056292,1777782264000,da211edc7bac01a0,,13.7
9.794353,Lisboa,13-05-2026 10:02:58,0.07,88.5,JzEjlI6IoKatEWp9oeq7,38.7373923429224,-9.1098590566784,17.854689,1778666578000,04964f8452901231,,21.52
9.819612,Lisboa,05-05-2026 01:30:29,0.14,94.5,REsL1mjwfhqSYLDHHDL0,38.7102036275958,-9.1232966233278,17.529977,1777944629000,cbf338d836298cb7,,12.8
9.80142,Lisboa,01-05-2026 09:24:38,0.39,89.6,aLuspCFPBBgGmdSHZxGd,38.7068374226874,-9.16463150792942,19.151725,1777627478000,1d3db575c4a79d75,,10.82
9.831663,Porto,24-05-2026 07:44:01,0.27,61.6,ftnLfuf8eqoBEIAkOg8Z,41.1362948631231,-8.61499137634685,17.733878,1779608641000,c31244cee16e0c77,,20.81
9.783351,Porto,27-05-2026 15:23:23,0.44,91.7,gcNQzOHuBtivWD1dAPJP,41.1571378021241,-8.62562120136182,17.554896,1779895403000,82a83fc853728306,,14.01
9.832334,Braga,17-05-2026 06:35:01,0.15,82.3,S8v6SbRu61iksVggsYjb,41.5701826570078,-8.4314252328207,17.640185,1778999701000,fb188f553674b4c4,,18.78
9.82075,Coimbra,16-05-2026 07:02:41,0.02,74.2,quVLKjbg3zB5pn2VHjii,40.1983783088309,-8.44305895674006,17.78232,1778914961000,f7c6682ad24d37f8,,21.31
9.788679,Braga,16-05-2026 12:15:47,0.57,79.5,3LilQldxyiPbg9QVNWc2,41.5334052568623,-8.46030225804664,19.522739,1778933747000,06961ead71f8b1d8,,23.4
9.810489,Porto,26-05-2026 22:22:14,0.3,83.2,noKgmoPlxlHy9hYnkpUM,41.1370490557371,-8.65006211630095,19.670745,1779834134000,64a94f9052422a0c,,10.19
9.783691,Lisboa,14-05-2026 18:04:40,0.08,93.1,intlGztXZtNCBYalqLGB,38.7134188845258,-9.11438851996955,17.19197,1778781880000,923d0315f3ae2bb3,,12.98
9.7989,Coimbra,03-05-2026 15:30:26,0.63,66,ZL8wpBWDOQEO530prQKJ,40.186739623965,-8.43335854126535,18.406464,1777822226000,b30b0b43692b035b,,17.77
9.821762,Lisboa,12-05-2026 06:21:42,0.28,89.6,z1XfvSly9zx0vK2erFW5,38.7048767174443,-9.14124507860459,19.175384,1778566902000,3bd002cf1fcfa789,,15.48
9.804043,Coimbra,12-05-2026 22:56:47,0.16,87.7,OGdN6AAtgrEYxopz2LSx,40.2281638486243,-8.41951034423948,17.958936,1778626607000,e1bd0a847e7079be,,19.6
9.825704,Braga,14-05-2026 03:29:56,0.21,62.2,WzBUuQovnJLSSS7AiWO4,41.533981342763,-8.43071856836048,17.80198,1778729396000,430f674c6dfe941a,,20.83
9.825539,Lisboa,10-05-2026 19:59:07,0.41,96.1,6TWyF7LjtgvEfkPD3PS7,38.7356886473662,-9.16324148609568,19.582111,1778443147000,04964f8452901231,,23.77
9.815828,Coimbra,27-05-2026 13:21:43,0.26,80.3,ourn8QsAJvGVBpQKbAYg,40.2276487388689,-8.39298153224708,18.807909,1779888103000,2618243a251bd83f,,16.76
9.818096,Coimbra,28-05-2026 10:51:47,0.26,79.6,LOpNMW4WIYQeAgw3oR8G,40.2157593818288,-8.43525003458438,19.368557,1779965507000,102edb38b5ec347f,,18.22
9.850974,Porto,26-05-2026 00:19:55,0.17,63.7,mSDfbpbFZnEiydESkX1X,41.1363813083937,-8.60063052476353,18.053613,1779754795000,d632e4ce536ec364,,22.55
9.782718,Braga,22-05-2026 10:59:32,0.15,74.7,luPr1jVL1Oky1SswWzn6,41.5503762808486,-8.44108532266827,16.950394,1779447572000,24d6a87b0598b02e,,24.42
9.825328,Coimbra,05-05-2026 07:01:47,0.14,75.9,ACRbAR4JonvoMhcg9ygk,40.215104697038,-8.40555180047857,16.442994,1777964507000,5e1de20fecf98844,,21.19
9.798898,Lisboa,06-05-2026 12:20:25,0.03,80.1,XTpKMrULcWWfmoorrnE6,38.7377044463434,-9.13437061642858,16.557349,1778070025000,389da1f3a7c1d8de,,13.39
9.829356,Coimbra,10-05-2026 22:58:49,0.32,84,RrIYgsc0KIZSqfUd9e3B,40.2212944790245,-8.39921437081683,18.474014,1778453929000,b8e78b83a62a0cb7,,18.57
9.77548,Coimbra,13-05-2026 04:29:20,0.01,77.3,IfgzasLPTLQQfXbd2tP5,40.2087267586176,-8.44298619968712,19.738587,1778646560000,3bc1bf7fb69f3ba3,,20.75
9.840721,Braga,26-05-2026 17:04:17,0.21,86,14A2A7hz6IcV9e4NMcps,41.5666561517521,-8.45978671314965,18.167845,1779815057000,d5eb4d757b335d0e,,18.94
9.791217,Braga,10-05-2026 17:41:00,0.06,76.2,G5V7vtJq4jdnumeBdSEK,41.5249876501341,-8.40156227469648,19.456837,1778434860000,91279a646f8ea6ac,,9.68
9.83509,Porto,01-05-2026 18:54:07,0.62,88,t5DQ3ak7HJZPfsfhi1ID,41.1623802101861,-8.64276771962448,19.013814,1777661647000,bb4bb9fbcfcc16d1,,17.37
9.816859,Lisboa,04-05-2026 15:28:40,0.23,92.4,7MnBE2GxFys3BmMepJY9,38.7124241346737,-9.11101636412383,17.39497,1777908520000,daf96d2280390dec,,16.76
9.767908,Porto,15-05-2026 15:27:56,0.57,81.4,hQyhYKskpPjhws4deTpf,41.1329254731592,-8.61926305364238,18.390967,1778858876000,7d176c63414fcd05,,21.46
9.775679,Porto,14-05-2026 17:42:50,0.02,107.1,UZe7TDLIMTNrHH66wByM,41.1310088693756,-8.61956110356001,16.918195,1778780570000,c6a2d85265d19a41,,12.37
9.802247,Lisboa,09-05-2026 22:38:42,0.04,60.7,OUfDjyziWPxzxbqy3aEb,38.7431717065544,-9.11495473498873,15.474769,1778366322000,57e17fffc619e182,,19.42
9.790414,Porto,14-05-2026 07:45:45,0.39,81.6,1oa0yGP99A3lqcYSGCXZ,41.135382145202,-8.60334995374387,17.231665,1778744745000,75778bdb64d1008e,,22.25
9.801332,Porto,20-05-2026 23:50:24,0.11,97.5,IMdRrZWgFiIjaEAkmGUh,41.1782552549505,-8.66471539663985,17.070839,1779321024000,93279918e60ec274,,20.75
9.801284,Porto,08-05-2026 19:58:19,0.14,71.6,ojJjllJjsaIrEu3jHmwM,41.1498634070571,-8.6081035890309,17.896677,1778270299000,bb4bb9fbcfcc16d1,,23.37
9.771318,Lisboa,02-05-2026 21:27:15,0.19,80.2,WJrCMZhox4YgTh7pwQb0,38.6970252628934,-9.15501720282961,18.154767,1777757235000,c51d4eb54f89fec8,,23.24
9.808513,Lisboa,22-05-2026 12:07:41,0.18,78.2,jkXPHLi70aY7BshOS7Qx,38.7057889389957,-9.10696434434969,18.087827,1779451661000,430f674c6dfe941a,,16.44
9.820323,Coimbra,23-05-2026 13:01:12,0.18,73.5,pbi7Ib2eb5tgNs63T8vp,40.206352328472,-8.44275728938677,17.472329,1779541272000,514af2be7dc985d8,,23.41
9.74558,Lisboa,07-05-2026 03:05:21,0.01,84,WGW6g7PqsEJAZDsU4OiJ,38.6994688471792,-9.15086456931256,16.07471,1778123121000,19a558ecc36977ce,,19.24
9.819515,Porto,27-05-2026 23:09:51,0.8,85.9,NobyoWwF6JPT9bRoDJLX,41.1403654358859,-8.61894695307082,19.985904,1779923391000,430f674c6dfe941a,,15.05
9.823731,Porto,22-05-2026 14:02:05,0.26,87.4,765p0UzMKau0vJu9w6FY,41.1669522661869,-8.65797943645003,18.744191,1779458525000,487b076a69a53671,,16.46
9.768572,Lisboa,02-05-2026 00:17:55,0.23,91.7,WrlK5Va1AM9BKOdStw5j,38.727287255173,-9.15272333750152,17.144079,1777681075000,ce246387dd078174,,16.39
9.815445,Coimbra,03-05-2026 08:28:21,0.16,79.4,vADpoCWrxC5cfzujCAf7,40.1770976984498,-8.44093720106434,16.635956,1777796901000,95744df47936b8c4,,15.03
9.80768,Braga,15-05-2026 12:10:29,0.03,99,5JdiwoObGrmEUzNNkON2,41.5409857494278,-8.42216092364043,18.922902,1778847029000,d57d393b16ba030e,,18.15
9.800327,Coimbra,25-05-2026 05:15:26,0.05,77.5,6luZ4ZaIsRlpVj5qlntG,40.1922710812887,-8.42434911482852,18.453973,1779686126000,39a54d73a921b9f6,,23.5
9.817194,Porto,23-05-2026 01:22:42,0.29,91.9,ithUvvp83zMguIvuDs29,41.1723068016959,-8.64531606249591,17.692563,1779499362000,13db178cd9a1e37a,,15.1
9.816289,Porto,28-05-2026 08:03:30,0.22,76.4,yakrkxCdpWnoQjNYvRMs,41.1516453204387,-8.60513765137212,17.105287,1779955410000,cb207a93391638cb,,18.17
9.823737,Lisboa,05-05-2026 00:11:50,0.64,59.3,OI6ZiHyocrb61iMBzl54,38.7050892722509,-9.15852486874942,18.180585,1777939910000,574582321d04df00,,9.9
9.813162,Porto,15-05-2026 08:16:18,0.02,80.3,kMi1ibtfADI7Xl5hwRpL,41.1548015772392,-8.65784589656372,18.824353,1778832978000,c85cdb0ef48d09c8,,20.99
9.815958,Braga,11-05-2026 04:34:11,0.03,84.5,21azoi0wWcnh1oLkGctI,41.5669917662377,-8.43498137687325,19.621449,1778474051000,102edb38b5ec347f,,12.08
9.812793,Lisboa,21-05-2026 06:59:23,0.24,80.7,QLdgKpPpnxNoFMFfMdad,38.6957098296398,-9.16344028432576,17.208939,1779346763000,6588d11c4a11acb1,,11.03
9.813136,Porto,17-05-2026 13:58:59,0.45,82.8,gyjl1vyTTRrSFeGVxwMt,41.140825567676,-8.62323541879546,16.992774,1779026339000,ae7ec9246c4649bc,,22.62
9.857348,Porto,07-05-2026 22:10:18,0.39,76.2,asYXwUZniVof9yPODD6Y,41.1701630937859,-8.62340756281805,17.840374,1778191818000,06961ead71f8b1d8,,18.06
9.821276,Porto,22-05-2026 09:54:34,0.47,74.1,s1pCaYVhNs8WwmRNS6g6,41.1462826349128,-8.63793306796079,17.176744,1779443674000,b30b0b43692b035b,,11.04
9.832134,Porto,21-05-2026 18:32:57,0.06,57.3,TBvdwlQEP5WAeibYKkJf,41.1670843296965,-8.59510085469289,21.009815,1779388377000,2a339e8954684016,,17.95
9.787585,Lisboa,04-05-2026 14:25:29,0.02,79.4,UNdjipeRhzEOJR7CbyO0,38.7210466635804,-9.17010421108918,17.968235,1777904729000,153c202e3cfef4ba,,20.65
9.789218,Coimbra,12-05-2026 22:41:51,0.07,96.9,jmRFhIwLje3iy0OHUsPG,40.2104610061096,-8.43119289863629,18.586012,1778625711000,bb4bb9fbcfcc16d1,,15.49
9.835728,Lisboa,05-05-2026 01:37:12,0.08,77.4,s2jMtmbcb8VpD1vX6pKW,38.717660589111,-9.11081038972226,16.982622,1777945032000,a2fd30e5fa49ad53,,14.01
9.823764,Braga,04-05-2026 13:13:31,0.26,75.6,jqBwMQOG2yyNniEW9ITq,41.5655798995557,-8.41185051895001,17.440581,1777900411000,057c44d337463e07,,20.8
9.797419,Porto,25-05-2026 02:58:05,0,78.8,vKe4v5n6HicggXrQ3b0y,41.1574079923835,-8.62524531142371,15.88007,1779677885000,93279918e60ec274,,12.12
9.816726,Lisboa,15-05-2026 05:10:47,0.32,72.6,BC3Y4o34xeZjFlru8wo9,38.7041380251092,-9.14428548228985,19.103533,1778821847000,f7af4712fd6b9108,,20.88
9.846395,Braga,20-05-2026 01:00:23,0.19,79.2,7WyNEAqHCGsLBkkr0ZKs,41.5448064825896,-8.40237104227733,17.451994,1779238823000,1791998ac3161359,,27.81
9.849673,Lisboa,20-05-2026 17:57:06,0.12,80.1,iua9ALiKAuyI7v2hj0Rd,38.7401449104398,-9.17240654217868,19.328971,1779299826000,e8c9832b5c388bb5,,17.41
9.796868,Coimbra,21-05-2026 06:52:40,0.02,88.7,FlM8oVuSbNCLXnqR4r3i,40.2176594597587,-8.39257519119685,17.999862,1779346360000,517fc5ca69b652a5,,14.66
9.775647,Porto,22-05-2026 05:14:32,0.27,82.4,YQx5aljYms5FDJ2S72SQ,41.1379734623565,-8.65705420002483,17.81984,1779426872000,e1bd0a847e7079be,,23.75
9.795922,Porto,24-05-2026 22:05:29,0.02,69.5,KD24ixh3HsSPdDbnoPNH,41.1463912112094,-8.64022501165171,17.733329,1779660329000,c51d4eb54f89fec8,,21.08
9.794501,Braga,07-05-2026 23:47:36,0.59,93.7,pmCPU4jSd7KSTrueT7zF,41.5234547686991,-8.42990671709249,18.345357,1778197656000,8f8c45c33ff51d0e,,23
9.78887,Coimbra,20-05-2026 04:42:09,0.31,90.8,AOoQi23YZHBmahei4Y0j,40.2176606283729,-8.4141697860884,18.962307,1779252129000,2f2bd7547d602b7a,,17.94
9.750915,Porto,26-05-2026 03:30:17,0.19,73.6,G6riy0qX93InnWnB2CRK,41.1752721444078,-8.60464167386767,16.96266,1779766217000,1d3db575c4a79d75,,18.49
9.801621,Coimbra,09-05-2026 01:51:11,0.32,71.8,SIMzFUVOfSnya2vORqM6,40.1775387862468,-8.38979728734592,17.406108,1778291471000,63d3511e9e857901,,22.49
9.749107,Braga,01-05-2026 01:03:55,0.43,90.2,g5vszhEwY5HTS5TPdI4d,41.5386068158308,-8.40306027117612,17.12892,1777597435000,f7c6682ad24d37f8,,14.11
9.840784,Porto,10-05-2026 06:27:07,0.37,70.7,OPgrGPnEtDuwGdmcNOag,41.1680036033453,-8.60517053702339,18.566122,1778394427000,c0014ea2ee2fdaea,,10.76
9.822707,Coimbra,14-05-2026 16:21:30,0.14,78.8,hF10CJqcf97Mcj4DY6Qg,40.204181260608,-8.42318483584159,18.207664,1778775690000,57e17fffc619e182,,19.9
9.824152,Coimbra,28-05-2026 02:59:46,0.12,91.8,TnESgBfgxH7yBZHBhfKK,40.2247627389269,-8.40838286824178,16.568518,1779937186000,fb188f553674b4c4,,16.11
9.868861,Coimbra,18-05-2026 07:03:31,0.71,87.2,VTHmQmkAeE3cUu3bvInx,40.2209365117285,-8.41840397205025,19.974295,1779087811000,34cbefbc28798720,,18.97
9.816028,Braga,04-05-2026 06:01:48,0.52,79.6,wBuCTjIxpx8ppLPLXWGk,41.532201491244,-8.41613738843085,18.354075,1777874508000,d57d393b16ba030e,,22.84
9.798007,Lisboa,07-05-2026 21:28:21,0.26,84.1,D5XSEvJceRvI0r7BBJFM,38.7038979890307,-9.14620898383861,17.148327,1778189301000,6588d11c4a11acb1,,16.19
9.789642,Braga,10-05-2026 19:48:20,0.39,71.8,jYGvnk50DlEWyBLJZPoq,41.5186321984119,-8.39944535550366,17.279194,1778442500000,72bd2672c948d2cb,,23.68
9.79169,Lisboa,03-05-2026 23:20:17,0.15,81.3,ui3Hx8tBg9paZID0m86a,38.699060124797,-9.1482303456907,19.120556,1777850417000,72ba4e2f87adceb5,,23.24
9.827281,Coimbra,01-05-2026 09:17:20,0.07,83.1,DW1oJ3T2k8EYEED6V8Wh,40.1830533085971,-8.39459966667354,16.705406,1777627040000,3cc68b8049eb8d4c,,25.77
9.794807,Porto,07-05-2026 19:21:17,0.32,86.6,iSUEPG6ymaXMdaC6fjed,41.178356285988,-8.62900943683466,17.559527,1778181677000,1791998ac3161359,,22.15
9.825284,Braga,10-05-2026 09:23:58,0.14,97.3,RsFn4R9dwVQE20SQCEgW,41.5570817229554,-8.44247005668136,16.67942,1778405038000,1d3db575c4a79d75,,15.98
9.849447,Coimbra,14-05-2026 23:02:44,0.18,84.6,rbbNTxjk701s8iRyRTxm,40.2045968209998,-8.4290696209738,18.601892,1778799764000,8f8c45c33ff51d0e,,19.59
9.828633,Coimbra,09-05-2026 20:23:37,0.09,84,1fLeWqpNTaDbxSsEQpAd,40.2100037286205,-8.37797543177905,17.122644,1778358217000,06bf6a628379e030,,17
9.835656,Braga,11-05-2026 03:25:36,0.39,80.8,q2D6vMD3J62nousGGTnw,41.5400715831582,-8.42213305319185,17.880552,1778469936000,3db4e6efff8b7518,,18.18
9.773285,Coimbra,06-05-2026 05:35:33,0.04,93.9,KzEKf0qyp5TG7AOy2sR1,40.2245992898342,-8.40322100165026,18.194638,1778045733000,d0825fdf3da3660c,,23.46
9.797397,Braga,11-05-2026 01:57:04,0.03,85.7,88FSi0QABxjXHjtzIvq2,41.562264921227,-8.46091997296676,17.64331,1778464624000,1b1cc9cee9f27003,,14.91
9.843312,Braga,07-05-2026 05:45:17,0.21,76.2,acZcS4VRQjbIzQdftQVy,41.5717790954162,-8.42663997464731,16.178305,1778132717000,1d3db575c4a79d75,,22.72
9.831044,Porto,28-05-2026 03:50:22,0.07,81,vrn0jF4hz9PmUd4PSUmp,41.1481599855912,-8.62270029239,18.301044,1779940222000,daf96d2280390dec,,27.16
9.774735,Lisboa,11-05-2026 12:54:19,0.27,87.8,MTW15mZaf6ddUcLdH0ML,38.7438244452781,-9.1154199956016,18.024817,1778504059000,42ac1a2bf982f79c,,17.01
9.801434,Braga,06-05-2026 12:46:14,0.34,79.9,aZ8t20I9clHP8ovS8rev,41.5219621674813,-8.43058611137009,19.170614,1778071574000,b30b0b43692b035b,,10.82
9.820795,Braga,12-05-2026 04:06:12,0.35,76.7,7qToOCABfpXAzkI6PbGY,41.5521496449262,-8.45892668364964,18.373178,1778558772000,1d6285f5502cf1f8,,11.77
9.810794,Porto,21-05-2026 19:55:31,0.14,65.8,ew23WKtXD5SqXD2a3w6T,41.1384778292298,-8.65512784231828,17.026437,1779393331000,c0014ea2ee2fdaea,,16.2
9.815879,Braga,05-05-2026 06:51:00,0.02,72.3,wRJ8nRXVpa3NBF7mMCNG,41.5223770847527,-8.40281938821674,16.322048,1777963860000,7182af742e04dc6d,,20.52
9.840055,Coimbra,25-05-2026 17:07:46,0.15,87.8,Ez35iQHIZ9nA7pBIH5QQ,40.2021625540927,-8.38436797630484,19.227236,1779728866000,c837debb39dd1e68,,16.98
9.800839,Lisboa,20-05-2026 05:58:12,0.32,84.8,XYOkD7zlLklBBBCG1SGa,38.6966270132316,-9.12347002959696,19.142464,1779256692000,04964f8452901231,,13.78
9.788999,Braga,20-05-2026 04:24:37,0.23,70.9,uklJ6PMR5TI9MaDsLLpZ,41.5425674953891,-8.43392564006711,17.402224,1779251077000,f879804e4456e5d4,,12.61
9.797886,Lisboa,16-05-2026 16:51:24,0.35,79.7,NEEDjBuM1FysbJ1m6Jx9,38.7258424347548,-9.16655847489318,16.996205,1778950284000,e9da39984fb29dc6,,26.45
9.792789,Porto,15-05-2026 02:55:59,0.11,76.8,XCg58XyvEJLmKe90iL98,41.1480227300903,-8.5986695880992,17.481432,1778813759000,7f281c8dbac1f799,,20.49
9.828963,Lisboa,05-05-2026 12:08:04,0.37,76.9,ICfPh1tHBcd3PxXcaTMl,38.7421397582938,-9.14961853766045,19.473403,1777982884000,1b38ab967d98cc4e,,17.62
9.844606,Lisboa,09-05-2026 18:49:06,0.06,57.5,8CJ14FwODdOoPbXjLmbh,38.7098675519216,-9.12517987832768,19.823212,1778352546000,c0014ea2ee2fdaea,,16.59
9.80549,Porto,01-05-2026 15:22:14,0.17,83,PGz1OcFrkKWbzQPMwjlk,41.1703786781984,-8.65420834799511,17.663418,1777648934000,8e2e127651e9cbde,,16.65
9.797452,Braga,11-05-2026 05:37:25,0.14,92.3,hOJbyk4caY8FOmb8iZqY,41.5643530508074,-8.43313253659903,18.18808,1778477845000,18d281edb3671f44,,21.23
9.804713,Braga,21-05-2026 13:23:00,0.18,72.3,qSZKCxpE8YVOsbSZuF4Y,41.5672537425395,-8.41559016253417,17.986496,1779369780000,bb4bb9fbcfcc16d1,,13.76
9.799995,Porto,15-05-2026 19:26:19,0.64,74.8,8Q9Mx5ARX6FqdUyI5FYn,41.174465035805,-8.61026269357947,15.66618,1778873179000,24d6a87b0598b02e,,17.28
9.844514,Lisboa,19-05-2026 02:12:03,0.23,81.2,qvUeryPB5JIQ0Aw73GmQ,38.7301808346999,-9.15638539604228,18.17434,1779156723000,c34c1310eab19c87,,15.33
9.765162,Lisboa,28-05-2026 06:16:11,0.23,82.1,2oQ87wPJ8BOk2A1FnBz1,38.7226605323814,-9.11946673426503,17.194827,1779948971000,42d576864f9952c7,,16
9.844897,Lisboa,02-05-2026 10:08:06,0.07,104,QZDExHEa7G5MspkX4PAX,38.7232496016381,-9.15727233874016,17.45013,1777716486000,39a54d73a921b9f6,,13.29
9.819371,Braga,15-05-2026 14:25:04,0.07,97.8,3UBMSv3IcwbWUYtuZdxU,41.5538719181944,-8.41576190855507,15.510375,1778855104000,c31244cee16e0c77,,20.68
9.829708,Porto,20-05-2026 11:04:27,0.05,64.1,kU0adDmrl6WMWmKcSDCo,41.1630775635657,-8.62680403140712,18.330934,1779275067000,9d16533a62ab9315,,17.71
9.835217,Lisboa,01-05-2026 05:40:07,0.03,86.2,vbQl9Jgtnvo4ei6DMqXR,38.6973763587754,-9.16472548876112,17.424942,1777614007000,8e7f2987241c2818,,15.88
9.788485,Braga,17-05-2026 01:11:26,0.64,75.7,fZUU5ghjpQwKbr3kzwl4,41.5629156824067,-8.40841917463492,17.692421,1778980286000,5311a0642c2564ad,,16.76
9.822198,Coimbra,22-05-2026 01:47:57,0.24,79.6,Ry5lZQwhSdHxFoHmJTRw,40.2204242297191,-8.43511766817824,19.411333,1779414477000,3993ad7e2565b6b0,,22.23
9.81941,Lisboa,13-05-2026 14:23:26,0.29,80.1,WBcZM06OfLougfEQ57tw,38.7110979917599,-9.10783797765526,18.849354,1778682206000,e8c9832b5c388bb5,,24.72
9.816842,Lisboa,23-05-2026 00:39:48,0.46,99.2,c7WAiElI2gADmpCqyg1i,38.7121838724572,-9.12654636681865,17.122679,1779496788000,eb39e98aca20e7d3,,21.42
9.815286,Porto,19-05-2026 04:23:04,0,93.1,UUW3VkWBq4glWBbGqHhG,41.1669612495193,-8.60539879555023,16.947311,1779164584000,17b4966e9be4d8d8,,17.15
9.779346,Coimbra,03-05-2026 20:59:07,0.29,68.7,KofM1BpbY2p7NMv8eBVF,40.1974817630806,-8.44465349187408,18.942133,1777841947000,17b4966e9be4d8d8,,19.45
9.775578,Porto,17-05-2026 00:23:47,0.37,76.4,N0LIj60i6RTUACoRZg8l,41.1476812817141,-8.6626314370618,19.322111,1778977427000,c51d4eb54f89fec8,,15.67
9.788285,Braga,26-05-2026 18:40:41,0.19,80.3,JH9ctGw27fQsPjdjxM0p,41.5335414271487,-8.4460419907222,19.462029,1779820841000,d4389e820d4f82fa,,15.06
9.782015,Coimbra,08-05-2026 00:38:56,0.01,58.5,lYUpgpqiExXxCyDlMNeh,40.1923801055888,-8.44238517395946,17.230085,1778200736000,867d47425e9cccc7,,12.28
9.833785,Lisboa,14-05-2026 20:19:33,0.01,86.7,qm5fH2TmPtpB4Nxo6Yf4,38.7111114369823,-9.17222640240902,19.208111,1778789973000,e8c9832b5c388bb5,,20.65
9.79307,Lisboa,11-05-2026 08:53:46,0.23,86.1,kGh1BjRNfVdUGFo0Njkg,38.7389805007628,-9.11094278756499,17.921083,1778489626000,bbbe498ee44f6349,,23.79
9.796783,Braga,16-05-2026 15:27:49,0.32,64.3,nRDBXEhXbwiKGRCFaCPs,41.5398417858319,-8.39764732378293,19.111082,1778945269000,131c7dd8f3ab4b35,,19.02
9.807422,Lisboa,04-05-2026 22:20:34,0.15,74.9,3mdqrudaZlaiXPyVZHpJ,38.741223922554,-9.1226550059669,17.108317,1777933234000,cbf338d836298cb7,,19.22
9.795375,Coimbra,11-05-2026 08:13:03,0.19,71,8tOw4dkMuGzCWzdpPXdr,40.2062673868371,-8.4432323939393,17.609968,1778487183000,c7f34dc43387f858,,17.8
9.814709,Porto,10-05-2026 23:40:33,0.24,43.1,ARSDRwtOeITUjpYBIGgc,41.1635477025463,-8.6134051293639,17.663139,1778456433000,7e8fb26408446272,,24.02
9.7884,Porto,07-05-2026 09:58:49,0.45,81.6,led3WugpprydgItkjagp,41.1788879752406,-8.60542395825533,16.925431,1778147929000,57e17fffc619e182,,19.58
9.793955,Braga,02-05-2026 12:43:50,0.24,75,JVmRUe4WRyHhUXOAoA1a,41.5379297432866,-8.44554456926988,17.302098,1777725830000,daf96d2280390dec,,28.89
9.826889,Braga,05-05-2026 04:08:35,0.15,91,8SEpVyMaDVGLTtPFBElc,41.5474234376647,-8.41374825045118,16.370632,1777954115000,d632e4ce536ec364,,19.58
9.831459,Porto,13-05-2026 11:24:08,0.29,71.5,TgXd9E6aDhBprJx3YbYP,41.1321492514617,-8.6556803836523,18.825795,1778671448000,eb39e98aca20e7d3,,25.41
9.801644,Lisboa,01-05-2026 07:28:46,0.11,69,xfWh4XLWfNqZPtxq7xAM,38.7009267548581,-9.15890897789848,19.347215,1777620526000,514af2be7dc985d8,,10.69
9.768632,Coimbra,17-05-2026 10:18:04,0.13,80.9,0hMlDBFfpCCURZhSWRGG,40.1839554577867,-8.41769356386093,17.90636,1779013084000,95744df47936b8c4,,21.78
9.798949,Coimbra,12-05-2026 16:13:24,0.61,61.3,wzgiVzW1y7XCIo8bxxFn,40.2168045253052,-8.38580442054877,17.411721,1778602404000,34cbefbc28798720,,13.76
9.832074,Coimbra,26-05-2026 11:22:53,0.02,76.2,Vs0ckUinRP7TW9sQy9et,40.1816160396829,-8.40715579397361,18.334864,1779794573000,0e52f2934d8ce165,,22.33
9.803331,Lisboa,09-05-2026 12:56:54,0.64,95.2,BnUnas8RheZDAXgRtlOQ,38.7378227956962,-9.11260085729277,19.203118,1778331414000,c837debb39dd1e68,,14.64
9.837445,Porto,12-05-2026 00:11:58,0.2,81.4,MzIVAn47AqEb1qyuyIKy,41.1511280292295,-8.64376577792142,18.700286,1778544718000,75778bdb64d1008e,,21.57
9.822838,Coimbra,27-05-2026 18:12:07,0.15,69.7,X9oabrIoFRM6PozUoS1f,40.2263565465672,-8.43034779679591,17.968765,1779905527000,d5eb4d757b335d0e,,17.83
9.824995,Lisboa,08-05-2026 00:53:55,0.1,59.9,9T8MhQPkE7dyvMorec6q,38.7264392735708,-9.16137069350285,17.635014,1778201635000,8f8c45c33ff51d0e,,14.65
9.79515,Porto,08-05-2026 01:06:59,1.08,77.9,gfICkiGkrEhHmbfIhCSL,41.1512644935452,-8.59778282867077,18.17386,1778202419000,34cbefbc28798720,,14.5
9.820656,Coimbra,24-05-2026 07:46:28,0.06,71.9,RCHNUY1UHPq1KE5sLNCN,40.2115082039011,-8.3856966008908,19.422933,1779608788000,923d0315f3ae2bb3,,21.98
9.828045,Porto,07-05-2026 13:04:43,0.16,75,FhhrI2AYvAwHVgJNIQg8,41.1479490768784,-8.59826931685116,17.754147,1778159083000,cb4c1290e91970dd,,17.22
9.818194,Porto,16-05-2026 05:07:03,0.45,74,3pgAm1gkMD9x1wC0lV3W,41.1542640985947,-8.62963677304155,18.108064,1778908023000,93279918e60ec274,,20.47
9.827837,Porto,09-05-2026 02:12:27,0.2,68.9,dhWnP0aFeBFwmYRSkhyo,41.1520660429211,-8.59481433218894,19.022395,1778292747000,eb39e98aca20e7d3,,14.95
9.804006,Braga,12-05-2026 18:02:24,0.01,95.8,EN3HvrLcW2ctSM1dpERk,41.5411659474868,-8.45387885211846,17.087232,1778608944000,f7c6682ad24d37f8,,14.49
9.816654,Lisboa,17-05-2026 03:51:58,0.07,66.7,ovSA5903pRM6LJW1hjE2,38.7357857079088,-9.14818908010866,18.219885,1778989918000,57e7d972b508815d,,23.2
9.823351,Lisboa,08-05-2026 11:34:16,0.35,72.9,6uX95vgCZre1MSVluJ44,38.7492563151566,-9.15883037330651,17.873836,1778240056000,bc74204126e384ca,,13.06
9.806559,Porto,13-05-2026 08:00:08,0.05,94.4,F3A5l57g0TlTmzZchSIz,41.1648849225239,-8.60449599150949,17.869081,1778659208000,0f98939ac68105bb,,24.55
9.781373,Braga,13-05-2026 12:50:02,0.48,67.1,0nUXJquoguynXdMpa5XZ,41.5492582133066,-8.4437354357704,18.634021,1778676602000,6588d11c4a11acb1,,18.67
9.840855,Coimbra,17-05-2026 09:25:11,0.12,82.4,9NcPLBSQtx4YLIDiOr6U,40.2085820588689,-8.40879286366542,17.96265,1779009911000,8f8c45c33ff51d0e,,18.47
9.824188,Braga,10-05-2026 07:49:25,0.19,78.6,BCbESihEQoTsaT6ltiPk,41.5300527868519,-8.41771921152178,18.613639,1778399365000,2618243a251bd83f,,19.54
9.793802,Braga,05-05-2026 13:35:06,0.09,94.2,NH4Y1UoZZdAR6plUpBut,41.5580886780634,-8.3943858182754,18.613621,1777988106000,5a7b6516c51a4d4e,,23.57
9.810438,Porto,16-05-2026 01:10:50,0.24,83.2,rksWJ32rjQQbkSrpZ1Wx,41.1359837838992,-8.62592424494799,17.325577,1778893850000,1d3db575c4a79d75,,18.22
9.812511,Porto,20-05-2026 23:15:38,0.7,70.4,S58fhQVGBQevAraNZKsg,41.16857617027,-8.64289586936938,17.105218,1779318938000,9cbee3c1d7168837,,12.81
9.836285,Lisboa,27-05-2026 04:09:26,0.31,87.1,Te5mDcut1Oit1ufRONdG,38.7220296106718,-9.16058992025678,18.753574,1779854966000,5e1de20fecf98844,,23.87
9.809395,Braga,04-05-2026 10:15:14,0.52,106,PmuyuNrlVKLlcO9lpEyT,41.5392193429179,-8.45708532091274,19.023218,1777889714000,da211edc7bac01a0,,22.67
9.827827,Coimbra,21-05-2026 13:19:39,0.09,78,lXkKwooIyfKqf1eO0IYW,40.1996702367716,-8.39870717522017,18.361972,1779369579000,234da97fe615c6b7,,21.26
9.822049,Braga,12-05-2026 04:32:47,0.31,90.4,YtirPO2jsayBRlGVmrAm,41.5512768147478,-8.46140361264131,17.904278,1778560367000,19a558ecc36977ce,,14.24
9.802278,Braga,27-05-2026 03:44:42,0.03,90.2,o8pqnExg89VHyB5NqUcG,41.5619215013599,-8.4139063329573,20.439137,1779853482000,a8c47673d6a4f85c,,18.77
9.811194,Coimbra,14-05-2026 23:30:34,0.19,81.1,spUJly8N8iJvvbCrnv01,40.2182065040825,-8.42005904357714,17.943357,1778801434000,e7eb35b501d57e1f,,22.51
9.812279,Porto,28-05-2026 03:47:51,0.28,72.1,57HZNxMr46E1O3apKBZ5,41.162091361808,-8.64004518780853,17.642077,1779940071000,3cc68b8049eb8d4c,,18.3
9.793328,Lisboa,23-05-2026 02:29:49,0.24,73.2,7rsVUNPzQyH9BBCLINLq,38.7026641892839,-9.13870069157077,18.225218,1779503389000,6f36a3307488809f,,17.36
9.798894,Coimbra,23-05-2026 05:06:53,0.52,84.3,22Pb3332BLdf2qNC6ffb,40.1771856341023,-8.39610310190146,19.958151,1779512813000,eb39e98aca20e7d3,,10.31
9.821541,Braga,22-05-2026 17:59:37,0.05,78.2,vzE1wABUuaPveIUGB8bR,41.5615147396204,-8.44376503130436,17.473258,1779472777000,cb4c1290e91970dd,,18.47
9.813028,Porto,13-05-2026 15:48:24,0.27,74.2,4URlnsSn9xN4OBKHub47,41.1516554038048,-8.61746752830301,17.634332,1778687304000,91d55d217a2af234,,18.94
9.82198,Lisboa,17-05-2026 06:26:50,0.15,88.5,AA2TKY8oFvtci0TV5q5l,38.7128070678509,-9.11096845762261,18.255825,1778999210000,19a558ecc36977ce,,21.85
9.833312,Coimbra,27-05-2026 01:43:10,0.07,79.4,k5vZCht9c2ivd3R2pIu3,40.1801934305173,-8.38686627893756,18.094436,1779846190000,d57d393b16ba030e,,13.4
9.806128,Coimbra,19-05-2026 06:31:42,0.19,87.4,1tGYeOAWWpHPsKpWVA3J,40.1994029549774,-8.43346021056718,17.72586,1779172302000,e1bd0a847e7079be,,18.87
9.793507,Porto,25-05-2026 20:41:48,0.02,87,obU1fbXf2WjCJKyMvf9Z,41.1671433613943,-8.65091362465219,17.537556,1779741708000,9cbee3c1d7168837,,16.55
9.808742,Braga,25-05-2026 10:52:14,0.2,75.5,xj635TFDwHyWEd5nyuAj,41.5184827977227,-8.44136702469037,17.613458,1779706334000,39a54d73a921b9f6,,24.37
9.839304,Porto,11-05-2026 11:13:45,0.02,71.1,tRsnOMqzGXMyVVTpogIe,41.1819491658622,-8.61135878036724,17.208647,1778498025000,487b076a69a53671,,16.69
9.850049,Braga,21-05-2026 11:17:29,0.11,76.9,ET1V5dC4o1h4Ctr3wDD4,41.5289935017613,-8.43582308752639,18.50137,1779362249000,1b1cc9cee9f27003,,14
9.792898,Coimbra,07-05-2026 14:20:26,0.27,67.9,p8zCIuScGN56J64MF0Fq,40.1856451864039,-8.41641747685855,15.212868,1778163626000,95744df47936b8c4,,20.18
9.789648,Porto,24-05-2026 02:48:40,0.24,88.6,DAJEsbq3jb93EADwftMC,41.1828643907647,-8.60873012011245,16.874196,1779590920000,95744df47936b8c4,,20.9
9.840536,Lisboa,16-05-2026 09:26:12,0.86,99,EXnPXndNLdYcPTcK2rVc,38.7060849312406,-9.1677977970176,17.798543,1778923572000,b572bc65fae8bec1,,29.3
9.802916,Coimbra,25-05-2026 13:48:47,0.1,74.1,pVsUqvpH9ZvPQBxpv9l6,40.1964204285037,-8.4204056991802,17.320855,1779716927000,8dc02e5c153f83a3,,19.6
9.783598,Braga,20-05-2026 23:34:10,0.39,77.6,cOR66QWa39cqDb2KVfed,41.5651056560025,-8.45318624921766,18.116537,1779320050000,ae7ec9246c4649bc,,18.57
9.819505,Braga,18-05-2026 13:22:46,0.5,91.7,AefMSWMGKLVz1uffJgR4,41.5624063855586,-8.42037334189462,18.904029,1779110566000,18d281edb3671f44,,16.93
9.813333,Lisboa,22-05-2026 17:45:01,0.36,90.6,7rzBetUtECB7fGPWPAGF,38.7224286508954,-9.12207425172826,17.160689,1779471901000,19a558ecc36977ce,,10.26
9.780243,Lisboa,04-05-2026 06:59:31,0.12,68.7,TkSoSoaUlKTlFB6s2bur,38.6962058706325,-9.12947823099646,16.72637,1777877971000,c9ab51cba10ae1e9,,22.45
9.808578,Coimbra,21-05-2026 12:03:04,0.08,80.9,6jeqdwen4fIyyctFtC3p,40.2130421014356,-8.40159350817893,18.661426,1779364984000,e7eb35b501d57e1f,,21.13
9.816701,Braga,13-05-2026 07:09:04,0.06,85.6,UVGvkqDt3t0iamuMqsgb,41.5481952206215,-8.40211232685768,18.418904,1778656144000,82a83fc853728306,,16.65
9.810045,Braga,25-05-2026 11:50:29,0.14,77.3,Po1wfI6VRSW3AAt733FE,41.5678815137864,-8.44627443163528,17.260933,1779709829000,0e52f2934d8ce165,,19.87
9.836212,Lisboa,10-05-2026 21:09:34,0.38,91.7,xeGRmajwGxmr58AXuI0f,38.7004576279951,-9.16766589585954,19.505415,1778447374000,d4389e820d4f82fa,,16.73
9.822015,Lisboa,26-05-2026 14:15:55,0.04,70.9,IxOkShFJMuv4NZNdZKHt,38.7066420032692,-9.13085580894224,18.175738,1779804955000,8f8c45c33ff51d0e,,12.06
9.822165,Porto,27-05-2026 21:27:26,0.05,93.5,vxZH143hyDwWNlnIn82g,41.1804004038451,-8.59530952063218,19.232333,1779917246000,42ac1a2bf982f79c,,17.24
9.826992,Braga,28-05-2026 18:21:28,0.73,57.8,J5TWcUdm9Ie0q3ymqiTM,41.535196634773,-8.40758165792151,20.05245,1779992488000,1b1cc9cee9f27003,,16.86
9.791172,Braga,15-05-2026 08:32:31,0.24,91.2,zfmpfv4Pwxm2d8euocmd,41.534340357957,-8.39113542663813,19.006995,1778833951000,c51d4eb54f89fec8,,18.04
9.78169,Lisboa,26-05-2026 20:47:05,0.08,89.8,QTg5dN4VAxNJtQXuuDAV,38.7113289473537,-9.1427759219801,16.47191,1779828425000,1b1cc9cee9f27003,,23.41
9.851988,Coimbra,16-05-2026 19:16:38,0.65,79.6,thYJVlMLgjA8N25Mrvjd,40.1891185530831,-8.38907353486099,18.593303,1778958998000,330949523d665e3b,,16.48
9.797391,Coimbra,05-05-2026 23:58:44,0.23,96.4,Ag6SVyPySNfbd5W412SU,40.1928664350881,-8.43985145038077,18.76266,1778025524000,bb80f878cef35322,,15.76
9.800794,Braga,06-05-2026 23:53:07,0.11,90.3,IjA0G7ijRfOZFw7OzkPY,41.5270419957868,-8.44453352985496,17.505999,1778111587000,389da1f3a7c1d8de,,22.53
9.841948,Coimbra,19-05-2026 12:25:53,0.2,86.4,jbHmOrFKZ7TfVaawKoiQ,40.2214255567533,-8.40545820441093,17.53134,1779193553000,b8e78b83a62a0cb7,,18.32
9.816419,Lisboa,27-05-2026 18:16:26,0.22,70.1,DdTmkjbc9PQD62rJvNFV,38.7218829369203,-9.12129991048446,18.121932,1779905786000,e8c9832b5c388bb5,,11.14
9.791421,Braga,23-05-2026 11:31:40,0.02,75,hjNwfsvl5TZcvRG47ZPb,41.5321207728115,-8.44876765184188,19.7007,1779535900000,63d3511e9e857901,,18.95
9.793185,Braga,20-05-2026 09:22:26,0.11,82.2,ZycsJblY71lqaAYw2t4E,41.5677305077796,-8.39419615256205,18.227943,1779268946000,bb80f878cef35322,,20.32
9.854197,Porto,18-05-2026 04:55:41,0.25,83.3,ZioGJFHG7GCU4ywBS6NN,41.1795313444101,-8.64134819268483,19.75711,1779080141000,ae7ec9246c4649bc,,26.31
9.809339,Braga,03-05-2026 13:07:41,0.05,75,Pi47i1Lb4fgZU3mJya7r,41.5223996970898,-8.43448331157178,18.574071,1777813661000,2a339e8954684016,,23.11
9.82141,Coimbra,22-05-2026 17:02:42,0.45,81,4fWKNanGbnvhWUUq2HLZ,40.2211582422935,-8.42606011188498,17.958574,1779469362000,1bd749deaf799034,,22.12
9.804239,Lisboa,28-05-2026 15:33:34,0.03,84.3,teLTWhqDZKUd9xotCiJp,38.7347120558291,-9.13513887499148,17.778387,1779982414000,1d3db575c4a79d75,,16.49
9.836897,Lisboa,20-05-2026 20:19:56,0.22,72.7,nOd0KvUoiQUzFaZJq3GW,38.7429660888551,-9.10764744205518,20.177891,1779308396000,102edb38b5ec347f,,21.91
9.762298,Coimbra,21-05-2026 02:11:42,0.54,74.3,ZvySQjL5kxXQ8QIQl34k,40.2202934116949,-8.40826937167477,17.351607,1779329502000,0f98939ac68105bb,,5.45
9.80726,Braga,06-05-2026 09:04:17,0.02,68.6,njpxncB5GGvBIUtR81BF,41.5571128355432,-8.3975623613058,16.202139,1778058257000,514af2be7dc985d8,,18.33
9.849708,Braga,17-05-2026 17:30:11,0.42,64.5,YTvMOk7GSNFrITD9rf9R,41.5227826685323,-8.42811792213979,18.185925,1779039011000,2b95dd3cf28e7c18,,27.02
9.805953,Porto,26-05-2026 13:29:26,0.43,78.2,R47kBCuWh1VPhYNNFBqv,41.1690107320309,-8.64408056901815,19.181883,1779802166000,95744df47936b8c4,,21.81
9.825782,Braga,16-05-2026 10:50:19,0.21,73.7,XwXPBt4hNzCHMBp7Ua6Z,41.5328839119854,-8.43326350157427,16.74266,1778928619000,f7c6682ad24d37f8,,18.34
9.788392,Porto,25-05-2026 11:34:18,0.13,68.2,ld1hzYm1cfWVuKEPOjl7,41.1614491281148,-8.65014744129583,17.429236,1779708858000,f879804e4456e5d4,,15.85
9.819329,Lisboa,27-05-2026 06:50:06,0.09,80.8,VntXQMkEyAJdKOHXqBPS,38.7031074903104,-9.13761632736994,18.092342,1779864606000,4c885efe7bde3ff4,,14.03
9.812106,Porto,25-05-2026 13:42:30,0.45,81.5,raYnm6tJae12v3oCVpxY,41.1824655759246,-8.60726294133594,19.2578,1779716550000,7182af742e04dc6d,,14.47
9.811806,Coimbra,06-05-2026 01:32:58,0.28,91.6,wuqrA4bwpLj5zcN4BF2r,40.1979132316313,-8.39284548860801,18.126139,1778031178000,430f674c6dfe941a,,16.55
9.82895,Coimbra,07-05-2026 14:29:23,0.19,86.7,OvVnz7S2YtNKegMSjTH0,40.2104815782467,-8.43590961333243,17.224056,1778164163000,1d6285f5502cf1f8,,9.71
9.813081,Lisboa,08-05-2026 10:54:53,0.34,79.2,GxVckf448wuU42YP1QnJ,38.7173734683631,-9.12276569493526,18.512136,1778237693000,153c202e3cfef4ba,,23.34
9.796053,Braga,23-05-2026 00:56:06,0.16,91.4,3uJif6kylAqn8MxzEPGr,41.564888369232,-8.41397618984302,18.733649,1779497766000,e9da39984fb29dc6,,12.16
9.814703,Lisboa,28-05-2026 05:49:13,0.08,60.2,X1b1E1vfQY5KSK8gMGeD,38.735712981254,-9.17373217049297,18.335057,1779947353000,7d176c63414fcd05,,15.92
9.788991,Coimbra,28-05-2026 19:06:42,0.03,88.5,SrtgYtMXkvnRgB6rNIlH,40.1965307852764,-8.44080681841655,17.32942,1779995202000,3811390588367f0e,,18.17
9.862733,Braga,28-05-2026 16:31:22,0.35,91.5,rCCBwyXuL5cEbxutUNqP,41.5463368603818,-8.41610355190169,18.648279,1779985882000,102edb38b5ec347f,,18.67
9.762078,Braga,21-05-2026 23:12:39,0.14,73.2,EQFgv3AZKl8jUa1LrXN2,41.5528869477003,-8.44050325151295,16.027186,1779405159000,1b38ab967d98cc4e,,13.37
9.770383,Porto,12-05-2026 16:46:29,0.25,79.6,3hwnxLDDhdQdhh8vPqDD,41.1571913511153,-8.59706792400598,19.127158,1778604389000,8e7f2987241c2818,,19.66
9.790732,Braga,13-05-2026 18:13:11,0.53,60.7,Qe05QqSIEilw8xD9Gvzq,41.5597910010238,-8.41823426150752,17.051749,1778695991000,e84878f982129128,,14.44
9.806805,Porto,24-05-2026 16:19:33,0.1,69.9,gzIv4PxDnNQujp3jIx9x,41.142955527126,-8.64557018891908,17.674531,1779639573000,64a94f9052422a0c,,18.04
9.827705,Lisboa,10-05-2026 09:20:48,0.28,88.8,kpnVVPY9OtCatbDgqzZL,38.7292157781511,-9.16577044863934,17.925544,1778404848000,93279918e60ec274,,19.12
9.80454,Coimbra,24-05-2026 22:02:13,0.08,85.9,LFUZZ0SpshJwTuKvcHTn,40.2105143276555,-8.4388628871135,19.717101,1779660133000,3db4e6efff8b7518,,11.88
9.807551,Coimbra,20-05-2026 12:51:20,0.18,70.9,hDbmM0ygbeDwNRbQ2cWg,40.2269968480039,-8.4192889476964,16.370379,1779281480000,7182af742e04dc6d,,19.39
9.797399,Coimbra,23-05-2026 07:57:09,0.43,72.7,YPrKcFIBSMl8HuuRgz5T,40.2167840654858,-8.37918238582566,17.762323,1779523029000,5afe6ceac06784f5,,22.34
9.819345,Lisboa,03-05-2026 04:58:57,0.15,74.6,dDiiIInrXf9noZw0gWmN,38.7332744831431,-9.13276988828055,16.449452,1777784337000,c6a2d85265d19a41,,21.71
9.807166,Coimbra,04-05-2026 00:52:57,0.24,88.8,SrH9bmTX25QaQd6DRUoZ,40.2001479864929,-8.38766204995926,18.025136,1777855977000,c85cdb0ef48d09c8,,10.93
9.869856,Lisboa,18-05-2026 16:58:23,0.22,97.5,0jy0bGl2vl8QAp5UEZL8,38.7371057026055,-9.14366375671835,17.336652,1779123503000,d5eb4d757b335d0e,,17.55
9.799132,Lisboa,07-05-2026 20:50:53,0.08,92.6,G3WHyB8LgfZiRi9mYZke,38.7335072788347,-9.11854131209319,17.094968,1778187053000,330949523d665e3b,,16.12
9.832424,Lisboa,08-05-2026 17:19:34,0.46,96,yf7gLFYPIKZj1vZN3tzW,38.7291376481477,-9.16239047680813,19.049456,1778260774000,cb207a93391638cb,,16.99
9.74517,Lisboa,14-05-2026 05:53:29,0,83,6xSnlxR0urs7ehHgZXSI,38.7196812644375,-9.15562722954794,17.885152,1778738009000,42ac1a2bf982f79c,,18.22
9.783475,Lisboa,22-05-2026 20:27:26,0.19,85.6,G9bRvjdnJ0PPIgSLnC18,38.6999076931961,-9.14746406052972,18.655814,1779481646000,5311a0642c2564ad,,21.79
9.822081,Coimbra,27-05-2026 01:43:03,0.02,75.9,5r3F8fqyQikb8eqQHpmp,40.2040015170336,-8.39048032070171,17.933206,1779846183000,8f8c45c33ff51d0e,,18.43
9.829964,Lisboa,05-05-2026 17:31:57,0.62,86.4,lCkIn6yamaGE4Xz6sD6E,38.7097159876677,-9.16977745290858,20.656433,1778002317000,75778bdb64d1008e,,18.32
9.733267,Porto,21-05-2026 11:25:06,0.16,92.4,QEBgIpXDyjVMxaEAPES1,41.1704449992471,-8.66420353078547,17.091783,1779362706000,ec75a53f04901eec,,16.41
9.801067,Porto,05-05-2026 13:17:44,0.47,86.1,jcsIH2HzJdQtgGy0Koco,41.1652714726854,-8.65165384548156,17.193346,1777987064000,c837debb39dd1e68,,19.37
9.822459,Braga,16-05-2026 22:44:16,0.24,86.4,zqNBDtgLNfzcuT5RWoMR,41.5393046163225,-8.44111975231236,17.084193,1778971456000,4c885efe7bde3ff4,,15.97
9.814797,Porto,28-05-2026 15:04:55,0.61,94.9,9KUTWFPaotiv0QhT9MCR,41.1517927925726,-8.59957006509717,18.204068,1779980695000,7182af742e04dc6d,,12.67
9.776955,Porto,19-05-2026 03:27:58,0.16,89.7,KgmzIjLzD9aDrlh9v7pe,41.1375626522555,-8.66000170259831,18.386389,1779161278000,d5eb4d757b335d0e,,21.68
9.800406,Braga,07-05-2026 17:25:09,0.66,75.7,3v8kzYailhBKV7WbJTGD,41.5528312883473,-8.43386134613095,18.213835,1778174709000,8f8c45c33ff51d0e,,20.94
9.810128,Lisboa,07-05-2026 20:56:04,0.61,61.5,17MomXxIoWG0tmR1NOfa,38.7381040488817,-9.13830338050594,17.841144,1778187364000,39a54d73a921b9f6,,22.22
9.825766,Coimbra,16-05-2026 20:08:01,0.3,89.1,fEtv6qyKnXSTwhb4kVft,40.1958527315786,-8.42873135083943,19.741638,1778962081000,53c682ded6545e06,,14.14
9.814256,Porto,08-05-2026 07:23:38,0.05,79.9,IpmfKvxG8OLTEKLa7ovZ,41.1798967153219,-8.61008215975192,19.202848,1778225018000,3bc1bf7fb69f3ba3,,15.18
9.783008,Coimbra,04-05-2026 22:53:28,0.12,80.2,FSbmcwAGC6d5Kteiq67S,40.1816981565182,-8.37997214792259,21.280391,1777935208000,bbbe498ee44f6349,,20.71
9.801813,Coimbra,20-05-2026 00:53:59,0.56,69.4,IZoWOOJLunpCyJqhWJDW,40.1765598597319,-8.43906038390755,17.336594,1779238439000,487b076a69a53671,,18.46
9.838547,Coimbra,22-05-2026 03:29:28,0.07,91.2,dayrotu89P1T7LZTDROQ,40.2010052728616,-8.38444607039338,17.585379,1779420568000,bbbe498ee44f6349,,19.08
9.799627,Braga,23-05-2026 22:24:29,0.06,97.2,pcoolqLYAV1UUCv6WF5q,41.5639089799058,-8.41646719554528,17.773289,1779575069000,556be8558ce56421,,9.14
9.806091,Lisboa,27-05-2026 08:27:37,0.32,88.4,5I2cLtS3CUZn1hIfwyb2,38.7015807405382,-9.17388481526192,17.375371,1779870457000,c9ab51cba10ae1e9,,21.17
9.780467,Lisboa,03-05-2026 11:57:37,0.16,90.6,MX2L58x0LT4tZEA1hggd,38.7409367963629,-9.16268071477835,17.551899,1777809457000,82a83fc853728306,,13.5
9.817561,Coimbra,20-05-2026 00:57:05,0.23,104.6,4CxsRVwAvDjGKYDjkyRK,40.2277816350006,-8.40491735527528,17.183276,1779238625000,64a94f9052422a0c,,22.54
9.803666,Braga,02-05-2026 04:48:41,0.24,93.7,nLaMGq9RyH2wVAa1ByUL,41.5343863265391,-8.43819905351679,15.100524,1777697321000,556be8558ce56421,,13.98
9.828888,Braga,20-05-2026 19:01:56,0.31,81.5,nHi7AYJEcNX3C4C4DCMx,41.5681971455195,-8.39375367436807,17.505298,1779303716000,8e2e127651e9cbde,,10.38
9.808233,Coimbra,28-05-2026 15:31:09,0.24,102.1,50AjyoFDLl4VZW7CeQYf,40.1785075064874,-8.39939374290245,20.23865,1779982269000,91d55d217a2af234,,21.53
9.83055,Porto,18-05-2026 08:37:22,0.11,99.7,iJMAllQYcAI95P6ksmko,41.1820030582987,-8.61050302164383,17.753323,1779093442000,7f281c8dbac1f799,,22.13
9.839077,Braga,03-05-2026 12:27:04,0.22,75.2,jnNL7oqrybYz0T4b1288,41.5553581977234,-8.40656351975414,18.197933,1777811224000,19a558ecc36977ce,,21.33
9.825962,Coimbra,11-05-2026 23:58:05,0.57,65.8,6azNwPimvCI4zuXiMtfi,40.2068639379586,-8.37676473536475,17.754797,1778543885000,2b95dd3cf28e7c18,,16.94
9.791947,Lisboa,03-05-2026 08:34:36,0.07,107,Yy38qqH40JvsIEX8vpgh,38.7083917515257,-9.124391081868,17.010972,1777797276000,7182af742e04dc6d,,21.46
9.825383,Porto,16-05-2026 02:21:44,0.25,78.1,jHZaupCAWtixvZbEJ38B,41.1447199404926,-8.63898986632758,17.250091,1778898104000,1bd749deaf799034,,16.03
9.769796,Coimbra,09-05-2026 18:12:42,0.54,66.8,oUL8ikhp4e6Ec55fNT5u,40.2056952508786,-8.44371332439701,19.951225,1778350362000,552b8d6c350cb13c,,18.26
9.805696,Lisboa,28-05-2026 13:03:00,0.05,91.4,ZAlK0hE6QKztthBapmWl,38.7385777099852,-9.11815049600437,18.568178,1779973380000,3b1338c1207d1e2e,,22.13
9.817764,Porto,04-05-2026 19:33:12,0.41,70.3,clHFtvRfj8bjRkUTPWaf,41.1563343971916,-8.66357100457465,18.376545,1777923192000,eb39e98aca20e7d3,,17.31
9.811748,Coimbra,14-05-2026 04:25:35,0.78,79.8,zrHFNiQ3Sed34rzAi3Du,40.1957860172686,-8.4197336187027,17.261522,1778732735000,8e2e127651e9cbde,,10.04
9.816648,Porto,20-05-2026 16:44:14,0.09,76.2,RKCqrk0do3UzdEI6XvsV,41.1730156378542,-8.6394631139077,18.490531,1779295454000,2b95dd3cf28e7c18,,23.14
9.779855,Braga,19-05-2026 01:57:03,0.13,74.4,8Fj5pSJnzITPaBdYf3qv,41.5292897960816,-8.42124271998669,18.680319,1779155823000,57e7d972b508815d,,26.77
9.829114,Coimbra,07-05-2026 12:47:58,0.27,79.4,FerVQIvGTgNODagxcUgK,40.2291024811391,-8.4347965331022,17.534824,1778158078000,389da1f3a7c1d8de,,15.63
9.823105,Coimbra,24-05-2026 11:11:13,0.4,82.6,ibNiweKich2JjJUUwipo,40.2031029779826,-8.37627653779717,17.787204,1779621073000,3db4e6efff8b7518,,21.51
9.817033,Braga,01-05-2026 04:22:12,0.11,85.7,rKP2mWELvGkL6gvI98O6,41.5707547196803,-8.43011020283844,19.553464,1777609332000,0f98939ac68105bb,,18.94
9.80228,Lisboa,04-05-2026 18:05:25,0.07,70.8,1nZMPCfsMkb5YDv17DtS,38.7446822443003,-9.11780523328556,15.431576,1777917925000,17b4966e9be4d8d8,,17.26
9.805883,Porto,09-05-2026 21:48:52,0.28,66.4,JZD0pLAkyiwMfH7IpSel,41.1846256539599,-8.59587996097463,18.895541,1778363332000,8e7f2987241c2818,,18.92
9.812036,Lisboa,23-05-2026 19:23:16,0.03,83.1,CpW7PBTYDEk4WqtmOtmO,38.7305693142812,-9.10798265350299,19.084899,1779564196000,b30b0b43692b035b,,18.49
9.780836,Lisboa,23-05-2026 10:46:53,0.11,96.3,FkM3yxEhv5zWT2to5H3R,38.7417361285799,-9.13081184876712,17.301582,1779533213000,c0014ea2ee2fdaea,,12.99
9.817918,Porto,28-05-2026 17:40:33,0.47,78.8,WZor7IPbPsisEL3A9dOb,41.1759855808844,-8.62096782188181,17.942011,1779990033000,1d6285f5502cf1f8,,14.65
9.827916,Porto,04-05-2026 04:40:50,0.05,89.3,SwEoEAis4kzySXS1iixq,41.1615517079594,-8.66428123101395,18.554273,1777869650000,2a339e8954684016,,17.85
9.762703,Porto,09-05-2026 20:22:14,0.51,100.5,t6eqF93vAKYa4aOeHri6,41.1715156884902,-8.65173956176535,17.64561,1778358134000,24d6a87b0598b02e,,17.84
9.80707,Braga,26-05-2026 14:34:05,0.32,90.1,rCZtkkKIOp1Y9WPWuNAR,41.5301410777572,-8.43876862957417,18.387837,1779806045000,42d576864f9952c7,,15.69
9.815903,Coimbra,24-05-2026 03:21:23,0.03,79.4,7fwp3MbYkkBX6kVtDUXp,40.2255260870232,-8.41162218258071,17.295978,1779592883000,153c202e3cfef4ba,,15.96
9.815745,Coimbra,10-05-2026 20:16:12,0.18,89.4,MKbKcTOdBt1DAe31Pttj,40.1938201417223,-8.44263206037356,17.126977,1778444172000,bc74204126e384ca,,20.45
9.80935,Coimbra,16-05-2026 18:31:10,0.27,88.3,qQ8dT6slPphzNFMjUTVd,40.2034748596122,-8.42801679371561,16.299911,1778956270000,1791998ac3161359,,15.87
9.794673,Coimbra,13-05-2026 23:49:21,0.19,79.2,KoNmt9oRKzLbru2nVXQL,40.2002152270652,-8.41993789874172,18.72569,1778716161000,c85cdb0ef48d09c8,,16.85
9.813009,Braga,09-05-2026 11:19:39,0.06,81.6,EJSovDmp0Z0Gg5opb7Eo,41.5611239795176,-8.4128714116464,17.84888,1778325579000,55b620d8c0ab41e0,,20.04
9.794087,Lisboa,11-05-2026 02:33:38,0.07,94,loBtg2ljsWE7qbOKIxmT,38.7136808851435,-9.13036642781004,16.552538,1778466818000,1d6285f5502cf1f8,,18.75
9.792976,Coimbra,17-05-2026 20:05:55,0.66,86.7,u6ezdip0iug0bFTfx8wu,40.1847932382035,-8.42856064333865,17.666404,1779048355000,552b8d6c350cb13c,,19.33
9.77489,Coimbra,13-05-2026 22:48:47,0.27,84.5,Sdrjj5P0RRt8vztefLNk,40.1792234812105,-8.40409520125496,17.420055,1778712527000,3cc68b8049eb8d4c,,13.59
9.824643,Lisboa,07-05-2026 09:19:13,0.01,90.1,oGZ0c8FXHeLf2p0U4w5b,38.7392026769306,-9.1146700467013,16.970216,1778145553000,574582321d04df00,,24.36
9.794992,Lisboa,16-05-2026 01:14:47,0.14,58.4,9q7WeNT3EhvSF2WuwF8h,38.7339368403881,-9.15845754802578,16.830217,1778894087000,7d176c63414fcd05,,21.95
9.802377,Coimbra,25-05-2026 23:56:17,0.42,86,PirApb1YBhVAi22eQQ3I,40.1996411020039,-8.4293463951583,17.013518,1779753377000,e8c9832b5c388bb5,,15.74
9.808487,Lisboa,12-05-2026 12:38:42,0.2,95.4,ia3XaDB8eucsjduMJQyG,38.7434559957022,-9.12434149058564,17.413983,1778589522000,1791998ac3161359,,19.91
9.798455,Lisboa,22-05-2026 14:55:11,0.47,81.5,4etmRnS9Bb67GcVWLcgc,38.731352818792,-9.14483527701948,20.482785,1779461711000,82a83fc853728306,,12.61
9.803565,Porto,21-05-2026 06:32:12,0.57,79.7,g2dUnMjF1GHGJgIMncrZ,41.180388897605,-8.61007260473519,17.048719,1779345132000,b30b0b43692b035b,,25.93
9.825144,Coimbra,12-05-2026 19:12:02,0.3,84.2,HhA9GETIUwfH0Rw7A7Mc,40.2117479642813,-8.41836907112998,18.696285,1778613122000,d5eb4d757b335d0e,,15.11
9.835333,Lisboa,19-05-2026 12:50:24,0.03,70.3,zWJIWkyElHcaE8jTFk0a,38.7291963742518,-9.12816769418461,17.31006,1779195024000,923d0315f3ae2bb3,,14.05
9.824826,Porto,15-05-2026 02:19:15,0.36,85.4,jOmDnwAsbDHoUUTXb9Io,41.1672544058773,-8.59728089466397,16.404951,1778811555000,57e17fffc619e182,,22.26
9.860109,Porto,26-05-2026 06:20:36,0.57,75.5,MLOKxgPqwsMJnAD5fqyE,41.1724069269292,-8.62166517557955,18.166948,1779776436000,556be8558ce56421,,12.51
9.803887,Lisboa,19-05-2026 09:28:17,0.25,90.5,GUACxe3JvWF5gfBtwBcw,38.7257721307004,-9.10858138054355,17.453548,1779182897000,514af2be7dc985d8,,20.37
9.810061,Lisboa,15-05-2026 17:48:05,0.07,85.8,7WfGd6OPCnL7jbUciwH1,38.7396354648087,-9.15956397761929,18.359686,1778867285000,c31244cee16e0c77,,16.27
9.814635,Lisboa,11-05-2026 09:14:39,0.39,70.7,XETEEYpbRmgyFSJEgLYk,38.7184401970523,-9.12141353440382,17.57036,1778490879000,e84878f982129128,,22.52
9.805328,Coimbra,24-05-2026 07:48:26,0.15,82,ja2gjqQdi9x90svubQdv,40.1821174630029,-8.42563044241651,16.939333,1779608906000,3811390588367f0e,,11.02
9.788894,Lisboa,02-05-2026 18:29:59,0.06,76.8,KL6J1nK2FzODpHGEityg,38.7271521201524,-9.17173720702893,18.859273,1777746599000,3db4e6efff8b7518,,16.22
9.792361,Coimbra,14-05-2026 16:40:06,0.14,65.6,HoXQdbbLfsoukNtN7obF,40.1878859607747,-8.4313555075454,19.315556,1778776806000,c31244cee16e0c77,,23.07
9.824199,Lisboa,28-05-2026 11:53:46,0.51,86.4,AurAWyjGNFSmwgHMZykj,38.7010432348326,-9.10527498962609,18.66628,1779969226000,fb188f553674b4c4,,20.58
9.803584,Lisboa,20-05-2026 14:57:03,0.21,66.4,akipcio59scxyVDC229g,38.7036809375124,-9.12005919439029,18.004425,1779289023000,6214b1b462c04096,,18.24
9.848526,Braga,26-05-2026 04:16:45,0.35,80.8,Vc0qg7H2OkX3G46aveAz,41.5378089815125,-8.41500668391,17.763449,1779769005000,91d55d217a2af234,,16.75
9.78342,Coimbra,06-05-2026 13:42:11,0.16,72.6,lnLiFHJsXrFONcLJyZmA,40.1786459794023,-8.40731173940213,17.95098,1778074931000,53c682ded6545e06,,21.77
9.801976,Coimbra,23-05-2026 09:40:27,0.28,87.1,Detxco8e113h6IcSjyRy,40.1866351969301,-8.44066718624083,18.290468,1779529227000,e84878f982129128,,8.58
9.818116,Lisboa,13-05-2026 17:03:29,0.3,80.2,rfmWeHgh822JOgta8v6f,38.6987230654677,-9.17077403716502,15.862325,1778691809000,a2fd30e5fa49ad53,,19.72
9.813479,Braga,22-05-2026 14:23:09,0.49,73.8,LQattCcGxAaKVrYdZ5yD,41.5268548896545,-8.41667440390898,18.933219,1779459789000,e1bd0a847e7079be,,16.94
9.821137,Porto,23-05-2026 06:30:26,0.64,98.6,nebmgqZZwW6yruEi8WjD,41.1468792471714,-8.60632596582868,17.761536,1779517826000,514af2be7dc985d8,,17.16
9.839097,Lisboa,14-05-2026 01:10:00,0.58,63.6,dDUrbon27CqqNOLN6HCa,38.7310151961958,-9.14121055404079,18.554953,1778721000000,4c885efe7bde3ff4,,17.62
9.806039,Braga,12-05-2026 02:31:26,0.31,75.6,VNsfl0Oz9tea1ybokBWZ,41.5317343258402,-8.4548883692148,17.047518,1778553086000,24d6a87b0598b02e,,19.38
9.802316,Coimbra,28-05-2026 00:23:39,0.78,72.4,wF78zpfR1cfbIMzPvsAY,40.1952320084285,-8.37916923812811,19.001367,1779927819000,552b8d6c350cb13c,,20.45
9.832756,Porto,02-05-2026 19:38:04,0.53,65.8,7sbdrCs8HzDMt4JyXOOL,41.1398501371144,-8.64876214956951,15.853799,1777750684000,95744df47936b8c4,,14.92
9.800819,Lisboa,23-05-2026 16:26:26,0.07,85.8,5PpzZgbd65DZDaWeCF89,38.7227733418014,-9.13813965832307,17.704004,1779553586000,9d789fd91804129f,,17.95
9.79044,Braga,16-05-2026 01:06:32,0.22,65,mZm07cCHgh74eCgKTWB1,41.5537074830544,-8.43997791794912,18.704146,1778893592000,234da97fe615c6b7,,24.34
9.7942,Porto,02-05-2026 03:31:34,0.09,86.9,7frssf8Zwv2LBCroooQQ,41.1845058529388,-8.64502018193517,19.074675,1777692694000,72ba4e2f87adceb5,,22.09
9.814224,Lisboa,17-05-2026 14:58:30,0.29,76.6,8koKgEXRb0nUoxp6a47W,38.7311339716059,-9.12335225934785,18.751129,1779029910000,cbf338d836298cb7,,15.26
9.786645,Braga,21-05-2026 18:09:26,0.34,92.7,6jrGFTUj76mYVZJ0w2Hy,41.5703225924441,-8.39987241752391,18.63594,1779386966000,5a7b6516c51a4d4e,,15.54
9.842341,Lisboa,08-05-2026 10:45:48,0.34,72.3,EQZyJDQfqSf79prKmYh5,38.7476664661969,-9.15704644045355,18.3672,1778237148000,39a54d73a921b9f6,,19.01
9.770594,Coimbra,02-05-2026 14:53:18,0.07,58,axxJPgE3o0uDMih4Thyi,40.2258402159555,-8.41804078354781,18.0875,1777733598000,ae7ec9246c4649bc,,13.5
9.786516,Lisboa,16-05-2026 21:44:55,0.49,76.4,Fa23oMTpqQiES1gUIzz9,38.7310815781192,-9.13041343738848,18.344838,1778967895000,3b1338c1207d1e2e,,18.51
9.856119,Braga,03-05-2026 15:48:01,0.24,66,bN7lydadQfY9Y0hQXVdf,41.5379542491231,-8.45347416777421,19.760105,1777823281000,923d0315f3ae2bb3,,16.7
9.832419,Braga,15-05-2026 16:58:06,0.02,95.7,y1KNdWRR846T0J2zEimR,41.5537780308345,-8.44863469801521,19.046031,1778864286000,3db4e6efff8b7518,,16.63
9.828042,Braga,13-05-2026 17:43:02,0.13,82.1,hFR48D8OpOA258xuUAeM,41.5223731008909,-8.44354958083873,18.38155,1778694182000,514af2be7dc985d8,,11.58
9.787518,Braga,26-05-2026 17:51:05,0.51,81,i4ibAnWfHUz0shEyeOOO,41.5252280204379,-8.45739352110964,19.128729,1779817865000,867d47425e9cccc7,,21.49
9.816543,Braga,21-05-2026 01:42:56,0.41,68.8,WhSOBMpBGmu6ONLeA2DB,41.5631373964954,-8.45135310846434,20.263754,1779327776000,91279a646f8ea6ac,,18.59
9.820211,Lisboa,11-05-2026 22:31:34,0.16,82,KQeTKUoQlviY5Ij44OZz,38.6961073026959,-9.15703142917998,17.860652,1778538694000,19a558ecc36977ce,,17.86
9.84184,Lisboa,13-05-2026 01:18:18,0.43,74.1,6VOBXTUIBGh34hetYooc,38.7115693674019,-9.1378993700535,18.910027,1778635098000,153c202e3cfef4ba,,24.98
9.823272,Coimbra,26-05-2026 05:32:16,0.12,82,uJFEf1vuSwMRQYSdXO6y,40.1902051997644,-8.4028761974447,19.358113,1779773536000,da211edc7bac01a0,,14.5
9.821332,Coimbra,08-05-2026 01:48:57,0.04,86.4,uGteIYalNuwQNLK8FDXo,40.1976445632315,-8.44406158581927,18.384656,1778204937000,5311a0642c2564ad,,14.8
9.80381,Coimbra,10-05-2026 11:51:00,0.08,81.9,1wF2LuWweK9P0jqUCrRf,40.2286892777056,-8.38932556347354,18.203998,1778413860000,a8c47673d6a4f85c,,17.45
9.802452,Porto,20-05-2026 00:08:46,0.27,111.6,DanTHBj9wz9PD3Bggkx8,41.1343770690553,-8.61651891243227,18.485599,1779235726000,430f674c6dfe941a,,17.07
9.800976,Lisboa,11-05-2026 02:19:51,0.09,78.7,YaIcxz9pcV8GSjK9kOqO,38.7347353116523,-9.16280739171695,16.01054,1778465991000,da211edc7bac01a0,,11.72
9.797262,Braga,09-05-2026 07:33:35,0.07,82.1,hc4ERTHHmfkOCoTBwW6s,41.5460089240679,-8.44647346208114,19.345383,1778312015000,153c202e3cfef4ba,,12.07
9.794973,Lisboa,07-05-2026 11:48:42,0.04,95.2,eNC2bJsiIEq1ReBRTkFN,38.7033646595841,-9.17372236367293,18.719816,1778154522000,72bd2672c948d2cb,,26.2
9.796124,Coimbra,20-05-2026 04:51:38,0.08,79,ekNUUuwvfRTbb9x4fcGh,40.217449766364,-8.43085049507986,15.921531,1779252698000,574582321d04df00,,16.76
9.827621,Lisboa,07-05-2026 06:10:37,0.19,85.4,B4lnSdanAaCiipucjVPH,38.7324863321381,-9.12071019579376,17.642112,1778134237000,06bf6a628379e030,,15.38
9.835385,Braga,14-05-2026 04:34:21,0.09,75,j40OrmDvZnKhBXKj29Jb,41.5185522836138,-8.39732105529238,18.08872,1778733261000,2b95dd3cf28e7c18,,23.85
9.829428,Porto,11-05-2026 17:36:57,0.36,67,B15YBNy1JEURtapn2aqx,41.1779448255897,-8.6140766255842,18.768338,1778521017000,7f281c8dbac1f799,,17.74
9.800897,Lisboa,01-05-2026 21:58:24,0.06,90.2,gBzqLDabRIssYVvJbgvU,38.7444336298017,-9.16945819613268,17.913354,1777672704000,95744df47936b8c4,,21.12
9.782454,Coimbra,21-05-2026 04:19:41,0.34,76.6,UUXmhv1kTvxkSpSkiQYJ,40.2095247942569,-8.3764880584102,19.279699,1779337181000,6588d11c4a11acb1,,17.31
9.795307,Porto,10-05-2026 08:59:07,0.36,89.6,PCOtpw6rVd9S2TtFzl8v,41.1484163595997,-8.60489688244109,16.990644,1778403547000,82a83fc853728306,,13.18
9.814505,Braga,06-05-2026 04:05:22,0.09,86.3,h6vXk0uuGRB1lDCTIJIl,41.5505739820846,-8.45920442902015,18.583799,1778040322000,1b1cc9cee9f27003,,15.16
9.767706,Coimbra,22-05-2026 14:37:41,0.02,75.8,ILbpbq69wZ5I5ZGaTWLE,40.1784803243361,-8.43982161783444,17.511866,1779460661000,c9ab51cba10ae1e9,,13.37
9.773687,Porto,16-05-2026 00:35:29,0.27,74.9,5ilM5ox9Sv9SXsQUxM4l,41.1760856003119,-8.63399390743113,19.299884,1778891729000,18d281edb3671f44,,22.75
9.793682,Porto,28-05-2026 08:33:39,0.15,68.5,CuCFMM2fgRmYCLZJobTt,41.1485031796675,-8.60805280734788,18.578782,1779957219000,93279918e60ec274,,19.6
9.769719,Lisboa,22-05-2026 11:08:39,0.01,71.3,quX3RgfyaJK52w9HKD68,38.7205577362983,-9.10666092413558,18.266937,1779448119000,e1bd0a847e7079be,,21.07
9.812885,Porto,17-05-2026 22:11:02,0.03,83.3,79klhXnmyTHMXyda6Gmr,41.1739915919589,-8.65714150836954,18.528504,1779055862000,ec75a53f04901eec,,19.25
9.811315,Coimbra,07-05-2026 07:20:59,0.02,77.3,GOK4HLNUoaR6Fry5gVhV,40.199661636165,-8.39274208431135,18.315906,1778138459000,3db4e6efff8b7518,,19.07
9.817617,Braga,24-05-2026 06:16:01,0.08,93.4,432MiDgO67vSz7d6Y22o,41.5578482341407,-8.42128744900943,17.248618,1779603361000,5afe6ceac06784f5,,21.53
9.782676,Braga,27-05-2026 06:18:51,0.1,69.2,HRw41jGxUP98J3NGzGPg,41.5465270139948,-8.42752815249016,18.399073,1779862731000,04964f8452901231,,13.02
9.802344,Lisboa,23-05-2026 16:34:26,0.15,73.9,SpdT65KaPaEpFLsNLN2Y,38.7372009005774,-9.10682782681818,18.895942,1779554066000,24d6a87b0598b02e,,20.83
9.809618,Lisboa,13-05-2026 06:21:35,0.4,74.5,Ztrh29cCzL51kVBiyOX7,38.7375190396011,-9.152268469809,19.629803,1778653295000,e1bd0a847e7079be,,20.37
9.795867,Lisboa,22-05-2026 22:31:49,0.02,87.2,wKgSzb7ZUqpvLP6Gn6NH,38.7106796875602,-9.15783145092061,17.528757,1779489109000,0f98939ac68105bb,,19.74
9.79517,Lisboa,28-05-2026 13:24:31,0.04,76.6,dDZMTYK9BxG2uCGWo7RF,38.7468594812196,-9.1298293865107,17.335719,1779974671000,42d576864f9952c7,,20.68
9.847381,Lisboa,27-05-2026 19:19:03,0.5,72.5,yEHt0ntRcF19SndCPQgZ,38.7177985403999,-9.10564649301989,16.345641,1779909543000,f7c6682ad24d37f8,,17.4
9.796737,Coimbra,10-05-2026 09:13:00,0.04,82.1,QbPOaFGInyLkjmmTTGus,40.2014473515707,-8.41822372442693,16.23352,1778404380000,1791998ac3161359,,10.74
9.835438,Coimbra,12-05-2026 13:09:55,0.25,82.8,SQTvZhsNCjqMSdmi9ipr,40.1933132846547,-8.43443645299984,18.12999,1778591395000,1791998ac3161359,,12.54
9.803339,Porto,13-05-2026 21:17:37,0.37,77.2,7YxKrZEZzhXkgJKp7QMf,41.1414063085022,-8.59507646262141,18.73988,1778707057000,2618243a251bd83f,,15.41
9.766871,Braga,01-05-2026 16:37:29,0.29,76.3,AubCVzg5jk3j6IPpPTOb,41.5441908895483,-8.40973071783083,17.669942,1777653449000,3993ad7e2565b6b0,,24.95
9.818579,Lisboa,28-05-2026 01:29:05,0.04,83.4,wpQa7qxxuZ8vLvdiAnTv,38.7161549715818,-9.15429987629953,17.790293,1779931745000,5a7b6516c51a4d4e,,16.95
9.803955,Coimbra,27-05-2026 03:54:11,0.28,85.3,ZRt7YnoPiFA2mKUMdqR0,40.1766572888602,-8.41041178003732,17.008061,1779854051000,a8c47673d6a4f85c,,13.51
9.850913,Coimbra,12-05-2026 20:30:34,0.09,85.3,KyUQ01j89B47Kbl8Rljd,40.1782097199441,-8.40891785581933,16.883398,1778617834000,389da1f3a7c1d8de,,20.49
9.807669,Coimbra,02-05-2026 03:13:14,0.29,82.1,gDXMcBP86Db6Ue9vRglc,40.1965243292915,-8.42181337098007,18.257938,1777691594000,389da1f3a7c1d8de,,16.3
9.794688,Porto,13-05-2026 06:35:35,0.46,87.3,NcDBME5k6hylUeJPmRpW,41.1420891287225,-8.60411581207197,18.819464,1778654135000,64a94f9052422a0c,,20.74
9.792407,Braga,04-05-2026 12:32:52,0.07,71.8,MkK6yYPNjha2vobEfkl6,41.550160979434,-8.41674567365089,18.144443,1777897972000,42d576864f9952c7,,17.39
9.818671,Coimbra,28-05-2026 03:32:42,0.15,97.6,4jGoPDCVrlDXdusNJuFV,40.1785746565057,-8.44171665144016,16.253491,1779939162000,06bf6a628379e030,,21.3
9.843666,Coimbra,08-05-2026 01:16:44,0.33,83.9,zmjkSQH1SVVb9fkAKJd5,40.2189214578127,-8.38267886865792,18.049774,1778203004000,6214b1b462c04096,,13.53
9.822857,Lisboa,18-05-2026 18:02:31,0.09,66.5,LuiV4rFAa2KA0S0bPB41,38.7092690447411,-9.12520185853848,16.908519,1779127351000,57e7d972b508815d,,18.51
9.802673,Lisboa,13-05-2026 11:30:28,0.01,81.8,0vlxDnCJDSqEFJ5IqaCa,38.7190578751985,-9.12581883068937,16.826014,1778671828000,d4389e820d4f82fa,,20.51
9.809025,Lisboa,23-05-2026 05:46:52,0.67,70.1,3dBfj5NGGMD96jItjzHd,38.7177950017521,-9.14078455750852,18.955455,1779515212000,8f8c45c33ff51d0e,,17.39
9.838304,Braga,20-05-2026 11:15:41,0.04,98.4,UeTPWyqhCbavm3FePH8B,41.5460830747478,-8.39122506380854,18.225701,1779275741000,2b95dd3cf28e7c18,,14.05
9.807056,Porto,20-05-2026 07:29:13,0.06,78,GaYmeS19PzytE3K1xOej,41.14897318992,-8.61270158519911,18.199816,1779262153000,ce246387dd078174,,20.24
9.814753,Coimbra,06-05-2026 23:33:03,0.28,67.9,lWWqiJRxpxRRrf1zYbfK,40.2077622029602,-8.43215372496982,17.548345,1778110383000,04964f8452901231,,16.87
9.831015,Porto,13-05-2026 16:53:32,0.11,68.4,bHCa7ShEaSGXURzF35gx,41.1836636480871,-8.62505720458269,18.894024,1778691212000,d5eb4d757b335d0e,,16.8
9.819208,Braga,06-05-2026 00:32:25,0.08,78.6,8dE0sdsooBJLxUCMyCSj,41.5205280929271,-8.42885650561204,17.670735,1778027545000,c51d4eb54f89fec8,,20.67
9.779099,Lisboa,16-05-2026 21:35:31,0.09,76.4,fc71K7adREd0gFJVxbUl,38.7175633241471,-9.12755497300562,18.402794,1778967331000,8e2e127651e9cbde,,23.97
9.80218,Porto,15-05-2026 00:46:45,0.2,94.8,EkRW7OoTRNlcfaRlN54E,41.1510000892856,-8.65430361191436,19.330826,1778806005000,91d55d217a2af234,,21.27
9.791731,Lisboa,23-05-2026 23:31:01,0.02,83.1,PDRSPQ37vOo3MBuM3VCV,38.7441412478208,-9.11918939543097,18.437316,1779579061000,7e8fb26408446272,,17.11
9.803855,Lisboa,17-05-2026 19:45:30,0.03,93.7,yQRRNWVqQPkdsfzshwXU,38.7090378526098,-9.12129848407843,18.660277,1779047130000,8dc02e5c153f83a3,,17.1
9.843333,Braga,18-05-2026 18:52:22,0.18,73.2,55mpD7XNXo3CYBYWzVKX,41.5422036537673,-8.45973643351448,19.54785,1779130342000,1b1cc9cee9f27003,,16.22
9.842021,Coimbra,19-05-2026 06:54:55,0.05,88.9,6a1HuvFXfZYDtMQcZxHt,40.1967833004188,-8.43750565254464,16.078728,1779173695000,daf96d2280390dec,,17.92
9.812033,Coimbra,14-05-2026 05:55:00,0.48,91.7,NcGdn90ZvGzksVcRwCqq,40.2041754032924,-8.44007722642007,17.607046,1778738100000,d57d393b16ba030e,,21.2
9.825308,Lisboa,28-05-2026 01:55:55,0.15,90.7,nlqxWpujCVLgg5hfS9d6,38.6967476707051,-9.13118790543816,16.03281,1779933355000,ae7ec9246c4649bc,,17.38
9.786886,Lisboa,26-05-2026 22:25:31,0.29,78,ARB5GNJQUuMo0kepw0KA,38.7385367813936,-9.11427197297649,18.382037,1779834331000,487b076a69a53671,,22.59
9.816835,Porto,23-05-2026 00:54:05,0.76,67,SmPrS72Ia4Wc4jjQ2Aqj,41.1579043253343,-8.64992511710753,18.725644,1779497645000,c51d4eb54f89fec8,,17.14
9.790461,Lisboa,07-05-2026 12:25:09,0.22,63,v2vsI0k0KH347E6YJ3gT,38.7285747869525,-9.10827326206744,17.81597,1778156709000,9d789fd91804129f,,20.66
9.813773,Braga,14-05-2026 16:27:20,0.31,96.1,RqMUIrCtyaslLp7D9gEU,41.5706928456829,-8.4009682509738,19.004832,1778776040000,102edb38b5ec347f,,18.19
9.823893,Lisboa,09-05-2026 17:59:31,0.32,75.6,qBfDlFvIdZrwZjN15lBC,38.7321384277978,-9.10561573542714,18.439118,1778349571000,a2fd30e5fa49ad53,,15.28
9.80976,Coimbra,23-05-2026 02:06:31,0.15,77.6,IHD8EvsrvGq4CWs9epra,40.209762375723,-8.41005628564639,16.779983,1779501991000,d57d393b16ba030e,,17.88
9.817906,Porto,07-05-2026 14:40:33,0.4,80.3,7LSnA46aSv9MBlSDvQeS,41.180475656958,-8.5985313998494,18.991929,1778164833000,c51d4eb54f89fec8,,17.97
9.814334,Braga,26-05-2026 01:06:17,0.12,83,bhj1r1HsYsEMpBUYQwAh,41.5319630521542,-8.3979416971734,16.108676,1779757577000,a8c47673d6a4f85c,,16.79
9.780311,Porto,20-05-2026 12:26:14,0.02,92.8,TiS6p35d98ZDbQAvNqHb,41.1838841986074,-8.63558449957261,17.60697,1779279974000,bb4bb9fbcfcc16d1,,21.59
9.818446,Lisboa,02-05-2026 16:55:17,0.02,68.7,TiCO7tppdn1C9RlZ46PT,38.7475612474191,-9.16683771065378,17.503279,1777740917000,06bf6a628379e030,,11.02
9.796194,Coimbra,08-05-2026 20:41:12,0.03,78.2,tD33wAm3eZZgiOenISaF,40.1799398887161,-8.41639061444893,16.343963,1778272872000,d0825fdf3da3660c,,22.61
9.807958,Braga,03-05-2026 07:19:31,0.12,80.4,zAeuS4twN3GvGzyowBuT,41.5485104388259,-8.4273463295908,17.139882,1777792771000,1bd749deaf799034,,19.83
9.802659,Lisboa,09-05-2026 00:31:37,0.17,71,2JRHlvie8k6QHTIyBLc6,38.699614840462,-9.10953148585211,19.464333,1778286697000,e8c9832b5c388bb5,,20.9
9.82846,Lisboa,19-05-2026 22:30:53,0.48,74.8,7TMHWtlIG4kS1IsC4cvj,38.740345797836,-9.13144745309385,19.798598,1779229853000,d57d393b16ba030e,,26.22
9.840856,Porto,09-05-2026 03:13:25,0.35,76.6,NIJ35DfYUW3knVk6bn3B,41.1439970870872,-8.61691795418598,17.125173,1778296405000,f879804e4456e5d4,,11.27
9.807852,Coimbra,07-05-2026 03:42:17,0.04,96.1,C73VEIyiB8ISQXvlEjHD,40.204539532813,-8.37635104511557,18.150175,1778125337000,19a558ecc36977ce,,23.5
9.801918,Coimbra,08-05-2026 06:13:49,0.6,100.4,G6ECJo1rCf9VaAlQIo0o,40.2293041231497,-8.39457740058808,18.270807,1778220829000,72bd2672c948d2cb,,15.69
9.823945,Lisboa,18-05-2026 21:04:50,0.35,76.5,pv5Blm9Pi2Z21CFPTXcd,38.72973725321,-9.14989263575765,19.455184,1779138290000,0e52f2934d8ce165,,22.87
9.81311,Lisboa,18-05-2026 07:17:51,0.37,67.4,LEnd8iXDoVOQ0ikJw07Z,38.7131519403761,-9.15039802756777,18.290339,1779088671000,13db178cd9a1e37a,,16
9.803178,Coimbra,08-05-2026 22:09:41,0.22,90.2,qcWUjvvvs6AHMUYSRoLY,40.2261301906544,-8.4440504243856,19.401321,1778278181000,19a558ecc36977ce,,14.04
9.803136,Coimbra,02-05-2026 21:03:45,0.13,87.6,ggAEJI29exYLAOY3sz3P,40.2244881665384,-8.3761459195815,19.465516,1777755825000,1d3db575c4a79d75,,19.68
9.846962,Coimbra,17-05-2026 15:56:17,0.32,85.4,Mat99rGQ75qVQBFVonlT,40.188873705958,-8.41800845493899,17.843447,1779033377000,42ac1a2bf982f79c,,18.06
9.828219,Braga,08-05-2026 21:56:57,0.22,96.1,IMvwID6SCbaQ2B5kpRNq,41.5520743892403,-8.45748505098299,17.965047,1778277417000,d0825fdf3da3660c,,23.51
9.76616,Lisboa,14-05-2026 13:06:49,0.2,65.8,kArcFAbOJMundfi8Tdo3,38.7267649268735,-9.13287521294471,17.980268,1778764009000,b8e78b83a62a0cb7,,20.42
9.811288,Braga,06-05-2026 16:41:50,0.24,85.7,U8GFf3WyjIopwBJNdu54,41.5494997181377,-8.46048778021881,18.621774,1778085710000,e84878f982129128,,21.98
9.834411,Porto,06-05-2026 16:16:39,0.07,100.1,0nnDr1ZmuzDbiOPCFkGX,41.132962285156,-8.61664471076478,18.178322,1778084199000,3b1338c1207d1e2e,,11.91
9.799372,Coimbra,19-05-2026 11:51:50,0.32,78.1,MBQNxDS6LQ5sw9FvKvNK,40.1801273759016,-8.42311349815451,17.508371,1779191510000,3b1338c1207d1e2e,,21.19
9.809968,Lisboa,17-05-2026 15:09:42,0.07,78.2,5PpSOyiKTOfChtGx4491,38.7480182054199,-9.17214783133792,17.488812,1779030582000,574582321d04df00,,16.28
9.775904,Lisboa,17-05-2026 17:55:26,0.14,77.5,kSuiV2Q5xjZ7d8D5QXHP,38.7437688340389,-9.13520592398109,17.399923,1779040526000,63d3511e9e857901,,19.67
9.823173,Braga,16-05-2026 05:03:42,0.3,82.3,3eNOTlft16xFsTsujdZn,41.5602414848372,-8.45721428238739,18.698735,1778907822000,6588d11c4a11acb1,,16.82
9.800743,Porto,23-05-2026 23:45:56,0.17,83.1,yWN4qDmbGUXJjt8dm0Ux,41.1735325829457,-8.61727927752019,19.368587,1779579956000,e8c9832b5c388bb5,,22.76
9.799171,Braga,09-05-2026 04:21:11,0.2,79,s4saVSlLmXBosP1YYbKq,41.527704337278,-8.39495612247916,19.067169,1778300471000,42d576864f9952c7,,21.76
9.808722,Porto,27-05-2026 18:45:02,0.3,67.5,cxT1QkwEKuLKdTbs70EM,41.1404054641587,-8.61356844924546,18.381356,1779907502000,1bd749deaf799034,,19.37
9.788026,Lisboa,12-05-2026 11:44:12,0.19,80.4,jutAafJ5Mf99YhnZtV9U,38.7000811717778,-9.11850269397365,16.826799,1778586252000,1bd749deaf799034,,22.42
9.802449,Braga,18-05-2026 19:27:27,0.16,92.6,emnMXRNBSl5DBIAflFps,41.5325472376301,-8.42633120186327,16.935824,1779132447000,102edb38b5ec347f,,16.17
9.808097,Braga,02-05-2026 06:11:55,0.06,76.1,kNf4STnGfocfsL2tJckN,41.5246626042228,-8.45417013225258,18.202062,1777702315000,daf96d2280390dec,,17.32
9.808678,Porto,04-05-2026 09:49:49,0.12,62.9,yRAtZxkmh0KgRK3LcGje,41.160927135087,-8.61871991764542,17.839475,1777888189000,34cbefbc28798720,,24.44
9.791209,Braga,28-05-2026 06:17:50,0.19,61.9,0SngC9joWB43OzFdt7T4,41.5287784200729,-8.4342522649683,18.327736,1779949070000,b30b0b43692b035b,,13.97
9.779405,Porto,11-05-2026 13:35:11,0.42,95.4,J5KfNh4GYWEscu03bhpU,41.1801093390751,-8.65885952931016,15.711948,1778506511000,5a7b6516c51a4d4e,,16.17
9.843284,Braga,13-05-2026 02:07:26,0.15,75.2,8ZqLxBb9Feq5HEXzwd0T,41.5606129792305,-8.46092137930373,17.710525,1778638046000,7e8fb26408446272,,13.52
9.775904,Coimbra,08-05-2026 10:50:09,0.55,90.5,T3PDjoe0yWVnhzb1mQF9,40.2008042224061,-8.3925444082326,18.573175,1778237409000,3bd002cf1fcfa789,,21.55
9.780975,Porto,03-05-2026 15:55:42,0.36,70.8,X4SWC2b9mW2KNy3XndBz,41.1359123662956,-8.59521669621722,18.673867,1777823742000,1791998ac3161359,,15.53
9.815728,Porto,16-05-2026 10:49:04,0.28,78.1,0aYbLF36erPdJAmplntn,41.1575302221582,-8.61172947702502,16.565954,1778928544000,c0014ea2ee2fdaea,,12.02
9.813617,Porto,26-05-2026 22:45:25,0.19,75.1,Fss4SISHJmN4PkpDvMUa,41.1740504136645,-8.63582611237442,16.23556,1779835525000,8f8c45c33ff51d0e,,18.08
9.808945,Coimbra,16-05-2026 18:40:43,0.02,86.5,I1SjRxJ8vVrwu3hnNXh5,40.1863712071175,-8.40856078180834,17.696341,1778956843000,3bc1bf7fb69f3ba3,,22.71
9.783751,Coimbra,16-05-2026 02:07:28,0.5,85.4,3kXWpBFIJ6nJTFmz4K1O,40.2185130572286,-8.37750403374107,17.445389,1778897248000,c0014ea2ee2fdaea,,13.15
9.825639,Braga,01-05-2026 19:47:57,0,79.3,qSpAqCxHtAA5ZrHBVE8T,41.5262499684273,-8.44522171366359,16.718906,1777664877000,7182af742e04dc6d,,16.8
9.794731,Lisboa,05-05-2026 06:55:10,0.3,83.8,czogDvw4kKCEzchqwGta,38.7006062840218,-9.15792636443334,19.424525,1777964110000,06bf6a628379e030,,11.3
9.79387,Porto,13-05-2026 06:50:16,0.13,96.8,fxClIhTtTnSy5eeAIyhg,41.1368890186222,-8.6092863541931,16.608991,1778655016000,153c202e3cfef4ba,,18.88
9.800492,Lisboa,10-05-2026 14:58:12,0.33,71.6,yefHMkzVVbYvvvTOryw6,38.7161823589567,-9.17175817929372,20.898866,1778425092000,04964f8452901231,,16.99
9.771489,Lisboa,12-05-2026 23:32:28,0.18,94.9,GWq728X2oFCfrZbms4ZR,38.704774279402,-9.14634348109839,17.185023,1778628748000,42ac1a2bf982f79c,,14.27
9.823469,Lisboa,17-05-2026 09:45:17,0.58,77.5,KwRAYBbaoa2ffM9APijF,38.7294217076548,-9.15212118473565,20.190709,1779011117000,53c682ded6545e06,,16.26
9.839911,Braga,19-05-2026 06:32:46,0.3,92.8,LE6rRiSgP2U9XCV3ZnyZ,41.5700489298659,-8.39268466373907,19.173101,1779172366000,153c202e3cfef4ba,,15.39
9.772666,Braga,03-05-2026 16:29:34,0.12,75.8,Lu1ROCbYLmqbXTMKfAR6,41.547294284264,-8.41509145912919,17.429929,1777825774000,63d3511e9e857901,,16.77
9.832871,Lisboa,10-05-2026 04:10:22,0.25,81.1,ZSYq25WX8bpr0HOqJrm3,38.697089875982,-9.16605116955086,18.784901,1778386222000,93279918e60ec274,,18.79
9.759568,Coimbra,21-05-2026 09:18:12,0.12,84.3,ZF7KvTQKv4ThtZlM9wqs,40.220199425322,-8.44325282708345,17.899689,1779355092000,e7eb35b501d57e1f,,21.57
9.796552,Coimbra,07-05-2026 17:00:03,0.47,83.4,fVWSE1SSw2BiEvkGa9ah,40.1993983216571,-8.42236878643157,18.673642,1778173203000,0f98939ac68105bb,,25.81
9.790103,Coimbra,04-05-2026 05:52:14,0.21,72.4,CnrtDLQYsSWuLlouRh0A,40.2285095778421,-8.39315551388258,18.130101,1777873934000,fb188f553674b4c4,,13.75
9.818425,Braga,21-05-2026 12:19:16,0.16,88.5,6UGMFTfR9R2cdfCaDJ98,41.5481433542797,-8.40317268752046,16.21001,1779365956000,c9ab51cba10ae1e9,,21.98
9.828747,Porto,14-05-2026 18:43:56,0.11,88.3,PvCz8eVVpc2r3X88KtJs,41.1376742768395,-8.61388737851765,18.158936,1778784236000,3cc68b8049eb8d4c,,22.13
9.84847,Porto,09-05-2026 10:24:37,0.32,70.5,T5O24ZpuTwXjY405ImOn,41.1686379580957,-8.6037683916271,18.082253,1778322277000,e8c9832b5c388bb5,,17.48
9.779269,Coimbra,23-05-2026 21:46:14,0.3,77.2,w3zQFKJhQnd6iA4uyrOD,40.185425009144,-8.4078342199278,17.615415,1779572774000,517fc5ca69b652a5,,13.61
9.801022,Coimbra,26-05-2026 03:06:32,0.03,75.9,i4UUe1H39D9cR4HYMre7,40.1814762187896,-8.4397981744213,16.216272,1779764792000,d5eb4d757b335d0e,,12.22
9.817238,Porto,06-05-2026 15:08:32,0.32,72,het7zqqyTPf9gL2GpdWK,41.1572326268623,-8.62358754253156,18.362508,1778080112000,2a339e8954684016,,20.43
9.838214,Coimbra,15-05-2026 15:49:29,0.17,76.9,6Fn9U0XQH6I2PWvTlpFU,40.1959149989964,-8.42419800750899,18.879917,1778860169000,e1bd0a847e7079be,,20.04
9.806253,Coimbra,25-05-2026 01:23:20,0.06,93.9,adEJJ4hOjvplv7gkfWPU,40.2287063938542,-8.40608837274786,17.899027,1779672200000,82a83fc853728306,,18.08
9.791308,Porto,09-05-2026 01:24:02,0.42,80.8,EKLdNAQzAUbjIBx6U1nJ,41.1606324779411,-8.65324015923532,18.656276,1778289842000,389da1f3a7c1d8de,,18.12
9.806765,Braga,18-05-2026 12:36:13,0.22,83.3,eAtzW0QHigXTa1amRVEa,41.5631630340975,-8.41592357561617,18.636004,1779107773000,82a83fc853728306,,16.67
9.816496,Porto,24-05-2026 15:52:59,0.3,84.8,XdHOGWUA6TTWBWZ8Lokc,41.1550389678159,-8.60681264875743,18.284727,1779637979000,c0014ea2ee2fdaea,,9.35
9.819651,Coimbra,02-05-2026 16:55:16,0.22,86.6,944GprGrMjRSSBFUtIC3,40.2195296328224,-8.38947971562882,17.644604,1777740916000,5afe6ceac06784f5,,19.24
9.838479,Coimbra,20-05-2026 21:30:18,0.01,94.1,d2EZsR3rZvzuCiBEzxRr,40.2267289873505,-8.43320760664614,17.987799,1779312618000,9cbee3c1d7168837,,22.44
9.779984,Porto,25-05-2026 09:02:29,0.4,76.8,CLrFEKwa26ZcmtvWiWjd,41.1726643778916,-8.62839487823052,19.155185,1779699749000,cb4c1290e91970dd,,19.48
9.789486,Porto,13-05-2026 12:29:14,0.37,59.4,WcUyovfBGvjPjrDzVExh,41.1848511408727,-8.63186516869382,17.759715,1778675354000,8f8c45c33ff51d0e,,18.63
9.809955,Braga,24-05-2026 09:47:21,0.38,69.3,OKLbdUZw114nzU7XAM7n,41.5369002841162,-8.42231668155426,17.18464,1779616041000,556be8558ce56421,,15.11
9.817332,Braga,11-05-2026 12:56:20,0.52,72,ijI8wSzkX8XHoDi5Y120,41.5257441426786,-8.4312276615827,19.364483,1778504180000,91279a646f8ea6ac,,21.23
9.807607,Braga,17-05-2026 08:39:18,0.07,95.1,LngcoZoTE0XUST4daISL,41.5452537925093,-8.44982543833245,17.846346,1779007158000,b572bc65fae8bec1,,18.68
9.824036,Lisboa,02-05-2026 15:38:49,0.14,86.4,VCarmmo4WmRhOOI4ZGnI,38.7029990267101,-9.15953711641974,17.431042,1777736329000,057c44d337463e07,,20.56
9.824305,Lisboa,05-05-2026 00:06:26,0.48,76.1,xPF5JO7arDoCgLHZTPOx,38.7151252473514,-9.12998256284961,18.096989,1777939586000,06bf6a628379e030,,20.49
9.846108,Porto,19-05-2026 17:18:21,0.13,68,b5POysx2TwttU1SjgxFQ,41.1566859981085,-8.63476851014743,17.586704,1779211101000,ce246387dd078174,,23.42
9.809301,Braga,22-05-2026 02:54:01,0.17,70.9,bunTjO0CmP9MBHHxNnqU,41.5434326394101,-8.41432687261244,17.574662,1779418441000,1d3db575c4a79d75,,13.1
9.792145,Braga,28-05-2026 18:37:18,0.12,97.3,oMDN6MD66RRH3nRnfSxb,41.5468133451824,-8.42245285380319,18.019905,1779993438000,7182af742e04dc6d,,17
9.815843,Braga,19-05-2026 03:53:38,0.09,82.8,L0RA9wZxXfRRUbivazBB,41.5273089479072,-8.41972769153248,18.020688,1779162818000,b572bc65fae8bec1,,21.48
9.810462,Coimbra,20-05-2026 13:50:47,0.18,70.2,DotFAEf3t1KKRIBpjJLw,40.2107464171356,-8.39139308461954,16.011443,1779285047000,fb188f553674b4c4,,26.11
9.827255,Porto,26-05-2026 14:51:30,0.08,71.7,ltj2EykjguwKWzp6RCsn,41.1789912073275,-8.66489188626264,17.270379,1779807090000,923d0315f3ae2bb3,,24.17
9.774836,Porto,11-05-2026 13:03:24,0.29,77.5,djV2fbQjVZ8D8nyQyoRV,41.1562762264788,-8.62812832064922,18.144416,1778504604000,7182af742e04dc6d,,23.74
9.775211,Braga,23-05-2026 09:20:31,0.17,72,UT0lk8Uns6GCrKnMeBQz,41.537349888656,-8.43439898661095,17.56358,1779528031000,057c44d337463e07,,20.96
9.806529,Porto,02-05-2026 14:53:47,0.19,84.2,atJHBzUUbVCn2VjAtt7W,41.1739352230027,-8.62334350056607,18.226453,1777733627000,a8c47673d6a4f85c,,21.11
9.795354,Coimbra,28-05-2026 17:17:10,0.02,87.8,SmQEGwNxO8rfEBYdY0NQ,40.2180716847072,-8.40622605779057,18.860814,1779988630000,e8c9832b5c388bb5,,17.19
9.817625,Porto,21-05-2026 03:18:58,0.03,79.6,68XTQQxO8JgaswWF0pTr,41.1632713917257,-8.62941207772408,18.106555,1779333538000,1d3db575c4a79d75,,20.15
9.785009,Coimbra,15-05-2026 13:41:48,0.56,94.3,6FYnS99oICXJ4dVXY58T,40.1998077659875,-8.40502213396495,17.660197,1778852508000,487b076a69a53671,,17.62
9.818247,Lisboa,02-05-2026 10:56:45,0.56,95.8,vyBw6fJmCIZ5tVCCfLH7,38.7023614491027,-9.10861145736084,17.870553,1777719405000,ec75a53f04901eec,,9.49
9.810632,Braga,13-05-2026 19:36:32,0.48,82.7,cM0zGuNnGczkVudjpcG3,41.5711399048119,-8.44284662361645,18.411267,1778700992000,3bd002cf1fcfa789,,22.18
9.821677,Coimbra,09-05-2026 00:42:16,0.42,75.6,7otX3owqHzMvlhl0gRwy,40.1914426026059,-8.38893248237887,18.516679,1778287336000,91279a646f8ea6ac,,12.03
9.835904,Porto,04-05-2026 01:58:48,0.36,78.4,HIcnv3tANsyBa5tLZdnE,41.1753174229385,-8.6287841396623,17.71569,1777859928000,72bd2672c948d2cb,,19.08
9.814187,Coimbra,21-05-2026 21:21:01,0.13,79.5,6LhQV4fBfllhZvcWpUK0,40.1903160664704,-8.42612300513402,18.336643,1779398461000,42d576864f9952c7,,14.3
9.785811,Coimbra,27-05-2026 18:15:06,0.22,92.4,ATGT7SeOK5OccY1thuHM,40.2140326470719,-8.37643082305731,18.071703,1779905706000,19a558ecc36977ce,,24.66
9.804645,Braga,27-05-2026 09:34:56,0.05,93.2,TTQzag0oGuuVaX3bkLvY,41.5300022790302,-8.43567712095949,16.829894,1779874496000,2a339e8954684016,,25.39
9.829814,Coimbra,06-05-2026 03:24:54,0.22,78.8,4bel2sZw2Dg9If6xJdyV,40.1867232186955,-8.40898080383254,17.646111,1778037894000,04964f8452901231,,21.32
9.783064,Coimbra,22-05-2026 00:35:50,0.36,98.5,QFeEaIaPtN8jM2nTkW18,40.2050417603242,-8.4398903489882,17.942379,1779410150000,4c885efe7bde3ff4,,16.38
9.830592,Lisboa,05-05-2026 22:09:17,0.29,99.8,Bfj9Lon0ieWmrKwk9icK,38.6962326936736,-9.11034013258413,20.292395,1778018957000,234da97fe615c6b7,,14.31
9.793612,Lisboa,11-05-2026 08:23:34,0.13,68.1,3Re77EFxHJwyjTCqIayz,38.6975327982318,-9.17029676034527,18.099216,1778487814000,0e52f2934d8ce165,,17.39
9.826185,Porto,09-05-2026 19:14:42,0.46,92.3,AYViUcPo6dyL1x8eBuFR,41.1345878137319,-8.59910986354768,17.689213,1778354082000,1bd749deaf799034,,21.28
9.800645,Porto,21-05-2026 22:52:32,0.31,72,1PeIf5hQUi3QTPXo3RN2,41.1399729721324,-8.65650676644814,16.821145,1779403952000,1d6285f5502cf1f8,,16.79
9.816573,Braga,18-05-2026 08:08:29,0.23,74.3,3VGXFLU6idBYjohYs0Qv,41.5289660047343,-8.44943612823312,17.477696,1779091709000,34cbefbc28798720,,23.63
9.817215,Lisboa,03-05-2026 09:02:04,0.17,80.7,nYBaHhzYrXg8S4JXaqqV,38.7041169563586,-9.1694011234795,17.760688,1777798924000,3993ad7e2565b6b0,,16.28
9.850169,Coimbra,04-05-2026 15:49:12,0.22,65.3,NF6gqcZXJ1prBKuqrK4w,40.2216510980706,-8.38368436031461,17.495567,1777909752000,5a7b6516c51a4d4e,,16.66
9.803658,Porto,17-05-2026 03:17:38,0.17,72,66GcA0iS8DqvzBMJoRNO,41.1751922724839,-8.66413268543343,19.364302,1778987858000,0f98939ac68105bb,,19.88
9.812068,Lisboa,13-05-2026 12:27:55,0.16,70.1,MrftjQNQbsNwD73PC6Bl,38.7261609282636,-9.17109552979683,20.128418,1778675275000,bc74204126e384ca,,16.48
9.80248,Lisboa,26-05-2026 21:45:07,0.15,74.4,DzWyMf4MZwmcgz829sFi,38.7410905067675,-9.12722329609824,15.20718,1779831907000,d0825fdf3da3660c,,19.62
9.793089,Coimbra,19-05-2026 05:17:06,0.23,63.9,HuL6ai9Y9RyiMZC9yfhW,40.1829669700466,-8.37571006997211,16.941071,1779167826000,330949523d665e3b,,16.65
9.839329,Coimbra,27-05-2026 05:18:45,0.46,65.9,BaXmtMHirZ8z4JM6OYRA,40.1971950904311,-8.39130011680723,18.568635,1779859125000,389da1f3a7c1d8de,,22.6
9.778513,Coimbra,18-05-2026 22:35:21,0.17,84.1,k1FVF0Rscke5x07F8inf,40.2114252213644,-8.43681815724708,15.889353,1779143721000,42ac1a2bf982f79c,,21.19
9.827532,Braga,10-05-2026 20:36:15,0.38,76.9,jv0Vy1caHuV1H1NtMy4e,41.5358036176502,-8.44284103241421,19.343988,1778445375000,e9da39984fb29dc6,,18.41
9.800971,Coimbra,03-05-2026 17:54:12,0.01,70.3,XjaOx6U5ovmXfmUhGrx6,40.1860066341844,-8.42005945280827,18.38073,1777830852000,e9da39984fb29dc6,,16.7
9.76605,Coimbra,12-05-2026 03:53:39,0.06,92.7,QjpjiUTThaMf4j64Lr6q,40.177199520551,-8.40233745776224,17.446426,1778558019000,d0825fdf3da3660c,,21.43
9.840493,Braga,14-05-2026 10:55:08,0.13,52,SPZer3bZ5I7YFGoqS6Z2,41.5575790360848,-8.40537197565122,16.543844,1778756108000,3bc1bf7fb69f3ba3,,20
9.812559,Braga,24-05-2026 09:14:12,0.15,86.4,WIjS3tcWjg7hB7HjofnF,41.5551693616654,-8.41674696993515,16.089319,1779614052000,d57d393b16ba030e,,16.2
9.818137,Porto,03-05-2026 01:40:22,0.35,90.2,RKyj3tkAwDHXNWZBZnRv,41.1580214056625,-8.61811610235997,19.195197,1777772422000,153c202e3cfef4ba,,15.41
9.817249,Lisboa,14-05-2026 16:50:03,0.05,74.9,83w3iAnXStGH8IjmVWF0,38.7225124788321,-9.14264591924997,18.759127,1778777403000,8f8c45c33ff51d0e,,13.09
9.796402,Braga,10-05-2026 00:19:55,0.72,81.8,Oumuhe5DHRJWlJbvcpqv,41.5353866197617,-8.44126011324281,17.653212,1778372395000,06bf6a628379e030,,26.16
9.850088,Lisboa,10-05-2026 01:30:25,0.09,79,9EkaqCzEBy6yTcIiIIFt,38.7077416550542,-9.12295043960709,17.248023,1778376625000,55b620d8c0ab41e0,,17.73
9.781866,Lisboa,22-05-2026 16:29:48,0.45,79.2,UQidOEuneR10nT6yJxMm,38.7334655505614,-9.1166118725719,17.620781,1779467388000,a2fd30e5fa49ad53,,17.04
9.775977,Porto,07-05-2026 14:45:33,0.08,83.7,igQPcE1sT58fqY9qoaO0,41.1509565496387,-8.61116459134989,17.919679,1778165133000,24d6a87b0598b02e,,17.13
9.804145,Porto,14-05-2026 11:09:04,0.01,85,swjLY3My7twTDtr7nneM,41.1317221378621,-8.63715521553976,18.129117,1778756944000,430f674c6dfe941a,,18.86
9.832469,Coimbra,18-05-2026 14:15:18,0.06,86.8,o0p4rYL7CkNB1NDbfbWc,40.1815209512342,-8.43699166951028,19.410891,1779113718000,06961ead71f8b1d8,,19.68
9.836099,Braga,15-05-2026 07:06:32,0.55,86.1,MMFxVTISw0JTAOeUHHGf,41.5611584817354,-8.44074661953122,19.690934,1778828792000,8e7f2987241c2818,,18.54
9.808961,Coimbra,07-05-2026 08:25:56,0.1,82.8,xKLjFMqnDB6oGiF5sL3c,40.2039337108973,-8.44185565035359,18.13599,1778142356000,75778bdb64d1008e,,15.63
9.835485,Braga,10-05-2026 00:57:29,0.11,78.9,3MuqJc74CasCnRhtU84V,41.5299768451861,-8.45101851097923,17.020559,1778374649000,06961ead71f8b1d8,,19.08
9.813742,Braga,16-05-2026 00:46:22,0.31,83.9,EU2FqaDbozyA3WwzaaR9,41.5614680296571,-8.42249016460466,16.522561,1778892382000,82a83fc853728306,,20.5
9.839693,Coimbra,08-05-2026 20:48:24,0.48,69.7,J2jh39lYRPIihL17n22G,40.1966917524146,-8.39495400777348,18.603604,1778273304000,bbbe498ee44f6349,,17.97
9.802049,Coimbra,24-05-2026 08:07:39,0.3,66.2,YqWCiBqTYnMnm2a6tUXx,40.2230214504534,-8.4076709110257,17.326443,1779610059000,d5eb4d757b335d0e,,14.88
9.829839,Coimbra,02-05-2026 18:44:23,0.46,61.2,zzQ9zc4rIwoglmqP6qnv,40.2070756952922,-8.3988279082078,18.271705,1777747463000,1bd749deaf799034,,19.17
9.819695,Lisboa,05-05-2026 10:41:22,0.76,77,9HQt3ZBwgj9qlhb3yVpD,38.7265270184664,-9.10471598463737,18.351802,1777977682000,75778bdb64d1008e,,17.08
9.79406,Porto,15-05-2026 21:35:56,0.18,81.2,TU8oYyqO8HgfSAUvLw7x,41.1564873431063,-8.6142160249753,19.177638,1778880956000,d5eb4d757b335d0e,,12.04
9.80508,Lisboa,04-05-2026 13:20:39,0.18,84.5,pFKWm6gnW2Am6SzvKFlF,38.7262266758215,-9.15604922620771,17.991629,1777900839000,5e1de20fecf98844,,20.17
9.793821,Coimbra,24-05-2026 02:51:39,0.3,95.6,xKnxYJBen1XtfFqMeLwo,40.2012056610167,-8.40890950147321,16.748893,1779591099000,c6a2d85265d19a41,,13.7
9.789062,Porto,15-05-2026 10:56:20,0.39,86.8,BYF2immMMaRZF2zhx3bc,41.1827364125719,-8.61817250236425,17.848038,1778842580000,e7eb35b501d57e1f,,19.82
9.808677,Porto,06-05-2026 03:48:16,0.32,82.6,tH9atslVmAqFNkWeqLMa,41.1349497543521,-8.64889953992161,18.723531,1778039296000,923d0315f3ae2bb3,,15.55
9.803508,Porto,20-05-2026 02:47:13,0.03,82.4,Z7yX060q0DTMbt1OZQMK,41.1310369057533,-8.61288186486697,17.857488,1779245233000,6588d11c4a11acb1,,15
9.804009,Porto,11-05-2026 21:10:44,0.41,80,Q7byDN8KyDQoyClcLRzh,41.1494018521129,-8.59999943636522,17.751476,1778533844000,514af2be7dc985d8,,19.55
9.784451,Porto,23-05-2026 05:41:21,0.38,91.6,BtoRldxGZyKKCk5r6xNE,41.1741520448498,-8.61033188636216,16.9193,1779514881000,f7af4712fd6b9108,,23.43
9.807128,Porto,18-05-2026 16:07:57,0.15,84.2,6RCNmkX4FDahhRvtRNg1,41.1667869535802,-8.61095974597362,18.880173,1779120477000,3b1338c1207d1e2e,,19.62
9.793717,Coimbra,09-05-2026 21:04:44,0.44,68.3,12Aa09LBGvAGJSI3PRJA,40.2128000873211,-8.43111483096096,18.421659,1778360684000,b30b0b43692b035b,,20.29
9.823019,Porto,17-05-2026 15:39:00,0.35,78.8,MEm8wGy9E31061Ls1n8S,41.1327863782243,-8.61072548424286,17.490944,1779032340000,3811390588367f0e,,22.61
9.800307,Braga,14-05-2026 04:22:09,0.32,81.4,FdkymjFz1FQB4ZW3wMzZ,41.5720144329929,-8.43294150093649,18.45689,1778732529000,330949523d665e3b,,16.17
9.830934,Lisboa,19-05-2026 19:10:27,0.15,87.7,Nq0LOqCVfww1OZVpr2C6,38.735009014519,-9.1380373526696,17.85427,1779217827000,95744df47936b8c4,,15.8
9.781611,Lisboa,07-05-2026 07:07:16,0.06,71.4,bXxpCFkMPaJUrR1VHNzu,38.7419308756625,-9.12907190091,18.16687,1778137636000,487b076a69a53671,,18.59
9.803965,Braga,02-05-2026 07:26:25,0.02,89.3,CZ0wrJ38cX9EHaxoInmU,41.5530508768839,-8.44391017795856,18.527219,1777706785000,e84878f982129128,,10.9
9.731552,Lisboa,10-05-2026 01:19:22,0.43,82.8,MhpAMytVHcS6rZXbEoDn,38.745245317279,-9.13373891969594,17.9491,1778375962000,c51d4eb54f89fec8,,16.79
9.841748,Porto,05-05-2026 05:46:59,0.05,84,aU4ynlZTq1bugcZV4jAx,41.183149902698,-8.60216995885319,18.728739,1777960019000,3bd002cf1fcfa789,,19.47
9.814079,Braga,07-05-2026 15:01:22,0.5,81.9,Fm0YKNEqhvMjYdT9WKs0,41.5301941529084,-8.40073400859289,16.749105,1778166082000,1bd749deaf799034,,15.6
9.826454,Porto,09-05-2026 16:35:45,0.05,83.4,FBcEZIhR3MuhztHqL4DE,41.1337820809,-8.65859330855771,16.920318,1778344545000,e8c9832b5c388bb5,,15.64
9.834901,Coimbra,12-05-2026 11:01:43,0.11,79.5,1bBfqqn4uC3PxrT8EHLn,40.1872179518632,-8.43177163665695,17.829713,1778583703000,39a54d73a921b9f6,,13.27
9.828676,Lisboa,17-05-2026 16:43:01,0.69,85,WXPRlAclWDbUz3HEvBWE,38.696538026644,-9.11794311863272,17.503095,1779036181000,3db4e6efff8b7518,,21.29
9.783769,Porto,27-05-2026 07:11:10,0.29,81.6,8h8kMlp4Uz7g3nKhimFD,41.1568678086643,-8.61930918836165,16.001634,1779865870000,2b95dd3cf28e7c18,,17.18
9.798736,Lisboa,26-05-2026 06:54:45,0.12,73,9RgSV9n66pFA7GCav6SG,38.7149514308601,-9.12929107865221,19.039422,1779778485000,8e7f2987241c2818,,17.47
9.81411,Porto,03-05-2026 04:16:38,0,81.1,ZWz2Pxh4b0BrcFc9DHnW,41.157321055701,-8.66021781426783,16.724767,1777781798000,e8c9832b5c388bb5,,22.43
9.815904,Lisboa,25-05-2026 20:51:41,0.24,83.9,ZaoqH1XwDnB73vQsSRa3,38.7191338396081,-9.12332873845085,17.596684,1779742301000,2f2bd7547d602b7a,,17.3
9.779318,Lisboa,24-05-2026 06:19:07,0.18,63.1,GdNamh3CJ30GpYQYyZqp,38.7426926296623,-9.13098106595303,18.481839,1779603547000,f7af4712fd6b9108,,15.39
9.789624,Porto,16-05-2026 19:22:37,0.14,71.9,NG1r8qr4cJJQK5uVLnbm,41.1540132187614,-8.61158485759314,17.575765,1778959357000,c7f34dc43387f858,,26.66
9.831092,Braga,19-05-2026 01:06:41,0.35,90.2,a2T0vjBNNXdhVxkn16Pc,41.5708727843604,-8.46014589504651,17.182271,1779152801000,ae7ec9246c4649bc,,13.11
9.787863,Braga,20-05-2026 12:36:11,0.16,93.3,mob9M05k6pw29zwqapbC,41.5511807979811,-8.41942078136101,16.696507,1779280571000,42ac1a2bf982f79c,,16.28
9.805228,Porto,03-05-2026 22:02:47,0.08,82.7,lRDn7kbhj3OMwnfJ6uab,41.1742752940217,-8.64522484235006,17.057047,1777845767000,153c202e3cfef4ba,,20.74
9.797216,Lisboa,26-05-2026 19:28:31,0.21,78.4,ScWS2y7HiZ6dtH3hYScK,38.7022132134678,-9.16848168906946,17.365395,1779823711000,bb4bb9fbcfcc16d1,,15.72
9.821833,Braga,17-05-2026 19:48:24,0.12,71.4,HsTCn6HwCW0FMC4nLZH8,41.5675425932362,-8.45854115256824,18.497575,1779047304000,8e7f2987241c2818,,26.22
9.822108,Braga,16-05-2026 21:28:07,0.16,84.7,H1gx2fIkFj3RmWG3iB7r,41.533028331068,-8.41086557968051,16.908918,1778966887000,e84878f982129128,,18.46
9.809405,Braga,05-05-2026 18:43:18,0.03,83.2,vl3xxPDRAXHYHQUfv5vL,41.5500916080331,-8.39994311157748,18.219105,1778006598000,57e7d972b508815d,,16.75
9.811172,Porto,07-05-2026 00:23:34,0.1,67.7,BUU21Nv2tqVGDygRZva0,41.1440586176838,-8.59776713036947,19.302006,1778113414000,5afe6ceac06784f5,,19.28
9.809582,Lisboa,06-05-2026 14:08:04,0.41,99,T2uVbGKiPqsATscp6vbC,38.7229749334673,-9.15440774489789,17.110126,1778076484000,330949523d665e3b,,24.85
9.810919,Coimbra,18-05-2026 02:27:19,0.36,77.6,SZX7nx3vGGe2dGWTiQjC,40.2084656295028,-8.42011980930441,18.618615,1779071239000,234da97fe615c6b7,,20.18
9.78811,Coimbra,22-05-2026 22:38:54,0.1,78.6,F7FrxK3lxs4ThinGCj2s,40.2182020802522,-8.42443882995757,18.144087,1779489534000,e8c9832b5c388bb5,,13.52
9.835039,Braga,02-05-2026 20:53:57,0.11,89.2,FdTs3v5xMsJ1tKSVAD5q,41.5444564839956,-8.42866906557733,17.72862,1777755237000,bb80f878cef35322,,17.45
9.794434,Porto,28-05-2026 08:41:16,0.08,75.6,YAQ2FhjvxLov5b7kXCBC,41.1544643485032,-8.65545300189805,19.487302,1779957676000,e9da39984fb29dc6,,21.79
9.828693,Lisboa,19-05-2026 05:36:37,0.34,83.7,hYj6XjFjREzxmZe8s0x8,38.7289995313082,-9.11914240381619,18.127202,1779168997000,8e7f2987241c2818,,21.88
9.784835,Porto,06-05-2026 00:15:31,0.7,86.4,67O0ddvs9xvJpYswwN9v,41.1683452720868,-8.65047640809683,19.546652,1778026531000,c837debb39dd1e68,,23.66
9.814367,Lisboa,06-05-2026 23:20:08,0.22,89.7,J9QnnxY7QES3WAAGdJ0Y,38.7451761556587,-9.11843743424422,18.830231,1778109608000,17b4966e9be4d8d8,,20.62
9.799582,Lisboa,05-05-2026 06:31:18,0.07,71.7,xxYWJmMffgx1nlckzsdc,38.7301964163551,-9.17221526398127,18.557842,1777962678000,7182af742e04dc6d,,20.19
9.795889,Braga,11-05-2026 12:58:43,0.2,71.5,KBpFLcl6aQQ4pIJOCHk8,41.5554425207204,-8.40964783974123,17.273542,1778504323000,63d3511e9e857901,,18.24
9.812475,Porto,26-05-2026 15:24:47,0.26,83.1,s88CHgWWAXCBzpV4r41Z,41.1611182780705,-8.62085629884549,16.809512,1779809087000,8e7f2987241c2818,,10.36
9.798651,Braga,15-05-2026 12:20:03,0.61,98,SflslVXzBsErjU0Atr2b,41.558314017705,-8.42334861406506,20.239828,1778847603000,55b620d8c0ab41e0,,17.23
9.774358,Lisboa,09-05-2026 01:55:57,0.18,56.6,FM0BApCMYPuHfRSJEC02,38.7203073995409,-9.13522984049633,17.756284,1778291757000,556be8558ce56421,,23.2
9.827356,Lisboa,16-05-2026 02:27:28,0.27,82.3,HCQft78qy0NnYKNTvpfZ,38.7100218002897,-9.13469875271182,17.136576,1778898448000,95744df47936b8c4,,19.02
9.823941,Lisboa,16-05-2026 02:17:08,0.31,83.9,jmNra8jOyYYLWa2J8KZy,38.7131351754513,-9.14364925790901,18.784609,1778897828000,d632e4ce536ec364,,19.7
9.788587,Lisboa,19-05-2026 22:56:01,0.21,72.2,QZHe95hQIl1iKYYjpQXP,38.736646324765,-9.13312955628581,17.764079,1779231361000,2a339e8954684016,,24.36
9.820023,Braga,07-05-2026 16:02:55,0,75.1,5doDnoFTJXrdyRTenGAF,41.5327796299163,-8.42215759264664,17.883406,1778169775000,f7af4712fd6b9108,,15.09
9.791748,Lisboa,16-05-2026 20:43:42,0.25,87,Gpd7qYvuLyRZ64uRXCQz,38.7334695924614,-9.1054294077906,18.645529,1778964222000,c837debb39dd1e68,,24.06
9.799165,Lisboa,19-05-2026 16:59:31,0.27,96.7,Rad4wve2Vi6zOVEPBqOq,38.7398864515876,-9.14204262993878,17.056479,1779209971000,d5eb4d757b335d0e,,10.96
9.801084,Lisboa,11-05-2026 21:12:06,0.16,75,DcxAgq9Bwm4qZqlcdsjf,38.7069011033168,-9.14523643026665,18.204975,1778533926000,72ba4e2f87adceb5,,13.23
9.802145,Coimbra,05-05-2026 20:13:10,0.53,76.3,xidpufOKfKHwQ8QbZvAx,40.2002261448602,-8.41341707716384,17.351198,1778011990000,39a54d73a921b9f6,,14.92
9.838673,Porto,27-05-2026 13:41:09,0.2,81.9,dIfOqm6l1lTKG37E5BAT,41.1436133370829,-8.64225405669767,16.540038,1779889269000,1791998ac3161359,,22.78
9.79643,Coimbra,07-05-2026 03:51:37,0.18,76.9,fHrwD51PX16sL1XAxNMb,40.1786337345675,-8.4199417429924,18.086848,1778125897000,a8c47673d6a4f85c,,22.79
9.794579,Lisboa,09-05-2026 17:56:13,0.23,90,NNBg9hZsnu5G0mct83aO,38.7410512323254,-9.14116314110951,17.176952,1778349373000,9cbee3c1d7168837,,21.27
9.828439,Coimbra,18-05-2026 18:44:51,0.39,88.5,ocBeaMWj54igzJLDsvZ7,40.202173281481,-8.382241516487,17.752488,1779129891000,7f281c8dbac1f799,,21.29
9.810831,Braga,22-05-2026 16:48:21,0.14,69.3,91jcspfNiCspZflABAwz,41.5628477459686,-8.45462224243517,17.236024,1779468501000,e84878f982129128,,25.18
9.840897,Porto,05-05-2026 04:43:08,0.41,86,A9wvGbAWjqDuvvjAD8i5,41.1403788082415,-8.65052747095919,18.315688,1777956188000,1bd749deaf799034,,21.06
9.839554,Porto,23-05-2026 23:09:56,0.08,82.5,djDUuhaa49w5V216R7BJ,41.1673204263348,-8.63590058299853,16.214932,1779577796000,c7f34dc43387f858,,17.67
9.826468,Coimbra,16-05-2026 11:54:10,0.15,89.5,9eXelfSHf2yD3SMmZlpx,40.1785501169081,-8.40471111751953,17.435169,1778932450000,9d16533a62ab9315,,10.09
9.800096,Braga,12-05-2026 05:32:17,0.09,77,O3xrHsULSu9f33AvE0d5,41.5494148829837,-8.44600703383003,18.508652,1778563937000,bb80f878cef35322,,25.94
9.812471,Coimbra,06-05-2026 06:08:49,0.08,77.8,HocjrlzRqAVHYvO7RvVh,40.2077108150455,-8.43233491505096,18.016856,1778047729000,13db178cd9a1e37a,,14.69
9.812404,Porto,04-05-2026 08:11:08,0.06,84.5,XP5euTtIGcXugdMomszX,41.1386049434273,-8.66248546899368,18.329946,1777882268000,bbbe498ee44f6349,,19.73
9.774562,Lisboa,21-05-2026 05:25:46,0.2,86.4,WpauETXxStmDS3daK0I5,38.7343638815505,-9.15838441326367,16.878723,1779341146000,2f2bd7547d602b7a,,13.58
9.818671,Lisboa,13-05-2026 19:03:15,0.5,77.8,C7CcOPjgYDa19VrCdh0l,38.7017539506455,-9.12053817174403,18.796709,1778698995000,06961ead71f8b1d8,,12.24
9.812796,Lisboa,09-05-2026 05:37:05,0.27,82.4,5R1Zo3n66O0KVEfCP12I,38.7333032495308,-9.11342605891775,19.864481,1778305025000,867d47425e9cccc7,,12.54
9.808951,Lisboa,19-05-2026 09:05:26,0.13,77.2,CxcwMgF8Vp9SXKpbWSed,38.7158568345918,-9.16640147970436,18.15462,1779181526000,a8c47673d6a4f85c,,16.59
9.803792,Lisboa,18-05-2026 00:13:43,0.32,73.4,TZOs73w0jVvKm71xDbQF,38.7343248779219,-9.17091980973891,18.48271,1779063223000,13db178cd9a1e37a,,13.84
9.846973,Coimbra,13-05-2026 16:02:24,0.08,66.9,l3aEI4PuBjP8UlChLQ0k,40.2230102533234,-8.44517733940119,19.493828,1778688144000,24d6a87b0598b02e,,20.4
9.813513,Coimbra,19-05-2026 14:15:23,0.41,70.3,V09ehJBG33bVhbM48YoB,40.1777077192404,-8.43655412185178,18.993563,1779200123000,19a558ecc36977ce,,24.02
9.801223,Porto,14-05-2026 12:17:14,0.74,68.6,Ka0JePDdd3miFSzQkHbw,41.1626322963642,-8.66008404803672,17.560458,1778761034000,53c682ded6545e06,,17.55
9.841982,Coimbra,25-05-2026 01:36:24,0.09,86.7,dfrQLDiSyGi49ggKvBPP,40.2014067107793,-8.41094003913619,17.531862,1779672984000,19a558ecc36977ce,,15.67
9.838113,Coimbra,24-05-2026 19:53:23,0.63,82,mOu9MxySZKRhL0kjcw30,40.1928190584116,-8.44365970504184,17.794573,1779652403000,57e17fffc619e182,,14.57
9.799075,Porto,12-05-2026 15:48:16,0.03,85.6,7U1K7VQDZsUHYQNlwcdF,41.1833304818233,-8.63853909364392,17.75221,1778600896000,bbbe498ee44f6349,,23.25
9.796071,Lisboa,13-05-2026 21:32:38,0.2,98.6,ZUHAOEmxIhJiUhFUFqGC,38.7010153737556,-9.14158575958883,18.085269,1778707958000,04964f8452901231,,16.88
9.812468,Lisboa,19-05-2026 03:31:37,0.13,84.4,N7NQR8vPJtnIpxyMLLEW,38.7222528090807,-9.1318793471,17.189351,1779161497000,39a54d73a921b9f6,,13.51
9.860063,Porto,02-05-2026 18:03:19,0.21,75.2,fNmdSy5qBOKhjyZFhKfK,41.140481945234,-8.65459064267827,16.462422,1777744999000,3993ad7e2565b6b0,,16.88
9.807456,Coimbra,11-05-2026 05:37:18,0.82,84.7,pRcnOepWJEJncuPzHiGZ,40.2282569024985,-8.40498341503089,18.793597,1778477838000,cbf338d836298cb7,,13.4
9.816487,Coimbra,17-05-2026 02:12:19,0.26,69.6,BSkdiMRrXJ9FqEGhhlJk,40.1964911897411,-8.42900648122993,17.802859,1778983939000,e7eb35b501d57e1f,,13.79
9.800489,Coimbra,10-05-2026 13:29:03,0.55,68.1,VxhCoKkZiiLofCPDGBv5,40.2082080804206,-8.39867265349985,19.368446,1778419743000,1d3db575c4a79d75,,12.82
9.806426,Porto,14-05-2026 10:36:55,0.18,87.5,UZ2Cx1WPPduu9ESQFUEX,41.1737336685326,-8.62424737227444,17.16126,1778755015000,2b95dd3cf28e7c18,,18.9
9.832359,Porto,07-05-2026 02:15:49,0.05,68.3,tntPunwpG7SeeSvFwc2L,41.1556687253413,-8.65034144434459,16.149864,1778120149000,3db4e6efff8b7518,,16.43
9.810684,Braga,03-05-2026 10:26:42,0.14,71.5,rGcUYmyLS2xCPwAl4Nqm,41.5669963268945,-8.42942736636579,16.542457,1777804002000,5e1de20fecf98844,,18.31
9.831114,Braga,19-05-2026 07:53:52,0.19,69,0YDaZHIuubzKWroX7LP6,41.5495373709942,-8.43321461994229,18.52366,1779177232000,330949523d665e3b,,22.85
9.780136,Lisboa,04-05-2026 06:35:43,0.08,78.3,tj2FXVLEqNmwr1Ljh69a,38.7096652004561,-9.16655967544966,17.75808,1777876543000,bb80f878cef35322,,8.09
9.820022,Porto,25-05-2026 12:17:09,0.03,95.2,4ONAN58NPhn9jW23OLpx,41.1768432549689,-8.60760492261543,16.818916,1779711429000,ce246387dd078174,,15.95
9.845398,Coimbra,26-05-2026 15:56:40,0.19,89.1,YG4OegfuTFc2mtDxzdPf,40.2287410783359,-8.42295870203076,18.391811,1779811000000,64a94f9052422a0c,,15.36
9.805989,Coimbra,08-05-2026 20:00:41,0.16,79.2,lt18v6usAka6l9h1ovTq,40.1917597753923,-8.37968409995894,19.474908,1778270441000,95744df47936b8c4,,22.47
9.781612,Coimbra,07-05-2026 23:52:20,0.22,82.2,pKsaF13fWCpQsoryy6d6,40.2099411167506,-8.39645871424109,18.620472,1778197940000,ec75a53f04901eec,,15.48
9.868282,Lisboa,03-05-2026 09:46:24,0.32,67.2,QdAdYYp7KH2edCKXwgzm,38.740292829643,-9.15596761766027,18.421877,1777801584000,c51d4eb54f89fec8,,26.47
9.793276,Lisboa,05-05-2026 03:30:25,0.32,77.3,la6kksOgFvzeyGc5MvBq,38.702506909563,-9.1559281288985,18.095414,1777951825000,42d576864f9952c7,,16.66
9.821313,Porto,17-05-2026 07:12:26,0.31,82.7,hmnRmBzxUZaiHv8MZ6ev,41.1594542070577,-8.59651850163589,19.422782,1779001946000,7e8fb26408446272,,19.23
9.815835,Coimbra,27-05-2026 19:02:22,0.15,82.1,CPNgQxUEJkKdTvlVZtLl,40.2139187008635,-8.38348457441133,18.021006,1779908542000,75778bdb64d1008e,,18
9.833933,Braga,06-05-2026 15:18:59,0.45,95.2,RgPskKL6MrGhshsaWfn0,41.5230247728231,-8.42037463911277,18.293954,1778080739000,fb188f553674b4c4,,15.25
9.790699,Porto,25-05-2026 13:38:10,0.82,89,tStBNGG9HzzxNtIeSIjD,41.1391159089121,-8.6205449089781,19.798126,1779716290000,fb188f553674b4c4,,20.08
9.836324,Braga,13-05-2026 00:07:01,0.62,78,yD4Qu8M8g6At9rSOKh69,41.5691327856907,-8.41929514786187,18.886687,1778630821000,ec75a53f04901eec,,23.1
9.828494,Lisboa,06-05-2026 12:26:44,0.03,73.4,Pb5ggmdHu4ingwz14IXk,38.7056349760788,-9.16355728082539,17.325658,1778070404000,d5eb4d757b335d0e,,14.72
9.829108,Braga,01-05-2026 14:24:42,0.27,68,ij4U4V6qzl8zE1fOpXka,41.5340502538662,-8.42338709097469,16.995082,1777645482000,b30b0b43692b035b,,12.04
9.812928,Braga,13-05-2026 06:55:37,0.06,91.6,pIBCZc0CEybtXiN6UmPO,41.5353092650188,-8.39494879019865,16.36718,1778655337000,de2dde23040292bc,,21.36
9.843714,Coimbra,21-05-2026 17:01:56,0.14,73.5,z6EtdIS453FF3iecCPvl,40.2108487602897,-8.38131680307534,18.499375,1779382916000,13db178cd9a1e37a,,24.49
9.799603,Lisboa,12-05-2026 16:54:14,0.19,66.7,nSc4Yx2ebSR0ZWMT3F96,38.740813256937,-9.17032465996642,18.788671,1778604854000,0f98939ac68105bb,,18.02
9.798837,Braga,07-05-2026 16:16:46,0.16,89.9,rlBws4eBVZQILQnLlF2B,41.5337174823009,-8.42924520111399,17.190401,1778170606000,9cbee3c1d7168837,,18.2
9.782966,Braga,09-05-2026 23:52:01,0.08,86.9,JQgZJkY7GKm6yPmQOkX1,41.549770229932,-8.43955482443784,17.427255,1778370721000,c34c1310eab19c87,,17.87
9.810806,Coimbra,02-05-2026 00:51:53,0.18,88.9,4V6crlP4ow56DXPofHNM,40.20596115767,-8.41549813318053,17.834397,1777683113000,0e52f2934d8ce165,,21.05
9.818015,Lisboa,04-05-2026 21:57:23,0.04,75.7,BRLLlRfPmuptTDUdwa0E,38.7265559201116,-9.16900837901357,17.709792,1777931843000,c51d4eb54f89fec8,,20.02
9.80266,Porto,28-05-2026 02:48:15,0.59,76.1,6X5tKsQKNNY6zmYwDyGA,41.1576633840601,-8.63806849634616,19.332395,1779936495000,867d47425e9cccc7,,14.96
9.821419,Coimbra,27-05-2026 13:06:28,0.12,81.2,aZu6LweNX0qJrVwrVkk5,40.1830632509722,-8.44065331932667,18.07876,1779887188000,2618243a251bd83f,,22.76
9.816912,Lisboa,10-05-2026 12:31:29,0.31,79.4,20mTcVuNewsgLAnQSwh6,38.7267657498401,-9.15060635938627,18.360197,1778416289000,f879804e4456e5d4,,18.49
9.81628,Porto,15-05-2026 23:34:16,0,79.1,gRo3Z7BozWwUMa82vUbq,41.1322990976075,-8.63550334483536,17.229585,1778888056000,e9da39984fb29dc6,,15
9.790029,Porto,07-05-2026 21:51:51,0.26,66.1,pqiA3SF1GYZD399cTm49,41.1574267601855,-8.6293418815402,17.875762,1778190711000,bc74204126e384ca,,18.41
9.804574,Braga,06-05-2026 10:31:56,0.47,56.4,HfCe4Y3H0NPUKWow83tR,41.5300898680278,-8.40301219712527,19.361054,1778063516000,bb4bb9fbcfcc16d1,,19.78
9.84815,Coimbra,16-05-2026 13:00:37,0.57,70.2,i90he5kCVu8LBpW2F50n,40.2163530863612,-8.38544017357883,17.452936,1778936437000,04964f8452901231,,18.95
9.784523,Porto,10-05-2026 23:49:34,0.12,80.1,g5bIGzkpd0BUXvYL4qR1,41.1356346723535,-8.62147402764247,17.749833,1778456974000,e84878f982129128,,20.86
9.81198,Porto,26-05-2026 20:27:44,0.17,74.8,GZbpTAtJ8xTfRc6cieGj,41.1323445311776,-8.60657622183596,18.792894,1779827264000,6588d11c4a11acb1,,15.39
9.828308,Lisboa,27-05-2026 09:46:29,0.5,92.2,CciHqBeBOJEICPYOmlWe,38.6993933247184,-9.15640788611032,19.461234,1779875189000,1b1cc9cee9f27003,,26.24
9.81504,Lisboa,01-05-2026 12:31:07,0.31,86,Qi9brmPtQFqnUnttigcA,38.7259650920561,-9.13418213749094,17.849558,1777638667000,057c44d337463e07,,18.73
9.783716,Lisboa,02-05-2026 00:14:46,0.15,81.4,1zaeaOshmhpvxv9VDKti,38.6988825183539,-9.17079355610621,18.449879,1777680886000,1d3db575c4a79d75,,22.26
9.794504,Porto,08-05-2026 02:57:57,0.57,74.7,RiRoM9wBW3SDiQfFyYXe,41.1698206016471,-8.61046358476096,18.214176,1778209077000,2b95dd3cf28e7c18,,18.8
9.80866,Coimbra,23-05-2026 00:53:46,0.49,71.8,BEVC6x3enGEDQeiYnMIf,40.2149269851956,-8.38157880535232,17.770959,1779497626000,c6a2d85265d19a41,,13.49
9.800985,Braga,08-05-2026 19:16:19,0.2,60,rGEocrxhLquvVGA7GZ1f,41.5515951081614,-8.41616630412565,17.032856,1778267779000,552b8d6c350cb13c,,20.47
9.796532,Coimbra,06-05-2026 12:12:04,0.42,88.9,J5RbF9LQzXtURcpOOYgw,40.2210281749289,-8.429860235411,18.997707,1778069524000,1b38ab967d98cc4e,,17.14
9.812822,Coimbra,10-05-2026 08:31:06,0.04,64.8,KgXIOupQzUicx5r0tMmX,40.2197623388854,-8.40959305673541,16.992384,1778401866000,3bc1bf7fb69f3ba3,,20.78
9.861455,Braga,28-05-2026 08:34:21,0.6,85,qb8AoHu2A5DaidVD9OeX,41.5499105816071,-8.43024764953797,18.100225,1779957261000,1791998ac3161359,,18.49
9.811747,Lisboa,14-05-2026 13:10:51,0.07,72.7,dR5wwRPwUvWoRurs7W2c,38.7059498540512,-9.1352217512023,16.639246,1778764251000,f7af4712fd6b9108,,14.22
9.794515,Porto,02-05-2026 21:05:16,0.1,77.8,XiRQa7rbXWNtFWehYlsz,41.1720634585331,-8.66271768442717,17.329165,1777755916000,82a83fc853728306,,18.57
9.821507,Porto,24-05-2026 20:58:00,0.24,89.6,Sa58rg84b8StJBAEfHAq,41.1680564722444,-8.63863476515427,17.889697,1779656280000,1b38ab967d98cc4e,,17.41
9.856982,Lisboa,15-05-2026 04:36:21,0.28,89.5,089FdSqKJAEfhZbhGDDX,38.7033424644604,-9.14390941406022,18.23697,1778819781000,8e7f2987241c2818,,16.66
9.807293,Porto,23-05-2026 11:43:05,0.12,67.7,dSsQsoYWbDpit1yQBXHK,41.1433702313462,-8.65369877944703,19.738849,1779536585000,8f8c45c33ff51d0e,,20.32
9.760177,Coimbra,03-05-2026 21:43:15,0.33,92.2,nOXdqZ9oGgZDCNM4VG7L,40.2117925091566,-8.42752558499234,17.730892,1777844595000,b572bc65fae8bec1,,20.87
9.792812,Braga,08-05-2026 19:23:48,0.45,75.3,Dbs2Hhg77RmdfGBXspip,41.5325005637682,-8.4018617911924,17.971082,1778268228000,d0825fdf3da3660c,,10.52
9.808734,Porto,19-05-2026 09:30:54,0.36,79.2,xgGYhkDxMf50Edbprp5W,41.174859881623,-8.59880950922275,18.18307,1779183054000,f879804e4456e5d4,,16.31
9.830901,Coimbra,08-05-2026 12:04:19,0.23,81.2,4yZREsb0Y9YSvnyiuf4P,40.1909238263069,-8.3941205163099,19.215899,1778241859000,3bd002cf1fcfa789,,18.77
9.810059,Braga,17-05-2026 08:07:02,0.32,81.8,gOehL165bOibyaFgpVzP,41.5294972456205,-8.45730565570257,17.602405,1779005222000,91279a646f8ea6ac,,18.01
9.806107,Braga,07-05-2026 05:49:25,0.07,92.7,eRtqkP3BY7CP8pVWx0mJ,41.5212489118281,-8.46019104269303,18.731011,1778132965000,e7eb35b501d57e1f,,18.04
9.831126,Lisboa,21-05-2026 14:29:06,0,84,h1Ag9RuQWNKTNtrVjAYS,38.7314678444284,-9.15203798726134,17.817843,1779373746000,7f281c8dbac1f799,,14.18
9.820138,Porto,16-05-2026 23:50:15,0.15,79.6,nCWX4uIjzHiUPNxdIgr2,41.1597326771769,-8.60392394634878,19.0766,1778975415000,1791998ac3161359,,13
9.80155,Lisboa,10-05-2026 07:07:05,0.09,90.3,mwJxLo0wGdSn8QV7Ov4P,38.7475443248624,-9.16124282441411,17.843691,1778396825000,bb4bb9fbcfcc16d1,,19
9.813588,Braga,02-05-2026 08:38:37,0.1,64.8,ZFuc3FTQGfLR45O0CZnx,41.5458311047184,-8.46039225415862,19.53011,1777711117000,430f674c6dfe941a,,15.36
9.803634,Lisboa,07-05-2026 09:13:12,0.03,74.6,lrTSEFFEqsX6rKyqYLpc,38.7378715942729,-9.11698227262137,17.250511,1778145192000,3bd002cf1fcfa789,,19.95
9.813946,Lisboa,03-05-2026 08:51:59,0.32,87.7,ayKI3G7iytIBi9VQDxZx,38.7183654482183,-9.11806974223907,17.793606,1777798319000,ae7ec9246c4649bc,,17.1
9.819113,Braga,28-05-2026 07:19:38,0.27,72.1,5P3sPZybLgihb42qbDk3,41.5452293105369,-8.41973996757164,19.275529,1779952778000,3bd002cf1fcfa789,,14.04
9.800183,Lisboa,10-05-2026 14:49:16,0.79,74.7,BcfWBdK1N20oj1OVqDbC,38.7089771701095,-9.10623199626545,18.160283,1778424556000,a8c47673d6a4f85c,,24.71
9.784667,Braga,06-05-2026 01:20:48,0.21,70.1,EsmhRzXdnixdP0oVRSXL,41.5398454946809,-8.45275751001628,17.148978,1778030448000,13db178cd9a1e37a,,16.93
9.795824,Lisboa,25-05-2026 16:27:48,0.35,71.8,Hq8r8jDJKwjR7pBfY2FL,38.7086123517131,-9.12998228034043,19.369618,1779726468000,2618243a251bd83f,,21.8
9.82048,Lisboa,17-05-2026 07:36:43,0.15,80.9,ZtMSV5wTNw1DUG4hlCUm,38.7260750798244,-9.12366389897342,17.017322,1779003403000,430f674c6dfe941a,,19.45
9.786527,Porto,07-05-2026 23:27:16,0.35,70.1,UgHoi2j7Rr5bknM9nz3Q,41.1575226211464,-8.60226977619628,20.037176,1778196436000,131c7dd8f3ab4b35,,19.57
9.832129,Braga,20-05-2026 20:07:03,0.4,77.5,0rTbXQrcrU7yvQxgfkJy,41.5440930375211,-8.45519000267789,18.844301,1779307623000,d4389e820d4f82fa,,20.28
9.811433,Braga,01-05-2026 18:32:03,0.29,77.6,a8iT3ZiITMkcEXPsROvL,41.5456506136889,-8.39352683682672,17.1157,1777660323000,9cbee3c1d7168837,,14.9
9.789838,Lisboa,26-05-2026 12:42:17,0.33,80.8,8iCX75AFEYrlnNnuSqn6,38.7044642216515,-9.10840891931438,17.435596,1779799337000,517fc5ca69b652a5,,15.18
9.804788,Braga,23-05-2026 04:13:05,0.03,65.1,UYiTCH9nMAXVLlf09whc,41.5626756739795,-8.39080112652705,19.082092,1779509585000,5311a0642c2564ad,,18.54
9.840826,Porto,22-05-2026 09:49:42,0.23,93.3,keqm5OOq9SHy94KQYyY7,41.1383494650398,-8.66485993358563,18.145512,1779443382000,b572bc65fae8bec1,,18.09
9.825276,Lisboa,18-05-2026 12:49:09,0.56,76.1,wEphbwlaJKJmeJDobQZK,38.706995092805,-9.13952713709425,18.87728,1779108549000,1bd749deaf799034,,13.48
9.790757,Lisboa,12-05-2026 07:23:36,0.03,80,C215ogiNEm48r8fVtHvd,38.6980939137581,-9.13080763441725,16.408681,1778570616000,9d16533a62ab9315,,18.66
9.829323,Braga,19-05-2026 02:42:51,0.38,68.7,O15SbHjAITbaMdEjlbJP,41.5553556581043,-8.42982843593854,16.649152,1779158571000,a8c47673d6a4f85c,,26.47
9.801775,Coimbra,06-05-2026 21:15:11,0.57,81.5,L2WrwlpMPSuKAXcipne0,40.1809111189132,-8.43457785326746,18.309639,1778102111000,c0014ea2ee2fdaea,,18.91
9.808277,Lisboa,26-05-2026 01:17:36,0.28,74.4,D8whDxCYNbmkma07JHId,38.739077333791,-9.11113444066606,19.218804,1779758256000,c51d4eb54f89fec8,,18.12
9.840815,Coimbra,14-05-2026 17:43:47,0.13,74.7,eDvak9YUrh8o7bdCGOIB,40.2229411229249,-8.38300938369166,18.786409,1778780627000,63d3511e9e857901,,11.51
9.785731,Coimbra,24-05-2026 12:35:35,0.35,91,vRIv8aLvKWgtvcsN16Cl,40.2113798086921,-8.40919177668491,16.31668,1779626135000,574582321d04df00,,25.47
9.782124,Braga,20-05-2026 02:16:53,0.02,81.8,ClGB9vgI6hsXSictY96o,41.5395046273336,-8.41769579787296,14.991496,1779243413000,06bf6a628379e030,,16.93
9.818968,Lisboa,03-05-2026 05:34:34,0.27,83.5,9Sq6zjgF4yqQm7sM3m2K,38.7366333945092,-9.15148498066148,17.701477,1777786474000,2b95dd3cf28e7c18,,20.85
9.796213,Lisboa,19-05-2026 08:00:17,0.39,65.9,q9cCJ5RJR4SAKGV137S5,38.7010574146081,-9.11963542939613,16.724103,1779177617000,57e17fffc619e182,,22.04
9.779709,Lisboa,04-05-2026 15:49:11,0.08,82.7,WfdzPZ7BDPjBs8fGCNpP,38.7240765173125,-9.14300167200117,17.75706,1777909751000,b8e78b83a62a0cb7,,23.45
9.801231,Coimbra,11-05-2026 12:23:16,0.01,86.1,Ede9krKn41hBVrwRQMHj,40.2053506554264,-8.38253014814187,17.659212,1778502196000,82a83fc853728306,,27.2
9.781173,Lisboa,22-05-2026 06:56:09,0.2,92.9,arCascEOLmyweZG1CxzY,38.7483375634434,-9.10562269247787,17.501648,1779432969000,ce246387dd078174,,24.52
9.818661,Braga,09-05-2026 23:03:51,0.14,78.1,j2pabJXvDQG3KwYLhxoj,41.5380671096446,-8.39828706739368,18.347308,1778367831000,f7c6682ad24d37f8,,16.93
9.788227,Lisboa,19-05-2026 11:29:53,0.15,108,aLIYU2a43v6FZInAPMcS,38.7051079321601,-9.12022503030951,15.720618,1779190193000,bb80f878cef35322,,14.63
9.784654,Braga,14-05-2026 01:01:14,0.1,88.3,06p0OzvPmiLGuBU7IrN4,41.52006458692,-8.39750435138906,18.283367,1778720474000,f7c6682ad24d37f8,,16.52
9.804413,Coimbra,02-05-2026 08:10:17,0.02,76.3,FZcBcbFr8yg1rYpp3Ccd,40.2230501341977,-8.3888981175436,18.659746,1777709417000,42d576864f9952c7,,19.34
9.820002,Lisboa,24-05-2026 16:47:42,0.27,85,58smyJCfQUO025ypG6SD,38.734895817376,-9.16841532742728,18.378152,1779641262000,64a94f9052422a0c,,19.44
9.833776,Coimbra,18-05-2026 08:51:09,0.26,73.3,ETFZt1aVuqx1GBBhHjsW,40.1863687447397,-8.44004222955669,16.907854,1779094269000,3c58290022ed11b1,,18.73
9.772925,Coimbra,24-05-2026 17:45:52,0.03,84.6,x4oOeqgUUMGGElAnTqRK,40.192910723117,-8.42627507886908,18.937565,1779644752000,57e7d972b508815d,,15.31
9.805934,Braga,10-05-2026 22:47:20,0.41,91.2,oK3L1ZH5106khuKYbaDS,41.5228364959729,-8.45095681439319,17.535782,1778453240000,517fc5ca69b652a5,,18.73
9.815888,Porto,01-05-2026 07:49:49,0.08,83.7,Tr8Gq7XwAD7YEex10Qrh,41.1423275614947,-8.5954017770068,19.177271,1777621789000,1d3db575c4a79d75,,10.44
9.801577,Coimbra,01-05-2026 08:13:58,0.14,84.5,uAJL1oKf5gzR0VtxCPzF,40.2113947977009,-8.41879351688651,19.294336,1777623238000,1d3db575c4a79d75,,22.79
9.804289,Coimbra,19-05-2026 01:55:38,0.21,93,EUByz3qEzcJwiaGQV7v2,40.2168991286578,-8.41740575547495,18.945176,1779155738000,f879804e4456e5d4,,25.24
9.834299,Braga,16-05-2026 13:35:25,0.1,81.1,leFxdsKNIHFHiLJGFjDx,41.5500502427286,-8.44014729425807,16.405708,1778938525000,430f674c6dfe941a,,19.24
9.787696,Lisboa,01-05-2026 05:45:48,0.36,72.1,eRSJxScA4MkM0IDYRoPH,38.7352816465621,-9.16409647446542,17.687304,1777614348000,ae7ec9246c4649bc,,17.89
9.815472,Coimbra,03-05-2026 23:53:23,0.32,74,ZEitA39BmLcpkZ3fqpdm,40.2186966076785,-8.42616368740906,17.927267,1777852403000,42ac1a2bf982f79c,,14.85
9.814526,Porto,28-05-2026 12:13:08,0.1,99.6,5pp0b5fg6hZ3GqQbzwqG,41.1602752357989,-8.65133993530493,17.55167,1779970388000,18d281edb3671f44,,11.89
9.805612,Lisboa,19-05-2026 00:51:52,0.12,82.3,SswjKzgvermAMD7qwDT9,38.7138294514846,-9.13942786167728,16.260227,1779151912000,bb4bb9fbcfcc16d1,,14.6
9.839091,Braga,28-05-2026 18:16:37,0.27,94.3,ImPGDT7fQpvwz9B6NB4p,41.535538577151,-8.39493684135732,18.781848,1779992197000,04964f8452901231,,13.29
9.838086,Braga,28-05-2026 22:07:08,0.28,82.5,T4VIBQqeDPI7ju8Ry5cS,41.5620258290179,-8.42342570580087,16.402993,1780006028000,3bd002cf1fcfa789,,20.71
9.809847,Porto,06-05-2026 09:08:19,0.27,88.5,06VBiq3B7MtOEAT8kLmz,41.1633003199489,-8.61117128074871,18.145632,1778058499000,8f8c45c33ff51d0e,,15.6
9.825594,Lisboa,18-05-2026 13:37:46,0.26,79.4,hF9LDmBEKU1M4df04aiP,38.7027189417599,-9.13755506044345,17.165442,1779111466000,3993ad7e2565b6b0,,12.09
9.799794,Coimbra,03-05-2026 19:43:27,0.05,91,YNu2UVR3i1amI9QDkg6i,40.2202122885174,-8.40275474915748,17.320026,1777837407000,3811390588367f0e,,21.22
9.79335,Porto,04-05-2026 15:39:03,0.05,81,cOr5wUYyk0t0UrASljcg,41.1727956749419,-8.60746469605311,18.622481,1777909143000,5afe6ceac06784f5,,11.69
9.792996,Coimbra,12-05-2026 10:45:08,0.08,63.6,nRwcHjsmUiyiupRIf9ra,40.1944754031221,-8.41680225099111,19.084424,1778582708000,a8c47673d6a4f85c,,15.98
9.799786,Braga,16-05-2026 05:06:05,0.32,88.7,2MWH1seRr5kdj4sHtmW8,41.5212973054418,-8.42689567680373,18.031215,1778907965000,63d3511e9e857901,,20.74
9.788461,Lisboa,01-05-2026 16:52:24,0.64,93.8,9VMnV3p8lGd2LO84KMYD,38.6979605701563,-9.15452576033713,18.949677,1777654344000,556be8558ce56421,,9.66
9.798835,Porto,15-05-2026 16:10:53,0.13,86.1,Ymfb6NaDEgQJlpRvSSp8,41.1384445299524,-8.64560846989469,19.201034,1778861453000,430f674c6dfe941a,,20.35
9.79587,Braga,11-05-2026 17:01:52,0.27,80.3,BwvqCzeCiCwE8ovutJ7g,41.5592505220559,-8.42729631973675,17.883285,1778518912000,c6a2d85265d19a41,,15.78
9.833495,Lisboa,19-05-2026 21:57:22,0.43,101.2,Bgv5RpLnZXKV3iMrlDTd,38.7205802453623,-9.16717090702657,16.340279,1779227842000,93279918e60ec274,,17.02
9.779632,Braga,05-05-2026 18:26:12,0.22,80.5,4q12oOpKdBkEN2VINP4v,41.570332880671,-8.4376296080168,19.493774,1778005572000,057c44d337463e07,,18.81
9.806137,Braga,23-05-2026 23:15:52,0.01,60.2,nT41Ke1iM3M3coC6hSMh,41.5665485060309,-8.40396317045356,17.887424,1779578152000,5311a0642c2564ad,,20.56
9.79583,Braga,12-05-2026 18:26:24,0.44,75.6,SYxuDQ6f8sZlfYVfA8Rl,41.5716654635395,-8.43756527489328,15.944537,1778610384000,91d55d217a2af234,,13.57
9.778593,Braga,20-05-2026 00:14:33,0.16,83.4,PURuMfcaTr1qmzq4nzrs,41.5202141821668,-8.39575361726288,17.400356,1779236073000,bbbe498ee44f6349,,14.06
9.745349,Lisboa,28-05-2026 08:26:24,0.3,95.1,YALfqjkSW7TaOdDOjk64,38.7066543105465,-9.16280736668375,17.632929,1779956784000,cb207a93391638cb,,12.18
9.829439,Coimbra,16-05-2026 11:49:30,0.25,81.4,DGd2OG546C6IuQEgdM6n,40.1977905613758,-8.41028402952984,17.687209,1778932170000,de2dde23040292bc,,24.71
9.808541,Braga,02-05-2026 22:00:42,0.28,78.2,cLc5dQBnOivGU3BP9E7C,41.5475819813951,-8.4357257406525,16.19396,1777759242000,9d789fd91804129f,,17.36
9.81651,Lisboa,21-05-2026 01:23:55,0.67,91,EkJQt9DPbpsrZAOnolTs,38.7106190480168,-9.14832026862486,17.361414,1779326635000,7f281c8dbac1f799,,15.68
9.80993,Coimbra,21-05-2026 01:18:25,0.04,78.5,3Hs80XevsVAVmvhDuFnu,40.1954001732105,-8.38987018745429,18.258026,1779326305000,bbbe498ee44f6349,,14.39
9.828683,Porto,06-05-2026 06:05:29,0.1,84.3,U1FzKRywT0Kx6LAuYAac,41.1750518082432,-8.62804757260902,19.529591,1778047529000,19a558ecc36977ce,,24.23
9.828658,Braga,16-05-2026 06:44:29,0.47,49.8,lK1zVrHqOifaKkl4iufU,41.556488322789,-8.43027326157721,19.093417,1778913869000,8dc02e5c153f83a3,,26.03
9.814331,Porto,03-05-2026 05:52:18,0.09,64.3,eoYFjlLJjhbNXmxOWjt5,41.1408837991263,-8.60426566887885,18.294277,1777787538000,ce246387dd078174,,18.3
9.785069,Braga,18-05-2026 22:14:35,0.22,63.7,fTRQ87tKz5iJqbDZBRPQ,41.5511299900004,-8.45058434394926,18.812809,1779142475000,7182af742e04dc6d,,24.32
9.828331,Lisboa,27-05-2026 11:52:05,0.02,90.6,I7nQQsWFzDRNbd8CGjtt,38.7059993570086,-9.17013943013618,16.106249,1779882725000,9d16533a62ab9315,,16.18
9.804438,Lisboa,16-05-2026 20:57:30,0.14,61,LlvYOBkKEYlyyKW2jnZ6,38.7441928026539,-9.17277201101472,17.988148,1778965050000,923d0315f3ae2bb3,,22.89
9.798644,Braga,08-05-2026 17:03:41,0.09,85.1,pO8tT04A6I0TMTkE9dUR,41.5360792894541,-8.40958717065693,17.932545,1778259821000,c6a2d85265d19a41,,21.72
9.796783,Lisboa,12-05-2026 16:44:33,0,74.2,Oq44BAzgcwg79tMUVyfI,38.7205463397546,-9.160587742431,17.156636,1778604273000,487b076a69a53671,,20.03
9.795736,Porto,20-05-2026 05:12:18,0.03,82.3,G0JyWVVHSH9E8N9krqM5,41.183837333805,-8.60255616153948,18.040662,1779253938000,72ba4e2f87adceb5,,16.16
9.803218,Lisboa,18-05-2026 11:41:39,0.06,81,H9BNTuAZfoQtrd2JIoSP,38.7433326858758,-9.1217257043615,17.859016,1779104499000,a2fd30e5fa49ad53,,24.82
9.790185,Braga,27-05-2026 10:20:11,0.47,79.4,hzLVmrEALeZiP1Y6nF9F,41.5653166779716,-8.42329192328128,18.632266,1779877211000,da211edc7bac01a0,,13.54
9.804434,Braga,01-05-2026 02:44:52,0.08,76.3,XR4kk7ZbeyngGWxlbaOj,41.5525084473166,-8.41856905919996,17.331643,1777603492000,1b1cc9cee9f27003,,15.62
9.838717,Braga,11-05-2026 11:56:54,0.17,82.8,7mp00zOWRnResXaLJlfk,41.5497167751488,-8.43632607868255,17.757883,1778500614000,f7c6682ad24d37f8,,24.58
9.805297,Coimbra,27-05-2026 15:56:20,0.21,73.1,6BElc1hlNwMb528pgQXD,40.1787570593671,-8.42837124702817,17.466171,1779897380000,234da97fe615c6b7,,15.62
9.784407,Coimbra,28-05-2026 22:16:02,0.25,68.8,SaaSaSgPLOWVf8Dy3v19,40.2106226191112,-8.41745139979465,18.625978,1780006562000,eb39e98aca20e7d3,,16.48
9.805857,Braga,15-05-2026 06:33:53,0.39,92.7,tHpqnY3G6XEhx6eusUFt,41.5627247685597,-8.45000942411022,17.913732,1778826833000,53c682ded6545e06,,15.48
9.792711,Coimbra,03-05-2026 20:15:12,0.06,86.9,TSJCaiEjI9l5c2qdcNpQ,40.2097155552485,-8.43762200858347,17.466216,1777839312000,3c58290022ed11b1,,14.75
9.794607,Porto,10-05-2026 19:28:11,0.39,83.2,OTKPhl1nkhyQRabx3M3T,41.1773965880047,-8.62584980685429,19.179476,1778441291000,d0825fdf3da3660c,,15.86
9.807007,Braga,27-05-2026 12:35:02,0,66.6,iRVWwlTCykxjP3c4kfoh,41.5280091987504,-8.4122217369428,17.478686,1779885302000,06961ead71f8b1d8,,17.8
9.839434,Porto,15-05-2026 02:01:47,0.24,81.8,H95Vnk4yFRbgVWfzCGhh,41.1544792565205,-8.62450977185449,17.368114,1778810507000,72ba4e2f87adceb5,,20.38
9.835974,Coimbra,27-05-2026 01:40:15,0.21,82.8,Vi8MalugvmGz3qWkBCoX,40.2296096936723,-8.41254261108905,18.655712,1779846015000,93279918e60ec274,,23.68
9.771008,Porto,28-05-2026 20:01:37,0.3,86.7,fERZ78vnP2bs8RaxYmeM,41.1401141149645,-8.66203543681815,16.732284,1779998497000,8e7f2987241c2818,,14.46
9.792984,Lisboa,17-05-2026 15:17:41,0.14,72.7,CuYuaHqGukJsA7FCdoYF,38.7373825565186,-9.16970937366998,18.175587,1779031061000,da211edc7bac01a0,,21.46
9.831626,Lisboa,03-05-2026 09:41:04,0.25,71.6,aJPUobPCzrQs1cv7Gouu,38.718852848665,-9.13168839606395,19.397448,1777801264000,b30b0b43692b035b,,20.59
9.811657,Porto,22-05-2026 10:48:40,0.01,84.7,DPMCp7UiJlKbh2SJ6pia,41.1354473576287,-8.60021218110631,18.346242,1779446920000,72ba4e2f87adceb5,,16.66
9.815376,Lisboa,04-05-2026 01:38:45,0.21,64.9,mqbB5m2yIbe4NMcxbltc,38.7011287410535,-9.12189909000525,17.348365,1777858725000,18d281edb3671f44,,16.5
9.79147,Coimbra,23-05-2026 18:29:55,0.45,74.7,T1r28EZeUfDdQzrIw8Z2,40.1932990875212,-8.44097497954057,18.79017,1779560995000,3cc68b8049eb8d4c,,17.67
9.775896,Coimbra,27-05-2026 23:57:44,0.1,71.7,8mOQfk59YYq1dCVQMbtO,40.2069039814148,-8.38114496180724,17.332874,1779926264000,389da1f3a7c1d8de,,15.21
9.808508,Lisboa,12-05-2026 23:08:17,0.43,83.4,QHhKd6hgW82r06vSAFYS,38.7246233386189,-9.16835268174578,18.788636,1778627297000,ce246387dd078174,,14.8
9.809641,Coimbra,04-05-2026 10:59:06,0.16,79.6,3virKzVbgEcKjYgCBtve,40.2013949915053,-8.41623248540686,16.945981,1777892346000,34cbefbc28798720,,16.86
9.842507,Coimbra,02-05-2026 22:44:43,0.51,66.4,4jQnJaqTw9otCG3kCDQi,40.2232801107411,-8.41265432344774,18.092786,1777761883000,06bf6a628379e030,,18.14
9.788266,Lisboa,03-05-2026 21:06:40,0.15,72.3,6wOLPSlIrHKJEYpxTGFl,38.7418500576213,-9.12348258424111,16.892571,1777842400000,5e1de20fecf98844,,17.16
9.80186,Coimbra,10-05-2026 05:34:09,0.35,98.5,OUvSE5RObkS5qb50NpKG,40.2279951300038,-8.40185811952488,18.254551,1778391249000,6f36a3307488809f,,18.99
9.787661,Lisboa,04-05-2026 18:13:30,0.21,69.5,UJAQDzkYjEpv3o1p2t5a,38.7023670009627,-9.15731327007835,17.6505,1777918410000,867d47425e9cccc7,,21.67
9.834203,Coimbra,06-05-2026 01:35:19,0.24,73.6,BmprXdhqS4ifxzSmq4Sv,40.2103615178072,-8.44165530915954,17.318742,1778031319000,93279918e60ec274,,26.93
9.796141,Braga,20-05-2026 11:22:31,0.25,90.3,Z3HJAl4nmxDcsrrxxZTh,41.5709038062501,-8.43258938092803,18.362229,1779276151000,72ba4e2f87adceb5,,15.32
9.806972,Lisboa,08-05-2026 03:36:53,0.07,58.5,egDvq4KqsKvEPskW0fOJ,38.7062828156891,-9.11360332522668,18.226587,1778211413000,a2fd30e5fa49ad53,,18.53
9.750534,Lisboa,15-05-2026 13:49:20,0.22,67.3,pGh5xekNhh6ArWFPNl5q,38.7050001014224,-9.13061638464139,18.262193,1778852960000,42ac1a2bf982f79c,,19.16
9.806596,Coimbra,25-05-2026 07:50:00,0.31,86.4,lqCUnunP6NNH4FxWPKZh,40.1918667511155,-8.40417458433298,18.726831,1779695400000,131c7dd8f3ab4b35,,19.9
9.817551,Lisboa,23-05-2026 13:26:07,0.55,78.2,Zhqx8PeZHo2rE4Kl6R5p,38.7082527215118,-9.17376176541298,18.860747,1779542767000,1791998ac3161359,,14.13
9.814966,Porto,28-05-2026 01:46:24,0.18,87.5,quVmebUGfiqzt58pVEIO,41.1492386261107,-8.63157174385022,19.084238,1779932784000,72ba4e2f87adceb5,,19.53
9.76315,Coimbra,03-05-2026 07:16:42,0.12,83,Oe6rOAaBAVVLyhUbyZ3M,40.227047590843,-8.42383690450619,18.42033,1777792602000,f879804e4456e5d4,,21.78
9.813903,Coimbra,16-05-2026 00:36:25,0.05,96.7,g4ZjZ2YeH6FM9SOcyvaB,40.189386646848,-8.41412687792309,18.488721,1778891785000,a8c47673d6a4f85c,,21.22
9.808053,Porto,05-05-2026 01:18:47,0.18,87.8,Lagg5kuaiUmfAca6qWdl,41.1767732505504,-8.64586449449674,17.565485,1777943927000,9cbee3c1d7168837,,12.75
9.814828,Coimbra,27-05-2026 06:27:58,0.35,83.3,Y93G9oOih7ldJz4fqVSN,40.1852130860757,-8.3800139481569,18.955968,1779863278000,2a339e8954684016,,16.86
9.786436,Lisboa,23-05-2026 10:22:40,0.33,84.3,zWyNM0OW9CG4qkc7dPes,38.7029145164088,-9.17136790789892,18.871621,1779531760000,5e1de20fecf98844,,22.34
9.805762,Porto,13-05-2026 11:52:44,0.22,75.3,aPEo1FkpT2I6BeTwLxkH,41.145926274593,-8.64561874856563,17.969866,1778673164000,24d6a87b0598b02e,,17.69
9.821093,Porto,12-05-2026 03:50:09,0.23,63.8,dpvZBVb3iHwXJOANO9yB,41.1479887769012,-8.6095999330278,18.973574,1778557809000,91d55d217a2af234,,18.5
9.841962,Porto,18-05-2026 08:11:55,0.43,82.2,RD66zb6Fu2fZkfdfGsiy,41.1770481315893,-8.63489923926221,18.637131,1779091915000,64a94f9052422a0c,,18.98
9.797934,Braga,14-05-2026 20:52:44,0.5,85.7,gHb4Yi2rwLsdGwYMOouz,41.5542174327824,-8.43518052422483,19.288501,1778791964000,d4389e820d4f82fa,,14.49
9.790301,Lisboa,14-05-2026 10:03:08,0.13,78.9,pEXDWU8Lvc0CU5A6R7xX,38.708281733044,-9.1630074312863,18.084225,1778752988000,fb188f553674b4c4,,15.03
9.799878,Lisboa,13-05-2026 05:36:35,0.07,68.7,ZVZUwU6Vjvekk8v80VJ1,38.7200723574295,-9.15843711459693,18.944899,1778650595000,d5eb4d757b335d0e,,17.98
9.827188,Lisboa,03-05-2026 11:51:36,0.18,94.6,QFZuXk2k2ELWO6lNrKRW,38.7179426652066,-9.11901265478294,17.820615,1777809096000,a2fd30e5fa49ad53,,26.68
9.838887,Coimbra,20-05-2026 07:00:52,0.12,63.3,qR3L87KNdjd0oQHvrcCa,40.1939987781747,-8.43418994659791,17.959447,1779260452000,c837debb39dd1e68,,21.31
9.7951,Porto,17-05-2026 15:01:41,0.2,71.6,Tf8isjAKVuE4uo1SIveT,41.1611546181752,-8.61048016000613,17.423171,1779030101000,5afe6ceac06784f5,,21.26
9.786376,Braga,24-05-2026 09:39:26,0.54,73.8,TpvkNsAetiUBVkbrdGwj,41.5548886158138,-8.41868807374761,19.333494,1779615566000,42ac1a2bf982f79c,,23.08
9.803459,Porto,13-05-2026 18:57:16,0.14,77,AeeHMFHFmCjHlPy5wM51,41.1523851041771,-8.64731274234762,19.417941,1778698636000,330949523d665e3b,,19.63
9.796049,Braga,02-05-2026 23:50:46,0.33,63.8,gT9NeEfZ4Zydpm1VZRod,41.5539866396299,-8.4126799268508,18.199268,1777765846000,d0825fdf3da3660c,,15.38
9.813899,Lisboa,15-05-2026 15:06:43,0.32,74.5,APZ3BdQlRbOM6mfoE6JI,38.7110612640765,-9.16789675079863,16.956867,1778857603000,c31244cee16e0c77,,24.25
9.82778,Porto,04-05-2026 05:50:38,0.16,97.3,Lp7AFUU7AF8DYDDp2AvW,41.1703827193316,-8.61589198416306,17.557789,1777873838000,7182af742e04dc6d,,23.29
9.809339,Coimbra,15-05-2026 12:07:17,0.01,82.2,N4dnq59GhNvZ3SqmwXVU,40.196683651605,-8.42040483967646,14.872435,1778846837000,923d0315f3ae2bb3,,24.42
9.81982,Porto,19-05-2026 12:51:03,0.02,83.3,nKuxnp0dINUWimSpmP84,41.1367254273734,-8.6613378581196,18.003248,1779195063000,5e1de20fecf98844,,15.61
9.822332,Porto,04-05-2026 09:21:40,0.06,66.9,PHuvVYbDbjyqbBiZYBay,41.1420118338648,-8.61628204900663,18.443905,1777886500000,64a94f9052422a0c,,17.21
9.817417,Coimbra,06-05-2026 23:39:01,0.29,70.1,0tt0GEBkg775A9sJpVqQ,40.191497792997,-8.43814824775497,18.344134,1778110741000,c7f34dc43387f858,,20.71
9.792968,Lisboa,23-05-2026 10:22:55,0.01,89.7,hkxIlIqHXJM5fLQ40TL9,38.7226913531751,-9.15963202064518,17.42019,1779531775000,daf96d2280390dec,,17.53
9.819784,Lisboa,05-05-2026 00:10:40,0.02,84.4,RUvNLeVTSLru10zQstBq,38.7401281901288,-9.14911205369493,18.932743,1777939840000,95744df47936b8c4,,21.88
9.818267,Lisboa,01-05-2026 06:52:47,0.2,80.5,qe9xkt3j442VHyFIxvqF,38.7030964813517,-9.11682845923202,18.332534,1777618367000,da211edc7bac01a0,,22.24
9.827991,Porto,23-05-2026 19:30:12,0.33,69.8,FMRwWch5RtyC8cV7NRWo,41.1734230176538,-8.62894891848064,17.456741,1779564612000,556be8558ce56421,,21.9
9.778474,Coimbra,17-05-2026 16:27:13,0.11,83.9,cVi6GSbdZStQeDE5Tc1O,40.202764996993,-8.39200415212063,19.051122,1779035233000,1bd749deaf799034,,18.72
9.783136,Coimbra,21-05-2026 13:14:50,0.35,70.4,RpgAgoQtaVFLNiZRVfy4,40.1893309140509,-8.39608491342764,17.595192,1779369290000,552b8d6c350cb13c,,17.27
9.786691,Lisboa,09-05-2026 14:47:14,0.4,94.7,wsPlTGT6Q3m3iWJWzFR5,38.7142027042925,-9.15150844751896,19.532794,1778338034000,c6a2d85265d19a41,,22.74
9.827966,Lisboa,03-05-2026 12:51:05,0.1,73.1,64zH7GewwVDhSux1ARAf,38.7450030341776,-9.10749799790568,16.650595,1777812665000,17b4966e9be4d8d8,,21.64
9.80852,Coimbra,15-05-2026 15:17:30,0.37,75.9,KpA7VpyqAOavK4xuhSAh,40.1986874770786,-8.37595504237435,15.701014,1778858250000,552b8d6c350cb13c,,13.85
9.832256,Porto,21-05-2026 03:53:23,0.05,76,liq6x7eGjxzMzeLif8jP,41.1427304960814,-8.62285922182458,18.53781,1779335603000,5311a0642c2564ad,,25.22
9.8365,Coimbra,16-05-2026 03:22:41,0.58,70.3,1WS4yLFJtHEKW0GOMAVm,40.2250912226723,-8.41376094862851,20.776114,1778901761000,d5eb4d757b335d0e,,27.08
9.813769,Porto,03-05-2026 20:06:18,0.29,67.3,kFOdqTnyK41llWw0KUfB,41.1617692938557,-8.59827966380281,17.995785,1777838778000,9cbee3c1d7168837,,17.55
9.827889,Lisboa,06-05-2026 20:23:39,0.36,83.3,EszL6TXahFyngWMfK0G3,38.7024899247902,-9.17360781299943,17.863147,1778099019000,bb4bb9fbcfcc16d1,,20.64
9.820205,Coimbra,01-05-2026 19:46:56,0.28,82.6,HxQwoZyaAYjlmaAmwAEn,40.1894607043425,-8.3752174970874,17.738488,1777664816000,3993ad7e2565b6b0,,18.71
9.742488,Lisboa,15-05-2026 01:05:43,0.23,75.5,XMHtZeaZt4a1Tcn2VkEn,38.7217779328889,-9.14804082809386,17.582094,1778807143000,72ba4e2f87adceb5,,16.14
9.789171,Porto,26-05-2026 10:13:32,0.16,90,TCt3SynVYuiRUoYv1Afh,41.1426720704881,-8.65581956629733,18.774586,1779790412000,e7eb35b501d57e1f,,11.1
9.806791,Braga,27-05-2026 05:11:43,0.08,77.2,R1B20RTULvGQA9iQeJvm,41.5190947749816,-8.44505474239952,17.270763,1779858703000,72bd2672c948d2cb,,16.62
9.826993,Porto,08-05-2026 22:35:00,0.53,60.9,WfDFYMbZ8nOzByzozPU8,41.1692492441388,-8.65822756990676,18.840834,1778279700000,57e7d972b508815d,,17.83
9.828137,Lisboa,12-05-2026 22:55:03,0.2,65.5,A82uLGrvammRFNdTlQQM,38.7212287133193,-9.13880731635534,17.907062,1778626503000,de2dde23040292bc,,23.46
9.80907,Lisboa,11-05-2026 22:02:41,0.18,84.5,xnwOSmQVgQmjTqVvi2SC,38.7486460419605,-9.17177074142623,18.475912,1778536961000,c6a2d85265d19a41,,24.71
9.832239,Coimbra,15-05-2026 04:19:57,0.04,91,IMeGwkZUM9GpGG5k6a6T,40.1941071781274,-8.42556911154206,18.514118,1778818797000,4c885efe7bde3ff4,,16.47
9.791539,Porto,23-05-2026 15:52:02,0.02,77.3,FArKfpzUfA2wCA1wiG5k,41.1486123219665,-8.64512739881915,16.149958,1779551522000,131c7dd8f3ab4b35,,21.44
9.754653,Braga,19-05-2026 18:34:19,0.45,107.1,1KPuQrT7KQ0b429iKtJ2,41.5563694791095,-8.40449706818755,17.943644,1779215659000,cb4c1290e91970dd,,18.04
9.816059,Lisboa,13-05-2026 10:17:27,0.06,74.1,2uDE1ZA3zeU4p6II2BvO,38.7266416696994,-9.15338491895058,17.732059,1778667447000,42d576864f9952c7,,17.62
9.813629,Lisboa,02-05-2026 15:34:08,0.01,66.9,5L2fSxMwUzVCGmj8nKSP,38.6961885857563,-9.12291000029661,17.987077,1777736048000,13db178cd9a1e37a,,18.52
9.805683,Lisboa,10-05-2026 03:20:59,0.11,91.4,Za7hLXsfjODbAygJXuQo,38.747100814012,-9.12152628570881,18.143009,1778383259000,95744df47936b8c4,,23.19
9.808412,Coimbra,26-05-2026 23:12:46,0.03,82.1,7CiaQib525o7OTnJ8Jg8,40.1781542088947,-8.40810446537521,19.075782,1779837166000,552b8d6c350cb13c,,16.97
9.82241,Coimbra,23-05-2026 07:56:22,0,52.7,gLOSawzQ2uFZs132mLAF,40.1958262432515,-8.41150102393634,17.362805,1779522982000,3cc68b8049eb8d4c,,13.75
9.798935,Coimbra,22-05-2026 20:58:37,0.01,74.3,MpezqUMaL8VvrB5JPIFV,40.1781342080225,-8.42722348605222,16.441609,1779483517000,2f2bd7547d602b7a,,19.27
9.837324,Braga,18-05-2026 04:11:29,0.24,82.8,9GBIhd2kvngi9LZlB14A,41.5572088263173,-8.45896233396826,19.171886,1779077489000,c0014ea2ee2fdaea,,22.95
9.847403,Braga,25-05-2026 16:19:06,0.22,75,dRcKuHdta2fXsyh1uMYD,41.5354767657967,-8.39154722718573,18.850869,1779725946000,3c58290022ed11b1,,20.83
9.852706,Coimbra,28-05-2026 18:57:30,0.09,76.6,0KOcJMrgngKHu8KyFeHo,40.1915850794854,-8.38593932221793,17.595956,1779994650000,06961ead71f8b1d8,,15.42
9.795411,Braga,17-05-2026 23:57:27,0.41,74.8,i7QIOqPYTlwOegf95LPc,41.524297346709,-8.39337856560157,17.420093,1779062247000,1d3db575c4a79d75,,25.8
9.824713,Braga,01-05-2026 16:46:40,0.35,89.3,skQKse0luKCNNV0LcURo,41.5592076039129,-8.41920093049141,20.008848,1777654000000,5afe6ceac06784f5,,10.91
9.785402,Braga,22-05-2026 17:33:34,0.14,72,ADy2BcOy1k1UHK8u51e5,41.5317327233324,-8.42345223528754,17.624833,1779471214000,3811390588367f0e,,16.21
9.814386,Braga,01-05-2026 19:27:04,0.22,80.4,nKN0EJnIDssQSPmbHgGm,41.5605793965145,-8.40258566283926,15.858837,1777663624000,fb188f553674b4c4,,14.03
9.799015,Coimbra,28-05-2026 14:19:14,0.34,77.5,nON3R0CTalyWypGk4aEh,40.1891961722979,-8.39682534809185,17.648209,1779977954000,3db4e6efff8b7518,,13.48
9.807484,Lisboa,27-05-2026 17:52:53,0.25,69.3,hoo03ge0EGAdvC1Cz1CF,38.7457038845144,-9.13519971725513,16.7488,1779904373000,574582321d04df00,,17.39
9.792671,Porto,28-05-2026 02:54:45,0.12,89.1,MiWc3od6jHCuZCrcwGNW,41.1629174508006,-8.59413235450334,17.842819,1779936885000,867d47425e9cccc7,,14.81
9.81761,Braga,11-05-2026 03:45:07,0.04,86.9,ayCFHEhM3PkrWMEQ7lyu,41.5312642486887,-8.40226008373134,19.461312,1778471107000,2a339e8954684016,,19.84
9.828272,Lisboa,10-05-2026 04:36:01,0.2,81.3,zsK1AE8qSxgSVtuoCwWl,38.735835073848,-9.14169932850571,17.231491,1778387761000,430f674c6dfe941a,,16.17
9.816987,Lisboa,15-05-2026 10:13:45,0.15,83.4,Z80HIj2uiUAP18MK9dTh,38.7192437281536,-9.15311181520247,19.06738,1778840025000,3811390588367f0e,,12.3
9.790511,Lisboa,06-05-2026 00:02:01,0.22,82.3,huVBE5pYoI3weuDBsVAF,38.7465070886839,-9.12117295790407,21.388279,1778025721000,f879804e4456e5d4,,20.06
9.808433,Porto,21-05-2026 02:00:16,0.14,74.8,32IaMImGVne3LoqBuSdl,41.1659465161493,-8.66063765135685,17.978574,1779328816000,b572bc65fae8bec1,,18.45
9.800866,Coimbra,03-05-2026 12:08:32,0.4,77.3,6OtVV5wymSp2nXIKjptN,40.1935820572792,-8.3782665176114,19.585371,1777810112000,c31244cee16e0c77,,19.01
9.783175,Lisboa,22-05-2026 22:42:00,0.47,85.4,veu343vUE2H88OizmIIa,38.702773942461,-9.12066013551163,19.622956,1779489720000,1d6285f5502cf1f8,,20.94
9.838448,Braga,08-05-2026 01:20:16,0.19,80.5,fyhQHVQyXkT7SG6OyL7D,41.5618213251249,-8.39320125264234,17.347672,1778203216000,9d16533a62ab9315,,19.17
9.836591,Lisboa,09-05-2026 17:33:21,0.26,74.1,5nOEbnRJwPrEJWCW3SlA,38.7212956811352,-9.12384175580775,18.19408,1778348001000,c85cdb0ef48d09c8,,17.09
9.822983,Porto,06-05-2026 23:08:01,0.52,75.5,NjlUK8rfXYT9l79SoiGW,41.1617230750161,-8.60271930594439,17.053307,1778108881000,4c885efe7bde3ff4,,23.01
9.794703,Porto,20-05-2026 00:25:50,0.07,62,wpRLq3Ug6Gxrvxre1INk,41.1777201975445,-8.61014426776753,17.610095,1779236750000,f7af4712fd6b9108,,13.56
9.776372,Lisboa,12-05-2026 14:29:51,0.29,79.9,qXad4owzobm56kGjBEmu,38.7243937026253,-9.13723484707751,18.651325,1778596191000,a2fd30e5fa49ad53,,18.23
9.819577,Lisboa,22-05-2026 16:31:59,0.43,79.7,0WI8yxCgB1YGLTBPifmj,38.7423382604194,-9.17327924018345,16.828683,1779467519000,34cbefbc28798720,,17.19
9.806787,Lisboa,27-05-2026 05:01:22,0.23,88.5,6Iuys9OntCydRRH038Il,38.698522834833,-9.14498759240896,18.64192,1779858082000,93279918e60ec274,,16.88
9.782387,Braga,18-05-2026 13:10:43,0.16,84.1,ClHMYPOszD74Qnznezmp,41.5194953487923,-8.45030996138838,15.553856,1779109843000,ce246387dd078174,,14.66
9.796179,Porto,03-05-2026 00:47:38,0.24,81.2,EkVz95jGXap8nS4ztMdG,41.1769042460608,-8.64390981182885,17.998044,1777769258000,cb4c1290e91970dd,,17.16
9.806817,Lisboa,14-05-2026 15:43:26,0.19,72.8,fOfBZpq2PTo2Rco8gdT8,38.7375760470374,-9.12770728485289,16.91655,1778773406000,5afe6ceac06784f5,,19.52
9.821422,Porto,19-05-2026 05:18:32,0.46,72.3,lWjHrx1utesWaIOvDN67,41.1518622095367,-8.64811599244878,17.966821,1779167912000,ae7ec9246c4649bc,,24.12
9.797157,Coimbra,18-05-2026 02:06:15,0.12,59.7,W1gOaGtHBfcyUXAVcVQY,40.1845222126907,-8.38236774745727,18.165702,1779069975000,f7c6682ad24d37f8,,18.14
9.797155,Porto,01-05-2026 07:08:19,0.15,79.7,ALbOgCqNQvmG1ONg60Uy,41.1407634131159,-8.63702781321603,17.644805,1777619299000,1d3db575c4a79d75,,21.37
9.813684,Braga,02-05-2026 03:51:07,0.07,86.1,yOFIIsuE37o20j6eBwd3,41.5670823532061,-8.44255676686629,17.541667,1777693867000,2a339e8954684016,,13.39
9.802599,Braga,11-05-2026 06:22:04,0.18,46.8,HKmwrVq21aDeZeP7aRDW,41.5676034836188,-8.44282016836512,17.900725,1778480524000,8f8c45c33ff51d0e,,20.25
9.804626,Braga,09-05-2026 04:49:06,0.65,83.5,QQbwO7Vb1BBCgqIvo7oQ,41.5516934328358,-8.4355288056525,18.397789,1778302146000,c31244cee16e0c77,,11.28
9.785834,Braga,04-05-2026 21:52:52,0.38,78.1,DKWuwqVZekK6Z3JSksWW,41.5603149893854,-8.42652770742233,18.537041,1777931572000,487b076a69a53671,,18.07
9.809609,Braga,09-05-2026 17:36:06,0.16,72.9,9Q5JewYPldGL3Rwih2C3,41.5268571454043,-8.40336189583586,18.396985,1778348166000,57e7d972b508815d,,12.46
9.821861,Coimbra,08-05-2026 15:59:35,0.25,76.1,MBkv9c2uWdEVoTirV6Me,40.2058673380701,-8.4371531322412,19.032954,1778255975000,2a339e8954684016,,11.31
9.798368,Braga,03-05-2026 15:07:14,0.54,71.4,09SWkxcVWkFqMz0jYpJo,41.5663196811783,-8.44126597783859,17.305835,1777820834000,c31244cee16e0c77,,27.77
9.82219,Lisboa,12-05-2026 06:15:46,0.25,99.2,PzwqnMLLrj1UJWwVHbmo,38.7112671307038,-9.12139547706928,17.330347,1778566546000,0e52f2934d8ce165,,16.47
9.821769,Porto,05-05-2026 15:52:54,0.17,84.4,JAPp1iLPcGuZbvdW1r7Q,41.1591277915551,-8.61901822520629,16.481776,1777996374000,d0825fdf3da3660c,,31.15
9.807177,Coimbra,02-05-2026 08:18:35,0.03,76.7,uhJi6nDFkgdNdEqsqEKS,40.2119827180169,-8.42199569908174,17.594448,1777709915000,3993ad7e2565b6b0,,18.49
9.835739,Braga,23-05-2026 21:31:48,0.35,78.8,F8q2TabmTqwzHR4GSr68,41.5490720083403,-8.41266034243206,18.024095,1779571908000,7f281c8dbac1f799,,16.14
9.838478,Coimbra,11-05-2026 02:27:45,0.03,91.7,sXrMyzy8aCiozyUdXs24,40.1940959017832,-8.37965509257968,16.589742,1778466465000,0e52f2934d8ce165,,13.1
9.810302,Coimbra,28-05-2026 02:30:01,0.11,83.4,IamBHMnGOjw12iYIR8LO,40.1905190797192,-8.43518889208121,17.440132,1779935401000,cb4c1290e91970dd,,15.63
9.809532,Lisboa,12-05-2026 23:51:12,0.33,56.2,xhzbizMXTvECxiS6BAJs,38.6955563188006,-9.15896065063518,17.512481,1778629872000,8f8c45c33ff51d0e,,22.83
9.793724,Porto,21-05-2026 17:54:11,0.07,81.8,zEHeDujq1PJepvpFy4rk,41.1426195198914,-8.61184597045529,19.161641,1779386051000,2f2bd7547d602b7a,,23.05
9.80885,Braga,11-05-2026 03:43:38,0.2,75.2,NWwpMxiVS42zcHPIwmlM,41.5592167683301,-8.44668688811171,17.767787,1778471018000,b8e78b83a62a0cb7,,16.26
9.821073,Coimbra,02-05-2026 11:10:47,0.18,84.2,fqNZMF1UtDvrUFmR3PC2,40.223801876805,-8.42512785401376,19.260357,1777720247000,1b1cc9cee9f27003,,25.45
9.830168,Porto,10-05-2026 17:40:54,0.2,80.9,RqbvEn65zI52ULg7dH3V,41.1730089574701,-8.66271514029935,16.63564,1778434854000,daf96d2280390dec,,17.84
9.84066,Porto,25-05-2026 02:56:43,0.24,76.9,uBNOr4ncE2T6kZg5RGQY,41.1467402375871,-8.65710739490225,18.924611,1779677803000,330949523d665e3b,,16.87
9.836327,Coimbra,21-05-2026 14:23:44,0.37,50.9,7KLgyuGDloAptWehcqI2,40.2120348080492,-8.38895641631838,17.290695,1779373424000,c85cdb0ef48d09c8,,14.72
9.816725,Lisboa,21-05-2026 08:50:43,0.12,82.9,76h8jyuZESkJ1eJj1XL1,38.7190412970546,-9.13542872950389,18.532806,1779353443000,57e17fffc619e182,,14.2
9.785636,Porto,28-05-2026 07:01:29,0.19,84,P2IGx6PkqK9RLeN4zbOH,41.1398772858687,-8.62977821058702,16.405161,1779951689000,5e1de20fecf98844,,21.89
9.837902,Lisboa,28-05-2026 04:44:57,0.06,95.6,v4xmDTodTYrnD5AnhHux,38.7006956899132,-9.12575557056268,18.523834,1779943497000,8f8c45c33ff51d0e,,23.48
9.797172,Coimbra,06-05-2026 23:36:19,0.08,91.1,WN1qqJT72grVtaadVUrc,40.2287309377816,-8.44411028371344,18.790884,1778110579000,ae7ec9246c4649bc,,18.74
9.835925,Coimbra,12-05-2026 13:48:17,0.45,82.2,3hdUBtXcCXMFkLAHVklU,40.1962579375758,-8.44246027609297,19.737852,1778593697000,8f8c45c33ff51d0e,,14.21
9.835061,Lisboa,23-05-2026 00:18:36,0.35,79.1,nVrqLTFK0VMj53xhZ2P6,38.7357545531467,-9.15276188739649,19.31983,1779495516000,430f674c6dfe941a,,19.72
9.820171,Coimbra,20-05-2026 19:11:51,0.6,84.2,04urCU8xG51D1JS8Q9Up,40.2135412961504,-8.38820899854736,18.538501,1779304311000,e8c9832b5c388bb5,,13.54
9.813424,Coimbra,16-05-2026 15:52:23,0.36,68.6,LVSjwPTLdYBSZFDhJumT,40.2254284782711,-8.38129347934544,19.778359,1778946743000,5311a0642c2564ad,,22.28
9.809917,Coimbra,24-05-2026 01:57:20,0.07,81.8,7oSbqd97kwy9Ydcshm5g,40.1764091870683,-8.40074243818573,18.449793,1779587840000,1d3db575c4a79d75,,15.3
9.829875,Coimbra,23-05-2026 13:35:14,0.13,77.5,jEXaChj4CKTVSDgCBnV9,40.2131321867964,-8.38578567931339,17.981588,1779543314000,3bd002cf1fcfa789,,15.64
9.816574,Lisboa,15-05-2026 08:25:59,0.14,74.6,SDkKUM6bSsnGJOgF6UAD,38.695800585716,-9.11345914216739,19.172581,1778833559000,e7eb35b501d57e1f,,15.12
9.807388,Coimbra,22-05-2026 06:46:36,0.13,84.6,jVwtp8ezOoKeuGtAr4Ei,40.1836166241685,-8.3845210343999,18.401709,1779432396000,7182af742e04dc6d,,20.22
9.831665,Lisboa,19-05-2026 15:20:03,0.28,73.9,D5GkPcRnBNbzS6guTYSw,38.7179012478064,-9.11672500291559,17.804088,1779204003000,cb207a93391638cb,,14.13
9.82129,Porto,04-05-2026 03:20:32,0.7,68.4,qbSN3Eof3ijYXRd00TBy,41.1667086823388,-8.65170825124135,19.817218,1777864832000,e84878f982129128,,18.05
9.827348,Coimbra,14-05-2026 21:46:53,0.76,63.6,auoVOlrkOPhS3AKrovoS,40.1998130467706,-8.37705960856048,17.997133,1778795213000,d632e4ce536ec364,,17.52
9.772881,Braga,22-05-2026 02:02:17,0.33,84.9,eDJQaxJ4ep9Hc9vColho,41.5694325929208,-8.42645821879109,18.204537,1779415337000,3bc1bf7fb69f3ba3,,15.82
9.788445,Coimbra,28-05-2026 02:01:35,0.07,72,76PJyswv1xiAhuhbCaVw,40.2181914102036,-8.4142889418898,16.576954,1779933695000,b572bc65fae8bec1,,15
9.823265,Lisboa,08-05-2026 14:15:54,0.14,106,8xcJzIF4ZrsfiXmv7RLL,38.748316004195,-9.17332580714417,17.046003,1778249754000,5e1de20fecf98844,,16.53
9.810632,Coimbra,16-05-2026 10:27:16,0.27,76.5,zMj3zpuBbcyPlvQwexfE,40.2117132289929,-8.37970132506073,18.298105,1778927236000,d5eb4d757b335d0e,,21.63
9.7735,Porto,24-05-2026 21:49:09,0.19,72.6,Skhm8rAWfzrRyeuj8SZ6,41.167028056606,-8.62017679050228,20.471806,1779659349000,17b4966e9be4d8d8,,25.23
9.839879,Coimbra,07-05-2026 20:26:13,0.73,76.7,2RYq54XCcVRGgagrHSgk,40.2178811663655,-8.42809870023712,18.938231,1778185573000,06bf6a628379e030,,21.91
9.813594,Coimbra,14-05-2026 05:27:00,0.08,79.5,X1JM49QqpCXY8tJQW63P,40.1802042693926,-8.4061730619498,17.683954,1778736420000,552b8d6c350cb13c,,20.43
9.817344,Porto,26-05-2026 00:23:55,0.45,79.7,FW7MpaUaH2buGIZLM3av,41.1746128728069,-8.60082386417107,15.300591,1779755035000,75778bdb64d1008e,,20.04
9.824355,Porto,10-05-2026 08:23:01,0.02,91.5,sT1bvcJ1VhSU5dvy8Tov,41.1604113283067,-8.64575615085248,18.052275,1778401381000,6f36a3307488809f,,21.94
9.839823,Coimbra,02-05-2026 20:18:56,0.08,77,l9gXpegASAKtAb4i9Oek,40.2200593882584,-8.403844183583,19.598397,1777753136000,3cc68b8049eb8d4c,,9.5
9.7962,Lisboa,21-05-2026 11:41:42,0.33,94.7,qjGhjTRUUwKH3mzXkdD0,38.7442087742997,-9.10726822402418,18.648645,1779363702000,8f8c45c33ff51d0e,,16.21
9.792364,Lisboa,13-05-2026 18:57:10,0.46,74.1,5SUuMe2lya3LjapofU1q,38.7288822836977,-9.11690334463203,17.623921,1778698630000,34cbefbc28798720,,18.41
9.794926,Coimbra,18-05-2026 04:23:00,0.16,88.4,T53hWAzwF236GOgnbsKN,40.1962499794565,-8.37716727030836,17.857332,1779078180000,c837debb39dd1e68,,11.27
9.777733,Lisboa,25-05-2026 08:04:04,0.4,80.1,RWzsPgzrwcHyj4UT7K4u,38.7411657101632,-9.15292092449698,20.28282,1779696244000,91d55d217a2af234,,9.75
9.793996,Braga,07-05-2026 04:03:24,0.11,80.2,obEjr5UJ6Fyqg6lAg5nQ,41.5612925834373,-8.45318265029717,16.799851,1778126604000,53c682ded6545e06,,14.17
9.790187,Lisboa,18-05-2026 14:58:14,0.59,77.1,quIzhGVaSu2GmKpt49cH,38.7392961524646,-9.10936922425186,18.458124,1779116294000,c6a2d85265d19a41,,22.73
9.82014,Braga,14-05-2026 13:21:14,0.84,91.1,jROEGHwKI7GhLlaBNyxy,41.53832561821,-8.41686860779511,18.355682,1778764874000,3993ad7e2565b6b0,,23.23
9.822075,Braga,23-05-2026 01:21:23,0.5,86.3,fRbAiKsx36biVyQWKsrD,41.5666769404761,-8.46129500186438,19.871894,1779499283000,c837debb39dd1e68,,20.05
9.824994,Braga,14-05-2026 11:23:45,0.19,72.4,41PsSpNebVnl8pVSh0HB,41.5603550456325,-8.41445466846412,19.141387,1778757825000,6588d11c4a11acb1,,17.61
9.850038,Coimbra,03-05-2026 10:10:51,0.34,80.4,BBOF9VqEEPOiWdT7gfQ3,40.2284819595931,-8.38507704838346,18.483047,1777803051000,330949523d665e3b,,20.34
9.776573,Porto,25-05-2026 17:22:25,0.22,83.7,pVD2JlzbYfPICETEYNWw,41.1468448624275,-8.62542031346592,17.150175,1779729745000,487b076a69a53671,,24.98
9.805725,Braga,14-05-2026 17:08:16,0.11,70,iunLo8Niiqix4WFECXlD,41.5285730049872,-8.39524452377517,16.615275,1778778496000,bc74204126e384ca,,23.74
9.796086,Coimbra,17-05-2026 11:03:11,0.41,85.3,kgQZHH4wlfg77sHtBcoT,40.1899217088994,-8.41412494213778,17.705933,1779015791000,1d6285f5502cf1f8,,20.13
9.789398,Coimbra,20-05-2026 05:38:54,0.28,104.5,XIFI1G3tlZYbWVYQsDv5,40.1865386199311,-8.42936910383802,17.876792,1779255534000,517fc5ca69b652a5,,14.91
9.809633,Porto,16-05-2026 09:36:09,0.03,78.8,Af2ATQTPEL8sAVCPCHQY,41.1390115070159,-8.59515005081105,17.723562,1778924169000,64a94f9052422a0c,,21.49
9.82218,Porto,26-05-2026 02:05:35,0.91,84.2,BnTAV6f3o3KuNTsXOuYL,41.1589701449312,-8.61032910098836,19.031975,1779761135000,19a558ecc36977ce,,11.38
9.822926,Braga,28-05-2026 04:46:04,0.28,94.7,VClo8Ov9OdfNrDnFFKBi,41.5564302199495,-8.45791145952411,17.841145,1779943564000,923d0315f3ae2bb3,,15.6
9.811364,Braga,01-05-2026 23:40:50,0.52,88.2,JTPhbYbgVqlG0AQAMdzl,41.5621449188246,-8.40526610428054,18.416708,1777678850000,552b8d6c350cb13c,,17.72
9.771495,Porto,18-05-2026 03:19:07,0.17,87.3,SE5lrkQlE2R5Ps4USL9z,41.1309844778416,-8.64594274642493,18.408586,1779074347000,55b620d8c0ab41e0,,23.21
9.796699,Coimbra,15-05-2026 10:30:32,0.02,65.7,Hm2c8whDhLDjVvelPn36,40.1951768243919,-8.39904195814262,17.469199,1778841032000,f879804e4456e5d4,,14.63
9.808403,Lisboa,16-05-2026 21:37:10,0.55,73.9,8BDxRCREFCnq5UY0iyZ1,38.7064062693727,-9.10863757498379,17.917226,1778967430000,06961ead71f8b1d8,,13.45
9.814633,Lisboa,03-05-2026 08:01:36,0.33,73.4,QeatTPLCMfqaE6EeO5RO,38.7240297545097,-9.14053848651549,19.748499,1777795296000,057c44d337463e07,,20.72
9.778979,Braga,21-05-2026 01:06:17,0.47,95.1,8QKMcE1qzz4TAMWF1QrE,41.5652423948194,-8.46042210547711,18.26777,1779325577000,a2fd30e5fa49ad53,,23.29
9.798966,Braga,05-05-2026 08:58:36,0.23,61.3,hW7ksXoxyBGQZpYVdnjw,41.5612573701378,-8.39778939915129,19.758267,1777971516000,82a83fc853728306,,12.04
9.80999,Braga,28-05-2026 19:23:08,0.15,80.3,Tj4xuICUV4yFnuUaEJWf,41.5392902913347,-8.39122377595798,17.516468,1779996188000,cbf338d836298cb7,,18.29
9.798757,Porto,11-05-2026 20:58:33,0.06,65.8,MtZD1yr8UAVR98elRyfq,41.1666040711284,-8.65234842574314,18.932124,1778533113000,d632e4ce536ec364,,21.48
9.793805,Braga,12-05-2026 11:35:00,0.09,67.5,XKzl396CvzStqoL3WcLu,41.5538380919815,-8.41422137729487,19.451597,1778585700000,cb4c1290e91970dd,,20.58
9.824079,Porto,20-05-2026 02:10:04,0.13,88.9,znbdPzmyjT7hYdwReyqd,41.1648955581099,-8.60494090186007,18.074688,1779243004000,330949523d665e3b,,20.65
9.799077,Coimbra,03-05-2026 16:37:50,0.22,65.9,t16GgfnVPxW35Wm37SUE,40.2038625525152,-8.38413090614323,19.256815,1777826270000,e1bd0a847e7079be,,13.53
9.826438,Braga,08-05-2026 18:31:12,0,96.8,7O4kWZMuLVIzCDESdvxt,41.5510350156722,-8.43624829764643,17.008436,1778265072000,0e52f2934d8ce165,,18.49
9.810386,Braga,06-05-2026 02:10:53,0.1,79.8,izGKmE0qAbkepBWI2Ise,41.5301120945006,-8.41240065507519,19.785611,1778033453000,6f36a3307488809f,,18.42
9.821963,Lisboa,07-05-2026 13:45:40,0.23,70.2,MeHrlSOPxeULwYAWfEBQ,38.7222849972428,-9.16812136665313,17.525572,1778161540000,42d576864f9952c7,,18.29
9.807823,Lisboa,08-05-2026 12:44:58,0.39,90.3,Sxx4iSIuJFQb35BmaYQj,38.7134438068559,-9.13237619852585,15.914584,1778244298000,c34c1310eab19c87,,17.15
9.819371,Braga,09-05-2026 14:36:40,0.37,81.5,7oZpw8jI2CHNFgxU5mwZ,41.5479346533524,-8.39982076407123,18.626744,1778337400000,a8c47673d6a4f85c,,15.74
9.763492,Coimbra,20-05-2026 22:18:43,0.31,77.6,Qt2VFrArRxucDRj5HpgW,40.1925173100183,-8.37896295108633,17.681444,1779315523000,514af2be7dc985d8,,18.11
9.818427,Porto,27-05-2026 17:31:41,0.19,69.8,wURdHId7IEuzVt078wWb,41.1807582927443,-8.65614642243482,19.645549,1779903101000,c85cdb0ef48d09c8,,17.31
9.787419,Lisboa,16-05-2026 12:53:50,0.67,79.3,agaJ5PJ4R0AFMFZ9qqFB,38.7246185784012,-9.12888254348775,18.794322,1778936030000,514af2be7dc985d8,,19.81
9.843513,Porto,27-05-2026 14:31:42,0.12,78.1,Bym1yYOsyWvp7oot0CCr,41.1626666947486,-8.63293453949945,17.102225,1779892302000,b8e78b83a62a0cb7,,16.57
9.779496,Coimbra,24-05-2026 06:40:17,0.09,78.1,53jjY37SB65kGhN7ewal,40.228899635782,-8.43160757467151,18.168696,1779604817000,5afe6ceac06784f5,,15.51
9.811667,Braga,25-05-2026 05:04:13,0.1,76.7,sudu9khMsau6OaqEiWAb,41.5445858560622,-8.44765930895925,17.992029,1779685453000,c31244cee16e0c77,,18.16
9.825223,Coimbra,21-05-2026 17:34:10,0.1,78.8,Merw8LFCpAybKIWV7uLh,40.2229721064556,-8.40028875521583,17.744416,1779384850000,de2dde23040292bc,,15.14
9.802802,Porto,12-05-2026 06:07:12,0.27,100.3,BxnNCPHHwHCZtGVMRRw5,41.1546105173697,-8.64358522904475,17.794146,1778566032000,95744df47936b8c4,,16.45
9.822652,Lisboa,12-05-2026 12:07:43,0.68,67.6,OkfjoGrGDCxy50eY26Nf,38.7210834676539,-9.14045085544831,17.52558,1778587663000,131c7dd8f3ab4b35,,17.03
9.861606,Coimbra,27-05-2026 02:39:35,0.54,85.4,oiUl0McOXb6duLauswVh,40.1942339376638,-8.41081073516424,17.71195,1779849575000,53c682ded6545e06,,17.79
9.815074,Coimbra,18-05-2026 16:27:50,0.04,66.9,cuUKeKort7lsAi3QV3Eg,40.1887261809025,-8.42287916461685,17.137435,1779121670000,d0825fdf3da3660c,,13.58
9.815192,Braga,03-05-2026 16:27:28,0.25,87.7,WAvpmx4Ym4TxN8Eu760L,41.5285759499524,-8.44567104592222,18.639578,1777825648000,8f8c45c33ff51d0e,,16.01
9.824291,Porto,08-05-2026 14:15:17,0.04,83.1,lUThMz6aHFJFWOuOEGP3,41.1616973758359,-8.5934155603657,17.252598,1778249717000,57e7d972b508815d,,16.01
9.811478,Braga,10-05-2026 05:46:06,0.09,104.4,28BpdL7EDoLP0GUp3B2y,41.5604264604591,-8.40580930782298,17.290289,1778391966000,9d16533a62ab9315,,14.67
9.800165,Coimbra,28-05-2026 15:22:44,0.12,101.8,GZu7vaY4WdRPsrxQcCTi,40.1777701401307,-8.41033405114379,18.827036,1779981764000,c837debb39dd1e68,,16.5
9.815224,Coimbra,02-05-2026 07:41:35,0.17,87.9,fb7CNoTlS8jzwjCHkwsy,40.184782195762,-8.40253699623111,17.344112,1777707695000,2b95dd3cf28e7c18,,24.64
9.829692,Braga,04-05-2026 19:21:12,0.24,87.9,wBFheDCunLJ1X9U8YCkr,41.5192477561464,-8.41775875183867,18.529267,1777922472000,42d576864f9952c7,,26.07
9.835481,Porto,17-05-2026 10:39:03,0.12,54.5,OEjBHn3N8xcXDVSbwfZm,41.15058657317,-8.6117678636176,14.961774,1779014343000,5e1de20fecf98844,,14.67
9.800181,Porto,09-05-2026 19:39:50,0.12,93.8,XiIguyJpJCYb07lE38H7,41.1529722787331,-8.6351671912643,17.087039,1778355590000,8e2e127651e9cbde,,22.26
9.810357,Lisboa,28-05-2026 00:39:21,0.36,80.4,jhs9UKktfoEgEpa34BSm,38.7074172915307,-9.13451297944723,17.180343,1779928761000,daf96d2280390dec,,14.7
9.810929,Porto,26-05-2026 18:18:15,0.46,80.8,cAJqR6Gn3BX7WH7hBCkm,41.1756593778619,-8.62700697438036,18.655984,1779819495000,6f36a3307488809f,,7.17
9.815253,Coimbra,03-05-2026 05:30:35,0.29,65.5,zEEx7wKwCYpV6WYusgZa,40.1992806033125,-8.39851320985136,17.293084,1777786235000,2618243a251bd83f,,15.35
9.782497,Lisboa,22-05-2026 10:52:20,0.42,82,5QiwasclvS0ZVIPNVGJe,38.7462458843037,-9.12149707514888,18.559165,1779447140000,0e52f2934d8ce165,,26.95
9.783413,Porto,16-05-2026 19:02:27,0.76,77.2,CjnvFGsWxYEOjcHbjs8h,41.1648218702184,-8.59955411657798,18.242478,1778958147000,514af2be7dc985d8,,20.57
9.824413,Porto,03-05-2026 21:03:04,0.27,80.8,DV87WtLphzyaHQhBXR0h,41.1737204459164,-8.65881857553345,20.640468,1777842184000,4c885efe7bde3ff4,,24.85
9.79955,Porto,19-05-2026 13:32:09,0.12,65.5,foPsbTrCQPwccc31tvJt,41.1494369163931,-8.63865893344404,16.972567,1779197529000,ae7ec9246c4649bc,,19.81
9.786376,Porto,07-05-2026 16:31:26,0.25,79.3,OEbz35KNRc7PytMYtNpv,41.1821440310015,-8.62524627095884,17.93568,1778171486000,06bf6a628379e030,,14.21
9.833496,Coimbra,25-05-2026 13:46:35,0.1,61.2,c6RoYPznJnzsFi3ktxuX,40.2113527237179,-8.39339476888459,17.891836,1779716795000,c85cdb0ef48d09c8,,18.06
9.81361,Porto,11-05-2026 17:24:12,0.01,86.1,weYWXs3PQlqrPO3YNO1T,41.1570637168514,-8.62738025683565,17.455552,1778520252000,e84878f982129128,,16.37
9.799575,Coimbra,16-05-2026 08:22:25,0.22,86.2,taRKyhVCdKLG8CneF0a8,40.2030740209683,-8.43393483164325,18.657759,1778919745000,cb4c1290e91970dd,,18.85
9.798074,Porto,26-05-2026 21:20:39,0.16,85.3,Jgo5bo2OIsyMgRlJgxdg,41.1788271757326,-8.5954165625412,19.115594,1779830439000,3bc1bf7fb69f3ba3,,21.86
9.819825,Coimbra,20-05-2026 20:20:57,0.73,68.7,jxCohj3woAgiCzLGCzlX,40.1899286334165,-8.42719031083905,17.146209,1779308457000,95744df47936b8c4,,21.8
9.795734,Coimbra,11-05-2026 16:52:01,0.7,77.4,WvXFg7Bc5rly880fq16X,40.1827655607573,-8.38175414496023,20.230497,1778518321000,1b1cc9cee9f27003,,13.72
9.816538,Lisboa,17-05-2026 03:56:10,0.03,79,2qqXgxlBqs9wRQGVOjM5,38.7194810517339,-9.11184586570026,18.6564,1778990170000,7182af742e04dc6d,,24.69
9.81503,Coimbra,18-05-2026 22:02:41,0.1,86.6,fQR1KZ4h1o7U0DJcqMGF,40.2161811953148,-8.4254441297153,18.932561,1779141761000,487b076a69a53671,,16.15
9.831508,Coimbra,27-05-2026 13:58:41,0.32,91.1,mCpMz7uVkt5l0EQAaTZF,40.1835919769582,-8.40302180298698,17.49136,1779890321000,cb207a93391638cb,,17.33
9.814789,Lisboa,22-05-2026 04:37:37,0.48,66.3,2W5raYkBShmwmsjuwvyf,38.7309343809022,-9.16552768593915,18.282512,1779424657000,91279a646f8ea6ac,,19.14
9.79846,Braga,08-05-2026 09:36:02,0.18,66.7,fnIq8h3Sxwe1aKQwr7i3,41.5261424130248,-8.39441749380694,18.197664,1778232962000,0f98939ac68105bb,,20.69
9.813236,Lisboa,17-05-2026 11:16:35,0.1,83.5,xz5IGOdG5rP4H7lSaCkE,38.7370275245214,-9.11394880298362,18.409485,1779016595000,72bd2672c948d2cb,,23.93
9.824096,Porto,15-05-2026 21:30:34,0.09,88.1,SQlQNnFH7gUYpjAEkCpp,41.1390700190888,-8.65146696569421,16.410941,1778880634000,7182af742e04dc6d,,13.82
9.819098,Braga,22-05-2026 16:58:31,0.13,79.9,UBCsB4Nv6GYG3hLO2sWy,41.5658337267032,-8.45352965018217,19.625521,1779469111000,d4389e820d4f82fa,,20.9
9.835178,Coimbra,15-05-2026 06:47:39,0.24,80.9,RjKsrMNmYemAFwO4Fk31,40.2108689303877,-8.41328335231081,18.017312,1778827659000,34cbefbc28798720,,14.78
9.814564,Porto,20-05-2026 13:18:47,0.18,93.5,I0akpBiId3h3MoGH1SV6,41.1585529071963,-8.65740183038555,18.703678,1779283127000,c9ab51cba10ae1e9,,18.65
9.777294,Lisboa,18-05-2026 03:59:13,0.04,70.8,X4Q5pKEI6gxFpqZf3uLZ,38.7468719750558,-9.16892627799377,18.929586,1779076753000,c9ab51cba10ae1e9,,19.85
9.78665,Porto,21-05-2026 16:41:01,0.61,78.6,GA2lpTywdszc8jA6PlZj,41.1320603672523,-8.6378803129345,18.507873,1779381661000,9d789fd91804129f,,16.69
9.824387,Braga,07-05-2026 02:04:10,0.14,81.7,dHsceu3E2N4LF7PbziTN,41.5366169348708,-8.39363748952886,17.205203,1778119450000,8e2e127651e9cbde,,14.71
9.82891,Porto,24-05-2026 04:27:37,0.09,79.2,wl39BHzA7xdInAJfWzJ7,41.1329071689337,-8.59332232344033,17.612515,1779596857000,fb188f553674b4c4,,21.59
9.797844,Braga,11-05-2026 23:21:01,0.24,78.6,mdHRDf7rWmLbmNaM59jb,41.5245403539179,-8.45954719556726,19.210812,1778541661000,102edb38b5ec347f,,15.9
9.849194,Porto,19-05-2026 23:43:30,0.31,83.1,zYcEaOlP7sFsG0u5PCNH,41.1493296077591,-8.60826644625983,18.528246,1779234210000,e7eb35b501d57e1f,,16.47
9.818681,Braga,12-05-2026 02:07:09,0.02,79.6,h4v8ljMY0nliKDQRl9Xu,41.5218079696835,-8.45043696403011,16.927088,1778551629000,1b38ab967d98cc4e,,21.96
9.786877,Lisboa,13-05-2026 01:53:52,0.11,68.9,R825sFX4xspPfGIzYtxM,38.6973072979003,-9.15337021549471,19.499721,1778637232000,867d47425e9cccc7,,16.59
9.824019,Lisboa,24-05-2026 02:03:29,0.24,90.7,O11KlVrWBnzAM1HpE1wx,38.7198441724202,-9.17030022569861,17.752811,1779588209000,f879804e4456e5d4,,13.64
9.765849,Lisboa,17-05-2026 07:40:48,0.35,77.4,pIFxca3VFVDcNLdUmhCY,38.7303095018889,-9.15451725436862,16.991683,1779003648000,ce246387dd078174,,20.8
9.790997,Braga,12-05-2026 00:29:56,0.21,81.1,xLTGasmnphZWxRALAqbh,41.5235294279293,-8.39916819046322,17.341502,1778545796000,daf96d2280390dec,,18.68
9.801698,Porto,05-05-2026 09:35:51,0.07,87.1,NRm66nula27BklZydRKn,41.1354033670025,-8.63586307432718,17.928206,1777973751000,330949523d665e3b,,24.23
9.823246,Porto,07-05-2026 07:59:19,0.03,73.1,yz17oohygsd5J9jmgaeE,41.1843434132435,-8.61165404725481,17.777347,1778140759000,556be8558ce56421,,18.32
9.803404,Porto,17-05-2026 03:38:26,0.26,60.1,XCZZoOwkZAoxMxfEZBpx,41.1312066736514,-8.60542816582894,16.542682,1778989106000,93279918e60ec274,,19.54
9.810011,Braga,02-05-2026 08:46:28,0.03,83,TlZ7HYWyEgdzAuVBbksL,41.532641565641,-8.44527312331319,16.445713,1777711588000,8dc02e5c153f83a3,,20.05
9.848444,Braga,22-05-2026 15:20:16,0.13,84.1,CsfQtLcxEfFvmjiTF3RN,41.5706105652701,-8.43614425635285,16.550377,1779463216000,131c7dd8f3ab4b35,,14.37
9.819061,Coimbra,17-05-2026 21:18:16,0.08,90.7,zhuHD86HNT627HMZThz0,40.213781313434,-8.39773680924685,18.698948,1779052696000,de2dde23040292bc,,20.83
9.820131,Braga,16-05-2026 09:37:16,0.05,73.4,9hfeqkUqhksSZGtx4t9A,41.5237262006847,-8.39253095303526,17.021753,1778924236000,39a54d73a921b9f6,,18.07
9.816617,Coimbra,10-05-2026 21:33:01,0.39,96.8,e7VE514TqfK57aRAzMut,40.1880089946545,-8.3809365539176,18.688125,1778448781000,131c7dd8f3ab4b35,,23.92
9.825177,Lisboa,24-05-2026 02:05:52,0.18,88.3,0amqa5hPYf7Fz46fDbyg,38.7306513277902,-9.13634118463707,19.303511,1779588352000,42d576864f9952c7,,13.65
9.782281,Braga,06-05-2026 00:37:10,0.65,79.9,iCnIo2fQ8HO1PfDkb8p9,41.5535135770108,-8.45992247096129,19.662927,1778027830000,3811390588367f0e,,22.88
9.801333,Lisboa,21-05-2026 11:32:16,0.02,76.3,abeKeQX2P7V6us2iXzUd,38.7206869436026,-9.14755859901324,17.873354,1779363136000,91279a646f8ea6ac,,18.51
9.821165,Coimbra,15-05-2026 02:55:56,0.28,78.3,hA3rnrWSlt9QT1e1hq4E,40.2061595913804,-8.37782841187027,18.547113,1778813756000,f7c6682ad24d37f8,,15.57
9.836702,Lisboa,22-05-2026 04:33:25,0.03,66.4,r6WHjio81dPB54siVeYf,38.7426931265538,-9.12830336258696,18.833619,1779424405000,bc74204126e384ca,,15.11
9.816191,Coimbra,03-05-2026 15:51:47,0.26,85.4,HZ88MZwgOSvNjpr6SBzu,40.2260105486971,-8.42714771422559,18.003713,1777823507000,c34c1310eab19c87,,17.37
9.798965,Braga,14-05-2026 21:56:29,0.23,103,qumW7og8BW3rLYuaBcXu,41.5218899756029,-8.40820501103313,19.033895,1778795789000,17b4966e9be4d8d8,,16.43
9.788267,Lisboa,11-05-2026 08:23:23,0.19,81,7Pg7oPRsPBV4YpOgWRa8,38.7008835874433,-9.12607798097829,18.898777,1778487803000,102edb38b5ec347f,,24.25
9.868905,Coimbra,03-05-2026 05:01:35,0.2,82.5,EIBK1RVuCVydhJZXHoar,40.2056393855863,-8.38570738991715,18.521779,1777784495000,3cc68b8049eb8d4c,,16.94
9.828519,Porto,14-05-2026 12:15:16,0.71,67,sFt1FpprSoxP1P2MEpBW,41.168456987966,-8.64181570255965,19.394567,1778760916000,3cc68b8049eb8d4c,,11.26
9.795819,Coimbra,25-05-2026 08:49:45,0.35,88.2,xj18x1peQZ1SEZ3udqaY,40.1781591034167,-8.39864434977586,16.873581,1779698985000,daf96d2280390dec,,20.85
9.771053,Braga,06-05-2026 14:39:18,0.33,79.1,uNzJKSCrPbVNwkKbuUYQ,41.5439834860569,-8.45661539393375,17.549537,1778078358000,c0014ea2ee2fdaea,,11.97
9.812924,Lisboa,28-05-2026 16:42:03,0.19,74,GeHrCUjyzGdz8nV4MMO5,38.6970554770416,-9.14967517101089,17.117598,1779986523000,8dc02e5c153f83a3,,14.91
9.76958,Braga,05-05-2026 14:30:26,0.05,81.7,Mw3rcZSUU75O17YylVFG,41.5339530746115,-8.43183768024595,16.631195,1777991426000,1b1cc9cee9f27003,,18.78
9.830541,Porto,03-05-2026 14:49:39,0.08,77.8,GZmfWhj9Q0hD7LvMi4Jj,41.1584682151394,-8.62675172886857,18.183852,1777819779000,24d6a87b0598b02e,,13.18
9.851132,Braga,09-05-2026 23:58:47,0.2,75.3,yFFiwa0ST1nH2w8W5BhB,41.5297220175562,-8.39363007074192,18.820347,1778371127000,923d0315f3ae2bb3,,17.44
9.822136,Braga,13-05-2026 16:19:35,0.43,82.5,mrYlFPTFmjmuPFoSF3ql,41.5556096170573,-8.41212000875445,17.919863,1778689175000,1b1cc9cee9f27003,,15.55
9.800765,Porto,08-05-2026 07:59:56,0.34,67,MqlcCMp5EqhxPGDeNTNs,41.167416649065,-8.64276187899269,19.742758,1778227196000,9d789fd91804129f,,21.91
9.835411,Braga,16-05-2026 23:38:47,0.19,76.6,iQ92Yvo835PZ6a3XKxwS,41.5368884830589,-8.39204538096059,17.246824,1778974727000,91d55d217a2af234,,20.58
9.796382,Porto,12-05-2026 14:52:00,0.31,86.8,ggQ4OepPndgbEvmx8WRc,41.1377936019603,-8.65430426880421,18.658062,1778597520000,574582321d04df00,,25.59
9.8427,Braga,28-05-2026 23:59:17,0.25,84.4,9H1X0sTU4gkni0Uilo2k,41.5652966322581,-8.43335394103206,16.782712,1780012757000,c9ab51cba10ae1e9,,16.45
9.825064,Porto,26-05-2026 10:10:51,0.13,98.3,u4T3ZEd8XWWUKtnL11gp,41.1610166615222,-8.60863372597656,19.123787,1779790251000,b572bc65fae8bec1,,17.02
9.822455,Coimbra,18-05-2026 03:34:32,0.59,88.2,4C9HnENkho8hB08VJliy,40.176944596575,-8.40840575135248,17.999016,1779075272000,d5eb4d757b335d0e,,21.8
9.792322,Braga,14-05-2026 12:15:00,0.15,81.4,C4VZoIhgoYnCdQqKrzkt,41.5475768654461,-8.4483370733707,18.613009,1778760900000,d632e4ce536ec364,,8.58
9.783714,Lisboa,24-05-2026 16:53:04,0.17,77,aau6o6wuP8GHi2n6qJUg,38.7122106136597,-9.17174947059996,18.442948,1779641584000,04964f8452901231,,19.89
9.802332,Porto,27-05-2026 23:05:41,0.22,76.7,lKPVoHudZ7iU6IrFELJW,41.1729689671347,-8.66299382004414,18.790526,1779923141000,cb207a93391638cb,,14.32
9.827001,Braga,18-05-2026 04:33:51,0.01,82.1,DexBXsgu42Z8pnVcCXby,41.5703225774664,-8.42538561190748,17.180291,1779078831000,c34c1310eab19c87,,12.58
9.797047,Coimbra,03-05-2026 22:53:59,0.71,76.7,4QSznW5ofgKYeTBSfg9L,40.1987690036225,-8.38260550476924,18.309692,1777848839000,fb188f553674b4c4,,21.7
9.840802,Braga,27-05-2026 03:20:32,0.16,89.7,i4d5as6xHicEjZgzl1rC,41.5198839786713,-8.45553917182495,17.507917,1779852032000,34cbefbc28798720,,21
9.776262,Lisboa,14-05-2026 02:35:30,0.18,77.5,Epjx4Y6udXB8v1iKQMbv,38.7021568363678,-9.14403431821824,18.696683,1778726130000,2618243a251bd83f,,20.68
9.815897,Braga,22-05-2026 09:59:07,0.16,78,Ohib0Ck65VUcNwEJ0QMb,41.5391678532833,-8.39654332021282,17.023036,1779443947000,5e1de20fecf98844,,14.62
9.811235,Braga,16-05-2026 13:47:02,0.55,81.7,6IgKMWZY92AI3Z87Vqru,41.53534391401,-8.39220633569302,18.816381,1778939222000,9d789fd91804129f,,21.09
9.808454,Coimbra,27-05-2026 03:32:55,0.2,103.7,f0UCqslcuqd79Ox5f56x,40.1939386565635,-8.39587348265451,17.647367,1779852775000,8f8c45c33ff51d0e,,16.42
9.808476,Lisboa,14-05-2026 14:55:55,0.42,76.7,KYldhUzPFZuMVMRpc7be,38.7179706663004,-9.11870429840331,17.681928,1778770555000,9d789fd91804129f,,17.61
9.834571,Braga,04-05-2026 19:23:14,0.4,102,3cwVOIdyOEbKe1qYYr9B,41.5661502704036,-8.40023014099329,17.459192,1777922594000,8e7f2987241c2818,,15.22
9.806813,Lisboa,03-05-2026 09:07:00,0.05,97.8,c4scbsTAq2wqNDyHYnsU,38.7120037677474,-9.15609256095864,16.529306,1777799220000,9d789fd91804129f,,16
9.825141,Coimbra,01-05-2026 22:03:04,0.06,86.9,5JLMj3szBiuCBdf9mHcS,40.1952543611507,-8.4201078118923,18.568556,1777672984000,d0825fdf3da3660c,,8.91
9.812077,Coimbra,05-05-2026 07:53:55,0.25,88.6,hkQ5gY0ywlRQxdJRhxKv,40.2088316650595,-8.39343880842028,17.225738,1777967635000,57e7d972b508815d,,10.53
9.841798,Porto,02-05-2026 01:05:21,0.07,72.8,3172eXFqeOBRrE8ZE2XU,41.1475468686715,-8.65715443737543,18.515715,1777683921000,131c7dd8f3ab4b35,,24.05
9.806922,Coimbra,05-05-2026 22:16:57,0.05,74.6,cS95oX0kSphLDzEdkxt9,40.2237171111176,-8.38777695252964,19.141002,1778019417000,e8c9832b5c388bb5,,17.32
9.790903,Coimbra,15-05-2026 04:48:55,0.37,64.6,yLAsxW8PGM5WlqRtf8QI,40.1816805492416,-8.40960034054276,19.025294,1778820535000,c9ab51cba10ae1e9,,16.72
9.79785,Braga,04-05-2026 06:25:20,0.03,72.8,f2ZYp3COir8VRRrXF7TM,41.5284018818826,-8.39801966942085,17.588395,1777875920000,39a54d73a921b9f6,,16.91
9.836986,Braga,16-05-2026 18:12:13,0.48,95.4,fT2r61tH66Ktb4aKQtyv,41.5605815947061,-8.42956220029947,18.644579,1778955133000,5afe6ceac06784f5,,14.89
9.815892,Coimbra,28-05-2026 18:37:31,0.19,73.5,7nCHcupr2jwhKg2IDhBi,40.1988753467939,-8.427647454542,16.566187,1779993451000,102edb38b5ec347f,,14.58
9.849241,Coimbra,23-05-2026 05:17:42,0.36,72.1,BS8zWdSNfLhMm5xky1qi,40.1928570095644,-8.41488034772801,18.529169,1779513462000,ae7ec9246c4649bc,,17.56
9.806088,Lisboa,11-05-2026 05:21:38,0.16,94.1,CB3LF272aHYwAW2CuKhb,38.7264507584052,-9.12901176901121,17.436095,1778476898000,75778bdb64d1008e,,16.3
9.799948,Lisboa,11-05-2026 07:38:49,0.09,88.7,5ULPQ0AFcQt2rYCE9E60,38.7409686354347,-9.14372478206157,16.096794,1778485129000,4c885efe7bde3ff4,,17.81
9.779259,Porto,22-05-2026 20:36:57,0.29,101.8,2D87dix8VbSfxx9sqNsc,41.1455713416212,-8.63946843382648,17.907394,1779482217000,53c682ded6545e06,,19.03
9.804227,Lisboa,18-05-2026 23:19:00,0.13,77.1,OnFq86r7VJrwvUvTQPEy,38.7200477089432,-9.151497679324,19.460443,1779146340000,95744df47936b8c4,,21.07
9.83957,Coimbra,14-05-2026 04:18:19,0.1,69.5,aT5vbK5v8nXaRCkE7UEi,40.1876681557551,-8.38710407696067,18.094816,1778732299000,f7af4712fd6b9108,,19.4
9.837525,Braga,25-05-2026 15:17:30,0.12,77.8,JFd8TJLr183kV4PB0zbp,41.5440393431305,-8.42132066436883,18.491506,1779722250000,04964f8452901231,,10.89
9.805263,Coimbra,27-05-2026 05:30:08,0.28,78.7,YOlXDBR4tqIlP5XM90Zs,40.2262567777074,-8.38831444053739,19.142322,1779859808000,da211edc7bac01a0,,13.75
9.807283,Braga,24-05-2026 09:30:28,0.41,82.9,1zZgBwoEF3XDRHqirFgA,41.5557660580871,-8.45924336110582,18.206727,1779615028000,a8c47673d6a4f85c,,21.74
9.824012,Lisboa,06-05-2026 10:08:08,0.33,81.2,m8RBLvb21REZlvMlwcgy,38.7257695734636,-9.16943383323245,16.719431,1778062088000,95744df47936b8c4,,18.43
9.799146,Porto,26-05-2026 17:41:02,0.22,89.2,ENGjndEQcbHemnW2Vt0V,41.1497288824287,-8.6209917980098,17.834535,1779817262000,6214b1b462c04096,,13.37
9.820215,Porto,24-05-2026 07:37:09,0.23,69.8,ol1BK3TlWXrNsgJafSyR,41.1385366120007,-8.5970440492055,17.070799,1779608229000,8e7f2987241c2818,,17.45
9.833404,Lisboa,06-05-2026 17:27:39,0.13,79.9,SlK2tA5qcpegIjJDM5gq,38.7443118561936,-9.13146683679064,16.437789,1778088459000,fb188f553674b4c4,,20.21
9.794392,Coimbra,05-05-2026 15:43:04,0.11,81.2,PjbZm0oK05VdxM8yBRBP,40.2257015353171,-8.40392799838632,18.742569,1777995784000,a2fd30e5fa49ad53,,17.37
9.808821,Lisboa,15-05-2026 01:58:08,0.63,84.9,mJRnUEw43RV4s4kHGtyp,38.7036258638331,-9.13418103729009,19.327268,1778810288000,18d281edb3671f44,,17.65
9.810064,Coimbra,27-05-2026 16:40:18,0.28,74.8,XudVpa0Ul3CEYiRYfDKn,40.2151533482761,-8.42858936484348,17.537313,1779900018000,e8c9832b5c388bb5,,14.91
9.823067,Porto,17-05-2026 00:29:07,0.4,69.3,mkBCNMjr31POtRXSGpSD,41.1525556756888,-8.63930257803665,18.975113,1778977747000,3bd002cf1fcfa789,,18.08
9.810006,Braga,23-05-2026 09:31:53,0.08,74.4,TFL4pUG4QHK1r3MfZk2H,41.5397070442783,-8.42228991794828,18.978098,1779528713000,556be8558ce56421,,15.19
9.779332,Coimbra,24-05-2026 07:23:18,0.1,87,FYIy6NfdsbCyT32YkMy3,40.2001919373735,-8.40984570068305,16.759133,1779607398000,487b076a69a53671,,15.07
9.792818,Coimbra,14-05-2026 16:12:09,0.1,72.8,VuFoeQGdjbsbqeT5aDZg,40.1932287768761,-8.38662505280759,17.626271,1778775129000,6588d11c4a11acb1,,15.4
9.794837,Porto,14-05-2026 14:01:33,0.05,77.7,YSpDd7lBxCH7gsNzoZwu,41.1381711424394,-8.60933376864468,17.52854,1778767293000,c31244cee16e0c77,,22.63
9.820162,Porto,11-05-2026 03:31:59,0.16,64.1,eQfb4hUuGtxzC1o94f0o,41.1351631509137,-8.64993453853877,18.585706,1778470319000,1bd749deaf799034,,16.26
9.780096,Coimbra,04-05-2026 04:26:05,0,80.1,SDrKmf58CxA8bZFoal8g,40.1794069645631,-8.44237643793572,16.65845,1777868765000,3db4e6efff8b7518,,12.2
9.801304,Braga,13-05-2026 16:10:36,0.1,85.3,aAenHyvr2SLB7zdk6Pu2,41.5680443395167,-8.45108248214657,16.229332,1778688636000,9d789fd91804129f,,16.11
9.788597,Porto,17-05-2026 13:44:59,0.1,82.7,Uc1r1Efe1JT2bYc9tvdf,41.1835959036004,-8.64553562028344,16.229822,1779025499000,ce246387dd078174,,21.04
9.787756,Lisboa,06-05-2026 11:04:42,0.01,95.6,8uN965960OAd19jEzMXm,38.7356034528095,-9.11004148051123,16.551363,1778065482000,5afe6ceac06784f5,,13.43
9.816962,Lisboa,25-05-2026 00:00:41,0.03,76.1,MBAd2uq6G15vyjuEwa1r,38.7383213392705,-9.10599629028476,19.459742,1779667241000,c6a2d85265d19a41,,15.2
9.811199,Braga,13-05-2026 16:00:57,0.08,94.2,dyL4qQVSGAWhXUWFv2q4,41.5280909501667,-8.43366378361228,16.284596,1778688057000,b572bc65fae8bec1,,20.02
9.78674,Porto,25-05-2026 05:22:33,0.25,94.1,YhtJJ0Ygydx9Jb8eKFQY,41.1707914378453,-8.653531664702,21.00625,1779686553000,cb4c1290e91970dd,,23.87
9.794068,Lisboa,28-05-2026 00:33:12,0.23,80.2,zFVJy29u4cqrUsf5t5rV,38.7144225240519,-9.13998458954144,18.807728,1779928392000,72ba4e2f87adceb5,,19.77
9.835043,Braga,08-05-2026 00:52:46,0.11,78.8,zFYObHIdSw2cev0hoCQG,41.5521030908332,-8.39588192944897,17.598179,1778201566000,c7f34dc43387f858,,21.43
9.817304,Coimbra,20-05-2026 22:30:30,0.24,82.9,q4N8CcsjqeAUKQGhsj36,40.2291902792526,-8.38329241305873,16.006252,1779316230000,55b620d8c0ab41e0,,19.24
9.814371,Porto,27-05-2026 03:56:57,0.46,96.7,CPacBIe5qoBxKEjQ7oMV,41.1549453958819,-8.63755241552347,19.831558,1779854217000,a2fd30e5fa49ad53,,18.3
9.81978,Coimbra,03-05-2026 07:11:30,0.17,96.8,qh3DYfucbYFBafS13DwW,40.1974374250154,-8.39352933792866,18.390148,1777792290000,1791998ac3161359,,18.97
9.80033,Porto,01-05-2026 06:57:05,0.21,79.7,5C6EJqlGsxxDBgHOB6EE,41.1692593855704,-8.62645453996716,17.965763,1777618625000,72bd2672c948d2cb,,8.66
9.818581,Porto,05-05-2026 11:35:00,0.1,78.8,UkZ0lJWotL3hqna8OLYj,41.1543073019244,-8.6299532129796,18.138339,1777980900000,a8c47673d6a4f85c,,12.27
9.848585,Porto,09-05-2026 13:52:37,0.04,79,xNFIomB91D6rYSd5HRKg,41.1504685306275,-8.63250862369927,16.923189,1778334757000,c7f34dc43387f858,,18.1
9.780997,Braga,07-05-2026 06:21:25,0.07,78,InAgVa3JIcjwF0QcYe2z,41.5368810627356,-8.43335401692407,18.899791,1778134885000,6214b1b462c04096,,19.24
9.842246,Braga,20-05-2026 07:57:23,0.14,92,pDdo5x7vNw44NguhzC5y,41.5571549208572,-8.40952831088349,16.187117,1779263843000,517fc5ca69b652a5,,23.54
9.837188,Porto,28-05-2026 19:03:29,0.45,66.3,4Z9wI3z73Vmy2diXxp3y,41.1544220168775,-8.63531477299305,18.669305,1779995009000,389da1f3a7c1d8de,,18.64
9.842296,Coimbra,03-05-2026 22:37:10,0.2,93.4,jlu3rxcZJ86byNrbNCJZ,40.1864523899344,-8.43544952902546,18.515513,1777847830000,5e1de20fecf98844,,20.47
9.801999,Coimbra,28-05-2026 03:06:08,0.27,79.4,6g01I6mO4s5hWddOaByu,40.2205465683209,-8.38750839758226,17.738959,1779937568000,c837debb39dd1e68,,16.53
9.797294,Lisboa,12-05-2026 16:36:25,0.1,81.4,TWZYKo9bWarBdoSZu1PT,38.7231248059616,-9.10522571765974,18.399529,1778603785000,bbbe498ee44f6349,,11.51
9.807733,Coimbra,25-05-2026 02:27:47,0.09,81.3,cyrK32RpExNYassD4NdO,40.1763708138489,-8.4079185799253,17.72534,1779676067000,330949523d665e3b,,11.66
9.81713,Lisboa,03-05-2026 19:12:28,0.15,86.5,EaiFPHKbk2DBqxhmaR8X,38.7356691480779,-9.11705209709034,19.005857,1777835548000,91279a646f8ea6ac,,18.81
9.819574,Porto,03-05-2026 10:10:35,0.21,81.6,2h5NI78u6FvtEn5IGXaI,41.1482146402821,-8.61973462249065,16.452344,1777803035000,3c58290022ed11b1,,14.43
9.841738,Lisboa,19-05-2026 14:00:17,0.04,55.4,GkGuYaCkwuolaxSi9Ixe,38.7050172627339,-9.15262672762842,19.054013,1779199217000,de2dde23040292bc,,17.63
9.8019,Lisboa,06-05-2026 16:23:31,0.11,81.3,vkqDffZCJGERWXwaUxhn,38.7407794541019,-9.11172749834505,17.942749,1778084611000,5311a0642c2564ad,,15.27
9.832173,Porto,05-05-2026 06:17:11,0.04,94.2,bwVf0sgib9T70aFqO7cr,41.1782710120827,-8.61941001973426,16.485684,1777961831000,55b620d8c0ab41e0,,15.9
9.80466,Porto,06-05-2026 23:25:11,0.04,88.7,EnN2tNfiPuI0eKo5ByLs,41.1389304260272,-8.60547176668788,18.711817,1778109911000,057c44d337463e07,,18.64
9.811825,Braga,21-05-2026 18:05:56,0.43,78.9,RSmfQt5V9uSMYrx8AJWh,41.541656676105,-8.44759969251713,20.17992,1779386756000,9cbee3c1d7168837,,14.23
9.7828,Lisboa,16-05-2026 12:22:40,0.29,77.9,6sySoYP7gICNJLE4AXop,38.6970132656634,-9.13632036419846,18.021087,1778934160000,cb4c1290e91970dd,,20.75
9.829906,Porto,08-05-2026 13:21:02,0.09,88.1,0np0oSHHOWpgQKyaXjub,41.1378512788789,-8.66439949897009,17.969498,1778246462000,cb207a93391638cb,,19.63
9.774844,Braga,02-05-2026 04:15:15,0.44,85.7,tpX1I6B7yBGtDcZFPjyc,41.545165597503,-8.44392407424988,20.255191,1777695315000,8f8c45c33ff51d0e,,16.38
9.806302,Braga,25-05-2026 13:48:42,0.19,72.3,A8BmAGbwnFmHd1JXH9jm,41.5434618735168,-8.42818603062454,20.270396,1779716922000,a8c47673d6a4f85c,,21.76
9.779016,Braga,23-05-2026 08:23:52,0.36,95,fMZLIksDFdORDxgHS7zi,41.5660781233066,-8.45946135997563,17.857804,1779524632000,da211edc7bac01a0,,19.23
9.809701,Porto,21-05-2026 02:22:43,0.24,99.7,mzDH7RlGPPe4BI8Kyaay,41.1310717431366,-8.62859732188336,18.195712,1779330163000,3993ad7e2565b6b0,,16.29
9.781339,Coimbra,26-05-2026 10:00:51,0.35,101.9,46kFLdtU3kxkIRryuG7b,40.2223900643247,-8.41000314309055,18.351468,1779789651000,8e2e127651e9cbde,,11.04
9.802019,Coimbra,22-05-2026 19:48:23,0.25,84.2,ikOsgQNNYDMCanhcJdHn,40.2057803067805,-8.44034322460006,18.638821,1779479303000,234da97fe615c6b7,,16.92
9.833202,Lisboa,27-05-2026 12:12:56,0.18,93.6,2w4Uqq6HDJKc80Z8r58I,38.7254732950438,-9.17360364693654,18.089935,1779883976000,d4389e820d4f82fa,,18.73
9.822387,Braga,16-05-2026 10:52:08,0.06,80.1,y6SD6VOiydlgneQGSbBT,41.5287894499715,-8.43252625725161,17.638981,1778928728000,ce246387dd078174,,18.46
9.835959,Coimbra,03-05-2026 17:22:32,0.21,86.5,7OM4KEORtoObHFUJa1Sn,40.2166755098171,-8.41630820012819,18.769029,1777828952000,1791998ac3161359,,17.38
9.816377,Coimbra,17-05-2026 05:38:13,0.38,69.1,71pCgiAV43HHFbs5fvY9,40.2045980530676,-8.38043884972858,15.413417,1778996293000,13db178cd9a1e37a,,17.65
9.832818,Lisboa,05-05-2026 18:40:48,0.12,66.4,OUCmTes0kh1EQvyirEMM,38.7215770048242,-9.10812198954098,17.272052,1778006448000,e84878f982129128,,16.52
9.828919,Lisboa,10-05-2026 12:48:53,0.61,82,hFIkCoUZcwP3NEABicHt,38.7474358311526,-9.15646297418567,17.462493,1778417333000,0f98939ac68105bb,,21.9
9.818979,Porto,14-05-2026 07:30:53,0.5,97.5,6zq5aWhvCCsAyihMNSFG,41.1806657507861,-8.6333652772986,17.976734,1778743853000,517fc5ca69b652a5,,28.01
9.81049,Lisboa,07-05-2026 01:53:10,0.19,70.4,5vQ2tjqvJYBzDlNlKMdD,38.7407949825215,-9.15017046752377,15.743765,1778118790000,1791998ac3161359,,24.43
9.841895,Braga,23-05-2026 22:07:42,0.07,69.8,rcBQbguXqgoHkCT77oJA,41.5257046037226,-8.41072656310703,18.007503,1779574062000,7d176c63414fcd05,,14.16
9.774898,Braga,10-05-2026 20:22:56,0.1,77.9,IQWMHyijwP4qBPGVAlKA,41.5718072214297,-8.41811979075111,17.486487,1778444576000,0f98939ac68105bb,,18.89
9.83859,Coimbra,18-05-2026 11:53:56,0.05,77,xFrPJdJ6tmFP7fTt1XLk,40.2293796734322,-8.44138135884848,18.615461,1779105236000,389da1f3a7c1d8de,,20.22
9.797712,Coimbra,18-05-2026 17:59:33,0.16,81,PzcdUej0BA3s2yO0cLZB,40.1841655412927,-8.4292615261596,16.829361,1779127173000,72bd2672c948d2cb,,23.05
9.838632,Porto,28-05-2026 12:05:52,0.06,72.8,2fadMgBzw1QL3utv8t7U,41.146276115639,-8.60878892573918,18.54091,1779969952000,3bc1bf7fb69f3ba3,,15.82
9.819632,Braga,26-05-2026 04:35:39,0.44,81.6,r2ziPV3FUt3WPSkZ0a6P,41.5204921472302,-8.45564282090057,18.718793,1779770139000,e1bd0a847e7079be,,13.6
9.828784,Lisboa,17-05-2026 11:58:58,0.05,73.3,RJKG75DR70mdFX9mkgAz,38.7050684716551,-9.12448238294527,19.251063,1779019138000,3db4e6efff8b7518,,19.99
9.788411,Lisboa,28-05-2026 15:34:27,0.18,69.9,gcVCdOIRQzW6e3h0FfnQ,38.7396318037394,-9.11154648505327,18.363055,1779982467000,330949523d665e3b,,19.43
9.793138,Lisboa,02-05-2026 15:03:34,0.08,68.3,bArljDA6Yqpt1KPtWQAv,38.6953501589133,-9.1637448608759,17.691278,1777734214000,c85cdb0ef48d09c8,,26.63
9.810732,Braga,18-05-2026 06:55:26,0.35,98.1,2umsF4FR2qffAakGxSK4,41.5679511593077,-8.41396705754775,16.587519,1779087326000,6214b1b462c04096,,13.52
9.833783,Lisboa,27-05-2026 16:08:14,0.23,97.6,UFvwMO5JF7uK7VldqUeR,38.7056812627062,-9.11587192692906,17.603217,1779898094000,1b38ab967d98cc4e,,13.32
9.773767,Lisboa,26-05-2026 16:48:57,0.07,87.2,Y16kWodZ3gz78rUob6Qp,38.7429066243144,-9.1625801608579,17.854255,1779814137000,42d576864f9952c7,,12.4
9.842799,Braga,14-05-2026 13:21:02,0.16,75,PXsooXTjLStwRDHB866F,41.5509671594219,-8.42686020857125,16.548238,1778764862000,1d3db575c4a79d75,,17.24
9.815827,Lisboa,23-05-2026 22:26:30,0.05,83.3,DiqOOWzUr6NEjY3YVZGn,38.7427203842951,-9.17018391149748,18.360349,1779575190000,63d3511e9e857901,,13.48
9.813947,Lisboa,20-05-2026 21:46:06,0.07,81.1,O5YQ3ebcMKCJsslNGkLK,38.7008498010174,-9.11887573882085,17.956292,1779313566000,57e17fffc619e182,,12.91
9.783644,Braga,07-05-2026 08:46:57,0.25,57.9,iGiBwGw9MEXd963XlsHL,41.5219654882577,-8.41668350377146,18.861302,1778143617000,7f281c8dbac1f799,,21.37
9.816136,Porto,23-05-2026 19:05:29,0.31,58.7,KKfxX21HVqoqRw5yw9hP,41.1309952782884,-8.61882540589224,18.296551,1779563129000,91d55d217a2af234,,18.54
9.805545,Braga,10-05-2026 22:20:51,0,83.7,qrdT3DSbGXbA2Pne8UpL,41.5720706423259,-8.44648914005753,17.926315,1778451651000,d4389e820d4f82fa,,15.44
9.82964,Lisboa,16-05-2026 15:56:50,0.4,75.7,CIVYP6r2uNbVEnSU1hjH,38.7282589704783,-9.15366476022709,17.458641,1778947010000,2618243a251bd83f,,16.61
9.82988,Braga,04-05-2026 11:09:15,0.06,79.6,ztOjgQGfuqqXFJGLnXDO,41.5223594870207,-8.45530600307865,16.641217,1777892955000,f7af4712fd6b9108,,21.14
9.796961,Coimbra,02-05-2026 08:55:28,0.44,79,bNx8PUbOz7iyQnlCzl7q,40.1790998405117,-8.44153379003833,18.745724,1777712128000,131c7dd8f3ab4b35,,11.49
9.77461,Braga,08-05-2026 10:10:03,0.36,79.4,9XFMHdqVFcEGNYV2PpCM,41.5254200829314,-8.43842583426015,18.783157,1778235003000,72bd2672c948d2cb,,18.17
9.813308,Coimbra,10-05-2026 06:18:40,0.52,72.9,LNB11myKZgZHtxrrg3RZ,40.2030101258705,-8.42240353333807,21.175902,1778393920000,5e1de20fecf98844,,16.89
9.817061,Braga,22-05-2026 23:03:14,0.08,81,4KjHkzZjVMbgAZ6wguMU,41.5714172461968,-8.39659479259545,17.064991,1779490994000,517fc5ca69b652a5,,13.66
9.787288,Lisboa,22-05-2026 16:00:56,0.16,84.1,ZI1VF9gxPvVom9nePCK8,38.7042611164098,-9.10964042084367,15.368995,1779465656000,bbbe498ee44f6349,,19.78
9.809235,Braga,15-05-2026 12:04:47,0.11,93.5,Fv5y4eN1BVg2DyxOdjhZ,41.5222465537669,-8.41458482319167,16.440561,1778846687000,f879804e4456e5d4,,9.08
9.795611,Porto,09-05-2026 07:50:48,0.28,73.7,HBtQNXKw400HQ6W34DdX,41.1741956603637,-8.60859473526822,18.06674,1778313048000,c837debb39dd1e68,,22.53
9.783503,Porto,16-05-2026 19:20:12,0.22,89.7,G5Pd3PYAmgNSav5n4F15,41.149855875105,-8.61930986206192,15.985269,1778959212000,06961ead71f8b1d8,,23.29
9.811869,Coimbra,28-05-2026 00:07:23,0.26,83.9,OK60RkT379FsR1YyXllz,40.2295589924985,-8.43093157180287,19.347116,1779926843000,9d16533a62ab9315,,13.26
9.826642,Coimbra,17-05-2026 21:20:54,0.29,88.2,QqWYnIFi2QbCuCMmUgt3,40.1934319934431,-8.43936968448739,20.100016,1779052854000,de2dde23040292bc,,18.93
9.823078,Lisboa,06-05-2026 14:02:00,0.64,64.7,TKyQruRKWWPylOqQmJra,38.70885916212,-9.13177589061322,17.238521,1778076120000,d57d393b16ba030e,,22.1
9.790105,Braga,04-05-2026 14:45:18,0.24,73.8,wC27oQOAHvaPCduRh5Ij,41.5598134741513,-8.43034163627284,19.057658,1777905918000,53c682ded6545e06,,12.91
9.831809,Lisboa,02-05-2026 11:33:21,0.28,90.4,mfPIBCibEwLgrr1VxAB8,38.7000883322813,-9.1110688065162,19.710457,1777721601000,63d3511e9e857901,,12.17
9.797505,Porto,23-05-2026 06:54:47,0.26,84.8,yYa9fUvdTrpraXfalzPx,41.164338998433,-8.60715136567782,18.321324,1779519287000,2b95dd3cf28e7c18,,18.96
9.806259,Lisboa,23-05-2026 09:36:50,0.07,88.3,A2P2X17zxVD4mUiLPEEt,38.7197944972557,-9.12584574916592,18.1078,1779529010000,cbf338d836298cb7,,22.59
9.825814,Porto,22-05-2026 00:44:19,0.34,87.9,uNbYWZUjppdNYt53BWSl,41.1721837827377,-8.64075049340381,18.690607,1779410659000,c0014ea2ee2fdaea,,14.49
9.784372,Porto,02-05-2026 03:17:35,0.27,79.3,A1g1y81vo215Do11Yaun,41.1476734001828,-8.63015933848726,18.84499,1777691855000,39a54d73a921b9f6,,21.26
9.771947,Lisboa,24-05-2026 19:45:16,0.44,71.7,HeO51AjLmd7KZPyhw3dE,38.7042054172242,-9.13262698665724,17.749318,1779651916000,13db178cd9a1e37a,,19.82
9.805154,Porto,20-05-2026 07:47:45,0.39,74.1,zMdoB23DdvKdrhhDQ1KO,41.1772653276611,-8.66134077352445,15.890297,1779263265000,7f281c8dbac1f799,,22.95
9.799114,Coimbra,10-05-2026 20:11:58,0.16,79.2,MKsACcK7NyRdJDrNA0e3,40.2002255133437,-8.41519676942917,19.502002,1778443918000,cb4c1290e91970dd,,13.08
9.810235,Braga,25-05-2026 19:40:29,0.48,85.3,bGQWFIHtTEC2KIG6GjqX,41.5264770028895,-8.40032215623094,17.370337,1779738029000,c34c1310eab19c87,,17.41
9.792267,Braga,26-05-2026 18:41:37,0.1,71.8,zIRBlCq6Gl8Soa3X8cKT,41.5429845402971,-8.41771768110371,18.541848,1779820897000,42d576864f9952c7,,16.63
9.831569,Coimbra,24-05-2026 16:42:32,0.38,70,vLwbhZm2WZ8nyC2jUQfe,40.1797993153539,-8.42271168344377,20.137914,1779640952000,f879804e4456e5d4,,15.37
9.783782,Lisboa,26-05-2026 08:02:14,0.32,62.6,rbIk6Il8sW1zt8MP11YZ,38.7159203253256,-9.12097777021981,17.762477,1779782534000,8e2e127651e9cbde,,16.99
9.806816,Porto,21-05-2026 09:29:56,0.05,90.1,udKrQOkQZYnQgx6KAOpE,41.1654984850884,-8.63273058780883,20.20087,1779355796000,4c885efe7bde3ff4,,18.54
9.820202,Lisboa,17-05-2026 20:25:12,0.05,74.3,ZIevgMWoNq6jFJK4f3TO,38.7104967839011,-9.15579241035487,19.106407,1779049512000,2b95dd3cf28e7c18,,26.28
9.827087,Porto,22-05-2026 01:39:50,0.19,98.6,1IMdbNG2B9RdOB07He59,41.164501503274,-8.61578223314411,18.718969,1779413990000,4c885efe7bde3ff4,,23.35
9.792073,Lisboa,21-05-2026 17:04:21,0.52,75.1,UyggEWDRj1MrkaA43EdJ,38.7119482275952,-9.16832013137378,17.336974,1779383061000,e1bd0a847e7079be,,12.64
9.84056,Porto,17-05-2026 17:32:02,0.13,92,jrRaqNPEFTRLSuSElsac,41.1493834453382,-8.62774597590211,17.924849,1779039122000,867d47425e9cccc7,,16.25
9.815639,Braga,04-05-2026 03:08:52,0.07,95.8,YH3AfCwLJMBlXjRtNtO7,41.5215708474037,-8.45654999217316,20.052598,1777864132000,c7f34dc43387f858,,14.41
9.809606,Coimbra,05-05-2026 21:08:17,0.33,76.3,rL91w3G7nlxeMKcfai33,40.1989446208632,-8.40002911641219,17.986522,1778015297000,7d176c63414fcd05,,19.67
9.820485,Coimbra,07-05-2026 11:59:48,0.14,101.7,C6WFSWEdIuKt2RkBGlpN,40.1888498781353,-8.42710204330159,19.110622,1778155188000,bc74204126e384ca,,18.26
9.843561,Lisboa,14-05-2026 12:11:37,0.16,104,IYlfpHOahhuP2vEzMrXg,38.7353353393822,-9.1556401441023,17.010902,1778760697000,487b076a69a53671,,15.8
9.815639,Lisboa,27-05-2026 11:44:51,0.21,84.6,5xxZpk57nExaGWnNFphD,38.7422851503593,-9.16680169366148,18.485837,1779882291000,556be8558ce56421,,18.03
9.797276,Lisboa,08-05-2026 06:21:32,0.56,84,TojrpqSjgVnKwZVEYK4B,38.7437503441157,-9.11744138400495,19.377205,1778221292000,2b95dd3cf28e7c18,,20.14
9.830591,Lisboa,01-05-2026 07:33:30,0.15,76.3,m4oxbaATq2SuXuUHc5tY,38.7462295993997,-9.16243275059078,17.232806,1777620810000,c6a2d85265d19a41,,17.5
9.80156,Braga,24-05-2026 02:24:43,0.14,92.1,RIkHylxVwHCVlKm3UVCb,41.5515074253612,-8.4414636995098,17.138838,1779589483000,bbbe498ee44f6349,,25.77
9.800972,Coimbra,18-05-2026 12:49:48,0.14,81.5,G8DUnybHdxwIi0RiAjWm,40.2236390935847,-8.4345351037758,16.804279,1779108588000,e1bd0a847e7079be,,22.94
9.822742,Porto,19-05-2026 02:53:51,0.2,95.6,befxm2iO8CVbXn1tXg15,41.1833858608598,-8.59369637673936,18.121868,1779159231000,53c682ded6545e06,,18.16
9.815278,Lisboa,17-05-2026 09:10:43,0.03,65.5,y2SIGSRAnVFfpCLLIEaH,38.7459094340513,-9.14318787900192,16.418814,1779009043000,b572bc65fae8bec1,,19.43
9.767427,Porto,17-05-2026 03:42:23,0.25,61.5,GlI7LJVeZlTjPYXoQ3Ny,41.177433171202,-8.61545150678076,17.470589,1778989343000,c31244cee16e0c77,,14.05
9.835417,Lisboa,10-05-2026 11:29:11,0.26,83.3,PFYWyrZsvhkOu7yj8kja,38.7197566460087,-9.12215191387922,17.929175,1778412551000,556be8558ce56421,,28.72
9.79791,Braga,13-05-2026 10:42:59,0.02,97.4,rZiLKRUyhnHdCeJR48yc,41.5607860233741,-8.40690301440034,16.1634,1778668979000,3811390588367f0e,,19.93
9.816295,Coimbra,10-05-2026 19:50:03,0.28,69.5,Mqvec8yQ2HmHUjNjeyjL,40.2070962678934,-8.38926968592659,18.071597,1778442603000,a8c47673d6a4f85c,,19.4
9.760587,Coimbra,24-05-2026 12:46:02,0.15,90.5,xSFYZgWdpAPmOaxyMvP9,40.1770942954992,-8.39658244502413,16.57884,1779626762000,57e7d972b508815d,,21.76
9.809528,Coimbra,02-05-2026 16:16:03,0.13,92.2,LyNteinukJHINLRY0aR9,40.22559746248,-8.42331087695447,17.938013,1777738563000,2b95dd3cf28e7c18,,17.39
9.819654,Coimbra,05-05-2026 10:54:38,0.26,75.9,5aDgsMVl69nTzbpXAGbG,40.2174764542938,-8.40851228330281,18.689563,1777978478000,330949523d665e3b,,17.42
9.810671,Lisboa,14-05-2026 21:27:07,0.03,90.9,YXrnZ1FiXh1mlB2YTTFF,38.7483042344062,-9.12806341523723,17.855705,1778794027000,91279a646f8ea6ac,,15.6
9.818615,Coimbra,11-05-2026 20:34:26,0.27,83.5,8eTLeR7GdZtoG5tSpcXL,40.1877703341894,-8.40612367264683,17.509486,1778531666000,8f8c45c33ff51d0e,,16.17
9.825843,Coimbra,19-05-2026 05:50:20,0.27,82.5,TYqlhJhJW9ceZH2VErDk,40.2070797165186,-8.41113344192897,19.402397,1779169820000,55b620d8c0ab41e0,,11.21
9.825686,Porto,12-05-2026 02:06:09,0.57,67.3,hk9ywNSCtyandiRngieF,41.1694236524804,-8.61529303304699,16.851086,1778551569000,cb4c1290e91970dd,,22.61
9.808367,Porto,15-05-2026 23:20:07,0.06,76.3,Tp3iF2uHIJf3fIuNZkbA,41.1550795831019,-8.61108351817775,18.500267,1778887207000,e7eb35b501d57e1f,,14.38
9.793684,Braga,19-05-2026 11:57:40,0.51,86.5,i3Dk4zfJ4KgaKwog7cb5,41.5197125014347,-8.44369269499686,17.719455,1779191860000,9cbee3c1d7168837,,30.16
9.79064,Porto,09-05-2026 18:43:53,0.18,91.5,ueoz3OkjmIPbenQC9clb,41.1557229151242,-8.6177095922456,18.479685,1778352233000,b572bc65fae8bec1,,20.62
9.832579,Porto,04-05-2026 15:05:21,0.6,78,6WryNyf3Tp0zc7DFj5Fk,41.1758561255891,-8.64260282740349,17.843242,1777907121000,39a54d73a921b9f6,,18.94
9.814906,Porto,03-05-2026 08:34:58,0.09,68.8,TK9JaBV15nSR44wop9nx,41.1650695123344,-8.64471133193099,18.066419,1777797298000,eb39e98aca20e7d3,,16.27
9.858818,Porto,10-05-2026 02:26:45,0.35,71.6,iuect11Kry8hFpc45xQe,41.1369498685664,-8.63611091908923,19.065278,1778380005000,2a339e8954684016,,17.94
9.792696,Lisboa,07-05-2026 02:18:21,0.16,72.3,LzCmd337L170YjsaEtfO,38.7007266974155,-9.15858731639723,16.166955,1778120301000,da211edc7bac01a0,,13.99
9.78035,Braga,21-05-2026 08:52:40,0.19,93.5,vppKdoYyoQH98xErmoMg,41.5366502485532,-8.41699292783937,18.756324,1779353560000,2a339e8954684016,,20.36
9.813339,Lisboa,01-05-2026 13:35:22,0.18,94.6,YJtgzjRyFxcfTtBHpPhr,38.7424740328591,-9.17256208895204,18.100009,1777642522000,da211edc7bac01a0,,20.99
9.783576,Coimbra,01-05-2026 20:43:43,0.01,111,KqXO5x31xGTRUT8sy3Vs,40.1958870325963,-8.37741685367948,17.935565,1777668223000,c34c1310eab19c87,,23.03
9.820344,Coimbra,17-05-2026 16:15:35,0.37,84.4,6VL7ky05DEOwZbrzg4zP,40.217644411836,-8.44336470723314,18.069843,1779034535000,7f281c8dbac1f799,,12.45
9.831135,Braga,26-05-2026 00:15:15,0.27,94.4,8smUMRBwBI4V3OJ1WOFY,41.5541413450114,-8.41397173279688,17.937501,1779754515000,e8c9832b5c388bb5,,22.18
9.878578,Braga,13-05-2026 11:31:59,0.39,81.2,8JFf4b1oyYRvosFyWsfq,41.518948505734,-8.39848641858378,17.682293,1778671919000,53c682ded6545e06,,20.5
9.777904,Lisboa,23-05-2026 18:26:32,0.11,81.7,R6L7C8svne3sxLxwa9J9,38.737700542667,-9.12389413604735,19.423026,1779560792000,75778bdb64d1008e,,23.24
9.827292,Porto,01-05-2026 21:30:45,0.28,58.4,ULwtEmuB66qiZCSiLqnA,41.1335859631871,-8.61991018947977,18.812805,1777671045000,17b4966e9be4d8d8,,19.02
9.775396,Porto,02-05-2026 04:53:58,0.35,72.2,H8kqudPHhqTBQtCcj1mA,41.1329531149745,-8.60877911961438,16.110388,1777697638000,91d55d217a2af234,,17.99
9.794044,Porto,03-05-2026 21:01:46,0.05,106.3,Baklxkvu66mQQfmqVfCA,41.1546432710145,-8.6569036755385,19.137797,1777842106000,19a558ecc36977ce,,11.72
9.799398,Braga,28-05-2026 23:05:09,0.27,81,t7eFxrRcgypCNcwXJrJk,41.5720736056667,-8.42318180219365,17.647197,1780009509000,9cbee3c1d7168837,,17.13
9.805322,Porto,11-05-2026 06:10:00,0.11,98.6,2NVzNO5gbW69W48IkZLB,41.1549630100515,-8.6209548064413,18.394833,1778479800000,b572bc65fae8bec1,,20.16
9.822253,Lisboa,03-05-2026 22:57:41,0.1,79.2,18ysyrUA18EyqDJ0wykv,38.7187396133986,-9.16635664506886,18.089069,1777849061000,19a558ecc36977ce,,22.63
9.832525,Porto,03-05-2026 19:32:18,0.23,77.6,ReP348tpY19KLKjwD4a4,41.1608743550817,-8.59885486019857,17.86794,1777836738000,c7f34dc43387f858,,18.14
9.80053,Braga,08-05-2026 00:04:06,0.4,78.2,wOvW1gqpHR2juRvjapl8,41.5461906400073,-8.45393140082718,18.292951,1778198646000,c0014ea2ee2fdaea,,18.54
9.781056,Coimbra,27-05-2026 01:19:37,0.07,76.9,9h31KY2HcXwlH2nZMX4c,40.1945167585649,-8.40574537227278,17.021913,1779844777000,556be8558ce56421,,18.09
9.801416,Lisboa,24-05-2026 17:42:36,0.04,80.8,4aUQIoZdoJ5HsbgVBOED,38.7058171169826,-9.10671680066035,16.885662,1779644556000,c34c1310eab19c87,,16.41
9.811547,Coimbra,04-05-2026 03:55:30,0.08,91.8,3PhVbva2F4gLDcMwFs6W,40.2082934243552,-8.39643848145844,17.229612,1777866930000,34cbefbc28798720,,19.6
9.844151,Lisboa,02-05-2026 04:32:35,0.16,89.2,BL8h4tpGDZBEnJPtphXS,38.7141108766782,-9.12499586926201,18.729741,1777696355000,53c682ded6545e06,,23.76
9.831513,Lisboa,25-05-2026 01:06:42,0.32,85.7,MuM6DNkKylVAokTEnk9q,38.735535980792,-9.14811384771721,17.069862,1779671202000,17b4966e9be4d8d8,,11.99
9.799305,Coimbra,12-05-2026 04:45:27,0.49,75.2,8KXGCyZSJfPOVBc7wZUO,40.1977474868532,-8.39956181545942,19.784036,1778561127000,8dc02e5c153f83a3,,12.56
9.798233,Porto,01-05-2026 08:39:39,0.19,89.1,Rrl3pBVpCqUQnDpIcene,41.1623827140662,-8.63119493486083,16.880058,1777624779000,de2dde23040292bc,,20.73
9.815796,Lisboa,17-05-2026 17:19:22,0.12,103.3,REThZBVJjAhegVsDy75k,38.7057100103441,-9.1687111475484,17.794554,1779038362000,39a54d73a921b9f6,,14.57
9.795115,Porto,27-05-2026 03:36:17,0.41,71.7,4YWoUwthr09u7wY7A3tC,41.1549426444273,-8.64664782598383,18.223085,1779852977000,0e52f2934d8ce165,,20.26
9.840285,Braga,20-05-2026 05:52:16,0.38,56.4,IuLlzzoEOUbaI3PH4Mro,41.5218673733317,-8.45552543968482,18.275682,1779256336000,55b620d8c0ab41e0,,19.74
9.793432,Braga,18-05-2026 18:18:50,0.15,72.4,GV4gzx5BaHH9d4RY8q5e,41.5208487355017,-8.44105913358984,20.32803,1779128330000,102edb38b5ec347f,,22.01
9.83531,Porto,14-05-2026 15:44:24,0.18,78.1,8zZTlJHYkBeDnqSyc78Z,41.1714570118195,-8.61683586056642,17.234505,1778773464000,d0825fdf3da3660c,,16.05
9.768944,Coimbra,10-05-2026 18:54:03,0.17,72.8,qKmSfHfmC6iWjLVmHVat,40.1880466065138,-8.38849805349624,17.763586,1778439243000,a2fd30e5fa49ad53,,18.53
9.817249,Lisboa,26-05-2026 11:16:11,0.17,79.9,VorKhPfzsFAqLlUEmJSA,38.6956647557957,-9.15804260347335,16.02389,1779794171000,19a558ecc36977ce,,15.7
9.790551,Porto,24-05-2026 01:29:21,0.27,84.7,i4SkOFZSXJgJexw5nQLl,41.1418870862825,-8.64818789172242,18.999122,1779586161000,d632e4ce536ec364,,21.03
9.807329,Lisboa,02-05-2026 15:49:14,0.22,74.8,lfmzFeAdPppGte6UEWHD,38.7324722633876,-9.13688242377269,16.51983,1777736954000,2618243a251bd83f,,21.97
9.806506,Coimbra,16-05-2026 00:54:34,0.25,67.5,aEkA6SRqHGeavSbpLfAE,40.1770202977772,-8.4095293311996,17.189533,1778892874000,234da97fe615c6b7,,18.17
9.831349,Porto,12-05-2026 19:31:10,0.68,76.5,NOoMPIv5OKo8WdXJ5j99,41.1402762194012,-8.62833051171352,18.322169,1778614270000,131c7dd8f3ab4b35,,17.38
9.805502,Braga,26-05-2026 02:13:24,0.07,73.7,rBKwpLup0XALHUjp89Xl,41.5609059641702,-8.41594805215477,17.941643,1779761604000,6588d11c4a11acb1,,17.9
9.818253,Porto,25-05-2026 20:08:59,0.15,75.7,g3RfvBZ4R1YXWkod0SyF,41.1545882404278,-8.61960824473006,19.348376,1779739739000,2a339e8954684016,,20.24
9.826539,Porto,19-05-2026 17:23:30,0.16,92.3,cfrTe2jJ4aqsCg43kcJm,41.134383940962,-8.62364880235823,18.914928,1779211410000,c6a2d85265d19a41,,11.68
9.814083,Coimbra,15-05-2026 22:20:44,0.5,78.2,vzln0CIPJBSeE7oZZiZC,40.1832206413506,-8.40687097715636,19.241729,1778883644000,57e7d972b508815d,,15.48
9.817456,Coimbra,21-05-2026 04:41:32,0.14,81.7,mN4PRvOeTpAJK3LdBxXE,40.22861856689,-8.44386032614312,16.938614,1779338492000,556be8558ce56421,,19.44
9.805437,Lisboa,27-05-2026 15:22:31,0.22,82.8,Po94Az7TpRpEV11xAXf5,38.699320439099,-9.14532961959004,17.440374,1779895351000,487b076a69a53671,,22.7
9.788969,Lisboa,22-05-2026 23:39:04,0.02,70.2,TF4HxKiSNr9vGoAeIR7Z,38.7143914508886,-9.15019059947861,17.037079,1779493144000,0e52f2934d8ce165,,14.46
9.812102,Braga,28-05-2026 10:56:16,0.3,64.9,kmWN4ycsirrualw12yFO,41.5421498253995,-8.44006045605494,20.166198,1779965776000,1bd749deaf799034,,19.84
9.795069,Porto,26-05-2026 02:23:26,0.17,84.2,NvY9LJI6e6zWgUa9oCUA,41.1392918912632,-8.5942359190252,18.959483,1779762206000,e7eb35b501d57e1f,,17.49
9.82953,Braga,01-05-2026 02:58:32,0.32,59.6,1YG0U9btnFqfOkBN50J8,41.5596590707582,-8.42007134016792,18.313401,1777604312000,c34c1310eab19c87,,19.32
9.791764,Porto,16-05-2026 11:41:13,0.19,82.6,haHAX2gN0LD6a3F2UVGn,41.1585754054735,-8.63804221231155,17.704805,1778931673000,bbbe498ee44f6349,,22.1
9.828179,Braga,15-05-2026 18:10:28,0.32,70,kREYxLslw5ce48zxCxxu,41.5550345359642,-8.44562645638871,17.737006,1778868628000,7182af742e04dc6d,,17.89
9.796842,Coimbra,08-05-2026 04:58:12,0.1,90.4,eaR6QFQVWaYvzd34vuEn,40.1925691428355,-8.41892388412766,18.302927,1778216292000,d5eb4d757b335d0e,,12.93
9.833346,Lisboa,01-05-2026 07:43:26,0.25,51.8,bVB7y0hA4ZR3eQvmfCyz,38.701553059418,-9.13429966398602,19.017658,1777621406000,8f8c45c33ff51d0e,,16.27
9.835458,Porto,15-05-2026 04:03:16,0.02,79.4,xyMDSLfGfsnoWS540y3N,41.174343345356,-8.65316131322325,18.194987,1778817796000,5a7b6516c51a4d4e,,30.75
9.836889,Coimbra,18-05-2026 13:41:21,0.27,87,zYbyJmrXlAbxmp3HIk0O,40.1940195886161,-8.4221498401319,18.250479,1779111681000,91279a646f8ea6ac,,14.75
9.826442,Lisboa,22-05-2026 03:05:06,0.34,81.4,zyUdITY27U0RhGDWuHJc,38.7281320380509,-9.13315233334361,18.247567,1779419106000,d57d393b16ba030e,,14.6
9.813024,Lisboa,10-05-2026 08:49:05,0.01,71.4,o8tHCqvgiZVyh6K4p3CN,38.7011308787222,-9.1296498176742,18.573494,1778402945000,2a339e8954684016,,17.79
9.825072,Coimbra,10-05-2026 14:47:05,0.47,59.8,SePRxg9YdsgpzFDE9yFM,40.1951167259826,-8.38459815458559,19.299901,1778424425000,131c7dd8f3ab4b35,,11.98
9.818031,Lisboa,10-05-2026 19:01:44,0.3,76.5,iU8ir3MyEnDfLAEuvXCL,38.7387453098966,-9.12847297011395,18.467681,1778439704000,c7f34dc43387f858,,18.8
9.825985,Coimbra,28-05-2026 17:45:25,0.01,85.7,9hpRyyFrXIHB1GMLzM3a,40.2216845907993,-8.4140563193699,18.10228,1779990325000,c9ab51cba10ae1e9,,15.61
9.793484,Coimbra,04-05-2026 19:42:55,0.07,87.6,thISpuLcVU5NsNdRsYsq,40.2042837246457,-8.42925228649711,17.783401,1777923775000,b8e78b83a62a0cb7,,19.12
9.815306,Coimbra,22-05-2026 23:28:12,0.39,65.7,xtrvUjEJAedMvqD0PkJE,40.1913572088146,-8.41326659058678,18.326488,1779492492000,bb4bb9fbcfcc16d1,,17.19
9.818617,Lisboa,05-05-2026 09:17:07,0.23,82.4,NpNh7qyZapCIkJ84bouA,38.744160880979,-9.14231954739444,18.586601,1777972627000,e1bd0a847e7079be,,20.87
9.83702,Porto,19-05-2026 01:30:09,0.05,88.8,FEDa5UEwbgmKPRNn1ZMO,41.1674020951194,-8.66362716693788,16.764119,1779154209000,1b38ab967d98cc4e,,24.67
9.805246,Braga,22-05-2026 22:26:36,0.52,75.3,N7ESXtXRZz0pfWEXEeHz,41.571596955245,-8.43417039991216,18.663719,1779488796000,3993ad7e2565b6b0,,18.6
9.779698,Braga,26-05-2026 14:36:18,0.15,84.5,ez5oYoWJznYIhpa8mjVZ,41.5403418945987,-8.40982455521675,20.620013,1779806178000,93279918e60ec274,,15.72
9.824139,Lisboa,13-05-2026 11:05:08,0.19,66.2,PvsgigPDykd5IPc2eSl3,38.7473443003698,-9.11833771388815,19.795539,1778670308000,91d55d217a2af234,,20.27
9.822758,Braga,08-05-2026 22:30:52,0.51,88.7,a6bYRLk0bwp2yubsOwzH,41.5668236261039,-8.39634894147359,19.542652,1778279452000,1b38ab967d98cc4e,,19.76
9.828078,Coimbra,02-05-2026 20:40:42,0.23,71.1,fMk4nmfY5uiZta8r58h7,40.20972554044,-8.40332384785831,17.052522,1777754442000,430f674c6dfe941a,,16.53
9.748349,Lisboa,13-05-2026 22:57:01,0.19,84,ZjDBHA2fPZlEC06U91KV,38.7297122791998,-9.15127031457996,19.049494,1778713021000,5a7b6516c51a4d4e,,19.56
9.832482,Braga,16-05-2026 22:59:35,0.31,69.2,81Nt5jbfJrqYuCz9yfA3,41.5618337157662,-8.44625494833737,20.248338,1778972375000,ae7ec9246c4649bc,,21.06
9.825807,Braga,18-05-2026 16:05:23,0.16,81.7,UAseaneIteOP84F4pQlO,41.5661486322366,-8.40187969580898,18.746999,1779120323000,1d6285f5502cf1f8,,11.98
9.801645,Coimbra,13-05-2026 09:49:57,0.21,62.3,BxS55xsBVei0QZdoWWIr,40.1962044948092,-8.4357139495038,18.65369,1778665797000,3cc68b8049eb8d4c,,20.02
9.811018,Coimbra,13-05-2026 15:16:55,0.57,81.7,Rde3M80WGNlTG5Mh5tRn,40.2008679028037,-8.43338284330185,18.008456,1778685415000,8e7f2987241c2818,,15.27
9.796819,Lisboa,13-05-2026 17:25:32,0.26,86,lvOT90Bi1IQ3BZVPaFSG,38.7483323636938,-9.15039847139539,17.452138,1778693132000,18d281edb3671f44,,9.65
9.804118,Porto,25-05-2026 14:26:44,0.02,69.1,TDYv2epVWqXcDRrNfG3V,41.1760271959093,-8.64716988596463,16.87301,1779719204000,d0825fdf3da3660c,,18.42
9.807106,Lisboa,27-05-2026 00:06:27,0.15,96.7,9iQqdWwQ7uXrATweidzN,38.6962966076471,-9.12554001856894,16.117468,1779840387000,330949523d665e3b,,12.94
9.811104,Porto,06-05-2026 06:35:09,0.89,70.7,N8YUwXLDnOCjvpYaohuI,41.1666411106459,-8.61872300960291,20.05065,1778049309000,6588d11c4a11acb1,,20.88
9.791588,Braga,03-05-2026 07:43:38,0.47,95.2,EJFpa42vRmLb2cpWrOUW,41.5242031469141,-8.4369676288561,19.493872,1777794218000,b8e78b83a62a0cb7,,18.16
9.800211,Braga,08-05-2026 17:18:59,0.22,81.7,yjb5vRxXTxTw87Uy0j4G,41.5694620613963,-8.40875017089783,19.386958,1778260739000,04964f8452901231,,19.25
9.792186,Lisboa,17-05-2026 18:04:14,0.55,80.6,7CISo1ZoMpMLXsnebLRw,38.7280779850989,-9.14819627554747,19.689864,1779041054000,b30b0b43692b035b,,21.64
9.825914,Porto,18-05-2026 03:50:43,0.35,87,CJCH6lY4H82aR2KvElU3,41.1833390234612,-8.62877121572412,17.719285,1779076243000,556be8558ce56421,,12.58
9.81138,Braga,01-05-2026 14:07:02,0.32,71.8,2eJMJB0xOPL2XRHszWYO,41.5510159515964,-8.42517009379273,17.411101,1777644422000,2b95dd3cf28e7c18,,27.94
9.812722,Porto,17-05-2026 13:50:39,0.37,83.6,AkQuRVyODa5n6kCg8IZO,41.1758592351526,-8.61090500137544,16.338969,1779025839000,e1bd0a847e7079be,,14.72
9.838764,Coimbra,16-05-2026 22:23:28,0.18,83.3,YLJ3cQicFv4Q6icqzY5L,40.1955607650858,-8.41369383126318,18.75733,1778970208000,1d6285f5502cf1f8,,15.63
9.837759,Porto,11-05-2026 02:31:14,0.42,73.7,bOz0q6IqEFmNkcjtOYq0,41.1787801419696,-8.59461046183508,18.700061,1778466674000,34cbefbc28798720,,10.84
9.79504,Lisboa,05-05-2026 21:57:18,0.35,62.2,Ef6IPNVRaheldWmWzF6l,38.6960036317989,-9.14084589903075,18.120305,1778018238000,5afe6ceac06784f5,,9.09
9.817515,Porto,13-05-2026 06:23:14,0.45,74.6,i5BfOXzAQArEebFSKowl,41.1705886304048,-8.62060908717405,19.945481,1778653394000,430f674c6dfe941a,,18.43
9.804131,Coimbra,02-05-2026 05:03:23,0.45,76,pg9R55WWmaPaeVyfO3Ho,40.1947491693603,-8.41972690059721,16.949582,1777698203000,ce246387dd078174,,23.14
9.800522,Braga,28-05-2026 14:37:49,0.61,80.2,cd19FseZVy4yTSrn8cJy,41.5232912514334,-8.45115127730448,17.09243,1779979069000,2618243a251bd83f,,20.44
9.817554,Porto,12-05-2026 09:57:33,0.4,97.5,zFini2ty1VqrEhcydYzd,41.1742538328186,-8.65432010267756,17.986843,1778579853000,6588d11c4a11acb1,,19.89
9.803668,Coimbra,24-05-2026 20:34:25,0.34,100.5,DHI4NkeqhIhcdDkZMbGQ,40.2008279433281,-8.4001261546634,18.313353,1779654865000,3bc1bf7fb69f3ba3,,18.8
9.838897,Lisboa,26-05-2026 21:03:50,0.47,85.8,cUgPgDdVwXzrDO3RBVvI,38.7207298905192,-9.11784694569741,16.115249,1779829430000,c51d4eb54f89fec8,,19.84
9.827317,Porto,11-05-2026 09:20:10,0.03,76.5,q4nbqN0IlbYD2cabjz8X,41.1599545328557,-8.64423263329264,19.266751,1778491210000,5311a0642c2564ad,,18.08
9.7761,Coimbra,17-05-2026 20:32:15,0.21,83.7,ZTXNBZsYTf8BnHivfgE2,40.1951737419809,-8.42713500619626,18.851371,1779049935000,2f2bd7547d602b7a,,20.78
9.839428,Braga,03-05-2026 13:23:51,0.33,89.1,1ZwGkfEZ9ly9oRp3bIX6,41.5626905499336,-8.41678446163513,17.500331,1777814631000,5311a0642c2564ad,,21.22
9.849369,Porto,13-05-2026 12:51:55,0.54,73.1,710OOaI4SGTB4SfgkXxG,41.1731695731411,-8.61126382130811,17.840019,1778676715000,867d47425e9cccc7,,14.59
9.815924,Porto,12-05-2026 05:54:35,0.27,87.2,zuR1XD7EifgiCgSzHgaK,41.1472395817848,-8.6146056927639,17.124162,1778565275000,6214b1b462c04096,,19.74
9.796289,Porto,23-05-2026 00:48:14,0.28,65.1,5Bo6xifvj7AEm0PCheaC,41.1829859493622,-8.60392286379048,17.325389,1779497294000,2a339e8954684016,,20.09
9.833044,Porto,26-05-2026 12:48:38,0.11,65.3,BrAV1tgsE4pw3M1tBJKv,41.1814437523672,-8.62665198504157,16.766346,1779799718000,fb188f553674b4c4,,20.52
9.797545,Braga,10-05-2026 00:23:36,0.24,69.5,luDC7yIL1KOSFTEZWoR1,41.5527330222623,-8.44152039623352,17.450622,1778372616000,e9da39984fb29dc6,,16.74
9.7656,Lisboa,19-05-2026 17:25:37,0.25,89.5,oUkQPpQEV1bgqRUb4NwT,38.7000755911354,-9.13054519923493,18.021058,1779211537000,7182af742e04dc6d,,11.89
9.834187,Porto,04-05-2026 17:20:03,0.14,73.3,PXgNN8yUQOVojodPtF6F,41.1675598158201,-8.6078684684984,20.286231,1777915203000,9cbee3c1d7168837,,15.19
9.824844,Braga,04-05-2026 15:43:58,0.12,85.6,fxO9PMTwRRO2ooZXGXsf,41.536586590879,-8.41993346375524,18.226845,1777909438000,eb39e98aca20e7d3,,19.51
9.826447,Braga,26-05-2026 23:29:27,0.34,87,w8fOHnq7mr0KnApuBHdS,41.5198424292901,-8.39546618276833,18.073848,1779838167000,6214b1b462c04096,,10.52
9.808554,Coimbra,13-05-2026 01:54:18,0.22,70.1,Fjs5SqgTBDyjgZIFVspb,40.2002179981916,-8.40117960598056,16.786134,1778637258000,d0825fdf3da3660c,,16.09
9.805942,Braga,28-05-2026 00:21:19,0.13,79.5,wqHYjyiCE5nog37lvHgi,41.5486481440326,-8.42006180009553,18.025984,1779927679000,64a94f9052422a0c,,17.85
9.793179,Coimbra,13-05-2026 21:51:25,0.45,96.8,qZgNC3Vqq6DBvTl2Xitz,40.1975408458299,-8.41719870081181,18.961511,1778709085000,72bd2672c948d2cb,,17.6
9.848017,Coimbra,06-05-2026 13:46:46,0.11,83.4,LleExeDgpxSQjOJtuqPD,40.2041663746818,-8.42224368462193,17.71031,1778075206000,93279918e60ec274,,18.16
9.787144,Porto,01-05-2026 08:16:41,0.54,72.3,bwZ4CqRvTH9cFAAtIDHt,41.1693314089426,-8.60514383153407,17.404167,1777623401000,e8c9832b5c388bb5,,18.38
9.816004,Porto,06-05-2026 18:34:44,0.04,60.2,DBcFIXpmwMsIlO63Yi6q,41.1430956082616,-8.61715885773792,18.419414,1778092484000,e7eb35b501d57e1f,,17.35
9.797324,Lisboa,27-05-2026 06:24:23,0.16,75.9,hy3aQm4xZptgFBS1wtAg,38.7021470580922,-9.11672859845034,17.320593,1779863063000,1b38ab967d98cc4e,,18.7
9.831965,Braga,13-05-2026 03:44:17,0.16,56.3,J5TaRgiDEei4CFSg6uyP,41.5691953659835,-8.43996465457954,18.810279,1778643857000,d0825fdf3da3660c,,16.82
9.793583,Lisboa,01-05-2026 05:14:12,0.27,84.4,LgRCsrFK68qa6HaQmbYZ,38.705810297384,-9.11619620460081,18.274218,1777612452000,0f98939ac68105bb,,14.8
9.819124,Braga,20-05-2026 12:46:43,0.22,76,0gMNWyuJVscjSKpDAqui,41.5273949963986,-8.41674420921557,19.522383,1779281203000,91279a646f8ea6ac,,7.58
9.812221,Coimbra,07-05-2026 06:52:23,0.73,62.6,a7kpJ4yuAlAcaJaxLIbQ,40.210857603386,-8.40640445103685,18.074096,1778136743000,514af2be7dc985d8,,20.99
9.809294,Porto,25-05-2026 19:53:28,0.28,72,aSpaav7mDIjIz3HVEOkY,41.1775024457766,-8.60984920853528,19.674973,1779738808000,9d789fd91804129f,,21.82
9.848872,Braga,10-05-2026 06:06:13,0.09,80.6,Ded2Ie5WBKVk8kn3TLDy,41.521160246006,-8.40804669825835,17.67168,1778393173000,9d789fd91804129f,,16.85
9.789162,Coimbra,04-05-2026 08:30:03,0.24,80.8,2SeLJdCa1XR5iDUiNQk1,40.1853360682533,-8.41975455376486,18.471071,1777883403000,9cbee3c1d7168837,,18.68
9.815754,Lisboa,28-05-2026 02:49:23,0.01,96.8,nvIX2ptLkT4ymJLX5O0I,38.7411397572561,-9.10938799091446,18.582481,1779936563000,93279918e60ec274,,26.21
9.836132,Coimbra,16-05-2026 17:15:35,0.09,91.5,MfdNjXXVo8pxx2HGwD29,40.2111227349171,-8.42660902671407,18.155775,1778951735000,9cbee3c1d7168837,,12.73
9.819978,Braga,13-05-2026 17:53:11,0.01,82.7,PnPH0Mg4BfQMbwu96JFx,41.5665803446458,-8.41571637661856,18.857173,1778694791000,389da1f3a7c1d8de,,13.17
9.840417,Lisboa,03-05-2026 01:06:22,0.04,81,DMX6GNRUSgrv2q7IfZeJ,38.7291697393358,-9.1630525085349,17.898535,1777770382000,f7af4712fd6b9108,,25.13
9.802622,Porto,14-05-2026 13:42:50,0.44,79.7,YHtIVErLqc1cK3lAlJ6X,41.15645311991,-8.65336120163488,18.389633,1778766170000,e9da39984fb29dc6,,22.55
9.791774,Coimbra,02-05-2026 01:46:12,0.45,77.9,FQlb1dJOQbwDZbfK5Fs3,40.1950161057431,-8.40746720857848,17.565434,1777686372000,330949523d665e3b,,17.39
9.815134,Braga,16-05-2026 14:55:28,0.12,70.1,uRjQ6Nivw05SWx3OAGbS,41.5704788151265,-8.41512927974428,18.047771,1778943328000,57e17fffc619e182,,18.19
9.835607,Lisboa,01-05-2026 15:27:07,0.26,95.4,gvSPJhiXny2jrTlsNPRs,38.7182147566844,-9.1323929600985,18.206876,1777649227000,72bd2672c948d2cb,,20.7
9.840327,Coimbra,17-05-2026 17:54:00,0.09,87.2,KScz5PC5itSrXBdN8xZ9,40.2129327439613,-8.44532141039706,18.59687,1779040440000,75778bdb64d1008e,,20.7
9.791446,Coimbra,14-05-2026 22:41:11,0.44,81.9,EFsDyp859d8RInvCiQIM,40.2135111921958,-8.38219274711214,18.024089,1778798471000,1b38ab967d98cc4e,,18.52
9.80515,Porto,03-05-2026 18:09:39,0.01,56.9,TS1AprPDtOXRfGa0q4Xi,41.1819150241599,-8.65818430770458,18.116942,1777831779000,7182af742e04dc6d,,15.95
9.786907,Porto,01-05-2026 17:57:14,0.23,71.2,X3KE4wDpnX0BJXPWl7G2,41.1675096847661,-8.65370891771792,19.989432,1777658234000,1791998ac3161359,,23.53
9.783113,Coimbra,18-05-2026 11:20:12,0.2,88.5,wwivGAJu8y4IxbU9BWyr,40.1967198940651,-8.37794985048994,17.400846,1779103212000,b30b0b43692b035b,,16.15
9.824121,Coimbra,16-05-2026 01:02:10,0.03,89.6,GEhocddlvwqzPqv2ppsC,40.2046577377744,-8.39914005364087,17.77305,1778893330000,e1bd0a847e7079be,,19.86
9.82136,Lisboa,25-05-2026 16:42:21,0.39,91.8,sDas0hSStxcvQVynWmEc,38.702656485047,-9.1555303743733,18.231387,1779727341000,d0825fdf3da3660c,,13.73
9.808981,Coimbra,06-05-2026 03:23:14,0.01,77.7,eHgLzPhmIPC23xPNwuKr,40.2088813218819,-8.42197566408062,17.019238,1778037794000,bbbe498ee44f6349,,12.05
9.768111,Braga,06-05-2026 00:13:40,0.13,78.7,mp47PjseNQND294DUffH,41.5280208584491,-8.42473294955325,17.222173,1778026420000,3db4e6efff8b7518,,23.29
9.792811,Porto,19-05-2026 07:44:08,0.49,94.2,SYDs80myd1qINa3LHvMj,41.1773807189292,-8.6137636189024,16.331911,1779176648000,131c7dd8f3ab4b35,,18.37
9.802006,Coimbra,21-05-2026 04:14:21,0.43,50.9,XrEqMnOtXEyS8HILnTGA,40.181665504682,-8.42738936132041,19.006942,1779336861000,5afe6ceac06784f5,,26.08
9.828054,Porto,26-05-2026 13:21:07,0.01,83.2,EZDyt9UuHRdIsmfYNAOu,41.1520119603205,-8.61207953061841,19.520717,1779801667000,3db4e6efff8b7518,,26.59
9.798263,Braga,22-05-2026 16:49:19,0.63,60,KVcOYb3umQeiAbxuS2Ft,41.5575842482759,-8.39726525983297,19.750144,1779468559000,3993ad7e2565b6b0,,17.81
9.813665,Porto,26-05-2026 19:16:15,0.23,62.1,7t7vNxIW98CBKuxK31gO,41.1384568306993,-8.61990388309483,17.748184,1779822975000,b572bc65fae8bec1,,18.83
9.802028,Braga,02-05-2026 16:28:42,0.24,69.6,HpC3ngYHSSpwL6tgkVpW,41.5408510655948,-8.45604820593449,19.250351,1777739322000,c837debb39dd1e68,,18.98
9.822243,Lisboa,10-05-2026 19:08:17,0.89,71,ZxSHd9Vlswu1Fe6gXylZ,38.7130002296693,-9.12429415587337,18.189139,1778440097000,e7eb35b501d57e1f,,14.53
9.81698,Coimbra,05-05-2026 23:38:08,0.21,112.9,YsMiG0AmiFSdjngDqO59,40.1908795064763,-8.43096922847958,20.76294,1778024288000,3bc1bf7fb69f3ba3,,20.28
9.797402,Porto,03-05-2026 03:48:47,0.53,83.5,aXO2Fyo1srnnrRAalP94,41.1379043888134,-8.61162757432581,20.156965,1777780127000,42ac1a2bf982f79c,,15.7
9.815064,Coimbra,18-05-2026 19:10:00,0.25,65.7,reTzOlLZJQ8FcZkvjgxU,40.2287068616323,-8.43094104166073,19.618419,1779131400000,24d6a87b0598b02e,,18.16
9.796652,Porto,12-05-2026 01:21:47,0.13,83.6,w23gEiPmQy7GxcqUVYQt,41.1454251172205,-8.61907107418292,18.007796,1778548907000,c85cdb0ef48d09c8,,18.71
9.806524,Lisboa,07-05-2026 21:06:21,0.22,90,UpvsPEj4kqc5u7U7xZ05,38.7044514824583,-9.170357021029,17.043421,1778187981000,18d281edb3671f44,,13.96
9.804913,Braga,04-05-2026 17:32:50,0.04,87.4,oNbarxPH6MiEx2OkmrdG,41.5208547337207,-8.43331060562186,17.201763,1777915970000,75778bdb64d1008e,,19.05
9.803384,Coimbra,28-05-2026 07:15:13,0.1,88.8,5Qoovx8wzpGxLJeHXjJq,40.1782310558879,-8.4192052258887,17.588106,1779952513000,4c885efe7bde3ff4,,18.93
9.836301,Braga,15-05-2026 10:07:57,0.12,74.3,YyLJcc3wTxFT9n031m6H,41.5514763165354,-8.40644845336082,17.885841,1778839677000,514af2be7dc985d8,,19.71
9.796909,Porto,07-05-2026 02:32:12,0.33,81.1,OyaKRsatqD46xbgDZuav,41.1557858663732,-8.59513254953618,17.189902,1778121132000,389da1f3a7c1d8de,,12.68
9.784171,Coimbra,16-05-2026 16:36:12,0.18,68.3,MWNO9VcPzuI7z3LF3YVT,40.2129880246669,-8.41795866462087,16.558311,1778949372000,c0014ea2ee2fdaea,,16.81
9.822366,Braga,09-05-2026 19:40:27,0.12,84.2,qpbdzpSeKg3c0B2KE12g,41.5272454507458,-8.45036467798117,18.13329,1778355627000,552b8d6c350cb13c,,18.43
9.800061,Braga,06-05-2026 20:31:33,0.4,79.2,aTXiOs7vtijqVMjkspbj,41.5483037298257,-8.4135614440891,17.390494,1778099493000,7e8fb26408446272,,25.61
9.799559,Braga,03-05-2026 16:55:30,0.37,99.2,bgmiCH8MkIQRkqQpvdPL,41.5557327260162,-8.40673077605602,17.11609,1777827330000,9d789fd91804129f,,16.64
9.808725,Coimbra,12-05-2026 07:51:18,0.14,89.2,oWkMuyhO8FAlLr5VSHrA,40.2069274251494,-8.39515920497159,17.53241,1778572278000,923d0315f3ae2bb3,,17.47
9.803619,Coimbra,27-05-2026 02:03:53,0.27,70.9,953M3DDL7xnye5raJmaP,40.2194916834973,-8.4254391625481,19.101503,1779847433000,b572bc65fae8bec1,,10.69
9.842347,Coimbra,12-05-2026 22:35:31,0.23,76.6,7pydiF8m6hUvBE1UkAeF,40.1784461122068,-8.44185095283563,18.812106,1778625331000,3c58290022ed11b1,,23.94
9.832353,Braga,15-05-2026 03:35:51,0.33,85,ZMQIKETC3DmIUVlStm8G,41.5415833659846,-8.42017235183606,16.445855,1778816151000,574582321d04df00,,15.91
9.792754,Braga,19-05-2026 16:18:12,0.39,74.1,FRbXL3Ts602c4URgrtek,41.536643964145,-8.39082913370566,17.407271,1779207492000,bc74204126e384ca,,18.5
9.815725,Lisboa,08-05-2026 14:03:56,0.24,71.6,9NSmmP9Drhw7m2vJ0ZU4,38.6971686761709,-9.14518437637822,17.116672,1778249036000,5a7b6516c51a4d4e,,17.69
9.828874,Braga,25-05-2026 16:24:14,0.22,95.1,8LxYNfU5Z7NbvpWcLOVr,41.5295900199403,-8.42489191170351,20.199185,1779726254000,fb188f553674b4c4,,13.98
9.831671,Lisboa,17-05-2026 18:36:48,0.26,72.8,GSlwZ6EiolVSRmaaEaJA,38.7256152158633,-9.1488925071489,17.346915,1779043008000,6214b1b462c04096,,17.79
9.821599,Porto,15-05-2026 17:36:14,0.28,86.7,0tzRDsDUOWwkVNgrJpVx,41.1610078806122,-8.62171222888054,17.11194,1778866574000,57e7d972b508815d,,14.33
9.807773,Coimbra,19-05-2026 11:53:05,0.29,77.9,iQ1iD2837QaVlv0iRRxZ,40.2232497260095,-8.44272866005053,18.367377,1779191585000,5afe6ceac06784f5,,27.05
9.799906,Lisboa,06-05-2026 08:49:28,0.17,75.7,Qd5W3xwVAlPtejBQACA5,38.7434847928701,-9.16675705194285,17.41109,1778057368000,c7f34dc43387f858,,20.68
9.795629,Porto,13-05-2026 21:06:23,0.1,98.3,dVuKztEcpmB0rk1s1XuW,41.1733414093157,-8.59800132961315,17.275606,1778706383000,c85cdb0ef48d09c8,,15.65
9.799724,Braga,21-05-2026 21:11:26,0.38,93.7,r2UUoiAOesot3dSQ551X,41.571234322125,-8.45132842776228,17.511782,1779397886000,1791998ac3161359,,15.75
9.809686,Braga,13-05-2026 22:29:06,0.45,77.3,YhcMevR17AIpP6bN65Vx,41.5442366018362,-8.43766682052916,17.859863,1778711346000,5311a0642c2564ad,,17.6
9.797438,Braga,10-05-2026 01:05:46,0.28,86.9,xkV3XzrLCsCJDdBCPOQy,41.5576367641976,-8.39416229250637,17.999051,1778375146000,de2dde23040292bc,,18.92
9.766779,Lisboa,12-05-2026 07:10:51,0.3,75.8,DQVbDHfVcUeUcgis1sHX,38.7105177343475,-9.13886651696846,17.643342,1778569851000,7182af742e04dc6d,,15.05
9.855554,Porto,15-05-2026 10:23:33,0.14,98.2,ighVGEtTLPbbrqLe0dQX,41.150983646125,-8.62149728918108,19.134465,1778840613000,63d3511e9e857901,,9.1
9.794249,Porto,04-05-2026 11:10:16,0.07,75.3,1Zs6KlbsKMnbT9Asd4qf,41.154623344679,-8.61485354360003,17.374305,1777893016000,b30b0b43692b035b,,7.8
9.81772,Braga,14-05-2026 07:48:44,0.48,85.4,9nebZwxYanfxUHGDJucy,41.522362741652,-8.42950001274083,17.509411,1778744924000,2b95dd3cf28e7c18,,14.52
9.7564,Coimbra,18-05-2026 08:46:41,0.27,77.1,hrhqHow7evzbKwhrUi7D,40.1771326121531,-8.41520305401795,17.414632,1779094001000,fb188f553674b4c4,,26.57
9.804868,Coimbra,17-05-2026 15:20:45,0.41,81.5,oIyhg9vhhf6TBl3UE2gq,40.1790944992348,-8.4346160688778,18.502088,1779031245000,8f8c45c33ff51d0e,,10.08
9.823874,Braga,13-05-2026 18:42:08,0.41,87.2,czgP2A9uaOq9S3Fl8uwn,41.5589758700825,-8.41810617413948,17.213905,1778697728000,75778bdb64d1008e,,18.64
9.821276,Porto,10-05-2026 17:05:47,0.26,84.4,5eljaCjuUcIPtu0UVlt7,41.1767653724626,-8.66237702188661,15.689294,1778432747000,c837debb39dd1e68,,19.39
9.80695,Porto,02-05-2026 16:10:29,0.23,74.3,NBRLiuX8o0pAcgRa77LV,41.1605348575919,-8.63362171670306,17.99203,1777738229000,42d576864f9952c7,,12.72
9.806367,Porto,09-05-2026 23:13:40,0.35,77.5,HC25tUevTL35qNjZwqOm,41.1845728129141,-8.62284351819353,17.665771,1778368420000,c0014ea2ee2fdaea,,20.31
9.803031,Lisboa,08-05-2026 05:11:19,0.22,99.4,BqPlEpI7TBOM2z1B5rJe,38.7335154395519,-9.11709411118784,19.268588,1778217079000,389da1f3a7c1d8de,,15.66
9.831163,Porto,09-05-2026 07:17:58,0.03,76.9,OUiS4Dj0rmbVBFEFNHoQ,41.1329263580542,-8.65993580898905,19.496211,1778311078000,91d55d217a2af234,,13.83
9.814065,Coimbra,01-05-2026 13:28:58,0.16,84.4,aGS5iq9dGNYoOwfTS34o,40.2008979033885,-8.40976274435085,17.523281,1777642138000,c837debb39dd1e68,,26.35
9.784101,Braga,18-05-2026 06:08:48,0.36,94.6,KldJlQpYByf1TyPkbfC0,41.5584894861518,-8.4555705737225,20.04499,1779084528000,82a83fc853728306,,11.65
9.792623,Braga,06-05-2026 16:28:20,0.56,94.9,iyP13zd4RJ63A8LBXhf2,41.5502400501269,-8.39279380882841,16.746164,1778084900000,3811390588367f0e,,16.05
9.81384,Porto,12-05-2026 14:53:04,0.06,95.9,bVKlQPQ8Ez5EnWAbXHAo,41.1608525511184,-8.66484341055039,17.265601,1778597584000,5e1de20fecf98844,,19.25
9.819392,Braga,17-05-2026 19:37:38,0.05,84.4,zzSzPFBaYTvwbHPbPcv1,41.5302013610702,-8.42049595261387,15.914306,1779046658000,552b8d6c350cb13c,,14.33
9.838405,Porto,11-05-2026 14:07:12,0.1,81.9,AONlxdSTLWG1cw9x5B7s,41.1675539515003,-8.66113580247322,19.056574,1778508432000,552b8d6c350cb13c,,13.48
9.805493,Lisboa,14-05-2026 23:27:14,0.13,81.4,e2iqnAezdxaSlMOW8LN9,38.7384992089929,-9.13341411189624,18.036256,1778801234000,8f8c45c33ff51d0e,,17.25
9.782013,Porto,06-05-2026 17:04:22,0.4,81.8,OGhV55tN4InAFHqNapi1,41.1546717641909,-8.65834770805117,18.347628,1778087062000,556be8558ce56421,,23.5
9.80438,Porto,05-05-2026 13:01:24,0.04,68.3,XEBCvxbSQYcrm0FvP3mV,41.1551956057855,-8.64494478403934,17.012409,1777986084000,7f281c8dbac1f799,,20.38
9.80704,Porto,07-05-2026 10:06:31,0.35,97.1,lNudTIp0Jzc6m8LdnBFs,41.1488498295449,-8.63298915666488,18.003959,1778148391000,3c58290022ed11b1,,20.86
9.802135,Coimbra,20-05-2026 04:56:54,0.11,80.3,8x2nXYu8e4upqQSFsmM7,40.2001736058049,-8.42019358856756,18.678591,1779253014000,102edb38b5ec347f,,23.73
9.825973,Braga,09-05-2026 06:58:24,0.28,89.2,DIcW0TbnFIf2ahapOjZ3,41.545209319291,-8.42519259264878,18.657229,1778309904000,6214b1b462c04096,,13.44
9.844019,Porto,13-05-2026 11:31:23,0.07,98,g0XzaMRNbKDwFTHIZYwh,41.1580500146862,-8.60420674378482,17.543321,1778671883000,3bc1bf7fb69f3ba3,,20.45
9.821016,Coimbra,25-05-2026 05:00:26,0.38,78,zqtr5MdroYLsVQT54zTe,40.1978236327911,-8.40588057740618,18.506717,1779685226000,04964f8452901231,,20.21
9.824516,Coimbra,09-05-2026 04:47:05,0.08,83.5,S14CiBgbvrXPY28ckUyb,40.2280649858507,-8.43566045097699,18.898518,1778302025000,9d16533a62ab9315,,18.26
9.800702,Braga,21-05-2026 00:19:42,0.52,78.2,UvLj5fTHLuyIGZz5q3NK,41.5466540361538,-8.44076613880256,18.13846,1779322782000,3bd002cf1fcfa789,,20.75
9.816796,Braga,22-05-2026 20:02:30,0.08,95.2,wm4M9eIcloIsJCAfYOtt,41.5642897962102,-8.41432988813528,18.384109,1779480150000,c9ab51cba10ae1e9,,21.17
9.856857,Lisboa,11-05-2026 21:40:14,0.31,81.4,RXC5oyXPPcN2dGvCvoXV,38.7073882951923,-9.12434274813072,19.014786,1778535614000,3db4e6efff8b7518,,25.46
9.803549,Coimbra,11-05-2026 11:44:39,0.37,88.4,HTnPqlTKbaks7LkPFI7Y,40.2088539172139,-8.41434511832244,19.190615,1778499879000,cb4c1290e91970dd,,18.5
9.796031,Lisboa,20-05-2026 09:26:42,0.14,79.2,8QfueY59khW0BFzVa0H7,38.7037817523528,-9.15987998848922,18.844254,1779269202000,c51d4eb54f89fec8,,19.34
9.802402,Coimbra,21-05-2026 17:43:17,0.26,85.6,uG4NCGRkTtiVx2AxJiWK,40.1786881073105,-8.44425641792894,18.442012,1779385397000,e1bd0a847e7079be,,14.66
9.806372,Braga,03-05-2026 00:21:25,0.41,89.5,QtUsOvbSo4KJzmH45mVq,41.548466767691,-8.43879132102251,16.123194,1777767685000,e8c9832b5c388bb5,,24.03
9.778313,Braga,10-05-2026 18:39:06,0.05,94.2,EbD5MZgNcYsTHSFHB8be,41.565152553562,-8.4377156431934,17.432229,1778438346000,bb80f878cef35322,,16.49
9.769696,Lisboa,11-05-2026 23:11:03,0.08,85.9,9p7rZuelMHjMPVqwrWfG,38.6986541796517,-9.12471054441617,17.655616,1778541063000,3bc1bf7fb69f3ba3,,23.11
9.782323,Braga,26-05-2026 06:51:53,0.26,74,tPFW5Ttj4wbDZ6toH2ic,41.5291622741212,-8.42677606686483,17.763528,1779778313000,cb4c1290e91970dd,,18.27
9.8186,Braga,03-05-2026 21:24:15,0.26,76.5,TZdCGBCC3vvacXumVuEY,41.5505209849307,-8.40297363788911,19.764607,1777843455000,d632e4ce536ec364,,27.65
9.812866,Coimbra,20-05-2026 01:14:59,0.44,72.4,CnnyerlqErfwW1f1BVoj,40.2148009115252,-8.39953120206098,16.806109,1779239699000,bbbe498ee44f6349,,16.66
9.796078,Lisboa,14-05-2026 08:41:33,0.08,68.4,4XYYSk9SqPpAtIveCHkS,38.7188837449128,-9.12484924376755,17.011906,1778748093000,55b620d8c0ab41e0,,18.05
9.810544,Coimbra,24-05-2026 00:20:04,0.11,73.8,dWyeq36zbfFQqXfMytb5,40.2130842582073,-8.39300744929169,17.689695,1779582004000,2f2bd7547d602b7a,,21.24
9.807031,Porto,08-05-2026 12:41:10,0.18,88.2,ARGYm52Rv7MP6B1iCHpO,41.134215689502,-8.61271779612899,18.558562,1778244070000,574582321d04df00,,23.55
9.787612,Coimbra,13-05-2026 15:44:47,0.53,75.3,iot8EWhswh4mCrQ4aXiI,40.2020892592202,-8.41861287297692,18.060295,1778687087000,72bd2672c948d2cb,,6.74
9.805941,Braga,21-05-2026 22:46:53,0.79,81.3,lKo6QyExylDxWqvR0qao,41.5409801425947,-8.43688415439896,19.929877,1779403613000,e9da39984fb29dc6,,15.15
9.816571,Lisboa,28-05-2026 18:54:48,0.39,77.7,MCxNwvpzQtO8klRd2LqC,38.7268438980766,-9.10686292549346,17.136063,1779994488000,c31244cee16e0c77,,14.26
9.831713,Porto,25-05-2026 00:34:19,0.16,78.5,zwG4TSmNQXT29ae8JUPD,41.148811437616,-8.60145515212835,17.057104,1779669259000,39a54d73a921b9f6,,22.78
9.839284,Coimbra,08-05-2026 23:30:48,0.15,91.8,Cdr2pGIv5Uj33HCe24wX,40.2180156982007,-8.38387132872525,18.279114,1778283048000,0f98939ac68105bb,,13.14
9.805084,Braga,13-05-2026 22:30:38,0.55,73.2,bi0LNSQD5TpJutr32lZr,41.5330566334254,-8.39241561390941,19.412127,1778711438000,c34c1310eab19c87,,15.22
9.833919,Porto,13-05-2026 14:22:40,0.17,88.8,4IWatSBGHySU4ONT9JON,41.1393152013571,-8.60062609145759,18.616803,1778682160000,f879804e4456e5d4,,15.54
9.847157,Porto,10-05-2026 16:16:29,0.09,80.4,51q8QlFktCZDghwCJDmE,41.1600201924758,-8.63258722283618,17.288081,1778429789000,330949523d665e3b,,14.28
9.819546,Porto,20-05-2026 14:17:40,0.24,82.2,eVFny7E2fpVHUFmesbSO,41.149334365752,-8.63579630226795,16.621119,1779286660000,de2dde23040292bc,,12.92
9.833923,Braga,06-05-2026 16:44:35,0.1,73.9,BA3XThBktVRQzNUIHUKP,41.5673134355727,-8.42150965403239,19.384263,1778085875000,24d6a87b0598b02e,,13.51
9.79546,Coimbra,09-05-2026 08:44:08,0.49,72.3,VeGiltDKOOliqFzP47JB,40.2021940060516,-8.38042559734144,20.278844,1778316248000,2618243a251bd83f,,21.01
9.825668,Coimbra,05-05-2026 23:25:16,0.58,74.2,1CfOrHQKwDNjvDIxSlm9,40.1785903977843,-8.39708229131945,18.673364,1778023516000,24d6a87b0598b02e,,21.41
9.80789,Lisboa,03-05-2026 16:16:01,0.5,77.3,YNmsWeoXCpqvrisE130W,38.7491157719919,-9.1325408518293,18.847614,1777824961000,da211edc7bac01a0,,23.81
9.815107,Porto,16-05-2026 06:38:20,0.18,71.5,l2l8eJh0KvfCfYM9aC0b,41.1829598364548,-8.64015524290683,18.098072,1778913500000,c0014ea2ee2fdaea,,15.49
9.798237,Lisboa,11-05-2026 19:42:05,0.34,94.5,ppS6VVU9l0Ufcgkv8tSz,38.7127092578746,-9.1733453018962,18.399862,1778528525000,3b1338c1207d1e2e,,18.98
9.808915,Coimbra,04-05-2026 08:24:09,0.26,67,LLQMw2KW2WCEcogSZEax,40.1939852959942,-8.3851422324719,18.812426,1777883049000,1d3db575c4a79d75,,15.3
9.82415,Coimbra,18-05-2026 22:43:15,0.38,83.7,mlce5rZ7nvtxyZ63mYz3,40.2050743899203,-8.39435284971821,17.350221,1779144195000,867d47425e9cccc7,,22.55
9.816188,Coimbra,12-05-2026 04:29:40,0.26,74.4,GBpAO21tQtUt5LG4hbQz,40.2095682122652,-8.40919580812838,17.560794,1778560180000,ae7ec9246c4649bc,,16.22
9.793081,Braga,22-05-2026 18:30:22,0.34,62.6,mKiOby0TYbri3LsjNN3i,41.5589859367297,-8.40601018978084,19.103715,1779474622000,556be8558ce56421,,12.91
9.812726,Porto,13-05-2026 22:19:39,0.08,71,q9nPWYOvdBMQEI5kdKLV,41.1357372932266,-8.60546675457253,17.547959,1778710779000,57e17fffc619e182,,16.29
9.850059,Braga,06-05-2026 18:15:24,0.24,75.6,i7bnGjULNGmLW0M416cg,41.5455425318499,-8.45287914133711,17.327478,1778091324000,6588d11c4a11acb1,,22.18
9.776958,Lisboa,18-05-2026 20:13:43,0.43,72.4,w8tFBfBJWdUOyGc8pctU,38.7432936508377,-9.11985039695386,18.450944,1779135223000,5e1de20fecf98844,,18.77
9.852643,Porto,14-05-2026 02:40:41,0.21,82.5,AHbfZSXmh035rn6pAa6w,41.1312311080727,-8.5952166366481,17.780566,1778726441000,e1bd0a847e7079be,,13.46
9.835119,Coimbra,06-05-2026 05:30:23,0.34,85.7,6wrKvNOVPPNiKfWREMV9,40.1904474470015,-8.43251736112519,19.388103,1778045423000,7f281c8dbac1f799,,16.34
9.791105,Porto,03-05-2026 06:58:58,0.26,79.5,3epyseFPAu9SKib610xK,41.1631010131518,-8.60453845737635,18.216062,1777791538000,a8c47673d6a4f85c,,22.53
9.806637,Lisboa,20-05-2026 07:36:35,0.03,81.5,5Kb44eA0HagWfv50QnVA,38.7245697978982,-9.15978846371411,18.639365,1779262595000,da211edc7bac01a0,,15.33
9.7873,Braga,02-05-2026 09:45:30,0.04,84.9,olYXw9BVl7tRJIV2JP9S,41.5364775124976,-8.40455927016816,17.701507,1777715130000,3bd002cf1fcfa789,,25.29
9.82919,Lisboa,22-05-2026 20:49:56,0.44,76.3,YR9Ysgf6OKnxmKgOapGP,38.7434820747726,-9.12970522926511,18.104675,1779482996000,b572bc65fae8bec1,,14.57
9.819836,Porto,20-05-2026 10:28:23,0.32,87.7,CRbN3RxjeG61vRG2yH4T,41.1683550607254,-8.60655583383473,17.434032,1779272903000,c837debb39dd1e68,,21.03
9.796319,Braga,27-05-2026 10:11:27,0.46,80.1,mEbnCEnWfjdx9JYJAKPS,41.5512718962574,-8.40349153494069,17.282259,1779876687000,552b8d6c350cb13c,,10.19
9.819102,Lisboa,03-05-2026 23:42:39,0.21,78.9,qHD8JeZmqbULwSPh7rau,38.723345541685,-9.15970074552135,18.681182,1777851759000,82a83fc853728306,,21.36
9.765834,Porto,12-05-2026 18:49:44,0.7,73.5,2TyeF4cac9rG0wtUQgU2,41.1710557052554,-8.62525907168549,19.049239,1778611784000,13db178cd9a1e37a,,20.7
9.833458,Braga,25-05-2026 13:55:28,0.24,80.2,ga3ULsRukuu4pSKyju1x,41.5552290139259,-8.41456323177952,18.79152,1779717328000,430f674c6dfe941a,,20.16
9.80356,Coimbra,08-05-2026 13:00:52,0.18,81.7,9TWSXUKICde61dNmQihv,40.1805291139246,-8.42663733922329,17.996374,1778245252000,ec75a53f04901eec,,13.33
9.794188,Braga,21-05-2026 22:31:26,0.28,77.2,hg42tGokqWTcMzVv7Wi7,41.5501959116959,-8.45479246247846,17.569171,1779402686000,75778bdb64d1008e,,17.34
9.818045,Coimbra,19-05-2026 20:03:47,0.14,89.5,YATKtHf6S2OdaeekTnoS,40.220221924765,-8.43633888112712,19.29315,1779221027000,f879804e4456e5d4,,21.75
9.820082,Porto,19-05-2026 12:31:53,0.1,81.5,xOyPD5ploJUPZmyGtgsp,41.1375183502457,-8.63234498750525,19.107133,1779193913000,e9da39984fb29dc6,,22.89
9.836699,Lisboa,09-05-2026 12:08:28,0.17,80.4,GbVFqQMPdumGR3UKXPav,38.7105037381229,-9.1122421717887,19.350246,1778328508000,153c202e3cfef4ba,,15.51
9.803632,Lisboa,14-05-2026 02:57:13,0.27,80.2,HPeBIozjv8CFlfbSGFlD,38.6957000177459,-9.12107602590671,18.988804,1778727433000,de2dde23040292bc,,17.08
9.779828,Lisboa,03-05-2026 10:43:58,0.28,82.5,8xLf696wVD53KGV1V4fx,38.7467888005014,-9.16544134889011,16.569892,1777805038000,0f98939ac68105bb,,12.94
9.779111,Coimbra,28-05-2026 12:02:56,0,85.2,dQkb5jNeP7DlyuXgPPpU,40.2263139262051,-8.39828066518333,18.345168,1779969776000,1b38ab967d98cc4e,,16.07
9.793641,Lisboa,17-05-2026 07:00:29,0.49,81.4,FHWhpgsx9W3yiUxodnd4,38.7031628889414,-9.15228678226173,19.144551,1779001229000,3993ad7e2565b6b0,,15.97
9.783181,Braga,01-05-2026 18:14:54,0.39,63.2,hhnesBt1tlfspDPEGR3R,41.5335538773323,-8.45786100124768,17.218099,1777659294000,9d789fd91804129f,,16.7
9.805053,Coimbra,26-05-2026 03:40:52,0.13,72.8,CSlwzQLBPXteenwa2CSB,40.2093790656763,-8.39361190210564,17.286921,1779766852000,2618243a251bd83f,,10.35
9.805589,Lisboa,09-05-2026 03:36:32,0.06,66.4,CTzmnKAGb8cCh6gN3sFu,38.7286788881434,-9.1475841068724,16.678459,1778297792000,eb39e98aca20e7d3,,16.05
9.813652,Porto,09-05-2026 22:23:31,0.08,77.9,cgej41Y1E0ZaUsji9Sx7,41.1664407849666,-8.60895098768655,18.573939,1778365411000,06bf6a628379e030,,13.37
9.808712,Braga,07-05-2026 17:08:11,0.07,46.7,WJfZtonhA58eBzV3N4QE,41.5311153456941,-8.410790139857,17.577898,1778173691000,057c44d337463e07,,14.07
9.816314,Lisboa,21-05-2026 01:32:59,0.14,91.7,FcFhhMHZTLv5eYhhxFI5,38.7319232707665,-9.11083798699505,17.0115,1779327179000,34cbefbc28798720,,18.66
9.783288,Coimbra,10-05-2026 13:49:03,0.37,73.4,huPx77Hzalztinz3lU1t,40.1832326569703,-8.40443889731624,18.215467,1778420943000,c837debb39dd1e68,,10.48
9.77406,Lisboa,14-05-2026 20:45:22,0.26,81.6,yVL2nCeZrDPJFw3bHQbw,38.7383375365766,-9.13668887665888,16.416439,1778791522000,517fc5ca69b652a5,,19.8
9.836607,Coimbra,25-05-2026 03:53:06,0.1,98.9,qOtrddjUF0qXGMqkrt7o,40.2101619069049,-8.44087913154976,18.44341,1779681186000,514af2be7dc985d8,,9.47
9.851995,Coimbra,19-05-2026 22:04:07,0.28,74.2,9dstIWzYVDhhIHeAeHkV,40.2091013361635,-8.43116521059345,17.876789,1779228247000,17b4966e9be4d8d8,,24.05
9.854161,Coimbra,15-05-2026 08:41:14,0.3,81.3,CDsLACHVsxSiD5pSpPOO,40.2150097761739,-8.40007518042227,18.197365,1778834474000,18d281edb3671f44,,13.85
9.839535,Porto,26-05-2026 05:48:33,0.46,73.8,uAFu2sh0nYvrOX3OwvQC,41.1654917473498,-8.60546511423376,19.598076,1779774513000,cb4c1290e91970dd,,20.46
9.846579,Coimbra,23-05-2026 08:16:03,0.05,102.3,YUdE5CPd1tOOxv9nbbeF,40.2106858099348,-8.44353765532723,17.087785,1779524163000,234da97fe615c6b7,,10.54
9.854894,Braga,06-05-2026 01:33:10,0.34,75.6,El9wLlgOlKOJwyCSiqdx,41.5240095067332,-8.39561167768559,17.453639,1778031190000,8dc02e5c153f83a3,,24.15
9.795998,Lisboa,08-05-2026 21:25:22,0.06,68.1,21gFEsOIwBuj7Pzt6jW4,38.7137642002203,-9.12921301904687,17.324222,1778275522000,574582321d04df00,,20.39
9.808972,Lisboa,25-05-2026 12:42:03,0.09,86.3,iYjblidreaAs5KzcDkyv,38.7069654061784,-9.15260268317143,17.233865,1779712923000,c7f34dc43387f858,,15.67
9.850899,Braga,06-05-2026 04:29:37,0.6,82.3,rGDAdNAC8oCkxcdKpkhV,41.5569598253672,-8.39374595803054,17.93069,1778041777000,c51d4eb54f89fec8,,18.39
9.846908,Lisboa,10-05-2026 11:20:24,0.28,90.3,ldxUaBUwcz5Ky6OhRUXv,38.7163450529878,-9.11580459427927,20.545264,1778412024000,4c885efe7bde3ff4,,17.88
9.834927,Lisboa,11-05-2026 13:18:48,0.72,68.4,qL6qeg5VbZcY4RkcIKyF,38.7100166319602,-9.1495964805579,17.146496,1778505528000,24d6a87b0598b02e,,5
9.852242,Coimbra,20-05-2026 23:55:27,0.28,82.1,p8lg1xhS91DuhMyELYl4,40.2166238891672,-8.42461906585121,18.584866,1779321327000,bc74204126e384ca,,18.76
9.822419,Coimbra,18-05-2026 04:01:37,0.09,92.1,f8rRYnr5llcF0c5snfYR,40.1777829579247,-8.40867306750446,17.03258,1779076897000,06961ead71f8b1d8,,21.31
9.826047,Porto,09-05-2026 01:22:06,0.65,81,JDqN78M3v6GKmUzF7skI,41.181215618619,-8.63215445774038,18.038225,1778289726000,bc74204126e384ca,,14.4
9.818362,Coimbra,20-05-2026 00:34:26,0.15,73.3,SPEQ3HC9n5GW4HdhgeZn,40.1780808056293,-8.41127953054691,17.135354,1779237266000,330949523d665e3b,,16.4
9.796141,Coimbra,13-05-2026 19:31:10,0.28,85.8,JRNzJqAcr2h77TkAgzUV,40.2115612610749,-8.40116639265388,19.296617,1778700670000,c9ab51cba10ae1e9,,15.01
9.82192,Lisboa,23-05-2026 16:11:28,0.18,75.3,pmQLKEdih44tQyeVyN1V,38.7128436409627,-9.15238196480219,19.205133,1779552688000,34cbefbc28798720,,15.8
9.815564,Porto,04-05-2026 12:53:18,0.32,81.6,j9N2BQWPPxqsfLVcWYqm,41.147740969697,-8.6169506825548,19.101657,1777899198000,1d6285f5502cf1f8,,20.24
9.80287,Lisboa,16-05-2026 19:13:56,0.02,83.6,zasIW54w3ffLLc6zuWzU,38.7167374998321,-9.15532157188468,18.585828,1778958836000,cb207a93391638cb,,11.93
9.843038,Braga,20-05-2026 14:59:46,0.41,85.3,MeWhe0FGvhlwMTkRDlY9,41.5279008265065,-8.44914566106362,19.127278,1779289186000,c6a2d85265d19a41,,17.95
9.784316,Porto,07-05-2026 18:39:55,0.48,74.4,ji42Mj7wpIqeJCvY3E97,41.1527927414026,-8.64407792653806,19.649754,1778179195000,556be8558ce56421,,15.52
9.753634,Coimbra,24-05-2026 12:33:24,0.09,77.9,kQq367x1H50H34pBBaFL,40.1809784727165,-8.41700162709459,17.593861,1779626004000,de2dde23040292bc,,20.11
9.827524,Braga,03-05-2026 07:31:03,0.13,89.9,mU0ZmEGnz2Ohw1OKl2yA,41.5310845791225,-8.41474713193408,16.156753,1777793463000,55b620d8c0ab41e0,,16.64
9.856082,Coimbra,27-05-2026 07:35:08,0.11,83.7,bELxAvpdbdlZjFxaNmSA,40.1969573334895,-8.40905093806428,18.325568,1779867308000,63d3511e9e857901,,19.66
9.762338,Porto,08-05-2026 13:02:26,0.01,77.6,cp5oCZfqjRhnZEsC0lF0,41.1460693130397,-8.60229541201526,19.053833,1778245346000,d5eb4d757b335d0e,,18.19
9.77707,Braga,20-05-2026 18:56:05,0.24,84.3,TGNr3KuqkF0AV4iNpUUW,41.5496543634659,-8.41705834845935,16.800284,1779303365000,c51d4eb54f89fec8,,14.66
9.82085,Braga,25-05-2026 19:04:42,0.14,92.6,jWtbRElZ6GfYN1wNGgO6,41.5691540024933,-8.40983580481603,18.592873,1779735882000,6f36a3307488809f,,19.89
9.812027,Coimbra,02-05-2026 05:39:27,0.73,87,ZG0WbMIJUdqbNnozUlCj,40.2259891175162,-8.39864860610697,18.653115,1777700367000,d57d393b16ba030e,,13.82
9.833258,Lisboa,07-05-2026 03:59:37,0.01,78.5,ExMqiyFoZiSTTTEll5jg,38.7372963349036,-9.15111420379492,16.338186,1778126377000,f7af4712fd6b9108,,22.07
9.822547,Lisboa,16-05-2026 12:55:37,0.24,85.6,XgzN3LmX3lK76CqxgfTQ,38.7491201743852,-9.15742633711587,17.288907,1778936137000,1d6285f5502cf1f8,,18.89
9.79611,Coimbra,04-05-2026 07:48:14,0.65,84.3,aIzlX9s1LYu4gomLBB0U,40.1945655774928,-8.39599601842675,17.958565,1777880894000,17b4966e9be4d8d8,,25.19
9.81879,Porto,23-05-2026 12:56:10,0.6,81.7,2jPKzzVt69EeRfGfn65i,41.1821645165655,-8.59679802546696,16.082836,1779540970000,574582321d04df00,,14.74
9.801977,Porto,28-05-2026 20:00:06,0.26,88.6,LTfIqzv7x3dXA7nBLSQ2,41.1553876197067,-8.65109679176935,17.19597,1779998406000,7f281c8dbac1f799,,21.99
9.801934,Lisboa,19-05-2026 08:39:19,0.31,92.1,4V3AP3xwNN8WLe89My0A,38.7491324018739,-9.119382341805,17.988622,1779179959000,82a83fc853728306,,16.04
9.831121,Coimbra,07-05-2026 16:40:43,0.01,74.8,yrtKTKYZwRg2spCQaVrm,40.1982225394862,-8.39328603680091,18.347932,1778172043000,2f2bd7547d602b7a,,20.18
9.827739,Lisboa,06-05-2026 00:41:15,0.13,82.1,AjBmhFDEWrT5rjljg2lR,38.7478871220277,-9.15336725183804,17.60804,1778028075000,bbbe498ee44f6349,,18.1
9.813622,Porto,18-05-2026 17:40:04,0,90,pUJuaGVnpkEgbtunV9uf,41.1666283267754,-8.62257885900687,16.075224,1779126004000,ce246387dd078174,,16.57
9.806001,Braga,10-05-2026 19:03:48,0.62,87.4,TsoeSC9eMR9O9e5yo7Zm,41.5355626569388,-8.43180384963287,18.467181,1778439828000,3811390588367f0e,,20.05
9.79677,Lisboa,18-05-2026 09:42:23,0.19,80.7,q3np7OOG85kutgFZAIK9,38.7094043505316,-9.13042546554516,17.257197,1779097343000,e1bd0a847e7079be,,16.37
9.795786,Braga,20-05-2026 07:46:23,0.22,86.8,IiK8PL5UqvXJScl7G7tw,41.5556242479375,-8.45196095367101,17.112876,1779263183000,430f674c6dfe941a,,25.07
9.829215,Coimbra,28-05-2026 19:28:52,0.23,61.4,RgWKQPGfBVlx8sMMmg6t,40.182698787449,-8.40629423371316,18.301678,1779996532000,b8e78b83a62a0cb7,,19.3
9.78019,Lisboa,05-05-2026 20:17:26,0.25,91.6,n6H9BhYoADSs2yfBgB0a,38.7087355485351,-9.14495966378413,18.512092,1778012246000,2f2bd7547d602b7a,,23.43
9.819046,Lisboa,01-05-2026 23:06:49,0.47,84.5,WQYS1pyEfiFSqEaAMW62,38.7100260374995,-9.15822893308196,19.390266,1777676809000,0e52f2934d8ce165,,14.63
9.822664,Lisboa,09-05-2026 10:49:03,0.15,73.4,DYH0XMt2aQRyNXCiMBCj,38.7473160901884,-9.11821818356183,18.449278,1778323743000,cb4c1290e91970dd,,12.47
9.807563,Porto,09-05-2026 05:43:07,0.13,82.7,meNWgPy4CJ74OCuVS7Jy,41.1456340072281,-8.62518312103989,18.252273,1778305387000,7d176c63414fcd05,,21.22
9.809388,Lisboa,06-05-2026 16:20:21,0.42,82.2,0jOxwp4hCvuZaqz1gBhs,38.7218355606806,-9.15601612644492,18.702585,1778084421000,a8c47673d6a4f85c,,18.8
9.790838,Braga,14-05-2026 04:43:55,0.1,86.7,oM3Di2yEvswCA0LOdLsf,41.5476411113267,-8.40967572300115,19.174577,1778733835000,1d6285f5502cf1f8,,18.19
9.773675,Lisboa,04-05-2026 00:00:45,0.22,63,wzmARUdnGvPukGWHlmh8,38.7022945328245,-9.10927835419722,17.423481,1777852845000,7d176c63414fcd05,,19.75
9.812285,Braga,21-05-2026 18:04:25,0.03,78.3,Gn503tm7wISRQxNLg3MD,41.5264227037986,-8.41786614344536,16.976895,1779386665000,c6a2d85265d19a41,,17.94
9.79831,Coimbra,25-05-2026 20:18:24,0.1,76.3,zTZQKjjvTPSroFSAmAzl,40.1984018379027,-8.40943414344437,17.671617,1779740304000,2618243a251bd83f,,21.69
9.807404,Coimbra,06-05-2026 15:00:13,0.46,90.2,Bx3n9OvMWvwmMr7xZdBQ,40.1815354666662,-8.41302497373847,19.122349,1778079613000,cb207a93391638cb,,20.14
9.802803,Braga,15-05-2026 12:35:48,0.03,89,oft5KThqk6ewqtU33cLz,41.5562436526238,-8.40711076686007,17.726671,1778848548000,3bc1bf7fb69f3ba3,,16.1
9.81332,Coimbra,07-05-2026 22:08:50,0.27,90,98xFqctb8XxkVQSFOSD7,40.2218022771832,-8.43525588919277,18.436714,1778191730000,867d47425e9cccc7,,20.4
9.835434,Porto,23-05-2026 10:07:59,0.33,78.5,y70Z0od9CY9Q4CKZMFue,41.1417572222384,-8.6469240222354,19.466564,1779530879000,ae7ec9246c4649bc,,15.88
9.796193,Porto,18-05-2026 04:00:56,0.17,62,096gN2sbFk0Z9or8ZAgx,41.1623700651279,-8.63661435139674,16.34474,1779076856000,daf96d2280390dec,,15
9.821765,Porto,04-05-2026 00:52:10,0.2,87.2,dGjKjidLj0ufWSnNbalL,41.1455850760543,-8.61388453503482,17.887612,1777855930000,c837debb39dd1e68,,14.51
9.799032,Lisboa,05-05-2026 13:07:50,0.15,82.7,Cq5R12ClNKdTwxuipEGm,38.6977171451926,-9.11970908236699,17.704817,1777986470000,8e7f2987241c2818,,12.14
9.832659,Porto,25-05-2026 00:10:32,0.24,85.1,ESXsuy7Issi0yomn08pX,41.1445325272989,-8.59609504793115,19.363084,1779667832000,9cbee3c1d7168837,,14.7
9.802832,Lisboa,17-05-2026 15:12:56,0.94,61.1,K6cnTsJmYdJisfnchBYd,38.7430530450736,-9.11393218812088,18.593247,1779030776000,8e2e127651e9cbde,,22.15
9.785237,Coimbra,13-05-2026 18:21:15,0.56,90,LcmxOVKp3s77h9FREV4O,40.2120385824509,-8.38980554526018,18.284956,1778696475000,153c202e3cfef4ba,,13.96
9.807224,Braga,12-05-2026 08:18:23,0.01,57.7,WTOc9WT166DhJU0j1gO2,41.5294100531521,-8.4107499030618,18.638191,1778573903000,2618243a251bd83f,,17.86
9.804317,Braga,01-05-2026 19:39:27,0.18,85.3,BQmKk9oeH7yDOQHhRfQZ,41.5233691756391,-8.43494846374006,16.324411,1777664367000,330949523d665e3b,,18.36
9.85872,Porto,03-05-2026 22:46:27,0.03,66.6,73p6IJp4zKRE6aXRiZ1Q,41.1602774720015,-8.5969553361251,19.830466,1777848387000,8dc02e5c153f83a3,,22.42
9.799732,Lisboa,12-05-2026 15:21:12,0,82.1,wBtrQe5eMPRmws6XCSlH,38.7195854928412,-9.11280809308957,17.05166,1778599272000,19a558ecc36977ce,,17.7
9.804401,Coimbra,20-05-2026 00:53:06,0.22,81.1,tZbQkoGSq9NjdoeEOwNe,40.1897467099672,-8.37638059092539,16.747783,1779238386000,de2dde23040292bc,,17.83
9.847361,Porto,24-05-2026 08:12:26,0.21,80,on6HlCyu0n8WsIQd2lSt,41.1322261386811,-8.60398606933739,17.302757,1779610346000,c34c1310eab19c87,,20.01
9.815502,Coimbra,09-05-2026 07:32:37,0.15,79.4,9JxJwUvVlbeaR7hOS85S,40.1974253462557,-8.40211721450179,17.327472,1778311957000,e84878f982129128,,19.13
9.822579,Lisboa,15-05-2026 23:02:56,0.09,78.7,2tFMjaCrdxgZU0SJ2Dam,38.7319418818299,-9.15295342019203,17.874664,1778886176000,867d47425e9cccc7,,18.39
9.805991,Braga,22-05-2026 22:41:34,0.81,80.2,vNNdiwXqV5OM8HpKeb9n,41.5275832971292,-8.41044100990343,18.927625,1779489694000,82a83fc853728306,,20.58
9.81876,Braga,03-05-2026 12:51:38,0.39,77.4,OFiGWedj6W4MDlMv01Cu,41.5187367659945,-8.44278405838001,17.917596,1777812698000,06961ead71f8b1d8,,22.22
9.803316,Lisboa,21-05-2026 22:31:20,0.11,70.4,DdPdFWMBX77PVnnSbYlk,38.7430696228473,-9.1659873703432,16.808648,1779402680000,6f36a3307488809f,,20.14
9.786117,Lisboa,22-05-2026 05:01:52,0.43,76.8,INNlh5kFsAkg2nntxK4T,38.7008876410849,-9.14711249731396,21.040284,1779426112000,0f98939ac68105bb,,11.38
9.810196,Lisboa,18-05-2026 20:11:57,0.31,91.4,7wzkeL9kM7Uu2McL5UKt,38.7256327356791,-9.12968016911245,18.971538,1779135117000,24d6a87b0598b02e,,16.73
9.837022,Lisboa,18-05-2026 16:38:58,0.06,89.1,nWCB2mWCWJ6T0lw9A7sX,38.6993545805905,-9.15324310144624,18.137603,1779122338000,d4389e820d4f82fa,,16.78
9.791807,Lisboa,25-05-2026 03:52:26,0.39,92.4,ALw5QuRFFUauhJA3x81d,38.7246434711968,-9.11093970383315,17.297698,1779681146000,ae7ec9246c4649bc,,17.38
9.793073,Lisboa,19-05-2026 08:17:24,0.14,92.4,NFNwc2UIdYXtSzA1aS8O,38.742419459639,-9.14450828978439,16.670038,1779178644000,b8e78b83a62a0cb7,,16.06
9.803399,Coimbra,09-05-2026 21:50:23,0.28,95.5,xcTsgAjWDva2ZOOkbONk,40.1882000758582,-8.3958679207502,19.23092,1778363423000,57e7d972b508815d,,21.28
9.828925,Braga,11-05-2026 21:13:37,0.06,73.1,alL0RUsqS0y41i5Fypu9,41.5364700041717,-8.45464583900594,16.89901,1778534017000,d5eb4d757b335d0e,,17.16
9.823682,Porto,23-05-2026 12:38:26,0.39,81.3,L2EOfuQgiRM8vrxWZJMp,41.1787905858616,-8.64390041848351,17.072266,1779539906000,91279a646f8ea6ac,,20
9.785034,Lisboa,12-05-2026 00:31:59,0.22,80.9,G3QsKMO1MRN1WeBLwo8w,38.7073746027024,-9.13015921623659,17.790531,1778545919000,923d0315f3ae2bb3,,20.2
9.790805,Lisboa,23-05-2026 23:38:43,0.17,63.4,RufiaKSceJfFQtWKDpXe,38.7030302305465,-9.13583067253576,19.704815,1779579523000,d632e4ce536ec364,,14.02
9.834444,Porto,21-05-2026 13:08:52,0.4,80.4,nB2bKINTg73duQasRWuM,41.1351962216605,-8.60086375370182,17.102939,1779368932000,e84878f982129128,,18.06
9.801911,Coimbra,22-05-2026 22:56:57,0.51,66.9,P9rdb2TxNFxXHnq6RswM,40.210596007895,-8.43844044953345,17.465192,1779490617000,1bd749deaf799034,,18.78
9.809872,Lisboa,15-05-2026 13:09:41,0.06,75,bRG5s0f4GlIO78AurKc1,38.7043735917148,-9.17276657094355,18.909899,1778850581000,de2dde23040292bc,,19.58
9.807574,Coimbra,16-05-2026 23:15:16,0.29,89.3,Txthv4hMdKnDx1CWDa12,40.2058482508238,-8.43334435060068,17.872654,1778973316000,7182af742e04dc6d,,17.2
9.785261,Coimbra,19-05-2026 09:39:10,0.62,75.8,5b2Rzf6QBLrhnWx0gk0I,40.2210335649915,-8.40469601531017,20.317439,1779183550000,ec75a53f04901eec,,14.25
9.841722,Lisboa,19-05-2026 10:35:20,0.17,80.4,MuXYxL1xIkFDVdSALN2i,38.7378617061944,-9.13538226344051,17.522922,1779186920000,53c682ded6545e06,,18.83
9.82301,Braga,06-05-2026 08:38:51,0.23,86.6,xyKRQ5qMbB4b2HPlFBhb,41.540856317667,-8.40205488748397,17.684677,1778056731000,18d281edb3671f44,,16.08
9.778116,Porto,04-05-2026 17:39:43,0.32,85.2,ib7NW3qxLTXyLhv8XEnT,41.1400642900151,-8.6488011281197,19.714098,1777916383000,ec75a53f04901eec,,19.22
9.79467,Lisboa,28-05-2026 07:19:26,0.31,63,7OQBmnEwK3GSUrLSfpUI,38.7277486559437,-9.11294247945776,16.308393,1779952766000,9cbee3c1d7168837,,16.64
9.805514,Coimbra,01-05-2026 03:10:02,0.01,79.3,JHfOYQS2TRfhUooYENu4,40.2243923893685,-8.40826770718646,17.953662,1777605002000,75778bdb64d1008e,,8.34
9.810293,Braga,12-05-2026 09:56:40,0.22,57.7,rfO5CaQD4WWgjFGFXMAp,41.5296569870496,-8.45581049686472,17.475168,1778579800000,72ba4e2f87adceb5,,9.37
9.833624,Lisboa,12-05-2026 14:42:52,0.23,79,uhMFGX4XJgA4qLwEhZWc,38.7233291997492,-9.12830815722253,18.747485,1778596972000,39a54d73a921b9f6,,12.85
9.83946,Lisboa,17-05-2026 12:57:20,0.28,65.8,LbaTY3OlGskirWgFcThI,38.7478090563848,-9.12762937374257,16.602387,1779022640000,5e1de20fecf98844,,20.4
9.847238,Braga,12-05-2026 13:56:26,0.08,77.9,FRrnqco46d1vVQEKkvTZ,41.5643998803882,-8.405917955761,18.537678,1778594186000,c837debb39dd1e68,,16.68
9.846366,Porto,17-05-2026 20:46:41,0.1,81.9,hoAGkWkdfO4v2jN97SFN,41.1577928201174,-8.64896977809559,17.40608,1779050801000,c0014ea2ee2fdaea,,14.27
9.797445,Coimbra,20-05-2026 14:44:46,0.15,76.5,ffy8CaOdAkcGi8g0iraD,40.2061639218976,-8.37499874408789,17.28927,1779288286000,e7eb35b501d57e1f,,26.4
9.789398,Coimbra,17-05-2026 09:37:26,0.18,81.5,0nyj1KihWSp4UvcO2ggp,40.1996662121269,-8.39481361524231,18.599506,1779010646000,3db4e6efff8b7518,,17.77
9.805186,Lisboa,27-05-2026 07:12:21,0.08,84.5,S40LubLi0Kf10HsG8L7L,38.7091394683713,-9.13198116619656,17.626227,1779865941000,d4389e820d4f82fa,,11.75
9.845609,Porto,12-05-2026 05:03:21,0.23,74.6,qLa8q0yug3stqtASZxFt,41.1550794869648,-8.6390895532566,18.381569,1778562201000,91d55d217a2af234,,23.18
9.821525,Porto,08-05-2026 18:28:22,0.52,69.9,iT4GWGIQZztyu3b4JNo5,41.1740035128621,-8.61194082546314,18.652787,1778264902000,1791998ac3161359,,15.89
9.790394,Porto,24-05-2026 02:10:59,0.05,67.3,Jsjep8MgoXBSMN8FvqHo,41.1444001072954,-8.59458684568731,19.348102,1779588659000,430f674c6dfe941a,,16.37
9.821805,Braga,07-05-2026 10:22:53,0.39,79,XCVhxq1jkqhkuWYaTn2H,41.5447345116888,-8.42767514428474,18.946616,1778149373000,c7f34dc43387f858,,13.62
9.810433,Braga,14-05-2026 23:30:41,0.27,76.6,ilo32D6jcCt6eMEwn0Ed,41.5332529267053,-8.45550897109048,17.022282,1778801441000,102edb38b5ec347f,,19.56
9.793204,Porto,12-05-2026 09:29:34,1.09,74.9,67MJQOJ5F8Dno9xkgaHv,41.1771185242822,-8.64801991606236,20.975303,1778578174000,234da97fe615c6b7,,20.2
9.794653,Braga,18-05-2026 07:12:37,0.15,68.8,7I5YYlA8ok8fHMrZXXx4,41.5706538128948,-8.42938317875695,18.661533,1779088357000,2b95dd3cf28e7c18,,10.43
9.807168,Porto,17-05-2026 19:53:40,0.34,97.7,GKTSLHTQfHh6gZ9MNrlJ,41.1701720881583,-8.62502807203556,18.227553,1779047620000,556be8558ce56421,,26.81
9.822643,Porto,28-05-2026 04:46:49,0.15,81.3,siXPaAqmmQ6LVP5uvmZt,41.1577334736065,-8.60121368936139,17.571778,1779943609000,e84878f982129128,,23.2
9.802013,Braga,23-05-2026 00:38:57,0.12,60.4,gXMCiOard173KR8nlsjr,41.5285296764391,-8.42189400930661,16.955278,1779496737000,517fc5ca69b652a5,,16.88
9.804818,Braga,02-05-2026 13:12:24,0.21,92,bNPfRV9WDohymoisPoaQ,41.5631095931976,-8.39250634607003,18.278083,1777727544000,39a54d73a921b9f6,,17.99
9.788823,Coimbra,13-05-2026 08:30:17,0.03,58.2,Gp1KVb7Fh5if65kxFNZI,40.2176046979146,-8.43358200673805,18.613464,1778661017000,0e52f2934d8ce165,,17.57
9.799303,Coimbra,03-05-2026 10:04:46,0.02,84.6,t2hKG10QlEWkrsPNxlcC,40.226765202405,-8.37603243851986,19.505047,1777802686000,bc74204126e384ca,,22.93
9.82919,Coimbra,04-05-2026 17:49:10,0.39,87.6,j05Inff7XKDFGKwgBzw2,40.2071091646339,-8.40121401310117,18.882184,1777916950000,3bd002cf1fcfa789,,19.51
9.822128,Porto,03-05-2026 08:17:34,0.14,84.9,xrsbWjDCydhQ3iogyiv1,41.1811860519227,-8.60190070110249,20.662994,1777796254000,1d6285f5502cf1f8,,17.7
9.828727,Coimbra,02-05-2026 15:10:54,0.24,75.3,ny3AWIwE3tpLX7EPpJr2,40.1961661716095,-8.44391903124732,19.008047,1777734654000,bb80f878cef35322,,19.46
9.843385,Coimbra,05-05-2026 10:06:49,0.15,71.2,SIrZ6xGe3yo3d7lglLZe,40.2287627864216,-8.38788413666854,18.205765,1777975609000,c7f34dc43387f858,,21.52
9.813589,Braga,24-05-2026 00:55:29,0.2,92.9,v0hfiMQH7cV3n9WUfdjy,41.5287680053478,-8.44860026497219,16.873011,1779584129000,bb4bb9fbcfcc16d1,,19.23
9.808456,Braga,02-05-2026 19:10:30,0.01,85.4,YDRsJU7lRwk3jKkus24Z,41.5309536412361,-8.46079848840148,17.478436,1777749030000,95744df47936b8c4,,17.7
9.810577,Coimbra,14-05-2026 12:33:28,0.06,77,yoZeBMftxw5M81dnyvow,40.1944799689956,-8.38789776602949,17.466984,1778762008000,c837debb39dd1e68,,21.43
9.81388,Lisboa,22-05-2026 09:45:54,0.05,102.6,qBBC3yV2ikA6SEyeFtPC,38.7038620163253,-9.10944772953826,17.313023,1779443154000,de2dde23040292bc,,28.68
9.818273,Porto,17-05-2026 06:41:34,0.18,89.9,kWjsUWkScxMYBqjxsMCI,41.1458846943974,-8.63945236393952,18.621284,1779000094000,63d3511e9e857901,,20.14
9.787958,Porto,05-05-2026 00:49:34,0.4,83.7,189P7zcSPms2WZGNF68o,41.1511738198482,-8.64850738368183,18.013595,1777942174000,5e1de20fecf98844,,15.1
9.817149,Porto,17-05-2026 21:25:22,0.14,83.3,2vp44KMxl7fgXVOU8Rur,41.1367604441272,-8.66163439782411,18.244446,1779053122000,42ac1a2bf982f79c,,15.57
9.80478,Braga,02-05-2026 02:41:49,0.32,89.2,Vqn1ODNYdTHA1JbHZGpv,41.5321736457218,-8.45583747356243,16.977997,1777689709000,3811390588367f0e,,11.88
9.795462,Lisboa,11-05-2026 21:27:01,0.36,90.5,quqOJCxWNCKKXWTEqiwU,38.7434903320636,-9.10565935077865,17.23075,1778534821000,17b4966e9be4d8d8,,19.23
9.846689,Lisboa,03-05-2026 19:22:21,0.43,84.2,X2tnyHkZEuzGqLF4RHud,38.7450867011065,-9.1301604675025,19.275416,1777836141000,b30b0b43692b035b,,14.36
9.8062,Coimbra,21-05-2026 22:16:40,0.03,80.3,ZE7lWuodWGgvHaI2z9CH,40.2045148153304,-8.40033971613279,18.752529,1779401800000,3bc1bf7fb69f3ba3,,19.63
9.815664,Braga,01-05-2026 09:50:17,0.2,70.4,jUYN9Yx3NPymueZXJ2Fw,41.5421116379233,-8.45496350644567,18.731926,1777629017000,c51d4eb54f89fec8,,12.98
9.780679,Coimbra,09-05-2026 19:02:03,0.54,80,KTpyeoRObestZArY9gN9,40.1793017293303,-8.43123446542293,20.020422,1778353323000,552b8d6c350cb13c,,20.25
9.7954,Coimbra,15-05-2026 00:40:43,0.14,88.9,QdnBFuH8ayKXUojTUXXU,40.1848165624435,-8.40574747637712,17.167893,1778805643000,f7c6682ad24d37f8,,9.42
9.812048,Lisboa,23-05-2026 03:21:00,0.03,73.7,1m4cWp8TFbNDgHqA1DLd,38.6974493129464,-9.10744192901619,15.54269,1779506460000,f7c6682ad24d37f8,,18.68
9.761378,Coimbra,24-05-2026 02:20:46,0.16,90.9,OgAZKYjCwNkFtA7dfcbz,40.2020089442752,-8.39629818477566,17.642713,1779589246000,6f36a3307488809f,,20.25
9.809547,Porto,12-05-2026 19:54:04,0.44,78,DcaFd1bga6jWiiUhkSzJ,41.1593389620147,-8.64066657976345,17.125646,1778615644000,cb207a93391638cb,,15.52
9.771683,Braga,03-05-2026 00:44:39,0.07,95.1,g2Vch791eW65I6eUyKmY,41.5655944674798,-8.3944712579673,17.403274,1777769079000,1791998ac3161359,,17.79
9.822725,Lisboa,19-05-2026 13:05:47,0.79,83.5,DBNH5E1ec1hsNtffYZ8X,38.734519184561,-9.16616192095451,19.066661,1779195947000,d4389e820d4f82fa,,16.14
9.798773,Coimbra,08-05-2026 06:33:08,0.45,76.1,jxhKyqXi66L7vGOyhBCj,40.1886860754497,-8.4329622179668,18.288637,1778221988000,c7f34dc43387f858,,21.13
9.797733,Porto,01-05-2026 23:01:22,0.45,71.9,Yj0uq2tY0MyuuckTr7Vk,41.1342972904578,-8.60225111724913,16.82125,1777676482000,e1bd0a847e7079be,,9.73
9.786942,Porto,07-05-2026 21:21:04,0.12,64.6,u1ZqOHdvSD8wN1va4ksj,41.1765024019179,-8.61738223763287,17.546237,1778188864000,d4389e820d4f82fa,,17.12
9.833059,Lisboa,11-05-2026 10:48:25,0.23,73.1,9xlohQDOusGCF8h2R9mj,38.7304458150055,-9.16433351986153,19.574382,1778496505000,c31244cee16e0c77,,16.18
9.82474,Porto,11-05-2026 00:25:28,0.28,77.6,ZOiapgXHACB1UY0DrtH4,41.1392468437442,-8.63622782507866,16.533251,1778459128000,7d176c63414fcd05,,11.42
9.802175,Braga,27-05-2026 22:12:06,0.16,71.1,F6mNdc615tNBocSL6yAz,41.5280058655303,-8.40878254703734,17.742648,1779919926000,9d789fd91804129f,,20.88
9.801847,Coimbra,28-05-2026 13:22:12,0.11,71.8,cOk8YTM2B8Pt2NMe6Ocq,40.2172127607534,-8.41475474088449,17.142702,1779974532000,42ac1a2bf982f79c,,14.26
9.799158,Coimbra,09-05-2026 02:55:58,0.28,98.1,GVLnO1lH62DXnj7YXlZD,40.182308049556,-8.43168620305408,17.842625,1778295358000,9d16533a62ab9315,,13.14
9.783031,Coimbra,26-05-2026 22:29:55,0.05,95.5,siF3tXMXZsBStvOrPdm5,40.1993174925578,-8.42299733067463,17.96671,1779834595000,e8c9832b5c388bb5,,11.21
9.817175,Porto,05-05-2026 20:39:15,0.34,91.6,toyAuW259Ksw56mJJlni,41.1697843381002,-8.65382118581264,18.825508,1778013555000,53c682ded6545e06,,13.48
9.816262,Braga,12-05-2026 21:05:30,0.54,86.7,wyAGZkiXWHM9UWA0xXEQ,41.5349054935372,-8.39356892877344,17.234982,1778619930000,6f36a3307488809f,,21.55
9.827521,Lisboa,08-05-2026 05:19:00,0.24,64.5,aYo1SNJahmoZODOzeYNe,38.7116763558326,-9.11150146654881,18.162824,1778217540000,3db4e6efff8b7518,,21.12
9.79731,Lisboa,01-05-2026 09:21:16,0.25,86.5,6t4fh7fwVXHgOy1jnewp,38.7315874992283,-9.14055823541987,17.695975,1777627276000,6588d11c4a11acb1,,18.07
9.79703,Lisboa,18-05-2026 09:19:15,0.04,96.5,D4U6zvcKXeym5MC4Oxbx,38.7039647142076,-9.16883300426233,16.915006,1779095955000,ce246387dd078174,,15.14
9.812535,Coimbra,07-05-2026 15:44:28,0.4,87.5,3ZxecP8MJ1fdbPL2qsoa,40.2205947457533,-8.40284062143356,20.060195,1778168668000,7f281c8dbac1f799,,19.23
9.819329,Porto,07-05-2026 17:09:42,0.01,79,aRyvzKsjCPAOmJa1OHly,41.138413604398,-8.62995193576829,17.681046,1778173782000,b572bc65fae8bec1,,22.07
9.809841,Braga,22-05-2026 14:46:00,0.13,87.7,VoSPgftpfVdDvo3MG324,41.5688489452107,-8.39970776974024,18.135482,1779461160000,2a339e8954684016,,14.78
9.834331,Coimbra,13-05-2026 22:04:10,0.1,71.7,9lBU5siLobYyQZqUy4hs,40.2298951271934,-8.42611476439569,17.619371,1778709850000,53c682ded6545e06,,16.58
9.82445,Braga,25-05-2026 13:50:03,0.42,76.8,VeAFtTUiSIUM1u6t3dwI,41.5457354500282,-8.44801702492414,17.425975,1779717003000,e1bd0a847e7079be,,18.68
9.794484,Lisboa,28-05-2026 01:42:17,0,84.2,LsF4viYG8LEZ0kPtv0MD,38.7307585883984,-9.15594154209862,17.639422,1779932537000,4c885efe7bde3ff4,,22.75
9.796913,Braga,17-05-2026 11:58:25,0.23,85.9,SsbUP8rjhbahtOLNzhhW,41.5285053034397,-8.40502708939855,18.139598,1779019105000,9cbee3c1d7168837,,13.22
9.79675,Coimbra,14-05-2026 13:57:01,0.54,79.2,nKV1PcUwCTNIyy7iVBMl,40.2003582489938,-8.42290471271658,18.437554,1778767021000,cbf338d836298cb7,,24.62
9.814406,Braga,12-05-2026 17:03:51,0.46,76.1,7U1acVQO5iPwVw8mMv3Q,41.5311933678464,-8.43815933560558,18.711424,1778605431000,430f674c6dfe941a,,15.43
9.819411,Braga,11-05-2026 00:10:35,0.6,77.1,10FQVngl0wktxHU1FZch,41.5651832243427,-8.4359350149794,19.355384,1778458235000,82a83fc853728306,,22.38
9.846759,Braga,06-05-2026 16:16:58,0.07,84.2,CwhFpQnxJmAj5s1KOlhv,41.5723899361555,-8.40932157852832,18.751748,1778084218000,8e2e127651e9cbde,,21.4
9.842766,Porto,16-05-2026 02:53:01,0.05,79.6,JF4JEeD7eou8R4Mnw5SQ,41.1492488278241,-8.62342361800878,17.177222,1778899981000,c34c1310eab19c87,,20.15
9.779035,Porto,14-05-2026 12:35:56,0.18,87.8,5XXlvBkU6EnNBYrmRXm2,41.1802014237902,-8.59940798956617,18.544105,1778762156000,1b38ab967d98cc4e,,18.55
9.84066,Porto,01-05-2026 00:13:47,0.18,88.7,MNj7JAQIQUTEJsjQSEEv,41.1541448929284,-8.60993243155416,17.431481,1777594427000,fb188f553674b4c4,,14.48
9.821026,Porto,22-05-2026 08:19:59,0.33,70,idSLC38V8wc0yyNLgR7P,41.1478825066885,-8.63648622651838,19.473999,1779437999000,4c885efe7bde3ff4,,14.48
9.806289,Braga,20-05-2026 05:07:17,0.27,80.2,vK3rsfAs0KpngX5ffuyW,41.5722281065105,-8.42314333587212,19.685632,1779253637000,c0014ea2ee2fdaea,,11.26
9.803636,Lisboa,19-05-2026 18:42:06,0.42,77.3,1igHczTSQYaTpWApkoRx,38.7121574912456,-9.17193553345378,17.738526,1779216126000,c7f34dc43387f858,,19.71
9.804426,Porto,08-05-2026 00:29:15,0.86,64.6,QfB0wzfmS5d1CVZpZNG9,41.1605926641388,-8.60277992888777,18.930604,1778200155000,234da97fe615c6b7,,18.45
9.788041,Coimbra,25-05-2026 19:33:17,0.05,82.6,Ru9rt73mbaDPsYv0RW59,40.1805408267581,-8.39826922612495,15.949518,1779737597000,1d3db575c4a79d75,,13.72
9.825899,Coimbra,15-05-2026 03:03:00,0.11,99.4,P4s5A01V0Yw3gGngzpmW,40.216156700912,-8.41250046031313,19.038982,1778814180000,7f281c8dbac1f799,,17.38
9.808269,Braga,12-05-2026 18:12:46,0.5,90.9,BmcvDVwDSG0yz3dDdl06,41.5662251773784,-8.4465802880539,19.609366,1778609566000,13db178cd9a1e37a,,13.73
9.808661,Lisboa,19-05-2026 12:49:10,0.08,82.8,Bc7yKPRwbG7xTjBf8dAG,38.6965542995596,-9.12413731513382,18.276519,1779194950000,17b4966e9be4d8d8,,21.28
9.830056,Coimbra,11-05-2026 03:43:04,0.1,96.9,yWqFr3gPTqelRraRW1qm,40.1964124140341,-8.38488127205702,16.566023,1778470984000,bb4bb9fbcfcc16d1,,19.43
9.847676,Coimbra,11-05-2026 05:04:32,0.21,75.2,LYXydaa4eJQRja5GFgyO,40.2044008566399,-8.40925378792288,18.753422,1778475872000,1791998ac3161359,,18.77
9.831948,Coimbra,21-05-2026 01:32:50,0.16,79,ag2H9eDVxDAVagGc9HBT,40.223563444292,-8.43656083874241,17.100963,1779327170000,923d0315f3ae2bb3,,20.63
9.837167,Coimbra,07-05-2026 01:46:48,0.18,90.6,AitMYfviRHNokGg6Y1z3,40.2132184292012,-8.42306848502334,16.541554,1778118408000,06bf6a628379e030,,16.59
9.848946,Coimbra,24-05-2026 15:58:12,0.46,91.2,Fmenf2NXZD5sKphpuiTY,40.1944977648693,-8.39266209772937,18.253355,1779638292000,c85cdb0ef48d09c8,,19.45
9.794757,Coimbra,09-05-2026 20:28:16,0.03,56.9,ZwvNp8FBQxef3H4iuBW4,40.212823841974,-8.41548069244775,17.036999,1778358496000,19a558ecc36977ce,,14.86
9.802906,Coimbra,19-05-2026 14:39:42,0,78.7,MhDkEgXvqISmAlIf3V8m,40.2101062610873,-8.42178488941756,16.918916,1779201582000,6f36a3307488809f,,17.12
9.774852,Lisboa,02-05-2026 03:22:14,0.86,83.1,mszaTEtLA2O9GCuCtPVs,38.7018601074193,-9.11962844728457,18.345362,1777692134000,5311a0642c2564ad,,21.68
9.788813,Coimbra,13-05-2026 06:42:19,0.35,87.2,jhG242FnNJQlgWi5v5uG,40.2140917298933,-8.42411772407346,14.830913,1778654539000,1b38ab967d98cc4e,,17.39
9.752485,Coimbra,02-05-2026 22:35:13,0,78.8,XwdnXeventWQyxdITQAu,40.2280538146365,-8.42589034004229,15.269941,1777761313000,1bd749deaf799034,,25.7
9.81572,Coimbra,11-05-2026 15:19:11,0.44,71.5,FYrsE4FfotfkvVpPZH1S,40.2097616027001,-8.38062200774601,16.460107,1778512751000,ce246387dd078174,,13.08
9.764011,Braga,02-05-2026 05:43:22,0.1,98,xXD05iNUUN8CA1yxAWk8,41.5326355543035,-8.40260152979623,18.523413,1777700602000,17b4966e9be4d8d8,,19.2
9.821475,Porto,03-05-2026 09:23:23,0.08,80.8,p5MonyC2RFDqt2gc3V5R,41.1782417536688,-8.60629258704003,18.009078,1777800203000,39a54d73a921b9f6,,15.57
9.809068,Lisboa,06-05-2026 22:08:40,0.03,82.7,XWhHlTd5anQ66rcNVpvV,38.7062605157735,-9.14143732384567,16.361296,1778105320000,c7f34dc43387f858,,12.62
9.831657,Braga,24-05-2026 13:47:53,0.18,76.9,RU6i096dnfQaBzzs5BSx,41.5441771374704,-8.41321144622491,16.919537,1779630473000,2f2bd7547d602b7a,,12.11
9.793128,Porto,13-05-2026 22:49:14,0.2,77.8,GYGFT5PNDHJGtw2GOTUF,41.1763975270762,-8.62898811004086,19.287062,1778712554000,102edb38b5ec347f,,18.72
9.846979,Lisboa,05-05-2026 03:23:03,0.72,84,s3MfD69M1sAeP3Nd7yLT,38.7204231097722,-9.13369538788723,19.623021,1777951383000,6588d11c4a11acb1,,11.96
9.814611,Braga,28-05-2026 17:20:35,0.64,72.3,wgbI3P92UXV6n8iWFQH9,41.5615956073784,-8.41649863250695,19.894209,1779988835000,153c202e3cfef4ba,,15.03
9.807453,Coimbra,27-05-2026 07:28:26,0.26,82.4,MKHtjbbol8y8ZvdPod4u,40.1974940303209,-8.3850842632197,18.096605,1779866906000,ec75a53f04901eec,,13.9
9.795649,Braga,09-05-2026 04:11:59,0.37,80,UCAx2gZonvl1KsMxEBdp,41.5325224496862,-8.45560284373935,18.593487,1778299919000,552b8d6c350cb13c,,14.91
9.822967,Coimbra,02-05-2026 11:16:26,0.27,76.1,rY8ORKkWTLEdtXunH9BI,40.2228956307449,-8.44065597020462,20.619977,1777720586000,ce246387dd078174,,16.56
9.826032,Coimbra,28-05-2026 13:31:59,0.03,72.5,AFyjh8O82mvtOuzWerUo,40.1978152650894,-8.43550721396726,17.885594,1779975119000,57e17fffc619e182,,17.23
9.85926,Porto,25-05-2026 20:39:04,0.18,76.9,mR4tJ01PK3LT3xp7el36,41.149500193967,-8.6508048957044,16.109173,1779741544000,e8c9832b5c388bb5,,19.73
9.824482,Coimbra,10-05-2026 22:19:34,0.11,100.1,0Ojtes4OChZGK5E30zk2,40.2153331124251,-8.43025739965335,17.078194,1778451574000,8e7f2987241c2818,,13.33
9.813962,Porto,23-05-2026 18:29:04,0.16,84.8,27Q0UU8sUj98PNlgc0gF,41.1719207641555,-8.60875478768064,18.752645,1779560944000,a8c47673d6a4f85c,,19.86
9.810865,Braga,07-05-2026 11:24:01,0.14,71,Tv5f5EXvbU7FRKApfojr,41.5451693974766,-8.44327033241565,15.52111,1778153041000,a2fd30e5fa49ad53,,18.94
9.810527,Porto,14-05-2026 07:44:51,0.15,81.9,y0fN5ASPOufNzzkEfrwE,41.1666716324336,-8.6128499420346,18.346348,1778744691000,d57d393b16ba030e,,17.56
9.810973,Porto,26-05-2026 18:59:44,0.18,66,SBXGBk1X72nCGxSWCDgR,41.1843101653666,-8.64226731670369,18.041444,1779821984000,1bd749deaf799034,,15.06
9.828016,Porto,22-05-2026 06:57:09,0.63,86.9,3BXkVrtvlCG2s8maSaoM,41.1309779614407,-8.65267797277136,19.652164,1779433029000,5afe6ceac06784f5,,24.11
9.800358,Coimbra,21-05-2026 09:23:14,0.27,82.4,9sB58v1KtVMfQW2IAIPU,40.2033384305832,-8.3922909201262,16.121979,1779355394000,19a558ecc36977ce,,15.05
9.799197,Lisboa,14-05-2026 04:36:07,0.29,76.5,TmSlanULjkyJ27zGEbPR,38.7277568391261,-9.13852462154831,17.355772,1778733367000,a8c47673d6a4f85c,,17.96
9.794595,Braga,24-05-2026 20:11:42,0.2,85.4,xY2suETS5y4unaLjqV9A,41.5438036241886,-8.43572400444331,20.374983,1779653502000,1b38ab967d98cc4e,,22.5
9.814862,Lisboa,06-05-2026 10:03:07,0.09,73.8,ijlwDxbqeikAztWpSZxU,38.7063766478015,-9.11085172042921,18.231458,1778061787000,c34c1310eab19c87,,15.95
9.825675,Porto,16-05-2026 07:14:05,0.07,66,9VPPCogsXKjQ9BBljZQq,41.1617877370878,-8.60483609953717,18.451533,1778915645000,cbf338d836298cb7,,16.85
9.805865,Coimbra,27-05-2026 23:07:43,0.25,78.6,ZR9GdE9eddjquHX2THRW,40.1999732247071,-8.44547892872773,19.229766,1779923263000,8dc02e5c153f83a3,,13.93
9.837821,Braga,26-05-2026 13:58:43,0.2,68.6,0BJGnJUYzHLYHjwGh9Cn,41.5456955276387,-8.41030591625245,16.813596,1779803923000,57e17fffc619e182,,12.57
9.841824,Coimbra,19-05-2026 09:26:33,0.04,85.4,lVjpvcFZ0OM1TONpEIFo,40.228505293656,-8.43840471325156,17.225247,1779182793000,9cbee3c1d7168837,,21.63
9.793516,Lisboa,26-05-2026 09:04:14,0.26,87.9,y8Hq76MzbQm7n7slM61X,38.7024857336516,-9.13377917756503,17.409008,1779786254000,da211edc7bac01a0,,21.03
9.827277,Lisboa,08-05-2026 11:23:04,0.31,86,jAQOBlIf5dCzCDVCZXI2,38.6984057116403,-9.14659443728195,17.69055,1778239384000,c51d4eb54f89fec8,,18.63
9.793014,Coimbra,12-05-2026 02:42:41,0.72,93.7,MEeIeMcwPKCq6BG8YK5K,40.2282387045737,-8.3982317956557,17.734274,1778553761000,eb39e98aca20e7d3,,15.96
9.753121,Braga,24-05-2026 14:07:24,0.19,66,cQBkqiyhdTppjrJSEFmy,41.5301292238785,-8.43648925291151,17.973405,1779631644000,c9ab51cba10ae1e9,,24.29
9.782109,Coimbra,17-05-2026 21:43:44,0.18,81,WjZzQSHucaDiJ7RTt1oG,40.2221178283177,-8.40327082469743,18.251779,1779054224000,102edb38b5ec347f,,14.43
9.828748,Lisboa,01-05-2026 09:39:24,0.28,94.8,LNZL6GBB5R7SKkYSrPZ4,38.7236322209317,-9.11347777649462,19.098347,1777628364000,da211edc7bac01a0,,15.76
9.831519,Lisboa,04-05-2026 03:29:34,0.15,81.5,rNbtGWDVowUMFxro1s8Y,38.7325646719559,-9.10955335131367,18.346951,1777865374000,e1bd0a847e7079be,,17.51
9.7928,Lisboa,15-05-2026 06:09:34,0.3,79.2,KzgTdFFU6KMOCDjjkjSB,38.7079819028094,-9.14748782545915,17.651324,1778825374000,5e1de20fecf98844,,21.57
9.824741,Lisboa,05-05-2026 02:32:07,0.42,77,u7pp8cajFaiDXxVd22E1,38.7422937368968,-9.14768444226697,17.889194,1777948327000,b572bc65fae8bec1,,24.04
9.784834,Porto,04-05-2026 09:59:24,0.24,77.8,W94cFv3adbzN2X5NRf8w,41.1372188422209,-8.63377360332314,18.610826,1777888764000,8dc02e5c153f83a3,,23.23
9.785462,Lisboa,28-05-2026 14:12:36,0.04,97.1,3L5Qk3j3qquw8Bvlnlig,38.7239061006735,-9.10972250621133,16.850441,1779977556000,c34c1310eab19c87,,21.03
9.804274,Porto,22-05-2026 01:35:25,0.17,65.6,uL6cEawVQRWBMxTea1B0,41.1437772701045,-8.65928554732269,16.768692,1779413725000,34cbefbc28798720,,13.39
9.833852,Braga,04-05-2026 02:13:07,0.69,68,iH2FscTZGPheD0mbRyKY,41.5406049328625,-8.45449657135897,19.146713,1777860787000,cb207a93391638cb,,16.78
9.805647,Braga,14-05-2026 08:51:30,0.07,76.9,iIC4ZHLMWL4KziGK98pa,41.5633722936663,-8.452094476238,17.122928,1778748690000,1791998ac3161359,,23.9
9.780475,Braga,08-05-2026 00:21:51,0.19,84.4,Gwduy3dJ7mVgKgjPAdqS,41.5482347524104,-8.45850564600346,17.210823,1778199711000,f7c6682ad24d37f8,,13.91
9.830343,Lisboa,21-05-2026 10:32:43,0.18,70.1,qN7JeJrr9aM3pI881Bwt,38.7354918543318,-9.13734178201886,18.897652,1779359563000,574582321d04df00,,18.14
9.774057,Coimbra,25-05-2026 06:03:08,0.16,97.5,28dR8xqGDtHEcvzyjob2,40.1800467054173,-8.39115578872951,17.5313,1779688988000,fb188f553674b4c4,,19.02
9.822502,Porto,01-05-2026 07:53:55,0.5,99.6,PtrOz3gxa2gi146XRXUo,41.1759189475903,-8.63681043928032,19.148454,1777622035000,34cbefbc28798720,,20.97
9.807257,Lisboa,19-05-2026 04:52:38,0.28,87.9,yB1d21xbwNb1G2xPxSDB,38.6981422756204,-9.14658600778861,16.705294,1779166358000,39a54d73a921b9f6,,25
9.778825,Lisboa,11-05-2026 07:53:01,0.08,68.6,ZEKS9pLg7MtFroDj4K1L,38.7214738083374,-9.1122156802586,19.783766,1778485981000,18d281edb3671f44,,16.77
9.809361,Porto,08-05-2026 09:33:57,0.09,94.3,SYXXKU77yZ2bLhbiDB6Y,41.1689668624019,-8.64160800505333,16.720924,1778232837000,a2fd30e5fa49ad53,,16.33
9.837416,Lisboa,15-05-2026 23:24:25,0.58,80.7,qRPokfge0OLdiBPAWRip,38.7221428576943,-9.11097182930988,19.155351,1778887465000,f7af4712fd6b9108,,15.42
9.811022,Coimbra,27-05-2026 19:22:39,0.2,71.5,Yo82YpaN5IpgqxkpFI6X,40.2006009659508,-8.37551192679575,22.490106,1779909759000,cb4c1290e91970dd,,22.07
9.827222,Porto,10-05-2026 12:27:28,0.47,73.8,4lGCqOjZxAuz956JzAWI,41.1420933820631,-8.63728523420292,19.396638,1778416048000,42d576864f9952c7,,25.53
9.846662,Porto,27-05-2026 21:13:17,0.33,65.2,cdTx6JKQw64SWnIhuE1x,41.1712876083077,-8.59621951854089,17.172874,1779916397000,552b8d6c350cb13c,,14.22
9.816469,Porto,14-05-2026 02:03:31,0.62,74.3,RISVZvDIgJOd9EDN96TZ,41.1801947583746,-8.60376459379605,20.341149,1778724211000,c34c1310eab19c87,,17.97
9.849107,Lisboa,06-05-2026 04:13:45,0.14,94.9,s4HH3ZhwQW1OY1h9srBA,38.7287380563805,-9.12379677294765,15.979892,1778040825000,153c202e3cfef4ba,,17.13
9.797108,Porto,17-05-2026 13:26:22,0.03,82.1,hDfca31A6xA1j6zzBIJx,41.1788846907462,-8.61778094506651,17.890126,1779024382000,487b076a69a53671,,20.09
9.78575,Lisboa,17-05-2026 03:25:35,0.13,84.1,X3ORzoF7ZFBBxMN4wNMc,38.741560319452,-9.15219444654352,18.115732,1778988335000,e84878f982129128,,21.83
9.785512,Braga,07-05-2026 10:41:42,0.04,77.2,5ZJg1BllyBrG2tNPgHPz,41.5541861599744,-8.44269560641912,17.311243,1778150502000,06961ead71f8b1d8,,21.6
9.795592,Porto,27-05-2026 15:14:36,0.21,74.4,oznTvI8dQxWnmfQxfOme,41.1477508682295,-8.60137941920336,19.097647,1779894876000,c0014ea2ee2fdaea,,16.03
9.819201,Braga,06-05-2026 07:18:53,0.02,99.8,C5akFGsEmttD1KYmCkVl,41.5370574190971,-8.4543732065562,18.951262,1778051933000,c85cdb0ef48d09c8,,24.69
9.830544,Braga,06-05-2026 08:26:34,0.19,79.8,WyeNS3AJk4kwHIvQ8H87,41.5599701876513,-8.3984414812862,16.733165,1778055994000,0e52f2934d8ce165,,14.88
9.797906,Lisboa,16-05-2026 05:56:26,0.24,102.4,RRFtaHCtCrb3CmNEjKOA,38.7310225042384,-9.1655930992498,17.210429,1778910986000,eb39e98aca20e7d3,,13.82
9.821196,Porto,17-05-2026 13:55:59,0.33,81.4,FLKZ2dyhG5pVsqjvhfGc,41.1711762347624,-8.64005832854301,18.822456,1779026159000,131c7dd8f3ab4b35,,12.48
9.790647,Porto,19-05-2026 11:28:15,0.29,77,M6httunpFS9w1lbg0xyN,41.1671254729465,-8.66152198960701,17.515094,1779190095000,487b076a69a53671,,18.8
9.820232,Porto,06-05-2026 07:11:57,0.01,64.1,R8tew4EomEB5HraUNfmr,41.1458087931563,-8.59748576422367,17.243616,1778051517000,42ac1a2bf982f79c,,15.41
9.812654,Porto,01-05-2026 18:10:36,0.41,74.5,aFhKxEPgQ9t5wgtLwgrL,41.164881671986,-8.62861024931361,19.410716,1777659036000,5e1de20fecf98844,,22.73
9.800102,Lisboa,27-05-2026 08:12:55,0.02,70.4,2nyJc93DlMzBUe23HdIq,38.7129521453715,-9.12027974937079,17.669754,1779869575000,c6a2d85265d19a41,,15.56
9.786485,Braga,04-05-2026 07:54:19,0.12,79.6,0ItHi2DTkmP4b0MMcD7b,41.5667189620189,-8.42515944313979,18.594832,1777881259000,42ac1a2bf982f79c,,20.66
9.832016,Lisboa,13-05-2026 04:08:04,0.12,67.4,apbQayQaqwTUhRNNdGf1,38.7343669950709,-9.14724802336548,17.22455,1778645284000,e9da39984fb29dc6,,13.12
9.801428,Coimbra,09-05-2026 14:37:40,0.11,90.7,O0ypTiZDlknYFo1BN2ud,40.1887616705186,-8.44192126110215,19.476883,1778337460000,c837debb39dd1e68,,20.2
9.802118,Lisboa,19-05-2026 17:32:05,0.13,91.6,cvLdqDownu1jkAW0Q6xq,38.7401820416726,-9.16379204485355,16.999559,1779211925000,330949523d665e3b,,25.44
9.81519,Braga,17-05-2026 16:45:46,0.26,80.2,n99KD4mXt1xgmRQwZNLB,41.5212307542666,-8.40530158228323,19.254728,1779036346000,39a54d73a921b9f6,,20.07
9.822585,Lisboa,19-05-2026 10:33:04,0.25,74.9,dTbNJNTDkDq4aSufqPSp,38.7031335816432,-9.16980711686935,18.984399,1779186784000,18d281edb3671f44,,15.32
9.78166,Porto,05-05-2026 10:10:17,0.47,85.8,eMN2fSmBxAtTdPWkSx7s,41.1804105975967,-8.63722248761505,18.403676,1777975817000,4c885efe7bde3ff4,,16.21
9.834373,Braga,07-05-2026 04:09:32,0.33,76.1,WPKQlkmHqnx2DM6NmIPM,41.5415129490174,-8.45953448641641,17.650164,1778126972000,ce246387dd078174,,22
9.851207,Lisboa,28-05-2026 07:07:05,0.09,69.3,kjuePEr3FulMrNCDwzxu,38.7451849261441,-9.15310048691774,20.689989,1779952025000,91d55d217a2af234,,18.27
9.811236,Porto,25-05-2026 21:47:25,0.01,87.9,4NQvBmImBFABwXDdnfVa,41.1396692323395,-8.60428380921211,16.11401,1779745645000,3811390588367f0e,,22.53
9.769941,Porto,12-05-2026 21:53:54,0.36,75.8,PW7S9HFwYnPXRYqletsV,41.1399531890848,-8.61996193990965,17.773399,1778622834000,c34c1310eab19c87,,15.23
9.827585,Braga,17-05-2026 02:16:46,0.37,71.5,YDsKGHTOoNB4HmJSixjx,41.5629244333513,-8.43834751240097,18.472099,1778984206000,b572bc65fae8bec1,,17.27
9.785127,Lisboa,10-05-2026 08:02:14,0.14,86.4,vSp7Wvl9eweFmRsYyA82,38.706917015565,-9.13076885189437,17.565372,1778400134000,63d3511e9e857901,,16.83
9.819408,Porto,26-05-2026 20:29:29,0.08,91.9,KOKZTVjVqEg9wEXuA5gb,41.1816776488948,-8.63393746979903,18.554096,1779827369000,c51d4eb54f89fec8,,20.26
9.827586,Porto,11-05-2026 08:33:24,0.27,80.4,bkl4gTinLv9xglg30AMG,41.1667809974874,-8.65945056843504,17.635087,1778488404000,f879804e4456e5d4,,19.37
9.846369,Braga,18-05-2026 05:42:33,0.24,75.2,qgqi7kA0oOiAVVihsqum,41.5257654858546,-8.45151537189174,17.758313,1779082953000,3bc1bf7fb69f3ba3,,18.44
9.840308,Coimbra,13-05-2026 22:41:43,0.37,87.6,h1NzFI3CFJGZcX19fRhO,40.1820457376976,-8.39997721446495,17.637833,1778712103000,574582321d04df00,,23.02
9.812838,Lisboa,09-05-2026 16:05:50,0.25,68.5,Itlm6lTRzmvwYrANRcnm,38.736424023053,-9.16695670793634,18.766332,1778342750000,17b4966e9be4d8d8,,21.98
9.810357,Coimbra,10-05-2026 03:21:31,0.25,104.8,c442vCfKDplmTJgwsvvi,40.2207122487514,-8.40587185095804,17.816876,1778383291000,1b1cc9cee9f27003,,14.74
9.790502,Coimbra,23-05-2026 18:46:14,0.15,83.4,OXkOya4l4nvBsbRLoaNN,40.2285192028479,-8.3792414186406,19.614246,1779561974000,ae7ec9246c4649bc,,23.87
9.832443,Porto,15-05-2026 02:19:52,0.02,84.7,06RDryhlp9QfMSQacjsf,41.178793492718,-8.61994360890968,17.14961,1778811592000,d5eb4d757b335d0e,,17.62
9.813793,Lisboa,16-05-2026 20:49:52,0.27,90.3,Wz5n576Cnvnmk4EciGX0,38.7134899569455,-9.13968483459716,17.820976,1778964592000,c0014ea2ee2fdaea,,18.18
9.823254,Coimbra,22-05-2026 00:12:01,0.39,70.9,47Ix0I1Vrnefyk6edTQS,40.1983536396511,-8.41493223188513,18.887219,1779408721000,cb207a93391638cb,,11.93
9.8357,Coimbra,05-05-2026 02:08:04,0.46,78.4,SNq1DnYN7zUxRYsVmfbv,40.1954446840636,-8.385673561744,17.81528,1777946884000,64a94f9052422a0c,,19.52
9.799346,Lisboa,03-05-2026 04:38:52,0.22,80.2,nRdQXjDvKAcJ6OILWvJy,38.7190031562049,-9.16931167484135,17.817156,1777783132000,2618243a251bd83f,,14.25
9.80402,Coimbra,26-05-2026 07:28:43,0.51,94.1,nq5kmgqKrXvkVgkwT397,40.2091267725279,-8.37575045437334,16.294094,1779780523000,8e7f2987241c2818,,22.36
9.815003,Coimbra,01-05-2026 05:42:10,0.17,89.2,N5GgJcRrdPK33UUU1NLh,40.1787501618884,-8.43582752325175,16.216739,1777614130000,b572bc65fae8bec1,,20.34
9.79118,Lisboa,06-05-2026 00:58:07,0.4,66.1,awYdJwaQfTpRrEOrTkMS,38.7020029953665,-9.10717962506589,18.792094,1778029087000,1d3db575c4a79d75,,18.56
9.825649,Coimbra,13-05-2026 08:41:53,0.13,86.7,4lkZAtCiuSrSoSKV3lsv,40.2253792120044,-8.39024875344113,17.885175,1778661713000,f7c6682ad24d37f8,,15.95
9.805793,Braga,01-05-2026 15:16:33,0.12,70.3,siqbI9fDsTOrixRp7KSS,41.5507839109744,-8.41034547088578,19.000914,1777648593000,53c682ded6545e06,,14.73
9.835625,Coimbra,10-05-2026 00:24:28,0.07,81.1,Y08BG2lbKgJPJgkjtYXy,40.2048078161623,-8.4217948583632,16.206195,1778372668000,57e17fffc619e182,,10.77
9.812882,Coimbra,08-05-2026 17:54:16,0.2,87.9,XIcMZFakaMW1DLTaMBRp,40.1829381829948,-8.42729273873034,19.682976,1778262856000,8f8c45c33ff51d0e,,20.94
9.791833,Lisboa,16-05-2026 10:40:41,0.74,80.3,eeEvPnphCdiQ2w5npFME,38.7421063653686,-9.16688078569806,17.289269,1778928041000,5e1de20fecf98844,,20.11
9.803545,Porto,12-05-2026 10:34:29,0.38,87.1,WE6wJDlXxmDfFicRhuop,41.1595947329527,-8.66127260311552,17.797308,1778582069000,9d16533a62ab9315,,22.48
9.854424,Braga,10-05-2026 01:07:35,0.24,80.7,8yK6ZArCWq65em75pe7g,41.5197398322936,-8.44816705239159,17.503983,1778375255000,e9da39984fb29dc6,,18.08
9.806466,Lisboa,12-05-2026 00:14:38,0.36,88,sIWYStkjAPBmfxt4nbL4,38.7002376721752,-9.14521341230514,18.056811,1778544878000,7d176c63414fcd05,,24.13
9.840601,Porto,16-05-2026 02:33:10,0.15,88.5,Khpew0yOvm20TyBFfnzt,41.184727689483,-8.61891312622964,17.378772,1778898790000,5a7b6516c51a4d4e,,14.75
9.828983,Coimbra,16-05-2026 22:57:49,0.2,67.9,V7tuklGWOini4uRn1tGQ,40.2239100801767,-8.39574606191177,16.947874,1778972269000,a2fd30e5fa49ad53,,21.29
9.812873,Coimbra,15-05-2026 06:46:04,0.32,68.4,9Bsfjm7S8YVPeurcjtqD,40.1763066319845,-8.39733548323497,16.046024,1778827564000,72bd2672c948d2cb,,13.67
9.811376,Braga,17-05-2026 05:09:33,0.05,74.4,gzmjFOb9mPrKhqg3bRwi,41.5188504742793,-8.39428133175266,18.354091,1778994573000,9d789fd91804129f,,16.78
9.787563,Coimbra,10-05-2026 18:11:23,0.27,79.5,7A7tkD7jUel63z88qRu8,40.2275214223566,-8.40121216169476,17.786777,1778436683000,18d281edb3671f44,,23.37
9.80459,Lisboa,25-05-2026 17:48:31,0.43,97.7,8XEN9BEQtyEO27lyMGAT,38.7062457396579,-9.14023798780228,17.655285,1779731311000,fb188f553674b4c4,,13.56
9.808949,Braga,12-05-2026 06:50:27,0.15,91.5,oiFNXJVZ8UJ8iZg1CakP,41.518657361478,-8.40572451592305,18.867039,1778568627000,057c44d337463e07,,22.83
9.754326,Porto,19-05-2026 11:09:16,0.22,79.8,eR7xNkN4mkUv98CHMc6J,41.1715795315192,-8.62439428145802,19.663148,1779188956000,42ac1a2bf982f79c,,15.66
9.788047,Lisboa,28-05-2026 14:17:49,0.2,85.1,md0T4XosVV9EV10U9WVe,38.7383302179108,-9.17091115392467,17.208591,1779977869000,9d789fd91804129f,,20.04
9.789191,Porto,11-05-2026 07:39:50,0.52,65.4,11Pi5o3HO09xOK1vS30g,41.1408364899131,-8.65511251649558,18.88869,1778485190000,da211edc7bac01a0,,16.94
9.80993,Braga,02-05-2026 17:00:09,0.29,85.1,jjmcYnpxVJjooKINRweg,41.5503971602002,-8.45146014468282,17.343955,1777741209000,9d16533a62ab9315,,19.46
9.819742,Braga,27-05-2026 18:22:50,0.41,64.9,sliLXyZ3W21AvgtqRqYG,41.5316766414376,-8.4620207556362,17.860025,1779906170000,517fc5ca69b652a5,,25.31
9.792968,Coimbra,02-05-2026 03:32:26,0.16,77.9,zj0byHetRR2JOtZKNOhL,40.19459561222,-8.42650845648697,17.398924,1777692746000,3c58290022ed11b1,,18.71
9.798456,Porto,22-05-2026 06:19:23,0.14,94.1,Ap5mbOvaDW8rK9vd3ssp,41.1716590821547,-8.65954905910769,19.60137,1779430763000,d57d393b16ba030e,,14.52
9.835515,Coimbra,20-05-2026 19:54:14,0.31,65.9,lr1dHVHXv3h85PPBoipG,40.208262751013,-8.37643673333699,17.342106,1779306854000,cb207a93391638cb,,20.01
9.81066,Porto,16-05-2026 12:59:04,0.04,78.3,TQsecpEA7klA2UvMrhTu,41.1414738246275,-8.66396107966861,18.44195,1778936344000,0e52f2934d8ce165,,20.67
9.831883,Braga,26-05-2026 22:13:38,0.01,98.2,HwfZBouFHeZhAsYXrTBA,41.537846715746,-8.39929861896379,17.320794,1779833618000,057c44d337463e07,,20.45
9.787115,Lisboa,10-05-2026 05:26:32,0.3,73.2,R6NdY5gXd4l1MPg8vHX2,38.7388193871785,-9.16654344847092,17.962987,1778390792000,72ba4e2f87adceb5,,13.17
9.780204,Lisboa,27-05-2026 17:51:39,0.34,80.5,Hf6h08dgsycimXVxp4vO,38.7322977663189,-9.11583236289977,19.24875,1779904299000,cbf338d836298cb7,,18.44
9.850178,Coimbra,01-05-2026 17:10:49,0.04,79,Yr9dIh2iSpvBoZfzF0yz,40.203806087547,-8.4095753794914,15.322742,1777655449000,6588d11c4a11acb1,,16.21
9.82704,Porto,28-05-2026 05:35:22,0.25,95.6,lDH5OJJr3DGXRYD9fIe2,41.1386144021391,-8.65814199330789,18.539292,1779946522000,34cbefbc28798720,,22.19
9.810224,Braga,15-05-2026 21:52:51,0.07,57.2,Q5CVcwfaP0WVTqEoaOJb,41.563962561996,-8.42420667420431,18.641655,1778881971000,c837debb39dd1e68,,14.21
9.804917,Braga,05-05-2026 13:56:37,0.77,68.4,hTfSt1GltO42f1VtVobr,41.5722845213823,-8.45069878110327,19.601921,1777989397000,6f36a3307488809f,,17.99
9.841953,Lisboa,26-05-2026 20:26:10,0.11,88.6,LsjYuKAotL71WbWb7fLC,38.7119932229792,-9.13465673650153,17.868772,1779827170000,e8c9832b5c388bb5,,20.26
9.829338,Coimbra,11-05-2026 23:24:00,0.33,83.2,rxadqgNxfQfmOcnbCXy2,40.2047015289917,-8.39401102973272,17.862669,1778541840000,c31244cee16e0c77,,14.01
9.808704,Coimbra,06-05-2026 03:48:43,0.36,82.1,RUzJUr2AtYSIR6iYPb7M,40.1801088724545,-8.44535774428585,16.831982,1778039323000,95744df47936b8c4,,19.79
9.801873,Coimbra,26-05-2026 09:38:37,0.11,78.3,14eGgIyKzMioXrq5qdux,40.183129811435,-8.42376737840083,19.432474,1779788317000,d4389e820d4f82fa,,23.05
9.785253,Coimbra,25-05-2026 04:45:09,0.26,74.7,DkfYoXKA2mP9zjbTLeAa,40.1839779409839,-8.38032847733789,18.647189,1779684309000,b572bc65fae8bec1,,17.83
9.787248,Lisboa,06-05-2026 07:35:34,0.16,73.2,VSk3me5NbeCdSZyB0H6y,38.7268475283334,-9.11013203027036,18.224242,1778052934000,0e52f2934d8ce165,,24.81
9.796262,Braga,27-05-2026 11:36:21,0.03,69.7,xYJKn1wG8qUU7WPdZZtE,41.5625585197197,-8.45289468605069,18.858001,1779881781000,4c885efe7bde3ff4,,12.21
9.839073,Porto,23-05-2026 03:58:26,0.22,78.3,05Zk1Auy9wy26SrgRBuz,41.1729666916884,-8.59838824111944,16.458884,1779508706000,1b1cc9cee9f27003,,20.83
9.806577,Coimbra,23-05-2026 06:03:29,0.27,81.7,Y8hf0hic7FbgHSQbSvOH,40.1989580314632,-8.43892571067683,17.757481,1779516209000,daf96d2280390dec,,16.05
9.807988,Braga,24-05-2026 19:30:44,0.46,73.3,LZlZ84AlxU3viwDAfwbT,41.5597209977445,-8.42147263137676,20.996488,1779651044000,e8c9832b5c388bb5,,12.55
9.83523,Braga,10-05-2026 21:51:25,0.04,84,9jkLM3Q1FIxni03hSSae,41.5589993286953,-8.40347483202897,16.92563,1778449885000,c9ab51cba10ae1e9,,24
9.828577,Braga,28-05-2026 10:32:59,0.01,67.5,naKaradpF703AwJt1V65,41.5302259363326,-8.42051585123387,17.982629,1779964379000,18d281edb3671f44,,16.62
9.825437,Porto,17-05-2026 11:07:52,0.06,88.3,vVaj1wCJFcRV0ZMcNuNd,41.1366259094029,-8.64315489975163,17.604568,1779016072000,ae7ec9246c4649bc,,24
9.75491,Lisboa,19-05-2026 11:11:22,0.13,82.5,AL68AfASmy9CQ9E4eD6T,38.7239540694291,-9.13647723824097,17.664056,1779189082000,bb4bb9fbcfcc16d1,,14.37
9.807036,Coimbra,28-05-2026 16:43:52,0.13,93.9,t7RYlSyNgw2rTIOND7II,40.193487121741,-8.40339044774357,18.90261,1779986632000,13db178cd9a1e37a,,14.77
9.825175,Porto,07-05-2026 17:04:58,0.11,80,u1kYCW0EcxcYIZEv7vcu,41.1671672237918,-8.64597051187133,17.942328,1778173498000,91279a646f8ea6ac,,20.57
9.758648,Coimbra,26-05-2026 22:28:30,0.13,65.8,IV8Z3V3UIIQ06yCH9LTx,40.1851039772072,-8.42477345789989,15.84511,1779834510000,a2fd30e5fa49ad53,,15.88
9.808913,Porto,06-05-2026 11:32:07,0.21,71.7,KmHDdC6r1Tft4kbgpr1N,41.1363767841055,-8.60133274970061,18.290495,1778067127000,d4389e820d4f82fa,,22.04
9.790831,Lisboa,09-05-2026 11:14:21,0.22,74.2,QW7e75tbsyltEIBRUmYw,38.7067368785692,-9.1057386961387,15.589451,1778325261000,ce246387dd078174,,18.57
9.828694,Coimbra,20-05-2026 22:19:31,0.26,90.2,kE6oodGQKaptuXstzPGs,40.2263574203234,-8.43257403400538,16.836996,1779315571000,ec75a53f04901eec,,18.09
9.826585,Braga,04-05-2026 01:12:52,0.09,81.5,8c36Mus9MyJAgFDZTQmd,41.5704666703396,-8.44968653488554,19.058416,1777857172000,c7f34dc43387f858,,15.04
9.805601,Coimbra,04-05-2026 16:31:55,0.06,96.3,3UKNP7OPY10G2Z075rzC,40.206878862836,-8.44544061435024,16.598264,1777912315000,5a7b6516c51a4d4e,,15.32
9.791236,Coimbra,28-05-2026 21:04:17,0.27,83.6,hfWcnT1wzUkuESziedUO,40.1799800538687,-8.44429473779016,18.33227,1780002257000,cbf338d836298cb7,,15.06
9.767532,Porto,23-05-2026 00:31:10,0.04,83.1,63LSvxbbZdWqtrewB211,41.1385944690443,-8.66310802139182,18.32529,1779496270000,556be8558ce56421,,15.31
9.794409,Coimbra,19-05-2026 04:10:29,0.46,84,C5kFxBjZ453lbkhCuIKl,40.2130156573749,-8.44273408619104,18.265577,1779163829000,b30b0b43692b035b,,19.7
9.803568,Braga,10-05-2026 09:53:29,0.29,64.6,bhVoPETzSVb98QDlaQ1n,41.5488803658944,-8.46099650565169,19.001982,1778406809000,82a83fc853728306,,20.84
9.811276,Lisboa,06-05-2026 16:01:54,0.05,66.9,sGsjAPJMGJUc4FCwE3O7,38.7063433036774,-9.16101687363224,18.117853,1778083314000,556be8558ce56421,,20.84
9.837078,Lisboa,17-05-2026 10:41:10,0.63,79,VCJxz0txfXSLlriCKpqy,38.7189094955039,-9.15006175213523,16.707791,1779014470000,3811390588367f0e,,19.68
9.79403,Braga,28-05-2026 03:51:23,0.06,60.9,xfzwjlQHF4nugfJDEHzp,41.564162909409,-8.41806393023014,16.396857,1779940283000,c85cdb0ef48d09c8,,17.35
9.810695,Lisboa,14-05-2026 19:38:22,0.45,91.2,5EQFCtC8AXmLCQUe9bme,38.748968828959,-9.16920334585028,19.16914,1778787502000,d5eb4d757b335d0e,,18.39
9.830577,Coimbra,09-05-2026 16:36:52,0.4,75.7,F3K8A9d3AQIGYHQyCQTY,40.2223385179759,-8.37509790608115,17.013078,1778344612000,c837debb39dd1e68,,12.83
9.819556,Lisboa,01-05-2026 10:40:31,0.17,94.8,RSbQ01uEI9szlj0eznqX,38.7347430404732,-9.16181421972208,18.618691,1777632031000,923d0315f3ae2bb3,,11.91
9.813606,Coimbra,20-05-2026 15:30:01,0.43,86.7,uXhwofies5eR2oTHiONG,40.194144795318,-8.40808902853721,18.039723,1779291001000,bbbe498ee44f6349,,20.86
9.751325,Coimbra,21-05-2026 21:10:59,0.11,93.4,GBuYg6OqB1AZdYYgFaZX,40.2099704404341,-8.40806248994785,18.578053,1779397859000,ec75a53f04901eec,,16.35
9.775546,Lisboa,23-05-2026 11:33:57,0.02,85.3,g50SvxS3klyteViqy95x,38.7259003305765,-9.13140385947824,17.827661,1779536037000,7182af742e04dc6d,,22.35
9.818313,Braga,07-05-2026 00:51:53,0.44,90.2,nPfGddjfVrMHdcUWIqCR,41.5614980031666,-8.42916055473388,18.266851,1778115113000,a2fd30e5fa49ad53,,24.44
9.805196,Lisboa,22-05-2026 16:23:01,0.15,89.3,FpsRPnjJlo4MemiQTeJY,38.7393392438104,-9.15086803034726,18.911057,1779466981000,2b95dd3cf28e7c18,,14.76
9.793892,Braga,13-05-2026 17:59:31,0.46,80.2,HpwLGPaHryMH0WFniKYD,41.5408582037142,-8.42071727703182,17.984151,1778695171000,5e1de20fecf98844,,19.01
9.845693,Lisboa,21-05-2026 17:28:52,0.19,84,Eg5PmDdOjq6tz2NHrwKI,38.7228656532098,-9.12151553378139,19.200169,1779384532000,bc74204126e384ca,,14.14
9.806698,Porto,02-05-2026 08:44:05,0.02,104.3,tDHmd0Aj72BszUvG5I7K,41.1634024785984,-8.63773528909344,18.943129,1777711445000,5afe6ceac06784f5,,21.85
9.780438,Coimbra,15-05-2026 14:08:33,0.04,83.1,69pfjUHRrYiR7cL8lDtL,40.1858820336002,-8.42673198753854,18.150397,1778854113000,95744df47936b8c4,,14.98
9.837932,Coimbra,15-05-2026 02:38:17,0.3,88.6,gTyQvkoFaaXI35CFExeN,40.2038199173454,-8.44338557036567,17.729036,1778812697000,3993ad7e2565b6b0,,18.84
9.797351,Porto,08-05-2026 16:34:34,0.22,85.8,BbEpsW3DGVspkBD9q4It,41.1714487841739,-8.65021219666082,18.553641,1778258074000,c51d4eb54f89fec8,,22.1
9.791908,Coimbra,04-05-2026 18:26:32,0.21,89.3,d0ZninoI7QZwZqpCTB94,40.1909969013402,-8.40069690918613,17.060972,1777919192000,8f8c45c33ff51d0e,,20.13
9.834317,Coimbra,27-05-2026 14:26:40,0.01,84.9,IleNB4VrWvM9NAIjirnf,40.1890504798803,-8.39283711184476,18.154471,1779892000000,e9da39984fb29dc6,,18.55
9.787481,Braga,08-05-2026 05:53:45,0.02,67.6,8x8GGNHmVNkSnbEIhrhi,41.555138921978,-8.39913586008758,17.887338,1778219625000,3bd002cf1fcfa789,,18.05
9.823522,Lisboa,22-05-2026 20:54:28,0.17,77.8,dDF1NTRUUP0Pl11tq5T0,38.720537877448,-9.12801942569588,17.848935,1779483268000,1bd749deaf799034,,25.29
9.811614,Lisboa,23-05-2026 18:18:14,0.11,103.4,PM9Cego1hxZWSAZH1Fnh,38.7115239747451,-9.11675537546404,17.707937,1779560294000,574582321d04df00,,14.4
9.781142,Porto,15-05-2026 08:29:06,0.26,70.1,MUZB4oK8r9BHsxGnTgZa,41.1379479222253,-8.65367845919438,18.435962,1778833746000,1791998ac3161359,,15.9
9.813739,Porto,17-05-2026 17:54:30,0.03,92.8,TEiymRlSZEwc1lFOeMjy,41.1412883003495,-8.64013127840707,19.922896,1779040470000,57e7d972b508815d,,13.3
9.806988,Lisboa,09-05-2026 09:33:07,0.28,74.6,JXC0k72H91JbFpBA7V5X,38.7052499217834,-9.12228013379185,15.847196,1778319187000,e84878f982129128,,12.23
9.807853,Lisboa,19-05-2026 09:17:13,0.07,95.5,N0uLTNaUUROhK0zQO0ro,38.7260318036329,-9.13974054357365,16.526306,1779182233000,d632e4ce536ec364,,13.21
9.835481,Braga,18-05-2026 10:12:01,0.46,70.5,iVkcILpKTwyXdHKHbsBy,41.5280541753619,-8.39127992905483,18.428647,1779099121000,e84878f982129128,,19.34
9.817292,Porto,01-05-2026 18:04:07,0.52,94.8,fsE3IlqZD0w5KNUgXh5F,41.1767617067167,-8.65660313103797,19.196987,1777658647000,39a54d73a921b9f6,,13.61
9.827115,Braga,21-05-2026 07:50:15,0.24,75.3,dVzGHOUGxDTBXclD86mh,41.5490573328618,-8.40553688863411,17.457212,1779349815000,574582321d04df00,,12.22
9.810809,Coimbra,17-05-2026 21:53:54,0.24,72.3,jSt53vaz098miVDY18d7,40.1773744233818,-8.38702793289136,18.690865,1779054834000,1d6285f5502cf1f8,,24.75
9.817327,Lisboa,05-05-2026 06:32:43,0.42,85.2,8BM0qXXOVuB5tyIAyDzX,38.7036420667899,-9.11108719426211,17.609664,1777962763000,ec75a53f04901eec,,12.05
9.814002,Lisboa,06-05-2026 19:56:02,0.74,65.8,kTGtaba751a1ShnW89Cq,38.7175336877989,-9.11459623556553,20.0095,1778097362000,c9ab51cba10ae1e9,,26.66
9.811249,Braga,05-05-2026 17:44:11,0.14,85.5,WEpGZlm9lju2U8QRISoo,41.5425567056026,-8.44300665566761,18.834174,1778003051000,bb80f878cef35322,,13.14
9.759138,Coimbra,08-05-2026 23:34:47,0.44,72.1,Uj3nUprvchvrhEFzxDIA,40.1993849152406,-8.39116731005161,19.677065,1778283287000,fb188f553674b4c4,,25.26
9.781941,Coimbra,03-05-2026 10:47:37,0.29,92.9,b4wMf2hH5ykPUrFMWpNn,40.1805393628314,-8.39627862421594,16.502164,1777805257000,7182af742e04dc6d,,16.44
9.819467,Porto,18-05-2026 23:42:25,0.16,77.8,XvDvg8SnhG7WoVUJi8mF,41.1659189047851,-8.62885792214902,17.76617,1779147745000,c837debb39dd1e68,,26.14
9.801662,Porto,14-05-2026 07:57:02,0.18,69.6,yI7OubgQmOIfpGxT5Rt2,41.1668260746695,-8.62641012714574,17.838137,1778745422000,487b076a69a53671,,12.34
9.776405,Coimbra,21-05-2026 11:56:23,0.63,82.8,mzcwsYU0KFflEKofOcIj,40.2119996782847,-8.44093021212554,18.535134,1779364583000,3b1338c1207d1e2e,,13.06
9.797632,Coimbra,23-05-2026 17:07:01,0.4,82.1,A2X7UMMTNVaBSbthGBN0,40.1852115166154,-8.39983428078231,17.858296,1779556021000,1791998ac3161359,,21.31
9.781293,Coimbra,19-05-2026 15:39:06,0.14,65.6,31gf0V3JlJKi3fTbEuGB,40.1768769769292,-8.37709516451078,19.359322,1779205146000,389da1f3a7c1d8de,,18.28
9.815796,Lisboa,12-05-2026 12:39:06,0.33,82.8,LFuomSymh9qL38iGOLAL,38.7071461814492,-9.13500253235767,17.535575,1778589546000,bb80f878cef35322,,20.75
9.793382,Porto,24-05-2026 01:15:32,0.24,99.8,PzIBnq5uQrZL9y7rQRkl,41.1587644643655,-8.63596467644885,17.150993,1779585332000,1791998ac3161359,,20.2
9.811596,Porto,28-05-2026 13:31:22,0.07,83.3,WKQjvXvHXpdamZ1wIdQS,41.1533665880742,-8.60562234346533,16.791204,1779975082000,3c58290022ed11b1,,24.45
9.827871,Coimbra,12-05-2026 22:09:35,0.16,93.6,VsNgU23cGHw1osJ6Ip6f,40.1961849055092,-8.40136371451004,18.404395,1778623775000,487b076a69a53671,,18.79
9.83256,Braga,22-05-2026 23:30:34,0.06,91.6,8Z6CGYnsdFL1ROZmi89G,41.5421952238843,-8.39125170456128,16.374609,1779492634000,53c682ded6545e06,,25.12
9.82112,Porto,24-05-2026 00:03:03,0.12,73.9,5FCQghaoscld96F3oBeF,41.1815987933879,-8.65858280785448,16.430026,1779580983000,1b1cc9cee9f27003,,22.22
9.780576,Lisboa,13-05-2026 16:54:58,0.07,77.8,EONeGrOHabYdbWa40fop,38.7125446798327,-9.12152178613781,18.889416,1778691298000,cb4c1290e91970dd,,18.43
9.822699,Porto,09-05-2026 04:19:50,0.01,79.7,hr0JLbq6affU05p1YXPK,41.1759098462291,-8.61566991004806,17.918176,1778300390000,c51d4eb54f89fec8,,17.24
9.776269,Braga,28-05-2026 02:47:03,0.07,72.3,U4eLjDXF8jrspPCTA8su,41.5242828909911,-8.41491967204279,17.597148,1779936423000,39a54d73a921b9f6,,17.38
9.803533,Coimbra,16-05-2026 01:28:05,0.15,71.4,JK4gx5SOIV1mn6z8vNWC,40.1803769754893,-8.39393706933864,17.646701,1778894885000,17b4966e9be4d8d8,,18.02
9.787404,Braga,21-05-2026 11:44:13,0.16,74.8,KEIOZXLyI4eiyzARNLhy,41.5639121662389,-8.43545582748781,18.308265,1779363853000,7f281c8dbac1f799,,20.08
9.801146,Braga,22-05-2026 23:47:53,0.02,82.4,bR1GZOBSYywD65Ys7IUB,41.5577501741762,-8.39200567484075,17.509015,1779493673000,3811390588367f0e,,18.98
9.831107,Lisboa,16-05-2026 12:32:24,0,79.8,66DFBEnSQYZOGbc5DucU,38.7406532016841,-9.14276631319638,18.899268,1778934744000,234da97fe615c6b7,,21.85
9.841679,Coimbra,13-05-2026 01:09:31,0.27,62.4,Ep15oKprDXsSf7QUlBFJ,40.2046218179837,-8.43206652165492,18.713259,1778634571000,8f8c45c33ff51d0e,,14.46
9.815032,Coimbra,22-05-2026 16:30:33,0.25,90.5,P0I58xq1zaVVWxjfD48n,40.2203598216651,-8.41392017733501,18.507594,1779467433000,c31244cee16e0c77,,21.49
9.78858,Braga,17-05-2026 03:07:21,0.09,78.6,ZCRJLkZOGH4akTXR8kLQ,41.5220023011583,-8.44685708139604,17.082448,1778987241000,55b620d8c0ab41e0,,14.48
9.807299,Lisboa,25-05-2026 06:27:17,0.19,88,NWndGHInF0RcCMULUe1S,38.7133180830988,-9.12186928606296,17.135886,1779690437000,24d6a87b0598b02e,,20.61
9.793281,Porto,05-05-2026 00:49:34,0.11,63.9,VsoXtsNfK0Ft52DaOI4s,41.1534413164977,-8.65144717051048,19.02625,1777942174000,9cbee3c1d7168837,,20.62
9.809969,Coimbra,22-05-2026 08:27:26,0.12,75.8,XksNHOu1LypqmBx1YU2d,40.2026514810924,-8.437746736968,18.038754,1779438446000,b572bc65fae8bec1,,13.73
9.803038,Lisboa,20-05-2026 00:28:34,0.41,77.8,lraGMykJQFdf4Tpj2gx3,38.7009359253012,-9.10929678973467,17.37459,1779236914000,82a83fc853728306,,19.64
9.81019,Coimbra,04-05-2026 17:16:20,0.27,76.9,DhDharYvTNKZMkT4cEZf,40.1991876916788,-8.44127742869411,19.65704,1777914980000,55b620d8c0ab41e0,,14.65
9.815032,Porto,06-05-2026 01:54:29,0.01,75.1,LPzcucm6tyg37OfEpsf8,41.1389918423198,-8.65931183497068,18.282642,1778032469000,d5eb4d757b335d0e,,12.52
9.809868,Coimbra,05-05-2026 06:31:02,0.53,91.9,A18wxtufZl9p3n7vxLeA,40.2248529176067,-8.42749759603262,18.209854,1777962662000,c9ab51cba10ae1e9,,18.17
9.854227,Lisboa,20-05-2026 22:27:26,0.19,91.3,mbSmymoGATtGzvbdC7sq,38.7355838807285,-9.16787683199214,17.425244,1779316046000,389da1f3a7c1d8de,,21.83
9.789779,Braga,16-05-2026 09:25:01,0.1,90.9,PaeKfAxozqDbZzPBNB2Z,41.5359810841881,-8.39768976164463,18.4075,1778923501000,53c682ded6545e06,,16.97
9.797404,Coimbra,11-05-2026 02:17:46,0.07,94.6,etYvjr82rJ7BrXLeR0un,40.2025140258096,-8.40145756847149,17.456469,1778465866000,91279a646f8ea6ac,,17.68
9.81386,Lisboa,13-05-2026 21:18:53,0.17,69.7,9wVWe1Hrc84y8nMjMTqO,38.7448383102772,-9.13440374670086,17.365828,1778707133000,2f2bd7547d602b7a,,21.38
9.792281,Coimbra,10-05-2026 22:12:24,0.59,62.4,6DfdctNPLg3lBX95XrWp,40.1959554624255,-8.39052713245074,16.911901,1778451144000,bc74204126e384ca,,23.45
9.830891,Braga,07-05-2026 04:03:14,0.42,81.5,Loi3JBxFVYhhS36MkTsK,41.5625847885685,-8.4048029726841,18.871721,1778126594000,1791998ac3161359,,15.53
9.800057,Porto,11-05-2026 06:53:40,0.37,72.7,4bBl3pWIhGn67PNkrxhA,41.1384598729728,-8.60978497043803,17.765006,1778482420000,72bd2672c948d2cb,,14.81
9.816396,Coimbra,20-05-2026 10:00:41,0.09,79,RTKBaFNZfgEjN863jpo8,40.2071080898071,-8.4107554087453,19.79621,1779271241000,7f281c8dbac1f799,,21.65
9.81054,Lisboa,11-05-2026 04:09:38,0.15,65.9,nf5xpwBkTWI2DUiTtwS1,38.7258100291799,-9.15667932651701,18.671586,1778472578000,3b1338c1207d1e2e,,13.32
9.852819,Porto,02-05-2026 08:40:19,0.01,80.1,qgrYCQFfW1BJkIQNIleI,41.1725568489666,-8.61341104751398,17.196174,1777711219000,5afe6ceac06784f5,,19.99
9.78684,Braga,08-05-2026 19:38:06,0.4,101.6,6gzmyiMFanHB2PsP3S95,41.5340721544341,-8.43471326734705,19.171136,1778269086000,f879804e4456e5d4,,12.44
9.814108,Coimbra,08-05-2026 21:11:07,0.18,92.1,5i9iqk2BmC3JUnzGVfkv,40.2237200718939,-8.43564626965378,16.991999,1778274667000,6f36a3307488809f,,15.4
9.800961,Lisboa,07-05-2026 14:52:59,0.46,74,HXF80IrEwNarqDsSfCBt,38.7009174775358,-9.15021123594658,16.339948,1778165579000,2618243a251bd83f,,20.62
9.784154,Braga,17-05-2026 17:00:14,0.6,70.4,LtQUcySulWwnlLpOirt1,41.533146781736,-8.45695063216184,17.8351,1779037214000,82a83fc853728306,,24.04
9.815296,Lisboa,14-05-2026 11:36:40,0.31,68,xhK8Lxu6aWJPSMCEu7Zq,38.7310889245202,-9.12166471827423,19.3566,1778758600000,b30b0b43692b035b,,18.42
9.850695,Coimbra,06-05-2026 20:50:35,0.2,88.2,uQCb6BBlwYTagTB8llbt,40.1836596896726,-8.40720722023207,17.247316,1778100635000,c7f34dc43387f858,,20.51
9.814336,Braga,07-05-2026 01:31:59,0.21,85.2,N3sJ7EksHqL9iBhwl7H3,41.5540064301737,-8.43020882999339,18.152435,1778117519000,91279a646f8ea6ac,,14.73
9.767057,Braga,27-05-2026 16:15:59,0.45,90,Ud3J2dGlbUEPG2aMGG5l,41.5187135018172,-8.40835570248304,18.324243,1779898559000,bb4bb9fbcfcc16d1,,19.33
9.816531,Braga,07-05-2026 06:43:58,0.08,77.2,lOhaPTZLrXjmOwRqFKfn,41.5723016468422,-8.42070826309451,18.367498,1778136238000,3bd002cf1fcfa789,,20.94
9.823348,Braga,28-05-2026 18:37:59,0.16,78.1,K1G5HpvYNSZVQq7nkBYc,41.5639727576486,-8.40214722606577,17.690832,1779993479000,4c885efe7bde3ff4,,20.68
9.828252,Braga,03-05-2026 09:16:55,0.04,89,a2PDEPcaoEXIgFgYwd5y,41.5280232653047,-8.4502566946754,16.828284,1777799815000,867d47425e9cccc7,,15.55
9.821903,Lisboa,25-05-2026 13:49:31,0.1,104.5,5JYLx0Kk9RdIuh8wfXli,38.7033147419252,-9.14752080918222,18.377741,1779716971000,55b620d8c0ab41e0,,15.78
9.790521,Coimbra,02-05-2026 01:05:28,0.62,73.2,LNTD9SsKr6hgXChxL5dp,40.2257848216217,-8.37761052842865,19.763956,1777683928000,5afe6ceac06784f5,,9.08
9.804723,Coimbra,24-05-2026 16:58:02,0.27,68.2,EiSwNRZQXbWgjuMKBGrH,40.1922676037597,-8.38052837230007,19.451246,1779641882000,c31244cee16e0c77,,18.8
9.790692,Braga,07-05-2026 13:38:47,0.23,74.1,7RSCI6QBOFevt8Q3lZ0U,41.5329299416135,-8.44603432024336,17.977146,1778161127000,91d55d217a2af234,,18.69
9.817096,Porto,20-05-2026 11:54:46,0.1,85.9,o5wNjhO7Elmra9vWOfxu,41.1434377124898,-8.65143043300288,16.985105,1779278086000,f879804e4456e5d4,,22.85
9.82597,Coimbra,06-05-2026 08:24:59,0.38,89.2,PrQoIDdyhevtj25hh25S,40.1990051001707,-8.38781452597711,18.623645,1778055899000,ec75a53f04901eec,,23.92
9.817553,Lisboa,06-05-2026 13:36:31,0,77.8,jUTyuQLvhEnozPyBtJhr,38.7283382759445,-9.1325578482278,17.793709,1778074591000,5e1de20fecf98844,,15.92
9.842638,Braga,13-05-2026 19:25:12,0.03,83,WVaSfKId4h0ga5ApJklr,41.5231623817108,-8.40564696841561,18.260912,1778700312000,bb80f878cef35322,,29.92
9.787366,Lisboa,13-05-2026 21:20:23,0.41,71.5,K0UufQGMOQGhPLFGPQv2,38.7080009347781,-9.14729849664172,17.964767,1778707223000,d4389e820d4f82fa,,18.98
9.800694,Lisboa,06-05-2026 11:24:33,0.04,74.6,s3pzLJ5Yc5P5nrxMTqI9,38.6988131535914,-9.14275151807579,17.338586,1778066673000,9cbee3c1d7168837,,19.24
9.806827,Braga,10-05-2026 06:08:33,0.12,72.3,zEL9WkyZysbW61SpTdCw,41.568859098377,-8.39101573844996,17.403141,1778393313000,a2fd30e5fa49ad53,,20.93
9.816936,Porto,28-05-2026 12:27:56,0.35,87,P8BrbHhdyChdKgCNyxgb,41.1490856875823,-8.60624390739161,19.598685,1779971276000,da211edc7bac01a0,,16.29
9.788,Lisboa,02-05-2026 05:41:01,0.75,75.6,yvnUFsLrwSwTImMmfHx3,38.7279866999121,-9.116483304065,18.150283,1777700461000,ce246387dd078174,,16.7
9.806158,Coimbra,13-05-2026 10:21:39,0.23,78.5,K9pq6D9GgYjXAHJGUhaE,40.1971016567651,-8.39497067072982,18.179371,1778667699000,330949523d665e3b,,22.3
9.816286,Coimbra,12-05-2026 13:38:04,0.1,68.9,dfMDcO0nbFOXHhDVBip9,40.2299358491701,-8.3958030580664,17.364759,1778593084000,e7eb35b501d57e1f,,18.21
9.836609,Braga,27-05-2026 10:07:20,0.03,78.5,fPVT1NPhkVCDAg4x2gIb,41.5360612733952,-8.39635903912577,19.644254,1779876440000,75778bdb64d1008e,,21.5
9.821482,Coimbra,16-05-2026 02:24:32,0.15,99.6,qyDBYSYbdq3Q8iZwMC4A,40.2301643275412,-8.38487096330768,15.984955,1778898272000,06bf6a628379e030,,21.33
9.77816,Lisboa,13-05-2026 10:59:14,0.51,84.5,3wItZCKQZwfMzeqK25Nb,38.7221355714748,-9.16119762113666,17.821305,1778669954000,8e7f2987241c2818,,16.54
9.794598,Porto,13-05-2026 20:19:13,0.31,76.5,S4L9bvt7Ptt2KBkPV7xj,41.1841634842235,-8.61767783001727,17.390645,1778703553000,da211edc7bac01a0,,20.18
9.819838,Lisboa,15-05-2026 10:37:12,0.02,91.2,a91pg1XuELLFaz65wYJe,38.7331847859437,-9.11529303951017,17.382525,1778841432000,f7af4712fd6b9108,,18.62
9.81111,Porto,03-05-2026 20:01:43,0.76,82.4,ECJoBoucRZNAVGd3gKij,41.1847902504312,-8.64506161979803,17.502006,1777838503000,4c885efe7bde3ff4,,14.62
9.813017,Coimbra,21-05-2026 03:39:30,0.19,81.9,n26MPowl5AafDO9Cl2Av,40.1827671408339,-8.39075571244036,18.260599,1779334770000,72ba4e2f87adceb5,,12.8
9.83894,Lisboa,10-05-2026 21:41:42,0.38,92.7,YBgmvPYq8i0C624afQ1J,38.7225664880857,-9.11591458660721,18.551645,1778449302000,06bf6a628379e030,,15.62
9.812777,Braga,07-05-2026 10:30:37,0.64,90.5,O6ddku36Rocr13UzEUtb,41.5299469415102,-8.41595788543336,19.204055,1778149837000,fb188f553674b4c4,,19.18
9.803204,Coimbra,19-05-2026 01:38:32,0.41,81.8,ohWevzsSGou2Al818VJ4,40.1813701149406,-8.38031526654292,18.168495,1779154712000,c34c1310eab19c87,,14.46
9.777606,Coimbra,25-05-2026 17:05:33,0.07,85.1,I772ppysKjhwj0T37LAq,40.1946321595271,-8.39711819251291,17.201698,1779728733000,91279a646f8ea6ac,,22.1
9.801564,Lisboa,04-05-2026 01:33:06,0,78.7,ymPNnTdnikgBWJTYGcDa,38.7466669513509,-9.14159679630484,17.450611,1777858386000,42ac1a2bf982f79c,,18.94
9.83303,Porto,05-05-2026 01:29:40,0.15,68.6,S0541vvFqZ0Rf5i8ZWxg,41.1585424128312,-8.60260972028725,18.155189,1777944580000,0f98939ac68105bb,,18.62
9.827437,Braga,10-05-2026 11:13:39,0.14,80.5,a2PeEKTeL5trSTvOx4E5,41.5240074808997,-8.42317072499397,18.683302,1778411619000,1d3db575c4a79d75,,15.98
9.815984,Coimbra,19-05-2026 07:01:28,0.04,77.5,wmAC1ggFhVicotxSESrh,40.2160910676878,-8.3800434863295,17.533923,1779174088000,8dc02e5c153f83a3,,19.88
9.811633,Coimbra,09-05-2026 09:14:05,0.01,83.9,ad7ilslio99CfzytonQU,40.1947023966685,-8.42129364060089,16.217512,1778318045000,057c44d337463e07,,18.13
9.811271,Braga,18-05-2026 06:17:51,0.18,82.4,fZMNNCOVk6eeeui9NkCW,41.5581419475717,-8.40106474044083,16.795801,1779085071000,d4389e820d4f82fa,,20.5
9.798264,Coimbra,17-05-2026 19:35:02,0.73,68,bmJ1MwnEROliDXTXHo0K,40.2051815277093,-8.41733465629565,18.000492,1779046502000,1b1cc9cee9f27003,,20.49
9.848789,Braga,17-05-2026 12:45:07,0.09,87.9,nltrHII37bFXAM0UTBwD,41.5582423646696,-8.4619867493785,17.871673,1779021907000,4c885efe7bde3ff4,,14.67
9.827634,Coimbra,11-05-2026 08:33:25,0.15,85.7,w9M9kJKgqBpWek3PXsvR,40.2191950125198,-8.42341845793591,16.935459,1778488405000,5afe6ceac06784f5,,12.72
9.82973,Braga,04-05-2026 04:40:10,0.06,81.2,ezcUGqRZDIR8hJkjknPT,41.5323951460288,-8.44369823222765,17.066781,1777869610000,c85cdb0ef48d09c8,,12.15
9.829252,Lisboa,15-05-2026 01:22:44,0.27,80.4,DYZQYtItHwYQzXNY3Vtt,38.7319674874141,-9.13000078317788,17.713319,1778808164000,c9ab51cba10ae1e9,,17.05
9.824266,Lisboa,06-05-2026 17:32:31,0.24,87.3,xDiNVLfqiyTdEeomYLfr,38.6996402795676,-9.15574004853789,17.769065,1778088751000,e8c9832b5c388bb5,,20.46
9.832182,Braga,20-05-2026 13:47:08,0.15,79,sQzh8XinUMwuqxV78O6j,41.5671906469225,-8.45322129887694,19.32493,1779284828000,19a558ecc36977ce,,15.38
9.82259,Lisboa,11-05-2026 02:20:10,0.55,79.4,l19a0AYDCO3Qnd8N9RDJ,38.7344172534018,-9.1200391363667,19.501184,1778466010000,131c7dd8f3ab4b35,,6.97
9.770317,Porto,11-05-2026 09:09:41,0.16,85.3,zJzkdTEv988nKh0MfWQY,41.1439246181959,-8.62110035769535,17.292737,1778490581000,487b076a69a53671,,18.59
9.759371,Braga,28-05-2026 09:36:40,0.07,87.1,fG1Un46UuaCpNGtIO8uv,41.5480462783481,-8.45116113923101,17.783728,1779961000000,18d281edb3671f44,,18.08
9.819865,Porto,06-05-2026 18:36:22,0.56,79.7,gRfqAiDGvzXOAkeE78TW,41.1505153080823,-8.63690294501011,20.576197,1778092582000,9cbee3c1d7168837,,22.8
9.784301,Coimbra,09-05-2026 14:23:47,0.07,76.5,o0G1h95tr3xA30wfT22r,40.2263023621922,-8.39793300543269,18.933151,1778336627000,64a94f9052422a0c,,9.36
9.80002,Coimbra,04-05-2026 09:11:39,0.09,62.4,qyVnpIquusvZafiPjie6,40.1948194855985,-8.39968078144485,17.417519,1777885899000,1d3db575c4a79d75,,18.32
9.797903,Lisboa,07-05-2026 05:17:48,0.19,72.5,9w4MpdJKHNTobKSjP7lj,38.7255315343256,-9.15975462268042,18.442576,1778131068000,1d6285f5502cf1f8,,20.21
9.806462,Porto,15-05-2026 23:43:46,0.04,74.3,eZFBA6YLCc0Z60Rz3HmS,41.1398057089848,-8.5965018365463,18.347624,1778888626000,04964f8452901231,,9.29
9.817882,Braga,20-05-2026 20:14:27,0.02,83.1,sdR7bQaM8QEFouS2sLQA,41.5482456221582,-8.43529164025429,17.688569,1779308067000,57e17fffc619e182,,7.74
9.801203,Braga,17-05-2026 23:49:26,0,97.9,bUhjfnxv6mdhkvoqRmBU,41.5381287469806,-8.40275239403067,17.493913,1779061766000,d57d393b16ba030e,,18.07
9.817095,Lisboa,23-05-2026 13:46:30,0.07,86.6,BEOv6BtsbnOfrGllheNU,38.716297306552,-9.13366001245325,18.312015,1779543990000,6214b1b462c04096,,24.71
9.830125,Lisboa,24-05-2026 23:17:52,0.2,103.4,b43wxuokgzZ7VVP6XX4J,38.7444255507987,-9.15103304347272,19.706315,1779664672000,f7af4712fd6b9108,,14.84
9.817071,Lisboa,01-05-2026 00:55:47,0.15,87.3,y07MsZxaw9H0nUzdDkjJ,38.7427782718358,-9.14955811185107,18.055035,1777596947000,8dc02e5c153f83a3,,21.64
9.808205,Lisboa,09-05-2026 17:44:39,0.15,76,ws9tUmculQnVBg8q38Wg,38.7460923090522,-9.11235823642087,17.822409,1778348679000,514af2be7dc985d8,,17.81
9.835105,Coimbra,12-05-2026 08:06:43,0.06,99.7,CbDOkF6qTi5bc3Q40O2w,40.2210641582994,-8.37970001494353,17.049477,1778573203000,d632e4ce536ec364,,15.82
9.806338,Porto,01-05-2026 05:25:42,0.35,69.7,8CKNoM6CEUJG2fd7qGxL,41.1407930624652,-8.62045477219263,20.253465,1777613142000,330949523d665e3b,,19.21
9.793337,Porto,02-05-2026 04:48:38,0.35,88.2,w3qk40sJWCHsOctgXtF9,41.1815708855618,-8.60957023859691,17.047325,1777697318000,42d576864f9952c7,,14.79
9.84309,Porto,26-05-2026 03:44:08,0.73,77.5,F0KWw2YeuS8zNL1kiLh7,41.1449549693621,-8.61619824759436,19.783156,1779767048000,9d16533a62ab9315,,16.77
9.773012,Braga,02-05-2026 15:27:43,0.16,76.8,ezJHsRatSE2zSpoaXNS7,41.5430296232937,-8.40717056103024,18.337061,1777735663000,e8c9832b5c388bb5,,25.19
9.792945,Lisboa,05-05-2026 20:34:39,0.21,80.5,g5uPZKlX94GtiD48yF01,38.7207311321769,-9.12953209289609,16.460752,1778013279000,64a94f9052422a0c,,21.54
9.819265,Coimbra,12-05-2026 17:57:49,0.13,82.8,Cr6AVyW9CJv0AnRCgysp,40.1913208118388,-8.41500704769106,17.263792,1778608669000,8f8c45c33ff51d0e,,13.98
9.810753,Coimbra,06-05-2026 12:16:31,0.48,91.6,9zZHxLZx4ite5FhBHFtF,40.1799754496597,-8.37612928536578,19.086186,1778069791000,6588d11c4a11acb1,,18.12
9.815396,Braga,14-05-2026 05:55:44,0.31,80.1,Vnlufah2fbkQ7Z7JHmSh,41.5353833782133,-8.41653596519799,18.150043,1778738144000,b30b0b43692b035b,,12.66
9.807518,Lisboa,14-05-2026 02:24:35,0.25,96.4,dffVicZfPDZtDqSJfuRE,38.7261670598048,-9.12039473974549,17.134399,1778725475000,f7c6682ad24d37f8,,17.71
9.793312,Coimbra,14-05-2026 07:20:23,0.31,79.4,imXGdlVelquZSIjq2XEV,40.1815095971034,-8.40407518582387,18.75632,1778743223000,330949523d665e3b,,27.94
9.83385,Porto,25-05-2026 04:16:20,0.2,82,LlDHPYxCrUmASskvrlRt,41.1583819149746,-8.66316294123909,17.831407,1779682580000,552b8d6c350cb13c,,13.49
9.836116,Coimbra,06-05-2026 05:54:42,0.07,90.1,u0YQszzBMOi63aEXSlKD,40.1795807800294,-8.43347383114708,18.180052,1778046882000,e8c9832b5c388bb5,,22.96
9.826927,Braga,12-05-2026 10:22:08,0.07,65.4,hU7HPCbG4A8Spn0tWUrw,41.5255032305645,-8.40818168529927,17.729295,1778581328000,eb39e98aca20e7d3,,22.45
9.830621,Braga,03-05-2026 06:31:24,0.34,93.2,lK5PbSm9GUuyS2MGc9iJ,41.549837121967,-8.39432143056248,17.386509,1777789884000,867d47425e9cccc7,,22.46
9.798167,Lisboa,08-05-2026 10:59:54,0.16,64.8,HmASiQyJ6T6rN5sgR4R4,38.7103391142722,-9.10930495677126,17.410949,1778237994000,57e17fffc619e182,,25.16
9.815924,Lisboa,03-05-2026 16:20:53,0.11,81.6,sDufwp5FOMkz5Ob1WBb5,38.7389119365563,-9.1422211053109,19.516759,1777825253000,91279a646f8ea6ac,,19.43
9.80183,Braga,01-05-2026 13:15:25,0.02,72.1,RbaROlMEIaAOEUYJiOrB,41.5318528491843,-8.42523190223742,16.844183,1777641325000,b8e78b83a62a0cb7,,22.12
9.823205,Braga,09-05-2026 01:53:31,0.01,71.1,jotqire5X4z2dHnJH7PQ,41.5571122386276,-8.45179047053755,18.485047,1778291611000,c837debb39dd1e68,,19.85
9.83235,Porto,04-05-2026 22:28:05,0.06,91.2,GTgXGzmj766hpPoC7WSu,41.1633928071555,-8.62428934662991,18.686285,1777933685000,552b8d6c350cb13c,,18.85
9.785814,Braga,18-05-2026 08:08:56,0.08,83,tqCijEbTd3qH6N6RONFZ,41.5227570737317,-8.44381889471856,18.449543,1779091736000,18d281edb3671f44,,17.49
9.794771,Lisboa,09-05-2026 12:00:46,0.39,86.6,vNR3CmcnFqG3ZxPdHnYC,38.737002685409,-9.16246601629925,19.64359,1778328046000,ec75a53f04901eec,,17.07
9.814911,Lisboa,03-05-2026 10:42:44,0.18,85.6,54dzQa1PYJpaO8DFp9BV,38.7410169613403,-9.16386706235094,16.585927,1777804964000,b572bc65fae8bec1,,21.3
9.816063,Coimbra,25-05-2026 15:34:22,0.22,73.6,LHC5F9fUU6VuD1ooovoG,40.2023811960827,-8.4199559687499,17.70201,1779723262000,3bd002cf1fcfa789,,12.81
9.844445,Braga,02-05-2026 19:25:38,0.14,94.9,pIU7VL69sYRduBMUsR1D,41.5453361180721,-8.39257096821219,17.761047,1777749938000,f7af4712fd6b9108,,17.21
9.825161,Coimbra,09-05-2026 04:37:48,0.17,97.6,8V4HhjVR5cDMOzjrIc4K,40.2174513568686,-8.37834613060539,16.877575,1778301468000,9d16533a62ab9315,,24.19
9.774257,Lisboa,07-05-2026 10:45:34,0.07,69.9,DuBh3CTp5CjdfE2US18b,38.7038467049172,-9.1557603905683,16.283824,1778150734000,b572bc65fae8bec1,,22.45
9.827138,Porto,17-05-2026 00:36:20,0.38,74.3,SzDD3sEpxhc4ADTt3tqS,41.1369663132699,-8.64192554161396,19.65643,1778978180000,923d0315f3ae2bb3,,17.55
9.800987,Porto,07-05-2026 01:00:44,0.22,102.6,zFOFH51VTGdpbZksWK2i,41.1733164728184,-8.62974872997415,18.277312,1778115644000,eb39e98aca20e7d3,,23.45
9.816039,Braga,01-05-2026 11:18:35,0.02,74.9,noth5IEZhXuTuYRbZmNO,41.5548235695253,-8.40987373426187,18.874693,1777634315000,d5eb4d757b335d0e,,10.03
9.804239,Braga,25-05-2026 17:40:18,0.15,93.8,27amWxrng06pCVogj7TK,41.5213577111831,-8.40195686015993,19.500348,1779730818000,63d3511e9e857901,,23.66
9.808689,Lisboa,14-05-2026 03:13:51,0.09,74.3,5GO26UIgXNIFSxK2KDoi,38.7382838064522,-9.1719110963045,20.563303,1778728431000,867d47425e9cccc7,,25.5
9.812508,Braga,24-05-2026 08:22:41,0.04,73.9,cNLj6Hp4ZSQK2Izn3KgO,41.5530757747659,-8.45296690726766,18.096335,1779610961000,514af2be7dc985d8,,13.03
9.811601,Porto,21-05-2026 19:40:05,0.54,93.2,DJA6m6cXoIe2yLe6KWqI,41.1535556716752,-8.66272164280553,19.178185,1779392405000,0f98939ac68105bb,,23.5
9.798789,Coimbra,19-05-2026 10:31:29,0.21,96.9,N8IVA230qr0rLehIwfcg,40.202202501753,-8.41258419927605,18.449872,1779186689000,eb39e98aca20e7d3,,16.77
9.80386,Lisboa,09-05-2026 12:13:23,0.21,73.8,v4DoaVgGVcHFivGtl2ob,38.7094870430737,-9.16238449169192,18.862665,1778328803000,574582321d04df00,,17.74
9.782801,Braga,09-05-2026 17:21:40,0.13,84,S61xkhRw18kFX9U75Qjp,41.5271135416286,-8.40978044134711,17.696086,1778347300000,c6a2d85265d19a41,,25.47
9.778721,Porto,11-05-2026 18:11:24,0.22,57.8,eUyy93oIkADCWxYLCiDC,41.1776252139299,-8.61467920306161,18.709146,1778523084000,d0825fdf3da3660c,,13.78
9.790381,Coimbra,14-05-2026 08:31:37,0.14,89.5,bwmS7t8z6UvO6Cs5WWdN,40.1822183514249,-8.40522127063904,18.307442,1778747497000,93279918e60ec274,,21.13
9.801496,Coimbra,26-05-2026 22:07:14,0.24,76.2,BYOMGFgBSsWzYkNiKfWF,40.2190892653068,-8.42922952192435,16.696609,1779833234000,b8e78b83a62a0cb7,,9.43
9.801334,Coimbra,01-05-2026 22:39:06,0.08,89.3,pW0Ma66I6efYabcE2SEI,40.2169015259027,-8.41810638521065,18.738626,1777675146000,574582321d04df00,,9.93
9.81631,Braga,26-05-2026 03:59:48,0.41,86.5,kUAnEOqeLIFRVdn6llud,41.5709257904633,-8.45414013984374,19.088368,1779767988000,0f98939ac68105bb,,17.55
9.871427,Porto,08-05-2026 06:51:56,0.41,58.2,E3qPs3xqQSwU9sXs6E8k,41.1646226152795,-8.64840184307775,17.887269,1778223116000,de2dde23040292bc,,11.53
9.790692,Coimbra,13-05-2026 15:54:40,0.12,91.3,3aRXyhnEBMI3kmCyf0Ji,40.2005652108791,-8.39116003277799,17.256089,1778687680000,06bf6a628379e030,,17.15
9.795803,Lisboa,10-05-2026 22:01:55,0.22,80.4,bIFH3XFKbMelGel8f8k5,38.7480424613387,-9.1320275039739,16.987809,1778450515000,3bc1bf7fb69f3ba3,,19.92
9.822575,Coimbra,27-05-2026 23:03:48,0.41,78.1,xBEecl95ykkTuW1VgMmm,40.1880319707113,-8.38922896264847,17.972144,1779923028000,75778bdb64d1008e,,16.79
9.82321,Lisboa,25-05-2026 15:15:45,0.03,78.7,ssoFRlZIl46GqbU5g3kw,38.7179417123533,-9.11874415993368,15.332772,1779722145000,39a54d73a921b9f6,,18.07
9.773456,Braga,10-05-2026 00:56:21,0.4,67.8,KeIkGWPhjsE6NzQAB6ZQ,41.5215519655101,-8.44342833490285,17.130873,1778374581000,552b8d6c350cb13c,,15.8
9.80027,Coimbra,05-05-2026 17:37:19,0.07,86.6,kMVrdNNn4EwfnFA44RI8,40.2040058959743,-8.44381286630176,15.969196,1778002639000,c6a2d85265d19a41,,18.33
9.816365,Lisboa,05-05-2026 22:29:58,0.02,76.7,MVyFKN2gJs0ueNjaGUrN,38.7239441170926,-9.15293006838793,18.026675,1778020198000,517fc5ca69b652a5,,21.06
9.778502,Coimbra,17-05-2026 07:26:31,0.45,77.6,6Kqcx7zIsWRwOZ6L2nSq,40.1952148252481,-8.38984195868911,19.645163,1779002791000,1b1cc9cee9f27003,,21.4
9.820736,Porto,23-05-2026 10:02:04,0.58,96.5,3lJCT0MNEki394vEYUQT,41.1814314770178,-8.6578442899263,18.271656,1779530524000,3b1338c1207d1e2e,,14.12
9.804594,Lisboa,17-05-2026 07:50:55,0.47,111,p5TZhQk4Wl9Ekxr4sRXK,38.6978549366027,-9.11097521973568,17.804055,1779004255000,7d176c63414fcd05,,12.35
9.812495,Lisboa,13-05-2026 00:05:39,0.03,68,aCKuIivqYBE9CjpNyCQF,38.74548034658,-9.13063462382487,15.8924,1778630739000,2b95dd3cf28e7c18,,20.47
9.834447,Braga,16-05-2026 12:03:33,0.04,76.2,fAmIazBlzWEN7taMSL12,41.5488309637031,-8.39332432267603,17.71104,1778933013000,3c58290022ed11b1,,18.72
9.809237,Porto,07-05-2026 14:42:52,0.37,87.7,N9UhFyrIanzesOQXwtqb,41.1556852205038,-8.6314851438305,17.365166,1778164972000,72ba4e2f87adceb5,,16.76
9.795554,Lisboa,07-05-2026 11:50:53,0.23,74.2,1Low5efQFXt48GOzmANp,38.7338085422869,-9.17155760679085,17.158629,1778154653000,bb4bb9fbcfcc16d1,,20.77
9.78639,Porto,02-05-2026 14:45:43,0.27,77.3,aQ8Y2qovQSgFxMmfCkB7,41.1498063924908,-8.64680220860737,16.601101,1777733143000,102edb38b5ec347f,,21.48
9.799603,Porto,13-05-2026 18:08:18,0.45,81.9,zm7PeW4qCRLzgXlAvdHI,41.1784238991303,-8.66256829730351,17.507664,1778695698000,574582321d04df00,,21.02
9.861745,Coimbra,16-05-2026 12:51:39,0.06,60.2,4ELMQEI7G1fBTAGOcNzv,40.1957487113381,-8.42196532138663,18.334026,1778935899000,5311a0642c2564ad,,15.54
9.82699,Porto,25-05-2026 15:08:13,0.05,71.3,CsPtTEmYlfEOCGWusuDs,41.1365639232288,-8.62557227226395,17.354918,1779721693000,867d47425e9cccc7,,22.88
9.796473,Coimbra,20-05-2026 06:20:08,0.28,76.5,HXOYvVvJUGQmtIYx3AsW,40.226178092583,-8.41297624240037,17.048434,1779258008000,552b8d6c350cb13c,,18.28
9.773549,Braga,18-05-2026 17:27:26,0.11,69.1,f9eU0uBxjEDd6f7Pw08y,41.5685571307711,-8.40099165197446,16.892851,1779125246000,64a94f9052422a0c,,15.82
9.819862,Braga,28-05-2026 09:40:42,0.25,74.2,fId0xiCZLjbcJuqzp0gB,41.5394460743795,-8.39852368610948,18.285525,1779961242000,1b38ab967d98cc4e,,19.74
9.834819,Lisboa,02-05-2026 21:31:14,0.46,83.2,RzOtKXm3kpFvvS0InGHm,38.7456438402837,-9.10979932693728,19.206081,1777757474000,389da1f3a7c1d8de,,15.91
9.819101,Coimbra,13-05-2026 13:23:40,0.33,98.2,NC6SXfcKbbj2I7facbn5,40.1995003750615,-8.42289422539525,18.672261,1778678620000,c837debb39dd1e68,,13.9
9.806405,Braga,05-05-2026 08:53:54,0.21,80.7,JaGTG0zYqtSN6TL5ezj9,41.5587653311018,-8.43377378518524,18.653738,1777971234000,9d16533a62ab9315,,18.68
9.812407,Coimbra,17-05-2026 18:45:13,0.26,87.2,j3UMWs7WkwdWfji04Khx,40.2138182654708,-8.39063332809717,19.767923,1779043513000,72bd2672c948d2cb,,9.81
9.821085,Braga,03-05-2026 08:27:00,0.1,88.1,WE4RchCDW66stzbIosJ6,41.5470481093954,-8.45468196641433,18.955884,1777796820000,556be8558ce56421,,13.66
9.809893,Coimbra,16-05-2026 16:50:00,0.3,88.4,DJW26mg7i9noh2u2RorM,40.1906278587475,-8.43737337174607,18.570682,1778950200000,9d789fd91804129f,,16.43
9.827934,Coimbra,24-05-2026 18:55:09,0.53,73.3,eOb1W9OoCwgtgyrJUVAS,40.1966750476849,-8.43836511745661,18.273263,1779648909000,d0825fdf3da3660c,,11.84
9.786106,Coimbra,10-05-2026 01:52:59,0.04,80.4,8mNTDR34m9PiCHzckZHs,40.2048257794842,-8.40480669539332,19.795763,1778377979000,d4389e820d4f82fa,,13.85
9.810789,Coimbra,18-05-2026 06:32:09,0.15,69.4,QbejeQMQZKZfq7RLTLwi,40.1879341596658,-8.42020956392472,19.644761,1779085929000,d632e4ce536ec364,,13.45
9.821741,Lisboa,28-05-2026 23:53:40,0.01,83.9,p8afXKyxrKUFdvY9N3sq,38.7056312931698,-9.11155490314907,18.351178,1780012420000,3b1338c1207d1e2e,,13.36
9.843126,Lisboa,05-05-2026 20:46:46,0.01,99.2,ujX7eaicOWnGIQEaOCep,38.7319105942405,-9.13325023143128,20.276232,1778014006000,91279a646f8ea6ac,,16.4
9.818009,Coimbra,07-05-2026 09:06:57,0.14,94.3,j96gZ4acsAIFMEwjfc5d,40.1774973029866,-8.42528667919153,16.57646,1778144817000,8e2e127651e9cbde,,11.55
9.851217,Lisboa,09-05-2026 12:14:16,0.06,74.7,R8vTB8THy0jlkNd8VPuZ,38.7250664836095,-9.15219347930549,16.798453,1778328856000,9cbee3c1d7168837,,21.79
9.794369,Lisboa,05-05-2026 07:07:11,0.09,75.1,w93yFnMUjNnS3ZPAWK1c,38.7105934124046,-9.16735750900478,16.820323,1777964831000,bb80f878cef35322,,17.29
9.838044,Coimbra,13-05-2026 04:39:08,0.04,84.3,HPFjTpvWH9XXWUm8JO5K,40.2297260528784,-8.38674127667301,18.092909,1778647148000,3811390588367f0e,,16.44
9.849923,Lisboa,07-05-2026 17:39:06,0.06,71.9,tDEbctHmSaR8CziD4p4k,38.6997615350209,-9.11323986999283,18.024949,1778175546000,1d6285f5502cf1f8,,22.04
9.832063,Lisboa,23-05-2026 07:59:36,0.09,79.7,UtnJojS0zWZk3ivdB3Yn,38.713814480193,-9.13610476112871,18.250598,1779523176000,3993ad7e2565b6b0,,8.91
9.77822,Lisboa,07-05-2026 15:33:51,0.17,73.9,8o2aeq58AqBEx7X8bpHd,38.7238926729825,-9.14238274273129,16.748938,1778168031000,3c58290022ed11b1,,21
9.810042,Lisboa,05-05-2026 03:08:13,0.38,77.9,uSkdnLFg2c05hS7brWrn,38.7352407990338,-9.11167115866701,18.145497,1777950493000,ce246387dd078174,,7.49
9.789171,Coimbra,15-05-2026 03:53:22,0.22,71.9,HzxuHQtjkwl2DCyHwDvx,40.2236659601744,-8.41707503308584,20.023285,1778817202000,3db4e6efff8b7518,,18.21
9.793658,Coimbra,16-05-2026 03:10:39,0.28,81.9,LlFFvbfMnjZxiTA0CtNr,40.2217389507198,-8.38300137734922,18.694656,1778901039000,bc74204126e384ca,,28.97
9.795693,Braga,09-05-2026 09:39:39,0.46,82.5,BydN95wlmGYgrMJCeSsl,41.5647378654389,-8.40752191704626,19.741852,1778319579000,1b1cc9cee9f27003,,10.2
9.809933,Porto,16-05-2026 10:38:03,0.87,94.8,4FCNohlqdsLpHyT9nyjW,41.1703831300147,-8.61472395502203,19.383729,1778927883000,82a83fc853728306,,16.53
9.789816,Braga,17-05-2026 09:43:25,0.22,102.2,wnnUDmOt6EDPBnd3XT9B,41.5721125115019,-8.39620556098646,17.161749,1779011005000,3cc68b8049eb8d4c,,17.19
9.816204,Lisboa,07-05-2026 22:26:08,0.27,85.4,4ZBwt7ZOYy296NLewRO4,38.748030031225,-9.14926423243754,17.472014,1778192768000,82a83fc853728306,,11.39
9.830795,Coimbra,12-05-2026 21:15:48,0.14,76.6,FWG7uH7g6rQXRS4PtO3i,40.1881309939382,-8.44363416066866,19.393054,1778620548000,517fc5ca69b652a5,,18.88
9.807741,Braga,06-05-2026 13:21:17,0.02,81.9,bDubuzfg7Tw8XwxZgcF7,41.5404446574214,-8.42884766813361,19.073906,1778073677000,5e1de20fecf98844,,19.24
9.799112,Lisboa,06-05-2026 22:51:58,0.37,90.5,HzYWM3y4gfxJHMbeFeUG,38.7388562959335,-9.13060745564807,16.830781,1778107918000,d5eb4d757b335d0e,,24.13
9.817294,Coimbra,01-05-2026 09:08:10,0.3,82.8,fUl4AGnPhwWzkP3qldyd,40.2213290423976,-8.40374678862734,17.550318,1777626490000,18d281edb3671f44,,21.82
9.802464,Lisboa,05-05-2026 16:27:26,0.3,65.3,NXEANavrpvWj2z4JYiV8,38.7298061164109,-9.10626142353607,18.669486,1777998446000,389da1f3a7c1d8de,,14.22
9.842202,Porto,22-05-2026 17:22:47,0.4,91.9,LUaSiQplFTgc80SEYpiv,41.1635503921497,-8.60145665103587,18.366981,1779470567000,a2fd30e5fa49ad53,,19.03
9.786126,Coimbra,06-05-2026 20:18:32,0.11,90,lpZcZm3tGNKW0OduATq9,40.1960343691475,-8.38684169500752,18.463432,1778098712000,63d3511e9e857901,,24.75
9.797881,Braga,22-05-2026 11:58:03,0.1,78.7,X8fVdPPr1znX0eYeHSyW,41.5720749590238,-8.39942321025331,16.962446,1779451083000,bb4bb9fbcfcc16d1,,17.25
9.819859,Coimbra,28-05-2026 11:51:05,0.39,76.7,FI82nwbRut7sxNmgJgog,40.2233635624212,-8.39955673246252,16.698934,1779969065000,1b38ab967d98cc4e,,22.49
9.823224,Braga,01-05-2026 04:08:57,0.28,74.3,7KLFmq0gpwP2Zb7vrSaC,41.5377866461511,-8.39748948467786,16.022941,1777608537000,b8e78b83a62a0cb7,,14.82
9.830944,Coimbra,06-05-2026 07:39:25,0.35,79.4,J1RySiOLrmAJShmfs4v5,40.1900242606038,-8.38307525319526,17.561073,1778053165000,d632e4ce536ec364,,20.83
9.79565,Braga,01-05-2026 09:42:28,0.03,70.3,D1iXb00CWI2qU4wQHrvI,41.5590991768175,-8.44226837409844,17.160683,1777628548000,8f8c45c33ff51d0e,,11.83
9.806354,Lisboa,22-05-2026 12:41:44,0.38,81.1,EyRaigJdBWB3FivlCLmW,38.6982252761624,-9.16475973421395,19.12316,1779453704000,c51d4eb54f89fec8,,22.88
9.824407,Lisboa,06-05-2026 23:12:58,0.37,83.3,ZLczCFtPjeU1a2W9JmaA,38.7090394712189,-9.15514980008583,18.344279,1778109178000,517fc5ca69b652a5,,20.39
9.839149,Braga,24-05-2026 18:50:14,0.37,86.9,bRQHqkvC4UwrlZoDpvnS,41.5574846994141,-8.44127278077399,17.177151,1779648614000,cb4c1290e91970dd,,16.69
9.818587,Lisboa,16-05-2026 02:55:03,0.04,91.6,AHN9G19PPV85mkk5v223,38.7258377718576,-9.14232753702148,17.776141,1778900103000,c0014ea2ee2fdaea,,20.75
9.787483,Braga,09-05-2026 19:59:04,0.26,96.1,7CqPzOLamoHqF3ho7E4a,41.5365789193412,-8.44928215463237,16.128894,1778356744000,57e17fffc619e182,,18.04
9.843969,Lisboa,24-05-2026 20:08:11,0.23,85.9,viklYf2R4OQkU6ccUtaO,38.7238043240154,-9.13970784914516,18.115355,1779653291000,b30b0b43692b035b,,17.39
9.779102,Braga,07-05-2026 10:47:37,0.06,57.4,dmoR0IEOnJtx6X1nw1cY,41.5299989949751,-8.3925410436174,19.151651,1778150857000,430f674c6dfe941a,,19.38
9.822472,Porto,20-05-2026 23:16:53,0.1,95.8,ImzyAKrOWmA3vGyUN6tN,41.1376647320874,-8.64244960726966,17.799817,1779319013000,e84878f982129128,,14.73
9.850444,Porto,16-05-2026 14:05:42,0.28,85.3,Sh1oTP5tsZuUupSkMyFF,41.163610816649,-8.63056088331531,16.959276,1778940342000,bbbe498ee44f6349,,23.01
9.789251,Braga,16-05-2026 03:03:20,0.83,98.5,4jInfGPIHQzgz8Azop0t,41.5449465068759,-8.43983013907279,20.041846,1778900600000,e1bd0a847e7079be,,19.95
9.775622,Porto,13-05-2026 15:41:05,0,81.8,c83BxPrFzwgl7BEROZPU,41.1347154020766,-8.61657877723739,16.255754,1778686865000,330949523d665e3b,,17.78
9.798521,Lisboa,23-05-2026 05:38:08,0.22,80.1,ZowgmGpq7xAk0KnotQMu,38.7480102940606,-9.11221982099118,19.511131,1779514688000,3bd002cf1fcfa789,,21.64
9.795571,Coimbra,26-05-2026 19:41:54,0.02,83.7,jT84n2dM0tFzcvKBCAV0,40.2219735389246,-8.43797356377699,16.483442,1779824514000,8dc02e5c153f83a3,,19.59
9.847133,Lisboa,09-05-2026 03:28:10,0.48,80.3,K6JRnoX6tqgtyFZL1yLU,38.7314798703767,-9.1439549883754,18.357402,1778297290000,7e8fb26408446272,,13.15
9.827272,Braga,09-05-2026 00:14:50,0.05,85.2,NgZsPMo7E9nWvOPQkNdH,41.5458994862582,-8.45177239260833,17.546108,1778285690000,53c682ded6545e06,,17.15
9.810165,Braga,19-05-2026 23:17:56,0.42,72.3,QGACSq40qX0CHB1H6Cmi,41.5229384126926,-8.4096491246116,19.368864,1779232676000,5a7b6516c51a4d4e,,16.46
9.813341,Porto,05-05-2026 17:09:50,0.1,82.9,Nqq1hQJjzWMF88QfGTWD,41.1556056661805,-8.62681238167976,16.739523,1778000990000,389da1f3a7c1d8de,,11.3
9.798226,Porto,28-05-2026 17:49:53,0.22,84,RDr80bwWreKeLZ2WLLtT,41.1694292916267,-8.64037239536568,17.663305,1779990593000,d5eb4d757b335d0e,,26.51
9.773092,Lisboa,06-05-2026 22:19:14,0.57,72.4,Eskyftij5Ctbswfk1kHR,38.7307583161461,-9.16550564007322,18.298493,1778105954000,d4389e820d4f82fa,,15.18
9.833375,Lisboa,25-05-2026 08:13:54,0.1,80.6,PX6nPDbJhdVpwCRro6fJ,38.7413178063663,-9.11530718605157,18.125744,1779696834000,91d55d217a2af234,,15.37
9.827061,Coimbra,12-05-2026 01:36:20,0.12,91.3,PvdGeaJBBC1dr7RXiVLw,40.2249591277472,-8.41734569437865,18.446476,1778549780000,6588d11c4a11acb1,,19.97
9.816556,Coimbra,16-05-2026 15:23:12,0.31,75.2,Qc11yrjVPHko2xK2GrZI,40.2086336549466,-8.3768880405432,18.628558,1778944992000,c9ab51cba10ae1e9,,11.17
9.804643,Coimbra,04-05-2026 19:41:17,0.4,54.5,TZAs9W8HS7selfjpsKyc,40.1978138178531,-8.40160396413838,17.327509,1777923677000,1b38ab967d98cc4e,,22.39
9.823762,Lisboa,25-05-2026 06:15:26,0.22,74.5,TzjDjovizrT9Ynyfhp29,38.7278218379308,-9.12939006122768,18.931385,1779689726000,552b8d6c350cb13c,,17.36
9.782312,Coimbra,05-05-2026 23:34:52,0.03,77.9,2Bk1NGrFUx6tGF9cVZdK,40.1794199828169,-8.42300365559247,16.579858,1778024092000,3c58290022ed11b1,,19.47
9.815596,Coimbra,19-05-2026 05:18:33,0.08,84.5,NrGpZYG35OwzUchBZBGv,40.1900685934033,-8.43731841938095,18.625439,1779167913000,5afe6ceac06784f5,,17.28
9.814036,Coimbra,26-05-2026 13:40:07,0.18,76,voUitNCXvZnNncoPz7e3,40.2008440796559,-8.39014330869926,19.332286,1779802807000,a8c47673d6a4f85c,,9.82
9.827535,Braga,13-05-2026 00:49:22,0.23,73.8,I77SVzhOxUC4PYsi318V,41.5251979362379,-8.40979517684921,18.319112,1778633362000,19a558ecc36977ce,,12.04
9.79368,Braga,22-05-2026 19:36:43,0.07,71.5,HaRnCfDeJBuI4IbDs9zY,41.5651110934019,-8.42397042950486,17.059542,1779478603000,42d576864f9952c7,,24.4
9.84594,Porto,21-05-2026 02:05:31,0.16,59.8,tuyuByoSyVWnzmTJQWhn,41.1681746627104,-8.6621419955284,18.864603,1779329131000,e9da39984fb29dc6,,20.17
9.796838,Braga,09-05-2026 13:02:35,0.22,77.6,3d5s9WlgdoFMV9KJ0l5b,41.5613991300478,-8.40406744201588,17.596574,1778331755000,057c44d337463e07,,13.16
9.807704,Lisboa,11-05-2026 10:23:15,0.06,65,Uc6WflomvXC1SKZ7VnVF,38.7300044774971,-9.14303920917276,16.619122,1778494995000,c837debb39dd1e68,,18.83
9.796412,Coimbra,01-05-2026 07:58:09,0.32,82.9,lMiL1RNiNj4beonCaVsu,40.2145492838624,-8.4211154179341,19.705859,1777622289000,a2fd30e5fa49ad53,,7.89
9.793316,Coimbra,27-05-2026 19:30:34,0.14,77,ud7U7ETsMOf79foMjIim,40.2239462539697,-8.395207118072,16.282961,1779910234000,330949523d665e3b,,14.07
9.812607,Coimbra,12-05-2026 15:05:09,0.11,80.8,1jXBJofpJaSbTRn8pJm1,40.2076103617083,-8.39272005430643,18.366283,1778598309000,ce246387dd078174,,19.35
9.813873,Braga,10-05-2026 15:31:59,0.2,80.6,SzetU8dsFRAeMs4x45Af,41.5679627730172,-8.40849428839976,15.77455,1778427119000,63d3511e9e857901,,24.18
9.76591,Lisboa,04-05-2026 15:06:27,0.07,69.2,zS9NMsQ5jZ85YLlk7peV,38.7242405788651,-9.13894535524749,18.508523,1777907187000,9d789fd91804129f,,6.02
9.809438,Coimbra,17-05-2026 15:33:48,0.3,87.9,RHLnPPjce6YcRJMYHSe6,40.2164363645373,-8.40468460490996,17.412108,1779032028000,517fc5ca69b652a5,,16.8
9.797677,Porto,07-05-2026 21:03:28,0.31,76.1,542R60FtVCHpZcfN4Wtr,41.1568620191398,-8.64848857058356,17.218425,1778187808000,d632e4ce536ec364,,19.74
9.812632,Porto,10-05-2026 21:02:15,0.06,84.9,W8rqjvpFsirMWtfZFGvJ,41.1312176370579,-8.59707465256784,18.576971,1778446935000,64a94f9052422a0c,,21.51
9.775166,Lisboa,08-05-2026 12:55:59,0.07,71.5,LiGQOmfdMexC6eM3fasP,38.7209795486898,-9.13934032149025,17.822488,1778244959000,6f36a3307488809f,,15.32
9.772683,Coimbra,19-05-2026 06:42:23,0.29,80.3,kB1Jss5e8JDYYDYB1R6I,40.1872808554626,-8.44169285684444,17.419529,1779172943000,556be8558ce56421,,13.09
9.806284,Coimbra,21-05-2026 18:14:23,0.27,79.4,ICSlK9AiU3btkXLFxYTI,40.1810200775213,-8.41248977671489,20.172445,1779387263000,3cc68b8049eb8d4c,,16.09
9.786927,Porto,15-05-2026 23:32:26,0.27,79.1,dUbHU8jw6LOlndywghEA,41.1340344511664,-8.65825620768755,18.074341,1778887946000,8e2e127651e9cbde,,19.94
9.79257,Braga,06-05-2026 18:29:28,0.17,94.9,4j5Y1GGbctM6A8b0xrAK,41.5640282627251,-8.43912561767238,19.010272,1778092168000,1791998ac3161359,,19.46
9.826498,Porto,15-05-2026 14:11:19,0.15,71.3,PLVvQfEV6a6qiZdWsEn1,41.1510631780409,-8.66187164391084,19.322979,1778854279000,fb188f553674b4c4,,24.24
9.787059,Porto,28-05-2026 03:10:19,0.13,82.5,0Cv7iyokk3VH3qshooRm,41.1789442591518,-8.60551923933746,17.220028,1779937819000,ce246387dd078174,,19.14
9.832819,Lisboa,09-05-2026 11:53:57,0.1,84.5,7ednEVEabjp0nuIimvZ2,38.7251080996879,-9.17013509530771,18.44768,1778327637000,2b95dd3cf28e7c18,,16.56
9.818242,Porto,05-05-2026 00:19:45,0.62,94,Z1YxE5d5G8230HmkGz2c,41.1544786066367,-8.63136306241589,19.235494,1777940385000,42d576864f9952c7,,11.84
9.834567,Lisboa,11-05-2026 21:51:13,0.37,73.6,1roZTtL6hTWPTGKj1t0w,38.7004696481297,-9.16699123050298,18.899836,1778536273000,e9da39984fb29dc6,,19.46
9.790016,Lisboa,21-05-2026 10:10:16,0.06,67.5,sUomodr0bn54cQQ16SvJ,38.7197409647428,-9.15408749541434,16.645929,1779358216000,e8c9832b5c388bb5,,13.75
9.812312,Porto,25-05-2026 22:17:16,0.13,70.3,pva23BiMjx81IQcUVMZM,41.15794762969,-8.63911816153012,19.432456,1779747436000,9cbee3c1d7168837,,17.41
9.812603,Lisboa,13-05-2026 04:59:05,0.36,100.2,pC7mpnel01N3nSHyV32w,38.728361683528,-9.10710860099954,19.363838,1778648345000,8f8c45c33ff51d0e,,22.28
9.827086,Lisboa,03-05-2026 21:04:49,0.08,92.9,k5iaOIbxmITtWF90RRK4,38.7170608120642,-9.13574147085798,17.324157,1777842289000,bbbe498ee44f6349,,22.38
9.832657,Braga,11-05-2026 07:24:29,0.01,91.1,l9XVrzueImRx48MgqBhO,41.5426951817888,-8.43591032684218,17.126462,1778484269000,bbbe498ee44f6349,,18.77
9.828845,Braga,02-05-2026 23:20:17,0.13,90.2,DL5G7orbaC0CYeZRPAOd,41.5208075793731,-8.40989315535284,18.274218,1777764017000,b30b0b43692b035b,,12.76
9.829699,Porto,11-05-2026 16:48:03,0.24,72.2,h27CZpt1MUKBmlgxxoPW,41.1706433453654,-8.62468113941159,16.920394,1778518083000,8f8c45c33ff51d0e,,22.13
9.816437,Braga,16-05-2026 13:21:36,0.21,72.2,gFui070IygYl7Qkqb55P,41.5642885246104,-8.40585378346261,17.436075,1778937696000,2f2bd7547d602b7a,,21
9.804518,Porto,10-05-2026 13:53:51,0.29,62.8,1Tv2IfIovcOcljJE9Vra,41.1326769110791,-8.64252749757575,17.664103,1778421231000,c837debb39dd1e68,,23.47
9.828023,Coimbra,26-05-2026 02:07:02,0.5,96.2,q3i6owfOJ7RcT1kZBtlh,40.1963866537919,-8.40004327277959,17.793272,1779761222000,c51d4eb54f89fec8,,17.25
9.801774,Lisboa,25-05-2026 18:48:42,0.55,73.3,eyUo85Tr4sFDPL7lFPNA,38.7269122423751,-9.11357664400789,18.337026,1779734922000,8e7f2987241c2818,,12.86
9.809317,Braga,08-05-2026 07:35:42,0.15,101.2,wx1f1ZxVPDaYq0w3TmVV,41.5517536933441,-8.40063216868315,18.154091,1778225742000,72bd2672c948d2cb,,21.63
9.815606,Braga,14-05-2026 05:25:42,0.11,82.9,hx5KJ6G1jSyHEssopRF6,41.5189998111386,-8.44676593833472,17.693728,1778736342000,d5eb4d757b335d0e,,14.16
9.826921,Braga,01-05-2026 13:11:14,0.29,62.6,MbobdIgYRYaoMfehPtaF,41.5244152435013,-8.4435882556015,16.713223,1777641074000,bc74204126e384ca,,21.85
9.802924,Lisboa,27-05-2026 02:19:57,0.17,67.7,Bke2A6nqGtVV8so8dvnt,38.7154801898872,-9.13438175554133,18.901692,1779848397000,4c885efe7bde3ff4,,16.25
9.824412,Lisboa,24-05-2026 05:48:08,0.4,57.1,5wbYGj5oJjHOIJg7zfo8,38.7455885039924,-9.13001155930435,19.516821,1779601688000,e9da39984fb29dc6,,17.11
9.772756,Coimbra,16-05-2026 21:05:14,0.28,73,GI2XbFoY10j6Fhtyowvs,40.2115589315109,-8.40455762907191,17.886794,1778965514000,2b95dd3cf28e7c18,,16.52
9.813579,Braga,26-05-2026 05:34:18,0.41,79.3,AnW6OT6X0ICldn93kmHo,41.5472380290061,-8.4312047904665,18.648128,1779773658000,f879804e4456e5d4,,19.83
9.833303,Braga,16-05-2026 03:43:25,0.38,76.1,qp44iE9SsbkywvJuNlqx,41.5590132880449,-8.42783804268712,19.420273,1778903005000,7d176c63414fcd05,,18.54
9.812787,Porto,13-05-2026 00:46:11,0.19,73.7,bGgGwPrUIUb0uVRYfqpQ,41.1398368444408,-8.61323822101365,18.849509,1778633171000,7f281c8dbac1f799,,21.94
9.825676,Braga,13-05-2026 22:34:46,0.17,87.9,LcLKqQrFfI386PX583eU,41.5439821089586,-8.4273604154159,18.127199,1778711686000,1bd749deaf799034,,17.3
9.834206,Braga,02-05-2026 20:29:44,0.11,76.3,j4eUsAgonwqCmYUpEdk3,41.5630459584924,-8.45216799059895,17.140193,1777753784000,93279918e60ec274,,15.36
9.805277,Lisboa,19-05-2026 23:14:34,0.24,72,sOJh5qh24PwDDQhJdVC6,38.7126920869022,-9.12165528297327,16.697243,1779232474000,5311a0642c2564ad,,18.4
9.81265,Lisboa,10-05-2026 03:37:04,0.13,61.9,1BAxiIOxSgOqgLaGW16l,38.7257859971044,-9.16393874170776,18.19835,1778384224000,5e1de20fecf98844,,19.71
9.805914,Coimbra,14-05-2026 08:34:37,0.03,86.8,Aw24LPWMjxbFB3moE1SZ,40.191317608962,-8.39915086626943,17.849567,1778747677000,cbf338d836298cb7,,19.01
9.82854,Braga,10-05-2026 18:24:59,0.15,73.2,W8oFhlgszpdFdP3dMvHn,41.5408357044769,-8.40147468669838,17.309644,1778437499000,cbf338d836298cb7,,16.67
9.838525,Porto,27-05-2026 04:19:51,0.34,85.7,4znjpedlzwSu8FsEqRsM,41.1447953772962,-8.60962855347465,17.578078,1779855591000,430f674c6dfe941a,,19.49
9.79187,Braga,16-05-2026 19:30:42,0.4,72.7,jgzbHptck61GLDZrXaNn,41.5397736983545,-8.42718536919749,17.578494,1778959842000,c85cdb0ef48d09c8,,21.82
9.835106,Braga,19-05-2026 23:43:14,0.27,72.7,EZYM7mxoNTZ3v3ykZgVu,41.5327921724181,-8.39434433402015,17.828974,1779234194000,c9ab51cba10ae1e9,,13.65
9.812421,Lisboa,07-05-2026 11:34:37,0.11,77.9,AD2f9HIM0P5k7AVEdfnB,38.7033759110013,-9.11834598747252,19.319364,1778153677000,0f98939ac68105bb,,21.27
9.819785,Porto,22-05-2026 07:47:26,0.13,60.3,lYjhSVPDPX6CwLrZetqF,41.1623950644396,-8.6353841537059,19.672413,1779436046000,c34c1310eab19c87,,5.96
9.823788,Coimbra,14-05-2026 14:18:30,0.25,78.4,o5o9CUYyLY8DMgSBiDzj,40.2161001981202,-8.44394610514235,18.874917,1778768310000,e9da39984fb29dc6,,24.84
9.825505,Lisboa,03-05-2026 10:15:33,0.28,76.3,zoccDLH88lnTnOX0UJL4,38.708513111316,-9.14557131657335,18.250133,1777803333000,b572bc65fae8bec1,,21.49
9.802259,Porto,10-05-2026 22:19:18,0.85,77.1,Ox3AoNlegG8DJ5WgVyjy,41.1564899943691,-8.62977112528407,19.730911,1778451558000,3db4e6efff8b7518,,22.6
9.780794,Coimbra,06-05-2026 16:29:09,0.02,72.9,dw2RYZONDnttX5AHvZac,40.1999403935474,-8.42243557644461,16.799656,1778084949000,430f674c6dfe941a,,24.4
9.838206,Lisboa,23-05-2026 04:00:31,0.54,74.7,QW3LkLo2PzX72Pgy2A3j,38.7195108562808,-9.12709027352532,18.373954,1779508831000,b572bc65fae8bec1,,28.36
9.812894,Porto,07-05-2026 10:39:25,0.42,85.8,zI4yoPZ4BUVFC0BoNyyo,41.1603097420831,-8.62383240168261,19.510527,1778150365000,91d55d217a2af234,,20.04
9.807177,Lisboa,01-05-2026 13:21:52,0.24,85.1,YZCxxaqaPJrhTm9GoXGK,38.7022166020163,-9.15738687408844,18.199311,1777641712000,bb80f878cef35322,,13.56
9.774382,Porto,08-05-2026 05:49:19,0.38,80.5,IPiaZ5PEMaFE2P6LQGUU,41.1361770955263,-8.6320089468015,19.080187,1778219359000,4c885efe7bde3ff4,,17.67
9.84494,Coimbra,19-05-2026 03:21:50,0.58,74.3,TeABqc4kJPai47Jbjk59,40.1829756167383,-8.40913414897293,16.242839,1779160910000,2a339e8954684016,,13.28
9.826332,Braga,19-05-2026 19:58:41,0.14,73.7,fSAufES0xJBzAl2zwF0d,41.5550892889792,-8.44134991274048,19.612615,1779220721000,ae7ec9246c4649bc,,13.6
9.81957,Lisboa,26-05-2026 17:24:35,0.26,85.4,mWKlmRUHqbNKThlXz4Me,38.7442742436493,-9.13622064581866,19.433781,1779816275000,2f2bd7547d602b7a,,16.85
9.802325,Coimbra,28-05-2026 01:54:06,0.16,101.1,CC4skCn1uKJ9q8dRRR44,40.1981819316211,-8.4276338311423,18.887616,1779933246000,3b1338c1207d1e2e,,23.42
9.796991,Coimbra,16-05-2026 15:05:08,0.15,92.5,DjdWNiBr23ySuZjL8ADT,40.1776949439851,-8.38820490362541,17.402368,1778943908000,8e7f2987241c2818,,16.91
9.804496,Coimbra,03-05-2026 06:09:18,0.01,76.7,lkabP6pSSBtXinGkipvu,40.2016729552576,-8.41856524713516,18.277956,1777788558000,1d6285f5502cf1f8,,19.56
9.802735,Braga,05-05-2026 22:10:37,0.07,88.5,qvPTzlOOgjV45bkxq0P0,41.5260145194897,-8.41911017084276,17.217751,1778019037000,72ba4e2f87adceb5,,12.13
9.829664,Porto,10-05-2026 04:25:38,0.06,80.1,YzvqwkvSugCXyuATNJoA,41.162059214451,-8.65736517710229,18.935467,1778387138000,91d55d217a2af234,,16.09
9.782512,Lisboa,02-05-2026 06:25:43,0.09,80.7,MP4lAjG7NZExRFjd9UQU,38.741097064136,-9.1088465697075,17.609663,1777703143000,0f98939ac68105bb,,23.89
9.760277,Braga,10-05-2026 12:55:13,0.24,91.2,azgtpZlGG8x8HKNsCcMQ,41.5568290240298,-8.45540883406883,18.457048,1778417713000,bbbe498ee44f6349,,4.66
9.835678,Porto,27-05-2026 13:29:49,0.15,69.7,JKioY1EedqtLdFgQgoQB,41.1532852598436,-8.62369897691272,17.815085,1779888589000,75778bdb64d1008e,,19.63
9.822789,Lisboa,03-05-2026 14:52:24,0.24,88.9,9yTI5HDGuI7bmMgjPZDY,38.7181907003525,-9.10771500527522,18.315716,1777819944000,04964f8452901231,,19.66
9.788185,Coimbra,10-05-2026 06:38:50,0.27,72.5,IVFveUSGS1NvnUWq9l1K,40.2096661431446,-8.44302260363179,18.895394,1778395130000,3db4e6efff8b7518,,20.9
9.799712,Coimbra,28-05-2026 14:12:07,0.35,89.1,5DUWYFmo8Ga3bq5fqQ90,40.210934904043,-8.44184543649647,19.227072,1779977527000,c7f34dc43387f858,,16.96
9.843683,Braga,21-05-2026 06:49:05,0.53,64.8,RP8N4tOthYa0qXi8n0j7,41.5273092699972,-8.39708328726668,18.012219,1779346145000,b30b0b43692b035b,,16.48
9.813897,Porto,27-05-2026 18:39:00,0.02,73,xIylS6Sm8oqJFHeNot2k,41.1327121013313,-8.59544471229812,17.096271,1779907140000,95744df47936b8c4,,15.2
9.819738,Porto,14-05-2026 17:19:30,0.23,71,Du25FokSufTOqgv4AeD7,41.1343345729326,-8.64454011108585,16.676947,1778779170000,24d6a87b0598b02e,,15.98
9.836232,Braga,11-05-2026 23:27:33,0.22,71.5,hULDK9jqEZSSzhDrdouO,41.5650852422562,-8.44976683967996,18.250154,1778542053000,8dc02e5c153f83a3,,16.52
9.854563,Braga,17-05-2026 03:00:36,0.1,78.4,yHrh2CjFnrdzK15FZvqh,41.556620162004,-8.45975524900125,18.898332,1778986836000,3bc1bf7fb69f3ba3,,21.7
9.814666,Braga,10-05-2026 09:56:44,0.61,78.4,Ta622Q7gZY1u7d6J8PWL,41.5718139534607,-8.44944017232026,18.324906,1778407004000,517fc5ca69b652a5,,16.23
9.797083,Braga,03-05-2026 04:13:33,0.25,62.7,jjeWon4DbqQuYScnPGAb,41.5255005928089,-8.42618356679446,15.699015,1777781613000,d57d393b16ba030e,,17.98
9.805903,Coimbra,02-05-2026 16:38:12,0.55,102.4,iGDmXrvhiKx0hNCRRjIU,40.1851758064424,-8.42453053011469,17.4548,1777739892000,93279918e60ec274,,17.46
9.806049,Lisboa,12-05-2026 17:57:48,0.02,74.5,y53cP8jEGBmUTsI7C0AX,38.7132904037868,-9.14735382506331,16.566486,1778608668000,7f281c8dbac1f799,,19.43
9.76357,Lisboa,05-05-2026 15:21:51,0.18,79.7,H1d7AM15w7uYXk4hgcS0,38.7341190273307,-9.10629998921637,18.959858,1777994511000,bb4bb9fbcfcc16d1,,25.02
9.803379,Lisboa,06-05-2026 08:03:54,0.09,93.9,yZzETJRvNCWgnreh81iM,38.7067505463932,-9.14637984762916,16.927252,1778054634000,923d0315f3ae2bb3,,24.98
9.820416,Braga,26-05-2026 05:27:17,0.21,80,ark2nJOQuOlqCNzuS1ws,41.5525220753258,-8.41317577178994,18.304631,1779773237000,8e2e127651e9cbde,,17.72
9.783471,Lisboa,16-05-2026 16:26:11,0.19,77.3,IH4vMG20888OXS2cyKdt,38.6976260608006,-9.13921462177626,17.8507,1778948771000,91279a646f8ea6ac,,21.61
9.817673,Braga,26-05-2026 00:04:05,0.4,71.2,I9MLKsNO1I34tXr2azcj,41.5496943365777,-8.42298946950059,18.060495,1779753845000,514af2be7dc985d8,,15.9
9.816726,Coimbra,28-05-2026 17:21:45,0.18,72.8,xMtdwRPigKHKNbl6aYXF,40.2076083558163,-8.37982175342428,19.049796,1779988905000,3cc68b8049eb8d4c,,18.59
9.795945,Coimbra,25-05-2026 09:59:43,0.41,80.2,fvobkLonm9yZ6DCdwjKF,40.2032334998693,-8.4420399687946,18.499732,1779703183000,04964f8452901231,,20.37
9.794955,Braga,05-05-2026 21:49:17,0.7,90.3,Xj71SCLOgYojxo6piSwH,41.5374846136678,-8.42356011559108,17.703487,1778017757000,13db178cd9a1e37a,,13.27
9.813511,Lisboa,01-05-2026 20:14:46,0.03,88.8,WfBlFrligiQ0hfV1W16u,38.7369074910567,-9.11989138508447,16.790305,1777666486000,8e7f2987241c2818,,17.57
9.821962,Lisboa,25-05-2026 23:10:13,0.18,75.9,wajRtWASebRSey1If4aF,38.7304741453989,-9.15244805901848,19.166673,1779750613000,b572bc65fae8bec1,,18.96
9.800162,Coimbra,12-05-2026 19:30:06,0.55,72,l8RYtast7bgkeCJv9B9T,40.1855846066606,-8.4238992915,20.522155,1778614206000,3cc68b8049eb8d4c,,16.59
9.811834,Braga,10-05-2026 16:59:56,0.33,78.1,ervx0cfkMbqpf6kHBI3B,41.5670013961488,-8.40799762356897,19.44748,1778432396000,389da1f3a7c1d8de,,10.89
9.81952,Coimbra,15-05-2026 05:54:19,0.53,66.9,5N9Z0GXQmypnWjcKsHVg,40.2009899906817,-8.42124231793762,18.789768,1778824459000,389da1f3a7c1d8de,,14.71
9.805174,Coimbra,05-05-2026 03:29:20,0.16,77.1,L5LQMaSHE80ceWtyh7GE,40.2036998987897,-8.4205754280269,19.007087,1777951760000,330949523d665e3b,,13.41
9.846775,Porto,24-05-2026 03:00:57,0.26,96.1,0o4NirZyDIXoftSYyrkv,41.1732372126255,-8.61436278299322,18.179577,1779591657000,eb39e98aca20e7d3,,24.84
9.834658,Porto,09-05-2026 12:45:58,0.24,76.6,jXqOmNA1KB2OUtTQCR0F,41.1583410826632,-8.62786226596321,21.071856,1778330758000,e84878f982129128,,18.42
9.797347,Braga,08-05-2026 14:53:49,0.07,81.7,34LTTkMkPfpoit8a7zeH,41.569654421021,-8.44460091265243,17.34281,1778252029000,487b076a69a53671,,19.77
9.784912,Coimbra,20-05-2026 14:55:31,0.23,73.3,wzL06j6Cq7xb7xUSANwQ,40.2133001105023,-8.39999974359565,16.260041,1779288931000,bb80f878cef35322,,21.61
9.76976,Braga,21-05-2026 20:23:13,0.15,62.7,Lgmr9oOWHRWejWvJ7dlu,41.5390472379554,-8.39717417917535,18.206624,1779394993000,42d576864f9952c7,,23.3
9.811152,Coimbra,14-05-2026 02:45:42,0.17,77.5,BdtUtdtjrgsjSRAuyjBe,40.1854381981457,-8.40326093238072,17.110253,1778726742000,102edb38b5ec347f,,18.56
9.786011,Coimbra,12-05-2026 22:55:56,0.04,80.8,4UbCktD5z5ySa96wXTne,40.1792594241021,-8.41709599792623,17.021743,1778626556000,da211edc7bac01a0,,18.66
9.813171,Braga,26-05-2026 16:14:30,0.48,91.8,DsEyyYUMYoFEUE6YltXV,41.551703247392,-8.42789524754057,18.217122,1779812070000,057c44d337463e07,,14.96
9.827395,Braga,25-05-2026 18:08:16,0.15,87.5,YSel2IQFOAX69YgiWVGj,41.5667066300422,-8.45039107350846,17.273562,1779732496000,64a94f9052422a0c,,21.54
9.750479,Coimbra,23-05-2026 05:43:48,0.04,93.2,z9fUas6cJBE1mjuYH7zG,40.2144685474723,-8.43704142611481,16.222707,1779515028000,9cbee3c1d7168837,,18.4
9.831851,Lisboa,08-05-2026 18:04:58,0.33,86,De88yw6zNmO2WSYYIVA5,38.7234142896073,-9.17181685690874,16.795604,1778263498000,c9ab51cba10ae1e9,,16.34
9.791506,Lisboa,17-05-2026 07:48:07,0.19,97.2,hwYiGbUEGA4WtDXEahA8,38.6990563880571,-9.1612853374767,20.828516,1779004087000,91279a646f8ea6ac,,16.13
9.795507,Coimbra,08-05-2026 07:52:38,0.41,78.6,pmyiFbzxXpRJenZEILv8,40.2302395014736,-8.38064916286893,17.839387,1778226758000,ec75a53f04901eec,,18.5
9.811934,Coimbra,16-05-2026 21:52:19,0.2,80.4,3oxP7ekLbtxIZKZAoTJw,40.2135358139549,-8.37938659319341,17.874643,1778968339000,1d3db575c4a79d75,,17.28
9.809849,Lisboa,03-05-2026 07:57:12,0.53,89.4,2cdr0uYfVY8bUzPyWAax,38.7027491262406,-9.11735980937223,17.499414,1777795032000,e9da39984fb29dc6,,16.43
9.7935,Porto,13-05-2026 16:07:42,0.16,81.9,LO9PGfvHOGpkj8x0Fdkh,41.1621478256314,-8.62416778028969,18.193297,1778688462000,6f36a3307488809f,,22.41
9.759483,Porto,20-05-2026 12:48:11,0.14,84.9,0ck0IMQ8SlH42fqNGMz6,41.1531322116151,-8.61124235726874,18.359905,1779281291000,3db4e6efff8b7518,,14.41
9.797608,Coimbra,04-05-2026 08:19:29,0.23,87.5,pJoo8yyWO2XtsLmsDSso,40.2196709121194,-8.39330481719394,19.473243,1777882769000,1791998ac3161359,,16.71
9.820038,Porto,21-05-2026 21:14:22,0.21,101,8DJVXrZvZzBU93egXv7w,41.143470120686,-8.61884601212268,18.0988,1779398062000,63d3511e9e857901,,22.22
9.829026,Coimbra,20-05-2026 20:35:20,0.16,76.7,aMytQdxCGF2BAbWXUeE7,40.206662409846,-8.44019901939406,17.75589,1779309320000,d4389e820d4f82fa,,23.79
9.804418,Braga,05-05-2026 15:45:57,0.13,80.8,2sVOEobCs6IUbjDMFUTS,41.5549071202616,-8.41764341833908,18.639967,1777995957000,39a54d73a921b9f6,,18.62
9.789931,Braga,10-05-2026 19:42:42,0.6,70.3,h0L5NBNY3Ltz1xYYZjgE,41.5694210624932,-8.39745886588927,17.55861,1778442162000,9d789fd91804129f,,21.18
9.836475,Lisboa,16-05-2026 06:11:47,0.17,86.9,L6SIIrmZJBJs0t1oSJbQ,38.7425366493061,-9.12875195862609,17.879949,1778911907000,d5eb4d757b335d0e,,21.1
9.815726,Coimbra,15-05-2026 17:47:15,0.03,98,D5Kww8VZ3UZYDmJ3evOB,40.2239684656016,-8.42630514794726,19.188734,1778867235000,cbf338d836298cb7,,21.5
9.824709,Coimbra,23-05-2026 18:12:56,0.28,59.9,iHfw7BfmPbiYOo2kYE39,40.2075182287491,-8.40353913172837,17.977201,1779559976000,fb188f553674b4c4,,16.22
9.780342,Coimbra,20-05-2026 03:22:59,0.01,79.9,OXNsXMFnX0KCzHDRSyxL,40.1879431661469,-8.38236672154803,16.48734,1779247379000,517fc5ca69b652a5,,12.11
9.819732,Coimbra,06-05-2026 07:25:21,0.06,88.7,Y1fR7EworcLBgOK5ONCX,40.1922564704966,-8.38492803120848,19.030567,1778052321000,1b38ab967d98cc4e,,17.65
9.808913,Lisboa,16-05-2026 08:14:37,0.47,70.8,8n0Zs0rdAdjhcLg4y0Y3,38.7014272539139,-9.1183008293026,20.133575,1778919277000,2a339e8954684016,,22.53
9.78215,Braga,21-05-2026 08:58:35,0.03,81.6,EkXXDYGS11pnlZZly7nF,41.5417983497158,-8.43261013510781,17.538158,1779353915000,430f674c6dfe941a,,16.36
9.817625,Braga,26-05-2026 01:53:26,0.12,88.2,tmALG8eWi4ccBEJSNCkB,41.5219170463819,-8.43277366622105,17.817107,1779760406000,e7eb35b501d57e1f,,17.37
9.828736,Coimbra,21-05-2026 11:39:23,0.02,84.6,fOtUTDZ9aekN08In8RXL,40.1828121192015,-8.41945871616392,17.812835,1779363563000,34cbefbc28798720,,19.38
9.800633,Lisboa,19-05-2026 12:53:54,0.32,88.2,ybFRgwcaBOSRzw6kJv5m,38.7323306268599,-9.15364995443998,17.709176,1779195234000,c9ab51cba10ae1e9,,20.44
9.787342,Porto,23-05-2026 18:56:09,0.02,64.3,PG4zI3ZvNljj3i3VdbXy,41.1326040995427,-8.64145185073739,16.110884,1779562569000,5a7b6516c51a4d4e,,12.8
9.825132,Lisboa,24-05-2026 05:16:57,0.39,78,CtPhtriOdfGQ8an6s8ja,38.7342365501609,-9.13071969201078,17.010318,1779599817000,fb188f553674b4c4,,17.62
9.817992,Coimbra,23-05-2026 16:21:13,0.31,68.3,7le7Fbr1UBAHEPYb9QZT,40.2302768477558,-8.37989322804266,18.638671,1779553273000,53c682ded6545e06,,11.56
9.809245,Porto,07-05-2026 21:02:39,0.18,83.9,f9BEgjpcqySvGo4zZxMM,41.1740688560437,-8.62116755999885,16.50938,1778187759000,7f281c8dbac1f799,,19.11
9.854225,Porto,05-05-2026 15:54:28,0.47,76.1,QAwI0Rg1oBZASkkW9j93,41.1712784323614,-8.61659512719653,17.571936,1777996468000,93279918e60ec274,,18.86
9.82543,Porto,02-05-2026 08:07:37,0.09,79.9,gp2bTSxb3K7y1pMKqFJm,41.1602313529433,-8.60301852881431,18.641558,1777709257000,bb4bb9fbcfcc16d1,,25.57
9.816012,Lisboa,13-05-2026 22:01:46,0.06,74.8,aWRWJjqSCtaVDKS2t7nt,38.7239020136517,-9.16893610925175,20.39572,1778709706000,24d6a87b0598b02e,,18.54
9.798112,Lisboa,23-05-2026 16:12:25,0.55,68.5,xyB2yf19MzlfokpL7lNx,38.7106964443333,-9.16609283256931,18.711696,1779552745000,18d281edb3671f44,,20.62
9.799297,Coimbra,17-05-2026 02:47:30,0.25,96.9,eUhNo2HIn7RdMbrvOGfz,40.2129478937622,-8.38395161709973,18.332774,1778986050000,ec75a53f04901eec,,21.39
9.808454,Coimbra,05-05-2026 00:03:54,0.43,78.1,8pariXcf9JxLdXwkEohf,40.2215317725651,-8.40316052396141,19.595795,1777939434000,234da97fe615c6b7,,17.32
9.820747,Coimbra,20-05-2026 23:00:13,0.19,86.7,7llrgkGy7vUbSp92Hthd,40.2236720186616,-8.42082926748666,17.813218,1779318013000,c6a2d85265d19a41,,23.34
9.854167,Porto,09-05-2026 13:57:30,0.04,60.9,iid4LF0ySRr0IyeJmV8J,41.1769117112426,-8.62381774225594,18.370432,1778335050000,5a7b6516c51a4d4e,,18.13
9.809106,Porto,21-05-2026 02:14:28,0.14,76.1,Z9C8GaHF6hmvo9HTtC3m,41.1593672381834,-8.66221737619138,18.269612,1779329668000,75778bdb64d1008e,,10.72
9.805418,Braga,03-05-2026 21:19:39,0.33,103.2,5SwDdVoBxKXxLluEbFUl,41.571464440419,-8.45139362936704,19.420918,1777843179000,330949523d665e3b,,18.22
9.797941,Coimbra,08-05-2026 15:04:17,0.04,66.8,aSqTBVK8VNIW4Z6e5441,40.2217718300296,-8.39314456337606,19.291338,1778252657000,234da97fe615c6b7,,16.44
9.808381,Porto,05-05-2026 04:06:16,0.1,90.1,oEdlSBUeyFfy6SEl0Fdj,41.1702389755617,-8.65467670188247,16.336105,1777953976000,d632e4ce536ec364,,18.4
9.840245,Braga,09-05-2026 00:58:10,0.82,79.6,kgbInaJn1lbWY96LftTo,41.5578530860425,-8.45685677019932,19.04846,1778288290000,2a339e8954684016,,17.21
9.773418,Porto,13-05-2026 09:20:03,0.29,63.2,eYvZ1pfReT4HMkodE0of,41.1761105223637,-8.64790748561153,17.331035,1778664003000,3993ad7e2565b6b0,,14.37
9.809287,Braga,27-05-2026 06:16:08,0.03,73.6,E0lHC7Den68Vctj2oGEQ,41.5501586546516,-8.45228176442852,17.636567,1779862568000,c0014ea2ee2fdaea,,13.2
9.824621,Coimbra,19-05-2026 02:41:23,0.05,88.5,19XLNem6Hu2t8eoh3TDO,40.2049131470709,-8.41961494961959,18.094766,1779158483000,c31244cee16e0c77,,16.28
9.825551,Lisboa,17-05-2026 06:26:41,0.07,78.9,ShYLwqr8kQonqqclxTJP,38.7088143109336,-9.12735191760669,18.056162,1778999201000,cb207a93391638cb,,17.93
9.868764,Lisboa,01-05-2026 10:49:58,0.2,73.3,HMjO0gCga5HQCrIupfvM,38.7381146406896,-9.1106189377938,18.762861,1777632598000,514af2be7dc985d8,,15.62
9.804172,Coimbra,01-05-2026 12:57:03,0.15,69.1,VCRi00vqF3FFvp8GWJhV,40.1918205692624,-8.38739670924362,18.458429,1777640223000,d5eb4d757b335d0e,,16.74
9.824296,Coimbra,18-05-2026 21:25:18,0.21,61.4,irEHfZ1Tha26Q7hYBjhM,40.219170530647,-8.40769049767306,17.864317,1779139518000,5311a0642c2564ad,,13.31
9.775026,Coimbra,21-05-2026 10:58:25,0.21,76.9,XmfAJSfZ341SwRReysNh,40.1900942554781,-8.37507174505613,19.267134,1779361105000,34cbefbc28798720,,15.81
9.824664,Porto,14-05-2026 12:03:51,0.37,86.4,hMSys1K3lpVbyS9Be2Z8,41.1575487816975,-8.61960971748891,17.844473,1778760231000,e9da39984fb29dc6,,10.81
9.811404,Porto,26-05-2026 03:02:33,0.22,69.9,3skukr2A167DhMndyT6P,41.1370882865917,-8.6181103699609,17.730185,1779764553000,b8e78b83a62a0cb7,,16.64
9.812831,Lisboa,10-05-2026 15:35:20,0.11,87,LbXHEwmvIPKJnkUr9nvQ,38.7398511144667,-9.14015759411441,18.318529,1778427320000,5a7b6516c51a4d4e,,18.06
9.82871,Lisboa,06-05-2026 12:10:41,0.02,78.1,moe5T7AVMx6rmiplrAKo,38.7447484385815,-9.10639177155192,17.47431,1778069441000,e84878f982129128,,17.35
9.79433,Lisboa,25-05-2026 02:12:34,0.23,71.2,HYmQ7FZ0EEYkWdto7KF2,38.7145222879287,-9.14494554621212,16.941128,1779675154000,867d47425e9cccc7,,16.72
9.830307,Porto,14-05-2026 06:03:31,0.25,76.5,D2hVyUNBuAs7wxUnYM2k,41.1580101224309,-8.62560226058176,17.489261,1778738611000,bc74204126e384ca,,13.8
9.778103,Lisboa,13-05-2026 22:18:36,0.34,93.1,B7MztVxSr71taAzH9MLU,38.6962987031917,-9.15984434855798,18.86529,1778710716000,c6a2d85265d19a41,,14
9.836348,Lisboa,26-05-2026 00:15:15,0.51,102.1,zLoa3O8JbegPQ1IFlhPm,38.7033726229994,-9.1589033942004,17.261592,1779754515000,5311a0642c2564ad,,21.09
9.820261,Braga,02-05-2026 17:42:07,0.17,87.8,bZw9BOPvC40kQmIBQhAU,41.5577581827105,-8.39618010949877,19.977795,1777743727000,5a7b6516c51a4d4e,,18.47
9.785661,Porto,04-05-2026 09:24:01,0.36,77.5,g42p80XU72W92BRrdSAL,41.1350158512084,-8.6060434631878,19.736602,1777886641000,34cbefbc28798720,,15.36
9.81985,Lisboa,18-05-2026 12:53:21,0.18,75.3,6eG0tcsPF6FpwcpZhGYH,38.746370914447,-9.17168709919556,16.089596,1779108801000,c7f34dc43387f858,,20.39
9.835984,Lisboa,04-05-2026 02:30:29,0.46,70.8,olkHuwA276o09oBA024Q,38.7270082360444,-9.11635990834761,19.0993,1777861829000,95744df47936b8c4,,11.42
9.834391,Porto,11-05-2026 19:53:30,0.33,71,j35UYfFOKQi4gh2Jl9IK,41.1824250046821,-8.60208561443805,18.412853,1778529210000,923d0315f3ae2bb3,,13.85
9.795858,Porto,16-05-2026 15:46:42,0.73,83.5,bjDfNbw5PHfqD3OKAQdT,41.1442853448938,-8.60667317451235,20.168277,1778946402000,f7c6682ad24d37f8,,18.17
9.784141,Lisboa,11-05-2026 12:44:35,0.3,69.8,LqDKV6T9Cz8GHvUrmqYP,38.7156572513313,-9.15707374597079,18.685194,1778503475000,7182af742e04dc6d,,23.55
9.796345,Coimbra,16-05-2026 18:28:54,0.13,83,jNuqz1n932Enpo7acoUa,40.2194271022033,-8.3870753501818,18.621613,1778956134000,57e7d972b508815d,,22.51
9.795655,Lisboa,20-05-2026 15:53:19,0.18,78.9,4jpsPlxpVP1ch6iOHZOZ,38.7199405616751,-9.14752650821,17.923043,1779292399000,cb207a93391638cb,,20.79
9.776919,Porto,01-05-2026 04:32:22,0.34,91.1,fiLwidFQUGgIFUQsgtyw,41.1629206019239,-8.66410464711995,17.809549,1777609942000,cb4c1290e91970dd,,22.98
9.81656,Coimbra,22-05-2026 20:58:04,0.35,83.4,FcOqXSpOQEmW7DTxfqpx,40.2209143680268,-8.39960020687725,17.122474,1779483484000,552b8d6c350cb13c,,21.77
9.798217,Braga,13-05-2026 18:06:57,0.29,75.1,VkijRI4TtDW7zycdNFtY,41.5648423772011,-8.43721271235688,17.038303,1778695617000,17b4966e9be4d8d8,,19.08
9.810858,Porto,05-05-2026 10:17:21,0.16,80,jygMoxJgxgtgIY3xN06t,41.1619796178195,-8.59939699124944,17.391003,1777976241000,fb188f553674b4c4,,13.69
9.805244,Coimbra,21-05-2026 19:08:47,0.3,75.9,4WekpsbcfWSuilNb4sbO,40.2280076092449,-8.42015904006931,17.736244,1779390527000,3bc1bf7fb69f3ba3,,16.9
9.838231,Porto,09-05-2026 00:14:06,0.5,85.1,TZrkbgjVgDiXlcLtoqll,41.1501949928584,-8.63033898545988,19.597276,1778285646000,d57d393b16ba030e,,14.45
9.829799,Porto,05-05-2026 02:36:01,0.46,95.3,MJPxDDUGEnshQTp9Cjnc,41.1588616267754,-8.65510457360745,19.277895,1777948561000,3811390588367f0e,,21.87
9.803947,Coimbra,11-05-2026 06:55:41,0.11,71.6,VeGCDqKFG62LxnV33Rx6,40.1884983371853,-8.41079329220697,16.249158,1778482541000,95744df47936b8c4,,23.37
9.804334,Braga,12-05-2026 23:36:06,0.37,92.9,uuOVNKvhurgspA7dspJF,41.5357306183294,-8.43957480948774,19.256959,1778628966000,cb207a93391638cb,,16.02
9.784313,Braga,27-05-2026 05:48:30,0.33,96.3,sJWzUcB2qPh78ttVjxVZ,41.5664546026036,-8.44559958346531,18.326105,1779860910000,55b620d8c0ab41e0,,18.14
9.863443,Braga,17-05-2026 03:10:47,0.14,95.6,waOu5TQPl6MywpEc236q,41.5493318459486,-8.42501498890457,17.665694,1778987447000,7e8fb26408446272,,14.81
9.795354,Coimbra,03-05-2026 23:41:43,0.65,74.5,Jw83zJp6udwg0HprtblD,40.1984892044357,-8.41013292171778,20.251636,1777851703000,a8c47673d6a4f85c,,20.99
9.790788,Lisboa,03-05-2026 13:37:07,0.07,88.9,6rl46LvbpOmBKpyIotcj,38.7148904947642,-9.12999305205132,15.707779,1777815427000,7f281c8dbac1f799,,19.15
9.793162,Porto,15-05-2026 11:17:24,0.08,71.9,KHcOO18XOsybzxm6tOLn,41.1375540147868,-8.64568048128881,17.374839,1778843844000,b572bc65fae8bec1,,17.86
9.808353,Porto,22-05-2026 05:10:03,0.46,61.2,7mtMhAy3dxVuFC9m2UKc,41.1643923689532,-8.63549698127676,17.284976,1779426603000,3bc1bf7fb69f3ba3,,14.19
9.803429,Lisboa,10-05-2026 07:46:00,0.44,78.9,lZomfMOYneSjReTcJhhR,38.7146746772015,-9.12977388546982,18.512852,1778399160000,2a339e8954684016,,20.27
9.815491,Porto,10-05-2026 06:43:17,0.09,82.3,U996Jb4c8CVFY9JMY0Hg,41.1426124943245,-8.62988206637742,15.972757,1778395397000,430f674c6dfe941a,,17
9.833245,Coimbra,01-05-2026 12:39:03,0.36,119.4,7A3y8BGQGt7m0m8fBucM,40.206107007809,-8.38034287517254,18.616325,1777639143000,5a7b6516c51a4d4e,,15.72
9.850953,Braga,09-05-2026 17:37:53,0.19,66.5,iYsMVcg26rdxtmMory9N,41.5305584381799,-8.42416113857621,16.633742,1778348273000,c6a2d85265d19a41,,16.73
9.809314,Lisboa,14-05-2026 16:24:55,0.32,90.7,Lu0n2FlxUHaf06vXoQ7x,38.721136503098,-9.15693431597568,18.792697,1778775895000,c31244cee16e0c77,,18.08
9.815456,Lisboa,01-05-2026 20:38:13,0.38,89.6,nl1ockah6UMiyQI953zd,38.7261371141502,-9.163331798458,19.006051,1777667893000,7182af742e04dc6d,,15.72
9.831917,Porto,16-05-2026 16:39:14,0.06,83.3,xxwdwgOIf0T75D2R7y73,41.1574248567507,-8.62856242241854,17.301891,1778949554000,5a7b6516c51a4d4e,,21.29
9.835219,Porto,21-05-2026 08:31:20,0.34,74.7,stoAFEWTa0qOXSffbGcd,41.1471467875281,-8.63726250203239,18.86943,1779352280000,bb4bb9fbcfcc16d1,,12.21
9.78389,Braga,14-05-2026 09:01:12,0.12,69.4,gm7uQLEq29HLw8zrixjF,41.553188679631,-8.43421809776423,16.567558,1778749272000,5e1de20fecf98844,,10.24
9.787291,Lisboa,24-05-2026 16:57:05,0.38,86.4,L7eaxXoClwAwyo5nFm9q,38.7355085202069,-9.16766221361496,17.827021,1779641825000,b572bc65fae8bec1,,25.79
9.805438,Coimbra,20-05-2026 07:32:57,0.05,93.2,ixQLxWEIEsthgiUGtGsl,40.1965770282509,-8.4436663417005,17.903327,1779262377000,04964f8452901231,,16.87
9.804503,Porto,24-05-2026 14:35:12,0.17,83.7,X5OjeTNqdQV4s3EJUK29,41.1570394932347,-8.61226559423477,17.331255,1779633312000,487b076a69a53671,,14.94
9.797817,Porto,22-05-2026 04:45:17,0.48,66,OAHsWLQ2GOV5KMPeOjy3,41.1418398559764,-8.63054308077576,18.574984,1779425117000,8e2e127651e9cbde,,21.75
9.827421,Braga,07-05-2026 03:51:13,0.07,56.2,4MtftwP6YwaLDp3Wnm5c,41.5556574044422,-8.41294622356694,16.795329,1778125873000,57e17fffc619e182,,18.57
9.801644,Coimbra,25-05-2026 22:48:55,0.01,85.9,Tr1k6LIxVjFdsNCOQort,40.1788077475509,-8.38520847838638,15.915642,1779749335000,de2dde23040292bc,,14.13
9.810116,Lisboa,11-05-2026 04:07:45,0.42,80.9,QsyqEqKB2vKhpgfae8Xx,38.7462765593163,-9.1469219092199,16.693656,1778472465000,cb207a93391638cb,,18.22
9.781927,Braga,26-05-2026 18:49:19,0.13,63.3,w4WLw8IIekmBZUJHAycG,41.5636225784713,-8.4106787273264,17.423481,1779821359000,1b1cc9cee9f27003,,14.49
9.795925,Braga,19-05-2026 00:45:20,0.22,80.1,epQLvTkluUqKRYsxCbnf,41.5309386240857,-8.44546345639905,18.086622,1779151520000,6588d11c4a11acb1,,16.48
9.813353,Coimbra,03-05-2026 17:09:20,0.25,88.8,10fWPn1krEd2EmdGgsfr,40.1980149324725,-8.39905289829243,19.351563,1777828160000,f879804e4456e5d4,,21.35
9.814771,Braga,22-05-2026 06:34:35,0.12,75.7,rTvRr1Wx3Ph8CW8oWPma,41.5696268311508,-8.43090567373401,17.056994,1779431675000,c85cdb0ef48d09c8,,18.02
9.823948,Porto,13-05-2026 17:30:59,0.01,72.7,GDzxCHf91xVKeAz795Yw,41.1528496929679,-8.61490684193966,17.156586,1778693459000,3993ad7e2565b6b0,,18.84
9.799012,Lisboa,22-05-2026 06:56:56,0.2,72.6,YJyqjeXnBd5hE3ft8E61,38.7296433216358,-9.10964939543107,18.502341,1779433016000,bc74204126e384ca,,17.61
9.801432,Braga,07-05-2026 02:13:59,0.12,82.6,9YSZsvm8gKzTZufysYs4,41.5659168514849,-8.45005360952342,19.04795,1778120039000,a8c47673d6a4f85c,,14.1
9.806261,Porto,17-05-2026 04:26:33,0.1,66,2abHuUoHVZZaQQMrXkbX,41.1604508020975,-8.66384276603249,16.226626,1778991993000,7e8fb26408446272,,20.99
9.82533,Coimbra,06-05-2026 04:40:37,0.01,87.8,NLc3ONDLIYLBvVKSfogg,40.2173903728339,-8.41752049375622,16.95546,1778042437000,eb39e98aca20e7d3,,14.8
9.840603,Coimbra,26-05-2026 09:47:53,0.04,94.4,HVevC6qSL7RhB2FeB4uB,40.1774899693352,-8.38580853351011,17.364969,1779788873000,82a83fc853728306,,23.47
9.79611,Coimbra,21-05-2026 21:10:39,0.41,82.3,FZ1IIvhUBJlbm9J71xjP,40.1789526829201,-8.40497672318597,17.369772,1779397839000,ae7ec9246c4649bc,,21.32
9.820411,Lisboa,03-05-2026 22:19:08,0.3,79.6,33v86s7SfQx8bzGYLJvf,38.7205777910076,-9.15321809978276,17.395971,1777846748000,8e2e127651e9cbde,,19.16
9.781533,Porto,04-05-2026 21:45:53,0.16,81.3,RYX2F2IFmrGdJXuhSqN5,41.1602337066553,-8.61898526866047,18.926753,1777931153000,42ac1a2bf982f79c,,12.41
9.836325,Coimbra,23-05-2026 05:38:13,0.12,97,gS8yKusbimgYmWUs9lRy,40.2229764530475,-8.41363637787355,16.918276,1779514693000,ec75a53f04901eec,,16.69
9.809048,Braga,19-05-2026 13:47:34,0.01,82.7,NwDg9o05OON0wDbcgBJs,41.5515037242155,-8.40636036153967,18.100213,1779198454000,d57d393b16ba030e,,17.64
9.815302,Lisboa,14-05-2026 03:37:41,0.1,75.4,O8dloHWCZ7INR9mcmIh5,38.6988490704049,-9.16381206572913,17.339277,1778729861000,330949523d665e3b,,25.67
9.839278,Lisboa,03-05-2026 11:48:42,0.4,85.6,aKz3S4lV6Bj5K9kjwX8K,38.7347456864265,-9.14674311661535,19.037739,1777808922000,c9ab51cba10ae1e9,,18.73
9.779889,Lisboa,06-05-2026 18:23:11,0.1,77.4,aUKJ2xmlTCiCZiZcBzDx,38.7062642614245,-9.14443330285522,16.746814,1778091791000,bbbe498ee44f6349,,12.06
9.819854,Lisboa,18-05-2026 15:52:34,0.35,83.2,KFn9bpDuQpEXqxY0S5d8,38.7428506632901,-9.12909092201048,17.423975,1779119554000,63d3511e9e857901,,22.64
9.792446,Braga,07-05-2026 17:39:07,0.06,81.7,qHh2C74dr8LSAFjLtiCU,41.5186150823754,-8.43366694090874,18.358809,1778175547000,91d55d217a2af234,,14.58
9.811802,Porto,21-05-2026 19:51:34,0.07,81.7,839nCSNHX8bcrW6CjakS,41.1800455703369,-8.59775987323206,17.960876,1779393094000,3bc1bf7fb69f3ba3,,19.38
9.853835,Braga,28-05-2026 07:21:45,0.19,105.6,3YFaXJ84CEc3euQk5VtR,41.5718103829434,-8.4208507949788,15.725592,1779952905000,d4389e820d4f82fa,,20.38
9.813725,Braga,05-05-2026 05:40:31,0.09,90.6,79iNKnZjgb5nzEP2q0cc,41.5715658288267,-8.44211033430434,17.962329,1777959631000,552b8d6c350cb13c,,22.52
9.835376,Braga,13-05-2026 19:01:03,0.24,66.1,FbYLGngS3G2h8IdpXrmb,41.5723456352592,-8.43799543722752,17.969783,1778698863000,bc74204126e384ca,,18.39
9.80548,Coimbra,27-05-2026 17:38:28,0.3,84.3,n4c7vVtwbY3YJi7FOwR4,40.1819504305214,-8.38746715262465,19.82819,1779903508000,fb188f553674b4c4,,20.32
9.792953,Coimbra,05-05-2026 16:47:56,0.02,78.5,9FrGJRSYtAPCqI4jkmkY,40.2042959848791,-8.37500051603037,18.327593,1777999676000,234da97fe615c6b7,,19.55
9.851008,Coimbra,17-05-2026 05:56:54,0.12,75.4,tAr9Df7S1VSYFsiyx00I,40.2287058582308,-8.42769520421657,20.325719,1778997414000,9d789fd91804129f,,15.66
9.812903,Lisboa,20-05-2026 18:28:25,0.02,70.6,Yf6jrwbfeBQcZgkZOrT2,38.74468740812,-9.10693023262577,17.052686,1779301705000,ae7ec9246c4649bc,,22.19
9.812946,Porto,20-05-2026 21:02:00,0.25,70.6,DzlVgbL80zNP6UkAUlfy,41.1759300962769,-8.65742412902794,18.242612,1779310920000,1d6285f5502cf1f8,,21.81
9.787047,Lisboa,08-05-2026 14:18:17,0.23,83.7,ymeYteZc6LirqnlLwV5t,38.7206245136207,-9.12330141751923,17.59367,1778249897000,1d6285f5502cf1f8,,12.96
9.809168,Porto,26-05-2026 18:46:40,0.34,92.3,ysj8KZzVhT7FlXrYWD6Y,41.1667781668558,-8.60777135200223,17.72074,1779821200000,eb39e98aca20e7d3,,12.87
9.801376,Braga,04-05-2026 07:33:44,0.13,75.3,3JKFcB6dtryjbnCs7sUw,41.5618040338418,-8.41387722277709,17.826374,1777880024000,514af2be7dc985d8,,14.99
9.832085,Coimbra,22-05-2026 04:22:28,0.13,81.4,EmsSj2Oeqj8fgrbDPJXe,40.1802581902811,-8.40148863840722,16.2371,1779423748000,2b95dd3cf28e7c18,,8.3
9.781249,Braga,16-05-2026 03:58:44,0.17,75.2,i0LaFdmHZo2KslDh2VoU,41.5705441065995,-8.41469918356332,15.609002,1778903924000,234da97fe615c6b7,,24.37
9.813411,Lisboa,21-05-2026 04:46:31,0.27,93.6,5tQQKii1iuSCZ0WgAU4s,38.7030206341955,-9.14002908810556,18.587271,1779338791000,3db4e6efff8b7518,,18.34
9.826354,Porto,25-05-2026 07:41:42,0.14,77.7,8TKx0kqhroOrY15TTSxB,41.1737583639711,-8.64486675308664,19.068549,1779694902000,1bd749deaf799034,,15.4
9.808172,Coimbra,16-05-2026 07:31:13,0.01,88.8,zDwAryQBFyz7CZq9KTfo,40.2097587576958,-8.40339812603744,17.983272,1778916673000,3c58290022ed11b1,,16.44
9.841371,Braga,14-05-2026 22:15:47,0.37,75.8,OihtzgabsKGmu8Nc1dv1,41.5655012643922,-8.44210666999127,18.059955,1778796947000,5a7b6516c51a4d4e,,15.14
9.783233,Porto,10-05-2026 07:34:54,0.21,81.4,xeWszLduMQfI6oEAwnND,41.1721770422966,-8.59634964296172,17.368519,1778398494000,17b4966e9be4d8d8,,18.61
9.779337,Porto,27-05-2026 03:52:26,0.2,62.6,WqfbIdFwc95LvdQ79nur,41.1328637604581,-8.63205300636048,16.048503,1779853946000,6f36a3307488809f,,14.09
9.774003,Lisboa,14-05-2026 08:40:40,0.13,75.1,iUSM4tl9UjS0cQRJvLua,38.7013620351811,-9.11086992110075,18.016341,1778748040000,7182af742e04dc6d,,27.57
9.831738,Braga,05-05-2026 16:45:58,0.36,70.7,v6KwKN26VxKXl6reMSCh,41.5718900331955,-8.45538714975403,20.898426,1777999558000,3b1338c1207d1e2e,,22.25
9.821787,Coimbra,11-05-2026 12:29:41,0.08,80.7,ZchIfgPEXaniJcQpjSwm,40.1974367828645,-8.42283895963797,16.419714,1778502581000,42ac1a2bf982f79c,,18.63
9.811425,Braga,13-05-2026 23:40:41,0.16,71,STNhELj0ePAvet12Ih3e,41.5398332348754,-8.39934129939582,19.486601,1778715641000,18d281edb3671f44,,17.5
9.851423,Porto,20-05-2026 19:50:36,0.16,62.6,F8lyhhFpEalhxnI1W4qw,41.1775767912222,-8.60330972515052,16.464144,1779306636000,867d47425e9cccc7,,13.16
9.839554,Lisboa,19-05-2026 12:07:00,0.33,77.1,Syi1Mh9m7SZylfvoLr93,38.7059851533505,-9.1248741433706,18.444485,1779192420000,42ac1a2bf982f79c,,18.82
9.803546,Lisboa,04-05-2026 17:34:17,0.35,81.5,8sAUhSiavTJrMJsq7Cxo,38.6960811921401,-9.14732717516678,18.913459,1777916057000,3993ad7e2565b6b0,,14.01
9.797889,Braga,24-05-2026 06:41:46,0.36,86.5,Hg6m2Rmxpn9Sp8B6Nre3,41.5413856391267,-8.4581269165576,19.743664,1779604906000,1d3db575c4a79d75,,22.22
9.803519,Coimbra,01-05-2026 03:44:42,0.42,64.6,QwyxIjv9uqGVpGBJV662,40.1952077111622,-8.41020009275148,19.594215,1777607082000,57e17fffc619e182,,15.31
9.828424,Coimbra,17-05-2026 12:33:13,0.45,76.7,HFNa7vaEZncSVMdE3iKq,40.1810638357067,-8.43160115274668,17.763559,1779021193000,daf96d2280390dec,,25.91
9.825722,Lisboa,19-05-2026 18:36:00,0.14,98,zCmg67nWMVzVlSHzpnIK,38.7161637688401,-9.11887844295705,18.370752,1779215760000,17b4966e9be4d8d8,,14.12
9.82688,Coimbra,06-05-2026 17:24:19,0.72,89,flfsm2TwM0ZVm5NoKqk5,40.1943374608166,-8.4110503506811,19.02892,1778088259000,3db4e6efff8b7518,,20.9
9.800583,Coimbra,08-05-2026 05:42:27,0.11,85.4,YI4GhXw4AxVNWZyasdlJ,40.2295248866635,-8.40946983771185,18.026444,1778218947000,3bc1bf7fb69f3ba3,,18.7
9.802954,Coimbra,01-05-2026 21:43:20,0.11,80.6,rIfnpvFH7kN2LYjr3Vs7,40.1915061665619,-8.41310679263393,17.533223,1777671800000,95744df47936b8c4,,22.31
9.813508,Braga,03-05-2026 03:44:42,0.44,83.5,IHtnWLpLZoQ107ZNybzS,41.5309165786158,-8.43911850840973,18.676966,1777779882000,389da1f3a7c1d8de,,20.12
9.802033,Braga,08-05-2026 03:58:57,0.69,100.9,NhMiLsE7SVGRQErwYqZx,41.5654974630582,-8.4484098206921,19.2764,1778212737000,06961ead71f8b1d8,,20.85
9.820832,Coimbra,01-05-2026 17:18:33,0.17,81.8,mQhPO17IAG50yxLlEM0M,40.2149977079269,-8.39546960769844,18.859007,1777655913000,39a54d73a921b9f6,,15.1
9.815984,Lisboa,09-05-2026 13:44:00,0.33,78.2,PAsu6sH15iDFhKUUwMf8,38.7453110474703,-9.16601936163243,18.863154,1778334240000,a8c47673d6a4f85c,,15.74
9.780043,Porto,06-05-2026 08:55:17,0.24,74.6,UozttRCEkLghIGs3tcUX,41.1645812240123,-8.62283466242958,19.048522,1778057717000,0f98939ac68105bb,,18.61
9.837648,Porto,01-05-2026 02:14:55,0.26,73.3,l9mfRLYyhEPjwG2IiRQH,41.1739568459848,-8.63288823453044,20.937271,1777601695000,d5eb4d757b335d0e,,19.42
9.827233,Lisboa,09-05-2026 06:46:26,0.43,86.9,ChOZG2bqxuN7fl7I37MK,38.7324304903914,-9.11056651948204,18.84305,1778309186000,c85cdb0ef48d09c8,,19.23
9.804805,Lisboa,24-05-2026 04:12:43,0.21,71.2,tW6O6tZC7x9BWUVozvh2,38.7015579477933,-9.16634941540495,17.042401,1779595963000,1bd749deaf799034,,26.53
9.812283,Braga,15-05-2026 17:05:35,0.15,67.8,cTkm3DWhPSkxbyYGlhU9,41.5607120971255,-8.42871509241061,17.684149,1778864735000,82a83fc853728306,,27.65
9.792308,Braga,18-05-2026 20:54:04,0.16,78.8,hXpX7NOQCNQvfNY25R9B,41.5187988861126,-8.39553338747768,18.451566,1779137644000,55b620d8c0ab41e0,,15.91
9.787219,Braga,13-05-2026 20:19:18,0.09,78,xxGKDlo0WxMeY7KQNGZH,41.5563160684897,-8.43556748946764,17.284975,1778703558000,7182af742e04dc6d,,15.84
9.833694,Lisboa,09-05-2026 05:28:55,0.34,76.8,jNCEYclxOLYJswJZu6u1,38.7371766205383,-9.14912283555866,17.711578,1778304535000,234da97fe615c6b7,,18.22
9.783275,Lisboa,16-05-2026 14:27:36,0.26,96.3,UGU5C7l1Y3YKhlMGQS4R,38.7026468220734,-9.11566267944465,19.473448,1778941656000,1d3db575c4a79d75,,19.57
9.768126,Coimbra,18-05-2026 18:29:37,0.26,95.4,3RpDb2OBVnjndaOeCfM3,40.2004883484833,-8.42808398020124,17.245939,1779128977000,3811390588367f0e,,18.63
9.837565,Lisboa,24-05-2026 03:44:29,0.27,90.5,BmiM4xP1hz2Aie4wSBO2,38.7474820442929,-9.14926250005847,17.795738,1779594269000,4c885efe7bde3ff4,,16.69
9.816919,Coimbra,19-05-2026 06:34:54,0.27,78.7,Fs0FdpPbnAzp92HBQTdi,40.1908772304954,-8.40623427297924,18.917037,1779172494000,057c44d337463e07,,20.37
9.759481,Coimbra,06-05-2026 15:48:26,0.03,81.3,Dv7Gq69bvo9WeIOJAvIu,40.2101288060439,-8.4134821795543,17.957507,1778082506000,2b95dd3cf28e7c18,,14.98
9.783504,Braga,23-05-2026 18:30:53,0.11,84.6,UhCkDr4Adap4sfaWx3J8,41.5284649779617,-8.4254727041842,18.468197,1779561053000,95744df47936b8c4,,15.32
9.838318,Braga,12-05-2026 10:29:54,0.09,90,fEfLLrQVSKCqva29bMEd,41.5618285072946,-8.4300376682406,17.71503,1778581794000,cbf338d836298cb7,,21.41
9.817851,Coimbra,13-05-2026 12:28:15,0.31,82.4,Z9SEQeOlRuoZs9Aggu22,40.1907368638473,-8.39891804936934,19.554387,1778675295000,1d6285f5502cf1f8,,12.99
9.788992,Lisboa,13-05-2026 15:10:45,0.45,72.2,bYi8CJZRUldhxJeho7b5,38.7291012377985,-9.16128366468886,18.176243,1778685045000,e8c9832b5c388bb5,,20.4
9.809572,Braga,04-05-2026 14:52:26,0.34,74.7,BONuOR1ZhwZij4W3nquY,41.5505037120219,-8.44882560398991,18.290128,1777906346000,daf96d2280390dec,,19.37
9.833085,Porto,21-05-2026 12:23:29,0.62,78.8,RZ7EYe5V2nF28XyyZDaQ,41.1758033687185,-8.62547722123237,18.00527,1779366209000,da211edc7bac01a0,,25.99
9.790505,Porto,03-05-2026 13:44:54,0.19,85.2,vT4dTAsbwgfIolJUrb0S,41.1516382778581,-8.66424670393939,19.100071,1777815894000,430f674c6dfe941a,,16.09
9.815817,Porto,02-05-2026 23:25:20,0.28,73.5,Nbrm6HK4W0muogDmVj3s,41.166508606974,-8.61295205755492,17.440066,1777764320000,82a83fc853728306,,24.73
9.79008,Coimbra,18-05-2026 09:27:24,0.29,66.5,jsPTfep7qfs4J07giAUJ,40.1821932180408,-8.38186039753654,17.488436,1779096444000,de2dde23040292bc,,17.97
9.803555,Braga,27-05-2026 04:35:46,0.02,66.9,ou8OlEpIn29UP8NAYGIu,41.5655465971799,-8.43482089164778,19.088471,1779856546000,eb39e98aca20e7d3,,22.01
9.807392,Coimbra,12-05-2026 20:25:12,0.36,77.5,Vq3q0ZPXMqNnaDPSJtvD,40.1941415676005,-8.43831627489847,16.086051,1778617512000,234da97fe615c6b7,,21.27
9.814864,Lisboa,04-05-2026 00:11:05,0.13,89,ZkZWodE04Eh4YtPy0v6R,38.7088241439454,-9.12884733773417,17.232086,1777853465000,42d576864f9952c7,,18.03
9.827084,Porto,08-05-2026 06:12:58,0.24,77.7,Ba1eeGpCA1NecGeY55IT,41.1661944155276,-8.61654038118143,17.060776,1778220778000,d5eb4d757b335d0e,,17.35
9.808598,Porto,23-05-2026 22:49:21,0.06,92.3,dhhcsDaGPPrrSYqqu24o,41.1684339580837,-8.61075966155599,19.614676,1779576561000,514af2be7dc985d8,,12.61
9.812598,Braga,05-05-2026 08:08:39,0.19,81.8,6SeKRYve94faKrxURRYi,41.5372521464492,-8.42867035707307,17.189238,1777968519000,18d281edb3671f44,,24.74
9.810259,Coimbra,07-05-2026 10:40:29,0,69.1,AvwftZBlR43a2aaIGIVH,40.1953943692732,-8.39217377802478,17.497097,1778150429000,f7c6682ad24d37f8,,29.13
9.830999,Coimbra,06-05-2026 04:26:38,0.03,80.5,pD5CkklGxu88BYL9URmf,40.2109762675572,-8.42455544960898,18.812056,1778041598000,64a94f9052422a0c,,22
9.751769,Lisboa,27-05-2026 00:49:32,0.01,86.4,eUcU7FmjDA378T2eLRMU,38.725739273552,-9.14933510590004,16.450625,1779842972000,d5eb4d757b335d0e,,21.52
9.854924,Porto,22-05-2026 21:48:38,0.33,85.6,fgaYk01uSZmYDQu26Lon,41.143689588294,-8.5962918741828,19.989043,1779486518000,c31244cee16e0c77,,14.68
9.772849,Lisboa,17-05-2026 20:13:37,0.07,86.6,eOsKrcQbFq70B32EioLD,38.7460253098616,-9.15219561846785,16.468676,1779048817000,3db4e6efff8b7518,,17.69
9.824551,Porto,08-05-2026 00:17:48,0.24,78.5,W7VWdCy2XWRcuQXK6x5u,41.1365214249056,-8.5955051397526,17.841044,1778199468000,6588d11c4a11acb1,,17.92
9.77141,Coimbra,07-05-2026 23:53:06,0.4,78.6,oSC6DALTAETpi1x4rLzy,40.2299817547289,-8.44246440387529,18.830436,1778197986000,cbf338d836298cb7,,11.76
9.830254,Porto,01-05-2026 08:49:51,0.16,75.9,JOEn8WYF1inJbxDhjhz2,41.1794747598404,-8.59859055619069,18.284709,1777625391000,e7eb35b501d57e1f,,14.54
9.815575,Coimbra,19-05-2026 17:48:38,0.17,72.7,OXSlEoqkHK3dPZqkzIuV,40.1860137262854,-8.41847038552865,18.390929,1779212918000,c0014ea2ee2fdaea,,13.45
9.784713,Lisboa,20-05-2026 13:47:00,0.01,82.5,HKv7GMMY3pjeNeQ00Vom,38.7109921692757,-9.11688221415702,17.963406,1779284820000,57e7d972b508815d,,19.31
9.811148,Porto,05-05-2026 14:37:34,0.03,86.1,Munt9SIXwAq3wVastAkq,41.1806426546773,-8.64363521486149,15.833844,1777991854000,0e52f2934d8ce165,,11.01
9.848559,Porto,15-05-2026 03:15:41,0.29,80,gz7nfBUQTUWyXWs1gFdd,41.1771501066594,-8.64278271116597,17.792855,1778814941000,1bd749deaf799034,,17.77
9.800933,Porto,01-05-2026 18:29:21,0.08,104.7,14CrZihiV6cBZ3Rzbx3R,41.1428207053029,-8.63335801240826,17.346075,1777660161000,487b076a69a53671,,11.39
9.849475,Porto,16-05-2026 19:46:38,0.22,78.4,L7aWiUJQLgOFdG4GGaCZ,41.1683587893089,-8.62656401143284,18.925472,1778960798000,2a339e8954684016,,16.15
9.823449,Braga,24-05-2026 04:10:41,0.3,74,pb9WJ8SC3Djjy1MBX6z7,41.533277427258,-8.39396366353599,19.287914,1779595841000,923d0315f3ae2bb3,,17.37
9.82037,Coimbra,26-05-2026 08:15:10,0.19,84.1,9YBdfVuTccHxYJuWrKeT,40.1884875619215,-8.40186638272681,16.453833,1779783310000,eb39e98aca20e7d3,,15.66
9.80351,Lisboa,22-05-2026 04:45:50,0.13,71.7,FY2Lk9hjCeUM92ujzfEh,38.7325480855768,-9.14967182338966,19.120403,1779425150000,3c58290022ed11b1,,23.38
9.803216,Coimbra,21-05-2026 21:20:38,0.13,82.9,p2STVZEi4beXBqIP4u8q,40.2016979841786,-8.39857028147235,18.554472,1779398438000,57e7d972b508815d,,14.49
9.846412,Coimbra,16-05-2026 19:59:13,0.29,89.3,fSLTAnqJ4fob1ctR99p4,40.1805243623764,-8.43018413158014,19.339872,1778961553000,867d47425e9cccc7,,20.14
9.789454,Coimbra,19-05-2026 23:29:51,0.5,78.6,hQvp8VPUM3RpavJY8f7I,40.2237428603318,-8.37647217990085,18.704527,1779233391000,91d55d217a2af234,,17.32
9.80919,Coimbra,14-05-2026 16:42:08,0.14,92,r7Byfb1ecBR67SeKwVG2,40.2137159275183,-8.43396511451976,17.697067,1778776928000,72bd2672c948d2cb,,18.09
9.818945,Coimbra,12-05-2026 00:42:37,0.01,74.1,DtWTmyPelveskWQQ0Ty4,40.2064905360209,-8.38379785816165,16.753955,1778546557000,f879804e4456e5d4,,17.99
9.793964,Coimbra,19-05-2026 18:04:53,0.16,83.6,YpPk07ZGLCMY9Sw8DoDV,40.1874682474764,-8.442461735515,18.858114,1779213893000,7182af742e04dc6d,,24.28
9.816652,Coimbra,15-05-2026 09:47:10,0.5,81,gbJL2txicEi9XvMrVamF,40.1961448900073,-8.37848490612272,19.064262,1778838430000,fb188f553674b4c4,,13.43
9.80164,Coimbra,04-05-2026 20:45:22,0.31,89.6,p8b7LG34qUuxjT6i0xus,40.1904582163719,-8.42451767224112,17.645132,1777927522000,5311a0642c2564ad,,16.36
9.796014,Lisboa,17-05-2026 13:26:14,0.19,68,7eqf5pWzVmjw4uHXB2gp,38.738998947296,-9.16220511584578,16.372884,1779024374000,39a54d73a921b9f6,,20.73
9.81789,Braga,11-05-2026 08:48:50,0.29,85.6,wBgZ5O5ogehQPSpFi8nS,41.5580643729361,-8.3956389332147,16.912819,1778489330000,9d789fd91804129f,,18.21
9.811282,Coimbra,03-05-2026 15:03:12,0.09,78.5,lV8h8nV3xUOlV7je0heg,40.2016461721595,-8.39699520631556,19.612058,1777820592000,55b620d8c0ab41e0,,19.7
9.849414,Porto,03-05-2026 08:53:29,0.51,92.7,ELKn4oncMP0emHZPMfOP,41.1819071702234,-8.62556590662695,17.284951,1777798409000,57e7d972b508815d,,20.37
9.801365,Coimbra,01-05-2026 20:49:53,0.45,63.4,W05GjJKAQ6QUGOhIhrpn,40.220684449314,-8.44416644427236,17.957672,1777668593000,bbbe498ee44f6349,,13.78
9.801709,Lisboa,26-05-2026 05:01:52,0.21,72,lIp48xGTJaxIHXCFQ80L,38.745133861966,-9.12931248467783,17.790106,1779771712000,2a339e8954684016,,24.92
9.796674,Coimbra,28-05-2026 00:20:54,0.25,96.6,KdlrsAqrk7mPw7KHUOUy,40.2033132487992,-8.41332060363516,18.442946,1779927654000,c837debb39dd1e68,,20.99
9.825679,Lisboa,05-05-2026 09:36:05,0.04,77.1,DyIKJX20n0zmPRMWgv5N,38.7252388663316,-9.13566956010587,17.252821,1777973765000,8e7f2987241c2818,,12.49
9.778992,Coimbra,21-05-2026 05:21:03,0.2,64.6,HU8grdXp1rI2q4v9rupA,40.1955825462183,-8.40962858528939,15.48871,1779340863000,3811390588367f0e,,15.33
9.794687,Coimbra,10-05-2026 03:21:37,0.56,77.2,Wl6AmnqwRCdGQee6Ew14,40.2069010751235,-8.3831661086034,18.758575,1778383297000,d632e4ce536ec364,,12.91
9.832648,Coimbra,15-05-2026 03:28:59,0.03,73.8,QByxHQr7LdHSMZ7TwEhd,40.1983310482573,-8.4395090353809,17.866422,1778815739000,64a94f9052422a0c,,18.98
9.81074,Coimbra,13-05-2026 11:14:07,0.1,75.7,a8lkQn0Ov516LAay6wHv,40.1786356948671,-8.4374245047625,18.376887,1778670847000,e1bd0a847e7079be,,14.94
9.791277,Coimbra,06-05-2026 07:23:48,0.1,71.9,suCVuCzH8iBPnYBMSRaO,40.2151748071565,-8.44096247389302,18.834041,1778052228000,c837debb39dd1e68,,29.14
9.829636,Porto,24-05-2026 03:04:50,0.23,68.3,88oPYdoBw9NS3WcDDrBC,41.1801113282125,-8.62329436431441,20.338153,1779591890000,63d3511e9e857901,,17.14
9.81095,Lisboa,01-05-2026 07:33:31,0.47,70.4,TRDduvvYbhSR0mnm08Xs,38.7069119019924,-9.15331978583919,18.781283,1777620811000,91d55d217a2af234,,14.9
9.790123,Braga,23-05-2026 19:30:15,0.01,83.1,iRFSsN8BSogGGwpVqbWj,41.558702234085,-8.39174361920115,18.632233,1779564615000,c51d4eb54f89fec8,,20.19
9.80471,Coimbra,03-05-2026 08:36:27,0.05,74.6,vVH2u93jyn5kn6fcCS9Y,40.2245949889218,-8.38723542689732,17.304029,1777797387000,7f281c8dbac1f799,,17.48
9.810329,Lisboa,27-05-2026 14:29:03,0.19,71,Aj9cx1sibVSffHAz3GlE,38.7206631025842,-9.13830732051586,17.629901,1779892143000,d0825fdf3da3660c,,14.63
9.802968,Braga,03-05-2026 05:49:53,0.02,82.4,XGIfsKCZTCUqgJ6e0GS3,41.5399615650886,-8.40895959386295,18.245086,1777787393000,a2fd30e5fa49ad53,,21.59
9.836099,Braga,06-05-2026 00:17:32,0.32,82.9,mWhLrHkVIJWiDASornYM,41.5434111522627,-8.41591326756993,17.886988,1778026652000,8f8c45c33ff51d0e,,13.98
9.843937,Lisboa,06-05-2026 01:39:48,0.2,99.9,ZSZHzOIWmurE9o1DsvDh,38.7186367392935,-9.14821989652687,18.902396,1778031588000,1b38ab967d98cc4e,,19
9.817321,Lisboa,22-05-2026 16:58:15,0.02,64,Cq8RVDM7mh4SP0MIbCei,38.7403362149937,-9.10615597923627,16.956168,1779469095000,f7af4712fd6b9108,,19.13
9.808808,Braga,06-05-2026 00:09:34,0.27,99.5,jUgvwr7ZWk1oCpLRLCCQ,41.5286684873881,-8.43059655415753,18.36332,1778026174000,2b95dd3cf28e7c18,,16.93
9.84352,Porto,17-05-2026 07:43:41,0.1,79.7,9II5AfnzrmjpxKW469cz,41.1455392921327,-8.65757428835303,17.98577,1779003821000,d4389e820d4f82fa,,16.38
9.81073,Braga,22-05-2026 22:20:10,0.46,60.4,Wv8qUGsc1asjeZa8YRMK,41.5252901774358,-8.42608580842503,18.620361,1779488410000,574582321d04df00,,24.27
9.816964,Coimbra,17-05-2026 04:54:12,0.43,72.8,ATaeRKzTA6QyRCKn0LKV,40.2081947490942,-8.40889918397566,19.031491,1778993652000,82a83fc853728306,,15.73
9.822865,Braga,10-05-2026 10:49:24,0.14,83.9,OTc3XT25FLHMcT2KFVR7,41.5450444412928,-8.42379552634312,17.996467,1778410164000,95744df47936b8c4,,19.53
9.807611,Braga,28-05-2026 23:36:32,0.29,73.6,p8SpHe4ag5Wmz4iraGVm,41.5623107101455,-8.42650911087451,15.712602,1780011392000,55b620d8c0ab41e0,,17.28
9.840388,Porto,08-05-2026 06:38:26,0.07,87.3,9TyqXzEs3q7uAS4mUU1l,41.1638154851289,-8.60828326313581,17.176383,1778222306000,517fc5ca69b652a5,,21.99
9.807614,Braga,16-05-2026 23:14:32,0.29,95.7,xtPyDVH3H1QsG3J110aW,41.5689254395331,-8.39653879938174,17.347644,1778973272000,bb80f878cef35322,,14.61
9.780358,Lisboa,14-05-2026 22:11:36,0.03,70.6,abiIKVjotZoQC3g9s3l2,38.7265185982473,-9.15576819402527,17.098157,1778796696000,f7af4712fd6b9108,,2.57
9.831485,Lisboa,25-05-2026 22:33:31,0.18,63.2,Yhp6UD36lQrMkIJ3s0cY,38.7056962165564,-9.13907122161664,18.0427,1779748411000,6214b1b462c04096,,26.47
9.829939,Coimbra,24-05-2026 20:52:02,0.21,75,HR4voODu18gl7jaFif02,40.2090738894711,-8.41600773724177,19.542667,1779655922000,c34c1310eab19c87,,12.1
9.813818,Lisboa,03-05-2026 07:33:37,0.1,78.7,yal6ljrFPcokP6SfpY2U,38.7383257502924,-9.12686959986243,18.267332,1777793617000,923d0315f3ae2bb3,,18.76
9.819148,Braga,01-05-2026 19:38:24,0.13,81.4,yItaNRArjK0oJ92xuxcC,41.5434535831572,-8.3993547640593,18.042513,1777664304000,6214b1b462c04096,,15.36
9.81008,Braga,01-05-2026 08:34:46,0.23,72.9,STUHiQiZ4trRYTLhocOy,41.5278641539342,-8.39053040870117,17.70393,1777624486000,7182af742e04dc6d,,17.52
9.810705,Porto,24-05-2026 14:05:48,0.15,89.2,rhLmAqaZW4yrgx1g94hG,41.130907833159,-8.63835263672543,18.157557,1779631548000,6214b1b462c04096,,18.47
9.797827,Braga,11-05-2026 21:23:08,0.3,80.7,T3kVUKxdebiplm4VkUWZ,41.528209683844,-8.44183385382228,18.284333,1778534588000,3db4e6efff8b7518,,18.91
9.795893,Porto,07-05-2026 14:09:15,0.19,99.7,TIu741G5hslFoucligTr,41.1426334240354,-8.62352991664203,16.31811,1778162955000,430f674c6dfe941a,,21.44
9.807704,Porto,05-05-2026 02:19:14,0.16,77,02LvoRj9favNEGPtQYl0,41.1520984206969,-8.65828416449501,19.839419,1777947554000,234da97fe615c6b7,,19.42
9.820995,Porto,12-05-2026 23:33:26,0.08,81.6,u1hTPNPtSThN2KD8MYI3,41.1740144623211,-8.59809963516612,19.29962,1778628806000,3cc68b8049eb8d4c,,17
9.780861,Porto,06-05-2026 03:37:18,0.15,88.7,0PV21WggwrZ6nUh0BSCd,41.1571176757228,-8.64763646322739,18.038841,1778038638000,234da97fe615c6b7,,19.88
9.802585,Porto,01-05-2026 01:26:04,0.04,80.2,79tR50JHi0bAqQwy8jPO,41.1669544324,-8.65709442491082,17.251097,1777598764000,63d3511e9e857901,,22.76
9.781755,Porto,10-05-2026 03:31:21,0.26,103.6,lTFmBXxjPSQKnNDixOUS,41.164907555812,-8.62076902848811,16.263779,1778383881000,e8c9832b5c388bb5,,17.1
9.806629,Braga,16-05-2026 07:28:24,0.3,83.9,wASUDNTg4WBC81e5jD0Z,41.5211741042569,-8.39051476507714,18.138654,1778916504000,42ac1a2bf982f79c,,17.52
9.795248,Lisboa,05-05-2026 16:55:14,0.28,71.2,bwKCiuZmpPVktXOLDZcD,38.7387107583258,-9.12510368651058,16.378665,1778000114000,06961ead71f8b1d8,,19.91
9.82595,Braga,27-05-2026 14:34:28,0.02,77.8,E9J1B0hKl870dTR94i0S,41.519282633507,-8.42244891708368,19.009445,1779892468000,55b620d8c0ab41e0,,15.18
9.797967,Braga,03-05-2026 04:32:46,0.35,75,ajzWfB3yYHQquRdguYBV,41.547728197184,-8.43770977315912,19.440261,1777782766000,7e8fb26408446272,,12.42
9.830125,Braga,13-05-2026 17:08:02,0.47,88.2,hNWbAasv1PVNIlTCJes5,41.5273619950464,-8.40504919403127,18.685233,1778692082000,c0014ea2ee2fdaea,,17.82
9.832904,Coimbra,22-05-2026 02:14:28,0.67,87,NXDRg1EjLhkzKGgu0por,40.2290023578408,-8.42150628597761,19.461612,1779416068000,8e7f2987241c2818,,18.61
9.786518,Lisboa,11-05-2026 02:47:00,0.43,74.2,NOiAMDGGPmnhdTl6X8dG,38.7074673531649,-9.1362247401177,18.001456,1778467620000,bb80f878cef35322,,21.7
9.809927,Lisboa,18-05-2026 15:11:21,0.1,90.2,qvNHamqqdvIZwBwUN0xf,38.7324298892637,-9.17091104190776,17.506835,1779117081000,389da1f3a7c1d8de,,18.35
9.855169,Braga,19-05-2026 01:26:47,0.44,92.3,uxr8MflWHne1gZC4SK2s,41.5591664624062,-8.46131332672569,15.9282,1779154007000,c9ab51cba10ae1e9,,18.3
9.827869,Lisboa,09-05-2026 22:04:38,0.31,74.8,GpjNOKvQG4D3sjC89654,38.7440991734327,-9.11097245000685,18.197524,1778364278000,3993ad7e2565b6b0,,17.35
9.825122,Coimbra,14-05-2026 12:10:45,0.09,74.7,2u0PvbK9Y3tCIPRyTse4,40.2163368174883,-8.44540318342889,18.585289,1778760645000,7d176c63414fcd05,,17.87
9.848176,Coimbra,09-05-2026 04:17:29,0.19,86.9,Q6eaUvU1KWkwgkgh36GL,40.1869507609423,-8.40655043802082,17.988671,1778300249000,57e7d972b508815d,,21.5
9.803548,Lisboa,06-05-2026 02:40:26,0.27,82.8,B5yx151xyo5OB3oad7Rs,38.7158816981431,-9.15697516169986,19.112989,1778035226000,a2fd30e5fa49ad53,,19.16
9.84965,Braga,02-05-2026 23:13:42,0.23,103.9,wz0saDQ5Ox1WvTzKs2fq,41.5293354970688,-8.42065854831622,18.148075,1777763622000,a2fd30e5fa49ad53,,14.22
9.828095,Coimbra,11-05-2026 05:25:51,0.16,82.1,N9jSGmUR1NyZjxWE3DqS,40.2289885875104,-8.38137231470919,19.717882,1778477151000,e9da39984fb29dc6,,14.7
9.791514,Porto,21-05-2026 13:14:30,0.25,77.6,0xARzWu5DztaznpywvGz,41.1663631379331,-8.65617170498207,18.596381,1779369270000,d4389e820d4f82fa,,14.42
9.825131,Porto,21-05-2026 12:09:52,0.25,68,0ADKyMoN4lr5LPA7jots,41.1550712380691,-8.658919982823,17.959674,1779365392000,5afe6ceac06784f5,,15.79
9.827797,Braga,25-05-2026 10:19:17,0.53,82.9,ufwAlTHnFMXsCCOseFVn,41.5412471338827,-8.39637944483709,18.110612,1779704357000,3bc1bf7fb69f3ba3,,17.51
9.834208,Braga,03-05-2026 17:00:40,0.45,79.1,d9E8I8BEyXRcxnsVvcnv,41.556171742829,-8.43265379142457,18.825036,1777827640000,75778bdb64d1008e,,8.59
9.833551,Porto,18-05-2026 14:23:39,0.29,89.1,tNU4IO6OdORzgG2tytJY,41.154023026475,-8.61191702939359,16.212573,1779114219000,d4389e820d4f82fa,,15.35
9.798226,Coimbra,19-05-2026 00:11:03,0.52,71.6,C5ztBZ1bn2y44mQk4siI,40.1966255036809,-8.37738492790263,18.306458,1779149463000,bbbe498ee44f6349,,17.85
9.82104,Coimbra,05-05-2026 18:44:56,1,85.7,N9OjfDoAyV8vBADoMdy6,40.198155943972,-8.43549537946406,18.174682,1778006696000,d4389e820d4f82fa,,12.35
9.818006,Porto,25-05-2026 04:02:50,0,77.1,FWk7YQmAxTCAe8qDSBAw,41.1812005734364,-8.60018097990406,15.739486,1779681770000,2b95dd3cf28e7c18,,16.76
9.832303,Coimbra,02-05-2026 08:38:25,0.22,94.1,kkzh8TQV9i0mq36LTq07,40.2102511726748,-8.41619138648784,16.716838,1777711105000,3c58290022ed11b1,,23.04
9.82448,Lisboa,13-05-2026 17:54:08,0.61,78.8,fDBrIT6lBgtZHOebLM56,38.7345581314257,-9.16184346155184,19.388075,1778694848000,234da97fe615c6b7,,15.63
9.816923,Lisboa,04-05-2026 10:43:17,0.46,80.7,pnHOWbFaoOpVhwzWAEav,38.7448877426157,-9.14080045918852,18.151556,1777891397000,d5eb4d757b335d0e,,17.94
9.841572,Braga,02-05-2026 22:55:40,0.24,73.4,XvfMImIRydzKzSltNJ8M,41.5629348784693,-8.41586694021832,17.882956,1777762540000,1b38ab967d98cc4e,,13.99
9.810023,Lisboa,04-05-2026 02:00:10,0.41,86.9,1ma8I16LC3wHynJSPWb7,38.7178014287698,-9.13431647603955,19.694717,1777860010000,552b8d6c350cb13c,,16.82
9.790255,Lisboa,14-05-2026 00:09:36,0.35,76.8,7yezzOPRgmZazmusHwmK,38.6982695461859,-9.15338209475321,17.922869,1778717376000,6588d11c4a11acb1,,16.63
9.82455,Coimbra,01-05-2026 15:00:09,0.22,57.9,YGYbGJ6au2PE5q3RLHTT,40.1810600539848,-8.38845622658765,17.319032,1777647609000,1d3db575c4a79d75,,22.75
9.787723,Coimbra,13-05-2026 06:52:01,0.04,82.3,U2dktWLpGDe0nIMMWjDK,40.1957517825508,-8.39556443299961,18.870766,1778655121000,19a558ecc36977ce,,20.38
9.812425,Braga,13-05-2026 18:34:47,0.56,74.5,rvY6I5V4XNbv3VC6ZmPd,41.5366695766119,-8.4422810552024,18.619511,1778697287000,2b95dd3cf28e7c18,,20.12
9.778503,Porto,07-05-2026 10:03:26,0.08,67.7,eXrSwYRCOHk1sxUOzBoB,41.1628382625008,-8.62189563160706,18.197645,1778148206000,24d6a87b0598b02e,,14.04
9.798519,Braga,26-05-2026 02:11:45,0.41,61.6,fAm1CNLBo4fDpmW7m3J1,41.5209380037586,-8.45460212674314,16.908645,1779761505000,d4389e820d4f82fa,,20.17
9.809301,Lisboa,20-05-2026 03:35:29,0.24,92.9,WOvCcUUO5dYhvRc1Tprn,38.7166837104436,-9.13035224212963,18.110554,1779248129000,5afe6ceac06784f5,,11.21
9.824934,Lisboa,04-05-2026 08:13:43,0.48,73.4,OIBayGlHNCXiYQQGCcjq,38.7216198812266,-9.13120552306101,18.814429,1777882423000,c34c1310eab19c87,,23.37
9.796755,Lisboa,16-05-2026 21:22:41,0.16,72,Wo5hR1dEzOLSdEbaX9RK,38.7169745201643,-9.11864935630681,18.528364,1778966561000,04964f8452901231,,22.91
9.785208,Coimbra,23-05-2026 13:36:41,0.7,65,qoP6uZLXorx8P7F6eASR,40.1784967911022,-8.4050652436219,18.307885,1779543401000,64a94f9052422a0c,,19.01
9.796161,Porto,21-05-2026 15:58:38,0.29,84.9,pybAR9fbWSRf2pRknelm,41.1816723924604,-8.63894859129938,18.385957,1779379118000,057c44d337463e07,,24.96
9.803465,Porto,08-05-2026 17:52:28,0.07,77.4,GsCocIfAMcmvbnUVricz,41.1432122580553,-8.63633846120819,18.338427,1778262748000,17b4966e9be4d8d8,,18.91
9.784312,Braga,26-05-2026 14:17:32,0.11,83.1,aris58Jv06gOeQBHUJVo,41.5458114380185,-8.41854967409599,17.313335,1779805052000,c7f34dc43387f858,,18.13
9.79077,Braga,16-05-2026 04:01:32,0.78,68.6,pOyFJwHComZVRqyy77EB,41.5223397748472,-8.4578716549412,20.318007,1778904092000,4c885efe7bde3ff4,,20.22
9.807665,Coimbra,03-05-2026 15:26:50,0.86,73.3,VFnEap5G9CYFs2B2roGQ,40.2049722594008,-8.40211671214846,17.939136,1777822010000,da211edc7bac01a0,,20.86
9.828843,Lisboa,09-05-2026 02:39:24,0.05,86.4,RCbsr5VWvXwqkJpxOGI8,38.6962104298551,-9.13803934507115,19.182717,1778294364000,cbf338d836298cb7,,16.69
9.831704,Coimbra,03-05-2026 06:44:48,0.26,76.2,ro2IcwXsRYD1ZLPUqVGL,40.2102486480977,-8.43349398953264,17.085991,1777790688000,34cbefbc28798720,,13.74
9.823181,Braga,21-05-2026 15:49:47,0.31,72.6,d6IbXTDxYT8oKoQTULJ3,41.5187561387456,-8.45392051373793,18.846916,1779378587000,18d281edb3671f44,,19.31
9.829252,Lisboa,21-05-2026 13:37:05,0.23,85.1,a9b3WTqlEcLGpMAWvsV0,38.7366890002635,-9.14266133734746,18.135354,1779370625000,19a558ecc36977ce,,18.5
9.791617,Lisboa,11-05-2026 11:54:15,0.2,69,WGPa6Uxn75AoqCY6Of7S,38.7294237340031,-9.12671045174042,20.028199,1778500455000,19a558ecc36977ce,,16.35
9.834657,Coimbra,22-05-2026 13:21:55,0.27,75.3,QZJdwORZStqwYiLkxGl8,40.203052020209,-8.44277207887331,19.007149,1779456115000,d632e4ce536ec364,,21.81
9.817757,Lisboa,01-05-2026 07:45:18,0.11,93.8,CquKlgPGKmgXTcwH4EyX,38.72663828421,-9.15404237343181,19.641287,1777621518000,d5eb4d757b335d0e,,11.52
9.816966,Coimbra,19-05-2026 10:38:24,0.28,82.8,J7r2fyuUFeqgQF5JRCWt,40.2199086022827,-8.39408190849431,18.67655,1779187104000,8e2e127651e9cbde,,12.04
9.796916,Porto,10-05-2026 10:03:13,0.47,60,iA5l2rBn77cl8Xv6WVRO,41.1325150868874,-8.63618918410553,18.035367,1778407393000,04964f8452901231,,26.67
9.826059,Coimbra,12-05-2026 07:07:48,0.18,84.5,EJyAzD5nB1Xbo6j3ghOR,40.2056130582589,-8.41634205879658,16.959709,1778569668000,923d0315f3ae2bb3,,20.09
9.80857,Braga,04-05-2026 23:34:51,0.46,66.6,4rENK9G24t5qSTgIRweM,41.5333730668153,-8.42204673231885,17.309866,1777937691000,3bd002cf1fcfa789,,25.28
9.854266,Coimbra,24-05-2026 08:14:19,0.04,82,A8jY1631ILOdGj6oFhbx,40.2039855886802,-8.39682919178268,17.557946,1779610459000,42d576864f9952c7,,14.26
9.837504,Coimbra,11-05-2026 23:09:18,0.27,98.7,MGbrCTpj7FY9lirmS6WF,40.1769080403057,-8.4340275639658,18.024666,1778540958000,5a7b6516c51a4d4e,,16.2
9.801595,Lisboa,05-05-2026 18:01:56,0.39,91.9,BiwKy6VN1V2C8eGxehrQ,38.7471432831883,-9.1224503949981,18.658065,1778004116000,cb4c1290e91970dd,,20.91
9.807157,Coimbra,19-05-2026 15:12:01,0.04,88.9,hSuNmHdMYzjPV5DGWz4X,40.2001441324351,-8.38665833500619,19.064287,1779203521000,2f2bd7547d602b7a,,11.91
9.803024,Porto,04-05-2026 04:18:08,0.8,79.3,kJoRTrXX8TRrc1iBPT0c,41.1359449579302,-8.61137501359115,17.517071,1777868288000,91d55d217a2af234,,14.75
9.828964,Braga,27-05-2026 07:41:14,0.25,72.9,KDsOOnxPtd277XGYuX7J,41.5363755070991,-8.42251463658646,18.89645,1779867674000,c7f34dc43387f858,,11.53
9.827519,Coimbra,17-05-2026 15:03:56,0.33,87.9,nWL0iRt0f3YmV4mFnmZl,40.2065694896664,-8.44026456780503,19.398653,1779030236000,fb188f553674b4c4,,9.49
9.819008,Coimbra,26-05-2026 06:22:06,0.22,74.7,MOttsJK9dX9jbHsiYDow,40.2118742671578,-8.38630272530264,18.599423,1779776526000,6588d11c4a11acb1,,11.08
9.774978,Porto,16-05-2026 07:46:47,0.15,86.3,QGB07qTrTH0WkK8BfZka,41.1617726374456,-8.65579574067919,18.061711,1778917607000,102edb38b5ec347f,,14.48
9.824877,Lisboa,22-05-2026 17:12:28,0.03,86.8,chKdyksBWxj5eOQYi3jw,38.7033027622482,-9.11262280689822,16.677556,1779469948000,da211edc7bac01a0,,16.3
9.826757,Coimbra,23-05-2026 09:13:56,0.1,93.3,Zj1N8jU6cBA7wqx6A4P7,40.1845932472144,-8.42511732502075,17.677084,1779527636000,2a339e8954684016,,17.35
9.815498,Coimbra,10-05-2026 04:57:02,0.87,74.2,dCde0dK5686xT4xEXwo6,40.2185579604584,-8.44184239503933,19.878267,1778389022000,131c7dd8f3ab4b35,,25.18
9.797752,Braga,22-05-2026 23:54:37,0.04,69.3,qSnDfgEPXe1RS49Jw27S,41.5715003280404,-8.40664209626202,17.650248,1779494077000,d5eb4d757b335d0e,,21.98
9.811093,Coimbra,23-05-2026 22:25:33,0.4,72.1,0IfGJFZv6YGWfxJLYhHO,40.2096588224444,-8.39699916218932,19.076727,1779575133000,3993ad7e2565b6b0,,20.4
9.831211,Coimbra,23-05-2026 15:30:33,0.55,70.3,rdGPDeKxEfw2z14lWga8,40.1838063007797,-8.40308662728917,16.637516,1779550233000,c0014ea2ee2fdaea,,20.84
9.771808,Porto,24-05-2026 15:36:13,0.47,72.1,YeYKWscBPv5BHvZLcZdm,41.1756384767519,-8.64643119999589,19.073172,1779636973000,13db178cd9a1e37a,,15.82
9.799623,Coimbra,21-05-2026 05:47:39,0.15,81,4e7tB2nLfdjY3DOslnEY,40.2260578554655,-8.38281338524239,19.201202,1779342459000,63d3511e9e857901,,16.18
9.777764,Braga,07-05-2026 16:37:48,0.14,81.6,phU35rEafjzRbVx4A5TS,41.5424908175316,-8.41576000923737,16.61713,1778171868000,1bd749deaf799034,,19.19
9.805738,Braga,19-05-2026 19:42:28,0.27,83.1,k5oyidgosj3gqTG0FBob,41.5723017738134,-8.45328153707977,18.562449,1779219748000,d57d393b16ba030e,,12.73
9.793445,Braga,07-05-2026 08:37:53,0.52,77.6,hfJbmhLzSHIvmxLemVw7,41.5564620655619,-8.42646218730206,19.09827,1778143073000,57e7d972b508815d,,22.31
9.838342,Braga,14-05-2026 16:23:31,0.01,116,H6H3SH5jtvRN5hMHFIhU,41.5547735374601,-8.44456470265138,19.268743,1778775811000,57e17fffc619e182,,22.05
9.829921,Braga,24-05-2026 20:43:48,0.13,97.7,mWiJHkPWoNlTS1DutfXn,41.5299210117781,-8.45388531691084,17.461236,1779655428000,8dc02e5c153f83a3,,19.28
9.806346,Coimbra,14-05-2026 20:45:51,0.47,83.2,sbZ7vStFuwmlsh6mA1Nc,40.1789756209385,-8.3804105257205,17.798199,1778791551000,cb207a93391638cb,,16.78
9.813486,Coimbra,15-05-2026 12:47:35,0.57,77.7,N8hrRgaSE3gE0JDGKAFW,40.178147414755,-8.38557141865032,17.803358,1778849255000,34cbefbc28798720,,20.75
9.838751,Lisboa,01-05-2026 12:00:46,0.35,68.5,r1X8uWtvFMsiF3xoDnDn,38.7352408372185,-9.12625554956554,18.218985,1777636846000,72bd2672c948d2cb,,9.7
9.801101,Braga,28-05-2026 22:29:52,0.41,62.6,wmCjqtrK8EU8hk6ky6Lu,41.5671489363291,-8.40132099128739,17.44177,1780007392000,e1bd0a847e7079be,,24.61
9.83227,Porto,12-05-2026 18:06:22,0.32,73.5,Mk74cdLgXjwTZGxp3tV7,41.1465655885263,-8.60129827166231,17.958724,1778609182000,2a339e8954684016,,17.58
9.816923,Porto,01-05-2026 19:39:28,0.22,72.2,7KwpGYTMEb8BQqcen3Fr,41.1381586114171,-8.63021405266791,18.302251,1777664368000,55b620d8c0ab41e0,,16.64
9.795759,Coimbra,07-05-2026 07:45:18,0.25,78.2,1o5FyMiqzeavU6KOMPph,40.2212986681098,-8.40628904895212,18.104198,1778139918000,17b4966e9be4d8d8,,18.34
9.815234,Porto,24-05-2026 12:20:18,0.04,97.7,sbucZVSuYgvLrMaAWdp7,41.1468044766338,-8.64343621572248,18.859832,1779625218000,a8c47673d6a4f85c,,18.92
9.805235,Lisboa,08-05-2026 19:47:59,0.02,78.8,a5yebQxcdXMgFZg7NOxp,38.717970773783,-9.1196672234593,18.105003,1778269679000,9d16533a62ab9315,,14.16
9.780693,Coimbra,23-05-2026 09:22:01,0.27,86.5,VqaJNJHtEKCxQneYRUhx,40.1843617315633,-8.38298122712129,18.796329,1779528121000,0e52f2934d8ce165,,18.62
9.825344,Lisboa,04-05-2026 02:39:47,0.24,87.1,tnVpSPLHiHIpy2Y1D9ac,38.7127079663722,-9.10559127180824,17.205803,1777862387000,2a339e8954684016,,13.61
9.802229,Coimbra,27-05-2026 19:18:00,0.07,79.8,AJYiXJR4T7FUwF7gLRII,40.1899158861476,-8.43822465827972,15.995539,1779909480000,867d47425e9cccc7,,24.89
9.804519,Coimbra,10-05-2026 09:18:09,0.37,81.7,RCvS7w1E1JA0Pgyu3Jqg,40.2207406656247,-8.40083391924494,15.829547,1778404689000,1d6285f5502cf1f8,,15.95
9.802258,Braga,10-05-2026 22:04:01,0.05,76.6,kkbAszlbAPBFlNGpAXfL,41.5635262891533,-8.4599048830381,19.299393,1778450641000,2618243a251bd83f,,20.69
9.829161,Lisboa,02-05-2026 09:44:57,0.42,80.5,2GSQS7lMzmUWGRalBtWM,38.7338266752506,-9.12382603662927,16.169464,1777715097000,f7af4712fd6b9108,,11.88
9.817195,Braga,03-05-2026 15:32:41,0.06,80.3,ewgO4kkVBuPYHfSYCDlL,41.5633984892244,-8.40731107630523,17.508618,1777822361000,06961ead71f8b1d8,,26.05
9.793542,Braga,21-05-2026 14:15:10,0,89.3,AHgiobuSoj1uiBdceOfI,41.537027284866,-8.42424560216007,17.732602,1779372910000,06961ead71f8b1d8,,22.71
9.839251,Porto,12-05-2026 20:47:02,0.24,77.6,bEnHH807JQd70eOjkfiq,41.178882733639,-8.59913155337309,18.443142,1778618822000,d4389e820d4f82fa,,18.03
9.814085,Braga,21-05-2026 03:52:26,0.09,73.1,8i80gdecCZOrvl63dUwT,41.5587046157625,-8.40789863625807,17.32345,1779335546000,9cbee3c1d7168837,,21.61
9.808096,Porto,04-05-2026 21:10:54,0.22,67,MOUDhuGbGZxOhfSe1428,41.1327593096099,-8.59908647617437,14.828831,1777929054000,8e2e127651e9cbde,,16.02
9.810753,Lisboa,06-05-2026 04:59:14,0.59,78.6,0kU2vd1ehk5GDXW7vdHl,38.6965554643936,-9.1254477630998,18.975659,1778043554000,72ba4e2f87adceb5,,20.12
9.777135,Coimbra,28-05-2026 11:34:17,0.15,76.4,LFpJaCNLgsM9pF65gMfc,40.2015464309331,-8.44271400894976,17.141054,1779968057000,6214b1b462c04096,,14.8
9.773838,Lisboa,13-05-2026 10:03:09,0.26,67.2,TIGYhYFuWAecKwJoYsIU,38.7152732107734,-9.15293579694836,17.890923,1778666589000,42ac1a2bf982f79c,,15.97
9.809892,Braga,08-05-2026 17:28:23,0,91.7,v4o9AVlt73ENNVdwlWoR,41.5367227818729,-8.41956283707273,18.350266,1778261303000,9d16533a62ab9315,,14.61
9.797627,Braga,15-05-2026 22:41:27,0.57,83.5,vaZXW0K2e5EJmwUAm6Py,41.5692304714113,-8.41491927796033,19.797402,1778884887000,102edb38b5ec347f,,20.33
9.813029,Lisboa,18-05-2026 22:01:54,0.24,94,8vGJegIxwCEfEbC1CxEB,38.7408518785111,-9.10569272077373,15.759367,1779141714000,514af2be7dc985d8,,13.78
9.816763,Coimbra,23-05-2026 10:08:10,0.27,62.1,d2ZTyg8cslXWcpbEn6TU,40.2254072637461,-8.37590834750004,17.386948,1779530890000,f7c6682ad24d37f8,,16.98
9.804251,Lisboa,07-05-2026 23:42:33,0.25,77.1,GeuN19DIbaUD73P2Jy4h,38.7079372965173,-9.14687720713261,17.789027,1778197353000,bbbe498ee44f6349,,16.46
9.783017,Coimbra,26-05-2026 06:41:01,0.2,90.2,pqTDuudVCt9Hgqt7tpWL,40.2089666436091,-8.44126108446433,16.895987,1779777661000,1791998ac3161359,,18.85
9.794661,Lisboa,09-05-2026 03:54:04,0.08,74.7,zlAXnM5wgL9SHgT0oI47,38.7104582042336,-9.1223221562465,17.548178,1778298844000,389da1f3a7c1d8de,,27.25
9.790912,Braga,20-05-2026 23:32:21,0.31,84.2,6Zzbdfnghp096YROFGCe,41.5383535433579,-8.41802582910455,18.445543,1779319941000,7f281c8dbac1f799,,17.09
9.797383,Coimbra,26-05-2026 11:03:33,0.62,91.1,2LkK2pdKd7XC8Ej0uJtd,40.2118556863921,-8.39012181032978,18.552439,1779793413000,fb188f553674b4c4,,21.76
9.816867,Porto,21-05-2026 03:05:44,0.35,87.6,lOvbLXrATyQzav463aAH,41.1636296731595,-8.66457800997421,17.678731,1779332744000,63d3511e9e857901,,19.58
9.83425,Porto,18-05-2026 15:21:41,0.61,71.8,xUk3GHXWMDmDOJqbCQaq,41.1814557062105,-8.60054357392878,17.945986,1779117701000,42d576864f9952c7,,22.04
9.778322,Porto,14-05-2026 00:31:02,0.05,68.2,hA9RX8gFCim8FKOCWocK,41.1623012193245,-8.65252772073062,17.712351,1778718662000,18d281edb3671f44,,20.38
9.785425,Porto,10-05-2026 10:50:01,0.36,76.8,dhRLkvh22HBsCbqHxVXu,41.1486467908464,-8.64887105324515,16.952529,1778410201000,556be8558ce56421,,23.91
9.788652,Porto,22-05-2026 20:03:30,0.11,88.5,WXUsTr1Fh2w6ywdn0Egu,41.1401108830468,-8.65905284380672,16.753744,1779480210000,d4389e820d4f82fa,,16.01
9.820899,Porto,25-05-2026 23:55:31,0.34,79.9,5GjBIj0dfjcjTY5g6uZj,41.1314761199116,-8.64655364946751,19.596639,1779753331000,c34c1310eab19c87,,13.27
9.784875,Coimbra,24-05-2026 11:37:33,0.27,67,7RXBREKxTZFuRDgUWGB4,40.2268685084279,-8.43338216817596,19.15909,1779622653000,ec75a53f04901eec,,20.24
9.799099,Coimbra,02-05-2026 07:36:01,0.42,79.9,2MDpBv8YGCZTPTLqLSj2,40.1838970958443,-8.44454048249105,20.12711,1777707361000,ae7ec9246c4649bc,,19.04
9.756814,Braga,06-05-2026 08:16:10,0.28,83,47OJfZFGmfov2De6NdLS,41.5248499471335,-8.4375647693064,18.261446,1778055370000,9d789fd91804129f,,20.91
9.817141,Braga,06-05-2026 08:41:05,0.27,67.7,AxGGfHYG4Z0pZD1ybAeP,41.5557921888951,-8.43300446880452,17.765989,1778056865000,0e52f2934d8ce165,,22.26
9.794682,Coimbra,17-05-2026 13:39:07,0.09,84.6,d5CwIqKmNhZQE9Ik115A,40.1804780273916,-8.37833798042334,19.470879,1779025147000,5a7b6516c51a4d4e,,17.83
9.774905,Lisboa,10-05-2026 13:46:46,0.64,86.5,7Qrtnrdl4HHvS2uLM9fd,38.7466179041076,-9.11963531456925,19.127288,1778420806000,7e8fb26408446272,,14.85
9.788361,Coimbra,22-05-2026 04:48:18,0.6,70.5,URpuFLa1m1VGeIBWHmkd,40.2007371853908,-8.41111221908435,18.061034,1779425298000,42ac1a2bf982f79c,,15.35
9.806831,Porto,27-05-2026 20:55:36,0.47,76.8,Rzv4soCaghi9zZMLlHMD,41.1561551909666,-8.61256441891116,17.262354,1779915336000,b30b0b43692b035b,,22.72
9.812442,Braga,22-05-2026 14:31:51,0.47,92.1,f9NXRot0IFEPRycgogbT,41.5256045362834,-8.42129834210402,18.36724,1779460311000,93279918e60ec274,,16.74
9.811324,Coimbra,04-05-2026 20:26:02,0.5,79.1,h6uWFgI8iXyvil3DhSaz,40.1834081673671,-8.41994545675659,19.863804,1777926362000,d4389e820d4f82fa,,18.98
9.786738,Lisboa,22-05-2026 04:17:09,0.7,59.3,2AxIqcslOT17LfPdn0Cr,38.7173968454388,-9.11565017362458,19.257218,1779423429000,3bd002cf1fcfa789,,15.52
9.800902,Coimbra,21-05-2026 03:31:18,0.15,84.9,ek0fSktMJU2CBO5teuwE,40.1867527951627,-8.42448305253142,18.497426,1779334278000,c837debb39dd1e68,,18.38
9.808317,Braga,04-05-2026 04:08:57,0.25,64.3,NfpLyH6pZL3S4dkYZGkK,41.5249451798829,-8.44467949990793,18.660852,1777867737000,eb39e98aca20e7d3,,15.27
9.834107,Coimbra,09-05-2026 16:12:39,0.2,103.5,bFZ9fX6Pen8xb0PTomAA,40.1996831230162,-8.39439945484049,19.526939,1778343159000,8f8c45c33ff51d0e,,20.88
9.799315,Lisboa,07-05-2026 20:00:09,0.6,82,JnBEErsFmk9svCh87K6v,38.7395340326306,-9.15397206988702,17.875761,1778184009000,c837debb39dd1e68,,13.84
9.787316,Lisboa,22-05-2026 03:00:22,0.3,77.8,qEkDRzcqe6Ul5IfEFhFf,38.7099497563341,-9.12128421103037,19.761335,1779418822000,ce246387dd078174,,18.87
9.829435,Coimbra,14-05-2026 21:57:22,0.34,77,tlP8JmLyn81lrFc5atkL,40.229317142427,-8.40393674100054,16.860041,1778795842000,7e8fb26408446272,,14.37
9.816951,Lisboa,14-05-2026 03:53:21,0.18,85.2,8hkdcCo9fyJcIcyYJlrj,38.7476064892588,-9.10887473977027,16.508278,1778730801000,102edb38b5ec347f,,18
9.789479,Braga,22-05-2026 06:08:13,0.14,84,SE9umi8NKKIoKgJESvMK,41.5518083360163,-8.419260641227,16.757306,1779430093000,24d6a87b0598b02e,,21.87
9.856776,Porto,06-05-2026 16:27:00,0.05,88.3,WPWTtGlrA0sR64Xhe3HH,41.1504778326759,-8.62698917699224,17.59023,1778084820000,34cbefbc28798720,,17.16
9.794785,Porto,20-05-2026 11:36:30,0.34,82.5,cSbBgWBMnIYqFpGebWSz,41.1763158880434,-8.61293392347696,16.245087,1779276990000,57e17fffc619e182,,18.88
9.810425,Braga,22-05-2026 07:44:19,0.38,74.3,eJxcJiizezptcvsysNGu,41.5453063165881,-8.46225020749206,18.480169,1779435859000,72ba4e2f87adceb5,,14.04
9.807221,Porto,09-05-2026 06:40:17,0.2,97.6,tdSaeDxxbsLQpuCJhsfj,41.1716863051773,-8.6308184189371,16.638088,1778308817000,18d281edb3671f44,,12.9
9.813036,Coimbra,18-05-2026 12:17:04,0.6,66.2,m94HFM7iQIp1LkMh6j0p,40.2271684051617,-8.44396172870429,18.945408,1779106624000,e84878f982129128,,19.28
9.819012,Porto,27-05-2026 20:41:14,0.02,82.6,Fr5PYcdYFqoWjykI5UOq,41.1705228292499,-8.65919970321581,17.176823,1779914474000,b8e78b83a62a0cb7,,20.06
9.840598,Braga,24-05-2026 14:38:27,0.31,75,c9UO2nuyE9iLrr5js0El,41.5274275568632,-8.44643640127595,17.015479,1779633507000,95744df47936b8c4,,14.53
9.814052,Braga,24-05-2026 05:54:46,0.13,58.6,G3pPpotVpkOycX47RRnl,41.5268908221401,-8.43199766332308,18.587965,1779602086000,8dc02e5c153f83a3,,10.81
9.790416,Braga,19-05-2026 05:27:19,0.04,80.8,FP477wHntRrQ6e0DobN0,41.5264972615218,-8.43043214466272,18.350053,1779168439000,6588d11c4a11acb1,,17.44
9.835295,Porto,05-05-2026 01:10:35,0.29,76.8,VKT7jsU63QjrhZ2kMBow,41.1703654008142,-8.62798515289369,17.061853,1777943435000,517fc5ca69b652a5,,20.94
9.810592,Coimbra,25-05-2026 16:11:27,0.18,86.3,jbWNoLFXqNJc0b0YMlNo,40.1963071048299,-8.43593937947031,15.970742,1779725487000,06961ead71f8b1d8,,13.44
9.789587,Coimbra,05-05-2026 00:41:11,0.13,71.8,8wvrXVMtsrUtjYM5PD6o,40.200206055707,-8.40792414230686,18.918737,1777941671000,c9ab51cba10ae1e9,,22.79
9.804142,Coimbra,08-05-2026 22:34:59,0.21,77.5,onZqInmFRwxSCOO203oF,40.1842286639051,-8.40590551553852,18.10333,1778279699000,4c885efe7bde3ff4,,18.81
9.82613,Lisboa,10-05-2026 12:14:12,0.69,88,eg36yvnhj36Aqw8ySVNy,38.7002880246529,-9.10682987614585,18.363585,1778415252000,1bd749deaf799034,,23.54
9.801238,Coimbra,02-05-2026 16:41:13,0.09,91.4,Eg03EfxNPfPIo6oY5oox,40.2254613078523,-8.38631301992907,18.066161,1777740073000,3bd002cf1fcfa789,,13.45
9.788015,Coimbra,19-05-2026 01:19:25,0.26,87.3,bhnvWJthWXdTUpUqfe5o,40.1853123518664,-8.40094630645133,18.074444,1779153565000,e9da39984fb29dc6,,13.09
9.810876,Coimbra,02-05-2026 03:31:40,0.52,92.6,QOPiicf8Do90Il2iOBXc,40.1866983336846,-8.39885467362488,18.014168,1777692700000,2618243a251bd83f,,11.36
9.826807,Coimbra,28-05-2026 00:07:08,0.28,77.2,VPAAoaWEbNNAZsI9IAZo,40.2054030811782,-8.40114651161549,18.387879,1779926828000,eb39e98aca20e7d3,,14.47
9.811165,Coimbra,05-05-2026 18:53:37,0.04,93.1,kNKWvKY9ffbiN7HtLPnH,40.1931881903614,-8.4153054981553,16.81636,1778007217000,5afe6ceac06784f5,,11.65
9.794557,Braga,12-05-2026 21:14:13,0.25,75.9,7CxmiNUyMs2GVzm3RQid,41.5356708935808,-8.40373419627058,16.923708,1778620453000,bc74204126e384ca,,24.22
9.783257,Porto,01-05-2026 15:14:07,0.52,103.3,z1uXmmkpMS8z619Me0gQ,41.176464069649,-8.6129096912598,18.444423,1777648447000,53c682ded6545e06,,11.41
9.808892,Coimbra,06-05-2026 09:09:28,0.38,76.1,vfVys1SXQ0q7AZvM3jmN,40.1968287964057,-8.38314717468759,18.479902,1778058568000,f7c6682ad24d37f8,,14.71
9.818818,Lisboa,28-05-2026 08:10:54,0.11,81.5,mSrNDph440b9xnJHHPQM,38.7416767237455,-9.12821894742263,18.357906,1779955854000,a2fd30e5fa49ad53,,21.53
9.815329,Braga,01-05-2026 09:30:02,0.02,82.2,34VrkG410jpVAhBcWfbQ,41.5238454611851,-8.45096071794547,17.696911,1777627802000,64a94f9052422a0c,,14.35
9.808783,Coimbra,28-05-2026 02:55:26,0.12,82.4,O8nTIkei2V0Ogcg9xWga,40.1843071456813,-8.37578574352473,18.109068,1779936926000,5e1de20fecf98844,,17.07
9.830016,Coimbra,12-05-2026 16:52:09,0.18,72.9,cdM9tvmeMU2Y5TOrii6n,40.2218682091061,-8.41548038171659,18.043226,1778604729000,cb4c1290e91970dd,,26.08
9.805674,Coimbra,08-05-2026 23:34:44,0,87,fq43EXSlPRwaE8yZjmo0,40.1939596618184,-8.38849464323513,16.417369,1778283284000,102edb38b5ec347f,,15.92
9.827609,Braga,19-05-2026 01:55:13,0.67,75.7,LQr6t046qGofF77XY8Qs,41.5711004864919,-8.42950570457361,18.466206,1779155713000,552b8d6c350cb13c,,13.63
9.812636,Braga,04-05-2026 13:38:47,0.23,95.5,fBTGE8VY0TyoVb7FmDkj,41.5719907801343,-8.4619201326198,19.579292,1777901927000,24d6a87b0598b02e,,15.75
9.807137,Lisboa,26-05-2026 18:14:24,0.21,69.6,znMhC0cg0nYGNJIgajKu,38.721276671746,-9.13616812551491,17.090252,1779819264000,e84878f982129128,,12.77
9.837317,Coimbra,11-05-2026 03:07:24,0.41,59.1,oR2326vHBinr3jQio0s6,40.2062801246229,-8.43670692702706,19.493376,1778468844000,2618243a251bd83f,,20
9.78771,Braga,01-05-2026 19:24:35,0.16,64.2,qOr8Zjm5axy0yYvWCCAa,41.5261849880127,-8.44077841080639,18.57283,1777663475000,7f281c8dbac1f799,,18.01
9.78913,Coimbra,18-05-2026 08:07:30,0.51,91.5,FqptlhbItpNI1G7K4mS9,40.1821336255792,-8.4005528906095,18.072531,1779091650000,7f281c8dbac1f799,,18.44
9.804515,Lisboa,22-05-2026 14:56:07,0.08,75.5,4BQ8TSBhjrF9ZZRy6PJu,38.7012909026937,-9.13053887836354,18.30775,1779461767000,18d281edb3671f44,,10.13
9.808513,Coimbra,21-05-2026 18:27:18,0.17,83.5,k6BxMR5OclJ9kE18DStA,40.1967147096509,-8.42429136392861,17.49918,1779388038000,91d55d217a2af234,,16.2
9.800419,Lisboa,17-05-2026 02:52:03,0.04,80.1,sZuDypssZCQJkcdgmFQy,38.7489447844418,-9.13620082212998,15.739905,1778986323000,517fc5ca69b652a5,,20.61
9.8042,Braga,08-05-2026 17:31:11,0.36,99.3,VRHepFiRql4Wc8sAVxo9,41.5379505434882,-8.39763432336858,17.296885,1778261471000,b30b0b43692b035b,,17.19
9.818265,Lisboa,03-05-2026 23:58:54,0.25,60.5,Z20EiyYFDKJm4cZ2djUV,38.7038528335993,-9.12854541847149,18.659585,1777852734000,e9da39984fb29dc6,,14.21
9.837401,Porto,10-05-2026 17:54:59,0.27,75.5,6YFDK1bUbOfi6f1x4mlp,41.1412849775646,-8.64570614482742,18.717645,1778435699000,1d6285f5502cf1f8,,24.43
9.818328,Lisboa,17-05-2026 10:46:18,0.5,92.6,va7ZB1kFhJhdymeMIxsr,38.6986657556778,-9.13445343792708,17.396469,1779014778000,cbf338d836298cb7,,21.75
9.779531,Porto,19-05-2026 12:20:28,0.02,84.2,T9BiONYR9cQ3XTAuezwf,41.1542220848245,-8.63268894390868,19.042481,1779193228000,7e8fb26408446272,,22.69
9.821396,Braga,13-05-2026 03:21:17,0.15,83,E1mEcrkYPeYthxjpJCC8,41.5721680386485,-8.43954380851627,18.033167,1778642477000,d4389e820d4f82fa,,17.76
9.838852,Coimbra,01-05-2026 07:15:59,0.04,95.6,Hvr6wdAOMnZvOEzpQnG3,40.2193725034507,-8.39140870150067,18.116488,1777619759000,91d55d217a2af234,,18.33
9.777766,Porto,15-05-2026 10:08:36,0.48,76.6,P8m8PnBc9zjanFAdiOZc,41.1409541422371,-8.60131072121082,17.50799,1778839716000,c85cdb0ef48d09c8,,26.46
9.833443,Coimbra,12-05-2026 12:29:40,0.17,84,zA0IcpfB1MPCBbCTMar5,40.1780312199961,-8.42822413973019,17.086236,1778588980000,1bd749deaf799034,,16.94
9.838828,Coimbra,17-05-2026 08:13:07,0.32,73.9,LWpVeLLrKmrrNTMePPyf,40.2110758281749,-8.44410975980519,16.781788,1779005587000,923d0315f3ae2bb3,,13.21
9.848028,Lisboa,28-05-2026 03:46:26,0.16,79.9,NSJ4jAPli8uv6vC4t4Xg,38.7286490115591,-9.16098237859468,19.370769,1779939986000,131c7dd8f3ab4b35,,22.98
9.828415,Lisboa,03-05-2026 02:38:44,0.09,74.3,O8NcByboAoraLPfTWy4f,38.7341298339426,-9.10488521170471,18.230044,1777775924000,c0014ea2ee2fdaea,,20.78
9.79983,Coimbra,10-05-2026 14:17:42,0.08,81.7,ymsuYYlIbrQomlVWyqrr,40.2068504937345,-8.43693146106381,19.1666,1778422662000,c31244cee16e0c77,,21.02
9.779864,Lisboa,15-05-2026 15:49:55,0.28,77.9,rA6gYv4kOGAJhu7NgxAD,38.737616976498,-9.16730932227281,18.627951,1778860195000,34cbefbc28798720,,21.69
9.812031,Lisboa,24-05-2026 15:04:11,0.02,77.3,0LqKgCPS4NSbBbQUIgiw,38.7304842702705,-9.17264635780506,18.04095,1779635051000,5a7b6516c51a4d4e,,15.44
9.785626,Coimbra,08-05-2026 12:57:00,0.38,59.5,NHUk8jq6JL5SCetEdAFw,40.2225119572754,-8.41787132701666,18.661992,1778245020000,eb39e98aca20e7d3,,19.45
9.835304,Coimbra,01-05-2026 21:17:54,0.52,67.4,RQbl1hRKVCNC6XWSAtYP,40.2203550234532,-8.44332397380873,18.739536,1777670274000,8f8c45c33ff51d0e,,19.17
9.775374,Coimbra,28-05-2026 00:41:31,0.12,83.6,QbfzvzejtBAivALwej2x,40.1766780524585,-8.42371370392576,17.088286,1779928891000,93279918e60ec274,,16.67
9.761169,Porto,07-05-2026 13:50:56,0.21,74.1,UObly6gYZ03rl6j0H69Q,41.1536870010533,-8.60749022297597,18.528271,1778161856000,57e7d972b508815d,,17.37
9.822777,Lisboa,24-05-2026 15:01:33,0.25,54.5,w4hnB9HeMr5XIbPrrUyo,38.7222532523842,-9.14729222319465,18.628774,1779634893000,c0014ea2ee2fdaea,,16.76
9.826909,Lisboa,03-05-2026 01:35:58,0.22,62,OPi7YC90iNfCgrhgiglN,38.7323312179631,-9.10738077277231,17.40777,1777772158000,c7f34dc43387f858,,15.06
9.829821,Porto,25-05-2026 09:02:51,0.31,91.6,UGseLm9zOOU7kyO2XSnf,41.1837123911259,-8.64009921259783,20.178463,1779699771000,2618243a251bd83f,,23.07
9.794091,Braga,13-05-2026 09:22:17,0.11,81.4,bDGeUGkNv857ig9LQpI9,41.5718976247519,-8.44082813981154,19.933181,1778664137000,17b4966e9be4d8d8,,22.42
9.776228,Porto,28-05-2026 17:50:26,0.27,87.8,IQG8QofY3T7lbyQcu0oL,41.1448095814979,-8.62021644462221,18.503441,1779990626000,daf96d2280390dec,,17.27
9.784673,Lisboa,09-05-2026 02:28:49,0.29,68.4,Grw1Pe7i1MQWKnIDSH6G,38.7423900804199,-9.15245360285388,17.841,1778293729000,1bd749deaf799034,,22.3
9.831208,Lisboa,15-05-2026 04:54:48,0.21,63.5,5fq9HCA1rlCna4aLkd1W,38.7062008747142,-9.17367486537135,17.321047,1778820888000,5afe6ceac06784f5,,7.87
9.821322,Porto,03-05-2026 22:52:33,0.03,77.5,XAO1MVOImjWKj0rdfhyl,41.1596901946798,-8.60199664852036,19.197193,1777848753000,04964f8452901231,,18.35
9.801385,Porto,02-05-2026 16:07:21,0.32,85.7,4Dp9k6Hg0KD4xOPPUcDF,41.1356414743634,-8.63516270191376,18.417853,1777738041000,2618243a251bd83f,,20.76
9.807089,Braga,28-05-2026 00:25:58,0.03,79.2,bBA65wPdQvBx4xor57bd,41.5224055591832,-8.39509009891306,17.083968,1779927958000,5e1de20fecf98844,,15.73
9.837558,Braga,05-05-2026 00:14:54,0.48,100.1,eDiZDCuoRN2K7vq4nRfS,41.5419141838715,-8.39839324123732,16.994301,1777940094000,93279918e60ec274,,12.32
9.786186,Coimbra,20-05-2026 18:22:34,0.84,81.3,Hh4rXT5lP3hGxKlK7pd7,40.1813752375459,-8.44045004218623,18.037384,1779301354000,d57d393b16ba030e,,23.63
9.829649,Porto,14-05-2026 07:49:49,0.13,74.9,jk5LrAZ3JNDzOgA0AXhh,41.1783612364932,-8.61647429583774,18.526891,1778744989000,a8c47673d6a4f85c,,21.74
9.799337,Lisboa,05-05-2026 12:58:52,0.17,77.7,b2Kkd71ZEoCJ6SBzuwQ5,38.7203219339316,-9.12226726945911,16.637988,1777985932000,0f98939ac68105bb,,17.12
9.804081,Coimbra,17-05-2026 02:03:30,0.19,67.4,kKcmqePoIAZueDyFR63Q,40.2244296901122,-8.40263402017288,18.477402,1778983410000,0e52f2934d8ce165,,20.78
9.794639,Braga,24-05-2026 13:07:37,0.14,60.2,w1LZTbz8mwNSohkXhSxe,41.5534283444772,-8.45185139488753,17.270526,1779628057000,72ba4e2f87adceb5,,14.44
9.823039,Lisboa,23-05-2026 13:59:59,0.64,81.7,Sfd5Lfkd7RqTv1RLoGEM,38.7443468356844,-9.17208959407659,19.125385,1779544799000,e1bd0a847e7079be,,26.51
9.757989,Lisboa,11-05-2026 23:02:44,0.85,67.6,QtupuUr3zI7hNAyl0m50,38.728204102189,-9.11030782305002,18.532685,1778540564000,c0014ea2ee2fdaea,,21.96
9.81211,Porto,12-05-2026 07:33:08,0.25,93.9,mDX3R1wE7W0cHeveSI1T,41.1313887417853,-8.60275428292107,19.764257,1778571188000,24d6a87b0598b02e,,22.64
9.801941,Porto,25-05-2026 00:44:35,0.26,80.7,4IonXBHlAesS1Ttzq5X1,41.1816882929613,-8.60838667001621,17.831285,1779669875000,04964f8452901231,,18.25
9.808302,Lisboa,11-05-2026 18:49:57,0.1,93.4,d4c7iA3B9JMTCt28lEuC,38.7472791843469,-9.1428838990048,16.976216,1778525397000,8e2e127651e9cbde,,14.52
9.823102,Porto,04-05-2026 01:07:44,0.06,66,xwiNgRzwmYM0FKqrCqae,41.1456646204237,-8.62226078015891,19.210602,1777856864000,e7eb35b501d57e1f,,19.17
9.808508,Lisboa,21-05-2026 05:55:52,0.31,79.6,32s7K0kCZkxqv2Xk3Hm1,38.7250711020622,-9.14533228350935,17.261373,1779342952000,514af2be7dc985d8,,17.22
9.815425,Braga,07-05-2026 17:05:40,0.03,89.5,cHVL58Ueik4VLsmNCgVu,41.5332166212019,-8.40390075436681,19.198199,1778173540000,5311a0642c2564ad,,24.42
9.825905,Porto,12-05-2026 23:35:34,0.3,92.2,thtQiRSLdd4KtchC0E0U,41.1366809778199,-8.65430744741048,16.976706,1778628934000,5afe6ceac06784f5,,20.07
9.783176,Lisboa,28-05-2026 12:56:58,0.23,77.1,7GmisKx0ghaLTB4S1TCb,38.7289891615692,-9.11110328892353,19.426549,1779973018000,e7eb35b501d57e1f,,16.98
9.797001,Braga,04-05-2026 13:21:38,0.32,83.2,AK3MoYtUDPJXCDAjM9Er,41.566303903616,-8.41763199574122,17.943722,1777900898000,b572bc65fae8bec1,,17.97
9.80944,Coimbra,01-05-2026 02:18:10,0.25,80.9,5Djh7XV5F1JlePLSR8iE,40.200111066052,-8.43087639241531,17.332447,1777601890000,5a7b6516c51a4d4e,,15.01
9.777598,Porto,25-05-2026 21:39:46,0.27,83.4,q82zslIF8ptxQC7ymRxG,41.1694631782963,-8.66097638720118,18.843908,1779745186000,d632e4ce536ec364,,16.95
9.79378,Coimbra,11-05-2026 10:35:50,0.19,87.4,sUNluJyEruAY86stohnk,40.1867158891392,-8.43947996082414,18.201201,1778495750000,3b1338c1207d1e2e,,24.98
9.809471,Porto,19-05-2026 17:57:47,0.12,77.4,mAGlo4pQUjNTcTsBa2Hs,41.1780588292415,-8.63817023108045,16.368593,1779213467000,f7c6682ad24d37f8,,20.65
9.80789,Coimbra,15-05-2026 10:29:27,0.55,85.1,Eis0XH730cWTgGENNMEg,40.2131747838827,-8.39818034850091,17.967138,1778840967000,7182af742e04dc6d,,8.65
9.819621,Coimbra,27-05-2026 05:58:38,0.22,81.7,qJfu7SkFCSgewV6kFuSa,40.2264441690253,-8.38068461242621,18.436887,1779861518000,153c202e3cfef4ba,,21.14
9.791068,Coimbra,21-05-2026 15:55:34,0.44,77,20plctdZ31z1pXk1kmyl,40.2105495280697,-8.37792020510438,17.509446,1779378934000,a2fd30e5fa49ad53,,18.27
9.811491,Coimbra,22-05-2026 08:12:27,0.29,76.2,99BYMCHeylzyFgWreBYI,40.2010084719756,-8.4378968436255,16.883688,1779437547000,d57d393b16ba030e,,19.72
9.790217,Coimbra,05-05-2026 11:29:22,0.32,76.5,CG2rautIw7PhibAgiVyG,40.2026634385513,-8.41636984404656,18.070372,1777980562000,18d281edb3671f44,,15.63
9.825416,Coimbra,06-05-2026 03:57:09,0.28,86.7,rNR21GDEg6SSxHP29MV1,40.2236209675318,-8.41242764472375,18.103109,1778039829000,7e8fb26408446272,,20.55
9.806494,Braga,24-05-2026 21:58:34,0.33,72.7,ZgUjRwMGonTKRKeLF4UQ,41.5594052793983,-8.39690093525184,18.990762,1779659914000,d5eb4d757b335d0e,,21.61
9.805841,Braga,13-05-2026 21:51:36,0.89,87.7,huef6UiTZzeaLUeUiHTj,41.5410671040619,-8.43223085432312,20.023396,1778709096000,de2dde23040292bc,,17.37
9.812836,Coimbra,18-05-2026 01:24:43,0.42,76.8,MKZJSnFBTOODo8ZkAW20,40.2026070705833,-8.41895732958741,17.172104,1779067483000,5311a0642c2564ad,,23.9
9.817925,Lisboa,21-05-2026 03:38:08,0.1,86.2,CCnbfq7i0mvQiFRNRrps,38.7490506014202,-9.1626958991865,16.609706,1779334688000,daf96d2280390dec,,21.72
9.816228,Porto,20-05-2026 17:07:58,0.06,93.6,XUFzBqEHT3StHBbPuyqh,41.1847806052494,-8.63213289728253,17.456997,1779296878000,bc74204126e384ca,,23.55
9.848238,Braga,20-05-2026 12:09:56,0.23,80.1,6XcUjNS3FjNtvhmUw3Aa,41.5226995897491,-8.46089264975015,18.888769,1779278996000,24d6a87b0598b02e,,16.98
9.821985,Porto,26-05-2026 06:13:48,0.47,77.4,zJed4BOv3L1VxRa9nPz1,41.135012742436,-8.64627811386586,17.592495,1779776028000,9d789fd91804129f,,19.92
9.800226,Braga,09-05-2026 07:57:41,0.12,77.2,EubvV1Osnj9lUAakEJr5,41.5552374993397,-8.45195854623089,18.658834,1778313461000,06961ead71f8b1d8,,21.67
9.821155,Coimbra,14-05-2026 17:59:38,0.04,78.9,dy5SHn8C0vMVqTwHE2Sd,40.227283887739,-8.3804759479967,18.758877,1778781578000,bbbe498ee44f6349,,21.72
9.756194,Braga,04-05-2026 03:55:15,0.07,77.3,VvytcVbAC8tgxHyFNuRi,41.5299370516121,-8.46126245356916,18.495447,1777866915000,552b8d6c350cb13c,,17.73
9.824384,Lisboa,25-05-2026 01:13:11,0.08,69.2,r1guW2P1Px5bDvFAqtKy,38.734474295375,-9.13008750667899,18.80459,1779671591000,eb39e98aca20e7d3,,12.1
9.860273,Braga,05-05-2026 15:40:40,0,91.9,JZhKztk2rT5d2sXmzxsV,41.5651373738662,-8.42128473022052,17.031865,1777995640000,8e7f2987241c2818,,17.3
9.811676,Lisboa,21-05-2026 16:37:01,0.45,84.4,dOlTijBRv6TBF4MNkAyi,38.699578904217,-9.10475419569746,17.785578,1779381421000,1d6285f5502cf1f8,,20.25
9.784151,Lisboa,05-05-2026 17:17:43,0.11,75.9,DYIQe2tHRVcINT8yx9UP,38.7076851533135,-9.15466359734129,18.585413,1778001463000,330949523d665e3b,,14.99
9.801184,Coimbra,08-05-2026 09:07:32,0.35,94.6,9906hSe2Lo0RyIDWxErf,40.1818805354362,-8.41684932371077,18.359641,1778231252000,ec75a53f04901eec,,9.05
9.860223,Braga,23-05-2026 23:34:14,0.09,79.8,FaRqrt7EZeIyKsQeo5Md,41.5673717898099,-8.41105096344189,17.427863,1779579254000,17b4966e9be4d8d8,,19.51
9.817732,Lisboa,20-05-2026 19:09:04,0.28,89.5,TUHWZTouUSuOEgslDcLn,38.6972845844331,-9.17028843223628,17.785237,1779304144000,bb4bb9fbcfcc16d1,,26.12
9.814492,Porto,04-05-2026 02:24:13,0.28,78.3,vYPL0vo8vnOiUshk3BAz,41.1630616967714,-8.61282235255103,18.600426,1777861453000,8dc02e5c153f83a3,,22.12
9.827492,Braga,28-05-2026 06:21:25,0.11,77.4,uzAYW6Wc13WNaTjGJvYt,41.5700238812688,-8.45930719917838,19.609151,1779949285000,3c58290022ed11b1,,22.28
9.794317,Porto,06-05-2026 18:39:51,0.09,54.5,ibfwcjYy4f32vx3YqUjD,41.1346727621162,-8.65942861052242,18.682885,1778092791000,3cc68b8049eb8d4c,,13.64
9.809824,Coimbra,14-05-2026 06:01:21,0.03,77.4,5dt6wi3HIEAsUBG8GbZ8,40.2125135138106,-8.43920850418478,17.295128,1778738481000,8e2e127651e9cbde,,23.16
9.812959,Porto,16-05-2026 13:11:41,0.28,71.2,ybvT4gVVG9x1sUVyrg3m,41.1691231238275,-8.64687041620192,16.828771,1778937101000,8dc02e5c153f83a3,,23.14
9.829821,Coimbra,06-05-2026 05:04:39,0.05,93.9,iknetqJIz8oABGclMuxr,40.1841444745317,-8.39147135783724,17.383707,1778043879000,cb4c1290e91970dd,,18.34
9.823559,Lisboa,08-05-2026 02:07:36,0.09,79.5,PcT75IfTfBcT1M9AlNRp,38.710622641829,-9.10757329180042,16.803205,1778206056000,5e1de20fecf98844,,13.36
9.848718,Lisboa,22-05-2026 01:13:11,0.18,73.7,myfuYga5XanFqOO2KRjh,38.7346124149654,-9.11270063157509,18.191352,1779412391000,1b1cc9cee9f27003,,6.9
9.846524,Coimbra,28-05-2026 22:10:31,0.16,70.9,sFAt5A2TNeVs1vDGYxN1,40.183765608849,-8.39684762269374,17.276963,1780006231000,2b95dd3cf28e7c18,,18.32
9.837406,Porto,27-05-2026 17:42:06,0.12,97.9,1bLuMNXdwyb2n0iy131z,41.162195992395,-8.65634756375555,18.335665,1779903726000,430f674c6dfe941a,,18.33
9.790368,Braga,05-05-2026 17:13:54,0.41,104.2,ogx2pbGDZcpoa28krAE7,41.5576984729273,-8.43803763147325,18.389484,1778001234000,6214b1b462c04096,,24.33
9.834242,Coimbra,21-05-2026 09:18:12,0.1,80.8,PJ62CUaB8sfdGdNQ8eaE,40.198921263252,-8.40151036977548,19.446368,1779355092000,867d47425e9cccc7,,14.22
9.843474,Braga,22-05-2026 01:30:53,0.46,77.7,klsXHvwhv2OCc8mqmsYK,41.5668322473929,-8.41826961205743,18.298247,1779413453000,c837debb39dd1e68,,19.35
9.809314,Porto,03-05-2026 10:18:35,0.08,74.7,oPO8v0F9Ocv4IoPo97PY,41.1546106376893,-8.60174539963252,19.268425,1777803515000,1d6285f5502cf1f8,,8.74
9.785221,Lisboa,12-05-2026 20:39:21,0.32,72.7,FsFxdBnz5J9vnKN35S8l,38.7405285387858,-9.10629396013895,19.615201,1778618361000,e8c9832b5c388bb5,,23.03
9.796307,Porto,11-05-2026 06:24:01,0.13,77.4,o19bwsdWUzKBxgrGjy23,41.1541998650718,-8.60457047013643,16.8532,1778480641000,13db178cd9a1e37a,,25.7
9.825778,Braga,12-05-2026 23:09:38,0.37,92.2,NpcdLZOj5Rjr3XefEEhx,41.5430288699313,-8.43811472525519,18.376716,1778627378000,d4389e820d4f82fa,,20.08
9.815415,Lisboa,24-05-2026 19:41:02,0.32,68.4,hTEYs8kYegvigXSY2L7O,38.7332938436146,-9.14421187964805,18.256965,1779651662000,e84878f982129128,,14.18
9.772895,Braga,12-05-2026 12:38:05,0.74,86.1,aKLFcEm3NNxxgofbZpO2,41.5626417895165,-8.40876717523908,17.497641,1778589485000,2a339e8954684016,,18.68
9.83221,Coimbra,21-05-2026 20:34:11,0.14,67.3,vMsgjoaQYE3wyWCtupD8,40.2178735696201,-8.40885932347747,17.112051,1779395651000,5311a0642c2564ad,,21.94
9.83651,Coimbra,08-05-2026 13:19:04,0.25,81.6,xAnGXxeBb9mhjeXNftqi,40.1782467330889,-8.41769591808181,17.643719,1778246344000,bb4bb9fbcfcc16d1,,15.48
9.790455,Braga,17-05-2026 02:11:29,0.17,79,rdpiETrgvqBqljxxKi3i,41.5476180979816,-8.45688767533563,18.450712,1778983889000,3993ad7e2565b6b0,,17.97
9.811141,Coimbra,01-05-2026 10:59:48,0.39,79.2,trfQgsRHykM0QTFG1miO,40.1802960478179,-8.40155345792043,18.361276,1777633188000,102edb38b5ec347f,,15.67
9.783053,Lisboa,09-05-2026 00:50:12,0.18,83.7,KVh5OBBZd2rSa5S3XZWb,38.7127491865672,-9.13786215047812,18.190807,1778287812000,556be8558ce56421,,21.39
9.790995,Braga,22-05-2026 19:11:34,0.54,80.9,eEje8xSfI3qPY45D9Wsq,41.5580757767212,-8.42346950623766,19.863528,1779477094000,552b8d6c350cb13c,,12.56
9.799704,Porto,13-05-2026 03:07:07,0.07,93.4,f9QkikT0AtL9lojCktOt,41.1342527503862,-8.64217230376227,16.672306,1778641627000,fb188f553674b4c4,,20.85
9.823811,Lisboa,11-05-2026 18:21:51,0.16,73.7,K5ntEBPr9NLulT5mj2um,38.7424653016686,-9.11305843783542,17.548402,1778523711000,57e7d972b508815d,,17.17
9.772141,Coimbra,09-05-2026 18:26:57,0.54,78.2,OAWCeysJqpWwhsw6sURz,40.2019695523135,-8.42472547578725,17.416171,1778351217000,de2dde23040292bc,,15.67
9.786328,Braga,12-05-2026 02:32:57,0.36,86.1,8x5wwIGvKLgU52OHKW6d,41.5394484383356,-8.43928116522767,19.326646,1778553177000,57e7d972b508815d,,13.01
9.819996,Braga,13-05-2026 05:39:30,0.15,94.3,VNKwY3JvnTMWX0ghW3Y1,41.5686746953691,-8.42853913832508,18.448406,1778650770000,c9ab51cba10ae1e9,,16.11
9.814402,Porto,26-05-2026 20:53:14,0.1,92.4,njV16f5lg21XBg565WY9,41.1429477989501,-8.66104094453903,16.666127,1779828794000,f879804e4456e5d4,,16.18
9.834186,Coimbra,05-05-2026 10:35:14,0.04,83.2,YKDn1RgObjYOQMHO0png,40.1989572753538,-8.42044861307631,17.32017,1777977314000,556be8558ce56421,,22.75
9.843248,Braga,07-05-2026 20:36:41,0.43,92.6,Ggad5CsZ2W3NIJQPIEe5,41.5420016977242,-8.39533018240952,17.914542,1778186201000,d632e4ce536ec364,,16
9.806873,Porto,02-05-2026 19:13:35,0.43,80.4,Yp37ZJ4ddI7yAAvH9Peu,41.1501379877717,-8.62745869452998,19.40276,1777749215000,c9ab51cba10ae1e9,,20.15
9.781376,Braga,19-05-2026 08:25:40,0.07,63.1,j44pXp7NnyrXBKwrKRtB,41.5519954201268,-8.39391374776377,18.731639,1779179140000,8dc02e5c153f83a3,,17.68
9.848298,Lisboa,07-05-2026 23:14:43,0.36,69.2,xtHJHxdD5njxDMfAlQPN,38.7328507092805,-9.11147655945248,17.544017,1778195683000,9d789fd91804129f,,15.19
9.820526,Porto,09-05-2026 00:58:28,0.46,75.8,Mixln7icMNPzAjC54ivY,41.1778162866554,-8.60043915329804,19.172104,1778288308000,2a339e8954684016,,10.96
9.788576,Porto,02-05-2026 19:24:06,0.06,63.8,2JscEx76HGkijEiRtGuL,41.157191862723,-8.65998662119776,18.034624,1777749846000,9d789fd91804129f,,25.67
9.828277,Braga,17-05-2026 05:33:27,0.09,94.4,EG0Q7EnrdwoIz6ESzCD6,41.566035561519,-8.42686434135877,16.941345,1778996007000,57e7d972b508815d,,18.51
9.821848,Porto,10-05-2026 05:08:48,0.14,87,K0z7E0jJ1cmAC4hT8K7K,41.1673935432701,-8.60220457568571,18.450634,1778389728000,131c7dd8f3ab4b35,,14.27
9.789134,Lisboa,02-05-2026 14:28:27,0.01,68.8,lmvEHj9lmONr5NVD7c7I,38.7322544859968,-9.12259451093454,16.621298,1777732107000,1b1cc9cee9f27003,,16.3
9.828058,Braga,19-05-2026 06:07:57,0.15,69.7,NxRoztterI2EYFC7OsvK,41.534928212511,-8.43121030787644,18.049689,1779170877000,bc74204126e384ca,,18.99
9.800014,Lisboa,19-05-2026 09:39:09,0.18,87.9,WUaIL0H6H6TVdLWmkbCM,38.7018564527451,-9.13679134223636,19.119871,1779183549000,55b620d8c0ab41e0,,17.67
9.799744,Coimbra,04-05-2026 03:46:35,0.09,73.2,1w80w9i0v1ToM9eOlW98,40.1916968645665,-8.39442083185491,17.512588,1777866395000,102edb38b5ec347f,,15.72
9.801034,Lisboa,02-05-2026 08:50:07,0.06,73.2,bW3mdIKSYD7m9UE3AdQl,38.7126629511596,-9.11053418667872,16.448451,1777711807000,1bd749deaf799034,,19.21
9.823531,Coimbra,10-05-2026 15:45:36,0.58,74.2,pi4Yh1Pv36GXnOzncmT3,40.228306388875,-8.41214071739835,18.421152,1778427936000,39a54d73a921b9f6,,11.75
9.804375,Braga,21-05-2026 19:59:39,0.13,80.6,ro9OybsGRNHHppziVJRP,41.5459890433906,-8.43769243971127,17.676944,1779393579000,9d16533a62ab9315,,13.95
9.7881,Porto,16-05-2026 08:54:00,0.17,73.5,B72cSLsTD8eIZGHaRQyR,41.181256211695,-8.63349085845436,16.823126,1778921640000,72bd2672c948d2cb,,15.07
9.823189,Lisboa,05-05-2026 02:10:17,0.23,96.5,h4XrkKACmXaCqzZZJUyV,38.6991875365078,-9.10653191793924,19.35905,1777947017000,34cbefbc28798720,,21.9
9.826663,Braga,19-05-2026 21:01:11,0.04,76.6,ed5VDJSWgkCD2MqNhEBu,41.5474837610387,-8.43533898994343,17.446044,1779224471000,3993ad7e2565b6b0,,17.12
9.811363,Lisboa,27-05-2026 19:52:46,0.13,87.1,io5MeATjEcsNgs9PhH7W,38.7468509690407,-9.11217506942737,17.779534,1779911566000,55b620d8c0ab41e0,,18.22
9.818669,Lisboa,12-05-2026 11:59:30,0.46,86.7,nI15RphzFlLdcpCi60Rt,38.7177719938188,-9.16505782613074,17.20128,1778587170000,1bd749deaf799034,,22.43
9.78784,Braga,24-05-2026 05:07:09,0.07,80.2,33c2JmLRi0QjApZUa89n,41.5529659592939,-8.39357375772267,18.254108,1779599229000,fb188f553674b4c4,,18.89
9.820318,Porto,12-05-2026 08:43:16,0.28,74.3,Fe1PAYqjUMrXUzgjO6wP,41.1577208953829,-8.60357995508307,20.557322,1778575396000,e8c9832b5c388bb5,,16.79
9.806311,Coimbra,06-05-2026 23:05:31,0.48,86.8,SkmmY0hRAb0mdITNMlRW,40.2092392370028,-8.40779502557603,17.741783,1778108731000,53c682ded6545e06,,14
9.785157,Lisboa,04-05-2026 21:00:04,0.31,95.9,s5b2kUgwndGZaZsdkD1A,38.7170449197446,-9.11208140271078,18.067601,1777928404000,1b1cc9cee9f27003,,14.09
9.781033,Porto,05-05-2026 22:05:03,0.28,77.1,0S7GLppior7xqiQjWUnQ,41.1561042525198,-8.62990173942713,17.369405,1778018703000,72ba4e2f87adceb5,,26.02
9.818498,Porto,26-05-2026 02:12:56,0.25,89.3,7ylZhUr9kEAxPBvC1bEB,41.1712802190099,-8.61616160643856,17.967637,1779761576000,75778bdb64d1008e,,16.24
9.814979,Braga,06-05-2026 20:36:52,0.17,81.7,n3udRieslf6byPhh2q4e,41.5220481522693,-8.4442136983928,18.114827,1778099812000,93279918e60ec274,,15.17
9.806571,Porto,14-05-2026 17:51:26,0.38,76.6,v8GlabRKqWeSiYrqwhyg,41.1712703757686,-8.63700901486568,15.835413,1778781086000,574582321d04df00,,14.24
9.846082,Lisboa,23-05-2026 13:26:50,0.23,76.9,NjnVGQEMZH0pZ8lOokWV,38.7392716824733,-9.15088499339075,15.951637,1779542810000,72bd2672c948d2cb,,13.97
9.78291,Braga,22-05-2026 08:00:29,0.73,78,bMJK0xn3tjwSXeFdhmZT,41.5568370334417,-8.39224350055066,18.973149,1779436829000,3993ad7e2565b6b0,,24.78
9.804911,Lisboa,08-05-2026 14:59:58,0.62,93.6,xx6W7wiqJKNp3a4WGEhn,38.7223320539855,-9.11480988277773,18.315542,1778252398000,7f281c8dbac1f799,,15.84
9.783644,Porto,27-05-2026 23:29:50,0.02,76.9,9btX8W1egSl43eQiyhdL,41.1719133824226,-8.63596748995895,19.834598,1779924590000,c0014ea2ee2fdaea,,12.82
9.811193,Porto,07-05-2026 15:25:47,0.13,61.9,KX6yEr8A3TMECGbmsKYm,41.1538561964013,-8.6564704248069,18.252588,1778167547000,c51d4eb54f89fec8,,20.05
9.772967,Porto,26-05-2026 07:47:07,0.04,74.5,SyqpjjTqXzLyogZI8Ogu,41.1481675076856,-8.63555873045048,19.066899,1779781627000,5afe6ceac06784f5,,17.6
9.806069,Coimbra,08-05-2026 17:51:02,0.08,83.9,mqmdMjBkb0sGiqbhZ6wj,40.1764052980566,-8.40206047222627,18.696611,1778262662000,95744df47936b8c4,,25.92
9.853816,Porto,06-05-2026 08:31:15,0.1,81,eQH0NCpVnSOlsYEgvQkv,41.1552266124175,-8.65008913799153,19.532672,1778056275000,1d6285f5502cf1f8,,17.4
9.823584,Coimbra,12-05-2026 08:35:38,0.09,68.6,dmgWyKCXl1Hg8IXXGxP3,40.2177314720529,-8.38345425804035,19.069699,1778574938000,7d176c63414fcd05,,15.13
9.807439,Lisboa,15-05-2026 00:50:55,0.6,64.3,fKb67YRJwOCSnrzN9W74,38.6973115514903,-9.15717112156458,19.670467,1778806255000,06961ead71f8b1d8,,18.75
9.82015,Coimbra,27-05-2026 16:44:10,0.42,84,MEdfvTSUs7j4Qi8QOFcN,40.214506021018,-8.4216331073675,17.72135,1779900250000,f879804e4456e5d4,,20.93
9.831548,Lisboa,08-05-2026 14:31:36,0.68,92.2,424dUuSoAXJZHUXMdJKB,38.715510319507,-9.14239718986806,17.912274,1778250696000,7182af742e04dc6d,,13.92
9.812992,Lisboa,12-05-2026 22:40:16,0.61,59.8,IlcgIEFACSfk3YKr7PqU,38.7072175784185,-9.11070589918764,20.593087,1778625616000,3993ad7e2565b6b0,,20.47
9.81242,Porto,01-05-2026 02:25:50,0.04,83.6,gjSFUdZCm5yzld9APZX4,41.1790382070546,-8.63840685146225,18.849771,1777602350000,7d176c63414fcd05,,15.47
9.813732,Braga,14-05-2026 12:30:49,0.31,82.3,7a0KL9W8BEqxaDeBjoLj,41.5452202611553,-8.44392297118771,19.400715,1778761849000,82a83fc853728306,,16.22
9.830348,Lisboa,18-05-2026 16:41:19,0.49,81.1,SOC8v7CA4QGhhk121ac3,38.7024866454645,-9.12711035379009,17.278969,1779122479000,923d0315f3ae2bb3,,13.66
9.791886,Lisboa,16-05-2026 08:47:04,0.46,81.3,7pdVQqbEZUrmO4MnHDk4,38.7179464404391,-9.15171435701793,19.84498,1778921224000,9cbee3c1d7168837,,8.76
9.814994,Coimbra,18-05-2026 13:07:31,0.24,47.9,TnowNP0lskmJtqJ5ipSj,40.2226308374365,-8.41203863214826,19.173163,1779109651000,a8c47673d6a4f85c,,17.84
9.81168,Porto,02-05-2026 18:44:33,0.24,80.7,mFH8eSZ9hIBHZLZpInLR,41.1361368417022,-8.63114514360442,18.483386,1777747473000,24d6a87b0598b02e,,17.07
9.828606,Lisboa,17-05-2026 04:12:21,0.26,78.9,XFSSei1JsdZnWGqWd3xJ,38.7368371319294,-9.1606908799529,16.552741,1778991141000,63d3511e9e857901,,10.54
9.79745,Porto,10-05-2026 04:12:22,0.01,78.7,ptrbRx92VUKWVVUQp83J,41.1641309748134,-8.595828962261,19.695001,1778386342000,3993ad7e2565b6b0,,24.26
9.822418,Braga,22-05-2026 15:20:32,0.05,94.5,HFnQQouVHdu15JkNO1ZL,41.5315251722125,-8.44839253700611,18.171583,1779463232000,3811390588367f0e,,16.79
9.784193,Lisboa,14-05-2026 17:52:18,0.16,92,HIau8NvewvAFrzti24lD,38.7259984184591,-9.13903848770181,17.962266,1778781138000,b8e78b83a62a0cb7,,17.99
9.779876,Braga,20-05-2026 00:06:21,0.1,70.2,DcrZHEds1iH6Oc9r7QI5,41.5212249655462,-8.43262720146271,17.350763,1779235581000,1d3db575c4a79d75,,17.13
9.807907,Porto,14-05-2026 02:41:57,0.29,73.2,BnmOQDFXMK4pGb7qXCYc,41.163504269369,-8.62045491861315,16.485549,1778726517000,131c7dd8f3ab4b35,,17.41
9.822372,Porto,23-05-2026 00:35:10,0.01,63.6,3a6rLgL5gVFMKDbYvDL5,41.1440618346426,-8.66432805013605,18.113515,1779496510000,ae7ec9246c4649bc,,14.04
9.838443,Coimbra,03-05-2026 12:48:59,0.03,76.1,lFVeo8Bk03l6uxFHseKa,40.1879902439933,-8.4442052113033,17.707173,1777812539000,b30b0b43692b035b,,10.92
9.830175,Braga,06-05-2026 16:10:25,0.07,70.4,0SGGBNP6VeJzB3b4EaNY,41.5264263591881,-8.45291944587829,18.497836,1778083825000,c34c1310eab19c87,,23.84
9.788401,Lisboa,16-05-2026 14:58:32,0.41,75.5,kXqf7AJvVG9QOqwSYnUy,38.6996098254643,-9.12174584431715,18.662115,1778943512000,c837debb39dd1e68,,20.68
9.788977,Porto,17-05-2026 22:57:20,0.05,76.2,U3taxosF1sKl50O0Z8nc,41.164697992874,-8.5952642215244,16.981082,1779058640000,2f2bd7547d602b7a,,11.3
9.794706,Lisboa,13-05-2026 02:09:06,0.06,92.8,oNyiuUKLKfC3J1bPT5lE,38.7413674166161,-9.11582928052722,18.816545,1778638146000,b30b0b43692b035b,,13.73
9.830775,Porto,22-05-2026 23:16:57,0.09,90.7,E22SkUi6Am5W8H8Bh7Dh,41.1480360384831,-8.60240295798875,17.113853,1779491817000,e84878f982129128,,17.82
9.822226,Coimbra,27-05-2026 15:00:27,0.18,82.3,mvHgYFGgbXwjtPuamuD8,40.2066513322117,-8.43201637755471,19.014472,1779894027000,0f98939ac68105bb,,15.41
9.786898,Braga,06-05-2026 15:42:19,0.1,79.6,T3m49PXOvENYzft9qsbd,41.5381874317521,-8.44973675591134,18.672744,1778082139000,2618243a251bd83f,,13.7
9.799147,Porto,12-05-2026 11:45:57,0.43,75.9,lP83abBIVzYwPkmkdti1,41.1528154356384,-8.61021467416742,18.157276,1778586357000,9d789fd91804129f,,12.71
9.815107,Porto,14-05-2026 12:30:19,0.01,88.3,50aqkH8sGudemzEisvbJ,41.1655562885137,-8.65350569149484,19.29432,1778761819000,9d16533a62ab9315,,21.11
9.789017,Braga,02-05-2026 01:37:16,0.07,74.5,u5VSJR04Cuje4KokyMtr,41.5260025222355,-8.45872154944773,16.192828,1777685836000,514af2be7dc985d8,,19.35
9.774768,Coimbra,07-05-2026 02:42:37,0.27,90.2,hV47ibKFBPv6HnOwFhPS,40.1928458580459,-8.43865053228181,18.549549,1778121757000,d57d393b16ba030e,,15.3
9.813404,Coimbra,07-05-2026 14:27:35,0.31,74.9,HVMlDLKFNmqJnlKqHbFq,40.2243506505929,-8.3916989014692,17.784661,1778164055000,9d789fd91804129f,,20.79
9.810876,Braga,06-05-2026 19:02:26,0.23,94.5,wdgDEwrC2wcoPeA4OZS2,41.5401128785515,-8.417509928744,18.699567,1778094146000,57e17fffc619e182,,11.56
9.804297,Porto,21-05-2026 19:07:18,0.05,69.4,UaQMVAJahlbbnKb93HP8,41.1502148159178,-8.65124237440048,17.161021,1779390438000,64a94f9052422a0c,,16.49
9.831223,Porto,03-05-2026 19:03:52,0.3,84.8,tCzv9Nvs38s5cJIJGv4a,41.168809993816,-8.63192498366277,16.53054,1777835032000,3db4e6efff8b7518,,18.23
9.829334,Braga,28-05-2026 19:58:45,0.46,95.1,bt3fJYbHPtJiLXAbTTsA,41.5617419757774,-8.45084756408371,17.93785,1779998325000,057c44d337463e07,,22.14
9.806154,Braga,25-05-2026 05:45:51,0.46,70.9,2JtoikgxWzoYs5mM4TFA,41.5214101024358,-8.40618845240977,17.317452,1779687951000,06961ead71f8b1d8,,11.24
9.811169,Braga,12-05-2026 20:14:42,0.38,89,gvXsEt6nTkYPMMw9uZCw,41.5523350485186,-8.45331309743223,18.448899,1778616882000,57e7d972b508815d,,21.38
9.809946,Lisboa,12-05-2026 02:57:42,0.12,63.9,bB6wS7qemYK0b5EO1r3q,38.7081444165936,-9.11561058198186,17.875299,1778554662000,3b1338c1207d1e2e,,17.37
9.799063,Braga,07-05-2026 09:58:36,0.15,80.9,Xal5Wi7lhXjpRVC5QaQo,41.5252852873675,-8.42758377575364,20.339711,1778147916000,5a7b6516c51a4d4e,,18.45
9.840223,Braga,07-05-2026 16:46:42,0.03,83.6,GIMUEYdRlRVBbdOwidB2,41.5526716792821,-8.41563890108551,18.018771,1778172402000,514af2be7dc985d8,,13.11
9.816117,Porto,14-05-2026 22:39:42,0.26,60.1,4bZZyWL6QSFERPDvm5ip,41.1325468024694,-8.60495244644083,18.18596,1778798382000,cb4c1290e91970dd,,22.78
9.838612,Coimbra,23-05-2026 20:12:26,0.05,77.6,7zUsjhCIvT32QEk2kGUQ,40.1866514430624,-8.4004121315271,18.872974,1779567146000,057c44d337463e07,,12.68
9.818095,Porto,11-05-2026 20:20:20,0.05,71.7,MfC9Vs91lVnJ6dW8PIBM,41.1748228857935,-8.64581780049142,17.409072,1778530820000,24d6a87b0598b02e,,19.74
9.821006,Porto,03-05-2026 14:24:30,0.1,88.9,4Ig6EtuvSiTCXuOmF3a4,41.1622903306028,-8.65903505478405,18.09266,1777818270000,5afe6ceac06784f5,,25.42
9.779513,Porto,02-05-2026 15:27:29,0.09,97,Vmo2yXkJys8fez4MiFEP,41.1444733568973,-8.65700987419177,18.440405,1777735649000,e7eb35b501d57e1f,,16.7
9.795949,Porto,12-05-2026 07:18:45,0.31,84.8,UeQo8SQ69BPqLbZpBTuC,41.1440740876988,-8.62538284008366,18.578957,1778570325000,3811390588367f0e,,15.83
9.882227,Porto,24-05-2026 18:10:25,0.28,92,LPoeMbec6fIw9wraxWFW,41.1537656382977,-8.62771091603944,17.809263,1779646225000,bc74204126e384ca,,15.5
9.804403,Lisboa,02-05-2026 02:37:06,0.3,90.8,o5JfS5FgE0rEsM46bY1X,38.7107695917538,-9.1402654834474,17.036199,1777689426000,04964f8452901231,,20.16
9.816384,Coimbra,26-05-2026 12:43:45,0.33,72.3,mp4EpzjmbSvWCzj77ZSd,40.2093745018658,-8.42841986604059,19.584281,1779799425000,cbf338d836298cb7,,19.43
9.832634,Lisboa,13-05-2026 19:24:31,0.07,65.1,RIFsliqnUsLdL183mZqj,38.7454169338953,-9.15911413125751,19.328544,1778700271000,63d3511e9e857901,,23.33
9.817178,Coimbra,08-05-2026 14:06:03,0.18,103.5,o46tqtJnaqh6b2xtvP39,40.2170667722343,-8.40429967464554,19.039925,1778249163000,93279918e60ec274,,18.18
9.79438,Coimbra,23-05-2026 00:19:59,0.05,71.2,Y4kJyFuPWBzVIbYFmtvS,40.1768873862412,-8.40354099640024,17.632878,1779495599000,c6a2d85265d19a41,,10.93
9.789484,Coimbra,06-05-2026 01:47:25,0.22,76.8,GbAwu2clBtEiimeq4ARs,40.2212260269605,-8.4440032839497,17.99341,1778032045000,82a83fc853728306,,17.71
9.790262,Braga,22-05-2026 15:37:10,0.4,80.2,wFKB9zWDwHfSntoXsSrD,41.5208907256708,-8.46165861680099,18.345837,1779464230000,24d6a87b0598b02e,,11.97
9.78497,Coimbra,09-05-2026 04:10:17,0.07,85.9,zTSKyARpCJ59Bhl99a1q,40.2213711217185,-8.41877361711364,17.78039,1778299817000,06961ead71f8b1d8,,15.55
9.820068,Lisboa,20-05-2026 21:44:10,0.06,77,2UPYqdqNw6ZbzY87PMkw,38.7484834229371,-9.13974227965471,17.028845,1779313450000,0e52f2934d8ce165,,21.69
9.805577,Porto,07-05-2026 00:48:25,0.36,86.1,wQxBvYZ9lN3jDQJhOmzj,41.1713654576046,-8.62165704316606,19.89946,1778114905000,1b1cc9cee9f27003,,23.11
9.771804,Lisboa,13-05-2026 22:11:19,0.14,72,EE6Mo5mJpLvYUdjO8DJy,38.7320861150437,-9.17316196307933,16.592075,1778710279000,ae7ec9246c4649bc,,17.47
9.818533,Braga,06-05-2026 06:03:01,0.16,78.2,6fouVcmS1MCH2uft0elb,41.5548703559728,-8.43477626451096,17.285203,1778047381000,91279a646f8ea6ac,,9.02
9.829642,Porto,19-05-2026 16:22:06,0.75,89.8,8Fo3AIulRpD7XP8t7DAh,41.1348963692267,-8.62323000482087,16.372455,1779207726000,c837debb39dd1e68,,21
9.770626,Porto,14-05-2026 17:44:50,0.15,97.6,9QWEXmG3taaHhe1dw2jf,41.1489485768545,-8.62684455243272,16.968697,1778780690000,34cbefbc28798720,,21.12
9.798939,Braga,24-05-2026 05:32:04,0.06,83,UAEHySYgNIyWyswmpHmD,41.5326842115644,-8.41446408090198,19.603107,1779600724000,17b4966e9be4d8d8,,25.26
9.798055,Braga,22-05-2026 07:25:44,0.11,90.6,O0tCzbmfcECDmPxppKAq,41.5294195569677,-8.45927788112728,16.495373,1779434744000,18d281edb3671f44,,15.22
9.856723,Porto,08-05-2026 23:55:44,0.3,83.6,YWxE01KIJalDWidNM2Rm,41.1454849054193,-8.64281367382187,17.944679,1778284544000,0e52f2934d8ce165,,15.84
9.810545,Lisboa,08-05-2026 11:59:04,0.45,77.3,9NHD1wvt7VzF3TdasEwR,38.7041529392262,-9.14869277075295,17.25722,1778241544000,72bd2672c948d2cb,,20.83
9.802386,Coimbra,07-05-2026 10:41:34,0.07,80.3,VHbJDcmrg74hzmIAecfa,40.1786397324416,-8.37717165025454,18.185436,1778150494000,19a558ecc36977ce,,22.59
9.788026,Braga,17-05-2026 15:46:14,0.23,85.7,7ROi3YCJbcZUuA5cGIAm,41.5212969672659,-8.4357728740316,19.003878,1779032774000,b572bc65fae8bec1,,12.35
9.815096,Lisboa,07-05-2026 19:26:47,0.03,97.2,ItZgZMqqCsyNbUxFLkpk,38.6999202730589,-9.10753219511243,18.328591,1778182007000,e1bd0a847e7079be,,21.12
9.789491,Porto,16-05-2026 15:49:04,0.15,98.3,ATI45wmHMomuyiSrhMwf,41.1725196398251,-8.65077736212315,18.458994,1778946544000,0e52f2934d8ce165,,11.35
9.825891,Coimbra,12-05-2026 09:30:11,0.49,85.1,IPL7lDHyNXJPxAGEU2Ky,40.225098171021,-8.40641454361329,18.004626,1778578211000,6588d11c4a11acb1,,14.05
9.806084,Porto,11-05-2026 14:21:50,0.54,76.1,OOtHEJ0yVr363Hbhdv7h,41.1815133259825,-8.6036965133197,19.042045,1778509310000,5a7b6516c51a4d4e,,24.61
9.797256,Porto,07-05-2026 17:37:17,0.13,78.8,VZy7thVakjZ4dxIpuL1u,41.1582057996065,-8.60757644360483,19.651674,1778175437000,ec75a53f04901eec,,18.8
9.813909,Coimbra,26-05-2026 20:52:33,0.43,81.8,wiy2lUCp96Q6IlCz0bBT,40.2179773857014,-8.40865734864897,16.797118,1779828753000,c34c1310eab19c87,,14.77
9.830258,Coimbra,01-05-2026 05:11:29,0.16,76.6,Nf3QEUPNk3zggN8TIT8d,40.1782451755784,-8.4353830477031,17.443083,1777612289000,2618243a251bd83f,,17.45
9.844042,Lisboa,19-05-2026 06:23:46,0.24,78.5,KNpUlpiVmBFS7pzSvRqU,38.7445232947377,-9.12524870005823,18.109288,1779171826000,fb188f553674b4c4,,25.02
9.799944,Porto,24-05-2026 03:17:29,0.15,68.2,hefXkb2Uj3Dklhzp9eFs,41.135325563862,-8.62459592590854,18.078708,1779592649000,6f36a3307488809f,,20.75
9.830138,Porto,27-05-2026 14:08:19,0.29,69.5,iQCpor60bMTvIzpusBLl,41.1642917579202,-8.60389199787355,17.796876,1779890899000,91d55d217a2af234,,20.74
9.7848,Braga,21-05-2026 20:15:45,0.18,73.9,qjLUL3VB5y0oLb32CriQ,41.5606306182514,-8.43491655959713,18.906549,1779394545000,bb4bb9fbcfcc16d1,,20.11
9.828074,Coimbra,05-05-2026 02:01:12,0.09,93.4,jH4bal0oPEdOX0WRU3Ab,40.1991490665247,-8.43074308606111,16.730668,1777946472000,e7eb35b501d57e1f,,13.28
9.773238,Braga,12-05-2026 21:45:43,0.12,75.4,3pyhkoLnmJfJLqvOrQP5,41.5222515650072,-8.45778768123581,18.680791,1778622343000,5a7b6516c51a4d4e,,18.07
9.800193,Coimbra,17-05-2026 08:09:38,0.31,78.8,pXHRvJKCjwb9YX4yDTeo,40.1952688228246,-8.43991043600827,19.1356,1779005378000,de2dde23040292bc,,14.86
9.787201,Braga,11-05-2026 16:29:36,0.17,88.2,07TV9bLb4pgpt7zts6oM,41.5255816422406,-8.4133738433558,16.233516,1778516976000,57e17fffc619e182,,21.42
9.795168,Porto,12-05-2026 00:18:00,0.06,76.3,K5vJo17mSi0QBxc0Nahl,41.1688349047852,-8.64136246640294,18.441793,1778545080000,c34c1310eab19c87,,19.78
9.809004,Porto,26-05-2026 21:18:41,0.12,75.8,oOytvM3Zdp32RdWdyD76,41.1581858351098,-8.61818891615917,17.810616,1779830321000,7d176c63414fcd05,,25.22
9.821728,Porto,14-05-2026 18:53:56,0.14,70.8,JVcyOZbywzejhR6F1tEi,41.166135177358,-8.60189960634139,18.00992,1778784836000,93279918e60ec274,,23.2
9.838222,Coimbra,02-05-2026 21:02:01,0.28,76,II6TCFjEX4v6OmJAyJMS,40.2024905017425,-8.43067617212441,17.056724,1777755721000,ae7ec9246c4649bc,,19.01
9.856076,Coimbra,11-05-2026 02:30:46,0.48,85.4,UtPigI5bUWGNR4ngz66M,40.2145056764587,-8.37590314633454,17.610072,1778466646000,18d281edb3671f44,,15.5
9.79356,Braga,10-05-2026 16:21:57,0.11,76.1,FK8XLVxpTtiRO6bvAzGb,41.5661274435563,-8.40088614937745,18.585541,1778430117000,c51d4eb54f89fec8,,22.37
9.820484,Coimbra,09-05-2026 08:13:30,0.32,60.5,Cu9yw4lN582WRTI7axpP,40.1884071042746,-8.42030957943945,17.98239,1778314410000,24d6a87b0598b02e,,18.59
9.827228,Porto,01-05-2026 10:28:57,0.02,80.4,b5rOB8O7b0Uvga8bg5KT,41.1740413601709,-8.63646889642558,18.085025,1777631337000,f879804e4456e5d4,,16.98
9.811738,Lisboa,28-05-2026 01:43:19,0.03,91.3,Ekzr3AjCgA5DwZi2axKp,38.6954765363092,-9.13069121380074,17.811525,1779932599000,c7f34dc43387f858,,17.87
9.835955,Lisboa,25-05-2026 03:26:34,0.53,68.9,kpLFqlqYDsjPuILgN2LT,38.7404594325416,-9.16848737724163,17.189573,1779679594000,b30b0b43692b035b,,15.38
9.824895,Lisboa,16-05-2026 00:25:46,0.42,90.3,ufKIsBR0xyn6VhYzbYnl,38.7284853497794,-9.11286911364459,17.152193,1778891146000,17b4966e9be4d8d8,,19.11
9.856888,Lisboa,24-05-2026 11:18:33,0.07,92.5,19NtgS36FiBWoSTwiHJi,38.731535172394,-9.107523874417,15.507759,1779621513000,d5eb4d757b335d0e,,18.33
9.817246,Porto,11-05-2026 10:09:55,0.26,76.2,tmQ3TcQ9jwjcaPiX9KWS,41.1675681643028,-8.62699812040064,18.236411,1778494195000,6588d11c4a11acb1,,14.23
9.847449,Porto,28-05-2026 20:38:14,0.2,95.2,JcIEIl4upqyFQaLL9C4Q,41.1465536113161,-8.61688953110351,18.13716,1780000694000,5a7b6516c51a4d4e,,15.36
9.809584,Lisboa,04-05-2026 10:22:51,0.26,96.4,ephPj8hD7HIQU0ITHRTO,38.7304140305031,-9.12169633334989,18.273276,1777890171000,95744df47936b8c4,,21.7
9.820912,Porto,21-05-2026 12:05:48,0.29,84,zNGErW4ik4p462o6H7Zs,41.1543653918777,-8.65178020136513,18.62794,1779365148000,2618243a251bd83f,,21.43
9.813228,Lisboa,05-05-2026 10:13:00,0.16,77.5,KUW9utMUx7VD0eR90fCX,38.7478298650517,-9.14623860155526,17.305918,1777975980000,82a83fc853728306,,11.58
9.791761,Porto,16-05-2026 00:30:49,0.15,70.6,Oex7myhqv2eRQP563I4W,41.1468056232587,-8.59701305828599,19.504005,1778891449000,d632e4ce536ec364,,17.37
9.814835,Braga,08-05-2026 08:04:35,0.48,82.7,1RHhSyZEZct0Lg6xz1ga,41.522400746656,-8.40280522258318,17.71925,1778227475000,6588d11c4a11acb1,,17.11
9.807876,Porto,04-05-2026 00:07:23,0.4,91.4,8yGR4weA48sV46dP1Bsc,41.1808144689277,-8.65578716428156,18.68246,1777853243000,9d16533a62ab9315,,22.93
9.813553,Porto,14-05-2026 23:23:59,0.35,78.3,swgUZiG4kEYiNqYk5INI,41.1490719016796,-8.61012249996171,18.651171,1778801039000,b8e78b83a62a0cb7,,15.06
9.829948,Porto,21-05-2026 23:55:29,0.1,77.9,WsZ3MEkQrHVpYjuYMuFt,41.1368478882853,-8.63464181771163,18.822952,1779407729000,cb207a93391638cb,,17.64
9.817779,Lisboa,11-05-2026 15:03:29,0.23,86.6,6FwLLXmoqxYJlXnJIfGF,38.7288795082521,-9.12177440695297,18.43263,1778511809000,057c44d337463e07,,23.4
9.790871,Porto,22-05-2026 07:36:52,0.25,84.5,wBJ4XNQWiWMO0ltPZDAH,41.1523543985397,-8.64683120711459,19.062269,1779435412000,daf96d2280390dec,,22.05
9.802914,Porto,28-05-2026 16:44:24,0.33,102.1,w1OemfuVrAmBFPB9jgnR,41.1564107320508,-8.64130853130783,18.839843,1779986664000,131c7dd8f3ab4b35,,20.6
9.819296,Coimbra,14-05-2026 20:17:15,0.13,92.3,L2pRmTozW43nNK03Bbet,40.1931774276302,-8.43824990636616,17.894872,1778789835000,514af2be7dc985d8,,14.72
9.80629,Coimbra,25-05-2026 16:09:55,0,91,g15j6yq0bu25p9xiMo1l,40.2007997192963,-8.42380898267487,17.835474,1779725395000,d0825fdf3da3660c,,18.83
9.785272,Braga,24-05-2026 13:52:49,0.38,86.2,SQduYDlhGBrv084RoiQB,41.5720831949527,-8.43330440011008,17.225656,1779630769000,5311a0642c2564ad,,13.8
9.806496,Porto,23-05-2026 18:03:59,0,76.5,qKKoOTNrwPkkCT8LYgHZ,41.175554849837,-8.62063565999474,16.90124,1779559439000,cb207a93391638cb,,22.02
9.826681,Porto,24-05-2026 20:30:10,0.14,78.3,dT3A71WJHF9pZTaOiZKA,41.1500295099005,-8.6085843131955,17.387324,1779654610000,1d6285f5502cf1f8,,16.76
9.781995,Braga,20-05-2026 19:55:39,0.26,70.4,po6z2qdXLCAjWI3kCf7Q,41.5197444244314,-8.4376604618672,18.343807,1779306939000,fb188f553674b4c4,,24.54
9.804016,Braga,09-05-2026 13:21:32,0.12,76.4,W0XAphbUKzWID6lx9tcC,41.5587140597031,-8.4223319294637,17.604852,1778332892000,430f674c6dfe941a,,15.36
9.81542,Coimbra,26-05-2026 17:25:27,0.15,80.3,W2e9454A3Gj7arnk1Hfi,40.217874204175,-8.42780904401761,19.216569,1779816327000,c51d4eb54f89fec8,,25.59
9.833332,Coimbra,23-05-2026 02:27:33,0.23,85.6,DsR40Z3kREIMPXqmEIRJ,40.2025084216142,-8.43765403709069,19.919748,1779503253000,b572bc65fae8bec1,,21.04
9.798296,Coimbra,17-05-2026 23:00:18,0.19,83.9,YfrbSyu1dUvIa0U7KOxn,40.1849423271496,-8.43585438747133,16.993579,1779058818000,57e7d972b508815d,,16.86
9.832008,Porto,03-05-2026 07:17:37,0.38,61.8,N5OqJYJ36DvmSrcEPOO8,41.1539915030628,-8.64360474932571,18.035601,1777792657000,cbf338d836298cb7,,19.41
9.782847,Braga,17-05-2026 17:50:05,0.35,78.7,0IGRKpji1HeO6Ef18cJl,41.5281227622279,-8.4167099531397,18.201498,1779040205000,42ac1a2bf982f79c,,21.76
9.798158,Braga,06-05-2026 19:29:42,0.25,71.9,rdnmqKSEDwOONY4pnyCX,41.5689379235596,-8.4023934474494,18.417424,1778095782000,91d55d217a2af234,,13.26
9.793983,Braga,14-05-2026 16:36:45,0.28,95.6,rLcRIAFO3HgnGRZ5jWoS,41.5376857639669,-8.42282580853741,19.008312,1778776605000,e9da39984fb29dc6,,16.09
9.795514,Braga,09-05-2026 01:50:35,0.48,90,GklCaz7R4OL5EFDFpcI0,41.5463969642137,-8.41415492538902,18.840769,1778291435000,1bd749deaf799034,,12.5
9.802958,Lisboa,25-05-2026 13:12:19,0.57,69.4,6dC1CcOinBIfRdUQq3BY,38.7480929424912,-9.13383024846512,17.033466,1779714739000,1791998ac3161359,,17.51
9.775463,Braga,01-05-2026 22:13:28,0.12,96,47w0tyeieqUL223fUlOl,41.539308989195,-8.44493903839235,18.032436,1777673608000,1b1cc9cee9f27003,,23.9
9.805714,Porto,25-05-2026 11:07:26,0.08,88.1,1lalPnfuOXPkgQSVPIaK,41.1596044995327,-8.6147902034934,17.77147,1779707246000,6214b1b462c04096,,12.4
9.835046,Porto,24-05-2026 10:23:15,0.4,82.5,mHdgASvJt2xAmlRq1wsV,41.1530311075669,-8.63119116357347,18.052637,1779618195000,04964f8452901231,,20.82
9.774749,Porto,01-05-2026 00:53:01,0.38,75,uBGgWuqOa1MHXxRkgCTE,41.1707453201017,-8.64873357320542,17.779965,1777596781000,389da1f3a7c1d8de,,19.89
9.797908,Braga,07-05-2026 07:36:01,0.26,88.6,jLloURsVYAEgItrAeQCm,41.5525720836785,-8.42173174957478,18.943145,1778139361000,430f674c6dfe941a,,23.24
9.830271,Braga,22-05-2026 13:17:55,0.64,76.6,UQOQTyC2PqOa8agOHU7T,41.5428388567531,-8.44502885251681,19.052438,1779455875000,24d6a87b0598b02e,,17.5
9.790432,Lisboa,21-05-2026 16:56:17,0.43,74.4,yLM0VxmwKybC9fjr5762,38.7203676218256,-9.12762706398247,17.083092,1779382577000,3bc1bf7fb69f3ba3,,19.87
9.814359,Porto,24-05-2026 01:04:46,0.19,76.4,wSj4bXRwyllRtWDhIdmO,41.160600684488,-8.64693876743367,19.636604,1779584686000,42ac1a2bf982f79c,,16.82
9.805136,Porto,12-05-2026 14:46:16,0.28,86.2,gd5sT4uPHlydLzVc48bU,41.1744300792052,-8.60469597659558,17.957429,1778597176000,82a83fc853728306,,16.78
9.80434,Braga,20-05-2026 08:39:41,0.26,79.9,SQYZ2BG98ri326B46p7n,41.5190111031496,-8.41738530286533,19.617587,1779266381000,2f2bd7547d602b7a,,23.19
9.842362,Coimbra,05-05-2026 14:17:09,0.01,86.8,uv5M5WUBxDkDjJF1JhQU,40.1807296422169,-8.38510283629197,19.467091,1777990629000,e84878f982129128,,15.28
9.792576,Lisboa,23-05-2026 12:33:26,0.16,74,lZYRpGckz0WFdY2MsAeJ,38.7317000063377,-9.12381171011902,17.190471,1779539606000,42ac1a2bf982f79c,,17.38
9.777963,Coimbra,20-05-2026 18:17:04,0.46,84.8,WreHhq6Adq4QRKLfjLQ6,40.2012608296524,-8.4114394218842,17.305802,1779301024000,04964f8452901231,,22.87
9.833606,Braga,08-05-2026 01:06:29,0.08,83.7,Hb5VQkMCMZGaY81enWtF,41.5415775042958,-8.44813954139168,17.382646,1778202389000,bc74204126e384ca,,14.91
9.802755,Braga,28-05-2026 10:01:33,0.08,64.9,F6pIU7ByEweNBxnC0yDb,41.5587661085711,-8.45952059001808,17.931586,1779962493000,ae7ec9246c4649bc,,14.27
9.841374,Braga,09-05-2026 09:39:37,0.21,86.1,tN9Mfto8IpN9CRu0av4o,41.5655238379976,-8.4000059877294,17.564034,1778319577000,0e52f2934d8ce165,,17.99
9.822547,Porto,11-05-2026 07:45:01,0.48,81.5,yW3c5gsB11F6hwef9OIR,41.1606230098499,-8.62012716440665,18.098759,1778485501000,18d281edb3671f44,,15.98
9.822685,Braga,08-05-2026 17:28:20,0.28,67.4,1ksUGNepyct4mCrwxCPz,41.5657810425986,-8.45879180874826,16.801973,1778261300000,42d576864f9952c7,,20.55
9.797035,Coimbra,13-05-2026 00:06:28,0.27,84.8,3tbIfK9iFvGY2rTH6kFC,40.2182472430654,-8.38053799695209,18.220456,1778630788000,91d55d217a2af234,,13.2
9.792064,Lisboa,22-05-2026 22:20:14,0.57,72.7,l2kDQ4Zdf9LjqPyDwNuE,38.7273143340036,-9.11135497028119,19.489542,1779488414000,a8c47673d6a4f85c,,18.44
9.78729,Coimbra,04-05-2026 11:09:51,0.21,94.6,muh3DbJD6hAudHZhDdnZ,40.1873997481733,-8.41210093136376,18.247862,1777892991000,234da97fe615c6b7,,14.7
9.769635,Coimbra,08-05-2026 21:59:19,0.13,66.4,jJ9gBL4rvpZSTIquvtkO,40.1976533563302,-8.43031267175771,18.797932,1778277559000,d0825fdf3da3660c,,19.39
9.812804,Coimbra,22-05-2026 06:12:49,0.38,59.9,WmYN1OJCOPLSViQcfs4H,40.183510473902,-8.4264104006478,18.416484,1779430369000,9cbee3c1d7168837,,17.52
9.832648,Braga,10-05-2026 15:42:13,0.35,92.5,N1YlxRKU4RMyIAQuayAb,41.5721823043248,-8.41842602617798,17.935562,1778427733000,0e52f2934d8ce165,,13.99
9.829778,Porto,17-05-2026 18:23:29,0.58,66.3,H78zwgfw6bpuxxJgZ2IR,41.177088585366,-8.65881835909357,18.437778,1779042209000,e9da39984fb29dc6,,13.76
9.785363,Porto,03-05-2026 11:42:27,0.04,67.2,zPbwB2RWEEQZlOgm9Bbc,41.1672828327438,-8.61580007251199,17.818971,1777808547000,2a339e8954684016,,13.06
9.802871,Lisboa,27-05-2026 05:04:33,0.18,66.3,6b5UBpUMM5oFHiX82pBL,38.7349033313758,-9.11461297666363,17.928278,1779858273000,7182af742e04dc6d,,16.49
9.784238,Porto,25-05-2026 05:56:39,0.12,77,HCk14eKgZymQaSQWN4hB,41.1316246938345,-8.61624163200282,18.221965,1779688599000,ec75a53f04901eec,,18.67
9.825841,Lisboa,02-05-2026 12:21:17,0.56,75.2,0ElgumvE4QcbNnvGC4fF,38.7002319573842,-9.13628442784589,19.376934,1777724477000,7e8fb26408446272,,14.26
9.787862,Porto,18-05-2026 01:21:10,0.09,79.6,u8QxaP4gVIC8HLa6dPu7,41.1794863531778,-8.66425189080322,17.347026,1779067270000,63d3511e9e857901,,15.85
9.802179,Braga,08-05-2026 00:23:13,0,94.2,iwwQq4ZmPmqMkRXnlPYf,41.5502278183541,-8.4073121521364,16.834216,1778199793000,c34c1310eab19c87,,14.17
9.804982,Braga,01-05-2026 08:27:51,0.15,82.4,vGQO6mpSbnzOepiiF5BU,41.5549654178722,-8.44821012020566,18.079141,1777624071000,bc74204126e384ca,,14.63
9.801521,Porto,24-05-2026 11:21:23,0.34,87.3,PqtF5P3oaMOUGgh1b1VC,41.1790052239722,-8.60599092258858,17.675768,1779621683000,c85cdb0ef48d09c8,,20.39
9.827506,Porto,24-05-2026 16:35:00,0.12,78.1,0yEHtvn7msOPmUpwRXDG,41.1744898931025,-8.60501553497213,16.625388,1779640500000,2a339e8954684016,,20.1
9.836376,Lisboa,04-05-2026 09:18:22,0.12,105.7,eGW8RcmmVz3fnznETubA,38.7071316106404,-9.17118046266487,17.905496,1777886302000,3811390588367f0e,,14.32
9.772423,Porto,19-05-2026 03:46:54,0.71,81.8,58YYhzpZUQXEJW51s3wR,41.147794404418,-8.64913273636555,19.753235,1779162414000,6588d11c4a11acb1,,22.47
9.814912,Coimbra,09-05-2026 03:42:20,0.73,83.6,42paprQPiZBY3akC1pl7,40.2100597681049,-8.42903837709854,19.307423,1778298140000,9cbee3c1d7168837,,15.68
9.795965,Braga,07-05-2026 08:09:34,0.11,76.8,4CiOHDbilMtVabLTFvf2,41.5400785771085,-8.41806088655592,17.188329,1778141374000,63d3511e9e857901,,18.06
9.798834,Porto,12-05-2026 12:13:00,0.45,81,O2SqaKXYKAwAD21JK6wO,41.1310991721907,-8.65159105051334,18.034776,1778587980000,a8c47673d6a4f85c,,13.61
9.781736,Lisboa,11-05-2026 07:01:08,0.36,97.8,sVnnifXp41oWc4dPdsU6,38.7046801438212,-9.16237057813132,17.647209,1778482868000,ce246387dd078174,,14.85
9.814039,Braga,10-05-2026 05:14:03,0.6,65.5,WiMmRaLv3GFPlbkbXCwj,41.551950000526,-8.43549137323856,17.954704,1778390043000,da211edc7bac01a0,,17.46
9.811889,Porto,16-05-2026 19:20:01,0.38,73.9,zMnfGBaBTko0OYhrpHEs,41.1319719243383,-8.61511963771064,16.696749,1778959201000,3bd002cf1fcfa789,,13.45
9.819733,Lisboa,01-05-2026 08:08:56,0.36,68.4,owNAi8FApacVL9FyWo7X,38.7077743235636,-9.11497948934715,18.303088,1777622936000,9cbee3c1d7168837,,13.79
9.807338,Braga,12-05-2026 20:29:31,0.26,73,C5yFXqJJfo8Lgrj3aoFx,41.5359665402805,-8.42953752977096,15.965033,1778617771000,a8c47673d6a4f85c,,18.56
9.785056,Coimbra,16-05-2026 00:23:02,0.15,78.3,e1tbgpLHJESJtk9NxpTX,40.2095617079428,-8.42372754378122,17.728548,1778890982000,c31244cee16e0c77,,17.4
9.813873,Braga,25-05-2026 23:21:38,0.37,72.7,Lq49WlI4saYISOIWX24G,41.5573127378507,-8.42924507892548,16.336473,1779751298000,430f674c6dfe941a,,17.09
9.826725,Lisboa,01-05-2026 09:26:23,0.29,84.8,QIXvjejWdd0sPfzr7J42,38.7175258858053,-9.15855935596584,17.30848,1777627583000,f7af4712fd6b9108,,13.97
9.821985,Lisboa,18-05-2026 20:37:22,0.08,72.6,K2zqI6E0cm31i7hHDapN,38.7335914902161,-9.11430530960383,18.166286,1779136642000,3bd002cf1fcfa789,,27.47
9.816265,Lisboa,27-05-2026 14:32:27,0.44,71.9,3JJHrkYoQ2xNqaiUZeAK,38.7345919041961,-9.12363887044558,17.980412,1779892347000,19a558ecc36977ce,,17.52
9.765786,Porto,12-05-2026 01:03:01,0.09,72.9,OynRTy3jjrRsBXl9BvxA,41.1797914639741,-8.62538503344753,17.32343,1778547781000,e9da39984fb29dc6,,21.87
9.778833,Porto,22-05-2026 21:03:25,0.27,86.8,0Z5ovQw2fEiDr8SJsD7M,41.1506062445654,-8.62974242287857,19.005329,1779483805000,06bf6a628379e030,,11.74
9.828415,Porto,15-05-2026 22:03:37,0.35,85.1,MVeRkybjOGD6OdbU6CWe,41.1537008987715,-8.61503455884339,17.454194,1778882617000,72bd2672c948d2cb,,16.48
9.808552,Porto,25-05-2026 16:38:59,0.21,90.1,5WjXmj8wRWGzKNZO5G7b,41.1322967837301,-8.59736254670584,18.069944,1779727139000,1d6285f5502cf1f8,,16.96
9.774533,Porto,05-05-2026 18:59:59,0.13,92.9,HtIOMtyR81vqeSelrTl9,41.1726701420762,-8.62655320036191,19.459373,1778007599000,d0825fdf3da3660c,,18.78
9.850506,Braga,03-05-2026 20:53:09,0.43,86.1,XNfpYJlYUhETkVXNu0jS,41.5507214696827,-8.39105447928366,17.666091,1777841589000,17b4966e9be4d8d8,,17.32
9.792524,Porto,26-05-2026 02:30:23,0.41,76.2,jnZ5QLAEuBUDATxLsR4J,41.1610534317992,-8.63407892073404,18.208245,1779762623000,53c682ded6545e06,,18.95
9.789918,Coimbra,26-05-2026 16:47:26,0.02,99.4,vLUC7h506fXHN5ESisTH,40.1884041203961,-8.40626842311738,16.993177,1779814046000,9cbee3c1d7168837,,11.48
9.811199,Porto,22-05-2026 01:01:32,0.23,77.4,nEOI1Dq8CjTAXXCUnk1y,41.159528714473,-8.6331415093327,17.897829,1779411692000,2f2bd7547d602b7a,,13.23
9.781423,Coimbra,16-05-2026 15:03:06,0.14,81.6,NAlV2rfPp6XjrvM6UgUi,40.1929025302593,-8.37530350057829,18.428723,1778943786000,13db178cd9a1e37a,,15.04
9.797906,Braga,05-05-2026 01:48:33,0.37,96.6,kfZwHjv22q9XvVXRZhqo,41.5549815061198,-8.45731542197646,14.872345,1777945713000,7e8fb26408446272,,22.63
9.808527,Lisboa,17-05-2026 18:19:05,0.3,72.9,dH7Uy8RM5XLicwedmqSX,38.7070606566539,-9.10929222796998,17.159409,1779041945000,6214b1b462c04096,,15.28
9.787457,Porto,07-05-2026 15:33:52,0.31,66.5,ImsLsjHpw134iCdAaCEP,41.1503303785265,-8.64320105939279,18.420851,1778168032000,517fc5ca69b652a5,,18.2
9.821117,Porto,20-05-2026 05:28:16,0.39,79.3,jozNgF41PcpX3itllose,41.1457521034715,-8.60526752476788,18.705558,1779254896000,1d3db575c4a79d75,,13.98
9.822932,Coimbra,08-05-2026 09:01:04,0.21,68.3,SVf9RgDdcxksu3NzaNbg,40.2276913749537,-8.41333370768303,17.67154,1778230864000,556be8558ce56421,,20.7
9.81352,Braga,24-05-2026 08:52:00,0.57,80.2,1cKRIs6bkCXcP5Krmfwk,41.5590481574722,-8.40122786838462,16.546537,1779612720000,72ba4e2f87adceb5,,13.85
9.788376,Porto,24-05-2026 18:41:05,0.22,62.3,EH0AUlw5PzS2fxApBJI8,41.1358957138265,-8.60803044139617,18.696145,1779648065000,7f281c8dbac1f799,,15.63
9.80334,Coimbra,17-05-2026 09:53:25,0.24,62.8,bsWuyKyaXVA78kHwoy0W,40.1910246940119,-8.39834211273079,17.581641,1779011605000,fb188f553674b4c4,,20.57
9.776502,Coimbra,28-05-2026 02:55:24,0.33,75.4,ZeH99E9eZWe0Sm6TAowX,40.220585939744,-8.40289584393251,17.661419,1779936924000,e8c9832b5c388bb5,,9.54
9.835584,Lisboa,12-05-2026 19:50:59,0.26,87.3,hfSjR7FVdBUYsutE44HY,38.7056203871978,-9.16579266056076,16.3518,1778615459000,c85cdb0ef48d09c8,,24.05
9.794534,Braga,28-05-2026 12:19:36,0.21,74.9,br2LEMTfbpcUno1ELMhz,41.5668389700499,-8.42136498495766,18.951471,1779970776000,3993ad7e2565b6b0,,17.28
9.819635,Porto,01-05-2026 01:43:27,0.03,80.8,NDzCdXBqs2aMnWbSWuEC,41.1834310387346,-8.64094167280972,16.902851,1777599807000,de2dde23040292bc,,25.25
9.780732,Coimbra,15-05-2026 03:01:41,0.11,84.1,yLVjzbcwsjJAnwFrc0JG,40.2218485313846,-8.39979350411833,19.045088,1778814101000,9d789fd91804129f,,23.55
9.807252,Lisboa,15-05-2026 09:55:11,0.53,85.3,9epWH7I1iuIPlUpXQwvj,38.7010712109734,-9.15264317892872,18.272075,1778838911000,1d3db575c4a79d75,,13.73
9.802311,Coimbra,26-05-2026 23:43:47,0.11,67,d2yWgFENMGKcs2WnISf6,40.1886156591947,-8.43111334353862,18.976767,1779839027000,daf96d2280390dec,,17.52
9.777581,Porto,01-05-2026 03:06:31,0.53,90.2,8MOV0XwbDYzhqaQqGBGD,41.1314569371007,-8.64948899116108,16.761626,1777604791000,1791998ac3161359,,17.29
9.815036,Porto,03-05-2026 21:11:17,0.02,84.2,8Yp2oJjZgdMldcNghrMU,41.1774302413624,-8.63385662355774,19.59508,1777842677000,0e52f2934d8ce165,,18.26
9.830693,Braga,17-05-2026 22:38:52,0.39,87.9,bK959G1MrDNmNH1PoQy6,41.5247182800651,-8.43502545742102,18.050963,1779057532000,04964f8452901231,,26.49
9.799913,Lisboa,21-05-2026 11:04:50,0.05,73.3,haNBco5oHUj6XWjR2nJO,38.7441214594419,-9.13224202424249,17.381393,1779361490000,3cc68b8049eb8d4c,,14.83
9.800334,Braga,23-05-2026 06:00:08,0.04,94.3,uRFiDScvNiWOubPe8I26,41.5282663136758,-8.43559078276435,16.512259,1779516008000,1791998ac3161359,,11.95
9.854136,Coimbra,20-05-2026 11:42:04,0.13,77.8,3X0YCFzF8UX4DI6YGEhm,40.184488353208,-8.41671981152314,17.212759,1779277324000,3b1338c1207d1e2e,,19.28
9.839187,Porto,25-05-2026 09:37:15,0.14,73.5,MFia6czTBniNvBGKIywC,41.1585686860888,-8.6467315760302,16.573441,1779701835000,057c44d337463e07,,26.09
9.815371,Lisboa,12-05-2026 18:24:30,0.09,75.9,D20ObBVeKS2VF6waanHe,38.7223744784241,-9.12041676134632,17.395333,1778610270000,389da1f3a7c1d8de,,16.16
9.76105,Lisboa,28-05-2026 02:30:51,0.04,79,afw2new96aaWxSInxQmt,38.7302979630298,-9.15609292286757,18.289712,1779935451000,ce246387dd078174,,15.91
9.794579,Lisboa,09-05-2026 22:18:56,0.48,79.9,vzer666eVC8Htn493ZCy,38.7305435941443,-9.13551108080387,18.418002,1778365136000,923d0315f3ae2bb3,,10.55
9.832416,Porto,10-05-2026 14:57:39,0.28,86.8,XwERKGh9SyMwSQWoP0xj,41.1361943079659,-8.62754284263547,18.773554,1778425059000,f7af4712fd6b9108,,18.45
9.810281,Porto,28-05-2026 20:00:23,0.54,73,uUZJKGfTVGUspTlr0t4Y,41.1640765902285,-8.64761945833588,18.926727,1779998423000,4c885efe7bde3ff4,,3.38
9.800272,Lisboa,12-05-2026 08:46:32,0.24,66.2,PluLwOek8jJzWLvjLWTo,38.7221006762838,-9.15240604957187,17.89554,1778575592000,64a94f9052422a0c,,19.42
9.815227,Braga,08-05-2026 11:38:37,0.19,90.8,yJYwigRccTDovMcemlU0,41.5239635400075,-8.45902440972787,18.579974,1778240317000,1b38ab967d98cc4e,,18.81
9.835736,Lisboa,15-05-2026 18:25:05,0.09,76.8,Z2fYqGjjrWnYbl4vNuGH,38.7411314608034,-9.14196222025114,16.020163,1778869505000,d0825fdf3da3660c,,22.22
9.808461,Lisboa,22-05-2026 13:00:08,0.12,109.3,M2oMFrkOzaIwwciQzkW1,38.7428262982131,-9.11668637128479,18.017039,1779454808000,057c44d337463e07,,20.19
9.787962,Lisboa,06-05-2026 07:31:28,0.01,83.6,WR9W1p1XunYK0x8MZuAM,38.7380909423504,-9.13328496391288,17.494274,1778052688000,7e8fb26408446272,,22.69
9.791925,Porto,01-05-2026 16:57:21,0.44,82.7,dpBSFNJ0YGMYnEmyo50d,41.1560054084931,-8.65336885261249,17.525303,1777654641000,102edb38b5ec347f,,16.81
9.856906,Porto,23-05-2026 21:36:14,0.15,84.7,EmDsTIY5fhItrIFIL2bw,41.1495347599591,-8.61818936054874,18.809531,1779572174000,d4389e820d4f82fa,,15.73
9.778702,Braga,14-05-2026 19:03:56,0.33,93.7,dKbd29kvZu7HDGju3Dmh,41.5494202819931,-8.42342034618077,20.560415,1778785436000,1d3db575c4a79d75,,16.04
9.852665,Braga,02-05-2026 12:20:09,0.31,66.3,oCW1p7Owtc2YxOomRRqX,41.5196000784045,-8.45128202879822,18.662391,1777724409000,b8e78b83a62a0cb7,,21.35
9.82936,Porto,14-05-2026 11:42:23,0.39,75,1RDIUxQd0TA7cN5UomFe,41.1742280017825,-8.65808139921925,18.168442,1778758943000,4c885efe7bde3ff4,,18.89
9.800563,Coimbra,04-05-2026 10:39:40,0.1,82.8,iT4S8Ve0UszuqI5gKZXQ,40.1953660336944,-8.38054304001657,16.990537,1777891180000,bb80f878cef35322,,19.58
9.804656,Braga,02-05-2026 01:45:45,0.24,73,Zz79ewkRu3bfMZfCEM7G,41.5277637006216,-8.40415514342421,17.267665,1777686345000,4c885efe7bde3ff4,,16.17
9.811441,Coimbra,15-05-2026 12:21:44,0.06,93.7,OSca3zliu016ce7C0FvN,40.2067611805491,-8.4441756251342,18.399729,1778847704000,9d16533a62ab9315,,16.81
9.80843,Porto,27-05-2026 12:36:59,0.09,79.5,LcM7lm2KY0oA4bStPrFb,41.1560025675115,-8.64474473132834,17.602462,1779885419000,fb188f553674b4c4,,23.36
9.802537,Coimbra,01-05-2026 22:10:20,0.82,62.9,BdUwFNy5uiEnK2YY33Jp,40.2288193502782,-8.39244207469638,18.295168,1777673420000,2a339e8954684016,,23.25
9.838096,Porto,16-05-2026 18:59:29,0.06,89.5,G3ki60fGTMICYahB8jRs,41.1703680028154,-8.65351293199152,18.184781,1778957969000,d57d393b16ba030e,,12.9
9.796863,Porto,23-05-2026 02:36:43,0.29,93.9,spKp8MT4h2KgRVywruLr,41.1741230382157,-8.65500031201603,18.40891,1779503803000,3cc68b8049eb8d4c,,16.4
9.831286,Porto,16-05-2026 08:25:03,0.47,75.4,iVWFNvG8O0zdCkwd135M,41.1530521812275,-8.66103206117692,18.412507,1778919903000,153c202e3cfef4ba,,22.92
9.807724,Braga,11-05-2026 15:49:29,0.37,80.7,8bjdZAXJlZjaunYZGsvY,41.5286657492037,-8.3907908757709,20.371649,1778514569000,19a558ecc36977ce,,24.24
9.827543,Braga,28-05-2026 19:31:31,0.15,85.9,Gu00C7u3j126ojyyfcnJ,41.5484072384003,-8.447670266355,18.272773,1779996691000,9d16533a62ab9315,,14.35
9.817516,Braga,09-05-2026 09:42:22,0.59,84.4,WuYWcRixY2uepd4KWOLN,41.524499587986,-8.42473465392464,18.446255,1778319742000,72bd2672c948d2cb,,19.66
9.808326,Coimbra,09-05-2026 17:47:22,0.4,83.6,YQAsPNFWFbEbnsvyleww,40.2206282492986,-8.40259615904104,17.432462,1778348842000,19a558ecc36977ce,,22.14
9.810011,Lisboa,08-05-2026 10:30:23,0.16,83.4,2hzK7gL4wWFw0KY3thQK,38.7026808184337,-9.11183902004772,17.989505,1778236223000,b8e78b83a62a0cb7,,8.79
9.82692,Porto,28-05-2026 21:16:52,0.32,98.1,ButU3FHV1jMjtdPNGHyZ,41.1444476842663,-8.64601153986941,17.206588,1780003012000,1d6285f5502cf1f8,,19.76
9.839478,Coimbra,06-05-2026 05:50:09,0.37,80,H32C3d2aCrNXWJMZaaAf,40.1980715596723,-8.38005183245501,18.000861,1778046609000,39a54d73a921b9f6,,13.88
9.796623,Porto,10-05-2026 04:55:47,0.28,77,xxB5DD3Zulh4AmxNZ7kO,41.1391559460802,-8.66264547022889,17.298717,1778388947000,75778bdb64d1008e,,18.3
9.814301,Lisboa,18-05-2026 06:01:22,0.12,65.8,8bCButDH5GKgZuYxNpNI,38.7349477570734,-9.15305924923549,17.552367,1779084082000,1bd749deaf799034,,20.88
9.82561,Coimbra,06-05-2026 16:56:18,0.18,74.6,tiu7TGbFVsjkhkaXmXEV,40.2028208647004,-8.4200160868275,17.168654,1778086578000,39a54d73a921b9f6,,23.3
9.794017,Braga,06-05-2026 03:41:27,0.06,83.5,ul7plpiWNgWsiO5cqWgF,41.5614969263377,-8.46169761403432,16.837122,1778038887000,8e7f2987241c2818,,21.6
9.797717,Braga,25-05-2026 19:24:03,0.86,63,ma4EeSGtABaMbpTvhPrM,41.5572011658851,-8.43890793767079,17.782672,1779737043000,1d3db575c4a79d75,,23.5
9.835155,Porto,12-05-2026 07:02:51,0.11,72.8,pKm4yVc6ZwSEjUWdRCmf,41.1662248214318,-8.64929649316439,17.480242,1778569371000,6588d11c4a11acb1,,12.67
9.791023,Porto,21-05-2026 00:57:22,0.15,89.8,39ARl7pG2BwIizo8bYgT,41.1504055993747,-8.61673962106702,18.214112,1779325042000,c6a2d85265d19a41,,12.66
9.812014,Coimbra,10-05-2026 04:06:23,0.25,57,YQnHCZLWWrkznR7saUws,40.2228779524438,-8.41002637329842,18.320589,1778385983000,7182af742e04dc6d,,12.62
9.842329,Coimbra,20-05-2026 12:24:34,0.16,62,Ho7klM0LeSZJ5ekG4OaM,40.1956180108,-8.44050808854686,18.557501,1779279874000,5e1de20fecf98844,,13.04
9.809243,Porto,05-05-2026 02:25:29,0.85,63.6,ESbfK1SHl1FDP9YhDLvz,41.1745683003967,-8.62453974738375,17.591367,1777947929000,9d16533a62ab9315,,15.53
9.822885,Coimbra,28-05-2026 05:35:47,0.03,80.7,0zBhjfTCFTVVsUqtgw1y,40.2043126092114,-8.37816142466251,16.838463,1779946547000,131c7dd8f3ab4b35,,15.88
9.791401,Lisboa,24-05-2026 08:43:06,0.18,67.8,5v93MHls8Ienj7IY8hG9,38.7195856769795,-9.15907198041657,18.045913,1779612186000,3c58290022ed11b1,,15.71
9.815317,Lisboa,05-05-2026 01:38:12,0.19,83.3,gcqB7UxjFtdUqwBqurYn,38.7412341329423,-9.10966660363676,18.461959,1777945092000,2f2bd7547d602b7a,,18.11
9.857829,Porto,12-05-2026 13:05:56,0.18,67.2,0lBugjWLqClKLizXomCc,41.1651138591247,-8.62372167707326,19.005163,1778591156000,514af2be7dc985d8,,18.57
9.825158,Porto,11-05-2026 14:19:21,0.41,81.7,RM3060fRZl1jjCU8BgwJ,41.1632490096686,-8.65626592245542,17.227647,1778509161000,18d281edb3671f44,,23.37
9.83342,Lisboa,05-05-2026 02:18:45,0.19,67.9,67IW3ESs7lkphJvGnf8S,38.7373546073673,-9.14987978130441,17.98038,1777947525000,1b1cc9cee9f27003,,15.57
9.772228,Braga,24-05-2026 19:56:57,0.21,69.9,ms64bNC2hU93Ifr0Ixto,41.5276513626178,-8.4277571709017,18.796069,1779652617000,da211edc7bac01a0,,17.16
9.82634,Coimbra,13-05-2026 22:45:18,0.05,89.5,29UgJDmhEUJ3XuiLEBsk,40.1841384664406,-8.39088738493351,17.154006,1778712318000,c0014ea2ee2fdaea,,19.76
9.81974,Lisboa,27-05-2026 16:43:58,0.26,86.7,hLjzeFS7QXwRI00z1MjC,38.7306834486732,-9.12192770428729,16.717575,1779900238000,1791998ac3161359,,15.96
9.772028,Lisboa,03-05-2026 13:50:21,0.06,87.5,N2hzhciGfg5g8gFctbsT,38.7039802510967,-9.13154487976044,18.262842,1777816221000,c34c1310eab19c87,,12.1
9.83802,Coimbra,23-05-2026 18:58:15,0.23,68.1,EtGdxihURDUaicF6pK2E,40.2056839559211,-8.39912412881442,18.18597,1779562695000,06961ead71f8b1d8,,17.24
9.804597,Porto,12-05-2026 01:02:34,0.39,73.6,BiLuG8e6d15CEhLzQ6FB,41.1648359564725,-8.6351075674921,18.20721,1778547754000,7f281c8dbac1f799,,12.92
9.802321,Coimbra,04-05-2026 05:14:42,0.27,81.3,zy1dzrJv3JR0VWHIPsYO,40.2232096470817,-8.37859131721922,17.467701,1777871682000,2b95dd3cf28e7c18,,15.85
9.810469,Lisboa,17-05-2026 13:34:22,0.41,88.7,5rUNVGGzs2woGBJVsugl,38.7096523547531,-9.1644820932811,18.725824,1779024862000,6214b1b462c04096,,16.14
9.803511,Coimbra,21-05-2026 04:07:39,0.06,100,89C8p8gvxlu1rfSD1In6,40.1941144264288,-8.43310099569409,18.618205,1779336459000,2a339e8954684016,,20.88
9.7864,Braga,27-05-2026 03:50:16,0.25,61.5,gJAHxb2zntu99HRvAVSL,41.5231855696431,-8.45165827566035,16.952854,1779853816000,c85cdb0ef48d09c8,,11.34
9.830523,Coimbra,15-05-2026 00:37:58,0.23,69.8,PyG1V4JlB6Sptl0tlnxN,40.2259064710943,-8.44117004966713,20.034896,1778805478000,cbf338d836298cb7,,11.36
9.784874,Braga,24-05-2026 00:51:43,0.07,75.4,6bviwfYnzlE692luI83z,41.547047612053,-8.42506194952323,16.961129,1779583903000,9d789fd91804129f,,13.37
9.8402,Porto,13-05-2026 11:26:09,0.18,82.6,TJr98UGDqjAhwOYtDhZk,41.1582644776408,-8.65789443478627,17.882975,1778671569000,9d789fd91804129f,,19.16
9.828658,Porto,07-05-2026 02:14:52,0.08,70,xDOmp5TlcbAgh3PRNYoB,41.1723661873505,-8.6380301505567,18.6047,1778120092000,102edb38b5ec347f,,24.18
9.848958,Lisboa,23-05-2026 19:06:55,0.34,80.7,sZXIak3TmoO1wkpu3HOq,38.7457505010237,-9.13143751250686,15.51879,1779563215000,8f8c45c33ff51d0e,,24.21
9.795482,Lisboa,28-05-2026 02:42:47,0.13,77.6,QPHtzdCsLezVNH2huuuB,38.7275637282452,-9.15760176604085,17.77204,1779936167000,6f36a3307488809f,,18.79
9.841754,Porto,03-05-2026 11:50:49,0.33,76.2,QtEPu6Wh2OaslrYiu9Jq,41.1413494897528,-8.62132316682119,19.985218,1777809049000,4c885efe7bde3ff4,,20.11
9.810149,Lisboa,14-05-2026 02:43:23,0.49,79.2,CDjEN8CjGbN3iFDV9eta,38.6964868619448,-9.12301075771504,17.487339,1778726603000,42d576864f9952c7,,26.82
9.814768,Porto,19-05-2026 07:06:45,0.54,78.2,qdHFMIg9EpBhGHvCVvjr,41.1821088914338,-8.61592897193527,17.958533,1779174405000,430f674c6dfe941a,,17.63
9.829816,Lisboa,15-05-2026 04:41:57,0.22,76,kPcS9fhVHdHkXR1PMuqO,38.7040115312859,-9.16598859394575,15.79606,1778820117000,1bd749deaf799034,,14.25
9.791079,Lisboa,04-05-2026 23:13:12,0.18,81.6,ih9ZSxK4tYBpmpJgW6VE,38.7025150024699,-9.12324848287486,20.129098,1777936392000,d632e4ce536ec364,,13.77
9.809769,Porto,12-05-2026 00:50:28,0.34,77.4,XVNHZYSAVv6e5qO557nA,41.1632689863595,-8.64801956058517,18.609395,1778547028000,a8c47673d6a4f85c,,24.87
9.75654,Lisboa,28-05-2026 18:20:32,0.37,74.7,wtTvleLcYLkzEhl9uIY1,38.7185061391676,-9.13456448903031,18.198318,1779992432000,6214b1b462c04096,,16.7
9.797886,Lisboa,21-05-2026 03:12:22,0.49,86.9,dGQpZVbCpv5rAdaVFLDT,38.6959095576277,-9.11856143911021,20.949205,1779333142000,cb207a93391638cb,,15.04
9.773582,Lisboa,23-05-2026 20:58:46,0.48,85.6,0BHwWyrq1WMSjuYv9Kop,38.6985075808711,-9.11442322797532,19.067272,1779569926000,19a558ecc36977ce,,24.43
9.80549,Lisboa,28-05-2026 13:31:57,0.03,73.9,tAIdail8aQNCBryxmeTU,38.7240504291458,-9.1390336648419,17.504937,1779975117000,1791998ac3161359,,20.65
9.77074,Braga,23-05-2026 20:18:51,0.02,82.1,pDvlz3NZAGxEwo8MeyPM,41.5339273397604,-8.39612233871059,18.00382,1779567531000,bb80f878cef35322,,17.65
9.818637,Porto,27-05-2026 17:46:10,0.34,74.3,MopiEzz70fy9nNGrHgYh,41.1410952952748,-8.64610639417417,18.632287,1779903970000,19a558ecc36977ce,,18.6
9.79605,Coimbra,17-05-2026 09:57:20,0.06,88.2,lZuEtHh3wYnltBOdOy2o,40.1844892494931,-8.39052642538516,17.100567,1779011840000,7f281c8dbac1f799,,17.77
9.822582,Porto,17-05-2026 01:27:01,0.15,85.5,rlcXzaNOMTpNZO3zddTF,41.1647001262323,-8.66455799505953,18.065113,1778981221000,9cbee3c1d7168837,,22.1
9.834756,Lisboa,17-05-2026 10:34:25,0.18,87.4,azg4FDl8n5GicDwehptJ,38.7264404913453,-9.12127692836611,16.956694,1779014065000,daf96d2280390dec,,15.82
9.849073,Coimbra,21-05-2026 07:56:48,0.64,82.8,JhapldikqagFoRkJfuNS,40.1946325082631,-8.41378061340462,18.368875,1779350208000,13db178cd9a1e37a,,16.96
9.808519,Lisboa,04-05-2026 03:09:50,0.23,79.1,qOAFqaSa3NsatpCJg3se,38.7362279941841,-9.15256976533904,16.889671,1777864190000,bc74204126e384ca,,20.01
9.831098,Porto,11-05-2026 21:13:06,0.13,104.4,5d48AS3oqcxZ57f4mccw,41.1624272418399,-8.62703704906754,17.608443,1778533986000,2a339e8954684016,,14.92
9.832515,Coimbra,11-05-2026 00:04:03,0.26,88.1,CKhGkoo0hAFhAiM4LA8V,40.1863516675101,-8.40567834958063,17.190317,1778457843000,f7af4712fd6b9108,,21.81
9.817664,Porto,15-05-2026 22:32:50,0.26,87.6,fss0iPTpow056jQguzdj,41.1664939774567,-8.60941679879285,16.199939,1778884370000,d5eb4d757b335d0e,,14.5
9.823755,Braga,15-05-2026 14:37:16,0.13,101.1,Z7210YFt6z86H88EKi8F,41.5546530267101,-8.39105692187417,20.229611,1778855836000,04964f8452901231,,21.32
9.782139,Porto,04-05-2026 11:04:33,0.26,82.1,DdnSwTZVLC42MD31IU6b,41.1606460664472,-8.63954759059476,15.616656,1777892673000,06961ead71f8b1d8,,20.58
9.833454,Coimbra,05-05-2026 20:39:04,0.02,84,GA5ENPYoNX5nBMoKtVV4,40.2036357026525,-8.38352940538578,17.680527,1778013544000,82a83fc853728306,,17.07
9.78648,Lisboa,07-05-2026 08:51:17,0.12,73.1,n5ukhdtI96gh10q7AHOf,38.7390450502369,-9.16109036215317,18.019974,1778143877000,1d6285f5502cf1f8,,15.77
9.800937,Braga,24-05-2026 16:09:05,0.29,80.6,Zhc6rgDzlZ6J6v1S58g3,41.5585928345246,-8.41876333622423,17.487196,1779638945000,c7f34dc43387f858,,13.31
9.807097,Porto,04-05-2026 10:20:11,0.08,66.4,r1cVrboNSDWQzihhH6Jb,41.1443991197365,-8.66447595033497,17.60646,1777890011000,93279918e60ec274,,8.15
9.820613,Coimbra,25-05-2026 10:56:41,0.35,78.2,fgtPGjeM5KZhkayj09q7,40.2094072359212,-8.42609737115109,18.386145,1779706601000,d57d393b16ba030e,,20.94
9.833801,Lisboa,02-05-2026 00:19:27,0,78.7,Q5AXAUsQfv0bMNx8FV06,38.6987410740621,-9.15205331450236,16.260258,1777681167000,8e2e127651e9cbde,,22.96
9.807086,Lisboa,04-05-2026 14:11:46,0.22,69.9,oqoevo1lMo1gqLoMi5VH,38.7161352908122,-9.11671216036483,15.847305,1777903906000,fb188f553674b4c4,,16.28
9.82431,Braga,09-05-2026 01:51:30,0.08,78.8,R56C2V7maIESiRq4aozs,41.5492748805015,-8.43222807434108,17.635641,1778291490000,131c7dd8f3ab4b35,,18.06
9.823069,Porto,18-05-2026 05:39:19,0.41,79.5,QsaBTr53V9O9QyQ7DBx8,41.1315695145501,-8.61560097192618,18.808585,1779082759000,18d281edb3671f44,,19.99
9.814111,Porto,25-05-2026 05:39:49,0.01,90.8,TuWokKhinOyuVvBsqgqL,41.1574671458079,-8.63023814086993,18.935487,1779687589000,d4389e820d4f82fa,,23.63
9.821646,Braga,18-05-2026 20:51:58,0.04,72.5,an7Jlq8apdLki9RGoYtm,41.518638206519,-8.45735510764236,19.100502,1779137518000,7d176c63414fcd05,,12.01
9.802161,Coimbra,19-05-2026 15:02:22,0.26,76.6,mbLY13PcyBKuJd7VsXNr,40.1909789428468,-8.42440167947034,18.93504,1779202942000,17b4966e9be4d8d8,,19.51
9.795779,Porto,15-05-2026 15:09:00,0.05,86.1,A2xevDgFQKjSodaiHGm8,41.1807632339521,-8.59590825618547,16.955584,1778857740000,64a94f9052422a0c,,15.15
9.818721,Lisboa,27-05-2026 00:53:43,0.15,89.4,ZsvuW4cEt1P0k0NRGj3I,38.7265184251058,-9.12835687961965,18.513162,1779843223000,7e8fb26408446272,,24.33
9.759623,Coimbra,23-05-2026 00:44:06,0.12,80,0Lo1sG37uNB94m2xEiiZ,40.206743067643,-8.404398750077,18.276329,1779497046000,b8e78b83a62a0cb7,,17.23
9.808296,Braga,20-05-2026 13:08:48,0.22,71.4,xSDLsJeuDuHhbceVxttD,41.5575370716661,-8.43978574001865,19.683338,1779282528000,7182af742e04dc6d,,14.61
9.782059,Lisboa,19-05-2026 00:30:27,0.01,80.2,pERKSIrG0cTdjZaZRok2,38.6987285662323,-9.15583394015916,18.962992,1779150627000,c6a2d85265d19a41,,13.08
9.799241,Coimbra,22-05-2026 10:45:31,0.41,58.5,HXK2yTeEHU3WpZjQ40ix,40.2222891349183,-8.39185603758935,18.459786,1779446731000,c85cdb0ef48d09c8,,16.15
9.783555,Porto,18-05-2026 21:05:08,0.12,67.7,0xCokl8jlpSiz4cfD5ws,41.1632022025354,-8.65748570438984,16.79613,1779138308000,c51d4eb54f89fec8,,18.42
9.850859,Braga,26-05-2026 18:29:05,0.29,76.5,X9nkd65NK0OfirjntJmP,41.539639297915,-8.3933856138005,18.522866,1779820145000,c0014ea2ee2fdaea,,13.1
9.8444,Porto,26-05-2026 02:12:10,0.05,94,XvzSTEjCGwEmbiT7TnQV,41.1697306627755,-8.65932235072927,16.997107,1779761530000,7e8fb26408446272,,16.3
9.804087,Lisboa,22-05-2026 10:50:42,0.31,83.8,rzEonPLUUdNjhpVCchHn,38.725409851175,-9.14067945278501,17.077574,1779447042000,a2fd30e5fa49ad53,,22.04
9.822354,Braga,10-05-2026 09:36:05,0.33,74.9,BLsO3VEZrpqfIHh9WWx3,41.5446340228062,-8.4617723504623,18.268587,1778405765000,75778bdb64d1008e,,13.76
9.830474,Coimbra,19-05-2026 00:27:14,0.16,68.8,x5djgGz8q7vMJifKthxf,40.2114900279105,-8.38675777943472,17.909858,1779150434000,a2fd30e5fa49ad53,,15.76
9.807943,Coimbra,25-05-2026 20:06:09,0.36,90.8,fJPNbJwt6aOYo4dmjwox,40.1983431737133,-8.37728979079494,17.755786,1779739569000,93279918e60ec274,,14.99
9.809228,Lisboa,18-05-2026 12:10:58,0.53,73.2,MClaX4TWSu0AbaOATW9s,38.7131203981205,-9.13212499866489,17.28409,1779106258000,2f2bd7547d602b7a,,24.55
9.814935,Braga,07-05-2026 21:36:13,0.08,82.1,xKFZpN0ADZdCZ526fcyT,41.5185207608809,-8.45005964799752,17.84331,1778189773000,53c682ded6545e06,,16.28
9.820539,Porto,05-05-2026 03:30:42,0.35,81,oOZaoiknQkpwTtomSFU6,41.1814851630489,-8.61165807246055,18.424264,1777951842000,13db178cd9a1e37a,,8.17
9.818277,Lisboa,17-05-2026 06:16:12,0.03,65.9,cYiyETt4g2lf2zo9Gkqu,38.7125060462288,-9.11726452365562,16.653649,1778998572000,389da1f3a7c1d8de,,18.01
9.821566,Coimbra,12-05-2026 00:19:47,0.46,95,NOFjrS8I0qnKBUVSUdM5,40.2259633904569,-8.43379558874616,19.257039,1778545187000,3bc1bf7fb69f3ba3,,18.52
9.79734,Porto,18-05-2026 23:30:22,0.45,89.4,S3vKTQIxUQeXxP8mO2jd,41.1531609546843,-8.60565075626093,18.212308,1779147022000,2f2bd7547d602b7a,,6.85
9.806019,Braga,12-05-2026 12:49:07,0.07,80.3,jPrOMvaTfu99kTURI9ad,41.5485548813267,-8.41538079099158,18.212358,1778590147000,7e8fb26408446272,,16.09
9.826777,Coimbra,20-05-2026 20:31:50,0.37,68.3,8OuCQDYLLn52RlrzTNPz,40.1905036163932,-8.40837550586537,19.746856,1779309110000,7f281c8dbac1f799,,14.35
9.791728,Lisboa,26-05-2026 09:39:23,0.36,84.1,LBmXHNPKKAGaglTAyKUN,38.727974837442,-9.1621118836596,17.659125,1779788363000,d4389e820d4f82fa,,22.41
9.824752,Braga,16-05-2026 02:42:09,0.05,99.8,zr95YkVsNrtjVJl1If5G,41.5633112533102,-8.46012706413863,17.263914,1778899329000,57e17fffc619e182,,18.2
9.806988,Braga,08-05-2026 16:23:28,0.01,78.6,zYU9MeEPIl1CkMD3lhpB,41.5267472856335,-8.43634789051444,16.885221,1778257408000,42ac1a2bf982f79c,,19.13
9.781827,Porto,09-05-2026 04:10:54,0.04,72.8,LzoeAw2dhTlr1dsQaVRn,41.1609720453084,-8.63426009240078,15.562274,1778299854000,06bf6a628379e030,,21.08
9.768937,Lisboa,24-05-2026 07:14:12,0.39,86.7,aQRNFhm6FEE1NnHytbqD,38.7482756416301,-9.16720595786005,17.754018,1779606852000,2a339e8954684016,,20.08
9.853963,Porto,03-05-2026 02:28:13,0.59,81.2,I82BZzUtFVHAmxSLRrpa,41.1455726330217,-8.5985962923722,19.397658,1777775293000,ec75a53f04901eec,,17.07
9.834437,Braga,20-05-2026 17:48:09,0.49,87.3,iUx6N3ol3lraTX404H18,41.5672848772888,-8.45786565145536,19.587063,1779299289000,39a54d73a921b9f6,,19.8
9.779055,Lisboa,25-05-2026 04:11:20,0.31,80.6,KmHpq4fAi4p2WjuPWiGF,38.7295770991743,-9.11234266023899,16.875011,1779682280000,1d3db575c4a79d75,,23.51
9.779747,Lisboa,07-05-2026 19:21:40,0.28,72.1,h8mnijEB2b3nL9lYhKg7,38.7119446613582,-9.1123583312358,19.436681,1778181700000,91d55d217a2af234,,16.04
9.786744,Coimbra,02-05-2026 20:04:00,0.2,84.5,q8n5OGxYvVeiNLGBzSp2,40.2194922069112,-8.41026395425628,18.65428,1777752240000,95744df47936b8c4,,16.91
9.815091,Porto,25-05-2026 16:26:12,0.5,73.5,Z2aNCzLbYQs8ym1ubFEo,41.1588090624368,-8.66279573094656,19.459296,1779726372000,c31244cee16e0c77,,22.33
9.825882,Porto,12-05-2026 10:52:21,0.37,85.2,DDxpnwMQSqOcK8Zu6P5P,41.1604673935192,-8.62649186168178,18.829183,1778583141000,39a54d73a921b9f6,,18.46
9.835267,Braga,09-05-2026 05:34:44,0.17,88.1,rROVpm2Uu3bzKWHXs3tp,41.5722562609531,-8.40354453465402,16.321042,1778304884000,fb188f553674b4c4,,17.64
9.798842,Braga,08-05-2026 19:09:23,0.12,82.5,5rFVfQ6lEIa0YzyqWtJx,41.5578920036837,-8.41790117024236,17.642896,1778267363000,574582321d04df00,,19.84
9.801357,Coimbra,19-05-2026 07:02:53,0.46,81.2,MkzV8GwTuhjEX4dVggHT,40.22007102799,-8.38966008733488,17.428956,1779174173000,55b620d8c0ab41e0,,20.62
9.785396,Braga,11-05-2026 23:44:59,0.29,92.5,937UFaYSP7UuvtwATvgv,41.5411379971518,-8.43404570900876,17.807166,1778543099000,153c202e3cfef4ba,,29.99
9.834862,Lisboa,09-05-2026 12:57:23,0.22,70.5,oS9IAetubMthoOPJkjZw,38.7290502485873,-9.11597929111916,18.120725,1778331443000,d4389e820d4f82fa,,14.89
9.788602,Porto,01-05-2026 10:41:47,0.18,89.9,QhKbwcQtUtUkQIgAt9uG,41.1453323487848,-8.66254409454394,17.866726,1777632107000,cb4c1290e91970dd,,14.32
9.795037,Porto,02-05-2026 15:59:21,0.12,78.7,UzSo6vwgLFYjzmsTrwuA,41.1659351210596,-8.62710717822553,15.326678,1777737561000,3cc68b8049eb8d4c,,18.07
9.795078,Lisboa,24-05-2026 23:39:40,0.88,94,JiSU1u7I2qwLFijdxchR,38.740621562699,-9.16292851762069,18.315799,1779665980000,2a339e8954684016,,11.11
9.812338,Porto,07-05-2026 19:04:14,0.59,77.9,HtRLBED4FBVhLldiL0Dz,41.1516069652865,-8.66335334284076,20.068927,1778180654000,17b4966e9be4d8d8,,21.46
9.798266,Braga,18-05-2026 12:55:20,0.08,86.8,XCN2tUogRRMm2yyC4ffz,41.5421344656424,-8.43794192319293,18.119589,1779108920000,ec75a53f04901eec,,11.77
9.831236,Braga,09-05-2026 16:29:00,0.03,81.1,M0oWJzk34KPfIEOLm4QV,41.5620730742393,-8.44794120938339,17.26108,1778344140000,bb4bb9fbcfcc16d1,,14.83
9.816345,Coimbra,23-05-2026 01:00:23,0.24,62.5,iEw9gneX3XuHVyj3bEen,40.1946585067906,-8.39109537510221,17.00224,1779498023000,3cc68b8049eb8d4c,,9.77
9.846438,Lisboa,27-05-2026 21:19:48,0.22,71.4,tOOdCLq6wpNnrfgl8n4A,38.7210028698167,-9.14165848464917,19.200976,1779916788000,e9da39984fb29dc6,,25.42
9.77934,Lisboa,27-05-2026 08:52:35,0.26,70.4,dyKzDSjU3az9W2rDtaTv,38.7397364979583,-9.1259342224355,18.974142,1779871955000,574582321d04df00,,24.56
9.788395,Lisboa,16-05-2026 07:43:22,0.21,94.1,h56VAauxFVcr2EG2CQe6,38.7335364672944,-9.15842453443459,18.334518,1778917402000,9d789fd91804129f,,12.91
9.807561,Braga,09-05-2026 13:29:20,0.09,78.9,ETpxFz13HwBqjNAwnWYN,41.5309369975918,-8.40992402489932,18.282532,1778333360000,d5eb4d757b335d0e,,13.97
9.792326,Porto,04-05-2026 23:05:46,0.4,84.4,SCZq4UgBHBFsSrHKNzhS,41.1643739666567,-8.64459890162323,18.169512,1777935946000,c837debb39dd1e68,,20.01
9.825162,Lisboa,21-05-2026 23:37:07,0.29,88.3,bJaqs8nxVIo3vUWgadAQ,38.7409995616509,-9.12841529990287,17.338152,1779406627000,9d789fd91804129f,,15.24
9.848573,Coimbra,22-05-2026 16:14:37,0.14,85.1,Bbp5TRqW9xobcPZSDOmr,40.1781043334706,-8.38030109306598,18.354809,1779466477000,e8c9832b5c388bb5,,12.72
9.848764,Porto,08-05-2026 11:14:22,0.22,84.8,fjIhpm9dM9spY8HdhWJ3,41.1503207388841,-8.63054332169133,16.303243,1778238862000,42d576864f9952c7,,21.12
9.802876,Porto,18-05-2026 01:52:03,0.29,66.8,mDtg4lUAbb7k7BO3UCrv,41.1600691515306,-8.62970890396451,16.827982,1779069123000,daf96d2280390dec,,12.87
9.811211,Coimbra,13-05-2026 12:08:25,0.1,76.1,Wbyj31sIIDGi4Q7b1kWJ,40.1802752782146,-8.40873646522545,19.587187,1778674105000,06bf6a628379e030,,17.48
9.765102,Braga,21-05-2026 20:22:35,0.36,77.6,YujjbumZIs2Hdoal9wgw,41.5372295891439,-8.44850921891556,18.039163,1779394955000,9cbee3c1d7168837,,24.12
9.819059,Coimbra,04-05-2026 01:06:45,0.03,61.6,vTtADjmMaWQ4s9tgIxRc,40.2182347249623,-8.41796941749721,18.14606,1777856805000,a8c47673d6a4f85c,,22.32
9.846393,Coimbra,11-05-2026 01:39:43,0.13,89.1,m1PQweqBpxsDzxIrISUV,40.1800804868839,-8.39231101670684,18.652581,1778463583000,57e7d972b508815d,,17.33
9.780742,Lisboa,23-05-2026 05:43:54,0.11,80.4,laBK0oTP6sXG4y7FnDb6,38.7431851247824,-9.12056564714099,16.687084,1779515034000,93279918e60ec274,,23.31
9.830108,Braga,20-05-2026 00:47:28,0.41,66.3,hE0qmiYAtU6fEkZRlxxh,41.5242636749633,-8.41951750218541,17.931794,1779238048000,4c885efe7bde3ff4,,14.89
9.831586,Lisboa,25-05-2026 16:13:30,0.57,79.5,bhIlLLKaNfa7gdkyp39L,38.714178624766,-9.11789065167125,17.548698,1779725610000,923d0315f3ae2bb3,,11.07
9.804391,Porto,05-05-2026 23:01:14,0.28,87.9,LbCUoK8rJWJpta3nMcBR,41.1316029168494,-8.59878475019927,16.754291,1778022074000,a8c47673d6a4f85c,,18.92
9.780726,Porto,04-05-2026 04:27:57,0.1,83.1,I70DlZ4MFdmqudRxI81W,41.155341707418,-8.63089565004744,18.375192,1777868877000,1bd749deaf799034,,12.46
9.835963,Braga,13-05-2026 05:47:00,0.23,78.2,zQXLsO10nNOW5WEsljuF,41.554323138976,-8.450206149396,19.025838,1778651220000,3bc1bf7fb69f3ba3,,13.37
9.827645,Coimbra,11-05-2026 17:44:05,0.41,65.7,t2PigrunGk7ZmpkfnT4c,40.2083496079124,-8.39416347474617,20.201644,1778521445000,9d789fd91804129f,,22.45
9.851473,Porto,19-05-2026 15:19:20,0.03,76.3,OGXkizD9lpvAgeM3smAg,41.1764763730953,-8.6492969759068,18.408828,1779203960000,3c58290022ed11b1,,17.95
9.795077,Lisboa,07-05-2026 16:35:30,0.06,71,CJIjpwv8n9e7I72PTOqs,38.7217949508619,-9.1512334626698,16.788217,1778171730000,d57d393b16ba030e,,13.62
9.817871,Lisboa,03-05-2026 01:17:54,0.28,79,GHmvzm8sFg07BJPHdg21,38.7334397060141,-9.14689563514642,17.67296,1777771074000,8e7f2987241c2818,,15.67
9.818471,Coimbra,27-05-2026 11:02:35,0.2,71.9,BMzxqczx7bdjmxzUtXft,40.2010141694713,-8.44155448316707,17.400017,1779879755000,42d576864f9952c7,,17.16
9.845449,Porto,13-05-2026 05:53:03,0.39,66.2,jfTbutpvVY0fmCgGoTq5,41.1563563437648,-8.65707371625389,18.973236,1778651583000,bbbe498ee44f6349,,24.27
9.872734,Coimbra,08-05-2026 10:46:25,0.28,94.3,gdT4I3cCCI3x4QG8XuNZ,40.2141125909018,-8.40513843121936,16.840238,1778237185000,7d176c63414fcd05,,13.26
9.803566,Coimbra,05-05-2026 01:45:12,0.22,81.3,zhvPPdeIAbvapuc404UW,40.184347206121,-8.42624917651009,16.12504,1777945512000,c51d4eb54f89fec8,,22.94
9.836714,Porto,20-05-2026 17:02:06,0.2,76.5,82gS92qbRDBCbot9QDbc,41.1825431980205,-8.62918394713621,17.645823,1779296526000,8e2e127651e9cbde,,19.15
9.825183,Braga,15-05-2026 13:42:12,0.4,85.6,AYsyjiQwcPCqDBkfKJ1K,41.539755167998,-8.44878802514556,18.744064,1778852532000,3811390588367f0e,,18.11
9.794772,Braga,11-05-2026 12:23:16,0.24,75.2,RuKoaezGYqKCdCeLLixE,41.569289889377,-8.42337397836871,16.532945,1778502196000,c7f34dc43387f858,,22.42
9.804377,Lisboa,13-05-2026 06:19:12,0.33,71.8,2Sb3mslI0Du2OzCm5ShU,38.7017555063408,-9.14221823372301,18.808745,1778653152000,1d3db575c4a79d75,,17.94
9.841775,Porto,19-05-2026 15:35:57,0.17,67.4,a72lCNfRiAewrc8NG65Q,41.172247276719,-8.65600220986246,17.919554,1779204957000,95744df47936b8c4,,14.99
9.810122,Lisboa,01-05-2026 05:51:03,0.15,83.2,L4mtJhddpmtOvnXKmhOE,38.7169424878347,-9.11368033019199,19.466289,1777614663000,06961ead71f8b1d8,,12.79
9.816755,Lisboa,22-05-2026 00:55:25,0.13,73.5,LGgfxVVXEXWKWf8my1RC,38.7342494780662,-9.16391037104931,18.378087,1779411325000,3b1338c1207d1e2e,,14.05
9.791977,Lisboa,22-05-2026 11:33:25,0.01,85.1,jIdy4pN5yQIiqHeFZWO2,38.7086484421402,-9.11524150563048,17.582355,1779449605000,a8c47673d6a4f85c,,20.63
9.824634,Braga,04-05-2026 06:55:12,0.26,74.7,RuVG0kudIsZnrQlf3Uhk,41.5515093386903,-8.45508142227146,16.822715,1777877712000,1b1cc9cee9f27003,,18.13
9.781537,Porto,09-05-2026 21:10:58,0.37,81,HVYkLgqwt41DcPQu69s6,41.1682927568972,-8.60316883148157,17.798077,1778361058000,1b38ab967d98cc4e,,15.86
9.849957,Braga,16-05-2026 13:37:39,0.23,95.1,SwPZ4smj6SrsTnVNlldD,41.5297019689369,-8.45583840150763,18.21897,1778938659000,d57d393b16ba030e,,19.31
9.814073,Porto,02-05-2026 10:36:14,0.03,98.1,JLJSQMTrUVdVISVfzODk,41.1750199995066,-8.64126945645597,18.081308,1777718174000,3993ad7e2565b6b0,,20.75
9.833798,Braga,20-05-2026 12:12:21,0.16,89.4,pxgV8cDnGxeuZnsOnxBE,41.5687467000788,-8.39192811421947,16.435098,1779279141000,34cbefbc28798720,,16.05
9.826388,Lisboa,01-05-2026 07:03:00,0.25,82.5,NtAgCrxuAmYFJWchHFgT,38.6991554262088,-9.15399152452004,19.963554,1777618980000,330949523d665e3b,,13.29
9.832758,Lisboa,01-05-2026 10:06:04,0.28,76.7,zmscLAZgl4P7L8KkyZjR,38.700138844462,-9.11774637040284,18.071537,1777629964000,72bd2672c948d2cb,,26.51
9.812602,Braga,27-05-2026 08:55:24,0.13,73.6,hxCLDCA8s7imDHTGucC6,41.5596507263086,-8.4346322486592,18.266545,1779872124000,daf96d2280390dec,,22.55
9.818961,Porto,23-05-2026 08:53:12,0.03,104.8,wkmWYaXp1nSSuO4bglok,41.1655113626793,-8.59855080184282,17.749341,1779526392000,cbf338d836298cb7,,15.58
9.811713,Porto,06-05-2026 15:33:11,0.08,82.3,kZrNprgO9wRG668jif3k,41.175473110367,-8.60847360639655,17.958901,1778081591000,13db178cd9a1e37a,,15.56
9.792367,Porto,06-05-2026 00:36:02,0.34,76.2,JI40aSMIKv7dyAZxMYT1,41.1715670596285,-8.63836946011157,19.489167,1778027762000,552b8d6c350cb13c,,17.69
9.791168,Braga,14-05-2026 02:57:33,0.63,79.2,dbJUgtRwi5P4ZJzazILj,41.5368653241773,-8.40250527943697,19.420136,1778727453000,39a54d73a921b9f6,,20.2
9.829254,Porto,24-05-2026 21:23:32,0.35,95.4,b7EqMQUvlisM7NqQMPIL,41.1570095407485,-8.64294749081737,17.787214,1779657812000,c51d4eb54f89fec8,,15.89
9.821742,Coimbra,06-05-2026 20:48:10,0.23,81.6,bdCzKsfSAuRJDbV5ewi7,40.1978462200201,-8.42944789674161,17.544855,1778100490000,42ac1a2bf982f79c,,23.49
9.808613,Lisboa,12-05-2026 21:13:09,0.36,86.9,3vthO80TBCHOvobrtuyD,38.6981245280989,-9.11785781508929,19.283737,1778620389000,b572bc65fae8bec1,,19.44
9.826387,Lisboa,04-05-2026 01:36:31,0.15,97.4,8O0zp1iOtWUnmua9I7Pw,38.730108915193,-9.13839566209311,17.246741,1777858591000,d5eb4d757b335d0e,,20.33
9.809254,Porto,23-05-2026 13:25:04,0.14,56.5,5G7PTgyjAVYNHxl67bvB,41.1778646375315,-8.65584711311453,18.065905,1779542704000,91279a646f8ea6ac,,22.63
9.794998,Coimbra,28-05-2026 09:02:46,0.05,64.9,UVmj4PeKDXrzxznOHjxA,40.1766724373886,-8.3965846746721,18.225175,1779958966000,5afe6ceac06784f5,,18.38
9.810414,Porto,20-05-2026 02:30:56,0.04,69.3,ZSNCTAYIfoGK33YhbiPc,41.1394008188251,-8.62724339715845,17.502008,1779244256000,1b1cc9cee9f27003,,22.29
9.817587,Coimbra,26-05-2026 20:33:43,0.52,77.2,Lo1AvPUbcVQ7peNbIuDJ,40.2149520636434,-8.44335048172746,18.068679,1779827623000,d57d393b16ba030e,,20.23
9.806662,Braga,07-05-2026 20:02:46,0.03,96.3,bG7OywiZdDFs1HydlwWA,41.5355096569212,-8.44301688107095,17.953076,1778184166000,f7af4712fd6b9108,,17.44
9.81393,Braga,05-05-2026 12:05:21,0.25,92,1SQOyLdRMCj2CplPGxx1,41.544054004679,-8.4258941648678,18.092006,1777982721000,1b1cc9cee9f27003,,24.81
9.82746,Coimbra,24-05-2026 02:10:41,0.41,75.6,J7qV2aHxkW0lHAfMHiCj,40.2170619473489,-8.40396531878573,17.822446,1779588641000,7e8fb26408446272,,19.65
9.821944,Coimbra,19-05-2026 07:44:22,0.33,93.6,EBGkXTN6MXBEjHl03tg0,40.2185151134672,-8.38700320379061,17.712789,1779176662000,e9da39984fb29dc6,,13.29
9.783224,Coimbra,25-05-2026 14:06:38,0.11,73.7,cqkHIFGRMkuZKHz4CSjS,40.2033735722872,-8.38779929761447,18.664618,1779717998000,430f674c6dfe941a,,14.21
9.793814,Lisboa,15-05-2026 00:18:33,0.06,62.2,hOxEeEBkzKyD1lZIKixF,38.7018750748314,-9.13198333673026,17.121675,1778804313000,430f674c6dfe941a,,24.65
9.818196,Coimbra,17-05-2026 07:33:30,0.19,78.3,eqB6xMLGoermdM7M9wok,40.219042643999,-8.42104427926887,16.513526,1779003210000,1bd749deaf799034,,12.53
9.797557,Porto,12-05-2026 12:09:00,0.3,73,3PxRpcuQGU7yXYxqIn0o,41.1601456897538,-8.60227566366619,18.474652,1778587740000,cb4c1290e91970dd,,20.06
9.800827,Porto,06-05-2026 00:50:41,0.52,99.4,slx8fG2QBNDVvQAyQ64E,41.1538621299134,-8.65715319160062,18.378991,1778028641000,c837debb39dd1e68,,17.13
9.798986,Porto,18-05-2026 16:38:06,0,73,Uit20RcNDSwHyg9YpPX4,41.1758745657763,-8.6092402806442,17.573458,1779122286000,39a54d73a921b9f6,,16.43
9.794005,Braga,13-05-2026 11:11:04,0.22,76.3,zM7VpITqemEbCHEbo3Qm,41.5341685094841,-8.46034008402097,17.273423,1778670664000,867d47425e9cccc7,,18.1
9.807955,Porto,04-05-2026 05:09:22,0.09,75.4,Gj6yOdBScXyHk7TUfENC,41.1722392497053,-8.65869069595739,17.178141,1777871362000,75778bdb64d1008e,,19.61
9.851104,Coimbra,20-05-2026 09:13:19,0.12,71.3,bX8v4FZt5kawcPdIc4a9,40.1910603501994,-8.37943633718256,18.016053,1779268399000,c837debb39dd1e68,,20.67
9.823936,Porto,21-05-2026 07:25:00,0.01,82.1,aSzld9hhNMaYy1IJE4aV,41.1342834794669,-8.61805955451202,17.399486,1779348300000,63d3511e9e857901,,14.94
9.808063,Porto,08-05-2026 22:10:55,0.18,67.2,j8AVO2AoTrwztvcOOqXc,41.1623526139985,-8.60780332224372,19.094917,1778278255000,c31244cee16e0c77,,18.39
9.827853,Coimbra,08-05-2026 03:38:11,0.05,94.7,w2Mjiake9oNP1uYibE0A,40.2082598153861,-8.42489639854373,18.085179,1778211491000,fb188f553674b4c4,,16.79
9.793748,Lisboa,17-05-2026 16:22:35,0.25,70.5,njxA7h7PGY20mS0EchYv,38.7466961240885,-9.11353786763798,18.252375,1779034955000,91d55d217a2af234,,25.39
9.829441,Coimbra,16-05-2026 02:11:23,0.25,72.7,OA64BjhsSuUKGtRPH0SO,40.2217389523469,-8.41168483734427,17.774365,1778897483000,a2fd30e5fa49ad53,,22.87
9.800273,Lisboa,28-05-2026 19:03:40,0.24,69.5,oA9UgFRuyJkR1OzI2Xe4,38.7212118135633,-9.16842095578404,17.295608,1779995020000,5a7b6516c51a4d4e,,14.64
9.798548,Lisboa,16-05-2026 22:37:03,0.54,88.6,b6fOsv3DaasRb3gFmPoD,38.7314256631549,-9.10876471582897,17.008358,1778971023000,ec75a53f04901eec,,23.05
9.800446,Lisboa,09-05-2026 06:30:13,0.5,83.5,OASeohW3HHnNvvCcfAbg,38.7269375702883,-9.16763479165503,18.824481,1778308213000,514af2be7dc985d8,,9.98
9.816279,Coimbra,18-05-2026 23:09:57,0.06,82.6,Kt8kwSpuWi3xpCaNtjb1,40.1809642954188,-8.40254423431238,17.141369,1779145797000,18d281edb3671f44,,20.2
9.824782,Coimbra,16-05-2026 11:42:21,0.14,78.1,xmII3kjpPUrbKhCcXGSK,40.1769573876926,-8.42167336263409,19.07008,1778931741000,1d3db575c4a79d75,,15.88
9.827789,Lisboa,15-05-2026 19:39:26,0.17,91.1,nHjBFHjJkCwLH7CyH4cD,38.7440695733394,-9.14031999916491,16.748553,1778873966000,1bd749deaf799034,,18.11
9.80596,Porto,12-05-2026 05:10:39,0.04,75,tBL0kL1NonOGyVRnqwGF,41.1333502755122,-8.63942821270285,18.615166,1778562639000,cb4c1290e91970dd,,16.17
9.806572,Braga,19-05-2026 04:59:53,0.35,77.6,HvVTGs5PYLIeg0Oq1xFx,41.5305046140309,-8.40579183001888,17.899471,1779166793000,8dc02e5c153f83a3,,13.06
9.778531,Coimbra,20-05-2026 20:06:38,0.23,83.6,IHbxdSDtughvlsD0eHVC,40.1883644317547,-8.4080566400011,18.677256,1779307598000,63d3511e9e857901,,12.68
9.799222,Porto,02-05-2026 20:56:53,0.13,66.7,Wma5dpvQi2QEugDOlHzo,41.1746203166635,-8.66362835961724,18.57807,1777755413000,da211edc7bac01a0,,19.35
9.788281,Braga,27-05-2026 17:34:42,0.07,72.5,4XSG5pB6WcTRc5jMGtUP,41.5334822601776,-8.44050640027319,16.17054,1779903282000,c837debb39dd1e68,,17.04
9.840338,Lisboa,09-05-2026 21:57:16,0.45,78.2,GesWzOgD39Vk12EbfJKh,38.7301508819275,-9.12317621119039,17.682929,1778363836000,cb207a93391638cb,,15.48
9.852806,Braga,07-05-2026 01:49:39,0.22,96.7,FRiRIpzaBMyB2IGWXrXq,41.5461619871973,-8.42688134930846,17.72973,1778118579000,75778bdb64d1008e,,22.8
9.787331,Coimbra,05-05-2026 05:22:18,0.28,90.8,mm7iibA2lrTJbDk4Dsnv,40.2079364628064,-8.40253692914709,17.915985,1777958538000,57e17fffc619e182,,22.56
9.801056,Lisboa,07-05-2026 04:30:34,0.29,67.3,9FV6q9Sp5Xsi3d9Zvbks,38.7160677542145,-9.15927322962458,18.005813,1778128234000,57e7d972b508815d,,20.41
9.846418,Porto,18-05-2026 03:17:10,0.04,72.8,JOnT28Sswdm21CZoxaMl,41.1749362491464,-8.60534146997373,19.456053,1779074230000,552b8d6c350cb13c,,20.67
9.796004,Coimbra,17-05-2026 15:35:38,0.16,70.4,6RU2PkBeExfx2qfH7IPi,40.2254803318785,-8.40547204688952,17.217589,1779032138000,eb39e98aca20e7d3,,18.95
9.811569,Braga,02-05-2026 13:16:55,0.25,82.8,je3nBWPfnMLKYknj7nLR,41.5687814570853,-8.42597571840163,17.990735,1777727815000,6214b1b462c04096,,9.78
9.8129,Coimbra,15-05-2026 01:23:17,0.43,91.8,g728kjDAPRQa931C0IAB,40.221175292762,-8.42584560276635,18.726328,1778808197000,923d0315f3ae2bb3,,15.56
9.82605,Porto,20-05-2026 13:57:22,0.12,81.6,sPQiWa6DcFFgo8PxRKNj,41.181948540338,-8.59834232032262,18.010874,1779285442000,1d3db575c4a79d75,,23.31
9.816948,Braga,27-05-2026 13:30:23,0.03,72.9,LGuhfGVBVR3awrime4gP,41.5674514446871,-8.4562242307728,17.478067,1779888623000,5e1de20fecf98844,,18.65
9.801605,Braga,22-05-2026 20:19:53,0.06,73.2,9GM56rzzTFtyTuvbxCuQ,41.5387646002315,-8.45245907844048,17.917395,1779481193000,7e8fb26408446272,,22.26
9.801701,Porto,07-05-2026 05:02:55,0.11,60.2,rGjOuQa8IxVWefxtYK6q,41.1616158384259,-8.64830973431399,16.28527,1778130175000,e9da39984fb29dc6,,19.66
9.776522,Coimbra,01-05-2026 09:50:26,0.11,70.1,sB692xnq1kvtPjjWGJbP,40.2136218705819,-8.38652705218387,19.430473,1777629026000,2b95dd3cf28e7c18,,13.71
9.810248,Braga,09-05-2026 06:04:25,0.45,85.8,EPVSV95sXJb0uDMBS03O,41.5565194298468,-8.43218085674621,19.038043,1778306665000,91d55d217a2af234,,22.38
9.827286,Coimbra,11-05-2026 01:16:31,0.11,67.9,wkcgHJMDz3ffdR4MC1Bm,40.2124411568314,-8.43167642252929,18.785947,1778462191000,556be8558ce56421,,14.17
9.798405,Porto,21-05-2026 12:28:10,0.23,72,3U0P47PwpxSQJeJ12L0J,41.1397306657062,-8.62779519995941,17.959124,1779366490000,17b4966e9be4d8d8,,16.72
9.784367,Lisboa,06-05-2026 04:25:42,0.17,79.3,CkfqHzJIkOpJTYwwhQwg,38.739543874566,-9.1110801978483,18.197707,1778041542000,ec75a53f04901eec,,13.43
9.813558,Porto,12-05-2026 21:31:49,0.37,75.6,qzBCpdG0I8aqIQaHflUF,41.1728573804861,-8.60205935493793,16.856274,1778621509000,3c58290022ed11b1,,13.29
9.805872,Braga,21-05-2026 21:39:07,0.08,81.2,cfWhfxB761Ap8OhVZebU,41.5642108487826,-8.41234753189073,18.193425,1779399547000,9d789fd91804129f,,14.97
9.805713,Coimbra,20-05-2026 08:01:37,0,83.9,JqBf1vNgbhtuk6K7CPZg,40.198217747041,-8.40446125963291,18.619554,1779264097000,c9ab51cba10ae1e9,,14.73
9.774602,Coimbra,14-05-2026 06:45:26,0.32,70.3,R6g7X4emG2C4ua6KmeOa,40.2121312794586,-8.3933931609922,17.940043,1778741126000,5311a0642c2564ad,,18.37
9.788927,Coimbra,24-05-2026 09:25:16,0.31,80.7,vSwQ6NNFh4EECk3hBysd,40.2148845811706,-8.38232947092434,17.223146,1779614716000,c34c1310eab19c87,,16.39
9.818902,Porto,16-05-2026 13:20:09,0.17,85.5,vm9qxrDNWEiI5VRbG1MW,41.1744909012094,-8.59525116816985,16.400818,1778937609000,91d55d217a2af234,,17.97
9.806064,Braga,17-05-2026 21:16:59,0,64.7,BgzUIM80Jm2FQubgtJ7h,41.5451272509169,-8.43943009813198,17.555637,1779052619000,f879804e4456e5d4,,20.05
9.811625,Porto,02-05-2026 08:06:37,0.28,74.5,Rpz3rTzwSEzeVOYcxi0F,41.1802279953621,-8.65283299134623,15.870391,1777709197000,b572bc65fae8bec1,,17.74
9.774735,Braga,17-05-2026 17:47:36,0.16,70.9,6m5utEEJ9RdhulB0QaFs,41.528635368347,-8.39798562489127,16.660538,1779040056000,64a94f9052422a0c,,12.31
9.857639,Coimbra,17-05-2026 08:30:59,0.5,66.4,6HmKFUJWrCMh8TRz5z9u,40.2068680693945,-8.40174531379949,18.185437,1779006659000,55b620d8c0ab41e0,,15.9
9.821336,Porto,01-05-2026 19:49:25,0.34,93.4,YolTmhjqOGP4UKhWq0kF,41.1461998141043,-8.64639443141161,17.651086,1777664965000,bbbe498ee44f6349,,21.39
9.81576,Lisboa,25-05-2026 12:49:35,0.15,91,gxYMyutv5RIjZE8nDSlb,38.7022249710901,-9.1268389743948,19.773984,1779713375000,91d55d217a2af234,,18.71
9.825764,Coimbra,24-05-2026 23:56:39,0.13,89.4,irbGiJn81nO7dbRKlEno,40.177005429085,-8.40850281096181,18.45748,1779666999000,389da1f3a7c1d8de,,13.96
9.798993,Lisboa,09-05-2026 15:37:58,0.43,88.4,uFb0jT8zRFkeIkwF51eZ,38.7035721462438,-9.11210371340184,16.288563,1778341078000,53c682ded6545e06,,15.73
9.810472,Lisboa,06-05-2026 23:17:55,0.25,71.2,EvpYzoMCIXyPMcozh02H,38.7197345913097,-9.1578368220897,18.535392,1778109475000,b8e78b83a62a0cb7,,24.33
9.769364,Lisboa,27-05-2026 00:08:56,0.14,78.3,kZLGPm9nALeLvCgEJ8na,38.7082483400223,-9.12385184077372,18.689578,1779840536000,72ba4e2f87adceb5,,19.28
9.845228,Porto,18-05-2026 20:49:09,0.39,80.3,tqfuJMzJL8RF2tHjQ0ID,41.1682787342868,-8.66294026373234,17.58886,1779137349000,42ac1a2bf982f79c,,18.23
9.785746,Lisboa,11-05-2026 03:17:02,0.04,89,RRmWgI41PpQNbVVi62fu,38.7441797191934,-9.13679570364848,18.183567,1778469422000,d4389e820d4f82fa,,16.75
9.821729,Coimbra,08-05-2026 12:02:52,0.3,84,aI9nSA6g2UySljGELsEo,40.1892389963499,-8.40060667112807,17.184962,1778241772000,63d3511e9e857901,,17.89
9.850259,Lisboa,06-05-2026 00:09:25,0.01,86.1,IV4MWAEgKAwkPBPp2Tak,38.7211393138399,-9.12949718945935,17.695563,1778026165000,cbf338d836298cb7,,13.57
9.793574,Coimbra,26-05-2026 12:14:08,0.3,99.1,YniPRCU05nKVU7KWAByl,40.2248769381364,-8.41589589305061,17.085306,1779797648000,552b8d6c350cb13c,,15.19
9.786036,Porto,14-05-2026 16:17:55,0.33,80.2,1kIYnUL7ReQCwQZyFnW9,41.1620761328294,-8.65037666973823,17.505544,1778775475000,8e2e127651e9cbde,,12.51
9.815837,Lisboa,07-05-2026 07:51:21,0.3,79.4,3a1TrFQRSXobgLiqKRb2,38.6977951430849,-9.13699752860518,17.661329,1778140281000,5a7b6516c51a4d4e,,16.96
9.807009,Coimbra,26-05-2026 18:07:56,0.12,80.9,rg3JnP0nwADjbER3ReZP,40.1914011369142,-8.40959322601833,17.372365,1779818876000,e7eb35b501d57e1f,,10.6
9.798692,Porto,11-05-2026 20:05:01,0.26,87.2,rV7iDl74ldHKZxIRaNbQ,41.1368061469394,-8.61409979131517,17.587579,1778529901000,b30b0b43692b035b,,23.2
9.809426,Porto,23-05-2026 12:19:07,0.5,66.6,sQI9YLGAiibAI8AEpArp,41.1503812594934,-8.59982402679515,19.527684,1779538747000,3993ad7e2565b6b0,,16.51
9.785719,Lisboa,13-05-2026 01:55:38,0.12,57.4,LHX9lP7d3i2KOcezTWzx,38.6987447872787,-9.14813479966519,18.31047,1778637338000,3bd002cf1fcfa789,,15.21
9.788935,Porto,24-05-2026 21:14:28,0.37,74.5,9WWkpQsnRBzOAsCNHQYQ,41.1504921370053,-8.631747785565,16.765953,1779657268000,131c7dd8f3ab4b35,,15.43
9.834215,Lisboa,01-05-2026 09:03:37,0.05,84.9,pwbryGXSdS1guSiCY9zw,38.7294620529783,-9.11099427219911,17.235769,1777626217000,6f36a3307488809f,,18.12
9.799243,Porto,12-05-2026 23:05:06,0.32,71.4,D01x4SGvAMQYm16WSNPA,41.1646154507976,-8.63677636577939,18.903339,1778627106000,7182af742e04dc6d,,17.76
9.81629,Braga,09-05-2026 09:49:44,0.13,81.5,N9hMqUOvSF5ypP9qn3pM,41.5663066377367,-8.45303260447753,17.691571,1778320184000,d57d393b16ba030e,,16.07
9.793694,Coimbra,11-05-2026 16:47:19,0.34,65.9,BhMo70CT2QUDPdzhNG1E,40.1800464903918,-8.4283503116427,17.768276,1778518039000,7182af742e04dc6d,,11.59
9.782354,Porto,27-05-2026 15:32:20,0.07,90.4,ZReA4yPLK9mrPfdv26vy,41.1814810809369,-8.61900737904925,17.400517,1779895940000,9d16533a62ab9315,,27.09
9.777035,Coimbra,07-05-2026 05:12:02,0.03,89.8,Zric7OPC407WG5slODhW,40.2175854096138,-8.43401065592067,18.592082,1778130722000,57e17fffc619e182,,18.44
9.772555,Coimbra,22-05-2026 07:38:21,0.1,81,v4zZtJA0CVWhq0oAr7IK,40.2265994151962,-8.44116900022379,15.68057,1779435501000,53c682ded6545e06,,25.78
9.816224,Braga,23-05-2026 09:06:56,0.35,86.7,56M8a4GGOES9ad3jxg7H,41.5639586378214,-8.45655653941193,18.856842,1779527216000,1791998ac3161359,,22.36
9.815071,Braga,20-05-2026 03:38:45,0.27,79.9,kWu6ppqse23Xh9aklceo,41.5485279922413,-8.40011923102989,17.868864,1779248325000,552b8d6c350cb13c,,15.95
9.82144,Braga,28-05-2026 20:12:08,0.17,71.5,ij6H38N7mDaV7MUN3F7l,41.5222565793183,-8.46078287138817,17.152454,1779999128000,2618243a251bd83f,,16.95
9.822321,Coimbra,10-05-2026 12:06:32,0.2,73,oQ5d51ajZnkISukhjrac,40.1895147671788,-8.43515097216251,18.575315,1778414792000,d4389e820d4f82fa,,16.92
9.833236,Coimbra,05-05-2026 13:19:29,0.33,80.8,9tVHzcbzrZ2LRGGVkqDS,40.2216246468078,-8.43642686307061,19.956701,1777987169000,0e52f2934d8ce165,,17.03
9.822899,Coimbra,09-05-2026 05:35:45,0.31,73.6,a3VlDzLTMLb0Y0r5ucRJ,40.2091931169683,-8.40067539257804,17.937439,1778304945000,d57d393b16ba030e,,12.55
9.791248,Braga,09-05-2026 05:57:29,0.15,85.9,9XBU3NiDJk0RNFk3V5vn,41.5192858949857,-8.41667703594831,18.651762,1778306249000,8f8c45c33ff51d0e,,19.2
9.847023,Braga,16-05-2026 08:32:00,0.33,85.2,CrdeVlyIrWNc6726IwAs,41.5560992851547,-8.42723957799166,18.578908,1778920320000,c34c1310eab19c87,,19.25
9.833295,Braga,17-05-2026 02:32:27,0.06,86.7,N99ohjqHpWXI47lCMdyO,41.5260999593124,-8.46189515637456,18.09895,1778985147000,b8e78b83a62a0cb7,,20.15
9.796573,Lisboa,15-05-2026 18:31:20,0.43,72.9,CpqQJVvrhn14ioBy76eA,38.7477517895414,-9.11571282543359,20.090987,1778869880000,e9da39984fb29dc6,,14.28
9.79662,Braga,02-05-2026 13:25:18,0.16,91.4,QX2RJeMQDnRVmTOqNtvj,41.5635372174337,-8.44943055747727,18.633048,1777728318000,63d3511e9e857901,,21.59
9.805185,Porto,14-05-2026 14:30:02,0.08,83.3,PdwkARFmHPXGN8aPCXyU,41.144496841978,-8.60919226329201,17.026693,1778769002000,bc74204126e384ca,,19.26
9.834754,Porto,27-05-2026 14:47:22,0.05,76.7,ESyoQYQ0NvsTcbZ5k0ia,41.1443267344082,-8.61960840216149,18.091463,1779893242000,daf96d2280390dec,,16.86
9.823538,Braga,23-05-2026 03:03:29,0.4,73.2,JYALxgkEV93a2uFbTkEm,41.5657973005113,-8.39982822296806,18.849744,1779505409000,d5eb4d757b335d0e,,14.25
9.84396,Porto,26-05-2026 05:11:17,0.22,81.7,l6ddaQcnLa1fhdJddK8l,41.172516783325,-8.59399318641695,19.168515,1779772277000,bbbe498ee44f6349,,19.98
9.774561,Braga,01-05-2026 04:16:35,0.08,74.7,29I16HEGgvh5sgDGL1kB,41.5244672962978,-8.39339971462521,15.694994,1777608995000,2f2bd7547d602b7a,,18.34
9.81316,Lisboa,04-05-2026 19:28:56,0.08,68.2,Z5zlVs3iMw7R5xx6oGEd,38.7107146466982,-9.1700840099072,17.900624,1777922936000,e1bd0a847e7079be,,13.23
9.828391,Coimbra,15-05-2026 16:33:03,0.09,88.4,8l6TV3dxJQm8iTHoEeSx,40.2276586223032,-8.43934080530882,17.71981,1778862783000,de2dde23040292bc,,20.91
9.839157,Porto,06-05-2026 04:06:15,0,78.7,soYg9c9eBPdMCUbVBDPc,41.1761249383279,-8.66331517121318,18.348824,1778040375000,c7f34dc43387f858,,20.02
9.791616,Lisboa,14-05-2026 06:07:02,0.01,79.4,8956Nn7wcGTZaxr1lnoX,38.7341325802187,-9.17314482198173,18.073643,1778738822000,cb4c1290e91970dd,,19.16
9.861749,Lisboa,06-05-2026 20:56:27,0.29,68.2,JWZ4hWp70q9lRIOGhxfQ,38.722292544102,-9.16872992153778,19.335125,1778100987000,b8e78b83a62a0cb7,,19.97
9.796994,Lisboa,28-05-2026 12:46:39,0.66,96.6,4KauoDL6PTOLKgTwQ5v0,38.7191464165804,-9.11360130582462,17.773727,1779972399000,42d576864f9952c7,,22.69
9.802598,Coimbra,19-05-2026 18:46:12,0.45,96,tP1gHWgBiUJlyhZTm2zj,40.1843730475447,-8.39502750847199,17.140496,1779216372000,867d47425e9cccc7,,15.87
9.818348,Lisboa,06-05-2026 18:03:09,0.15,77.8,fDQOmSWKuKojLx4trU7V,38.7079328322727,-9.15369893196134,19.388744,1778090589000,5afe6ceac06784f5,,24.05
9.801712,Porto,19-05-2026 17:33:45,0.65,62.9,RifJlCba3W3WzX02V36i,41.148992028437,-8.64202178845459,18.691002,1779212025000,e84878f982129128,,20.62
9.81126,Coimbra,03-05-2026 02:01:10,0.24,79.3,7XXtt3EA9cOFFMG1LHKy,40.2061988002266,-8.41584244216191,18.70624,1777773670000,d5eb4d757b335d0e,,24.71
9.765662,Braga,15-05-2026 03:35:34,0.29,79.2,om0TNP7JVM59HZv0YXju,41.5465133752448,-8.42662106449614,16.565196,1778816134000,6f36a3307488809f,,13.48
9.817593,Porto,08-05-2026 20:19:47,0.44,84,kwUu4Jb3pThYuoMVvZne,41.1474693338426,-8.61791415948091,18.266375,1778271587000,3bd002cf1fcfa789,,10.97
9.805237,Braga,07-05-2026 07:10:17,0.36,66.1,tUGvQEveCrpXZ8eM0l76,41.5223860773577,-8.43688435596015,18.745796,1778137817000,8e2e127651e9cbde,,18.78
9.821751,Coimbra,22-05-2026 17:30:49,0.24,76.4,S5pgtxClBPxtlu6GQBVz,40.1832607243733,-8.38172404780889,17.648348,1779471049000,8f8c45c33ff51d0e,,22.47
9.816893,Porto,13-05-2026 18:56:22,0.06,77.9,5SghBaIh0bFtQv6kwtO1,41.1751530743927,-8.62407446869658,17.859032,1778698582000,389da1f3a7c1d8de,,24.38
9.814909,Coimbra,17-05-2026 00:22:53,0.07,80,7Hxuhfd3OWXI6b31mazR,40.1826576968928,-8.3772197884608,18.728093,1778977373000,552b8d6c350cb13c,,20.83
9.804523,Porto,03-05-2026 22:38:02,0.27,68.4,DID9dpODgnWhf6WLtOi6,41.1496228212879,-8.63064697863784,17.89036,1777847882000,1791998ac3161359,,23.4
9.804996,Coimbra,21-05-2026 07:54:58,0.53,74.1,yB68aBnjJSVENHJeWwLr,40.1804610795336,-8.44133602904559,19.848537,1779350098000,f879804e4456e5d4,,20.28
9.82592,Lisboa,03-05-2026 23:33:24,0.05,89.6,KO3v8uPTLKZgvlW4rlES,38.7184488558908,-9.1070836009552,17.960511,1777851204000,24d6a87b0598b02e,,23.95
9.813592,Lisboa,05-05-2026 22:31:48,0.26,85.9,ZOgvm5OR45zqrXoWeyko,38.731249456307,-9.13183863892999,18.716523,1778020308000,42ac1a2bf982f79c,,17.49
9.809322,Porto,01-05-2026 07:27:07,0.23,87.8,tRwXPk3cHWkmua31NyGI,41.1841292961616,-8.60478662779971,19.207555,1777620427000,da211edc7bac01a0,,20.2
9.821932,Braga,20-05-2026 16:56:24,0.17,75.5,SGAFAIq60qreQX7jh3MY,41.5220014557944,-8.44168948609438,18.772563,1779296184000,2f2bd7547d602b7a,,15.7
9.809586,Porto,08-05-2026 04:12:05,0.37,93.8,jOhFILti5WAUamjaaWU5,41.156981143379,-8.66128885241219,18.481375,1778213525000,e1bd0a847e7079be,,16.82
9.807532,Braga,06-05-2026 12:04:18,0.01,88.7,tiwMtSjGpXLSJghjhcvL,41.5541721183314,-8.46102093279778,17.25925,1778069058000,923d0315f3ae2bb3,,22.86
9.813632,Coimbra,05-05-2026 03:53:25,0.14,74.2,RqRr5jS5mzaSjuAFp5lS,40.2234869668228,-8.38199109059514,18.92485,1777953205000,f7af4712fd6b9108,,13.97
9.805991,Braga,08-05-2026 23:13:02,0.14,77.5,Uld45MU9u0v4taNmro5y,41.5506189260655,-8.4299956551628,18.577999,1778281982000,c31244cee16e0c77,,15.79
9.780145,Coimbra,03-05-2026 16:33:06,0.34,90.3,bzYAx3ZzRKmbUbUOMcpG,40.2072343024921,-8.4258825644074,18.391329,1777825986000,6f36a3307488809f,,17.47
9.813249,Coimbra,22-05-2026 19:28:56,0.91,96.5,4forlJiom9r29rp0bSqE,40.1935749646258,-8.42222651507948,17.089812,1779478136000,95744df47936b8c4,,21.94
9.806875,Porto,01-05-2026 13:21:56,0.29,90.5,fV0mMwsYgsK3hWBhPUff,41.1475289729276,-8.63015687795009,19.50662,1777641716000,9cbee3c1d7168837,,19.14
9.792208,Braga,20-05-2026 23:20:56,0.04,89.3,f9Mz0l5pXiOzVIAjxf1m,41.5469138296557,-8.45195492093671,17.598365,1779319256000,fb188f553674b4c4,,16.1
9.789445,Porto,09-05-2026 17:07:18,0.4,73.5,z4NKwf84Md20AkMWttjb,41.1791140472668,-8.6600979380703,17.794305,1778346438000,bc74204126e384ca,,15.15
9.817512,Lisboa,10-05-2026 18:08:04,0.08,85.9,BVv4F42gYjJFwTnnQ4sG,38.7046625668226,-9.17238447672837,17.662068,1778436484000,7182af742e04dc6d,,16.95
9.793259,Porto,01-05-2026 22:24:53,0.21,71.9,mBZd06t0KsFqTY3ZXihr,41.1660215669395,-8.60946323015542,16.243556,1777674293000,f7c6682ad24d37f8,,17.68
9.803529,Braga,27-05-2026 00:40:08,0.43,86,DgJYLJbsuDYzLlkKBkw3,41.5365708864805,-8.40924445703394,18.24601,1779842408000,f7af4712fd6b9108,,19.37
9.771905,Lisboa,01-05-2026 21:38:54,0.03,69.3,RjhE3B0M7OR8LSLxNdwo,38.7364286264805,-9.10918834993022,18.316052,1777671534000,0e52f2934d8ce165,,18.73
9.821209,Porto,05-05-2026 04:45:55,0.48,69.2,4NDt2dzp84YP1NxNdEa4,41.1450601273204,-8.60787127901357,18.385715,1777956355000,fb188f553674b4c4,,13.08
9.792694,Porto,03-05-2026 23:54:23,0.06,89.3,4ppK8FnuhXbXLa51LmQn,41.1646130129263,-8.5980771402271,17.284549,1777852463000,9d16533a62ab9315,,15.21
9.822418,Porto,12-05-2026 15:55:31,0.36,82.1,LHRuKe3qSyNp3zy9UTyo,41.1590223086206,-8.61530195093205,16.234594,1778601331000,3db4e6efff8b7518,,25.53
9.78555,Porto,03-05-2026 01:06:51,0.45,85.3,hGSa4EoOkXgHL9XOwhrP,41.1674954995113,-8.62374553861311,18.383148,1777770411000,34cbefbc28798720,,15.6
9.781479,Porto,14-05-2026 11:29:51,0.11,65.6,1HzcCR4fDWUFusxXYbFO,41.1640402534586,-8.61534801492947,19.342455,1778758191000,1bd749deaf799034,,16.42
9.798886,Lisboa,21-05-2026 17:46:25,0.21,87,bsXFF7S6KdXTdfZ9OmJY,38.7456256717853,-9.14653134407288,18.283369,1779385585000,867d47425e9cccc7,,18.17
9.801811,Lisboa,23-05-2026 08:52:55,0.53,79.8,eL425fpNlehFdVuL1syy,38.7264238837652,-9.12739628576295,18.936344,1779526375000,2618243a251bd83f,,22.37
9.791626,Coimbra,24-05-2026 00:26:19,0.19,91,0DQKm4GLizMrHfoQpUx9,40.1820561941542,-8.3881677566109,16.48203,1779582379000,34cbefbc28798720,,20.16
9.799735,Braga,14-05-2026 12:41:48,0.04,64.5,dOQbwVsvobti4gsU6Up0,41.5502394031194,-8.43694763414479,18.378778,1778762508000,e8c9832b5c388bb5,,18.61
9.807817,Porto,20-05-2026 21:23:17,0.74,76.7,hJ4L4LX67NqbmzQ409Uq,41.1680811570987,-8.63494568755951,17.365248,1779312197000,9cbee3c1d7168837,,21.49
9.810308,Porto,05-05-2026 09:02:30,0.01,71.5,GF610JOnnlykhbboQ2Iv,41.1384313134804,-8.62615958045257,16.427375,1777971750000,ae7ec9246c4649bc,,15.62
9.809061,Lisboa,17-05-2026 02:37:52,0.15,64.5,guQlgLHWmASjn6TbIfXO,38.7209882496695,-9.13475598360376,16.9953,1778985472000,cbf338d836298cb7,,12.19
9.788392,Coimbra,24-05-2026 08:42:32,0.59,101.8,firidtqevzIRi2UP0dZE,40.1839329622489,-8.41750254466103,18.814515,1779612152000,ae7ec9246c4649bc,,14.99
9.802997,Braga,28-05-2026 14:50:57,0.17,86,OKsKSNr2YOdY6WhTHN0H,41.5445330674762,-8.39861404212623,17.292301,1779979857000,5e1de20fecf98844,,12.57
9.822443,Braga,28-05-2026 23:14:00,0.09,85.5,WWTPyCqdGPAxAUcbYk3V,41.5391917130116,-8.44947076285383,18.354387,1780010040000,06961ead71f8b1d8,,16.22
9.793459,Braga,24-05-2026 19:47:47,0.16,80,otL59mwVxnrhEydEM4SH,41.5498613378738,-8.40806476712989,18.262709,1779652067000,da211edc7bac01a0,,20.04
9.794788,Coimbra,12-05-2026 19:04:01,0.1,95.8,AUJXNh7MwlcL2HtyS6p7,40.1975405563493,-8.4035656789323,17.775872,1778612641000,330949523d665e3b,,12.73
9.806123,Lisboa,06-05-2026 02:13:48,0.23,85.3,2tWYB3mOZntRt7ThNcfl,38.7218677260906,-9.14153380547688,19.598064,1778033628000,9cbee3c1d7168837,,20.08
9.815538,Porto,15-05-2026 17:47:10,0.2,75.5,1Kq9jXd5CqGdevxMDkdw,41.1844312385603,-8.62339096022202,18.985787,1778867230000,2f2bd7547d602b7a,,21.8
9.78846,Coimbra,04-05-2026 19:37:49,0.2,87.2,iVAOJbDxcPdKyDaGp5n4,40.1932790671199,-8.43356683385777,16.874651,1777923469000,a8c47673d6a4f85c,,20.16
9.789009,Porto,12-05-2026 10:23:34,0.05,55.7,1mHiGEGRNOUNRfR9Cjm8,41.1540546203366,-8.60768940260324,18.096824,1778581414000,8f8c45c33ff51d0e,,17.54
9.867342,Lisboa,27-05-2026 02:50:12,0.04,83.8,w52gmBMXMkGFgTbbln2Y,38.7476378871726,-9.1352483043617,18.336933,1779850212000,cb4c1290e91970dd,,16.23
9.82859,Coimbra,14-05-2026 01:27:20,0.09,83.6,enswYXSxeAnHG90GWplG,40.2225163050293,-8.38664385760659,17.29447,1778722040000,c34c1310eab19c87,,11.74
9.799972,Coimbra,02-05-2026 23:13:45,0.13,82.8,DuqSNIZeheWIaNJfAB0R,40.2129563848741,-8.39455500255995,18.221699,1777763625000,cbf338d836298cb7,,17.07
9.818612,Porto,27-05-2026 17:28:08,0.06,70.2,P9MgThjGht9EgrpJRscg,41.1700016735893,-8.62582637461671,17.237658,1779902888000,04964f8452901231,,11.85
9.806697,Porto,02-05-2026 09:56:54,0.44,95.4,R6X6mm7vN8B1Ldd43Dcv,41.149207220439,-8.61965318103614,18.366089,1777715814000,3bc1bf7fb69f3ba3,,21.19
9.856001,Lisboa,07-05-2026 12:32:36,0.19,75.1,FCfJALHAI4mdhCFBlzdN,38.7062943806132,-9.13097599557096,16.879309,1778157156000,b30b0b43692b035b,,22.56
9.792652,Lisboa,24-05-2026 07:02:20,0.55,76.3,txpEMxWPzN0AJkzZ7SdT,38.7349079416561,-9.16382099910637,19.226624,1779606140000,3811390588367f0e,,22.63
9.826916,Coimbra,01-05-2026 22:04:33,0.18,63.9,hCNOxJIRU6ncpovdb9nC,40.2089030704217,-8.40601174061941,16.334246,1777673073000,64a94f9052422a0c,,18.23
9.814102,Coimbra,26-05-2026 05:15:14,0.16,83.1,uudnJ3rRCXZfaAHP18N8,40.1975447062257,-8.44326426651926,17.966068,1779772514000,e1bd0a847e7079be,,10.15
9.820702,Coimbra,23-05-2026 17:24:12,0.27,81,BC1826jpSfd7RhTbNs7w,40.1867455537355,-8.44039211582903,16.521305,1779557052000,c31244cee16e0c77,,24.16
9.834626,Coimbra,02-05-2026 11:36:51,0.2,87.1,ka1Fob1Ieym9sGhfbWvb,40.1954684424776,-8.43830429381155,15.51763,1777721811000,cb4c1290e91970dd,,21.06
9.817334,Braga,17-05-2026 01:01:26,0.34,76.3,CY4D9XlBf2MuITtXp5yh,41.5600723448505,-8.40737648555865,19.005332,1778979686000,fb188f553674b4c4,,18.7
9.810701,Braga,18-05-2026 00:14:55,0.2,80.5,wZIQjsmtH3jjH60a2YGv,41.5706016662159,-8.44885722972586,17.153225,1779063295000,d5eb4d757b335d0e,,19.7
9.791588,Coimbra,11-05-2026 06:01:34,0.16,93.4,kpKfATgYpVvZajtI3QU8,40.1968578293273,-8.37941624188608,17.26336,1778479294000,95744df47936b8c4,,18.32
9.792924,Lisboa,09-05-2026 13:50:00,0.49,95,zG8C8SZOdHIczS1nw218,38.7462062317418,-9.11229905242826,18.979148,1778334600000,e9da39984fb29dc6,,24.23
9.813036,Coimbra,25-05-2026 10:41:28,0.37,87.6,OMJjcYwtfpD72V2lIlNg,40.2186646220854,-8.38934938544738,18.177292,1779705688000,18d281edb3671f44,,18.28
9.828673,Braga,14-05-2026 18:29:57,0.23,86.5,hOzNv7ZPJ7ddYAHqeWRe,41.5420797226285,-8.4337511049409,15.871844,1778783397000,06961ead71f8b1d8,,17.3
9.768062,Coimbra,03-05-2026 15:10:56,0.26,70.1,2V6ekj3gWiwI4YtYZFXj,40.1781441494613,-8.43401456337129,17.45942,1777821056000,39a54d73a921b9f6,,21.28
9.830754,Braga,25-05-2026 23:58:08,0.19,85.1,4sGK5S4oWPAK6GaSikvc,41.5466745714929,-8.40397914971509,18.676874,1779753488000,39a54d73a921b9f6,,8.01
9.810204,Porto,23-05-2026 16:14:05,0.15,62,QJXfnESrlZ0gtYfuWEbK,41.1426086290553,-8.61756588326199,15.867096,1779552845000,13db178cd9a1e37a,,17.28
9.820955,Lisboa,13-05-2026 21:45:14,0.29,68.8,ZavNILKkzhhbRt1sU6FV,38.7024487041427,-9.16543045135158,18.617577,1778708714000,389da1f3a7c1d8de,,19.52
9.82396,Coimbra,06-05-2026 07:06:41,0.05,76.4,0sKXrmsawdfo0XX6A7Gg,40.2124244181729,-8.38829616490302,17.884012,1778051201000,eb39e98aca20e7d3,,17.95
9.796559,Lisboa,19-05-2026 00:00:15,0.1,67.6,ZuZqSSxkouxWGMDiLZux,38.741529815018,-9.12078851170004,17.504611,1779148815000,82a83fc853728306,,15.05
9.827041,Porto,08-05-2026 03:16:27,0.05,68.3,egaHFP3futaY1NKklN7R,41.1498248181911,-8.6387995625782,19.043381,1778210187000,c9ab51cba10ae1e9,,21.64
9.806365,Lisboa,01-05-2026 09:13:52,0.11,74.2,jpRYbMUPD8kM6yRDXI4k,38.7391493802573,-9.11662989228362,17.422989,1777626832000,1d6285f5502cf1f8,,14.07
9.827128,Coimbra,07-05-2026 15:22:14,0.06,78.2,GuNbrcAidKOt3oZsha6j,40.1967493209054,-8.40515476748622,18.050905,1778167334000,04964f8452901231,,18.22
9.811856,Braga,01-05-2026 20:01:23,0.43,76.9,YQmdVhYepiy8ppMIJAGt,41.5571790059995,-8.40743515738558,19.002601,1777665683000,cb4c1290e91970dd,,18.07
9.801059,Coimbra,24-05-2026 10:16:02,0.13,78.8,9rVGh3wRp5KZZflk56fM,40.1993079437993,-8.40813777099334,19.430999,1779617762000,2f2bd7547d602b7a,,12.51
9.823195,Porto,20-05-2026 10:53:36,0.45,91.3,6uAKdrWpAY5StSUqqUW5,41.1446209858009,-8.61483517934943,18.092044,1779274416000,7182af742e04dc6d,,13.74
9.818611,Coimbra,07-05-2026 16:23:04,0.04,76.4,eTeaACaNNOc8xnO3cokA,40.2169545143721,-8.42724605539764,17.447555,1778170984000,fb188f553674b4c4,,20.88
9.814581,Porto,27-05-2026 23:05:13,0.05,82.3,gcqbR1tr7BqWW5ZzoIKJ,41.1776325988169,-8.65822673522246,18.437072,1779923113000,9d16533a62ab9315,,16.95
9.844015,Braga,04-05-2026 04:27:31,0.52,67.7,tUqVON2FKcSP6QvOF9Po,41.526007214146,-8.44030603751018,16.555334,1777868851000,c85cdb0ef48d09c8,,9.68
9.823463,Lisboa,14-05-2026 01:38:54,0.36,85.5,BpgGMTk51C7wcWaAQRK1,38.7226494396377,-9.15090392903003,17.126825,1778722734000,75778bdb64d1008e,,20.98
9.811136,Braga,02-05-2026 04:52:54,0.19,81.7,6a9u6bTA9TETTsXG77O8,41.5239407038023,-8.44889584065648,17.244854,1777697574000,2b95dd3cf28e7c18,,28.35
9.831312,Porto,05-05-2026 20:23:33,0.09,68.3,ifDbNLTssLu4DeIenqhd,41.1727979474542,-8.61456118817864,16.392297,1778012613000,3993ad7e2565b6b0,,19.75
9.80785,Braga,06-05-2026 16:33:31,0.46,99.4,yKg1TIW749vnAedAFbDz,41.5648368891042,-8.46061805872532,19.638458,1778085211000,1bd749deaf799034,,11.18
9.783456,Coimbra,16-05-2026 17:50:52,0.08,63.2,HNh2iEZgEEp9YkzIPuT8,40.2022740592484,-8.44520179898744,16.689757,1778953852000,13db178cd9a1e37a,,12.61
9.814055,Coimbra,03-05-2026 22:21:03,0.01,84.5,wViGLseA0QSJZBZoeG9w,40.2051557293744,-8.38432731639275,17.661836,1777846863000,19a558ecc36977ce,,25.32
9.812917,Lisboa,23-05-2026 05:48:24,0.04,88.1,TFICNQ8au5Vt74h6fBQV,38.702143044984,-9.1519476412681,16.755041,1779515304000,42ac1a2bf982f79c,,20.2
9.796884,Coimbra,18-05-2026 08:51:21,0.09,79.1,sb9O6ujXtiB91MXNAQ8L,40.2084929828181,-8.43902722155471,15.945466,1779094281000,057c44d337463e07,,11.56
9.828189,Coimbra,20-05-2026 23:02:12,0.18,73.4,BNYK0adDJlGZ7hz0aqhW,40.2070890791717,-8.3820960288452,18.174627,1779318132000,c0014ea2ee2fdaea,,16.46
9.818352,Braga,21-05-2026 14:02:10,0.06,79.5,Qcs6K940EcnJptgape4g,41.5451886042707,-8.40013291437158,17.176494,1779372130000,7e8fb26408446272,,18.77
9.832102,Porto,24-05-2026 08:31:21,0.27,74.3,eIoa7RQEGtN6bGlWqwya,41.1508593473246,-8.63019717712692,18.050542,1779611481000,1d6285f5502cf1f8,,20.94
9.812575,Lisboa,02-05-2026 04:36:47,0.1,79.7,8mcjY0YimKXOpPwrdpxC,38.7449972048495,-9.11017732049401,19.126173,1777696607000,7f281c8dbac1f799,,18.94
9.819571,Porto,28-05-2026 04:29:30,0.47,76.3,96qFkODJeiYhMy6PT0uO,41.1434869693586,-8.65073537334637,18.929908,1779942570000,91279a646f8ea6ac,,18.31
9.807547,Coimbra,05-05-2026 03:16:25,0.18,89.8,Q8sKydRyBdCTBArFfjrn,40.1888371727443,-8.41950077576781,16.204672,1777950985000,574582321d04df00,,18.29
9.8338,Lisboa,28-05-2026 06:47:26,0.03,95.9,qHusLDvgRv1FMH1cbu1G,38.7347690499411,-9.14588269107021,17.907388,1779950846000,c34c1310eab19c87,,20.08
9.804713,Braga,23-05-2026 20:59:10,0.03,85.2,pzdB97oV5deC15MHOj0T,41.5263903578562,-8.41630385957014,18.846081,1779569950000,3cc68b8049eb8d4c,,20.89
9.826205,Porto,09-05-2026 14:50:38,0.58,77.9,J9p4TV6olIvNUSy0Jo5q,41.1713542016089,-8.62086187179632,18.890117,1778338238000,c837debb39dd1e68,,18.99
9.794781,Lisboa,04-05-2026 17:57:15,0.03,79,d0ywfuPgnGj7WkkAjNXm,38.7015759867053,-9.14436873497024,17.037104,1777917435000,eb39e98aca20e7d3,,16.83
9.806684,Coimbra,12-05-2026 03:18:56,0.53,80.6,rU4N7Ny2dvjcU6tIIj4u,40.2175170235403,-8.40952669727811,18.201413,1778555936000,f879804e4456e5d4,,16.49
9.803092,Coimbra,07-05-2026 16:20:40,0.14,86,NfODIa5XF4zAg7xqwTHV,40.2240305713637,-8.40828099515715,18.930418,1778170840000,234da97fe615c6b7,,17.61
9.80273,Porto,21-05-2026 17:51:59,0.02,97.5,6HCdbfnAuejlaeAmxCzM,41.1840980424802,-8.59679322660693,16.806056,1779385919000,cb4c1290e91970dd,,23.9
9.780078,Porto,22-05-2026 15:23:19,0.23,45,2RZvLJ0wyIrlZgTkiG59,41.1438449551212,-8.64275395956651,18.920779,1779463399000,f7af4712fd6b9108,,19.66
9.783951,Lisboa,13-05-2026 04:52:58,0.08,79.4,gqpcgO6ZKqlz43D6ozm5,38.7065349978344,-9.15166895747538,17.326662,1778647978000,f879804e4456e5d4,,23.65
9.789067,Braga,06-05-2026 04:17:43,0.36,83.2,pfc8TqPobIbsuofcXcku,41.5360059948479,-8.4045355343279,18.530509,1778041063000,3bd002cf1fcfa789,,22.96
9.821274,Porto,24-05-2026 07:54:43,0.11,84.3,MfDg9owKueP9GrA0LSgE,41.146828383501,-8.63827682360336,18.544717,1779609283000,ae7ec9246c4649bc,,16.46
9.783963,Braga,05-05-2026 03:35:50,0.35,89.5,ChN9MjFkYtfM0ITFI1m0,41.5458636375792,-8.42844557453525,18.385942,1777952150000,bc74204126e384ca,,15.81
9.778846,Braga,18-05-2026 16:05:21,0.4,80.9,9QN7ZZCXzepwviTiaS6j,41.5310309930446,-8.45858079573247,16.689858,1779120321000,9cbee3c1d7168837,,17.92
9.794725,Braga,22-05-2026 01:53:36,0.05,83.5,QFD8Qbcf0lIcJwXU02vS,41.5680904620143,-8.43056628314562,17.23809,1779414816000,6588d11c4a11acb1,,11.18
9.792942,Porto,14-05-2026 03:34:28,0.37,71.8,JTMJpoTShfKGKBJpxtcx,41.1553524052283,-8.61832037033576,17.833898,1778729668000,ce246387dd078174,,13.41
9.806725,Braga,13-05-2026 08:01:00,0.25,82.4,V4ybOvzt5n6i4MadGJNv,41.5549875927979,-8.41622191021911,18.482134,1778659260000,bb80f878cef35322,,12.55
9.787756,Porto,25-05-2026 05:57:51,0.21,78.9,lF7uaWXBSp5QAkjMI5l3,41.1742764701269,-8.66000283355557,18.865156,1779688671000,2b95dd3cf28e7c18,,24.45
9.802468,Braga,25-05-2026 17:02:26,0.31,78.7,u3mfimuJrHSqjdKqfHrs,41.5361480039215,-8.43763582972141,16.858702,1779728546000,24d6a87b0598b02e,,18.91
9.794483,Lisboa,08-05-2026 14:19:47,0.44,92.3,cr20ltvUFO4LDlCmXfZp,38.748132933564,-9.12463853604699,18.720836,1778249987000,8f8c45c33ff51d0e,,13.98
9.793591,Braga,25-05-2026 17:49:18,0.2,85.4,G3X9X8PW3kQLo33IcDrn,41.562997647237,-8.45622848672953,17.477807,1779731358000,7182af742e04dc6d,,14.75
9.845701,Lisboa,09-05-2026 08:30:35,0.02,73.8,co7ifQBv4h80u4xBO29D,38.7366626988716,-9.12924888010841,17.663787,1778315435000,a8c47673d6a4f85c,,18.89
9.797705,Braga,04-05-2026 12:59:56,0.12,78,DiYCDQUJ3TSFUAOv9PVM,41.5583733452163,-8.43091184445984,17.054698,1777899596000,1d6285f5502cf1f8,,22.36
9.83371,Coimbra,02-05-2026 07:19:28,0.02,86.1,QEW6Wcwb4iSfgMivaUXx,40.1889922291207,-8.42509188678045,14.863109,1777706368000,cbf338d836298cb7,,19.7
9.802173,Braga,09-05-2026 04:29:04,0.57,77.5,XeDXdOjr6P705wPU9xP1,41.5398041662619,-8.42495397362705,18.865761,1778300944000,923d0315f3ae2bb3,,12.21
9.812368,Braga,13-05-2026 09:53:02,0.14,89,KR62p9stmlWikJmC1k0e,41.5386671707576,-8.42981708292306,19.16842,1778665982000,ae7ec9246c4649bc,,15.01
9.822009,Braga,11-05-2026 04:43:02,0.31,67,iYbttJsaPbarwntsrz07,41.5188315752689,-8.41404381097667,19.007999,1778474582000,f7af4712fd6b9108,,19.87
9.778939,Lisboa,24-05-2026 17:42:59,0.38,68.8,6ZjOJ0jvRxKMtZJsJkVY,38.7107887538994,-9.10793487627659,18.646852,1779644579000,95744df47936b8c4,,13.06
9.774683,Coimbra,18-05-2026 21:12:58,0.56,73.7,JFBX45OV8WRWKq9g9p7b,40.1951649676242,-8.41828125165902,18.178849,1779138778000,234da97fe615c6b7,,27.81
9.778061,Porto,22-05-2026 07:05:35,0.39,78.1,dBjovXMPhzKnWgGlQ2qV,41.1582475437453,-8.61015222374247,18.917149,1779433535000,1b1cc9cee9f27003,,17.41
9.807073,Lisboa,14-05-2026 22:51:11,0.08,68.4,u23z4SyQQ9vzSAalQbFB,38.7404330711615,-9.1132594882356,18.130514,1778799071000,34cbefbc28798720,,22.42
9.797596,Braga,04-05-2026 20:38:02,0.28,78.1,pUdLAh2WjDUosTH1v0EZ,41.5335039604134,-8.4096431198596,18.302921,1777927082000,1bd749deaf799034,,21.14
9.822593,Lisboa,28-05-2026 00:40:21,0.04,68.3,StkBuRrLOuoC7cxE4Zwr,38.7487891041446,-9.15324916355733,17.18528,1779928821000,d0825fdf3da3660c,,22.04
9.806774,Lisboa,15-05-2026 21:50:20,0.07,64.8,MhvQaljkUMveVIVxQJMC,38.6997463207926,-9.1384525033464,18.335247,1778881820000,7e8fb26408446272,,18.98
9.799764,Coimbra,16-05-2026 07:36:42,0.3,74.1,a15SHMhtMd2HCBMKhZxD,40.2041043155265,-8.44036442706532,17.705014,1778917002000,3bd002cf1fcfa789,,14.58
9.829402,Lisboa,03-05-2026 21:46:29,0.04,71,UGQB7X9KcHQa3Tjy0FUG,38.7252387457014,-9.10871165652216,17.923706,1777844789000,8e7f2987241c2818,,21.78
9.793086,Lisboa,15-05-2026 11:31:51,0.02,87.5,NoVFiLMuZ6U77S16Sicr,38.6994799248622,-9.14579796662308,18.681743,1778844711000,7d176c63414fcd05,,22.01
9.795481,Braga,15-05-2026 00:04:30,0,80.3,1A2oV3FxNMOWVESVlK8G,41.5202432704557,-8.43336515087898,17.467693,1778803470000,bb4bb9fbcfcc16d1,,15.86
9.833695,Lisboa,18-05-2026 14:21:24,0,80.5,Z8vDA9bxbQ92YuExMW5K,38.7163858336994,-9.13796179716636,17.030917,1779114084000,55b620d8c0ab41e0,,20.7
9.789898,Coimbra,08-05-2026 22:01:57,0.14,84.5,KRfIHXO8PQgNqcwrG1qA,40.1957626226482,-8.43173764377644,17.517383,1778277717000,f879804e4456e5d4,,19.27
9.813713,Lisboa,04-05-2026 22:29:38,0,79.6,1ILmxHdxI5mdCy0IiR0a,38.7449468111643,-9.13373124538772,17.875495,1777933778000,eb39e98aca20e7d3,,18.52
9.811205,Lisboa,02-05-2026 03:32:10,0.05,69,WrriThfEToW4GsNyjUCq,38.708856889834,-9.16451018471963,18.126154,1777692730000,bc74204126e384ca,,18.39
9.829075,Braga,28-05-2026 04:01:25,0.26,86.2,0UtIxcCbep8StiZlouUu,41.5569129705107,-8.41272414826652,17.922448,1779940885000,63d3511e9e857901,,16.75
9.809913,Porto,02-05-2026 05:30:54,0.18,80,FUTh9d01QBicG4PcjahP,41.145832083285,-8.59391903548106,18.167241,1777699854000,cbf338d836298cb7,,22.92
9.81482,Porto,07-05-2026 23:54:49,0.14,71.7,xG87G6AScsMPzaiPkucN,41.1790477728871,-8.64654932179743,18.558609,1778198089000,b8e78b83a62a0cb7,,11.54
9.783082,Braga,06-05-2026 02:27:21,0.29,80.1,IGuvkzfFiHXSiFciTy8h,41.5697008708405,-8.4603244062868,19.380117,1778034441000,7d176c63414fcd05,,17.13
9.831217,Braga,22-05-2026 08:37:00,0.46,80.7,F4z7aqclChI3S5nXaYha,41.5385813673472,-8.45340313999006,18.28314,1779439020000,34cbefbc28798720,,15.52
9.761596,Braga,19-05-2026 15:46:08,0.07,74.8,1sKtCGQL6DNjySWQULOe,41.5333728597857,-8.43975788845837,16.774579,1779205568000,c85cdb0ef48d09c8,,21.98
9.83382,Porto,04-05-2026 20:30:53,0.09,69.8,SQqyyzQOnlBBoQTVfGIi,41.1527837899456,-8.60920868066673,18.918513,1777926653000,93279918e60ec274,,17.99
9.78211,Coimbra,23-05-2026 07:28:43,0.26,78.6,IS0jsxHOtG1ufzB4l7Bo,40.2034854889486,-8.40029835981195,19.150308,1779521323000,42ac1a2bf982f79c,,20.42
9.803725,Lisboa,25-05-2026 18:21:14,0.39,81.4,svltb0wrYhAImXmh4qlh,38.7190448559955,-9.15150567598694,17.439948,1779733274000,556be8558ce56421,,24.21
9.81107,Lisboa,26-05-2026 03:01:41,0.07,89.3,3mkCd7uvtrakF8s67f57,38.7205399813041,-9.12849330231317,19.195352,1779764501000,7182af742e04dc6d,,10
9.806236,Braga,01-05-2026 06:56:07,0.29,96.4,0VvHLOkbUVEN1aPqPjy7,41.5319007671136,-8.4513308290914,19.421608,1777618567000,b8e78b83a62a0cb7,,17.97
9.799258,Coimbra,19-05-2026 10:00:52,0.33,69.7,DAmtO5Hxi4IuR9jMu3Ga,40.1815156206875,-8.39328418672268,18.936319,1779184852000,d632e4ce536ec364,,20.05
9.808669,Braga,08-05-2026 06:18:58,0.04,85.1,hoV6kVEVMzGvxXKZzuOk,41.5560086795542,-8.45568864558313,18.810887,1778221138000,da211edc7bac01a0,,21.81
9.788683,Porto,24-05-2026 19:06:45,0.5,82.7,UJ1bakGh3duK9nMbZpdy,41.1708644777835,-8.63080314132482,18.421704,1779649605000,e1bd0a847e7079be,,20.42
9.783726,Lisboa,25-05-2026 05:51:31,0,75.8,ZbkVftKlZ8OWNdYDG5mr,38.7385889227939,-9.1654047488674,18.017641,1779688291000,3db4e6efff8b7518,,16.89
9.786554,Porto,07-05-2026 11:04:56,0.5,79.5,RaihZcLI7vLndOBSa3Gr,41.136326739585,-8.63183836289726,18.053913,1778151896000,9cbee3c1d7168837,,16.23
9.807315,Braga,05-05-2026 09:37:02,0.45,74.4,x5mYLX0r2fRP5hG18XEj,41.5458252629084,-8.45191715763206,17.890972,1777973822000,c31244cee16e0c77,,21.72
9.795729,Braga,21-05-2026 17:37:24,0.18,96.4,bPlSnCoKn96dUrxT6SD9,41.53854457035,-8.45455182185723,18.36931,1779385044000,7e8fb26408446272,,22.14
9.81973,Lisboa,27-05-2026 23:25:47,0.28,81.9,bUQTpEE4KWb2vqjuYo8f,38.7005391848537,-9.16518878344319,17.206661,1779924347000,17b4966e9be4d8d8,,16.01
9.820713,Coimbra,24-05-2026 22:49:28,0.42,59.3,5Flg80O2UXRDQGJP50FU,40.2106449150107,-8.37825467104685,18.544105,1779662968000,9d16533a62ab9315,,18.61
9.77739,Braga,08-05-2026 12:02:55,0.12,67.1,yvad2OnfVk7nx3sGV9oB,41.5475568843538,-8.42982380703301,18.70482,1778241775000,daf96d2280390dec,,9.69
9.825767,Coimbra,19-05-2026 06:02:55,0.07,76.4,hJn9jXnLvmajevvKwljn,40.1847550526003,-8.42958209301621,18.14936,1779170575000,c6a2d85265d19a41,,19.08
9.795751,Braga,04-05-2026 20:35:08,0.7,86.2,wSfIUvcPE9YKEYikG8gd,41.569048595078,-8.4381608672444,18.045332,1777926908000,7182af742e04dc6d,,18.61
9.803101,Porto,01-05-2026 09:37:39,0.23,61.7,HMJvdc6doHJ1ONggVoi5,41.1610319683183,-8.62875264295121,16.784713,1777628259000,330949523d665e3b,,17.73
9.813061,Porto,20-05-2026 04:36:41,0.35,80.2,moFrK9z3ekzL0aCiYUGd,41.1434039979066,-8.66339045181564,18.109798,1779251801000,da211edc7bac01a0,,19.71
9.808882,Coimbra,15-05-2026 04:21:39,0.42,86.1,0BMyMaOLhdknfKWpCLU1,40.2088926375991,-8.39653884456658,18.366424,1778818899000,4c885efe7bde3ff4,,21.13
9.839107,Porto,01-05-2026 02:25:30,0.12,93.6,FK5f4M6qLknvNSTQkdlF,41.1455123381543,-8.60348248436952,18.995539,1777602330000,72bd2672c948d2cb,,19
9.832345,Braga,03-05-2026 15:19:31,0.08,85.7,t2KWKFH2cvuXcgt75roa,41.56963407652,-8.40546059460976,18.346317,1777821571000,4c885efe7bde3ff4,,19.02
9.815887,Porto,21-05-2026 20:19:07,0.08,78.4,bYw4giRedEup8umwWR9s,41.1365373163556,-8.66015346091854,19.659062,1779394747000,c6a2d85265d19a41,,19.91
9.798534,Braga,11-05-2026 05:07:34,0.32,77.2,XEwxIqMgiOJlyY0tltKf,41.5585976371456,-8.43178360611668,17.382347,1778476054000,430f674c6dfe941a,,12.07
9.781831,Lisboa,20-05-2026 08:25:38,0.39,62.7,GNs1zuPYIvqUCo0NJ7Kp,38.7374830700316,-9.1507793134813,16.990965,1779265538000,75778bdb64d1008e,,23.54
9.809076,Porto,09-05-2026 16:01:07,0.43,76.4,E7Mjtlyi6G2fe0u12bCh,41.1354232694102,-8.63441389513485,18.09595,1778342467000,b8e78b83a62a0cb7,,11.05
9.802612,Coimbra,11-05-2026 00:47:48,0.2,100.6,XWh5Fhfry7Duncf8uXFd,40.2050047655689,-8.38740612133764,17.792814,1778460468000,bc74204126e384ca,,20.79
9.799569,Lisboa,05-05-2026 23:55:32,0.51,72,p0Q3bjXC1TzCPNQ6KhQG,38.7144784419448,-9.1228987000213,17.167294,1778025332000,c9ab51cba10ae1e9,,16.58
9.816121,Braga,01-05-2026 09:20:58,0.2,70.6,96jUIoiqkbcMvrfc7GZ6,41.533211641839,-8.39559713271966,17.709526,1777627258000,c9ab51cba10ae1e9,,20.66
9.82172,Lisboa,23-05-2026 17:23:57,0.51,77.6,SAEzsiApUoTnhmkwA0lf,38.7021231642118,-9.10572181684329,17.666384,1779557037000,a8c47673d6a4f85c,,23.4
9.833499,Braga,16-05-2026 01:52:07,0.05,97.7,TvxgB6QXiVMDD6YjNezh,41.552526392317,-8.44276105051056,17.094913,1778896327000,9d789fd91804129f,,26.31
9.803306,Coimbra,14-05-2026 12:58:02,0.06,71.9,1AfD4tzqJCOT1GldE2QL,40.208071766546,-8.37991103457228,16.881615,1778763482000,5afe6ceac06784f5,,20.1
9.797887,Lisboa,03-05-2026 21:22:26,0.29,77.1,vEbrYOXZyrIRm446Q2Df,38.7345973339315,-9.1149858003658,18.71158,1777843346000,c837debb39dd1e68,,18.06
9.823861,Lisboa,02-05-2026 23:02:09,0.74,87.3,FZgkixbraN4V14R9ZLlT,38.723756,-9.13745,18.635092,1777762929000,e06db7c0de899b6b,,22.59
9.836987,Lisboa,25-05-2026 05:07:35,0.56,64.2,p4rKSLd1yqVAsEp11Xrd,38.743513,-9.147776,19.09609,1779685655000,1cd2ba739d9f3b9d,,9.62
9.826945,Aveiro,20-05-2026 02:12:08,0.21,83.8,HBBvzU7Iz17eUsyy8yLQ,40.625284,-8.644046,15.638194,1779243128000,5d5a806d5757cb0b,,16.51
9.791103,Aveiro,23-05-2026 00:18:15,0.14,72.7,xqj8mHR3PRBlXnbxRZcn,40.628207,-8.634572,17.883448,1780186695000,be9b13e88f5d1a92,,20.61
9.776573,Lisboa,17-05-2026 20:08:53,0.24,77.8,uCFT4FWZW6QVv36NJfoR,38.720283,-9.144839,19.700287,1779048533000,69df4dc51c944ef1,,12.4
9.900986,Lisboa,15-05-2026 15:25:21,0.09,83.6,1RDG6yY4BrU9Ebc1YgEs,38.727607,-9.144603,18.282085,1778858721000,0522cca5ecc5fa39,,18.83
9.83239,Coimbra,08-05-2026 13:46:07,0.58,75.4,9QtCTgTNfHVrVj5zJBO5,40.210888,-8.399631,17.868574,1778247967000,d79082b68de6a910,,19.24
9.770823,Coimbra,18-05-2026 12:45:01,0.04,91.1,9NmfWqWpyfd2Te1DpmzM,40.205376,-8.393384,19.842182,1779108301000,75d45151d03b212e,,23.44
9.828809,Faro,08-05-2026 15:27:10,0.25,84.6,C3Gi9LclD3QLBhw4PNnv,37.009153,-7.932661,17.053165,1778254030000,653814e03908b2ca,,18.74
9.820138,Braga,05-05-2026 06:52:40,0.06,74.9,YeVGnY37Pl2Hkdp6EluU,41.546347,-8.429561,17.710146,1777963960000,f916da28febcbc10,,8.71
9.795413,Braga,04-05-2026 13:48:01,0.13,92.8,Hjpu5jrs2G0Cbhfw7V7F,41.553014,-8.43271,22.544159,1777902481000,fa87db66849ac711,,20.77
9.812093,Lisboa,03-05-2026 10:59:31,0.72,67.1,MZQx4fiYuweajaO9Anqr,38.707769,-9.148811,17.721817,1777805971000,ea5ec8ed821eb0fa,,20.06
9.804901,Faro,19-05-2026 19:00:41,0.2,81.6,7iT3Gs4wE1MzvFhH3JCU,37.009005,-7.938601,17.757624,1779217241000,ca516eaa290425e8,,8.51
9.805977,Coimbra,09-05-2026 06:52:22,0.22,75.8,LK5IwT30vbOxRIqhNETp,40.189367,-8.410366,19.276815,1778309542000,996ef3870912f840,,18.87
9.817269,Porto,14-05-2026 23:39:04,0.52,87.6,By08NWzogoawOKU4I9AI,41.160745,-8.615906,19.730652,1778801944000,099dd225e1d37caa,,21.34
9.828157,Porto,27-05-2026 13:21:33,0.03,79.4,X4nd5YAJxAixX1KdUQyl,41.157027,-8.631961,16.915264,1779888093000,e4bc3ea0a329fbce,,16.05
9.846435,Lisboa,26-05-2026 17:09:23,0.12,72.1,FLfZwucYvL3Rxcrj0mcW,38.729723,-9.146863,19.973822,1779815363000,04d1c11900b24c90,,16.21
9.759631,Aveiro,18-05-2026 05:22:43,0.01,80.7,vIpuuJ33eYkGXYeuOyBJ,40.646754,-8.651806,15.57276,1779081763000,7833cfef3cd875f8,,26.59
9.786032,Aveiro,16-05-2026 07:28:30,0.04,66.3,WcumMbJo9J3eUBxTVeEg,40.633287,-8.664817,14.966644,1778916510000,d7b277e6b547f009,,2.42
9.822111,Braga,11-05-2026 09:42:12,0.08,80.5,IB8tVEDq81iKQYqIkNvU,41.53337,-8.432581,16.35125,1778492532000,50b878f5addd927c,,26.49
9.76367,Faro,26-05-2026 20:24:12,0.35,66.6,2161dHpK8iZUxSikiV2g,37.025893,-7.929807,19.373499,1780172652000,b68060e7cf8a91d8,,19.13
9.837024,Lisboa,16-05-2026 20:50:36,0.47,69.6,MXPu7GHTC6Q0DmYt34J7,38.733035,-9.143497,20.507904,1778964636000,474f976b86955d62,,19.97
9.787398,Aveiro,10-05-2026 21:10:06,0.28,57.8,572dyMlT3HOVdfXt6Nlm,40.638327,-8.655813,16.951874,1778447406000,3787f364704de2ef,,28.36
9.796663,Aveiro,11-05-2026 08:26:02,0.06,83.6,PMo90h0B6iPW4ZkhhNyp,40.636111,-8.646023,16.738991,1778487962000,97cfa7bcbbe46060,,18.73
9.845504,Porto,13-05-2026 09:20:51,0.21,76.2,u0VshQia3jnXXpsSyg3Y,41.163269,-8.636779,16.871348,1778664051000,4710308770774cd2,,23.34
9.813886,Porto,26-05-2026 19:57:17,0.12,69.4,DxUnPZr2AbUdIShpxEdi,41.144357,-8.625517,18.463912,1779825437000,15163d19424631bd,,13.7
9.800555,Coimbra,26-05-2026 12:23:09,0.25,77,W5kbVtrD3ghRclCcEROI,40.204952,-8.405159,18.171332,1780143789000,fcc30a9f5f640639,,18.27
9.785732,Faro,12-05-2026 08:45:40,0.12,74.8,v5OFwf7yUN7SeQx1UsVk,37.00283,-7.936559,19.60405,1778575540000,d379d018d5aa7e39,,21.86
9.744266,Faro,01-05-2026 14:55:25,0.04,82.3,2crP8MmtlLh6Dme4EjOh,37.008013,-7.929972,18.44338,1777647325000,a4447cbb68c2a28a,,13.35
9.831246,Faro,09-05-2026 12:34:27,0.19,84.7,UZ6jTp27sN84sjVNLSot,37.01042,-7.932749,16.708202,1778330067000,242517368480d3a2,,16.97
9.766008,Lisboa,18-05-2026 09:06:07,0.13,62.7,7HafcW511EswU21oWyeD,38.715952,-9.135805,16.753323,1779095167000,c225812bf3eb78f1,,16.31
9.891053,Faro,14-05-2026 13:58:08,0.13,81,lHEoStv7xDRl1nYF0J8B,37.027491,-7.924884,16.039806,1778767088000,d2d70b6eae4aaf5a,,18.04
9.825693,Faro,24-05-2026 22:55:35,0.27,69.6,yo7TdDlH9FR39eSfQudF,37.018871,-7.946947,19.872011,1779663335000,799a23a2a8c8a639,,16.58
9.828597,Coimbra,18-05-2026 14:46:47,0.28,77.5,q571CsAblqWPhCClidhZ,40.195917,-8.417948,17.38497,1779115607000,4472f224ee7b08ce,,16.77
9.819564,Faro,17-05-2026 16:45:05,0,74.9,SkaWJ3u1G1Yed7eihIY3,36.99696,-7.951269,18.419015,1779036305000,8bbee255016e0139,,13.87
9.865687,Porto,26-05-2026 22:14:05,0.02,93.9,eW6WcJ62jBfRtg29cQx4,41.139956,-8.616678,18.202227,1779833645000,a38f0c6f5afa9954,,18.99
9.831216,Faro,27-05-2026 09:51:48,0.11,78.5,yZZJzenjZvYndTQuCA6n,37.005433,-7.914648,18.273049,1780048308000,4eb828d954dc3604,,28.24
9.831752,Faro,15-05-2026 12:03:13,0.13,77.7,06bLwDE73ht4Kn4ngtch,37.018123,-7.939965,17.222755,1778846593000,dc5e3644fe7b5c90,,16.8
9.806064,Braga,14-05-2026 11:39:40,0.4,63.7,jYNylecu4zuQOeHfQpkT,41.557832,-8.425561,17.683224,1778758780000,aec521cef01b0a86,,10.25
9.812921,Faro,10-05-2026 07:16:44,0.19,92.1,Yg3dV2DDK0cXZUaH4mFJ,37.018843,-7.935143,17.687156,1778397404000,ce9fed0256cd23ff,,12.6
9.843732,Lisboa,12-05-2026 23:08:44,0.86,67,Sd32oaFk02Im8bRCnbpZ,38.701848,-9.143333,18.051069,1778627324000,348f4a029d3f02b7,,20.33
9.858372,Coimbra,25-05-2026 03:28:58,0.11,67.8,7IDFOr6Cd8Xpu3qMgasf,40.224507,-8.398318,17.24591,1779679738000,d0c3113291edb745,,10.8
9.808414,Porto,04-05-2026 17:25:51,0.17,60.5,l0KXYSMAvFRVygAmVJNa,41.144712,-8.628386,18.376465,1777915551000,d36304ddbb824152,,26.77
9.802355,Porto,23-05-2026 15:50:25,0.21,79.8,LPgBQ7jvIJkI1A4x8Zcv,41.153518,-8.623634,19.090352,1779551425000,70b29844c0c01d0a,,20.04
9.804084,Porto,14-05-2026 20:30:47,0.11,75.5,hzDy83ZYB0jVBBjWNbvw,41.163038,-8.634425,15.608436,1778790647000,8dd679bb5d826b7f,,26.57
9.774974,Braga,16-05-2026 20:32:43,0.74,79.7,fI6Ofn1tE970Tkxtb6AN,41.530151,-8.422487,19.894807,1778963563000,122865c49c4e9e73,,11.84
9.818982,Coimbra,17-05-2026 23:31:07,0.09,66.8,wbSUwlpLw0fy1uE4Bct7,40.219968,-8.415537,17.520963,1779060667000,69eb36cf94c6330e,,19.75
9.811589,Braga,13-05-2026 04:11:27,0.11,72.9,SHUDN2EBeTarePn1SxuY,41.541309,-8.452664,19.591582,1778645487000,26280bba15fde040,,19.76
9.767431,Faro,02-05-2026 06:11:15,0.09,83,kTruI5GFZePgy4dZ1pKS,37.034652,-7.939297,18.085459,1777702275000,c3b92937876aefa9,,20.83
9.833217,Faro,12-05-2026 02:13:27,0.21,75.9,CBVwev6M6s69pHHzuwD7,37.008353,-7.94539,17.974557,1778552007000,b33f77376571203a,,21.25
9.786795,Faro,20-05-2026 02:01:39,0.58,78.3,nTkZ4AGgktf5N4d2fW65,36.998861,-7.927641,16.450029,1779242499000,98fe682ce7b9b28b,,14.04
9.776974,Lisboa,28-05-2026 00:45:41,0.51,100.7,fmpnvwkubATUewg0B7uy,38.735356,-9.151616,19.306949,1779929141000,83827b8d2c5be38b,,21.41
9.835335,Braga,14-05-2026 16:50:05,0.19,80,C9G1ML4JRIS6ddoHf3Go,41.562441,-8.435274,16.130346,1778777405000,00b3ea42560cd60a,,20.05
9.798735,Lisboa,18-05-2026 16:10:09,0.38,93.8,2Lc0OAK2JUw3KcsAwFvp,38.72218,-9.14371,19.748859,1779120609000,0e32a9ef37293557,,11.89
9.804107,Aveiro,24-05-2026 12:27:19,0.17,87.3,NBQDzeabosWT13FNSxTp,40.648021,-8.646039,18.529973,1779625639000,f637a100cb169fc1,,15.27
9.794669,Coimbra,08-05-2026 18:01:39,0.43,69.7,XjMrHvbkUHQIiodFI1tV,40.193059,-8.403488,17.865598,1778263299000,56703b69838fc3b6,,25.07
9.871835,Braga,26-05-2026 14:23:42,0.43,122.7,CRWlTWQrRZJWS4Gnkgbf,41.537464,-8.416653,15.886382,1779805422000,5ed406ad2487c76f,,14.59
9.782129,Lisboa,13-05-2026 23:52:12,0.03,83.7,gzTU01QkXO2YrOOtauN9,38.711228,-9.143319,17.115917,1778716332000,ed399a9b0f6ba2fe,,19.94
9.768566,Faro,12-05-2026 16:06:20,0.4,96.9,zTB3e2tM4NV8LLnlmFdc,37.027335,-7.92073,14.947009,1778601980000,3fd3de9162021832,,16.36
9.763925,Coimbra,27-05-2026 08:35:53,0.08,71.5,7kjomV9pkj1f9sb6rOPL,40.204374,-8.404349,17.681536,1780043753000,a9d47004ad34cfb0,,17.62
9.821192,Faro,26-05-2026 03:12:15,0,73.9,R0Ui8Y9l66ImZhRNwZF6,37.02208,-7.919843,19.103163,1779765135000,0ae96015e0acba7b,,23.66
9.788368,Braga,20-05-2026 21:43:18,0.24,73.4,ssb0xYSSLbCWwN9p6L6L,41.55552,-8.435321,17.901069,1779313398000,3eb7d7c90e8a16c1,,22.36
9.814381,Coimbra,24-05-2026 12:22:44,0.62,90.6,ZZK0gg3XQ8Ds0u14ESbn,40.191879,-8.401666,18.868798,1779625364000,83e3dc178250152f,,14.24
9.832331,Braga,13-05-2026 08:03:52,0.71,71.2,YmcVjFCaCljrch2QV5Rf,41.534099,-8.417289,20.578888,1778659432000,8e0e7e6d174e017d,,12.89
9.794473,Aveiro,13-05-2026 06:05:27,0.08,89,GfajUt3xtUMXDUk0AsCG,40.640983,-8.65369,16.621533,1778652327000,eb72b5fd697c994b,,20.96
9.808048,Faro,18-05-2026 07:42:46,0.51,89.7,NkloCzAGqWgPUfXfodAt,37.02541,-7.922828,16.723268,1779090166000,1f7c676022a3f8d2,,17.16
9.795479,Braga,15-05-2026 13:57:45,0.15,80.1,NTQ7iiNlykDXvpcJUxrj,41.543735,-8.414639,19.134972,1778853465000,1859f1aa82f26644,,11.12
9.830912,Faro,14-05-2026 04:04:57,0.27,65.4,qmPU2lKNDVWeieEMWFi6,37.023081,-7.934785,17.859051,1778731497000,b239ad124e8a5626,,18.84
9.827336,Braga,26-05-2026 03:19:57,0.24,81.6,zLcTbA8RwQ8qIK0ZtZxf,41.52925,-8.417393,16.716665,1779765597000,ced3effc3158b509,,24.6
9.841691,Faro,23-05-2026 17:42:38,0.2,80.4,rrFMUEiZmWhfTNBD2ixH,37.030079,-7.938133,19.020499,1780249358000,5afbdb3771bae293,,20.12
9.788741,Porto,16-05-2026 17:55:22,0.01,85.1,r6br7H6EVFliidh7kkUE,41.151194,-8.632571,17.526637,1778954122000,8710230cd0982817,,19.11
9.876801,Aveiro,13-05-2026 01:23:26,0.04,87.1,AU8EGv55MEpm4YcYAFei,40.638157,-8.662854,17.146893,1778635406000,c03989f92173ba00,,20.21
9.827491,Aveiro,01-05-2026 23:17:04,0.29,100.3,Fm3garHEAf0SkDAeIzHW,40.640709,-8.656615,17.024199,1777677424000,ba37b07ddcdf4669,,20.68
9.782957,Braga,01-05-2026 23:34:22,0.28,89.7,BFJBCTTxiJsWOxq6nDrl,41.545729,-8.404137,17.559141,1777678462000,0ee0a78b9dcfe0fa,,15.21
9.806065,Porto,02-05-2026 12:05:40,0.05,76.3,9K1k7hcboz5LQDIl4ECA,41.147881,-8.621767,18.238652,1777723540000,2db9ba203c5e8307,,16.99
9.865806,Braga,07-05-2026 13:31:41,0.45,100.8,BagqWEu3XpwpLfvZbR6w,41.54343,-8.421444,18.674714,1778160701000,5c6ab430220c4cdc,,23.43
9.853729,Coimbra,03-05-2026 03:37:18,0.04,91.1,aUlUJJS9vdPdE0uUY6lA,40.206458,-8.423267,16.877306,1777779438000,afcdb8b8c6525a6d,,24.26
9.765963,Braga,21-05-2026 23:34:07,0,91.4,jLyMPirtDfqULsji9qF4,41.540508,-8.419909,20.375741,1779406447000,652bd639ad9efd0a,,14.02
9.797819,Braga,23-05-2026 15:25:50,0.16,95.2,yBk0rAop15RXufwwhRDO,41.538098,-8.451726,18.290725,1780241150000,125f44cd0219b7b3,,15.39
9.817017,Coimbra,23-05-2026 00:21:23,0.46,64.5,u3wXyiGeRWcN38G0QCJP,40.221362,-8.411761,20.031772,1779495683000,5460f293a197a653,,20.61
9.794122,Lisboa,13-05-2026 16:59:28,0.82,84.7,UVIbPBCwKAX5kRuJTWy7,38.721233,-9.142669,16.157781,1778691568000,06c3f0fc5e63fa16,,22.98
9.753861,Coimbra,21-05-2026 11:39:45,0.31,75.3,gVG0bvvSutshgCQdu0MN,40.206051,-8.392331,15.405016,1779363585000,2900c193293fd878,,15.37
9.803296,Coimbra,17-05-2026 06:09:44,0.03,83.7,bD360kTqE4Dg9zn52vfa,40.207659,-8.412978,19.14807,1778998184000,b900cd15b2cb7851,,19.45
9.825095,Braga,20-05-2026 04:44:07,0.43,78.9,7vzgDcabJl9j4OTarApi,41.552833,-8.402645,18.120212,1779252247000,2c58f7bf14851841,,16.37
9.776296,Porto,21-05-2026 13:42:13,0.67,92.7,74fuc8YzWAVroqeczHAI,41.147216,-8.628894,18.658266,1779370933000,83c15de6c3206b05,,15.14
9.833418,Lisboa,02-05-2026 22:59:29,0.33,82.4,JAciWQqLzLfWjKns6XGT,38.724634,-9.122293,18.032603,1777762769000,ee0d269c8bc28e8c,,19.44
9.834438,Braga,27-05-2026 19:49:39,0.18,101.9,hfgo0OO6JWUDViRdKgLa,41.527262,-8.445433,15.935242,1780084179000,9d4934047b8736e5,,11.22
9.815329,Braga,26-05-2026 14:09:55,0.8,88.2,TCJ0jS8rju9xFFCMBJOB,41.547583,-8.42416,18.818158,1779804595000,b8eed1e03a72fccd,,23.81
9.809554,Porto,10-05-2026 14:01:55,0.47,110.4,pjAn9ZcXsHh1SphmPGrW,41.148187,-8.626142,17.472351,1778421715000,d475699013c55347,,11.56
9.803112,Aveiro,09-05-2026 12:28:36,0.51,93.4,9zpzhSOHwoVvSLrGnWPD,40.626784,-8.646703,14.638956,1778329716000,0fe48366231b025e,,18.27
9.804084,Faro,01-05-2026 08:15:04,0.4,87.4,c0fcLuuzFAuJhF5Bx2Jb,37.040583,-7.931067,18.448982,1777623304000,0806e02aef403613,,18.64
9.814183,Braga,12-05-2026 11:21:43,0.4,76.7,6M6pf5TQ2093QQmlVxI0,41.544285,-8.423068,17.16986,1778584903000,6596a9ead5ee2d69,,23.43
9.822406,Faro,23-05-2026 10:03:13,0.14,90.8,oBhi6kTY4cnCjfAP8fEi,37.021586,-7.915906,17.472743,1779530593000,67d3e386b97ad0ae,,24.65
9.821034,Porto,16-05-2026 06:22:35,0.29,73.9,BjCfkDNvdwjkY3hGbP8n,41.158883,-8.632624,18.854139,1778912555000,7bd7de19510b3999,,17.52
9.851952,Braga,05-05-2026 03:33:48,0.06,79.3,6wOrtCijeL8vsoVhvgWF,41.541061,-8.430801,14.778941,1777952028000,34d498a9a43c9e69,,21.99
9.785822,Aveiro,03-05-2026 21:29:18,0.17,75.5,GbMv2X9n6jvAcBVcxBDN,40.632941,-8.640928,20.515022,1777843758000,692c2432c2e6cab7,,11.6
9.768582,Porto,06-05-2026 12:04:20,0.06,85.8,acmpV6gco7DOIkPnPEBE,41.156524,-8.631225,15.272188,1778069060000,9b4ec19c09cacff4,,21.59
9.764224,Porto,01-05-2026 18:50:57,0.29,73.1,xIJULKGA6lqeztDqS9GS,41.167965,-8.614048,18.669999,1777661457000,c8fc95bb0b828261,,17.24
9.775146,Lisboa,11-05-2026 16:30:20,0.34,69.5,j9LhMbI3uJyZybyAucs2,38.721771,-9.119532,17.858088,1778517020000,407520ab68af4bcf,,25.34
9.868979,Faro,09-05-2026 00:59:43,0.23,69.9,RinU04zLgHO39SnTh8PE,37.01853,-7.920358,16.829466,1778288383000,f63255f7dfe1ee87,,18.86
9.822041,Faro,18-05-2026 15:31:20,0.31,64.3,I1InxTVAPPrvBXeNJLfM,37.017895,-7.928689,18.641867,1779118280000,40743beff951eb72,,15.3
9.757794,Lisboa,06-05-2026 13:52:00,0.05,87,mNRMnsKDyS48QffAjnWp,38.706735,-9.147481,17.405246,1778075520000,3e3bb93cf00b50dd,,17.75
9.786991,Faro,20-05-2026 18:35:29,0.27,73.7,a7RWkNSlS1XtCayE3PcV,37.023444,-7.924752,17.485631,1779302129000,b4a11a75f792de9f,,24.2
9.787479,Porto,02-05-2026 08:55:35,0.32,78.6,foiewrI5pxhQRkzEyd4p,41.160821,-8.630833,15.525408,1777712135000,a18ee663aed30f13,,20.42
9.758174,Aveiro,24-05-2026 01:36:25,0.09,73.9,dedXi4xKHLp2GbI5fol3,40.639767,-8.64468,19.271682,1779586585000,8d382f11735107d9,,20.1
9.774976,Lisboa,26-05-2026 15:09:19,0.22,94.3,xm3vHoYpQJ0gwOn5v8ic,38.709941,-9.1275,18.193323,1779808159000,d5d750400ff51c94,,19.5
9.76746,Porto,10-05-2026 16:28:40,0.06,71.4,N5oWnLU76ZJHh1Snwo36,41.156349,-8.626385,18.747751,1778430520000,1daa4484174eb4ee,,22.65
9.783064,Aveiro,20-05-2026 07:28:01,0.15,69.2,2JAm0MvFCW8mRRoBgX9K,40.651022,-8.675533,18.83366,1779262081000,bcc2202eaa765fdd,,18.27
9.836302,Coimbra,20-05-2026 12:50:28,0.18,75.2,7LIoItnvVtGKhgddwxqE,40.196314,-8.426616,18.005072,1779281428000,6c179240f2807933,,15.04
9.848194,Braga,26-05-2026 08:38:05,0.22,98.5,eDzMaOINnyD73ftg46w6,41.558343,-8.444146,19.972472,1780130285000,3535bd7f85a128fb,,10.61
9.829558,Aveiro,16-05-2026 08:22:52,0.19,69.5,JQSXz7q3JLswP7CaPu6W,40.633994,-8.651556,19.005338,1778919772000,88f163e6a050c5f0,,16.11
9.800789,Lisboa,20-05-2026 06:05:57,0.1,78.2,DxPDAX1qc6dSNt1F3nUg,38.709664,-9.133825,19.02659,1779257157000,38581873145d893b,,12.97
9.795064,Lisboa,22-05-2026 11:12:56,0.21,86.6,67QgObpNuEvYT1f7JEzg,38.706043,-9.150739,13.913844,1779448376000,85fc70503083a9ac,,15.68
9.843585,Aveiro,25-05-2026 08:51:42,0,74.1,uHqFx3v7x83rg0USJai5,40.65867,-8.641294,16.329569,1779699102000,e317fd9434bf31ce,,16.04
9.79561,Braga,25-05-2026 00:02:27,0.25,75.5,Qzw4SiBFSvtXArAoUNye,41.545881,-8.418285,17.88962,1779667347000,1b0d5014d3a39311,,11.91
9.800098,Aveiro,27-05-2026 18:02:07,0.12,71.1,WaSjECkN6WA4rZcZIHfy,40.629597,-8.63943,15.184928,1779904927000,1507f249cc67954b,,14.76
9.814561,Aveiro,22-05-2026 14:03:53,0.15,55.9,5xQKriaQ2TUbgUcG9ovk,40.622509,-8.649482,16.769793,1779458633000,61261490628e7f21,,25.43
9.759578,Coimbra,02-05-2026 16:25:11,0.14,66.8,XOERatGv1Xlhd8qaOsvG,40.207806,-8.418104,18.111215,1777739111000,6083a98e99654327,,11.54
9.812515,Faro,02-05-2026 08:15:56,0.33,69.3,rjXnoKN6ShgsGnyEC6o5,37.021487,-7.926761,20.223965,1777709756000,663f0a6439e4a9b0,,23.19
9.777701,Coimbra,25-05-2026 10:19:46,0.64,86.1,rk08a2udRIMSzovDbKzf,40.210897,-8.420612,17.679218,1779704386000,f8ac1cff35f00e36,,27.67
9.851005,Aveiro,02-05-2026 00:00:16,0.17,74.9,TiGswA558IYF7ka0jyKq,40.621681,-8.658882,19.036447,1777680016000,158195ee729e103b,,19.15
9.821034,Porto,24-05-2026 15:15:03,0.06,88.2,0fcJQQRFXDCeuDJyTbkG,41.149239,-8.620226,19.316801,1779635703000,4aa3fd68cb725d56,,19.26
9.76141,Porto,28-05-2026 04:59:50,0.29,70.7,Gx5TjuZ8xCkCXQNeTquv,41.16379,-8.594772,17.122066,1779944390000,5a572cb57267cef0,,22.33
9.811158,Faro,28-05-2026 22:07:53,0.34,91.2,7ku3eHnPZZupQhjNgPSH,37.02958,-7.923165,18.514228,1780006073000,62edca3b2a001046,,21.18
9.776977,Lisboa,27-05-2026 22:02:56,0.04,78.2,SVn4SIw5MRRwBUi6pf0j,38.717795,-9.118636,19.804925,1780092176000,a74a61ee5982807b,,12.31
9.820307,Coimbra,15-05-2026 12:07:56,0.41,90.3,aYMwvyHr7HJ2qYfSskbH,40.189465,-8.417678,19.504099,1778846876000,b8a65acd196fd8b8,,7
9.734365,Aveiro,26-05-2026 22:30:40,0.03,79.7,XKpgn1Pz2ZmIW8pug8Oj,40.630347,-8.66835,18.117442,1780180240000,ef58d7900be23a42,,14.96
9.769343,Coimbra,09-05-2026 07:56:24,0.25,71.8,zMLSZkXGoe8Tc0rEKhsK,40.210256,-8.406468,17.937159,1778313384000,2a265b26a007a3ce,,18.44
9.784254,Braga,26-05-2026 03:11:24,0.43,85.1,6W1lMG8zSHlwuAdbCYyl,41.542972,-8.419598,18.935946,1779765084000,4863d4580ca2e20f,,10.72
9.788035,Lisboa,27-05-2026 18:29:11,0.09,79.7,XtFElsMFgiFUmHf7Jn6L,38.733584,-9.135434,19.474427,1779906551000,0fefd4f3be0b2491,,10.91
9.812898,Braga,24-05-2026 21:43:01,0.28,83.9,GFYr4xnE90ClNiq965AF,41.550249,-8.430289,19.257625,1779658981000,a6ba5a71bce790d9,,24.75
9.823979,Porto,24-05-2026 07:29:35,0.16,90.4,XWxQHDrKSEbTRYCpeRIj,41.155667,-8.636501,16.411858,1779607775000,77e4d510f83a9cb9,,17.16
9.800197,Porto,02-05-2026 06:47:56,0.22,76.7,eOmUFkqDqkNfVYYm54Vs,41.146216,-8.616089,19.62091,1777704476000,511529544d7151e5,,26.49
9.806394,Porto,09-05-2026 17:02:36,0,84.1,5g4bn7aWuMaM5TXdPNsm,41.171532,-8.634816,17.882698,1778346156000,88d609ffcd418238,,19.87
9.814032,Coimbra,13-05-2026 22:11:42,0.44,72.2,uDx24Gxjk9exEyxXG1tS,40.199377,-8.400302,15.077823,1778710302000,dc8b20b441976d62,,23.3
9.792513,Lisboa,26-05-2026 20:17:23,0.19,80.2,RlAOjTh9YPcZ09HWrPoz,38.731874,-9.130438,14.65728,1780172243000,e578af5a8b24b72f,,24.03
9.826804,Aveiro,18-05-2026 17:58:07,0.15,78.3,lvukjzKcEojKDwIQMpiW,40.637909,-8.654058,16.190144,1779127087000,006f76292a4cf3bd,,17.13
9.808504,Aveiro,11-05-2026 21:14:19,0.45,91.8,JVZVsXgefUli3KkOFDIZ,40.641282,-8.650105,15.648053,1778534059000,289cbd815dd3ed2c,,17.1
9.829161,Aveiro,16-05-2026 21:36:40,0.29,80,abtmmMAAj5ntG2KbaYny,40.627794,-8.659878,19.701963,1778967400000,1e52693c5f27179b,,16.57
9.809069,Porto,07-05-2026 11:14:00,0.14,78.1,CbIvzLSqg8H3XpCluEfK,41.146935,-8.617097,22.037592,1778152440000,cb67d9f79ab6cdd2,,20.23
9.789634,Braga,14-05-2026 10:51:07,0.12,80.7,tRS5l9DPsxgN2JQpo0Qa,41.536409,-8.431184,18.400171,1778755867000,1c7e14e8e4aea19c,,20.58
9.813319,Porto,06-05-2026 16:13:41,0.05,72,LzZTaOzo2w0cgPRvpkAt,41.145138,-8.625874,16.561037,1778084021000,ef8f85b9a25a57da,,22.04
9.844206,Braga,11-05-2026 06:13:05,0.3,68.2,LBfIwVjdrjWjsXdAsWM7,41.545101,-8.438873,17.915811,1778479985000,93eb1ac78cb7872d,,25.9
9.807899,Porto,19-05-2026 05:10:38,0.23,79,3tbPMFcsp3wWORSe8aBm,41.166223,-8.618081,19.467656,1779167438000,a55bd17bb84b9cc6,,14.18
9.819393,Coimbra,08-05-2026 09:47:06,0.01,92.9,NeMnz6P0wsgdhs8E26Ix,40.206272,-8.403882,17.938266,1778233626000,6f6eb22b3a930440,,17.7
9.82749,Porto,04-05-2026 05:05:00,0.42,83.2,Tyd7dst2I8BTU7ZtqO9H,41.142047,-8.640476,19.874048,1777871100000,d4549f779c5422e6,,17.87
9.817475,Aveiro,19-05-2026 17:26:56,0.14,86,cdnhseQwDKdQ5g0kxlvw,40.64533,-8.658003,16.903433,1779211616000,4ef85ea6ac46be72,,20.47
9.854249,Coimbra,09-05-2026 00:26:05,0.09,89.5,AEZ925endIv3S7T6FjXr,40.222699,-8.403698,16.932899,1778286365000,3b4ee7c99aeb137f,,13.89
9.834019,Lisboa,08-05-2026 20:57:00,0.22,78.9,dnInMoXvJAn4qZIAeNgx,38.733621,-9.12855,17.473032,1778273820000,0b512033f0f27c12,,22.19
9.83842,Faro,25-05-2026 16:08:18,0.22,93.4,nmSElxcrTH6A5eWXckXK,37.029946,-7.939686,15.031909,1779725298000,41710a62405cffad,,18.93
9.829562,Lisboa,07-05-2026 11:38:13,0.33,67.3,lTgUzI845TULm8LprXYU,38.719225,-9.152126,19.992322,1778153893000,31d594d94c62f5c4,,17.18
9.847271,Coimbra,21-05-2026 18:41:07,0.3,78.9,rF0iRXq1dyGxyrRThNcS,40.204652,-8.394783,20.86765,1779388867000,c98802bd204c48b4,,19.3
9.866082,Aveiro,13-05-2026 00:30:34,0.03,74.9,Y5S3GNKRHcOWrwqjiTQJ,40.646608,-8.67941,19.513627,1778632234000,4c73884967145ca1,,30.2
9.819718,Braga,20-05-2026 05:03:13,0.21,91,bsXTisRSUqASjjBdltwO,41.548979,-8.439489,17.116559,1779253393000,69f86b79c993c220,,17.35
9.799722,Faro,09-05-2026 07:10:45,0.16,81.1,62mQUcoVM303x1Vcg194,37.023844,-7.938195,18.358324,1778310645000,c8aa1f2b05b23203,,18.69
9.80105,Coimbra,18-05-2026 23:42:57,0.1,87.1,yGG5BeMTZFmUo75NQhEc,40.20313,-8.414012,17.218714,1779147777000,ecfd858f2da7a699,,19.2
9.821098,Faro,11-05-2026 20:23:33,0.11,87.9,Zcco0KZYo60Cmn9wAI9F,37.028378,-7.952152,17.014057,1778531013000,092a6ad2c8b05853,,19.59
9.820083,Faro,23-05-2026 09:04:20,0.21,73.1,W4KuYBhdEAGhZJmq7lcC,37.026515,-7.92289,20.208931,1779527060000,ccd2a91cbd44dfa6,,14.49
9.796619,Aveiro,23-05-2026 20:51:46,0.14,74.2,GKLRmAoFiqco759X1hXk,40.644639,-8.660446,18.880624,1779569506000,db4ce9b0611d0c8a,,18.9
9.796751,Faro,08-05-2026 09:28:02,0.35,64.4,bXUGvy88DCQo5WeQc5xR,37.013508,-7.936032,18.076414,1778232482000,bf5ce474c43811a5,,6.65
9.871416,Lisboa,15-05-2026 14:47:35,0,56.3,6N12QfXgffYvKABdkK1p,38.730309,-9.140526,21.264245,1778856455000,70ddcd30c04114a8,,19.62
9.842617,Porto,26-05-2026 15:49:34,0.18,84.6,6pzvBQzEs596eDcCrm5H,41.184068,-8.619093,18.856947,1779810574000,0a98952d149c1fc6,,23.39
9.822235,Lisboa,05-05-2026 21:45:58,0.17,91.4,TcZn49wyqDVvzg05UpMW,38.708068,-9.142247,16.659271,1778017558000,c06bdaae304c07c4,,14.41
9.867773,Braga,07-05-2026 11:33:21,0.49,78.5,deOXvXbdYIkeOu17AuM0,41.547376,-8.416056,15.3358,1778153601000,383f3d846be48d9e,,19.01
9.797949,Porto,11-05-2026 06:32:39,0,77.8,PlwjSiPBa3LyQ2QMK0xL,41.138086,-8.635954,16.119803,1778481159000,865c0f00894e2a68,,25.85
9.839641,Aveiro,24-05-2026 11:45:22,0.28,77.6,3Q7NtA5jnnpYnDQ3xyQh,40.631776,-8.656065,17.050265,1779623122000,bb6a5ba8839b5ed5,,18.5
9.75861,Lisboa,16-05-2026 16:41:54,0.2,80.1,qOUcMxneKH3XywQx2eBF,38.720112,-9.167595,17.401067,1778949714000,f2eff0a22af0f263,,14.67
9.860469,Aveiro,18-05-2026 06:44:35,0.17,74.9,esikEyznOf0zFxSEkD5b,40.64553,-8.65025,19.739178,1779086675000,e18ba14ac35a7f23,,18.77
9.801124,Porto,27-05-2026 03:55:05,0.05,64.9,p6yEvJvd8rsC0tfGYZVS,41.150419,-8.627398,17.00012,1780026905000,4aa9d6d6235aa8d7,,22.96
9.775948,Braga,15-05-2026 12:49:04,0.11,91.8,LEbgeWbfgh9Fm3tT8xkS,41.530263,-8.427972,18.944478,1778849344000,7155a5efbadc80c8,,25.63
9.842763,Faro,21-05-2026 22:50:59,0.35,101.5,lswIw2ueUzet9elJYfIz,37.011172,-7.930363,16.750479,1779403859000,ee3ccdb20108d79f,,18.27
9.804297,Aveiro,11-05-2026 12:02:26,0.15,70.3,NEcM0H86xcoYaVnbLwxR,40.637166,-8.651123,17.325052,1778500946000,c41d95a0b980e1d5,,20.74
9.838195,Porto,22-05-2026 11:04:38,0.33,70,BOfekTeDm76m3GQaVeEQ,41.15949,-8.648824,18.056872,1779447878000,94a244d2c6e74eb0,,10.96
9.773412,Lisboa,24-05-2026 17:23:03,0.14,91.3,VUVbhddcd2ojCHCfry82,38.723273,-9.140178,18.447914,1779643383000,36bb127e707777b8,,14.74
9.799446,Porto,22-05-2026 00:46:23,0.3,92.9,Ud20VF8leCcVmy1Xt7cn,41.155191,-8.627629,19.362356,1779410783000,2ed35535ab8f6608,,22.85
9.816782,Coimbra,03-05-2026 22:57:52,0.06,96.9,wnY5xiAac3amLdmEvhcZ,40.195943,-8.408239,20.950434,1777849072000,90f7af721ee6a581,,16.98
9.802984,Porto,19-05-2026 16:55:58,0.08,84.5,cKzGjA9MiKAa6VGPFJ7x,41.136249,-8.626487,16.313429,1779209758000,16a313a25210cdb6,,15.5
9.818339,Braga,08-05-2026 18:17:46,0.32,70.6,Opksz4x3ZxrMRDbnVkpl,41.551123,-8.416407,16.686899,1778264266000,b603cf7595ed9a73,,13.57
9.878329,Aveiro,06-05-2026 19:26:22,0.15,55.2,JFvHFvRgOMKVzUXjIuzB,40.657472,-8.652881,14.447928,1778095582000,ca811bc5077a4349,,12.98
9.724183,Lisboa,23-05-2026 13:14:17,0.01,87.6,zc3TuIENJY1rl7P2WwY9,38.701387,-9.128749,19.197692,1780233257000,f9f3c18b887a0204,,13.85
9.801119,Lisboa,26-05-2026 14:53:29,0.14,72.3,hQUOlXQC9atuLwBIgLS2,38.716717,-9.145653,18.571594,1779807209000,4287eb2096888b51,,16.84
9.839402,Porto,19-05-2026 04:27:32,0.32,73.2,QGffVuIW2wbJouA127OQ,41.158805,-8.641573,17.29351,1779164852000,c5e557eb6ff2208e,,12.45
9.806018,Faro,23-05-2026 03:24:41,0.44,82.7,xj6NnPexJeXLaiDaw1uZ,37.008866,-7.930311,18.261255,1780197881000,bccc88e070f3daf4,,21.9
9.865176,Coimbra,26-05-2026 12:37:56,0.21,86.7,P0nDQghMvpX61sN6i8FJ,40.210683,-8.417196,14.979848,1780144676000,ea9a120eed497e21,,11.62
9.797874,Braga,24-05-2026 04:06:35,0.25,73.3,LedVRANfnhe4m6IoKJO2,41.55043,-8.464865,17.315723,1779595595000,8b484c6fe6257c63,,14.92
9.807725,Porto,26-05-2026 12:04:50,0.14,82.1,jyewpEly5JDwxwdCLxHl,41.164745,-8.630112,18.777532,1780142690000,207a5722d2b29200,,20.73
9.80358,Lisboa,04-05-2026 23:26:08,0.28,79.3,hYJh6FSlqwaszvFY3SpQ,38.709699,-9.148428,21.942336,1777937168000,6209615b2b796ccd,,16.74
9.792265,Faro,27-05-2026 03:11:37,0.13,81,9bzP4NfpeeMcXbslcCNL,37.025293,-7.928667,14.611121,1780024297000,0baaa3d212c0d924,,20.49
9.811133,Porto,08-05-2026 08:16:55,0.17,87.7,yaAuetO6f6d5PeXdqTZ1,41.167196,-8.633608,17.926773,1778228215000,3f9ce354fc1f6944,,18.96
9.814788,Faro,02-05-2026 08:08:13,0.01,81.7,A2yt67qny6xkJMyjZH8H,37.021326,-7.926596,17.770586,1777709293000,84b4f963efa38e2f,,21.69
9.776991,Coimbra,24-05-2026 14:59:28,0.29,59.6,s69JBoDCuGCdzaPhDrZJ,40.200526,-8.402643,18.710857,1779634768000,8636872d05db350c,,12.78
9.814685,Lisboa,23-05-2026 06:00:54,0.08,101.7,VcthE4fr1fA3OoFaTGeW,38.722242,-9.139465,18.328108,1779516054000,f1a7729aa08cbf34,,26.74
9.823286,Lisboa,27-05-2026 05:19:39,0.26,85.1,oAFX0FzDRtpqwZ4MYXJo,38.723017,-9.141904,20.003853,1780031979000,54f0b08f7e1abf05,,13.94
9.788312,Aveiro,26-05-2026 21:42:30,0.38,96.1,7YKIAMrm9fHuTMuorLNX,40.644825,-8.658084,23.062577,1780177350000,631d34afde5a273f,,17.83
9.805241,Faro,27-05-2026 20:05:41,0.13,80.5,DCdvbpAfFmycNUI16jPe,37.026363,-7.918225,17.453984,1780085141000,2912620dbb61c8cb,,19.98
9.797315,Braga,12-05-2026 02:25:52,0.15,72.4,uV8FZywTyfH5BoBI4DPL,41.543265,-8.427692,17.089974,1778552752000,25ae27e6fcc06680,,19.61
9.827215,Faro,27-05-2026 17:26:06,0.27,84.2,wcjHPrLkgn2S6qfrPzKe,37.015263,-7.911422,18.776595,1779902766000,7263ffce8c670fbc,,26.37
9.825157,Faro,26-05-2026 22:14:15,0.07,61.3,kVXXd34U4ebfYYZceOiE,37.016929,-7.9265,21.621637,1780179255000,67f0cfbfd42076a8,,1.95
9.79775,Coimbra,28-05-2026 15:26:44,0.01,71.8,XGA8ai1noxaLArw2swyN,40.200945,-8.413248,17.413749,1779982004000,e26d8d1b909bcaf7,,17.76
9.815299,Aveiro,13-05-2026 02:27:46,0.06,83.7,6VptmWXijmdi1pSMXMWY,40.636015,-8.66211,17.358012,1778639266000,886cea6c4d7d18aa,,24.04
9.794389,Aveiro,23-05-2026 05:34:10,0.27,72.1,2KCdhU4jgDULXWg8mvW0,40.641029,-8.659826,17.606561,1780205650000,9a71508a4738631c,,21.37
9.866523,Faro,03-05-2026 09:46:10,0.15,76.9,uFEbuUGdbbf0OF0PjAvP,37.012696,-7.943633,19.252677,1777801570000,50c9b7e909567eda,,19.24
9.829403,Faro,09-05-2026 14:54:50,0.08,71.6,ddASucrxRv1QqBHa3wyW,37.0299,-7.917289,16.914333,1778338490000,b2f04f54db850c5b,,24.9
9.755811,Coimbra,06-05-2026 09:16:53,0.16,64.7,gmUmLSGywsr10N3NCbOS,40.198487,-8.419713,19.423114,1778059013000,8f9f0eed7f98fcfc,,14.52
9.813675,Lisboa,26-05-2026 13:44:31,0.18,82.2,CEPiUcDodfIJa9jsmYP5,38.725933,-9.139149,15.835876,1779803071000,16d739129d85f2df,,16.89
9.792172,Aveiro,26-05-2026 03:22:07,0.14,97.4,D5hm1MbzC52KBSxv417x,40.634851,-8.644515,18.58395,1779765727000,6ab3859d694355cf,,11.02
9.779743,Braga,13-05-2026 04:47:50,0.09,69.4,7OBjKEUuBILslISeZNWn,41.536329,-8.425892,19.062319,1778647670000,1b00e790c550e454,,26.55
9.7788,Coimbra,19-05-2026 19:18:34,0.18,85.2,e9EdmT1w67SNHkMk42GF,40.183655,-8.406503,15.81966,1779218314000,0820daad8af5ada9,,21.13
9.77249,Braga,21-05-2026 05:17:29,0.79,72.6,eJwysUGLi6U6ESJPpZSY,41.533268,-8.418461,21.954636,1779340649000,fa71814f8de9637f,,17.33
9.83813,Faro,19-05-2026 00:14:46,0.35,73.9,aIC8dSZMomnTHwToei6S,37.011265,-7.92954,17.953377,1779149686000,2d5c0dd60ade7b88,,5.63
9.840378,Aveiro,27-05-2026 05:53:10,0,80.9,cSiMbFANMLya49AbHB6f,40.636731,-8.64852,14.774895,1779861190000,7bb9970df923bb53,,14.35
9.845851,Coimbra,13-05-2026 13:25:53,0.04,72.5,Yh34QUovpu8VSNRG4REb,40.208189,-8.416434,19.265536,1778678753000,624b11b4995ab3c5,,15.02
9.807136,Braga,06-05-2026 07:20:03,0.51,75.5,dLzh1LH4kBGDT0ZhbzCz,41.552979,-8.423472,18.034818,1778052003000,7081ca2fc5c8b6dd,,16.71
9.788394,Lisboa,18-05-2026 06:54:18,0.09,105.8,KYLBhrpp8Wd2xp9mVvDT,38.736027,-9.144012,18.714238,1779087258000,ba121902b5d003f7,,22.71
9.797588,Porto,26-05-2026 21:51:09,0.91,69.3,xTBjDgdWrrHtMKFj6M6S,41.179464,-8.628168,17.3465,1780177869000,4f3d0d9380908ed1,,21.54
9.808418,Lisboa,28-05-2026 09:26:25,0.01,95.2,2EHKUL25PPf2XAiNKT0g,38.724476,-9.134507,19.754297,1779960385000,b52e3149637e4da8,,6.22
9.764346,Coimbra,14-05-2026 17:57:10,0.14,94.2,CrfL8qczki26ufBxiEuk,40.196257,-8.418596,15.268339,1778781430000,753b7474283c1880,,12.73
9.793109,Porto,10-05-2026 13:02:46,0.17,78.3,pBXQmrSbohPEe0nCgJih,41.141148,-8.647463,18.506944,1778418166000,31d995ad51eee5f3,,14.57
9.827377,Aveiro,01-05-2026 02:37:04,0.29,80.9,tS3ibi4XVh44pjMM2jXi,40.614087,-8.662635,14.871397,1777603024000,dc76cd1b33797bbc,,17.63
9.796904,Coimbra,16-05-2026 10:24:33,0.22,78.3,knszYOEakkESMDhyih5Y,40.197404,-8.406579,17.896409,1778927073000,f92c830aa9a922c3,,12.76
9.845578,Faro,25-05-2026 20:16:50,0.18,71.5,MCAnh9sY1kMbLX97rpyj,37.016113,-7.926911,18.039988,1779740210000,5ede2c87a92ecefe,,18.82
9.812445,Braga,23-05-2026 11:31:41,0,73.1,Q8PtZs6FYJURhhgUBlTm,41.55051,-8.408016,21.449288,1779535901000,6c2d0bd961ff1d55,,12.34
9.841664,Lisboa,13-05-2026 07:50:13,0.14,94.6,1qiD25fb0yybpil1dNMF,38.700065,-9.150563,18.222954,1778658613000,af91eac246e48a3e,,24.76
9.809043,Porto,05-05-2026 00:53:57,0.52,82.4,e206na5c0VqF2XX8N3Mz,41.15422,-8.624353,22.703927,1777942437000,daffb222c4018765,,10.74
9.830972,Coimbra,11-05-2026 10:13:11,0.33,111.6,SWpIXsxQUXBKZbFASzBO,40.201661,-8.414183,19.171845,1778494391000,e4caa43a875d72a7,,17.47
9.829421,Lisboa,14-05-2026 05:38:24,0.04,49.3,XPIzIlOr79JBGw4moWih,38.73627,-9.117285,19.349307,1778737104000,d4fd957e4dc65f65,,14.12
9.834022,Coimbra,28-05-2026 00:09:09,0.28,80.1,HrVfgoElQL2JQHVhvQOM,40.208674,-8.400828,20.25982,1779926949000,2f83709c87e47cfe,,17.72
9.803378,Coimbra,01-05-2026 05:33:37,0.03,66.3,ASRiw8tIozPgnhDisVJW,40.214712,-8.41725,18.481425,1777613617000,c3064996986e374a,,20.03
9.834101,Coimbra,27-05-2026 17:44:41,0.59,50.4,B5MdnLaVqhlZ1RQv96Em,40.220384,-8.412499,17.381204,1780076681000,e396c598b19e13bb,,17.91
9.791805,Lisboa,12-05-2026 14:08:59,0.09,75.6,LBSz6A9BwTM3Kv84sauU,38.727741,-9.142037,18.170848,1778594939000,4c9a126a8a57495f,,21.14
9.781566,Aveiro,21-05-2026 15:30:59,0.22,75.5,eefK4l5RFCfSOdq4Q4xZ,40.644982,-8.647998,15.067044,1779377459000,c81c6438cd22b231,,23.77
9.787824,Coimbra,27-05-2026 20:31:46,0.59,71.5,t17ZsPw33vMfj23XZQgo,40.195263,-8.427509,16.439164,1780086706000,5a22ca6eef58368c,,20.82
9.806293,Coimbra,27-05-2026 05:57:01,0.24,79.4,YOr0IDP3vRXwsULqvJYY,40.202736,-8.423693,19.423145,1780034221000,53ac1b1d077ab556,,12.86
9.807547,Lisboa,03-05-2026 01:09:05,0.54,69.6,au9JKI3RUeH7T8OcPDTb,38.708657,-9.16082,16.314546,1777770545000,143f6ffa3ecc31fb,,22.31
9.785086,Faro,10-05-2026 23:24:35,0.38,47.5,qbMGQk4EbOAKxOS1h0rh,37.022585,-7.921079,15.147041,1778455475000,eb0f2c5c49784270,,16.26
9.822692,Coimbra,18-05-2026 00:09:03,0.87,85.2,Ccn8f2IhFFTQ8OyvsDPd,40.204,-8.411086,20.920356,1779062943000,e25b5841585cee86,,24.21
9.808624,Braga,23-05-2026 08:29:36,0.35,93.3,jpFurToc8K575J5y2EiS,41.536104,-8.424208,20.656492,1780216176000,bedeb80af70264c2,,15.05
9.78512,Coimbra,07-05-2026 01:57:24,0.33,66.9,nc9TWUDaZZoGmELf7KTT,40.192459,-8.399346,19.716445,1778119044000,6ab68d86e1750652,,4.83
9.764627,Porto,26-05-2026 13:19:15,0.22,97,r0VTqbh6eGTKxfs5XJbm,41.176184,-8.626302,18.555536,1779801555000,dfc5da8ccf9cbaeb,,24.93
9.809118,Lisboa,04-05-2026 16:53:33,0.27,79.1,NpdQ1uSRy5Hn9fzhg2dv,38.730763,-9.156813,18.256724,1777913613000,98117b659dd4e749,,19.49
9.804918,Faro,24-05-2026 12:38:47,0.28,68.2,mjmp4paNabzgRkPycsWZ,37.020937,-7.934167,18.349539,1779626327000,8b034fe86d9a5460,,9.7
9.856673,Braga,27-05-2026 20:49:55,0.2,76.4,2SQSTjlthvEVKVpSgSyB,41.542756,-8.423006,15.959053,1780087795000,cd1b1c490b8b116e,,25.13
9.817881,Coimbra,28-05-2026 18:57:42,0.03,102,eHkfRaiU7MKrwDuJuHmF,40.21769,-8.418304,18.783343,1779994662000,aa32f5b60d12fa80,,18
9.853002,Faro,28-05-2026 01:07:22,0.25,66.4,C7QibUNWvsmM848TUZmt,37.031789,-7.928138,14.262096,1779930442000,2ba5cf2d0a93694e,,16.98
9.777761,Coimbra,24-05-2026 14:48:10,0.07,79.9,Jo7tN6CL6enUAhjqLwpm,40.206397,-8.397545,20.896572,1779634090000,91849d3e86b0fe5d,,19.28
9.826771,Aveiro,05-05-2026 07:18:16,0.6,79.5,Avajis1oBBelR80p6VLd,40.639855,-8.645481,16.933714,1777965496000,e31651d338660f28,,16.52
9.812538,Braga,21-05-2026 14:51:20,0.52,90.2,DbsPDwUtOWnSwYnJm3Hh,41.547309,-8.40169,17.609467,1779375080000,0004cbb46295e602,,17.04
9.8155,Lisboa,25-05-2026 16:09:34,0.05,86.5,SteraYuduQoXzhIKQ3wK,38.712458,-9.152651,17.204343,1779725374000,029b9d7826e48d91,,21.28
9.78054,Coimbra,24-05-2026 02:45:49,0.04,99.2,dvsuOzCjM9XlE47C9SqE,40.213354,-8.41644,19.421031,1779590749000,a4f35b926f115d73,,19.19
9.781276,Faro,06-05-2026 06:57:41,0.33,99.2,A6pY6DCEUau990vw73yW,37.001951,-7.921496,18.850583,1778050661000,db52e9652f6bbff9,,19.55
9.788976,Faro,12-05-2026 22:55:44,0.33,97.6,9sBocFVZlEknK0pSA3R1,37.024242,-7.922074,18.718938,1778626544000,fcda772a1df14a72,,20.16
9.768882,Braga,01-05-2026 19:08:45,0.12,72.6,B4p4V3ExKoR5DHozlSmV,41.537785,-8.41724,15.936658,1777662525000,4ed49449f7ed8938,,13.65
9.829371,Aveiro,13-05-2026 18:12:09,0.21,76,C34fa6UVbHq8KGSVCQlZ,40.643106,-8.649326,16.05137,1778695929000,7b8099f6e28bcbf8,,15.3
9.759764,Lisboa,25-05-2026 21:35:31,0.52,83.3,Sv47WiBepMlAfUpolFFG,38.727811,-9.150924,19.540696,1779744931000,c0ace0f012bef41e,,26
9.843365,Lisboa,11-05-2026 07:40:10,0.49,79.7,uqQggA9bDQFPvIRQET19,38.728496,-9.137345,18.597306,1778485210000,0d806855a926b5f8,,20.21
9.730163,Aveiro,17-05-2026 11:14:44,0,94.1,UKma4UGBD5XKDBCnW8Oi,40.623805,-8.670574,17.067111,1779016484000,47a81f793eded4ea,,16.67
9.78562,Braga,28-05-2026 13:01:07,0.18,81.4,fIaEsIHqvNdLH1eSWJPx,41.530194,-8.421937,15.985333,1779973267000,ba0c707762e90ecf,,11.73
9.86292,Lisboa,14-05-2026 16:31:02,0.21,97.6,8o23BMwRjKHQUBMZDkH0,38.728907,-9.147883,19.673447,1778776262000,9524a6e06381b7ac,,16.2
9.735624,Aveiro,11-05-2026 06:17:32,0,65.5,IZdzslGTIfiD0zWoP1Aq,40.632216,-8.66557,18.12519,1778480252000,83ef0f9a782bfa4a,,22.74
9.853401,Aveiro,07-05-2026 05:10:40,0.07,88.7,7eV6e6fmGRBWBZ6tHKVt,40.647052,-8.638855,19.170288,1778130640000,e26beb59d182ecae,,15.11
9.828663,Coimbra,07-05-2026 06:02:40,0.19,70.9,3hlrkpv2Jhq1zsj0mpAO,40.217956,-8.418575,20.99397,1778133760000,87edc123924c6df0,,23.56
9.818598,Coimbra,23-05-2026 19:05:33,0.13,85.2,0z7WSLz5HfTU8yXRfxQt,40.214548,-8.41038,19.017954,1780254333000,edec51bce29b494f,,13.94
9.791251,Coimbra,23-05-2026 03:47:29,0.47,74.7,fNwgZKkNHBb6kCZEjxxb,40.203219,-8.418885,15.814163,1779508049000,0103ec8c2829f33d,,18.36
9.77266,Faro,15-05-2026 17:03:52,0.48,70.9,tpR5cYcylKGv8wkIGvGu,37.013219,-7.94332,18.204235,1778864632000,8974c6f0821f8be9,,20.76
9.854133,Porto,11-05-2026 06:07:44,0.49,92.2,M2Ea6eTYjchzLOfCQD1e,41.150704,-8.639227,17.081633,1778479664000,97f38b55ccd36872,,16.91
9.814488,Porto,12-05-2026 23:27:48,0.42,86.8,MOwFuhrlUPsiMY2vt3CD,41.139056,-8.638376,16.127672,1778628468000,7b6adfd5ece21701,,21.94
9.820591,Braga,28-05-2026 04:38:41,0.3,80.1,WQNe4dE9gF1toe1wiTqj,41.533433,-8.424926,19.477862,1779943121000,569ec1b43d309493,,19.29
9.78055,Faro,04-05-2026 01:41:47,0.09,50.8,3Vga44C6qegBMzS1uK4d,37.005301,-7.933134,16.744082,1777858907000,77a2e3b45945ed4a,,10.4
9.799626,Porto,15-05-2026 19:58:29,0.3,61.9,ih5KzuCZyE6WtXhAhlZh,41.144896,-8.626152,19.048304,1778875109000,ce6d40ffd12ba885,,23.73
9.805702,Coimbra,26-05-2026 18:05:29,0.11,103.7,eJC7I2qusnAep0CWFVAt,40.205419,-8.410961,16.775531,1779818729000,751f6012a5faeb2f,,14.4
9.783042,Faro,08-05-2026 12:12:14,0.21,89.7,dH6S0bGZ8SU57qfjooO9,37.011745,-7.928193,19.433543,1778242334000,278065bd94c26aea,,26.15
9.84494,Aveiro,08-05-2026 09:13:20,0.05,82.6,2wXLFcbBYmXhpno0eVO7,40.622608,-8.655157,17.913177,1778231600000,56b4295e80480c75,,17.52
9.798254,Braga,20-05-2026 01:00:07,0.23,63.4,RIcqBLRfloBTSCivvC8S,41.558778,-8.449596,20.117334,1779238807000,793363d704ef67b4,,22
9.837147,Aveiro,02-05-2026 04:52:45,0,89.8,lWlGk8VbF0hX5lrktY38,40.639057,-8.655846,15.22685,1777697565000,271230f1e4d17638,,17.07
9.812535,Lisboa,16-05-2026 04:41:18,0.24,68,ERDkaqs6cH3b1e3b5dMS,38.713102,-9.127088,20.371278,1778906478000,0da0dfe7b33f562b,,18.52
9.777644,Porto,26-05-2026 04:32:32,0.28,75.5,6XceA6fcs2pzkZ4VwaFS,41.151164,-8.634231,17.990662,1779769952000,d17db66a8cda3352,,15.18
9.785526,Coimbra,26-05-2026 11:34:35,0.06,84.3,pKvtm5mRLwia9rYFIszE,40.208432,-8.419593,17.392809,1779795275000,0ee487bbfe32e30f,,21.74
9.784429,Porto,21-05-2026 11:49:43,0.29,66.5,izbw4xZ8owoEVQikwUwS,41.156081,-8.631989,21.899524,1779364183000,9086f9a2f314315a,,25.92
9.813149,Porto,25-05-2026 17:20:36,0.08,71.1,ZwoPjzwluUcLOfn834YR,41.174766,-8.629874,17.291761,1779729636000,ee0f016987aa84fb,,21.12
9.860381,Porto,13-05-2026 11:22:12,0.39,68.9,KXTAABShN1y4FRQj1vVq,41.160799,-8.622501,18.231141,1778671332000,c5109794bece31cd,,14.3
9.865991,Coimbra,07-05-2026 11:13:52,0.04,97,npNc3lS7dAe4ZtFhqutP,40.203675,-8.42193,19.458669,1778152432000,3dd2a96a498b0d28,,19.71
9.807917,Porto,16-05-2026 13:38:42,0,95,kmn4tKcPOwcO77rkzN1b,41.163234,-8.61868,15.369544,1778938722000,6ab7720faddbf0d9,,21.9
9.751084,Porto,12-05-2026 16:33:56,0.2,89.6,cJnEigAszlvQhfkGsXhT,41.161122,-8.639338,17.264475,1778603636000,a2cdaf74ca484ee1,,4.01
9.764752,Porto,26-05-2026 09:28:59,0.07,80.9,hpfInuFBaXAxEw6Q92cO,41.139748,-8.623113,21.124131,1780133339000,913628209f78c083,,21.4
9.812234,Coimbra,25-05-2026 19:56:23,0.27,66.2,tgrW7ovIaNw2W9UpDDmr,40.201143,-8.417944,16.262245,1779738983000,6ce5d510a9475fab,,17.14
9.806993,Porto,25-05-2026 01:21:57,0.32,75,mEgTNYEzrYAMhFBs2ytP,41.151591,-8.626602,17.996061,1779672117000,b2cbc4d5b952c1da,,17.24
9.793277,Aveiro,07-05-2026 21:13:26,0,63.6,H2gQRlVavV79O1zgAE5z,40.621985,-8.633227,16.971776,1778188406000,926ad20d7a5592a4,,16.65
9.86567,Aveiro,19-05-2026 09:27:35,0.16,62.4,xA58zYzZvEKHygGq71co,40.637464,-8.643772,17.577477,1779182855000,b05c0563fe53557b,,21.71
9.789906,Lisboa,12-05-2026 23:46:04,0.05,87.5,AuKNnojzbmhRvQCDOamd,38.70288,-9.131512,19.096712,1778629564000,99928e4230fcc25c,,14.8
9.777983,Braga,13-05-2026 13:22:49,0.22,90,FygyxEnfstT49CGxE4yj,41.554677,-8.438518,17.905007,1778678569000,8e9a45024683f1a1,,14.2
9.814015,Braga,25-05-2026 13:17:51,0.06,65,sdx8W4LV9d7Lucqf2qXw,41.531927,-8.410641,19.206437,1779715071000,a4a253565801325e,,23.03
9.838871,Braga,06-05-2026 21:17:44,0.3,71.9,5CwgdrkT682j2rDCFd6b,41.524357,-8.412015,17.411506,1778102264000,e42a3ee6f0d96ea7,,17.44
9.81925,Porto,09-05-2026 14:32:20,0.41,74.2,5e44f7hLMifN7qI5OBBe,41.166365,-8.627486,18.181453,1778337140000,2976953f1fc3f940,,12.61
9.792572,Braga,26-05-2026 05:01:00,0.53,79.3,DN4ke9mynZSNLTu2Sa4S,41.540841,-8.432886,18.51521,1780117260000,433056c79d8c6dab,,14.27
9.868825,Braga,24-05-2026 10:35:24,0.07,69.5,87pd0QbyLG2zF1PPpAJV,41.527366,-8.424968,18.053228,1779618924000,3c9681455b7ce89f,,16.38
9.773133,Braga,23-05-2026 22:34:56,0.08,85.9,AMs5JCUayaWWAUGloYtH,41.546973,-8.420471,19.113132,1780266896000,21c87d9c310b15c2,,17.15
9.8563,Faro,21-05-2026 15:45:47,0.04,80.9,bi6dOrODxfoGlP2y5KLn,37.007656,-7.952237,18.343827,1779378347000,8d2a3ed353f9cb85,,17.88
9.800918,Lisboa,15-05-2026 03:49:59,0,97.5,Cqo2AkjAi9oKGXloqMwm,38.686528,-9.1354,19.726592,1778816999000,9be2bca5ccd2d1ff,,13.86
9.81017,Porto,08-05-2026 23:53:05,0.12,64.8,t6ELFdz1ZgnWFbFVFus4,41.164757,-8.645594,20.325395,1778284385000,cca4454e3463e07d,,21.99
9.849228,Aveiro,24-05-2026 06:42:46,0.06,77.4,Jh0td3rs1md44YStrOQl,40.63577,-8.656028,16.340502,1779604966000,2e04ee39b7caf483,,16.13
9.788207,Porto,23-05-2026 11:11:27,0.39,98.3,rPoVImhclXamAofe87Hy,41.159528,-8.648382,15.755588,1779534687000,8f74893606fe649d,,17.83
9.865991,Faro,19-05-2026 19:17:56,0.21,61.4,UJluTkGHJUcRcwr1Hbr4,37.009839,-7.942363,19.719043,1779218276000,8fe31d8e725f8172,,22.26
9.816751,Braga,28-05-2026 03:32:37,0.06,73.4,IMSnYIby0a03MgBSlC9y,41.567846,-8.421696,16.125059,1779939157000,19c65cfe135851d1,,18.57
9.821394,Coimbra,16-05-2026 09:17:35,0,78.9,V1tgkfnMvhNNwwfCCpHr,40.206706,-8.433568,19.282627,1778923055000,bf40fc6c15f3e541,,21.21
9.879858,Faro,16-05-2026 19:08:14,0.2,82.4,UGaCgVypKPuS1h9HqBDa,37.018137,-7.932972,16.176002,1778958494000,cc95a1384c7cc42c,,25.31
9.814242,Coimbra,12-05-2026 22:28:31,0.05,71.5,Xzj3FZRnhheAgTRWSnhh,40.216402,-8.412328,16.593637,1778624911000,49abb99f9e872f06,,17.04
9.829987,Lisboa,26-05-2026 21:03:14,0.33,80.8,htOrPL65TvsFwqDnAcSF,38.726602,-9.127538,18.598705,1779829394000,dc726e3f6fb5f698,,13.17
9.863291,Aveiro,17-05-2026 14:35:17,0.14,72.6,Wk1tk3n7PROTCdRsi6Y2,40.645939,-8.663468,19.191022,1779028517000,6bf086d7305e3c96,,16.82
9.80553,Porto,28-05-2026 17:43:54,0.07,64.1,pZz7FNZqeFaBDMDhJgLH,41.151825,-8.630277,15.567422,1779990234000,bc769dbaf60eea9e,,24.18
9.84938,Faro,01-05-2026 15:23:33,0.28,83.6,Fx9CEqT7UJp0T85PEn9p,37.022173,-7.937572,15.595606,1777649013000,e5a8836b96bd6e47,,20.55
9.833849,Coimbra,23-05-2026 18:03:08,0.21,82,aIQH4hbv2HTJXsvckGw2,40.210542,-8.393721,15.740684,1779559388000,2ddfc8a7fac289a2,,24.68
9.792542,Coimbra,06-05-2026 12:46:43,0,80,DlBfAB85Y9Y2T7hDUyBL,40.204961,-8.400611,19.044275,1778071603000,a064b04cfad57f7c,,16.99
9.766172,Porto,14-05-2026 07:24:26,0.19,69.8,Sonn2pGx066uIyZ6i3le,41.141351,-8.640905,14.985843,1778743466000,855f45a4775363a8,,19.8
9.824211,Lisboa,23-05-2026 20:06:59,0.14,78.8,tlGiKvHXCuUET7yZQqay,38.729586,-9.131287,17.126037,1779566819000,109f98eb84e13745,,19.54
9.830536,Faro,26-05-2026 22:16:48,0.19,77.6,XZmI5kdc5BZWxS4jAmd1,37.018727,-7.932501,18.368183,1779833808000,13133a1663f768bf,,12.44
9.791785,Coimbra,22-05-2026 11:45:59,0.76,83.2,65OU4zIzJr1Q6tcO2diC,40.199588,-8.411691,15.473122,1779450359000,3b0a8afe03aaec66,,20.54
9.820243,Aveiro,16-05-2026 04:22:54,0.3,75.6,NXokW3aGI4Lhvz4NH2Si,40.632937,-8.66961,15.144293,1778905374000,bebb9ae5b7b05059,,20.61
9.831783,Coimbra,19-05-2026 09:45:51,0.31,65.9,ZtZPtHfLkXmJucskmtai,40.191494,-8.407737,24.300889,1779183951000,dd9d93df96d4804f,,22.71
9.811578,Braga,27-05-2026 06:08:23,0.07,70.3,HhKhMpsYrnkOeeLgNlL6,41.537646,-8.433633,18.636743,1780034903000,616322abc79fd0a5,,13.14
9.820005,Aveiro,14-05-2026 12:26:33,0.52,78.2,0zec56begCurhXm1WQUZ,40.627768,-8.657904,17.698105,1778761593000,e6674e1f2474dcfb,,16.6
9.870008,Aveiro,23-05-2026 07:38:55,0.45,59.7,pTQinE2C5s0JsawBP7jf,40.644098,-8.655748,19.389636,1780213135000,c774b16b82aa094b,,19.94
9.830342,Lisboa,24-05-2026 20:57:30,0.13,73.8,M5DZmaQhSsHSTDZW1xoC,38.729766,-9.129687,19.569181,1779656250000,8df0e2275a1681cc,,19.41
9.834437,Coimbra,23-05-2026 04:25:28,0.05,62.5,RxvLknDN20NiHlkYQS5A,40.194127,-8.410349,20.353555,1780201528000,293a222ca19a7394,,19.43
9.820612,Lisboa,17-05-2026 22:20:49,0.45,92.1,6wNhr3Z21bK1CUlGHgUR,38.737945,-9.14811,16.781662,1779056449000,0ebbab2d0377f15a,,18.12
9.789093,Porto,11-05-2026 16:11:29,0.59,69.8,ToLpw6pF3N73VX9ylkfZ,41.164798,-8.635784,17.579768,1778515889000,3d676aa417bf1312,,28.27
9.803272,Faro,07-05-2026 18:30:22,0.15,79,S6OK3ltW23UrVHYFybTM,37.022927,-7.925758,14.587398,1778178622000,6437823aef9010d1,,12.86
9.809996,Porto,10-05-2026 13:07:04,0.11,81.7,YCHXo2xQqj2n09uQO2CJ,41.163368,-8.636409,18.539509,1778418424000,682d3ca3a84e6f99,,13.42
9.82058,Braga,08-05-2026 09:40:35,0.67,86.4,4Ci4Rm9xq5vRUJmLuNwe,41.543377,-8.434171,18.765007,1778233235000,d7c076663f04e4de,,15.61
9.774102,Coimbra,18-05-2026 00:55:01,0.51,77.3,om9XlYlqhyPgxJ1fyNcC,40.206282,-8.401518,18.476249,1779065701000,da9b972e2e797954,,15.48
9.860682,Porto,21-05-2026 12:45:57,0.51,80.7,mGp3Y6XBDbzlxtfw7Nm0,41.167619,-8.61591,19.153393,1779367557000,b65f410543f8c66a,,19.79
9.82158,Coimbra,24-05-2026 11:50:17,0.26,93.2,67MSlEpUPSkIn6wERzg4,40.210335,-8.403465,18.691956,1780141817000,f4c7aee4635a9442,,17
9.812576,Lisboa,12-05-2026 16:50:02,0.45,80.1,fzwwMVDX1QmYkRBSIsCg,38.721493,-9.142347,18.350982,1778604602000,aca336b9566264dc,,15.4
9.764724,Aveiro,26-05-2026 00:23:45,0.3,72.5,Ufz7RoIe7jBhKPBzVrZ9,40.640803,-8.648984,17.002575,1780100625000,3d0e04214b57d518,,14.75
9.827638,Faro,23-05-2026 13:57:31,0.28,87.7,fTZmdFPl64dUqwkO0ovG,36.995088,-7.929621,16.198451,1780235851000,bed7548a52f7b528,,20.25
9.844797,Faro,18-05-2026 17:05:06,0.02,95.8,dUpmPRcS8uTzKYTqmGJj,37.016913,-7.921915,18.906002,1779123906000,dd133f01e836efdd,,21.53
9.863366,Braga,23-05-2026 04:25:02,0.05,84.8,1VDywKwOavWPSpJECjn1,41.544053,-8.429331,17.109111,1780201502000,3099393f4f461804,,26.82
