city,cluster,current_level_index,date,id,latitude,longitude,message,mode,progress_percentage,recommendation,ritmo,status,type,userId,user_id
Braga,Avançado,,2026-05-09T16:22:46.978809,01RLLwtkHjc44zPtpAWU,41.54734333333333,-8.423885,Mantem a atividade para evoluir de Moderado para Avançado.,,,True,,,invite,9d789fd91804129f,
,Avançado,,2026-05-07T22:59:55.846875,0O6EIJh1bEdoyUO05sLk,41.55343666666667,-8.393136666666667,Mantem a atividade para evoluir de Moderado para Avançado.,,,True,,,invite,9d789fd91804129f,
Porto,Avançado,,2026-05-09T16:29:46.961118,0bBHBVBbtFdzO1vSKduq,41.157943333333336,-8.629105,Mantem a atividade para evoluir de Moderado para Avançado.,,,True,,,invite,9d789fd91804129f,
Braga,Avançado,,2026-05-08T22:07:19.006284,0h7XaMWlXyQyixW9FFBM,41.55343666666667,-8.393136666666667,Mantem a atividade para evoluir de Moderado para Avançado.,,,True,,,invite,72bd2672c948d2cb,
Porto,Avançado,,2026-05-09T16:17:46.982857,0qVU0GLYi58BXppW8Ni0,41.157943333333336,-8.629105,Mantem a atividade para evoluir de Moderado para Avançado.,,,True,,,invite,9d789fd91804129f,
Braga,Avançado,,2026-05-08T21:53:47.321486,1MorrTlwjUXQ8w09nFu1,41.55343666666667,-8.393136666666667,Mantem a atividade para evoluir de Moderado para Avançado.,,,True,,,invite,72bd2672c948d2cb,
Braga,Avançado,,2026-05-08T22:18:45.683471,1ZrrGlhjgIfxF80vK5ax,41.55343666666667,-8.393136666666667,Mantem a atividade para evoluir de Moderado para Avançado.,,,True,,,invite,72bd2672c948d2cb,
Porto,Avançado,,2026-05-09T16:50:16.980935,1dzMM9rj8TtEEpYJZV3t,41.157943333333336,-8.629105,Mantem a atividade para evoluir de Moderado para Avançado.,,,True,,,invite,9d789fd91804129f,
Braga,Avançado,,2026-05-08T22:23:23.646776,1hkYnsHVThpmL3l7zAlS,41.55343666666667,-8.393136666666667,Mantem a atividade para evoluir de Moderado para Avançado.,,,True,,,invite,72bd2672c948d2cb,
Braga,Avançado,,2026-05-08T22:09:13.276747,2F9Xme2rxpoPEFm6irYu,41.55343666666667,-8.393136666666667,Mantem a atividade para evoluir de Moderado para Avançado.,,,True,,,invite,72bd2672c948d2cb,
,Avançado,,2026-05-07T22:55:25.868289,2ORCELhdKlrmikjWaVtr,41.55343666666667,-8.393136666666667,Mantem a atividade para evoluir de Moderado para Avançado.,,,True,,,invite,9d789fd91804129f,
,Avançado,1.0,2026-05-05 23:11:23.958226+00:00,2Scu5ksM3BcfZlgtd5ph,41.55343666666667,-8.393136666666667,Mantem a atividade para evoluir de Moderado para Avançado.,cluster_progression,47.33,True,17.71001281738281,,invite,,9d789fd91804129f
Braga,Avançado,,2026-05-08T22:01:49.005252,2WPao8hdNymUd0TWuaiS,41.55343666666667,-8.393136666666667,Mantem a atividade para evoluir de Moderado para Avançado.,,,True,,,invite,72bd2672c948d2cb,
,Avançado,1.0,2026-05-06 22:13:56.562300+00:00,2bDtQGZwLzYGzFmRKxrK,41.55343666666667,-8.393136666666667,Mantem a atividade para evoluir de Moderado para Avançado.,cluster_progression,47.33,True,17.710009956359862,,invite,9d789fd91804129f,
,Expert,,2026-05-07T22:59:25.811044,2bjkSd4EnUYC2bp4XC55,41.55343666666667,-8.393136666666667,Mantem a atividade para evoluir de Avançado para Expert.,,,True,,,invite,9d789fd91804129f,
,Avançado,1.0,2026-05-05 23:24:55.468738+00:00,2tE7nL2V1yGNsnlDlxnV,41.55343666666667,-8.393136666666667,Mantem a atividade para evoluir de Moderado para Avançado.,cluster_progression,47.33,True,17.71000232696533,,invite,9d789fd91804129f,
Porto,Avançado,,2026-05-09T17:27:17.003532,3AmZlXRSAHtCBdMbqSGu,41.157943333333336,-8.629105,Mantem a atividade para evoluir de Moderado para Avançado.,,,True,,,invite,9d789fd91804129f,
Porto,Avançado,,2026-05-09T16:13:46.978420,3D3gDjIRqXQNHTUmyYlt,41.157943333333336,-8.629105,Mantem a atividade para evoluir de Moderado para Avançado.,,,True,,,invite,9d789fd91804129f,
Braga,Avançado,,2026-05-08T22:04:47.375897,3LUj4huSgllXkMNpn8I0,41.55343666666667,-8.393136666666667,Mantem a atividade para evoluir de Moderado para Avançado.,,,True,,,invite,72bd2672c948d2cb,
Braga,Avançado,,2026-05-08T21:49:45.164534,3Lo5kvrGIA2AL4elLHNP,41.55343666666667,-8.393136666666667,Mantem a atividade para evoluir de Moderado para Avançado.,,,True,,,invite,72bd2672c948d2cb,
,Avançado,1.0,2026-05-06 21:48:26.509037+00:00,3S2OAQHM9HYEeubCASbH,41.55343666666667,-8.393136666666667,Mantem a atividade para evoluir de Moderado para Avançado.,cluster_progression,47.33,True,17.710009956359862,,invite,9d789fd91804129f,
Braga,Avançado,,2026-05-15T00:01:39.989864,3fdpPfzCkB2jxICv7xp9,41.559475,-8.395923333333334,Mantem a atividade para evoluir de Moderado para Avançado.,,,True,,,invite,9d789fd91804129f,
Porto,Avançado,,2026-05-09T17:16:16.967455,3kG70IlybssdR4pOGqbZ,41.157943333333336,-8.629105,Mantem a atividade para evoluir de Moderado para Avançado.,,,True,,,invite,9d789fd91804129f,
Braga,Avançado,,2026-05-08T21:42:02.474444,3kXyxjYwpRec5wLxte99,41.55343666666667,-8.393136666666667,Mantem a atividade para evoluir de Moderado para Avançado.,,,True,,,invite,9d789fd91804129f,
Braga,Avançado,,2026-05-08T22:38:49.382727,3uDBjwaYBsUlvUxciHpp,41.55343666666667,-8.393136666666667,Mantem a atividade para evoluir de Moderado para Avançado.,,,True,,,invite,72bd2672c948d2cb,
,Avançado,1.0,2026-05-05 23:28:48.201546+00:00,3utAbHACY4Gm7RVEaSW5,41.54734333333333,-8.423885,Mantem a atividade para evoluir de Moderado para Avançado.,cluster_progression,47.33,True,17.710014724731444,,invite,bb80f878cef35322,
,Avançado,1.0,2026-05-05 23:21:55.295694+00:00,3yVxyJfqIrsLkAcoNVa0,41.55343666666667,-8.393136666666667,Mantem a atividade para evoluir de Moderado para Avançado.,cluster_progression,58.33,True,17.874996509552002,,invite,9d789fd91804129f,
Braga,Avançado,,2026-05-08T22:27:23.066685,440kJAPq8tsKvvmchoHX,41.55343666666667,-8.393136666666667,Mantem a atividade para evoluir de Moderado para Avançado.,,,True,,,invite,72bd2672c948d2cb,
Braga,Avançado,,2026-05-08T22:10:17.399785,4b7ZyrxHKZF0hNxKi5RL,41.55343666666667,-8.393136666666667,Mantem a atividade para evoluir de Moderado para Avançado.,,,True,,,invite,72bd2672c948d2cb,
Braga,Avançado,,2026-05-09T15:58:46.976599,4e6qCkZhjiY69hDmgVdS,41.55343666666667,-8.393136666666667,Mantem a atividade para evoluir de Moderado para Avançado.,,,True,,,invite,9d789fd91804129f,
Porto,Avançado,,2026-05-09T16:17:17.003728,54ukwwGEWI3OJ0lNKuCS,41.157943333333336,-8.629105,Mantem a atividade para evoluir de Moderado para Avançado.,,,True,,,invite,9d789fd91804129f,
,Avançado,1.0,2026-05-06 22:00:28.616083+00:00,57CWF8u15w1JJs1s41lF,41.55343666666667,-8.393136666666667,Mantem a atividade para evoluir de Moderado para Avançado.,cluster_progression,47.33,True,17.710009956359862,,invite,9d789fd91804129f,
,Avançado,1.0,2026-05-06 22:13:26.577196+00:00,5FK0HgXapka4DLFKetT2,41.55343666666667,-8.393136666666667,Mantem a atividade para evoluir de Moderado para Avançado.,cluster_progression,47.33,True,17.710009956359862,,invite,9d789fd91804129f,
Porto,Avançado,,2026-05-09T17:04:16.991636,5FK9H5MuIlHwSkFo8o8x,41.157943333333336,-8.629105,Mantem a atividade para evoluir de Moderado para Avançado.,,,True,,,invite,9d789fd91804129f,
,Avançado,1.0,2026-05-05 23:29:48.264645+00:00,5GyuewdpYKj7uMDktsdt,41.54734333333333,-8.423885,Mantem a atividade para evoluir de Moderado para Avançado.,cluster_progression,47.33,True,17.710014724731444,,invite,bb80f878cef35322,
,Avançado,1.0,2026-05-06 22:01:58.615192+00:00,5ROLGlLd97ur6Pazr2nH,41.55343666666667,-8.393136666666667,Mantem a atividade para evoluir de Moderado para Avançado.,cluster_progression,47.33,True,17.710009956359862,,invite,9d789fd91804129f,
,Avançado,1.0,2026-05-06 22:03:28.619157+00:00,5W74ZfyTlOxKhiINlIn4,41.55343666666667,-8.393136666666667,Mantem a atividade para evoluir de Moderado para Avançado.,cluster_progression,47.33,True,17.710009956359862,,invite,9d789fd91804129f,
Porto,Avançado,,2026-05-09T16:44:46.992052,5eT6pVJzZNpWhYjYccmQ,41.157943333333336,-8.629105,Mantem a atividade para evoluir de Moderado para Avançado.,,,True,,,invite,9d789fd91804129f,
,Avançado,1.0,2026-05-05 23:11:53.978288+00:00,5fcHQZB9bwnaiMsq0ObL,41.55343666666667,-8.393136666666667,Mantem a atividade para evoluir de Moderado para Avançado.,cluster_progression,47.33,True,17.71001281738281,,invite,,9d789fd91804129f
Porto,Avançado,,2026-05-09T17:09:16.988900,5hPqPXmqWQysEm4BRUCi,41.157943333333336,-8.629105,Mantem a atividade para evoluir de Moderado para Avançado.,,,True,,,invite,9d789fd91804129f,
Braga,Avançado,,2026-05-08T22:31:23.329347,5haxfbSZgpaksFmtayYo,41.55343666666667,-8.393136666666667,Mantem a atividade para evoluir de Moderado para Avançado.,,,True,,,invite,72bd2672c948d2cb,
Porto,Avançado,,2026-05-11T22:53:43.224593,5t7btKMmyH0DcLvMH5Fp,41.157943333333336,-8.629105,Mantem a atividade para evoluir de Moderado para Avançado.,,,True,,,invite,9d789fd91804129f,
Porto,Avançado,,2026-05-11T22:53:11.803943,5uTsi69GXXiJd9UHgg59,41.157943333333336,-8.629105,Mantem a atividade para evoluir de Moderado para Avançado.,,,True,,,invite,9d789fd91804129f,
Porto,Avançado,,2026-05-09T17:28:46.958425,66t6KDVE9kPdbrhGQxld,41.157943333333336,-8.629105,Mantem a atividade para evoluir de Moderado para Avançado.,,,True,,,invite,9d789fd91804129f,
,,3.0,2026-05-05 23:12:55.365259+00:00,68REDJbyj7IXkFCkO0nS,41.55343666666667,-8.393136666666667,Mantem a atividade para consolidar o nivel Expert.,cluster_progression,100.0,True,21.3713158454895,,invite,,9d789fd91804129f
,Avançado,1.0,2026-05-06 22:09:25.320227+00:00,6BkPmWDNwPUBj5JdMHUN,41.55343666666667,-8.393136666666667,Mantem a atividade para evoluir de Moderado para Avançado.,cluster_progression,47.33,True,17.710009956359862,,invite,9d789fd91804129f,
,Avançado,1.0,2026-05-06 21:49:26.537764+00:00,6RcWMpV71HtOuR7tLsC5,41.55343666666667,-8.393136666666667,Mantem a atividade para evoluir de Moderado para Avançado.,cluster_progression,47.33,True,17.710009956359862,,invite,9d789fd91804129f,
Braga,Avançado,,2026-05-08T21:45:43.103296,6VF7K4A06XZ9VaFX822U,41.55343666666667,-8.393136666666667,Mantem a atividade para evoluir de Moderado para Avançado.,,,True,,,invite,72bd2672c948d2cb,
Porto,Avançado,,2026-05-09T17:05:17.002749,6WRyYLFb2omJSyK6LHfK,41.157943333333336,-8.629105,Mantem a atividade para evoluir de Moderado para Avançado.,,,True,,,invite,9d789fd91804129f,
,Avançado,1.0,2026-05-05 23:33:28.396700+00:00,6Wjq6GZe5ywtrCIrEIIT,41.55343666666667,-8.393136666666667,Mantem a atividade para evoluir de Moderado para Avançado.,cluster_progression,47.33,True,17.71000232696533,,invite,9d789fd91804129f,
Braga,Avançado,,2026-05-08T22:23:53.648169,6XDIvokihO5WyVxk3Tuw,41.55343666666667,-8.393136666666667,Mantem a atividade para evoluir de Moderado para Avançado.,,,True,,,invite,72bd2672c948d2cb,
Porto,Avançado,,2026-05-09T17:33:16.984741,6bZS9HJW7EDrXDfhUDAn,41.157943333333336,-8.629105,Mantem a atividade para evoluir de Moderado para Avançado.,,,True,,,invite,9d789fd91804129f,
,Avançado,,2026-05-07T21:27:05.463157,6dNAXHyqJtfwfLvn0OoU,41.55343666666667,-8.393136666666667,Mantem a atividade para evoluir de Moderado para Avançado.,,,True,,,invite,9d789fd91804129f,
Porto,Avançado,,2026-05-09T16:14:46.981344,6nH0R0gAVCnxDqWzpugl,41.157943333333336,-8.629105,Mantem a atividade para evoluir de Moderado para Avançado.,,,True,,,invite,9d789fd91804129f,
Braga,Avançado,,2026-05-08T22:20:25.675938,6smF9SZE1CE58GyzYz0g,41.55343666666667,-8.393136666666667,Mantem a atividade para evoluir de Moderado para Avançado.,,,True,,,invite,72bd2672c948d2cb,
Braga,Avançado,,2026-05-09T16:04:46.975178,76oRYH7pSBqj024f2ufI,41.55343666666667,-8.393136666666667,Mantem a atividade para evoluir de Moderado para Avançado.,,,True,,,invite,9d789fd91804129f,
Braga,Avançado,,2026-05-08T21:57:48.997542,7Fv2Ju2UUzOn7ZzTSXiS,41.55343666666667,-8.393136666666667,Mantem a atividade para evoluir de Moderado para Avançado.,,,True,,,invite,72bd2672c948d2cb,
Porto,Avançado,,2026-05-09T16:47:46.984578,7HW07YgGPAtJTlK7xeLn,41.157943333333336,-8.629105,Mantem a atividade para evoluir de Moderado para Avançado.,,,True,,,invite,9d789fd91804129f,
Braga,Avançado,,2026-05-08T21:43:43.090678,7KwGHuU8ES7KF2rkSssN,41.55343666666667,-8.393136666666667,Mantem a atividade para evoluir de Moderado para Avançado.,,,True,,,invite,72bd2672c948d2cb,
Braga,Avançado,,2026-05-08T21:45:01.041379,7ZiQluJBPRv8ENfF2E6Y,41.55343666666667,-8.393136666666667,Mantem a atividade para evoluir de Moderado para Avançado.,,,True,,,invite,9d789fd91804129f,
Braga,Avançado,,2026-05-14T23:59:34.911017,7Zs5yQy0Ue9Ptyl2KKsw,41.559475,-8.395923333333334,Mantem a atividade para evoluir de Moderado para Avançado.,,,True,,,invite,9d789fd91804129f,
,Avançado,1.0,2026-05-06 22:17:56.557146+00:00,7irAPPoboQCtdPUNMuzT,41.55343666666667,-8.393136666666667,Mantem a atividade para evoluir de Moderado para Avançado.,cluster_progression,47.33,True,17.710009956359862,,invite,9d789fd91804129f,
Porto,Avançado,,2026-05-09T16:06:46.964354,8CmbvqXc0DTZDwOyiWBL,41.157943333333336,-8.629105,Mantem a atividade para evoluir de Moderado para Avançado.,,,True,,,invite,9d789fd91804129f,
Braga,Avançado,,2026-05-08T22:58:21.875884,8LXNGWT4BEdpVDGfJuOm,41.55343666666667,-8.393136666666667,Mantem a atividade para evoluir de Moderado para Avançado.,,,True,,,invite,72bd2672c948d2cb,
Porto,Avançado,,2026-05-09T16:57:16.991005,8QV5NiZG1CBVR2laioTA,41.157943333333336,-8.629105,Mantem a atividade para evoluir de Moderado para Avançado.,,,True,,,invite,9d789fd91804129f,
Porto,Avançado,,2026-05-09T16:49:16.983178,8TTMKE9LIUkOdJn9iAoO,41.157943333333336,-8.629105,Mantem a atividade para evoluir de Moderado para Avançado.,,,True,,,invite,9d789fd91804129f,
,Avançado,1.0,2026-05-06 22:02:58.625075+00:00,8YoIORWtdAK1KMKBfMJr,41.55343666666667,-8.393136666666667,Mantem a atividade para evoluir de Moderado para Avançado.,cluster_progression,47.33,True,17.710009956359862,,invite,9d789fd91804129f,
,Avançado,,2026-05-07T23:01:58.975415,8gXGJyL5lc7uuFHABYQq,41.55343666666667,-8.393136666666667,Mantem a atividade para evoluir de Moderado para Avançado.,,,True,,,invite,9d789fd91804129f,
Porto,Avançado,,2026-05-09T17:15:16.973281,8kNFzWaOdFfAI9IjevF6,41.157943333333336,-8.629105,Mantem a atividade para evoluir de Moderado para Avançado.,,,True,,,invite,9d789fd91804129f,
Porto,Avançado,,2026-05-09T16:11:46.958969,8mpDkWJIDoBXK8370kUv,41.157943333333336,-8.629105,Mantem a atividade para evoluir de Moderado para Avançado.,,,True,,,invite,9d789fd91804129f,
Braga,Avançado,,2026-05-08T22:49:19.605581,8p3qtmELRwlfCfF8mvRu,41.55343666666667,-8.393136666666667,Mantem a atividade para evoluir de Moderado para Avançado.,,,True,,,invite,72bd2672c948d2cb,
Porto,Avançado,,2026-05-09T16:42:16.985833,8pa4snR1VXR5b5nW83xq,41.157943333333336,-8.629105,Mantem a atividade para evoluir de Moderado para Avançado.,,,True,,,invite,9d789fd91804129f,
Braga,Avançado,,2026-05-08T22:50:23.759084,8sm5tFQyhnOIJsV2KDXn,41.55343666666667,-8.393136666666667,Mantem a atividade para evoluir de Moderado para Avançado.,,,True,,,invite,72bd2672c948d2cb,
Braga,Avançado,,2026-05-08T21:54:19.003923,8v8stL968h9dSYG0d3I6,41.55343666666667,-8.393136666666667,Mantem a atividade para evoluir de Moderado para Avançado.,,,True,,,invite,72bd2672c948d2cb,
Braga,Avançado,,2026-05-08T22:21:55.686633,93WOAZB05rW7plnxMmQ5,41.55343666666667,-8.393136666666667,Mantem a atividade para evoluir de Moderado para Avançado.,,,True,,,invite,72bd2672c948d2cb,
,Avançado,,2026-05-07T21:27:35.456611,94YiwS7Fu2s0brPCf15m,41.55343666666667,-8.393136666666667,Mantem a atividade para evoluir de Moderado para Avançado.,,,True,,,invite,9d789fd91804129f,
Porto,Avançado,,2026-05-09T17:21:46.996141,94Zxgwg6jvZwvzVSM35i,41.157943333333336,-8.629105,Mantem a atividade para evoluir de Moderado para Avançado.,,,True,,,invite,9d789fd91804129f,
Braga,Expert,,2026-05-09T15:59:46.980048,9CWmiiBVowUe18AqMd67,41.55343666666667,-8.393136666666667,Mantem a atividade para evoluir de Avançado para Expert.,,,True,,,invite,9d789fd91804129f,
Porto,Avançado,,2026-05-09T16:33:46.990110,9HUkS4AYaTL23XBeVrwc,41.157943333333336,-8.629105,Mantem a atividade para evoluir de Moderado para Avançado.,,,True,,,invite,9d789fd91804129f,
Braga,Avançado,,2026-05-08T21:47:31.040946,9KaXqkpzocU1D90IxRVr,41.55343666666667,-8.393136666666667,Mantem a atividade para evoluir de Moderado para Avançado.,,,True,,,invite,9d789fd91804129f,
Braga,Avançado,,2026-05-08T22:17:45.675642,9Yd73TFGshPFM2OfaSqq,41.55343666666667,-8.393136666666667,Mantem a atividade para evoluir de Moderado para Avançado.,,,True,,,invite,72bd2672c948d2cb,
,Avançado,1.0,2026-05-06 21:48:56.517241+00:00,9efnLfwXSEewD6fBD6JX,41.55343666666667,-8.393136666666667,Mantem a atividade para evoluir de Moderado para Avançado.,cluster_progression,47.33,True,17.710009956359862,,invite,9d789fd91804129f,
Braga,Avançado,,2026-05-08T21:56:19.004244,9pDCIltDke70RSaJGws8,41.55343666666667,-8.393136666666667,Mantem a atividade para evoluir de Moderado para Avançado.,,,True,,,invite,72bd2672c948d2cb,
Braga,Avançado,,2026-05-08T21:55:48.998529,9zhJQ7Aeyt2a37CDbTsp,41.55343666666667,-8.393136666666667,Mantem a atividade para evoluir de Moderado para Avançado.,,,True,,,invite,72bd2672c948d2cb,
Braga,Avançado,,2026-05-15T00:07:22.021757,A4NROu2JEWWOdGYa0kFo,41.55343666666667,-8.393136666666667,Mantem a atividade para evoluir de Moderado para Avançado.,,,True,,,invite,72bd2672c948d2cb,
Porto,Avançado,,2026-05-09T16:40:46.965502,AKcNW2lkeZx788JbLprg,41.157943333333336,-8.629105,Mantem a atividade para evoluir de Moderado para Avançado.,,,True,,,invite,9d789fd91804129f,
,Avançado,1.0,2026-05-06 21:47:26.462545+00:00,ALes515fGgxAl16WLLpU,41.55343666666667,-8.393136666666667,Mantem a atividade para evoluir de Moderado para Avançado.,cluster_progression,47.33,True,17.710009956359862,,invite,9d789fd91804129f,
Porto,Avançado,,2026-05-09T17:13:16.950145,AYLqtPh8Ydz3qtIBkcFl,41.157943333333336,-8.629105,Mantem a atividade para evoluir de Moderado para Avançado.,,,True,,,invite,9d789fd91804129f,
Porto,Avançado,,2026-05-09T16:37:46.979014,AZegbmPDK7Htd90qCLxf,41.157943333333336,-8.629105,Mantem a atividade para evoluir de Moderado para Avançado.,,,True,,,invite,9d789fd91804129f,
Porto,Avançado,,2026-05-09T17:10:46.992482,AcoEr4tCTCSV23URMyIt,41.157943333333336,-8.629105,Mantem a atividade para evoluir de Moderado para Avançado.,,,True,,,invite,9d789fd91804129f,
Braga,Avançado,,2026-05-15T00:11:52.009904,AePio6VltLMybhQJ0hlu,41.55343666666667,-8.393136666666667,Mantem a atividade para evoluir de Moderado para Avançado.,,,True,,,invite,72bd2672c948d2cb,
Porto,Avançado,,2026-05-09T17:15:46.988061,AmCSwYVS5PJmhodWwGdA,41.157943333333336,-8.629105,Mantem a atividade para evoluir de Moderado para Avançado.,,,True,,,invite,9d789fd91804129f,
Porto,Avançado,,2026-05-09T16:21:16.979868,AttqeiwmiNrLirQGua59,41.157943333333336,-8.629105,Mantem a atividade para evoluir de Moderado para Avançado.,,,True,,,invite,9d789fd91804129f,
Porto,Avançado,,2026-05-09T16:18:46.997503,Azra9qEYyO4h7ZOFy2iQ,41.157943333333336,-8.629105,Mantem a atividade para evoluir de Moderado para Avançado.,,,True,,,invite,9d789fd91804129f,
Braga,Avançado,,2026-05-08T22:32:23.330626,B24BX33eA6C8KtnktnxV,41.55343666666667,-8.393136666666667,Mantem a atividade para evoluir de Moderado para Avançado.,,,True,,,invite,72bd2672c948d2cb,
Braga,Avançado,,2026-05-08T22:34:50.729991,BDN5Wp0Wp8YJhIkGKMaL,41.55343666666667,-8.393136666666667,Mantem a atividade para evoluir de Moderado para Avançado.,,,True,,,invite,72bd2672c948d2cb,
Braga,Avançado,,2026-05-15T00:00:39.038531,BE7cfMMXKKffd0hQdCkt,41.559475,-8.395923333333334,Mantem a atividade para evoluir de Moderado para Avançado.,,,True,,,invite,9d789fd91804129f,
Porto,Avançado,,2026-05-09T16:49:46.994054,BQwnD7yq9gjXc44Pkqyu,41.157943333333336,-8.629105,Mantem a atividade para evoluir de Moderado para Avançado.,,,True,,,invite,9d789fd91804129f,
Porto,Avançado,,2026-05-14T23:57:09.986429,BQzBBn1UGUwcSILvzkPM,41.157943333333336,-8.629105,Mantem a atividade para evoluir de Moderado para Avançado.,,,True,,,invite,9d789fd91804129f,
Porto,Avançado,,2026-05-09T17:21:16.970931,BRlgTePZRpCiTdqNcHAM,41.157943333333336,-8.629105,Mantem a atividade para evoluir de Moderado para Avançado.,,,True,,,invite,9d789fd91804129f,
Porto,Avançado,,2026-05-09T16:27:47.004351,Bb2gfVP1TKuGh1EQYQXN,41.157943333333336,-8.629105,Mantem a atividade para evoluir de Moderado para Avançado.,,,True,,,invite,9d789fd91804129f,
,Avançado,1.0,2026-05-06 22:03:58.617289+00:00,Bhjg4CrPYsJKSg3mAoft,41.55343666666667,-8.393136666666667,Mantem a atividade para evoluir de Moderado para Avançado.,cluster_progression,47.33,True,17.710009956359862,,invite,9d789fd91804129f,
Braga,Avançado,,2026-05-08T22:02:48.230521,BtYjiOrxnpBUT2z6GKPD,41.55343666666667,-8.393136666666667,Mantem a atividade para evoluir de Moderado para Avançado.,,,True,,,invite,72bd2672c948d2cb,
Porto,Avançado,,2026-05-09T17:26:46.976516,C0OzKJZiTuAf747UmYIo,41.157943333333336,-8.629105,Mantem a atividade para evoluir de Moderado para Avançado.,,,True,,,invite,9d789fd91804129f,
,Expert,,2026-05-07T22:57:25.826427,C4QccJmbzBCZOVXCHdam,41.55343666666667,-8.393136666666667,Mantem a atividade para evoluir de Avançado para Expert.,,,True,,,invite,9d789fd91804129f,
,Avançado,1.0,2026-05-06 21:58:25.582001+00:00,C8Xr9Wxuai7JOnxMMmYk,41.55343666666667,-8.393136666666667,Mantem a atividade para evoluir de Moderado para Avançado.,cluster_progression,47.33,True,17.710009956359862,,invite,9d789fd91804129f,
,Avançado,1.0,2026-05-05 23:13:25.332393+00:00,CYrL0yAAaLlnyJn2uJct,41.55343666666667,-8.393136666666667,Mantem a atividade para evoluir de Moderado para Avançado.,cluster_progression,60.82,True,17.912264503479005,,invite,,9d789fd91804129f
Braga,Avançado,,2026-05-08T21:41:32.472391,CZzHE9P1zmHCO10j2s8h,41.55343666666667,-8.393136666666667,Mantem a atividade para evoluir de Moderado para Avançado.,,,True,,,invite,9d789fd91804129f,
Porto,Avançado,,2026-05-09T16:43:16.975465,CclxNvtQ0D56WfwKTxJX,41.157943333333336,-8.629105,Mantem a atividade para evoluir de Moderado para Avançado.,,,True,,,invite,9d789fd91804129f,
,Avançado,1.0,2026-05-06 22:17:26.578518+00:00,CekrUFetxIBqVTLgdgv4,41.55343666666667,-8.393136666666667,Mantem a atividade para evoluir de Moderado para Avançado.,cluster_progression,47.33,True,17.710009956359862,,invite,9d789fd91804129f,
,Avançado,1.0,2026-05-06 22:00:58.626144+00:00,Cfgb5I5MjGJpJj9AtXL5,41.55343666666667,-8.393136666666667,Mantem a atividade para evoluir de Moderado para Avançado.,cluster_progression,47.33,True,17.710009956359862,,invite,9d789fd91804129f,
Braga,Avançado,,2026-05-15T00:07:52.013640,CnysntMwnA8NEsBArBQZ,41.55343666666667,-8.393136666666667,Mantem a atividade para evoluir de Moderado para Avançado.,,,True,,,invite,72bd2672c948d2cb,
Braga,Avançado,,2026-05-08T22:08:18.264217,CxnRRhtu3YtNgmTaWPeu,41.55343666666667,-8.393136666666667,Mantem a atividade para evoluir de Moderado para Avançado.,,,True,,,invite,72bd2672c948d2cb,
Braga,Avançado,,2026-05-09T16:24:16.980255,CyinTpNbtX1iABXpNzbi,41.54734333333333,-8.423885,Mantem a atividade para evoluir de Moderado para Avançado.,,,True,,,invite,9d789fd91804129f,
,Avançado,,2026-05-07T21:28:35.454056,D39ClRkFscz6Bwj141G0,41.55343666666667,-8.393136666666667,Mantem a atividade para evoluir de Moderado para Avançado.,,,True,,,invite,9d789fd91804129f,
,Avançado,1.0,2026-05-05 23:22:25.307097+00:00,D5sbYB9ggaKOlWWx6Ubd,41.55343666666667,-8.393136666666667,Mantem a atividade para evoluir de Moderado para Avançado.,cluster_progression,47.33,True,17.710007095336913,,invite,9d789fd91804129f,
,Avançado,1.0,2026-05-06 00:02:38.479002+00:00,DOz49DEWkNZHQk6H3lEf,41.55343666666667,-8.393136666666667,Mantem a atividade para evoluir de Moderado para Avançado.,cluster_progression,47.33,True,17.710009956359862,,invite,9d789fd91804129f,
,Avançado,1.0,2026-05-06 00:06:09.085486+00:00,DVFQrRw2XeUD38epf5dO,41.55343666666667,-8.393136666666667,Mantem a atividade para evoluir de Moderado para Avançado.,cluster_progression,47.33,True,17.710009956359862,,invite,9d789fd91804129f,
Porto,Avançado,,2026-05-09T16:10:17.001297,DeElKLmGrMHBcUuh9cHx,41.157943333333336,-8.629105,Mantem a atividade para evoluir de Moderado para Avançado.,,,True,,,invite,9d789fd91804129f,
Braga,Avançado,,2026-05-15T00:14:52.021101,DgnS0REVVpMtVMnBNar0,41.55343666666667,-8.393136666666667,Mantem a atividade para evoluir de Moderado para Avançado.,,,True,,,invite,72bd2672c948d2cb,
Porto,,,2026-05-11T22:52:07.648261,DltBJgIaDj1YKSA1jedF,41.157943333333336,-8.629105,Mantem a atividade para consolidar o nivel Expert.,,,True,,,invite,9d789fd91804129f,
,Avançado,,2026-05-06 22:45:53.531698+00:00,DpaEeZQWM7zKABshRbJu,41.55343666666667,-8.393136666666667,Mantem a atividade para evoluir de Moderado para Avançado.,,,True,,,invite,9d789fd91804129f,
Porto,Avançado,,2026-05-09T16:56:16.967167,DtI1eJmJ8CLzkv1RkoXv,41.157943333333336,-8.629105,Mantem a atividade para evoluir de Moderado para Avançado.,,,True,,,invite,9d789fd91804129f,
,Avançado,1.0,2026-05-06 22:10:55.384049+00:00,DxKP5PxWQVUHOxDPUFMd,41.55343666666667,-8.393136666666667,Mantem a atividade para evoluir de Moderado para Avançado.,cluster_progression,47.33,True,17.710009956359862,,invite,9d789fd91804129f,
Porto,Avançado,,2026-05-09T17:02:16.969581,E9X3I3skVaKyYcrrsH5c,41.157943333333336,-8.629105,Mantem a atividade para evoluir de Moderado para Avançado.,,,True,,,invite,9d789fd91804129f,
Porto,Avançado,,2026-05-09T16:54:16.960410,EJOLK9WQzaBHzHgZZWJs,41.157943333333336,-8.629105,Mantem a atividade para evoluir de Moderado para Avançado.,,,True,,,invite,9d789fd91804129f,
Braga,Avançado,,2026-05-08T22:49:51.690662,EUPnLmtSKf4bqra0Plwd,41.55343666666667,-8.393136666666667,Mantem a atividade para evoluir de Moderado para Avançado.,,,True,,,invite,72bd2672c948d2cb,
Braga,Avançado,,2026-05-08T22:13:45.635182,EYAnL3t13HXfty3vobMV,41.55343666666667,-8.393136666666667,Mantem a atividade para evoluir de Moderado para Avançado.,,,True,,,invite,72bd2672c948d2cb,
Porto,Avançado,,2026-05-09T18:49:52.439225,EYKEAtRL9RrNrZNHE0Bt,41.157943333333336,-8.629105,Mantem a atividade para evoluir de Moderado para Avançado.,,,True,,,invite,9d789fd91804129f,
Porto,Avançado,,2026-05-09T16:13:16.998890,Eth738TsSd1lYISkg9na,41.157943333333336,-8.629105,Mantem a atividade para evoluir de Moderado para Avançado.,,,True,,,invite,9d789fd91804129f,
Porto,Avançado,,2026-05-09T17:31:46.980825,Ey3EAT0KtjCVucpiXkb5,41.157943333333336,-8.629105,Mantem a atividade para evoluir de Moderado para Avançado.,,,True,,,invite,9d789fd91804129f,
,Avançado,1.0,2026-05-06 22:07:00.320587+00:00,FQpmGoIW6TRXXM0j2N20,41.55343666666667,-8.393136666666667,Mantem a atividade para evoluir de Moderado para Avançado.,cluster_progression,47.33,True,17.710009956359862,,invite,9d789fd91804129f,
,Avançado,,2026-05-06 22:55:50.003266+00:00,FSO5yWjPRWsvZjMJICAi,41.55343666666667,-8.393136666666667,Mantem a atividade para evoluir de Moderado para Avançado.,,,True,,,invite,9d789fd91804129f,
Porto,Avançado,,2026-05-09T17:19:16.966579,FYCTBqEWfEecv5xFvLFg,41.157943333333336,-8.629105,Mantem a atividade para evoluir de Moderado para Avançado.,,,True,,,invite,9d789fd91804129f,
Porto,Avançado,,2026-05-09T17:17:46.988534,FYuE6S89BMPDR8GLuBGn,41.157943333333336,-8.629105,Mantem a atividade para evoluir de Moderado para Avançado.,,,True,,,invite,9d789fd91804129f,
,Avançado,1.0,2026-05-06 22:14:26.582936+00:00,Fc5GEWK5rhuB4eAdUNFe,41.55343666666667,-8.393136666666667,Mantem a atividade para evoluir de Moderado para Avançado.,cluster_progression,47.33,True,17.710009956359862,,invite,9d789fd91804129f,
Porto,Avançado,,2026-05-11T22:54:38.234039,FgLHgOSM67ZnGQx2IY2G,41.157943333333336,-8.629105,Mantem a atividade para evoluir de Moderado para Avançado.,,,True,,,invite,9d789fd91804129f,
Porto,Avançado,,2026-05-09T16:35:16.995904,FrHx0r62JusiMjAnIjPn,41.157943333333336,-8.629105,Mantem a atividade para evoluir de Moderado para Avançado.,,,True,,,invite,9d789fd91804129f,
Braga,Avançado,,2026-05-08T22:00:48.998395,FsQnoq0zb1UMIn8evOET,41.55343666666667,-8.393136666666667,Mantem a atividade para evoluir de Moderado para Avançado.,,,True,,,invite,72bd2672c948d2cb,
Braga,Avançado,,2026-05-08T21:52:43.146824,G4EmGt4wTSKDWRRN4piL,41.55343666666667,-8.393136666666667,Mantem a atividade para evoluir de Moderado para Avançado.,,,True,,,invite,72bd2672c948d2cb,
Porto,Avançado,,2026-05-09T16:27:16.983127,G6jyeJoKRqprLZyjdxKM,41.157943333333336,-8.629105,Mantem a atividade para evoluir de Moderado para Avançado.,,,True,,,invite,9d789fd91804129f,
Porto,Avançado,,2026-05-09T16:54:46.990636,G911dqIJo9pPRI7MNH1U,41.157943333333336,-8.629105,Mantem a atividade para evoluir de Moderado para Avançado.,,,True,,,invite,9d789fd91804129f,
Porto,Avançado,,2026-05-09T18:50:52.443340,GCLBzjqBNAfDId1yNxoA,41.157943333333336,-8.629105,Mantem a atividade para evoluir de Moderado para Avançado.,,,True,,,invite,9d789fd91804129f,
Porto,Avançado,,2026-05-09T17:31:16.991741,GGZSnM0Pc2ykORxrmxWB,41.157943333333336,-8.629105,Mantem a atividade para evoluir de Moderado para Avançado.,,,True,,,invite,9d789fd91804129f,
Braga,Avançado,,2026-05-08T21:58:45.279678,GKzjjK5KFepPtZxkRkLX,41.55343666666667,-8.393136666666667,Mantem a atividade para evoluir de Moderado para Avançado.,,,True,,,invite,72bd2672c948d2cb,
Braga,Avançado,,2026-05-15T00:06:52.028887,GXFD0n6BkKUNLB43Nzku,41.55343666666667,-8.393136666666667,Mantem a atividade para evoluir de Moderado para Avançado.,,,True,,,invite,72bd2672c948d2cb,
Porto,Avançado,,2026-05-09T16:25:16.989327,GYPw9vkraxrkFvlyy05m,41.157943333333336,-8.629105,Mantem a atividade para evoluir de Moderado para Avançado.,,,True,,,invite,9d789fd91804129f,
,Avançado,,2026-05-06 22:57:49.996927+00:00,GipPLYeo7nUBIlC3b5MJ,41.55343666666667,-8.393136666666667,Mantem a atividade para evoluir de Moderado para Avançado.,,,True,,,invite,9d789fd91804129f,
Porto,Avançado,,2026-05-09T16:39:46.990169,GtzEejRcVN5I4oNuNiqJ,41.157943333333336,-8.629105,Mantem a atividade para evoluir de Moderado para Avançado.,,,True,,,invite,9d789fd91804129f,
Porto,Avançado,,2026-05-09T17:18:46.979501,H0yHNq5jgP1dXvyCtArQ,41.157943333333336,-8.629105,Mantem a atividade para evoluir de Moderado para Avançado.,,,True,,,invite,9d789fd91804129f,
Porto,Avançado,,2026-05-09T17:14:46.993443,H1vxsz1Qsn6TjmLWStOI,41.157943333333336,-8.629105,Mantem a atividade para evoluir de Moderado para Avançado.,,,True,,,invite,9d789fd91804129f,
Porto,Avançado,,2026-05-09T16:38:16.951222,H7RyYxe7o16xmSvztWhB,41.157943333333336,-8.629105,Mantem a atividade para evoluir de Moderado para Avançado.,,,True,,,invite,9d789fd91804129f,
Porto,Avançado,,2026-05-09T16:44:16.987601,HMaL7ciNl3I3GocwrhQU,41.157943333333336,-8.629105,Mantem a atividade para evoluir de Moderado para Avançado.,,,True,,,invite,9d789fd91804129f,
,Avançado,,2026-05-06 22:47:23.521998+00:00,HMlbWO8I6HhpFHqtNRdA,41.55343666666667,-8.393136666666667,Mantem a atividade para evoluir de Moderado para Avançado.,,,True,,,invite,9d789fd91804129f,
Porto,Avançado,,2026-05-09T16:15:16.968835,HTah35IAMlLmgstVNloJ,41.157943333333336,-8.629105,Mantem a atividade para evoluir de Moderado para Avançado.,,,True,,,invite,9d789fd91804129f,
,Avançado,,2026-05-06 22:48:53.523522+00:00,HVocKctkPVIKUcjr5r9q,41.55343666666667,-8.393136666666667,Mantem a atividade para evoluir de Moderado para Avançado.,,,True,,,invite,9d789fd91804129f,
Porto,Avançado,,2026-05-09T16:41:16.991624,HqnHW8xHifyUuH78Wp1x,41.157943333333336,-8.629105,Mantem a atividade para evoluir de Moderado para Avançado.,,,True,,,invite,9d789fd91804129f,
Braga,Avançado,,2026-05-08T22:04:15.293256,IBbOnDPC2XfCKJUpB5sf,41.55343666666667,-8.393136666666667,Mantem a atividade para evoluir de Moderado para Avançado.,,,True,,,invite,72bd2672c948d2cb,
,Avançado,1.0,2026-05-06 21:42:56.208343+00:00,IYQwTJl0XPlYPHHInCku,41.55343666666667,-8.393136666666667,Mantem a atividade para evoluir de Moderado para Avançado.,cluster_progression,47.33,True,17.710009956359862,,invite,9d789fd91804129f,
Porto,Avançado,,2026-05-09T18:50:22.434305,IcwEsNawBSgWyBLt4TZ5,41.157943333333336,-8.629105,Mantem a atividade para evoluir de Moderado para Avançado.,,,True,,,invite,9d789fd91804129f,
,Avançado,,2026-05-06 22:43:53.522919+00:00,JPT1MqrDpX6Ry6OJkEm3,41.55343666666667,-8.393136666666667,Mantem a atividade para evoluir de Moderado para Avançado.,,,True,,,invite,9d789fd91804129f,
Braga,Avançado,,2026-05-15T00:11:22.004608,JRxBd5ih4sjFUmlWqrbH,41.55343666666667,-8.393136666666667,Mantem a atividade para evoluir de Moderado para Avançado.,,,True,,,invite,72bd2672c948d2cb,
Porto,Avançado,,2026-05-09T17:25:46.983711,JSv2JFwK8zlVyTqa1Clp,41.157943333333336,-8.629105,Mantem a atividade para evoluir de Moderado para Avançado.,,,True,,,invite,9d789fd91804129f,
,Avançado,1.0,2026-05-06 00:04:37.798658+00:00,JhlAHUKxgqXNwBaPHBCK,41.55343666666667,-8.393136666666667,Mantem a atividade para evoluir de Moderado para Avançado.,cluster_progression,47.33,True,17.710009956359862,,invite,9d789fd91804129f,
Porto,Avançado,,2026-05-09T17:18:16.972869,JmFOLsnQUG4CPrx67xNq,41.157943333333336,-8.629105,Mantem a atividade para evoluir de Moderado para Avançado.,,,True,,,invite,9d789fd91804129f,
Porto,Avançado,,2026-05-09T17:09:46.987780,JnFAcKDQSD8Ppt4DkcEZ,41.157943333333336,-8.629105,Mantem a atividade para evoluir de Moderado para Avançado.,,,True,,,invite,9d789fd91804129f,
Porto,Avançado,,2026-05-09T16:08:46.966011,K5d8nfGTNcUq8I5CLuos,41.157943333333336,-8.629105,Mantem a atividade para evoluir de Moderado para Avançado.,,,True,,,invite,9d789fd91804129f,
Braga,Avançado,,2026-05-08T22:57:51.851433,KAh8QpS4SeuMD1o9tgQG,41.55343666666667,-8.393136666666667,Mantem a atividade para evoluir de Moderado para Avançado.,,,True,,,invite,72bd2672c948d2cb,
Porto,Avançado,,2026-05-09T16:31:46.999734,KC3CTLNbSFusJGFyOJcq,41.157943333333336,-8.629105,Mantem a atividade para evoluir de Moderado para Avançado.,,,True,,,invite,9d789fd91804129f,
,Avançado,1.0,2026-05-06 22:14:56.570342+00:00,KGskj5sIav6qll6UZkts,41.55343666666667,-8.393136666666667,Mantem a atividade para evoluir de Moderado para Avançado.,cluster_progression,47.33,True,17.710009956359862,,invite,9d789fd91804129f,
Braga,Avançado,,2026-05-08T21:48:43.104552,KIuiyGuWWM2myN1Ug36u,41.55343666666667,-8.393136666666667,Mantem a atividade para evoluir de Moderado para Avançado.,,,True,,,invite,72bd2672c948d2cb,
Porto,Avançado,,2026-05-09T16:40:16.969124,KKa32OHKhGtC79UAV5w9,41.157943333333336,-8.629105,Mantem a atividade para evoluir de Moderado para Avançado.,,,True,,,invite,9d789fd91804129f,
,Avançado,1.0,2026-05-06 22:16:26.554215+00:00,KNFgYCifGHAeWOkM6oUy,41.55343666666667,-8.393136666666667,Mantem a atividade para evoluir de Moderado para Avançado.,cluster_progression,47.33,True,17.710009956359862,,invite,9d789fd91804129f,
,Avançado,1.0,2026-05-06 21:59:58.621561+00:00,KasZ4osXItvIKab8aZcz,41.55343666666667,-8.393136666666667,Mantem a atividade para evoluir de Moderado para Avançado.,cluster_progression,47.33,True,17.710009956359862,,invite,9d789fd91804129f,
Porto,Avançado,,2026-05-09T17:08:46.991328,KdlP6KIku2qqg5HclUWQ,41.157943333333336,-8.629105,Mantem a atividade para evoluir de Moderado para Avançado.,,,True,,,invite,9d789fd91804129f,
Porto,Avançado,,2026-05-09T17:07:46.993138,KwMhVJlZqw4hSRmoxMZs,41.157943333333336,-8.629105,Mantem a atividade para evoluir de Moderado para Avançado.,,,True,,,invite,9d789fd91804129f,
,Avançado,,2026-05-06 22:52:50.706567+00:00,KwXiGN03f1DdP3WBcQC7,41.55343666666667,-8.393136666666667,Mantem a atividade para evoluir de Moderado para Avançado.,,,True,,,invite,9d789fd91804129f,
Porto,Avançado,,2026-05-09T16:34:16.976750,KwYJY9HUxG11zTGeQoJv,41.157943333333336,-8.629105,Mantem a atividade para evoluir de Moderado para Avançado.,,,True,,,invite,9d789fd91804129f,
Braga,Avançado,,2026-05-08T22:06:49.008420,Ky9nUzJEP2tSO85hiajv,41.55343666666667,-8.393136666666667,Mantem a atividade para evoluir de Moderado para Avançado.,,,True,,,invite,72bd2672c948d2cb,
Porto,Avançado,,2026-05-09T16:59:46.985626,KyUr7BvATLdI7uMMiW1V,41.157943333333336,-8.629105,Mantem a atividade para evoluir de Moderado para Avançado.,,,True,,,invite,9d789fd91804129f,
Porto,Avançado,,2026-05-09T17:28:16.979138,Laz5MlfdJ9ozd8Rn32s7,41.157943333333336,-8.629105,Mantem a atividade para evoluir de Moderado para Avançado.,,,True,,,invite,9d789fd91804129f,
,Avançado,1.0,2026-05-06 22:10:25.362973+00:00,LiuXtsw3zIWIFUTgMqch,41.55343666666667,-8.393136666666667,Mantem a atividade para evoluir de Moderado para Avançado.,cluster_progression,47.33,True,17.710009956359862,,invite,9d789fd91804129f,
Porto,Avançado,,2026-05-09T16:48:46.986346,MACWI0n6uBbbTHfErx4S,41.157943333333336,-8.629105,Mantem a atividade para evoluir de Moderado para Avançado.,,,True,,,invite,9d789fd91804129f,
,Avançado,1.0,2026-05-05 23:56:43.293608+00:00,MJiGecy3GEdyZS5X9vcx,41.55343666666667,-8.393136666666667,Mantem a atividade para evoluir de Moderado para Avançado.,cluster_progression,47.33,True,17.71000232696533,,invite,9d789fd91804129f,
,Expert,2.0,2026-05-05 23:09:23.838190+00:00,MLm3SOU0qMl3QIVSi6jP,41.55343666666667,-8.393136666666667,Mantem a atividade para evoluir de Avançado para Expert.,cluster_progression,53.79,True,19.306918411731722,,invite,,9d789fd91804129f
Porto,Avançado,,2026-05-09T16:52:46.990206,MP6QIedM6YNIEZEK7vTk,41.157943333333336,-8.629105,Mantem a atividade para evoluir de Moderado para Avançado.,,,True,,,invite,9d789fd91804129f,
Braga,Avançado,,2026-05-15T00:09:52.047151,MYlDq3RDu1222eR4fqMa,41.55343666666667,-8.393136666666667,Mantem a atividade para evoluir de Moderado para Avançado.,,,True,,,invite,72bd2672c948d2cb,
,Avançado,,2026-05-06 22:47:53.527725+00:00,McwFICGK2MrjEHEZkeED,41.55343666666667,-8.393136666666667,Mantem a atividade para evoluir de Moderado para Avançado.,,,True,,,invite,9d789fd91804129f,
Braga,Avançado,,2026-05-08T22:40:19.406719,Me44tsvCODbp44gvtWyx,41.55343666666667,-8.393136666666667,Mantem a atividade para evoluir de Moderado para Avançado.,,,True,,,invite,72bd2672c948d2cb,
Braga,Avançado,,2026-05-09T16:04:16.969355,Meq1QPJgeizwJlCVEh4R,41.55343666666667,-8.393136666666667,Mantem a atividade para evoluir de Moderado para Avançado.,,,True,,,invite,9d789fd91804129f,
Braga,Avançado,,2026-05-15T00:13:52.019582,NEROkl1GGwC0WRywMcl2,41.55343666666667,-8.393136666666667,Mantem a atividade para evoluir de Moderado para Avançado.,,,True,,,invite,72bd2672c948d2cb,
Braga,Avançado,,2026-05-08T21:45:31.044113,NQVlXpBpSjR0FLlnYIrX,41.55343666666667,-8.393136666666667,Mantem a atividade para evoluir de Moderado para Avançado.,,,True,,,invite,9d789fd91804129f,
Porto,Avançado,,2026-05-09T16:48:16.978023,NTcO167HMH4maIdL5q5i,41.157943333333336,-8.629105,Mantem a atividade para evoluir de Moderado para Avançado.,,,True,,,invite,9d789fd91804129f,
Braga,Avançado,,2026-05-08T22:31:53.337768,NYpaQ6AUGR4GLkPQ5Ekx,41.55343666666667,-8.393136666666667,Mantem a atividade para evoluir de Moderado para Avançado.,,,True,,,invite,72bd2672c948d2cb,
Porto,Avançado,,2026-05-09T16:16:46.986215,NbmianhAbLZviz9w6Wlz,41.157943333333336,-8.629105,Mantem a atividade para evoluir de Moderado para Avançado.,,,True,,,invite,9d789fd91804129f,
Braga,Avançado,,2026-05-14T23:58:09.976347,NmhFxNUVWSWP8OdzemGz,41.56147,-8.397263333333333,Mantem a atividade para evoluir de Moderado para Avançado.,,,True,,,invite,9d789fd91804129f,
,Avançado,,2026-05-07T21:28:05.368085,NoC15NfVDi2vSQizwJJr,41.55343666666667,-8.393136666666667,Mantem a atividade para evoluir de Moderado para Avançado.,,,True,,,invite,9d789fd91804129f,
Porto,Avançado,,2026-05-09T16:33:16.984752,NxrrjazDQrVteZo6Sapi,41.157943333333336,-8.629105,Mantem a atividade para evoluir de Moderado para Avançado.,,,True,,,invite,9d789fd91804129f,
Braga,Avançado,,2026-05-08T22:06:19.003166,O42CYqawqbnv4lEr5LeH,41.55343666666667,-8.393136666666667,Mantem a atividade para evoluir de Moderado para Avançado.,,,True,,,invite,72bd2672c948d2cb,
,Avançado,1.0,2026-05-05 23:22:55.340146+00:00,O8THRf47gtbhDFOyLabu,41.55343666666667,-8.393136666666667,Mantem a atividade para evoluir de Moderado para Avançado.,cluster_progression,47.33,True,17.710007095336913,,invite,9d789fd91804129f,
,Avançado,,2026-05-06 22:56:50.008938+00:00,OE0mjlUKYZZhZ1NlZ5JT,41.55343666666667,-8.393136666666667,Mantem a atividade para evoluir de Moderado para Avançado.,,,True,,,invite,9d789fd91804129f,
Porto,Avançado,,2026-05-09T16:07:17.000016,OIffjh3KdbLJewPLkhS9,41.157943333333336,-8.629105,Mantem a atividade para evoluir de Moderado para Avançado.,,,True,,,invite,9d789fd91804129f,
Porto,Avançado,,2026-05-09T17:32:16.975658,Oi2NUsvEdTYKt5ADpDnc,41.157943333333336,-8.629105,Mantem a atividade para evoluir de Moderado para Avançado.,,,True,,,invite,9d789fd91804129f,
,Avançado,1.0,2026-05-06 22:04:28.624090+00:00,OxL9Q767Jbz3RxZKAhHg,41.55343666666667,-8.393136666666667,Mantem a atividade para evoluir de Moderado para Avançado.,cluster_progression,47.33,True,17.710009956359862,,invite,9d789fd91804129f,
Porto,Avançado,,2026-05-09T17:14:16.982428,P9FSDkYJoQsfmAlY5hNl,41.157943333333336,-8.629105,Mantem a atividade para evoluir de Moderado para Avançado.,,,True,,,invite,9d789fd91804129f,
,Avançado,1.0,2026-05-06 22:15:56.552936+00:00,PEU2vC2gRuV8emLE0JmQ,41.55343666666667,-8.393136666666667,Mantem a atividade para evoluir de Moderado para Avançado.,cluster_progression,47.33,True,17.710009956359862,,invite,9d789fd91804129f,
Braga,Avançado,,2026-05-09T16:05:46.970549,PSJA7sWulZFHxFoZznts,41.55343666666667,-8.393136666666667,Mantem a atividade para evoluir de Moderado para Avançado.,,,True,,,invite,9d789fd91804129f,
Braga,Avançado,,2026-05-14T23:59:09.980228,PUZWf2Lu2ENYTMcjx3Dx,41.559475,-8.395923333333334,Mantem a atividade para evoluir de Moderado para Avançado.,,,True,,,invite,9d789fd91804129f,
,Avançado,1.0,2026-05-05 23:20:55.252512+00:00,PdbE9pak2Xe8rm2VgazA,41.55343666666667,-8.393136666666667,Mantem a atividade para evoluir de Moderado para Avançado.,cluster_progression,47.33,True,17.710007095336913,,invite,9d789fd91804129f,
,Avançado,1.0,2026-05-05 23:09:53.868406+00:00,PoyaBH0meWoTXILXv4WC,41.55343666666667,-8.393136666666667,Mantem a atividade para evoluir de Moderado para Avançado.,cluster_progression,47.33,True,17.71001281738281,,invite,,9d789fd91804129f
Braga,Avançado,,2026-05-09T16:06:16.967683,Q4QXO3udlienPhVrQjtR,41.55343666666667,-8.393136666666667,Mantem a atividade para evoluir de Moderado para Avançado.,,,True,,,invite,9d789fd91804129f,
,,,2026-05-07T22:56:55.824572,Q7ZwFfmObrTFXnOuVu1d,41.55343666666667,-8.393136666666667,Mantem a atividade para consolidar o nivel Expert.,,,True,,,invite,9d789fd91804129f,
,Avançado,1.0,2026-05-05 23:31:18.257685+00:00,Q9Fo7ZXDwnONRh69vpQW,41.54734333333333,-8.423885,Mantem a atividade para evoluir de Moderado para Avançado.,cluster_progression,47.33,True,17.710014724731444,,invite,bb80f878cef35322,
Porto,Avançado,,2026-05-09T16:45:16.992748,QOQ0ofgmZENu5bpiDWeA,41.157943333333336,-8.629105,Mantem a atividade para evoluir de Moderado para Avançado.,,,True,,,invite,9d789fd91804129f,
,Avançado,1.0,2026-05-05 23:16:55.365586+00:00,QOunhZKd5YFwRrWdmqbS,41.55343666666667,-8.393136666666667,Mantem a atividade para evoluir de Moderado para Avançado.,cluster_progression,47.33,True,17.710007095336913,,invite,,9d789fd91804129f
Braga,Avançado,,2026-05-08T21:50:17.220531,QUgEZSZRQAix5LQkQVWC,41.55343666666667,-8.393136666666667,Mantem a atividade para evoluir de Moderado para Avançado.,,,True,,,invite,72bd2672c948d2cb,
,Avançado,1.0,2026-05-05 23:59:38.984228+00:00,QmT4VYo5bJmTjvX4rPkI,41.55343666666667,-8.393136666666667,Mantem a atividade para evoluir de Moderado para Avançado.,cluster_progression,47.33,True,17.71000232696533,,invite,9d789fd91804129f,
Porto,Avançado,,2026-05-09T16:20:46.973089,QpSP4DZnWBMXXxEqPgXx,41.157943333333336,-8.629105,Mantem a atividade para evoluir de Moderado para Avançado.,,,True,,,invite,9d789fd91804129f,
Braga,Avançado,,2026-05-15T00:08:52.017302,R8AHyS8UNOySe83UuOC6,41.55343666666667,-8.393136666666667,Mantem a atividade para evoluir de Moderado para Avançado.,,,True,,,invite,72bd2672c948d2cb,
Braga,Avançado,,2026-05-08T22:07:49.006317,RCxseP6VUbwzKqeYekMU,41.55343666666667,-8.393136666666667,Mantem a atividade para evoluir de Moderado para Avançado.,,,True,,,invite,72bd2672c948d2cb,
Porto,Avançado,,2026-05-09T16:20:16.992978,REKcOatI8ed9zqoOGcJ8,41.157943333333336,-8.629105,Mantem a atividade para evoluir de Moderado para Avançado.,,,True,,,invite,9d789fd91804129f,
Braga,Avançado,,2026-05-08T22:42:21.251962,RGoDqu9GuuyuWkpzz0b2,41.55343666666667,-8.393136666666667,Mantem a atividade para evoluir de Moderado para Avançado.,,,True,,,invite,72bd2672c948d2cb,
Porto,Avançado,,2026-05-09T17:00:46.960658,RHnORdd5n0swVrELknTL,41.157943333333336,-8.629105,Mantem a atividade para evoluir de Moderado para Avançado.,,,True,,,invite,9d789fd91804129f,
,Avançado,1.0,2026-05-06 22:12:56.588481+00:00,RNWw1FXDaM94QVfiIBEa,41.55343666666667,-8.393136666666667,Mantem a atividade para evoluir de Moderado para Avançado.,cluster_progression,47.33,True,17.710009956359862,,invite,9d789fd91804129f,
,Avançado,1.0,2026-05-05 23:27:31.132137+00:00,Rm4Xia6ElJZ2UKOFRdcT,41.55343666666667,-8.393136666666667,Mantem a atividade para evoluir de Moderado para Avançado.,cluster_progression,47.33,True,17.71000232696533,,invite,9d789fd91804129f,
Porto,Avançado,,2026-05-09T16:55:46.970274,RnEsUdiknfWDaIrYO4U5,41.157943333333336,-8.629105,Mantem a atividade para evoluir de Moderado para Avançado.,,,True,,,invite,9d789fd91804129f,
Porto,Avançado,,2026-05-09T17:03:16.981554,Rq4TR3n4WcpgoN4WeSUS,41.157943333333336,-8.629105,Mantem a atividade para evoluir de Moderado para Avançado.,,,True,,,invite,9d789fd91804129f,
Porto,Avançado,,2026-05-09T17:03:47.009527,RznwY92YMEg1h4OSfsQe,41.157943333333336,-8.629105,Mantem a atividade para evoluir de Moderado para Avançado.,,,True,,,invite,9d789fd91804129f,
,Expert,2.0,2026-05-05 23:24:25.443665+00:00,S4RU21Y9QhpZIC4n4Gvo,41.55343666666667,-8.393136666666667,Mantem a atividade para evoluir de Avançado para Expert.,cluster_progression,28.62,True,18.929289395332336,,invite,9d789fd91804129f,
Porto,Avançado,,2026-05-09T16:51:16.986322,SFoOCTYnK4ltAPGtnQu0,41.157943333333336,-8.629105,Mantem a atividade para evoluir de Moderado para Avançado.,,,True,,,invite,9d789fd91804129f,
Porto,Avançado,,2026-05-09T17:10:16.993332,SKIj08Hmui8H72RLdcsW,41.157943333333336,-8.629105,Mantem a atividade para evoluir de Moderado para Avançado.,,,True,,,invite,9d789fd91804129f,
,Avançado,1.0,2026-05-05 23:32:58.373225+00:00,TJaxMDyZi7sXuJoHv7UU,41.55343666666667,-8.393136666666667,Mantem a atividade para evoluir de Moderado para Avançado.,cluster_progression,47.33,True,17.71000232696533,,invite,9d789fd91804129f,
Braga,Avançado,,2026-05-08T21:51:48.144145,TQZ2HUL3UM8Dh6lX5kYM,41.55343666666667,-8.393136666666667,Mantem a atividade para evoluir de Moderado para Avançado.,,,True,,,invite,72bd2672c948d2cb,
Braga,Avançado,,2026-05-08T22:33:50.701684,TVGcknzhrhDVaCy6cAC7,41.55343666666667,-8.393136666666667,Mantem a atividade para evoluir de Moderado para Avançado.,,,True,,,invite,72bd2672c948d2cb,
Braga,Avançado,,2026-05-15T00:10:22.051157,TX8BibdIXVrInqClD4bh,41.55343666666667,-8.393136666666667,Mantem a atividade para evoluir de Moderado para Avançado.,,,True,,,invite,72bd2672c948d2cb,
Porto,Avançado,,2026-05-09T17:22:16.952226,Tc4ogCu3Gk6gr5pA6Jla,41.157943333333336,-8.629105,Mantem a atividade para evoluir de Moderado para Avançado.,,,True,,,invite,9d789fd91804129f,
,Avançado,1.0,2026-05-05 23:31:28.272501+00:00,TgxQ1az5DMFhzpLEZyWs,41.55343666666667,-8.393136666666667,Mantem a atividade para evoluir de Moderado para Avançado.,cluster_progression,47.33,True,17.71000232696533,,invite,9d789fd91804129f,
Porto,Avançado,,2026-05-09T18:51:22.439533,TqwiO98Zf4ow5YgaNX2q,41.157943333333336,-8.629105,Mantem a atividade para evoluir de Moderado para Avançado.,,,True,,,invite,9d789fd91804129f,
,Avançado,1.0,2026-05-06 22:02:28.629180+00:00,TrReieHrXz3oEpiqrvPQ,41.55343666666667,-8.393136666666667,Mantem a atividade para evoluir de Moderado para Avançado.,cluster_progression,47.33,True,17.710009956359862,,invite,9d789fd91804129f,
Braga,Avançado,,2026-05-08T21:44:43.112478,Ts14CHUTTEOrJ7RbwuKl,41.55343666666667,-8.393136666666667,Mantem a atividade para evoluir de Moderado para Avançado.,,,True,,,invite,72bd2672c948d2cb,
,Avançado,1.0,2026-05-05 23:10:23.899176+00:00,U17TK0RfxPaJnvMyVYti,41.55343666666667,-8.393136666666667,Mantem a atividade para evoluir de Moderado para Avançado.,cluster_progression,47.33,True,17.71001281738281,,invite,,9d789fd91804129f
Porto,Avançado,,2026-05-09T16:51:46.993729,U77WbKvUqm2YpeXz07A1,41.157943333333336,-8.629105,Mantem a atividade para evoluir de Moderado para Avançado.,,,True,,,invite,9d789fd91804129f,
,Avançado,1.0,2026-05-06 22:06:30.324068+00:00,U92e8qQSj2ssSMoznP3I,41.55343666666667,-8.393136666666667,Mantem a atividade para evoluir de Moderado para Avançado.,cluster_progression,47.33,True,17.710009956359862,,invite,9d789fd91804129f,
Porto,Avançado,,2026-05-09T17:13:47.000148,UAYq5ZeT4dzEXgLUyeZQ,41.157943333333336,-8.629105,Mantem a atividade para evoluir de Moderado para Avançado.,,,True,,,invite,9d789fd91804129f,
,Avançado,,2026-05-06 22:49:23.534433+00:00,UJpMW4bG8RsBjmdlVKd8,41.55343666666667,-8.393136666666667,Mantem a atividade para evoluir de Moderado para Avançado.,,,True,,,invite,9d789fd91804129f,
,Avançado,1.0,2026-05-05 23:23:55.416546+00:00,ULJcYEE47Pf6ou7mxyKu,41.55343666666667,-8.393136666666667,Mantem a atividade para evoluir de Moderado para Avançado.,cluster_progression,47.33,True,17.710007095336913,,invite,9d789fd91804129f,
Braga,Avançado,,2026-05-08T22:42:51.260043,UNbK91Za4wQePM05VzRv,41.55343666666667,-8.393136666666667,Mantem a atividade para evoluir de Moderado para Avançado.,,,True,,,invite,72bd2672c948d2cb,
,Avançado,1.0,2026-05-05 23:32:48.365616+00:00,UbYBth5syXmxMoL9HLVZ,41.54734333333333,-8.423885,Mantem a atividade para evoluir de Moderado para Avançado.,cluster_progression,47.33,True,17.710014724731444,,invite,bb80f878cef35322,
,Avançado,,2026-05-06 22:50:50.613403+00:00,UduEEIIlMdDWSOALILdd,41.55343666666667,-8.393136666666667,Mantem a atividade para evoluir de Moderado para Avançado.,,,True,,,invite,9d789fd91804129f,
Braga,Avançado,,2026-05-15T00:15:22.015058,UlUs1eqGwLkR5QWStVAT,41.55343666666667,-8.393136666666667,Mantem a atividade para evoluir de Moderado para Avançado.,,,True,,,invite,72bd2672c948d2cb,
Porto,Avançado,,2026-05-09T16:32:16.976045,UqrP7Huo8eqzod87PrR7,41.157943333333336,-8.629105,Mantem a atividade para evoluir de Moderado para Avançado.,,,True,,,invite,9d789fd91804129f,
,Expert,2.0,2026-05-05 23:26:13.183351+00:00,UrEy5C0RJYhQ8i6sbkW1,41.54734333333333,-8.423885,Mantem a atividade para evoluir de Avançado para Expert.,cluster_progression,92.04,True,19.88063810968399,,invite,bb80f878cef35322,
Braga,Avançado,,2026-05-08T22:08:49.002323,UwY5ExmTRv6B5rxeIIPA,41.55343666666667,-8.393136666666667,Mantem a atividade para evoluir de Moderado para Avançado.,,,True,,,invite,72bd2672c948d2cb,
Porto,Avançado,,2026-05-09T17:06:46.974521,UxPYqeeb1IJQF6kgR2fP,41.157943333333336,-8.629105,Mantem a atividade para evoluir de Moderado para Avançado.,,,True,,,invite,9d789fd91804129f,
Braga,Avançado,,2026-05-15T00:12:22.034182,V8nc1uN3tfJgZRzIFLHg,41.55343666666667,-8.393136666666667,Mantem a atividade para evoluir de Moderado para Avançado.,,,True,,,invite,72bd2672c948d2cb,
Braga,Avançado,,2026-05-08T22:51:55.535698,VA2MqDopKAjGDoC0ziq5,41.55343666666667,-8.393136666666667,Mantem a atividade para evoluir de Moderado para Avançado.,,,True,,,invite,72bd2672c948d2cb,
,Avançado,1.0,2026-05-06 21:46:56.429110+00:00,VGiBcrIOkqvNzfW4TuRh,41.55343666666667,-8.393136666666667,Mantem a atividade para evoluir de Moderado para Avançado.,cluster_progression,47.33,True,17.710009956359862,,invite,9d789fd91804129f,
,Avançado,1.0,2026-05-06 22:07:30.330862+00:00,VWcxdDFceYSWx2RO5NkA,41.55343666666667,-8.393136666666667,Mantem a atividade para evoluir de Moderado para Avançado.,cluster_progression,47.33,True,17.710009956359862,,invite,9d789fd91804129f,
Braga,Avançado,,2026-05-08T22:19:55.674384,VdswFXXJgzfBEIDSIRsV,41.55343666666667,-8.393136666666667,Mantem a atividade para evoluir de Moderado para Avançado.,,,True,,,invite,72bd2672c948d2cb,
,Avançado,1.0,2026-05-05 23:59:08.991373+00:00,Vi1NTlNvjE267Aat4ocF,41.55343666666667,-8.393136666666667,Mantem a atividade para evoluir de Moderado para Avançado.,cluster_progression,47.33,True,17.71000232696533,,invite,9d789fd91804129f,
Porto,Avançado,,2026-05-09T17:11:16.995040,Vk1wk4cAZklseRhjYb7E,41.157943333333336,-8.629105,Mantem a atividade para evoluir de Moderado para Avançado.,,,True,,,invite,9d789fd91804129f,
,Avançado,1.0,2026-05-06 21:43:56.259239+00:00,VkDWhpQYIXucFdpnBnoS,41.55343666666667,-8.393136666666667,Mantem a atividade para evoluir de Moderado para Avançado.,cluster_progression,47.33,True,17.710009956359862,,invite,9d789fd91804129f,
Braga,Avançado,,2026-05-08T21:57:18.195366,W2TpGPfHW0DBoAvMMa6R,41.55343666666667,-8.393136666666667,Mantem a atividade para evoluir de Moderado para Avançado.,,,True,,,invite,72bd2672c948d2cb,
,Avançado,1.0,2026-05-05 23:26:31.136149+00:00,W61HU07z82FtwRwPGKYL,41.55343666666667,-8.393136666666667,Mantem a atividade para evoluir de Moderado para Avançado.,cluster_progression,47.33,True,17.71000232696533,,invite,9d789fd91804129f,
Braga,Avançado,,2026-05-08T21:54:49.006898,WENGotTKn5KelKr45Tww,41.55343666666667,-8.393136666666667,Mantem a atividade para evoluir de Moderado para Avançado.,,,True,,,invite,72bd2672c948d2cb,
Braga,Avançado,,2026-05-15T00:02:09.988802,WGtOHdZGia2H6TiIyHIN,41.559475,-8.395923333333334,Mantem a atividade para evoluir de Moderado para Avançado.,,,True,,,invite,9d789fd91804129f,
Porto,Avançado,,2026-05-09T17:00:16.984395,WLPyT0EUvZKXiGL48IHX,41.157943333333336,-8.629105,Mantem a atividade para evoluir de Moderado para Avançado.,,,True,,,invite,9d789fd91804129f,
,Avançado,1.0,2026-05-06 22:15:26.576160+00:00,WQ2RS7fzGdc9AcGvYgB8,41.55343666666667,-8.393136666666667,Mantem a atividade para evoluir de Moderado para Avançado.,cluster_progression,47.33,True,17.710009956359862,,invite,9d789fd91804129f,
Braga,Avançado,,2026-05-08T22:29:23.076141,WSy6n8NffWhVu9oukMws,41.55343666666667,-8.393136666666667,Mantem a atividade para evoluir de Moderado para Avançado.,,,True,,,invite,72bd2672c948d2cb,
Porto,Avançado,,2026-05-09T16:35:46.949977,WhkHEBBhwKgbBu0gLook,41.157943333333336,-8.629105,Mantem a atividade para evoluir de Moderado para Avançado.,,,True,,,invite,9d789fd91804129f,
Porto,Avançado,,2026-05-09T17:23:16.972818,WjUvfO41ltStLZQrorfK,41.157943333333336,-8.629105,Mantem a atividade para evoluir de Moderado para Avançado.,,,True,,,invite,9d789fd91804129f,
,Avançado,1.0,2026-05-05 23:10:53.925445+00:00,X5hEsyJ7SbLRbNp9uUlc,41.55343666666667,-8.393136666666667,Mantem a atividade para evoluir de Moderado para Avançado.,cluster_progression,47.33,True,17.71001281738281,,invite,,9d789fd91804129f
,Avançado,1.0,2026-05-06 22:01:28.617236+00:00,XGnmYKeCZ2pX14Dyd3PH,41.55343666666667,-8.393136666666667,Mantem a atividade para evoluir de Moderado para Avançado.,cluster_progression,47.33,True,17.710009956359862,,invite,9d789fd91804129f,
Porto,Avançado,,2026-05-09T17:22:46.969309,XH1ytts3TQDOczMDlEDe,41.157943333333336,-8.629105,Mantem a atividade para evoluir de Moderado para Avançado.,,,True,,,invite,9d789fd91804129f,
Braga,Avançado,,2026-05-08T21:46:01.042392,XI8VUWiFXepoIjnCX8Ac,41.55343666666667,-8.393136666666667,Mantem a atividade para evoluir de Moderado para Avançado.,,,True,,,invite,9d789fd91804129f,
Porto,Avançado,,2026-05-09T16:37:16.972999,XLZxMw0RjThM4NkXZsqU,41.157943333333336,-8.629105,Mantem a atividade para evoluir de Moderado para Avançado.,,,True,,,invite,9d789fd91804129f,
,Avançado,,2026-05-06 22:46:23.526713+00:00,XTpf5id15RFY7zE59Ng9,41.55343666666667,-8.393136666666667,Mantem a atividade para evoluir de Moderado para Avançado.,,,True,,,invite,9d789fd91804129f,
Braga,Avançado,,2026-05-15T00:14:22.010662,XWT9dQHH7rGONoS4YYBE,41.55343666666667,-8.393136666666667,Mantem a atividade para evoluir de Moderado para Avançado.,,,True,,,invite,72bd2672c948d2cb,
Braga,Avançado,,2026-05-09T16:03:16.996067,Xlwwtu5GJvrh88dz5zqH,41.55343666666667,-8.393136666666667,Mantem a atividade para evoluir de Moderado para Avançado.,,,True,,,invite,9d789fd91804129f,
Porto,Avançado,,2026-05-09T16:41:46.982644,XqCaN08BqKJB0l1U6y7g,41.157943333333336,-8.629105,Mantem a atividade para evoluir de Moderado para Avançado.,,,True,,,invite,9d789fd91804129f,
Braga,Avançado,,2026-05-08T22:19:15.688711,XwBa3j3NRsMdgKbO2bcT,41.55343666666667,-8.393136666666667,Mantem a atividade para evoluir de Moderado para Avançado.,,,True,,,invite,72bd2672c948d2cb,
Porto,Avançado,,2026-05-09T17:20:46.987841,YGVtMHKLH5iaYQHSgIwh,41.157943333333336,-8.629105,Mantem a atividade para evoluir de Moderado para Avançado.,,,True,,,invite,9d789fd91804129f,
Porto,Avançado,,2026-05-09T16:36:46.975266,YJtRm8JZILkKafsfjtwr,41.157943333333336,-8.629105,Mantem a atividade para evoluir de Moderado para Avançado.,,,True,,,invite,9d789fd91804129f,
Braga,Avançado,,2026-05-09T15:57:46.953104,YK1yO1LwTNOliaOh07QE,41.55343666666667,-8.393136666666667,Mantem a atividade para evoluir de Moderado para Avançado.,,,True,,,invite,9d789fd91804129f,
Braga,Avançado,,2026-05-15T00:02:39.985916,YNe8LGpG2dOC6FkY19xB,41.559475,-8.395923333333334,Mantem a atividade para evoluir de Moderado para Avançado.,,,True,,,invite,9d789fd91804129f,
,Avançado,1.0,2026-05-05 23:17:25.378494+00:00,YOkyIWMPrnZNk6uaCZ9s,41.55343666666667,-8.393136666666667,Mantem a atividade para evoluir de Moderado para Avançado.,cluster_progression,47.33,True,17.710007095336913,,invite,,9d789fd91804129f
Braga,Avançado,,2026-05-09T16:01:46.984056,YXbWBqKbjI02DyLzdhoN,41.55343666666667,-8.393136666666667,Mantem a atividade para evoluir de Moderado para Avançado.,,,True,,,invite,9d789fd91804129f,
Braga,Avançado,,2026-05-08T21:59:17.341901,YZ0uOF6A94r9PD0s1itW,41.55343666666667,-8.393136666666667,Mantem a atividade para evoluir de Moderado para Avançado.,,,True,,,invite,72bd2672c948d2cb,
Braga,Avançado,,2026-05-08T21:59:49.002221,YZKTVo7NbIBDBj2faxe6,41.55343666666667,-8.393136666666667,Mantem a atividade para evoluir de Moderado para Avançado.,,,True,,,invite,72bd2672c948d2cb,
Porto,Avançado,,2026-05-09T17:04:46.979412,YatIg9zQ7C5NxMsIOMzv,41.157943333333336,-8.629105,Mantem a atividade para evoluir de Moderado para Avançado.,,,True,,,invite,9d789fd91804129f,
Braga,Avançado,,2026-05-08T21:46:13.077686,YgELBkiLRbDBAUKvBZss,41.55343666666667,-8.393136666666667,Mantem a atividade para evoluir de Moderado para Avançado.,,,True,,,invite,72bd2672c948d2cb,
Porto,Avançado,,2026-05-09T17:29:16.951976,YnTAPigcXrVliWZTrTWZ,41.157943333333336,-8.629105,Mantem a atividade para evoluir de Moderado para Avançado.,,,True,,,invite,9d789fd91804129f,
Braga,Avançado,,2026-05-08T21:46:31.042823,YpFy6N51ljXdkFEEzVkA,41.55343666666667,-8.393136666666667,Mantem a atividade para evoluir de Moderado para Avançado.,,,True,,,invite,9d789fd91804129f,
Porto,Avançado,,2026-05-09T16:09:47.002261,YwTBnE36xffx8YXWHrpn,41.157943333333336,-8.629105,Mantem a atividade para evoluir de Moderado para Avançado.,,,True,,,invite,9d789fd91804129f,
Braga,Avançado,,2026-05-08T22:20:55.678313,YxQB1h7fg22KWuXxOAng,41.55343666666667,-8.393136666666667,Mantem a atividade para evoluir de Moderado para Avançado.,,,True,,,invite,72bd2672c948d2cb,
,Avançado,1.0,2026-05-05 23:30:28.194034+00:00,Yxl87tUimrZtJ7JEx0jY,41.55343666666667,-8.393136666666667,Mantem a atividade para evoluir de Moderado para Avançado.,cluster_progression,47.33,True,17.71000232696533,,invite,9d789fd91804129f,
,Avançado,1.0,2026-05-06 21:44:26.297892+00:00,Z0ptm5yGPxOQmVBuWKQJ,41.55343666666667,-8.393136666666667,Mantem a atividade para evoluir de Moderado para Avançado.,cluster_progression,47.33,True,17.710009956359862,,invite,9d789fd91804129f,
Braga,Avançado,,2026-05-08T22:21:25.705299,ZFSuf6ntBk22U8rnKLsc,41.55343666666667,-8.393136666666667,Mantem a atividade para evoluir de Moderado para Avançado.,,,True,,,invite,72bd2672c948d2cb,
Braga,Avançado,,2026-05-08T21:47:01.028404,ZGkufEfrAILtJuZ1E2Nj,41.55343666666667,-8.393136666666667,Mantem a atividade para evoluir de Moderado para Avançado.,,,True,,,invite,9d789fd91804129f,
,Avançado,1.0,2026-05-05 23:57:13.289146+00:00,ZQC7kLdZsozN6fz6IN0m,41.55343666666667,-8.393136666666667,Mantem a atividade para evoluir de Moderado para Avançado.,cluster_progression,47.33,True,17.71000232696533,,invite,9d789fd91804129f,
Porto,Avançado,,2026-05-09T17:32:46.990169,ZTUrvSVxY6ESZAzqfrve,41.157943333333336,-8.629105,Mantem a atividade para evoluir de Moderado para Avançado.,,,True,,,invite,9d789fd91804129f,
,Avançado,1.0,2026-05-05 23:30:58.233601+00:00,ZUYuhjfVmh16CXf7SAaz,41.55343666666667,-8.393136666666667,Mantem a atividade para evoluir de Moderado para Avançado.,cluster_progression,47.33,True,17.71000232696533,,invite,9d789fd91804129f,
Porto,Avançado,,2026-05-09T17:01:17.007124,Zlly5MxAnzzUjbPf7fih,41.157943333333336,-8.629105,Mantem a atividade para evoluir de Moderado para Avançado.,,,True,,,invite,9d789fd91804129f,
,Avançado,1.0,2026-05-06 22:08:30.317088+00:00,Zqjhgg1C9KQwr6ijjPBq,41.55343666666667,-8.393136666666667,Mantem a atividade para evoluir de Moderado para Avançado.,cluster_progression,47.33,True,17.710009956359862,,invite,9d789fd91804129f,
,Avançado,1.0,2026-05-06 22:09:55.342609+00:00,ZvqWznFTZlgax1UHGLJx,41.55343666666667,-8.393136666666667,Mantem a atividade para evoluir de Moderado para Avançado.,cluster_progression,47.33,True,17.710009956359862,,invite,9d789fd91804129f,
Braga,Avançado,,2026-05-08T21:45:13.115426,Zxd77H4RY7aaFyhr87yZ,41.55343666666667,-8.393136666666667,Mantem a atividade para evoluir de Moderado para Avançado.,,,True,,,invite,72bd2672c948d2cb,
,Expert,,2026-05-06 22:55:20.033083+00:00,a9U7wTrQR2sY6yL6myax,41.55343666666667,-8.393136666666667,Mantem a atividade para evoluir de Avançado para Expert.,,,True,,,invite,9d789fd91804129f,
,Expert,,2026-05-07T22:54:55.837242,aR2zYCrxz6tKTNrE7oDR,41.55343666666667,-8.393136666666667,Mantem a atividade para evoluir de Avançado para Expert.,,,True,,,invite,9d789fd91804129f,
Braga,Avançado,,2026-05-08T21:48:13.111034,aSeREK7R3M9P4Ht1175m,41.55343666666667,-8.393136666666667,Mantem a atividade para evoluir de Moderado para Avançado.,,,True,,,invite,72bd2672c948d2cb,
Porto,Avançado,,2026-05-09T17:12:46.972413,aUNdC16syfHmrHu6FLVz,41.157943333333336,-8.629105,Mantem a atividade para evoluir de Moderado para Avançado.,,,True,,,invite,9d789fd91804129f,
Porto,Avançado,,2026-05-09T17:25:16.971304,aUqZiahgtX6dsTvMh5PF,41.157943333333336,-8.629105,Mantem a atividade para evoluir de Moderado para Avançado.,,,True,,,invite,9d789fd91804129f,
,Avançado,1.0,2026-05-05 23:08:28.876153+00:00,aVoL0ulFIGIvrwftsHlC,41.55343666666667,-8.393136666666667,Mantem a atividade para evoluir de Moderado para Avançado.,cluster_progression,47.33,True,17.71000804901123,,invite,,9d789fd91804129f
Porto,Avançado,,2026-05-09T17:23:46.991085,aZEjmywUKoGygAxSQlGG,41.157943333333336,-8.629105,Mantem a atividade para evoluir de Moderado para Avançado.,,,True,,,invite,9d789fd91804129f,
Braga,,,2026-05-08T22:51:25.536662,abHgE7rpM0Ptb1JJpuA6,41.55343666666667,-8.393136666666667,Mantem a atividade para consolidar o nivel Expert.,,,True,,,invite,72bd2672c948d2cb,
,Avançado,1.0,2026-05-06 21:45:56.371022+00:00,aueHGAcYuAJJTgAAmvy4,41.55343666666667,-8.393136666666667,Mantem a atividade para evoluir de Moderado para Avançado.,cluster_progression,47.33,True,17.710009956359862,,invite,9d789fd91804129f,
,Avançado,1.0,2026-05-05 23:25:25.496477+00:00,b6UQKkp5Tj7M56LMi1Aj,41.55343666666667,-8.393136666666667,Mantem a atividade para evoluir de Moderado para Avançado.,cluster_progression,47.33,True,17.71000232696533,,invite,9d789fd91804129f,
,Avançado,1.0,2026-05-05 23:31:58.318528+00:00,b9RebDbpkK3u9VoV1a67,41.55343666666667,-8.393136666666667,Mantem a atividade para evoluir de Moderado para Avançado.,cluster_progression,47.33,True,17.71000232696533,,invite,9d789fd91804129f,
,Avançado,,2026-05-07T22:54:25.870767,bk0wYFvSVXASGTracLiQ,41.55343666666667,-8.393136666666667,Mantem a atividade para evoluir de Moderado para Avançado.,,,True,,,invite,9d789fd91804129f,
,Avançado,,2026-05-06 22:51:20.650737+00:00,c6em3w29TaOuqz2yaHen,41.55343666666667,-8.393136666666667,Mantem a atividade para evoluir de Moderado para Avançado.,,,True,,,invite,9d789fd91804129f,
Porto,Avançado,,2026-05-09T17:11:47.003311,c9Ol9l8LtAYW361h84Lv,41.157943333333336,-8.629105,Mantem a atividade para evoluir de Moderado para Avançado.,,,True,,,invite,9d789fd91804129f,
,Avançado,,2026-05-06 22:42:53.529447+00:00,cB3HPqjXrjEeQeug7JKk,41.55343666666667,-8.393136666666667,Mantem a atividade para evoluir de Moderado para Avançado.,,,True,,,invite,9d789fd91804129f,
Porto,Avançado,,2026-05-09T16:24:46.968123,cJjZoIxGgyTAZcVh5eas,41.157943333333336,-8.629105,Mantem a atividade para evoluir de Moderado para Avançado.,,,True,,,invite,9d789fd91804129f,
Braga,Avançado,,2026-05-14T23:58:39.906709,cOX0drpGFBR6KtsiY77X,41.559475,-8.395923333333334,Mantem a atividade para evoluir de Moderado para Avançado.,,,True,,,invite,9d789fd91804129f,
Porto,Avançado,,2026-05-09T16:12:16.990174,cVGOj6Hsa3ED1KtjYxaC,41.157943333333336,-8.629105,Mantem a atividade para evoluir de Moderado para Avançado.,,,True,,,invite,9d789fd91804129f,
,Avançado,,2026-05-07T23:01:28.973537,d0C7lM7IB40fc5RPWARG,41.55343666666667,-8.393136666666667,Mantem a atividade para evoluir de Moderado para Avançado.,,,True,,,invite,9d789fd91804129f,
,Avançado,1.0,2026-05-06 21:58:55.601448+00:00,d50BXyfagQdcFzvri41G,41.55343666666667,-8.393136666666667,Mantem a atividade para evoluir de Moderado para Avançado.,cluster_progression,47.33,True,17.710009956359862,,invite,9d789fd91804129f,
,Avançado,1.0,2026-05-05 23:25:43.195592+00:00,d9Nmsp0ijLTvBWqUqZye,41.54734333333333,-8.423885,Mantem a atividade para evoluir de Moderado para Avançado.,cluster_progression,47.33,True,17.709993743896483,,invite,bb80f878cef35322,
,Avançado,1.0,2026-05-06 22:08:55.307413+00:00,dnihOHLgQrntYchlbaYY,41.55343666666667,-8.393136666666667,Mantem a atividade para evoluir de Moderado para Avançado.,cluster_progression,47.33,True,17.710009956359862,,invite,9d789fd91804129f,
Porto,Avançado,,2026-05-09T17:27:46.981646,dpCpgHLiWWkT5EgACiWS,41.157943333333336,-8.629105,Mantem a atividade para evoluir de Moderado para Avançado.,,,True,,,invite,9d789fd91804129f,
Braga,Avançado,,2026-05-08T21:48:01.048588,dpzgYfDZaGmwdsNkt4cJ,41.55343666666667,-8.393136666666667,Mantem a atividade para evoluir de Moderado para Avançado.,,,True,,,invite,9d789fd91804129f,
Braga,Avançado,,2026-05-08T21:50:49.003175,dsQP96bTS7p2q0QHaC2U,41.55343666666667,-8.393136666666667,Mantem a atividade para evoluir de Moderado para Avançado.,,,True,,,invite,72bd2672c948d2cb,
,Avançado,1.0,2026-05-05 23:15:55.359610+00:00,dvAVhteG5ObTzgCvNmu3,41.55343666666667,-8.393136666666667,Mantem a atividade para evoluir de Moderado para Avançado.,cluster_progression,47.33,True,17.710007095336913,,invite,,9d789fd91804129f
Porto,Avançado,,2026-05-09T16:28:46.989777,dzSPo7qlsPrqUeMXZTLz,41.157943333333336,-8.629105,Mantem a atividade para evoluir de Moderado para Avançado.,,,True,,,invite,9d789fd91804129f,
Braga,Avançado,,2026-05-15T00:01:09.977030,e2ZV9P6t5q1VXSq7NW3D,41.559475,-8.395923333333334,Mantem a atividade para evoluir de Moderado para Avançado.,,,True,,,invite,9d789fd91804129f,
Porto,Avançado,,2026-05-09T17:30:46.969804,e791CNQMfBL7ME2v9SwG,41.157943333333336,-8.629105,Mantem a atividade para evoluir de Moderado para Avançado.,,,True,,,invite,9d789fd91804129f,
Porto,Avançado,,2026-05-09T16:19:46.997135,eAEeVU57dcrUY25FTW8P,41.157943333333336,-8.629105,Mantem a atividade para evoluir de Moderado para Avançado.,,,True,,,invite,9d789fd91804129f,
,Avançado,1.0,2026-05-05 23:31:48.303959+00:00,eG6KHu4N4dmrSLXBw2W0,41.54734333333333,-8.423885,Mantem a atividade para evoluir de Moderado para Avançado.,cluster_progression,47.33,True,17.710014724731444,,invite,bb80f878cef35322,
Porto,Avançado,,2026-05-09T17:30:16.975597,eGl9ZN525a6UhxgH5lWf,41.157943333333336,-8.629105,Mantem a atividade para evoluir de Moderado para Avançado.,,,True,,,invite,9d789fd91804129f,
,Avançado,1.0,2026-05-05 23:21:25.281886+00:00,eMwdC7knQsa4XuySuyLI,41.55343666666667,-8.393136666666667,Mantem a atividade para evoluir de Moderado para Avançado.,cluster_progression,47.33,True,17.710007095336913,,invite,9d789fd91804129f,
Braga,Avançado,,2026-05-08T22:35:20.705424,elX3xLvgxnATbl3UAtfj,41.55343666666667,-8.393136666666667,Mantem a atividade para evoluir de Moderado para Avançado.,,,True,,,invite,72bd2672c948d2cb,
Porto,Avançado,,2026-05-09T17:16:46.959610,et8Z4UWdVaxChFhmi7UO,41.157943333333336,-8.629105,Mantem a atividade para evoluir de Moderado para Avançado.,,,True,,,invite,9d789fd91804129f,
Braga,Avançado,,2026-05-08T21:58:13.202033,f3mZRTH58xlamrawSXm8,41.55343666666667,-8.393136666666667,Mantem a atividade para evoluir de Moderado para Avançado.,,,True,,,invite,72bd2672c948d2cb,
Porto,Avançado,,2026-05-09T16:57:47.001307,f5qyQaz4ptoH3ZcgGQCJ,41.157943333333336,-8.629105,Mantem a atividade para evoluir de Moderado para Avançado.,,,True,,,invite,9d789fd91804129f,
Porto,Avançado,,2026-05-09T16:21:46.981339,fA0JS7tGA99P3GMXIUxf,41.157943333333336,-8.629105,Mantem a atividade para evoluir de Moderado para Avançado.,,,True,,,invite,9d789fd91804129f,
,Avançado,,2026-05-06 22:44:53.520366+00:00,fDatTuXmVUPbXAIP2n4x,41.55343666666667,-8.393136666666667,Mantem a atividade para evoluir de Moderado para Avançado.,,,True,,,invite,9d789fd91804129f,
,Avançado,1.0,2026-05-05 23:15:25.367539+00:00,fMsdauc57MMn7nzMYzOs,41.55343666666667,-8.393136666666667,Mantem a atividade para evoluir de Moderado para Avançado.,cluster_progression,47.33,True,17.710007095336913,,invite,,9d789fd91804129f
Braga,Avançado,,2026-05-09T16:02:16.988309,fMy6v3yT9DsTssd6jtPx,41.55343666666667,-8.393136666666667,Mantem a atividade para evoluir de Moderado para Avançado.,,,True,,,invite,9d789fd91804129f,
,Avançado,1.0,2026-05-06 21:47:56.490061+00:00,fNcQQTWkckSrp8RrS8i2,41.55343666666667,-8.393136666666667,Mantem a atividade para evoluir de Moderado para Avançado.,cluster_progression,47.33,True,17.710009956359862,,invite,9d789fd91804129f,
Porto,Avançado,,2026-05-09T16:58:16.990606,fh0toz1v3QYrwTvupRdy,41.157943333333336,-8.629105,Mantem a atividade para evoluir de Moderado para Avançado.,,,True,,,invite,9d789fd91804129f,
Braga,Avançado,,2026-05-09T16:23:16.977556,fn0Q9J6MELoleSJa5BZ4,41.54734333333333,-8.423885,Mantem a atividade para evoluir de Moderado para Avançado.,,,True,,,invite,9d789fd91804129f,
,Expert,,2026-05-06 22:51:50.671699+00:00,fnq1Qn3bUXV3mqG5FCVx,41.55343666666667,-8.393136666666667,Mantem a atividade para evoluir de Avançado para Expert.,,,True,,,invite,9d789fd91804129f,
Braga,Avançado,,2026-05-08T22:34:20.699462,g3c5deBUhNzW2o16FS5y,41.55343666666667,-8.393136666666667,Mantem a atividade para evoluir de Moderado para Avançado.,,,True,,,invite,72bd2672c948d2cb,
Porto,Avançado,,2026-05-09T16:56:46.982163,gB2IJngqpguRGmvZYKpW,41.157943333333336,-8.629105,Mantem a atividade para evoluir de Moderado para Avançado.,,,True,,,invite,9d789fd91804129f,
Porto,Avançado,,2026-05-09T16:30:46.980384,gM3ifaDHPblbUDSkxWAp,41.157943333333336,-8.629105,Mantem a atividade para evoluir de Moderado para Avançado.,,,True,,,invite,9d789fd91804129f,
,Avançado,,2026-05-06 22:56:20.012229+00:00,gNbdQFCkKWBz6WpZQ9TF,41.55343666666667,-8.393136666666667,Mantem a atividade para evoluir de Moderado para Avançado.,,,True,,,invite,9d789fd91804129f,
Porto,Avançado,,2026-05-09T16:42:46.970773,gOgVUDAUHBK9hl0D8fla,41.157943333333336,-8.629105,Mantem a atividade para evoluir de Moderado para Avançado.,,,True,,,invite,9d789fd91804129f,
Porto,Avançado,,2026-05-09T16:18:16.988502,gTzBm918giZk2mXI9lBQ,41.157943333333336,-8.629105,Mantem a atividade para evoluir de Moderado para Avançado.,,,True,,,invite,9d789fd91804129f,
Braga,Avançado,,2026-05-08T22:09:45.337466,gjhncNc2x4upIfeQpiNG,41.55343666666667,-8.393136666666667,Mantem a atividade para evoluir de Moderado para Avançado.,,,True,,,invite,72bd2672c948d2cb,
Porto,Avançado,,2026-05-09T16:26:46.987489,gwkyrQjtjdR6cAZvl01m,41.157943333333336,-8.629105,Mantem a atividade para evoluir de Moderado para Avançado.,,,True,,,invite,9d789fd91804129f,
,Avançado,,2026-05-07T22:58:25.829455,h7zfypW4o4cT2zCjPNlq,41.55343666666667,-8.393136666666667,Mantem a atividade para evoluir de Moderado para Avançado.,,,True,,,invite,9d789fd91804129f,
Braga,Avançado,,2026-05-08T21:47:13.115017,hA5zToh8tMyBFXnoE9Es,41.55343666666667,-8.393136666666667,Mantem a atividade para evoluir de Moderado para Avançado.,,,True,,,invite,72bd2672c948d2cb,
Porto,Avançado,,2026-05-09T16:15:46.981920,hH3RTC3UuoDcQaZDFV6e,41.157943333333336,-8.629105,Mantem a atividade para evoluir de Moderado para Avançado.,,,True,,,invite,9d789fd91804129f,
Braga,Avançado,,2026-05-08T21:55:19.007814,hI8sHaTV3Fx5mOZZ58if,41.55343666666667,-8.393136666666667,Mantem a atividade para evoluir de Moderado para Avançado.,,,True,,,invite,72bd2672c948d2cb,
Braga,Avançado,,2026-05-09T16:03:46.983359,hRnnylivcwq89AQZzXYp,41.55343666666667,-8.393136666666667,Mantem a atividade para evoluir de Moderado para Avançado.,,,True,,,invite,9d789fd91804129f,
,Expert,,2026-05-06 22:52:20.679013+00:00,hSQqrRiQCN770arLAl3B,41.55343666666667,-8.393136666666667,Mantem a atividade para evoluir de Avançado para Expert.,,,True,,,invite,9d789fd91804129f,
,Avançado,1.0,2026-05-05 23:28:01.129874+00:00,hTH9IvbIuBpjlmVTSY3U,41.55343666666667,-8.393136666666667,Mantem a atividade para evoluir de Moderado para Avançado.,cluster_progression,47.33,True,17.71000232696533,,invite,9d789fd91804129f,
Braga,Avançado,,2026-05-08T22:22:25.704138,hUdd1ighkVsMkPYguHZG,41.55343666666667,-8.393136666666667,Mantem a atividade para evoluir de Moderado para Avançado.,,,True,,,invite,72bd2672c948d2cb,
Braga,Avançado,,2026-05-08T22:28:53.068946,hgOCXzlLs8FW7rFEnnqC,41.55343666666667,-8.393136666666667,Mantem a atividade para evoluir de Moderado para Avançado.,,,True,,,invite,72bd2672c948d2cb,
Braga,Avançado,,2026-05-08T22:39:19.394125,hlJnU90q9RxVJVqQuG57,41.55343666666667,-8.393136666666667,Mantem a atividade para evoluir de Moderado para Avançado.,,,True,,,invite,72bd2672c948d2cb,
Porto,Avançado,,2026-05-09T17:17:16.983154,hsjTbsBh4zN9DVTa6cVA,41.157943333333336,-8.629105,Mantem a atividade para evoluir de Moderado para Avançado.,,,True,,,invite,9d789fd91804129f,
Braga,Avançado,,2026-05-15T00:13:22.028035,hx292RmpDcLYX7ObmCjU,41.55343666666667,-8.393136666666667,Mantem a atividade para evoluir de Moderado para Avançado.,,,True,,,invite,72bd2672c948d2cb,
Braga,Avançado,,2026-05-08T21:56:49.009841,iMnvEoARsGWoBn607aU7,41.55343666666667,-8.393136666666667,Mantem a atividade para evoluir de Moderado para Avançado.,,,True,,,invite,72bd2672c948d2cb,
,Avançado,,2026-05-06 22:48:23.523390+00:00,iOZEJwMJNgcU9Ve1aJ0c,41.55343666666667,-8.393136666666667,Mantem a atividade para evoluir de Moderado para Avançado.,,,True,,,invite,9d789fd91804129f,
Porto,Avançado,,2026-05-09T16:47:16.966720,iOeB4pEXBuIeXfkOT1GX,41.157943333333336,-8.629105,Mantem a atividade para evoluir de Moderado para Avançado.,,,True,,,invite,9d789fd91804129f,
Porto,Avançado,,2026-05-09T17:07:16.992500,iRDz2iszqmj7tWBANz9p,41.157943333333336,-8.629105,Mantem a atividade para evoluir de Moderado para Avançado.,,,True,,,invite,9d789fd91804129f,
,Avançado,1.0,2026-05-05 23:23:25.377513+00:00,iiY3FjPr1UehlmJXOBGJ,41.55343666666667,-8.393136666666667,Mantem a atividade para evoluir de Moderado para Avançado.,cluster_progression,47.33,True,17.710007095336913,,invite,9d789fd91804129f,
Braga,Avançado,,2026-05-08T21:49:01.049870,ioh12Fbz54t9kEMzj5zl,41.55343666666667,-8.393136666666667,Mantem a atividade para evoluir de Moderado para Avançado.,,,True,,,invite,9d789fd91804129f,
Porto,Avançado,,2026-05-09T16:28:16.987762,ipOEvExP6J5JZA3SfEwM,41.157943333333336,-8.629105,Mantem a atividade para evoluir de Moderado para Avançado.,,,True,,,invite,9d789fd91804129f,
Braga,Avançado,,2026-05-15T00:05:49.977381,ipTmufPrediJPBkE9Hti,41.559475,-8.395923333333334,Mantem a atividade para evoluir de Moderado para Avançado.,,,True,,,invite,9d789fd91804129f,
Porto,Avançado,,2026-05-09T16:43:46.958223,iqKzd1UVr69dIeJQt4Ng,41.157943333333336,-8.629105,Mantem a atividade para evoluir de Moderado para Avançado.,,,True,,,invite,9d789fd91804129f,
,Avançado,1.0,2026-05-06 21:46:26.401491+00:00,iv3txDsj0ONI4NcmY2wE,41.55343666666667,-8.393136666666667,Mantem a atividade para evoluir de Moderado para Avançado.,cluster_progression,47.33,True,17.710009956359862,,invite,9d789fd91804129f,
Braga,Avançado,,2026-05-08T22:05:18.996935,j5wmrrFMt3WpwjgYAjnY,41.55343666666667,-8.393136666666667,Mantem a atividade para evoluir de Moderado para Avançado.,,,True,,,invite,72bd2672c948d2cb,
,Avançado,1.0,2026-05-05 23:16:25.380617+00:00,j6RXLkPUH4FQdoh62Sch,41.55343666666667,-8.393136666666667,Mantem a atividade para evoluir de Moderado para Avançado.,cluster_progression,47.33,True,17.710007095336913,,invite,,9d789fd91804129f
Porto,Avançado,,2026-05-09T16:25:46.974155,j8lnlwTa5FdFMMhzVtDP,41.157943333333336,-8.629105,Mantem a atividade para evoluir de Moderado para Avançado.,,,True,,,invite,9d789fd91804129f,
Braga,Avançado,,2026-05-08T22:03:43.238550,jUDn87nDg00gNXn8Dnw2,41.55343666666667,-8.393136666666667,Mantem a atividade para evoluir de Moderado para Avançado.,,,True,,,invite,72bd2672c948d2cb,
Braga,Avançado,,2026-05-08T21:49:13.119108,jXPD8ERIecAshM4H3Oux,41.55343666666667,-8.393136666666667,Mantem a atividade para evoluir de Moderado para Avançado.,,,True,,,invite,72bd2672c948d2cb,
Braga,Avançado,,2026-05-08T22:43:21.259614,jrpbVI6qOJwywSJFddOc,41.55343666666667,-8.393136666666667,Mantem a atividade para evoluir de Moderado para Avançado.,,,True,,,invite,72bd2672c948d2cb,
Braga,Avançado,,2026-05-08T22:14:45.662430,jwRt65j6EK6ys9c36mbM,41.55343666666667,-8.393136666666667,Mantem a atividade para evoluir de Moderado para Avançado.,,,True,,,invite,72bd2672c948d2cb,
,Avançado,1.0,2026-05-05 23:08:53.812504+00:00,jwjNcTAAVxuuZ4O8NxGy,41.55343666666667,-8.393136666666667,Mantem a atividade para evoluir de Moderado para Avançado.,cluster_progression,47.33,True,17.71000804901123,,invite,,9d789fd91804129f
,Avançado,1.0,2026-05-05 23:26:43.197849+00:00,jxSP9szrEnwYMcj2Jzcw,41.54734333333333,-8.423885,Mantem a atividade para evoluir de Moderado para Avançado.,cluster_progression,47.33,True,17.710014724731444,,invite,bb80f878cef35322,
Porto,Avançado,,2026-05-09T16:45:46.979532,jxTpJlMKINfGLWUxSBxl,41.157943333333336,-8.629105,Mantem a atividade para evoluir de Moderado para Avançado.,,,True,,,invite,9d789fd91804129f,
,Avançado,1.0,2026-05-06 00:03:08.476801+00:00,k5T4YZz9PF5gJLIuGpmC,41.55343666666667,-8.393136666666667,Mantem a atividade para evoluir de Moderado para Avançado.,cluster_progression,47.33,True,17.710009956359862,,invite,9d789fd91804129f,
,Avançado,1.0,2026-05-05 23:27:51.132513+00:00,k7zXxIIsak0Np3RU8ugV,41.54734333333333,-8.423885,Mantem a atividade para evoluir de Moderado para Avançado.,cluster_progression,47.33,True,17.710014724731444,,invite,bb80f878cef35322,
,Avançado,1.0,2026-05-05 23:27:01.129641+00:00,kGinxUrudQtV3Gpmbrk9,41.55343666666667,-8.393136666666667,Mantem a atividade para evoluir de Moderado para Avançado.,cluster_progression,47.33,True,17.71000232696533,,invite,9d789fd91804129f,
Braga,Avançado,,2026-05-09T15:58:16.976368,kOhJ9ML7iemKCMS7mzzR,41.55343666666667,-8.393136666666667,Mantem a atividade para evoluir de Moderado para Avançado.,,,True,,,invite,9d789fd91804129f,
Braga,Avançado,,2026-05-08T21:44:01.040656,kTKA6Y8LVFy8ifguYwc5,41.55343666666667,-8.393136666666667,Mantem a atividade para evoluir de Moderado para Avançado.,,,True,,,invite,9d789fd91804129f,
Braga,,,2026-05-09T16:00:16.982595,kUhlgMkabcD6QYuLCV6i,41.55343666666667,-8.393136666666667,Mantem a atividade para consolidar o nivel Expert.,,,True,,,invite,9d789fd91804129f,
Braga,Avançado,,2026-05-08T22:50:55.524635,kZcqTudSW5f0VltmK3iP,41.55343666666667,-8.393136666666667,Mantem a atividade para evoluir de Moderado para Avançado.,,,True,,,invite,72bd2672c948d2cb,
Braga,Expert,,2026-05-09T15:57:16.996073,kemlZCVPmJF6uGlhANws,41.55343666666667,-8.393136666666667,Mantem a atividade para evoluir de Avançado para Expert.,,,True,,,invite,9d789fd91804129f,
Porto,Avançado,,2026-05-09T17:20:16.960830,kfqgit1Pc7PUJWeuXFlU,41.157943333333336,-8.629105,Mantem a atividade para evoluir de Moderado para Avançado.,,,True,,,invite,9d789fd91804129f,
,Avançado,1.0,2026-05-05 23:33:18.392644+00:00,kjaJfCIkvsQI84HhQ4IS,41.54734333333333,-8.423885,Mantem a atividade para evoluir de Moderado para Avançado.,cluster_progression,47.33,True,17.710014724731444,,invite,bb80f878cef35322,
Braga,Avançado,,2026-05-08T22:17:15.717185,knQxamjFACco8ohW3vJK,41.55343666666667,-8.393136666666667,Mantem a atividade para evoluir de Moderado para Avançado.,,,True,,,invite,72bd2672c948d2cb,
Porto,Avançado,,2026-05-09T16:32:46.968083,ko3ZWl9buQj5YyGZAhR7,41.157943333333336,-8.629105,Mantem a atividade para evoluir de Moderado para Avançado.,,,True,,,invite,9d789fd91804129f,
Porto,Avançado,,2026-05-09T17:29:46.987081,koFCD6mqfVlAmMNdmF4L,41.157943333333336,-8.629105,Mantem a atividade para evoluir de Moderado para Avançado.,,,True,,,invite,9d789fd91804129f,
Braga,Avançado,,2026-05-15T00:09:22.020930,kol6VIT61xaZL7EQccKk,41.55343666666667,-8.393136666666667,Mantem a atividade para evoluir de Moderado para Avançado.,,,True,,,invite,72bd2672c948d2cb,
Braga,Avançado,,2026-05-09T16:05:16.975848,l9aqk7ZxdbK2Gynv4Eqk,41.55343666666667,-8.393136666666667,Mantem a atividade para evoluir de Moderado para Avançado.,,,True,,,invite,9d789fd91804129f,
,Avançado,,2026-05-06 22:45:23.521158+00:00,lCVk94kOs8BqyQI7i8tW,41.55343666666667,-8.393136666666667,Mantem a atividade para evoluir de Moderado para Avançado.,,,True,,,invite,9d789fd91804129f,
,Avançado,1.0,2026-05-05 23:28:58.221994+00:00,lCWRrQkxn9iTWUZ1QWoC,41.55343666666667,-8.393136666666667,Mantem a atividade para evoluir de Moderado para Avançado.,cluster_progression,47.33,True,17.71000232696533,,invite,9d789fd91804129f,
Porto,Avançado,,2026-05-09T16:52:16.983693,lIA0Wjk3GZKQe07nRYyS,41.157943333333336,-8.629105,Mantem a atividade para evoluir de Moderado para Avançado.,,,True,,,invite,9d789fd91804129f,
Porto,Avançado,,2026-05-09T16:29:16.987067,lJzfVTCYzCtR6Um14QLv,41.157943333333336,-8.629105,Mantem a atividade para evoluir de Moderado para Avançado.,,,True,,,invite,9d789fd91804129f,
Braga,Avançado,,2026-05-08T22:05:48.999635,lPqKExsxlyPmTqPjN9Xp,41.55343666666667,-8.393136666666667,Mantem a atividade para evoluir de Moderado para Avançado.,,,True,,,invite,72bd2672c948d2cb,
,Avançado,1.0,2026-05-05 23:51:23.299043+00:00,lR28tyxHjMzVhJHuC31s,41.55343666666667,-8.393136666666667,Mantem a atividade para evoluir de Moderado para Avançado.,cluster_progression,47.33,True,17.71000232696533,,invite,9d789fd91804129f,
Porto,Avançado,,2026-05-09T16:08:16.965191,lRfBEZcRDkKnLVmVcpSr,41.157943333333336,-8.629105,Mantem a atividade para evoluir de Moderado para Avançado.,,,True,,,invite,9d789fd91804129f,
,Avançado,,2026-05-06 22:53:20.734580+00:00,lgFtLvapOE93q569MqiS,41.55343666666667,-8.393136666666667,Mantem a atividade para evoluir de Moderado para Avançado.,,,True,,,invite,9d789fd91804129f,
,Avançado,1.0,2026-05-06 00:01:08.981120+00:00,lpGPfaPfQOwL3T7jVVn3,41.55343666666667,-8.393136666666667,Mantem a atividade para evoluir de Moderado para Avançado.,cluster_progression,47.33,True,17.710009956359862,,invite,9d789fd91804129f,
Porto,Avançado,,2026-05-09T16:38:46.979747,lpW3snS76SO4c5QDjFUD,41.157943333333336,-8.629105,Mantem a atividade para evoluir de Moderado para Avançado.,,,True,,,invite,9d789fd91804129f,
,Avançado,,2026-05-07T22:53:25.872393,lzZrtMPFdhv9eOutbz2j,41.55343666666667,-8.393136666666667,Mantem a atividade para evoluir de Moderado para Avançado.,,,True,,,invite,9d789fd91804129f,
,Expert,,2026-05-07T22:57:55.824471,m3U0w3jiEXHOXooF5pc1,41.55343666666667,-8.393136666666667,Mantem a atividade para evoluir de Avançado para Expert.,,,True,,,invite,9d789fd91804129f,
,Avançado,1.0,2026-05-05 23:26:01.132237+00:00,mAZlsL02NTeYWmZhEGr5,41.55343666666667,-8.393136666666667,Mantem a atividade para evoluir de Moderado para Avançado.,cluster_progression,47.33,True,17.71000232696533,,invite,9d789fd91804129f,
,Avançado,1.0,2026-05-05 23:14:55.362996+00:00,mDn5hXgJ7cBQIDSkdk8R,41.55343666666667,-8.393136666666667,Mantem a atividade para evoluir de Moderado para Avançado.,cluster_progression,47.33,True,17.710007095336913,,invite,,9d789fd91804129f
Braga,Avançado,,2026-05-15T00:12:52.029515,mLmi5tGTmq1n3BBpo6UT,41.55343666666667,-8.393136666666667,Mantem a atividade para evoluir de Moderado para Avançado.,,,True,,,invite,72bd2672c948d2cb,
Braga,Avançado,,2026-05-15T00:00:06.960393,mPKWwY4eEDsDYAVILldu,41.559475,-8.395923333333334,Mantem a atividade para evoluir de Moderado para Avançado.,,,True,,,invite,9d789fd91804129f,
Porto,Avançado,,2026-05-09T16:39:16.974153,mXOZA70SRqsFTWHeK39r,41.157943333333336,-8.629105,Mantem a atividade para evoluir de Moderado para Avançado.,,,True,,,invite,9d789fd91804129f,
Porto,Avançado,,2026-05-09T17:26:16.995942,mZlaB513HtERwtXeajWc,41.157943333333336,-8.629105,Mantem a atividade para evoluir de Moderado para Avançado.,,,True,,,invite,9d789fd91804129f,
Porto,Avançado,,2026-05-09T16:53:16.994331,miuAVxM1TpspfT6ARnYh,41.157943333333336,-8.629105,Mantem a atividade para evoluir de Moderado para Avançado.,,,True,,,invite,9d789fd91804129f,
Braga,Avançado,,2026-05-09T16:23:46.976001,munxPMICCtB3RI7nphRk,41.54734333333333,-8.423885,Mantem a atividade para evoluir de Moderado para Avançado.,,,True,,,invite,9d789fd91804129f,
Porto,Avançado,,2026-05-09T16:59:16.978812,n2Ta1mc1qTn1h9pdPh3l,41.157943333333336,-8.629105,Mantem a atividade para evoluir de Moderado para Avançado.,,,True,,,invite,9d789fd91804129f,
,Avançado,1.0,2026-05-06 21:43:26.235401+00:00,nFMbkuNpjvZqjTbTH9rL,41.55343666666667,-8.393136666666667,Mantem a atividade para evoluir de Moderado para Avançado.,cluster_progression,47.33,True,17.710009956359862,,invite,9d789fd91804129f,
Braga,Avançado,,2026-05-15T00:10:52.018134,nN7NrWgGhcGyjUM8WSab,41.55343666666667,-8.393136666666667,Mantem a atividade para evoluir de Moderado para Avançado.,,,True,,,invite,72bd2672c948d2cb,
Porto,Avançado,,2026-05-09T16:07:46.988055,nOaFZSr7PcUPFIIT9Tho,41.157943333333336,-8.629105,Mantem a atividade para evoluir de Moderado para Avançado.,,,True,,,invite,9d789fd91804129f,
Braga,Avançado,,2026-05-15T00:15:52.041560,niHMsSPBJdZhxLgNKn7S,41.55343666666667,-8.393136666666667,Mantem a atividade para evoluir de Moderado para Avançado.,,,True,,,invite,72bd2672c948d2cb,
,Avançado,1.0,2026-05-06 22:08:00.293385+00:00,nl5rCCAcjShciXdIppjS,41.55343666666667,-8.393136666666667,Mantem a atividade para evoluir de Moderado para Avançado.,cluster_progression,47.33,True,17.710009956359862,,invite,9d789fd91804129f,
,Avançado,1.0,2026-05-05 23:29:28.251139+00:00,nmViMFLzWHZ5qL3y3AGc,41.55343666666667,-8.393136666666667,Mantem a atividade para evoluir de Moderado para Avançado.,cluster_progression,47.33,True,17.71000232696533,,invite,9d789fd91804129f,
,Avançado,1.0,2026-05-05 23:13:55.380631+00:00,nnqz1Q1jgZfhRn5wnxZM,41.55343666666667,-8.393136666666667,Mantem a atividade para evoluir de Moderado para Avançado.,cluster_progression,47.33,True,17.710007095336913,,invite,,9d789fd91804129f
Porto,Avançado,,2026-05-09T16:12:46.989459,ntt3tJn5D5VZTveFnwtg,41.157943333333336,-8.629105,Mantem a atividade para evoluir de Moderado para Avançado.,,,True,,,invite,9d789fd91804129f,
Braga,,,2026-05-09T16:22:16.981801,nzBzcMIrrsPMArxYTk8g,41.54734333333333,-8.423885,Mantem a atividade para consolidar o nivel Expert.,,,True,,,invite,9d789fd91804129f,
,Avançado,1.0,2026-05-05 23:28:21.126603+00:00,o6CiYNYfiWjJVTtAwEA0,41.54734333333333,-8.423885,Mantem a atividade para evoluir de Moderado para Avançado.,cluster_progression,47.33,True,17.710014724731444,,invite,bb80f878cef35322,
Braga,Avançado,,2026-05-08T22:02:19.000395,o7Zo7g7OIrA8R0FnmvMW,41.55343666666667,-8.393136666666667,Mantem a atividade para evoluir de Moderado para Avançado.,,,True,,,invite,72bd2672c948d2cb,
Braga,Avançado,,2026-05-09T16:01:16.988613,oNnXLWQdGJv1Ygnybjxc,41.55343666666667,-8.393136666666667,Mantem a atividade para evoluir de Moderado para Avançado.,,,True,,,invite,9d789fd91804129f,
Braga,Avançado,,2026-05-08T22:14:15.649721,oUhI5hbIWmKtkDGaeprj,41.55343666666667,-8.393136666666667,Mantem a atividade para evoluir de Moderado para Avançado.,,,True,,,invite,72bd2672c948d2cb,
Porto,Avançado,,2026-05-09T16:10:46.979053,obJwCSk88JaPh2zQtIv6,41.157943333333336,-8.629105,Mantem a atividade para evoluir de Moderado para Avançado.,,,True,,,invite,9d789fd91804129f,
,Avançado,1.0,2026-05-06 21:45:26.339272+00:00,ogPHxhzj4iUSuOYlAfWC,41.55343666666667,-8.393136666666667,Mantem a atividade para evoluir de Moderado para Avançado.,cluster_progression,47.33,True,17.710009956359862,,invite,9d789fd91804129f,
Braga,Avançado,,2026-05-08T22:13:15.636456,oosflYfz9tdX6DbGVdN2,41.55343666666667,-8.393136666666667,Mantem a atividade para evoluir de Moderado para Avançado.,,,True,,,invite,72bd2672c948d2cb,
Braga,Avançado,,2026-05-08T21:44:31.041444,ovCvjIUXLiCdamIbMxWN,41.55343666666667,-8.393136666666667,Mantem a atividade para evoluir de Moderado para Avançado.,,,True,,,invite,9d789fd91804129f,
Braga,Avançado,,2026-05-08T21:47:43.090613,ow6n82iZTMfQA0uq8lbI,41.55343666666667,-8.393136666666667,Mantem a atividade para evoluir de Moderado para Avançado.,,,True,,,invite,72bd2672c948d2cb,
Porto,Avançado,,2026-05-09T16:19:16.964576,owmYgAWGKLU7HCOqSyK4,41.157943333333336,-8.629105,Mantem a atividade para evoluir de Moderado para Avançado.,,,True,,,invite,9d789fd91804129f,
,Avançado,1.0,2026-05-06 22:12:26.588069+00:00,pBmeEUzILXx9Di0jyw9o,41.55343666666667,-8.393136666666667,Mantem a atividade para evoluir de Moderado para Avançado.,cluster_progression,47.33,True,17.710009956359862,,invite,9d789fd91804129f,
,Avançado,1.0,2026-05-06 00:00:38.979108+00:00,pF87uhHr51WrZQwXe1x7,41.55343666666667,-8.393136666666667,Mantem a atividade para evoluir de Moderado para Avançado.,cluster_progression,47.33,True,17.710009956359862,,invite,9d789fd91804129f,
,Avançado,1.0,2026-05-05 23:45:55.333005+00:00,pPHoFFn02b6YuI8xyMzJ,41.55343666666667,-8.393136666666667,Mantem a atividade para evoluir de Moderado para Avançado.,cluster_progression,47.33,True,17.71000232696533,,invite,9d789fd91804129f,
,Avançado,1.0,2026-05-05 23:20:25.232095+00:00,pT18sq4qU0EYlOxsCkgU,41.55343666666667,-8.393136666666667,Mantem a atividade para evoluir de Moderado para Avançado.,cluster_progression,47.33,True,17.710007095336913,,invite,9d789fd91804129f,
Porto,Avançado,,2026-05-14T23:57:39.978064,pirn7pdk63hfnkAA9229,41.157943333333336,-8.629105,Mantem a atividade para evoluir de Moderado para Avançado.,,,True,,,invite,9d789fd91804129f,
Porto,Avançado,,2026-05-09T17:19:46.987647,pvbw21fY8st56KgfAdLx,41.157943333333336,-8.629105,Mantem a atividade para evoluir de Moderado para Avançado.,,,True,,,invite,9d789fd91804129f,
Braga,Avançado,,2026-05-08T22:28:23.068464,q7ooIhwCTuFm6RN7Bfj2,41.55343666666667,-8.393136666666667,Mantem a atividade para evoluir de Moderado para Avançado.,,,True,,,invite,72bd2672c948d2cb,
Braga,Avançado,,2026-05-09T16:00:46.994978,q92VRG09BtvFyctXvjIu,41.55343666666667,-8.393136666666667,Mantem a atividade para evoluir de Moderado para Avançado.,,,True,,,invite,9d789fd91804129f,
Braga,Avançado,,2026-05-09T15:59:16.989599,q96X23pxOSgeMZUI2KwE,41.55343666666667,-8.393136666666667,Mantem a atividade para evoluir de Moderado para Avançado.,,,True,,,invite,9d789fd91804129f,
Braga,Avançado,,2026-05-08T22:10:49.001160,qAroUvDkarrnFEuu4kot,41.55343666666667,-8.393136666666667,Mantem a atividade para evoluir de Moderado para Avançado.,,,True,,,invite,72bd2672c948d2cb,
,Avançado,1.0,2026-05-06 00:04:07.802703+00:00,qfAbnPmRdcf9WDx4p38D,41.55343666666667,-8.393136666666667,Mantem a atividade para evoluir de Moderado para Avançado.,cluster_progression,47.33,True,17.710009956359862,,invite,9d789fd91804129f,
Porto,Avançado,,2026-05-09T16:30:16.978121,qiUQWVwOhR2XkOqao0uZ,41.157943333333336,-8.629105,Mantem a atividade para evoluir de Moderado para Avançado.,,,True,,,invite,9d789fd91804129f,
,Avançado,1.0,2026-05-06 00:00:08.985413+00:00,qse4NzQfIDvvgWG1jNZU,41.55343666666667,-8.393136666666667,Mantem a atividade para evoluir de Moderado para Avançado.,cluster_progression,49.23,True,17.738502143859865,,invite,9d789fd91804129f,
Porto,Avançado,,2026-05-09T16:46:46.990208,r0xENzZE19D09B7xw9pI,41.157943333333336,-8.629105,Mantem a atividade para evoluir de Moderado para Avançado.,,,True,,,invite,9d789fd91804129f,
Porto,Avançado,,2026-05-09T16:09:16.962218,rBpqOji0PHQwHCuy22t6,41.157943333333336,-8.629105,Mantem a atividade para evoluir de Moderado para Avançado.,,,True,,,invite,9d789fd91804129f,
Porto,Avançado,,2026-05-09T17:06:16.959149,rF2jVDNKPljbDCO33hfA,41.157943333333336,-8.629105,Mantem a atividade para evoluir de Moderado para Avançado.,,,True,,,invite,9d789fd91804129f,
,Avançado,,2026-05-06 22:44:23.525542+00:00,rGmqiCLlZz9r2FDcCNBp,41.55343666666667,-8.393136666666667,Mantem a atividade para evoluir de Moderado para Avançado.,,,True,,,invite,9d789fd91804129f,
Porto,Avançado,,2026-05-09T17:24:46.973843,rfDJgjoTRPwkXOrlaLps,41.157943333333336,-8.629105,Mantem a atividade para evoluir de Moderado para Avançado.,,,True,,,invite,9d789fd91804129f,
,Avançado,,2026-05-06 22:50:23.535498+00:00,rhK4Pp0o2LWM3e2KCj4D,41.55343666666667,-8.393136666666667,Mantem a atividade para evoluir de Moderado para Avançado.,,,True,,,invite,9d789fd91804129f,
Braga,Avançado,,2026-05-08T22:11:18.997863,ro9U1bJsBekwOakPm0kw,41.55343666666667,-8.393136666666667,Mantem a atividade para evoluir de Moderado para Avançado.,,,True,,,invite,72bd2672c948d2cb,
Braga,Avançado,,2026-05-08T22:01:18.998313,rqRbn7HwA4bmoOUxMxea,41.55343666666667,-8.393136666666667,Mantem a atividade para evoluir de Moderado para Avançado.,,,True,,,invite,72bd2672c948d2cb,
,Avançado,,2026-05-06 22:43:23.534522+00:00,ru8TyMYwAVQsjxMA0luc,41.55343666666667,-8.393136666666667,Mantem a atividade para evoluir de Moderado para Avançado.,,,True,,,invite,9d789fd91804129f,
,Avançado,1.0,2026-05-05 23:27:21.124629+00:00,s2L9IEZaBUaMjbq9u1Qj,41.54734333333333,-8.423885,Mantem a atividade para evoluir de Moderado para Avançado.,cluster_progression,47.33,True,17.710014724731444,,invite,bb80f878cef35322,
Porto,Avançado,,2026-05-09T16:58:46.987195,sRw75rC5tmDjyGUqebzR,41.157943333333336,-8.629105,Mantem a atividade para evoluir de Moderado para Avançado.,,,True,,,invite,9d789fd91804129f,
Porto,Avançado,,2026-05-09T16:50:46.987057,slfghIAOUIxLBqOwaHWf,41.157943333333336,-8.629105,Mantem a atividade para evoluir de Moderado para Avançado.,,,True,,,invite,9d789fd91804129f,
Porto,Avançado,,2026-05-09T16:14:16.991443,tCw4ghKYs3hxu2vIvIQw,41.157943333333336,-8.629105,Mantem a atividade para evoluir de Moderado para Avançado.,,,True,,,invite,9d789fd91804129f,
Braga,Avançado,,2026-05-08T21:52:19.009555,tFZK7OtFJGco4ZpVOR99,41.55343666666667,-8.393136666666667,Mantem a atividade para evoluir de Moderado para Avançado.,,,True,,,invite,72bd2672c948d2cb,
,Avançado,1.0,2026-05-05 23:43:55.686784+00:00,tHXWWwf7gban4zPOY0Yq,41.55343666666667,-8.393136666666667,Mantem a atividade para evoluir de Moderado para Avançado.,cluster_progression,47.33,True,17.71000232696533,,invite,9d789fd91804129f,
Porto,Expert,,2026-05-11T22:54:13.264949,tHeZwdk3PekGpJWdXJKq,41.157943333333336,-8.629105,Mantem a atividade para evoluir de Avançado para Expert.,,,True,,,invite,9d789fd91804129f,
,Avançado,1.0,2026-05-05 23:30:48.218816+00:00,tJNuKB6uIP1tQS6m4f07,41.54734333333333,-8.423885,Mantem a atividade para evoluir de Moderado para Avançado.,cluster_progression,47.33,True,17.710014724731444,,invite,bb80f878cef35322,
Porto,Avançado,,2026-05-09T17:05:47.003620,tOSkwmPCNMdOLLaKnpwX,41.157943333333336,-8.629105,Mantem a atividade para evoluir de Moderado para Avançado.,,,True,,,invite,9d789fd91804129f,
,Avançado,,2026-05-07T22:58:55.829468,tVnlJwa6tgOfirTWJT8j,41.55343666666667,-8.393136666666667,Mantem a atividade para evoluir de Moderado para Avançado.,,,True,,,invite,9d789fd91804129f,
,Avançado,1.0,2026-05-05 23:32:18.341765+00:00,tacrYPiu4bVBNxf2gQuX,41.54734333333333,-8.423885,Mantem a atividade para evoluir de Moderado para Avançado.,cluster_progression,47.33,True,17.710014724731444,,invite,bb80f878cef35322,
Braga,Avançado,,2026-05-08T22:29:53.078500,timafGBSKMcUvhbxlWJp,41.55343666666667,-8.393136666666667,Mantem a atividade para evoluir de Moderado para Avançado.,,,True,,,invite,72bd2672c948d2cb,
Porto,Avançado,,2026-05-09T17:01:46.968601,toUXLKXFUidYD6yjexzx,41.157943333333336,-8.629105,Mantem a atividade para evoluir de Moderado para Avançado.,,,True,,,invite,9d789fd91804129f,
Porto,Avançado,,2026-05-09T16:31:16.985494,tqhGlNPpHol5HyThDFtY,41.157943333333336,-8.629105,Mantem a atividade para evoluir de Moderado para Avançado.,,,True,,,invite,9d789fd91804129f,
,Avançado,1.0,2026-05-05 23:28:28.178584+00:00,twv8UQfQxltQGweOcxay,41.55343666666667,-8.393136666666667,Mantem a atividade para evoluir de Moderado para Avançado.,cluster_progression,47.33,True,17.71000232696533,,invite,9d789fd91804129f,
Braga,Avançado,,2026-05-08T21:44:13.097614,tzB6jApSoRYYU9ZWrKv7,41.55343666666667,-8.393136666666667,Mantem a atividade para evoluir de Moderado para Avançado.,,,True,,,invite,72bd2672c948d2cb,
Porto,Avançado,,2026-05-09T16:11:16.982180,u1baj4ov3HcTDU5FPP0g,41.157943333333336,-8.629105,Mantem a atividade para evoluir de Moderado para Avançado.,,,True,,,invite,9d789fd91804129f,
,Avançado,1.0,2026-05-06 22:04:58.627754+00:00,u7XSglGj84nw5n6BYw61,41.55343666666667,-8.393136666666667,Mantem a atividade para evoluir de Moderado para Avançado.,cluster_progression,47.33,True,17.710009956359862,,invite,9d789fd91804129f,
Braga,Avançado,,2026-05-08T21:46:43.094106,uIEQxokKrQjPsUXZHkcf,41.55343666666667,-8.393136666666667,Mantem a atividade para evoluir de Moderado para Avançado.,,,True,,,invite,72bd2672c948d2cb,
,Avançado,,2026-05-07T22:53:55.868692,uMaS6vHVayeHHzp1eyXA,41.55343666666667,-8.393136666666667,Mantem a atividade para evoluir de Moderado para Avançado.,,,True,,,invite,9d789fd91804129f,
,Avançado,1.0,2026-05-05 23:29:58.266768+00:00,ucXUr30a5KTvRjGqPs5H,41.55343666666667,-8.393136666666667,Mantem a atividade para evoluir de Moderado para Avançado.,cluster_progression,47.33,True,17.71000232696533,,invite,9d789fd91804129f,
,Avançado,,2026-05-08T21:32:09.936507,ujfMSOWEzIFhrpWOPp8y,41.55343666666667,-8.393136666666667,Mantem a atividade para evoluir de Moderado para Avançado.,,,True,,,invite,9d789fd91804129f,
,Avançado,1.0,2026-05-05 23:30:18.189736+00:00,upJFLFcEjDV7KbAfi39n,41.54734333333333,-8.423885,Mantem a atividade para evoluir de Moderado para Avançado.,cluster_progression,47.33,True,17.710014724731444,,invite,bb80f878cef35322,
Porto,Avançado,,2026-05-09T16:36:16.981885,uwIQf7OM9iha875y3XK4,41.157943333333336,-8.629105,Mantem a atividade para evoluir de Moderado para Avançado.,,,True,,,invite,9d789fd91804129f,
Braga,Avançado,,2026-05-08T22:03:19.008193,vHPkbOnfUaJ1Oog07K6X,41.55343666666667,-8.393136666666667,Mantem a atividade para evoluir de Moderado para Avançado.,,,True,,,invite,72bd2672c948d2cb,
Braga,Avançado,,2026-05-08T21:48:31.071881,vUASTsKvIE7NRPljOgQp,41.55343666666667,-8.393136666666667,Mantem a atividade para evoluir de Moderado para Avançado.,,,True,,,invite,9d789fd91804129f,
Braga,Avançado,,2026-05-08T22:18:15.694750,vbmUTD2DK9OQI0VXaUJ9,41.55343666666667,-8.393136666666667,Mantem a atividade para evoluir de Moderado para Avançado.,,,True,,,invite,72bd2672c948d2cb,
Braga,Avançado,,2026-05-08T21:53:15.236692,vlgFbM3CQI9X3YjXlrqI,41.55343666666667,-8.393136666666667,Mantem a atividade para evoluir de Moderado para Avançado.,,,True,,,invite,72bd2672c948d2cb,
,Avançado,1.0,2026-05-05 23:29:18.245060+00:00,vovKPj3h3ETXJziz9hej,41.54734333333333,-8.423885,Mantem a atividade para evoluir de Moderado para Avançado.,cluster_progression,47.33,True,17.710014724731444,,invite,bb80f878cef35322,
,Avançado,1.0,2026-05-05 23:14:25.368317+00:00,vu880qX0XOLH7TS6yjCg,41.55343666666667,-8.393136666666667,Mantem a atividade para evoluir de Moderado para Avançado.,cluster_progression,47.33,True,17.710007095336913,,invite,,9d789fd91804129f
Porto,Avançado,,2026-05-09T17:02:46.972000,vv1JEJmbxAScTRt1Q38S,41.157943333333336,-8.629105,Mantem a atividade para evoluir de Moderado para Avançado.,,,True,,,invite,9d789fd91804129f,
Braga,Avançado,,2026-05-08T21:42:32.473184,wEpMvqfybOjbPDBROjH2,41.55343666666667,-8.393136666666667,Mantem a atividade para evoluir de Moderado para Avançado.,,,True,,,invite,9d789fd91804129f,
Porto,Avançado,,2026-05-11T22:52:39.721819,wKOUOOflX9Yd1wQgXH3e,41.157943333333336,-8.629105,Mantem a atividade para evoluir de Moderado para Avançado.,,,True,,,invite,9d789fd91804129f,
Porto,Avançado,,2026-05-09T16:53:46.988493,wKsUlCH5WRKS7YYoxaJV,41.157943333333336,-8.629105,Mantem a atividade para evoluir de Moderado para Avançado.,,,True,,,invite,9d789fd91804129f,
Porto,Avançado,,2026-05-09T17:08:16.983094,wQjEv9YBCbHcQyyBAj8w,41.157943333333336,-8.629105,Mantem a atividade para evoluir de Moderado para Avançado.,,,True,,,invite,9d789fd91804129f,
,Avançado,1.0,2026-05-05 23:32:28.348529+00:00,wV26wVI60fiI6Nz6TQ0E,41.55343666666667,-8.393136666666667,Mantem a atividade para evoluir de Moderado para Avançado.,cluster_progression,47.33,True,17.71000232696533,,invite,9d789fd91804129f,
Braga,Avançado,,2026-05-08T22:00:19.003565,whpLlc6qEqdhmWndOPW5,41.55343666666667,-8.393136666666667,Mantem a atividade para evoluir de Moderado para Avançado.,,,True,,,invite,72bd2672c948d2cb,
Porto,Avançado,,2026-05-09T17:12:16.968840,wmEFZwtIJp7mV9MZZAPq,41.157943333333336,-8.629105,Mantem a atividade para evoluir de Moderado para Avançado.,,,True,,,invite,9d789fd91804129f,
,Avançado,,2026-05-06 22:49:53.524861+00:00,wucVlA0yRdM4LuMBpOa6,41.55343666666667,-8.393136666666667,Mantem a atividade para evoluir de Moderado para Avançado.,,,True,,,invite,9d789fd91804129f,
,Avançado,1.0,2026-05-06 21:42:26.180272+00:00,wwBZTzKdTXFs8fUroyTv,41.55343666666667,-8.393136666666667,Mantem a atividade para evoluir de Moderado para Avançado.,cluster_progression,47.33,True,17.710009956359862,,invite,9d789fd91804129f,
Braga,Avançado,,2026-05-08T21:51:19.003603,x50rtYLXFA07t9AONla2,41.55343666666667,-8.393136666666667,Mantem a atividade para evoluir de Moderado para Avançado.,,,True,,,invite,72bd2672c948d2cb,
,Avançado,1.0,2026-05-06 22:16:56.565868+00:00,x6miEF5oWMURMVrFwtzp,41.55343666666667,-8.393136666666667,Mantem a atividade para evoluir de Moderado para Avançado.,cluster_progression,47.33,True,17.710009956359862,,invite,9d789fd91804129f,
,Avançado,,2026-05-08T21:31:39.938468,x8Mf8SR9L2o8cAEVJ1JH,41.55343666666667,-8.393136666666667,Mantem a atividade para evoluir de Moderado para Avançado.,,,True,,,invite,9d789fd91804129f,
,Avançado,,2026-05-06 22:54:20.759191+00:00,xlRfbS7G2d5Yq3FQOkuT,41.55343666666667,-8.393136666666667,Mantem a atividade para evoluir de Moderado para Avançado.,,,True,,,invite,9d789fd91804129f,
Porto,Avançado,,2026-05-09T17:24:16.997760,xsOC7N3XqvPJ92gQXyup,41.157943333333336,-8.629105,Mantem a atividade para evoluir de Moderado para Avançado.,,,True,,,invite,9d789fd91804129f,
,Avançado,,2026-05-06 22:53:50.751264+00:00,y499YBTEwjgh6Bc9VjoS,41.55343666666667,-8.393136666666667,Mantem a atividade para evoluir de Moderado para Avançado.,,,True,,,invite,9d789fd91804129f,
Braga,Avançado,,2026-05-08T22:41:51.260260,yBIX89wK4bckx2WqEJ8X,41.55343666666667,-8.393136666666667,Mantem a atividade para evoluir de Moderado para Avançado.,,,True,,,invite,72bd2672c948d2cb,
Porto,Avançado,,2026-05-09T16:34:46.977521,yb7xUFV8MwcGdZdmHoZ1,41.157943333333336,-8.629105,Mantem a atividade para evoluir de Moderado para Avançado.,,,True,,,invite,9d789fd91804129f,
,Avançado,,2026-05-06 22:57:20.013269+00:00,ygmtq8IHOf2CJCtNuyne,41.55343666666667,-8.393136666666667,Mantem a atividade para evoluir de Moderado para Avançado.,,,True,,,invite,9d789fd91804129f,
Braga,Avançado,,2026-05-09T16:02:46.979691,yhC3SJD9MpWxFd6loFEG,41.55343666666667,-8.393136666666667,Mantem a atividade para evoluir de Moderado para Avançado.,,,True,,,invite,9d789fd91804129f,
Braga,Avançado,,2026-05-08T22:27:53.072886,yl2MogeISWhH73AC004b,41.55343666666667,-8.393136666666667,Mantem a atividade para evoluir de Moderado para Avançado.,,,True,,,invite,72bd2672c948d2cb,
Porto,Avançado,,2026-05-09T16:46:16.954741,yppcODJjlwsAdPVA9NRo,41.157943333333336,-8.629105,Mantem a atividade para evoluir de Moderado para Avançado.,,,True,,,invite,9d789fd91804129f,
Braga,Avançado,,2026-05-08T22:39:49.409073,yyURurfMqQvjKd1zNO7X,41.55343666666667,-8.393136666666667,Mantem a atividade para evoluir de Moderado para Avançado.,,,True,,,invite,72bd2672c948d2cb,
Braga,Avançado,,2026-05-15T00:08:22.031623,zDiNKmy5R2o2s8gH04gc,41.55343666666667,-8.393136666666667,Mantem a atividade para evoluir de Moderado para Avançado.,,,True,,,invite,72bd2672c948d2cb,
Porto,Avançado,,2026-05-09T16:55:16.979092,zSPfD1lwrOk4sJwyBo5q,41.157943333333336,-8.629105,Mantem a atividade para evoluir de Moderado para Avançado.,,,True,,,invite,9d789fd91804129f,
,Avançado,,2026-05-06 22:46:53.531808+00:00,zUeHihHBMvlXxeUXc2e5,41.55343666666667,-8.393136666666667,Mantem a atividade para evoluir de Moderado para Avançado.,,,True,,,invite,9d789fd91804129f,
,Avançado,1.0,2026-05-05 23:57:40.373153+00:00,zf1aMccSo4Z1V26bX976,41.55343666666667,-8.393136666666667,Mantem a atividade para evoluir de Moderado para Avançado.,cluster_progression,47.33,True,17.71000232696533,,invite,9d789fd91804129f,
Porto,Avançado,,2026-05-09T16:26:16.987580,ziGDg40e9BalJExo9J2W,41.157943333333336,-8.629105,Mantem a atividade para evoluir de Moderado para Avançado.,,,True,,,invite,9d789fd91804129f,
,Avançado,1.0,2026-05-06 21:44:56.314051+00:00,zy310Okyzv36Jr0lRTrk,41.55343666666667,-8.393136666666667,Mantem a atividade para evoluir de Moderado para Avançado.,cluster_progression,47.33,True,17.710009956359862,,invite,9d789fd91804129f,
